time_s,env_id,base_x_m,pitch_rad,pitch_rate_rad_s,margin_m,fsm_phase,action_l2,reward,roll_rad,fl_contact_state,fr_contact_state,rl_contact_state,rr_contact_state,fl_contact_force_n,fr_contact_force_n,rl_contact_force_n,rr_contact_force_n,fl_wheel_x_m,fl_wheel_z_m,fr_wheel_x_m,fr_wheel_z_m,rl_wheel_x_m,rl_wheel_z_m,rr_wheel_x_m,rr_wheel_z_m,reference_00,reference_01,reference_02,reference_03,reference_04,reference_05,reference_06,reference_07,reference_08,reference_09,reference_10,reference_11
0.0,0,0.014283798635005951,-0.012849605642259121,0.39585375785827637,0.2817249596118927,0.0,0.0,-3.46147084236145,-0.00046168966218829155,1,1,1,1,17.179122924804688,5.281231880187988,23.52887535095215,7.64386510848999,0.26633450388908386,0.03828505799174309,0.2696703374385834,0.03989265859127045,-0.30183377861976624,0.04681688919663429,-0.30302664637565613,0.047560371458530426,0.0,0.0,0.0,0.0,0.0,0.0,0.0,0.0,0.30000001192092896,0.30000001192092896,0.30000001192092896,0.30000001192092896
0.05,0,0.009352583438158035,-0.02500363253057003,0.03855462744832039,0.28121218085289,0.0,0.0,-0.21205849945545197,0.0024557688739150763,1,1,1,1,15.777835845947266,5.148324012756348,4.752487659454346,30.00008773803711,0.26289045810699463,0.048983655869960785,0.2637189030647278,0.04911275580525398,-0.3013942539691925,0.04945961385965347,-0.3049965798854828,0.04919809475541115,0.0,0.0,0.0,0.0,0.0,0.0,0.0,0.0,0.30000001192092896,0.30000001192092896,0.30000001192092896,0.30000001192092896
0.1,0,0.008817235007882118,-0.02464362606406212,0.0015033888630568981,0.2814275622367859,0.0,0.0,0.03361532837152481,0.0022358507849276066,1,1,1,1,8.996272087097168,4.98013973236084,5.259177207946777,9.336526870727539,0.26305657625198364,0.049015339463949203,0.26364126801490784,0.049163758754730225,-0.30086952447891235,0.049396004527807236,-0.3044857978820801,0.049290597438812256,0.0,0.0,0.0,0.0,0.0,0.0,0.0,0.0,0.30000001192092896,0.30000001192092896,0.30000001192092896,0.30000001192092896
0.15,0,0.00905710831284523,-0.024784991517663002,-0.004575409460812807,0.2814860939979553,0.0,0.0,0.04137405380606651,0.0021233069710433483,1,1,1,1,9.894365310668945,4.138307094573975,4.413257598876953,10.12793254852295,0.26348063349723816,0.04909983277320862,0.2640112638473511,0.04922999069094658,-0.3001142144203186,0.04927806183695793,-0.3037884831428528,0.049404967576265335,0.0,0.0,0.0,0.0,0.0,0.0,0.0,0.0,0.30000001192092896,0.30000001192092896,0.30000001192092896,0.30000001192092896
0.2,0,0.009470401331782341,-0.024949846789240837,-0.007383113261312246,0.2814498543739319,0.0,0.0,0.042342957109212875,0.0019882130436599255,1,1,1,1,10.461773872375488,3.697927951812744,4.0038676261901855,10.520925521850586,0.26395663619041443,0.04919013753533363,0.2644248604774475,0.049305085092782974,-0.29930415749549866,0.049142416566610336,-0.3030565083026886,0.0495150126516819,0.0,0.0,0.0,0.0,0.0,0.0,0.0,0.0,0.30000001192092896,0.30000001192092896,0.30000001192092896,0.30000001192092896
0.25,0,0.009939925745129585,-0.025112232193350792,-0.014536234550178051,0.28134357929229736,0.0,0.0,0.041878245770931244,0.0017946187872439623,1,1,1,1,10.220974922180176,4.034751892089844,4.152378559112549,10.566306114196777,0.2644513249397278,0.04928125441074371,0.26481059193611145,0.04937861114740372,-0.2985069751739502,0.04898823797702789,-0.3023180663585663,0.049613840878009796,0.0,0.0,0.0,0.0,0.0,0.0,0.0,0.0,0.30000001192092896,0.30000001192092896,0.30000001192092896,0.30000001192092896
0.3,0,0.01047145389020443,-0.025151992216706276,0.007784008979797363,0.2812032401561737,0.0,0.0,0.035263895988464355,0.0016664067516103387,1,1,1,1,9.131330490112305,4.848515510559082,5.164822101593018,9.545769691467285,0.264972060918808,0.04936804994940758,0.26521986722946167,0.0494597852230072,-0.29773324728012085,0.04893754795193672,-0.3015604317188263,0.04970739036798477,0.0,0.0,0.0,0.0,0.0,0.0,0.0,0.0,0.30000001192092896,0.30000001192092896,0.30000001192092896,0.30000001192092896
0.35,0,0.011096896603703499,-0.025028211995959282,0.006397146265953779,0.2810607850551605,0.0,0.0,0.03489524498581886,0.0017366154352203012,1,1,1,1,9.102550506591797,4.997063159942627,5.280398368835449,9.378079414367676,0.26553186774253845,0.04945286735892296,0.26571619510650635,0.04954105243086815,-0.2969949543476105,0.04908376187086105,-0.3007674515247345,0.04979478195309639,0.0,0.0,0.0,0.0,0.0,0.0,0.0,0.0,0.30000001192092896,0.30000001192092896,0.30000001192092896,0.30000001192092896
0.4,0,0.011756883934140205,-0.024935293942689896,0.004605969879776239,0.28092581033706665,0.0,0.0,0.03479059413075447,0.0017914018826559186,1,1,1,1,8.923834800720215,5.196474552154541,5.431495666503906,9.189210891723633,0.26610907912254333,0.04953315854072571,0.2662486433982849,0.04961853101849556,-0.2962528169155121,0.04921899735927582,-0.29995688796043396,0.04986906051635742,0.0,0.0,0.0,0.0,0.0,0.0,0.0,0.0,0.30000001192092896,0.30000001192092896,0.30000001192092896,0.30000001192092896
0.45,0,0.012426325120031834,-0.0248416680842638,0.005154600832611322,0.2807967960834503,0.0,0.0,0.03397376090288162,0.0018540374003350735,1,1,1,1,8.804561614990234,5.325757026672363,5.560476779937744,8.931840896606445,0.26669594645500183,0.049608584493398666,0.2667960226535797,0.04969015717506409,-0.2955113649368286,0.04934331774711609,-0.2991349399089813,0.049927935004234314,0.0,0.0,0.0,0.0,0.0,0.0,0.0,0.0,0.30000001192092896,0.30000001192092896,0.30000001192092896,0.30000001192092896
0.5,0,0.013115327805280685,-0.02477678470313549,0.004530531354248524,0.28067919611930847,0.0,0.0,0.03434541076421738,0.0019207352306693792,1,1,1,1,8.747591972351074,5.426910400390625,5.6238908767700195,8.935440063476562,0.26729434728622437,0.04967813566327095,0.26737019419670105,0.0497564822435379,-0.29476410150527954,0.049454644322395325,-0.2983158528804779,0.04997681453824043,0.0,0.0,0.0,0.0,0.0,0.0,0.0,0.0,0.30000001192092896,0.30000001192092896,0.30000001192092896,0.30000001192092896
0.55,0,0.013812737539410591,-0.024725817143917084,0.003541976446285844,0.28056374192237854,0.0,0.0,0.033540986478328705,0.001972390338778496,1,1,1,1,8.549680709838867,5.6402692794799805,5.828555107116699,8.715603828430176,0.2679043412208557,0.04974065348505974,0.2679532468318939,0.04981628432869911,-0.29402297735214233,0.049555618315935135,-0.29749390482902527,0.050010666251182556,0.0,0.0,0.0,0.0,0.0,0.0,0.0,0.0,0.30000001192092896,0.30000001192092896,0.30000001192092896,0.30000001192092896
0.6,0,0.014525928534567356,-0.024700453504920006,0.002237672219052911,0.28045326471328735,0.0,0.0,0.03431566804647446,0.00202584289945662,1,1,1,1,8.501636505126953,5.736973285675049,5.88519811630249,8.616164207458496,0.2685248553752899,0.049796879291534424,0.2685534954071045,0.049870844930410385,-0.29327917098999023,0.04964582249522209,-0.29666781425476074,0.05003046616911888,0.0,0.0,0.0,0.0,0.0,0.0,0.0,0.0,0.30000001192092896,0.30000001192092896,0.30000001192092896,0.30000001192092896
0.65,0,0.015236441977322102,-0.024671992287039757,0.0018262768862769008,0.28034940361976624,1.0,0.0,1.6850419342517853e-05,0.0020747713278979063,1,1,1,1,8.375062942504883,5.906093120574951,6.017255783081055,8.44301986694336,0.2691511809825897,0.04984498396515846,0.269159734249115,0.0499187633395195,-0.2925354540348053,0.049724094569683075,-0.29583296179771423,0.050036534667015076,0.0,0.0,0.0,0.0,0.0,0.0,0.0,0.0,0.30000001192092896,0.30000001192092896,0.30000001192092896,0.30000001192092896
0.7,0,0.015959497541189194,-0.0246755201369524,0.002568204188719392,0.28025195002555847,1.0,0.0,0.00023984909057617188,0.0021349263843148947,1,1,1,1,8.2841796875,6.018038272857666,6.115726947784424,8.399359703063965,0.26977938413619995,0.04988587275147438,0.2697804570198059,0.049959808588027954,-0.2917909622192383,0.049791473895311356,-0.29500555992126465,0.05002856254577637,0.0,0.0,0.0,0.0,0.0,0.0,0.0,0.0,0.30000001192092896,0.30000001192092896,0.30000001192092896,0.30000001192092896
0.75,0,0.016678621992468834,-0.024671755731105804,0.002185289980843663,0.2801673412322998,1.0,0.0,0.0005058702081441879,0.0021867097821086645,1,1,1,1,8.200154304504395,6.122601509094238,6.173510551452637,8.331908226013184,0.2704128623008728,0.04991728439927101,0.2704079747200012,0.0499931238591671,-0.29105037450790405,0.049847062677145004,-0.294169545173645,0.05000658333301544,0.0,0.0,0.0,0.0,0.0,0.0,0.0,0.0,0.30000001192092896,0.30000001192092896,0.30000001192092896,0.30000001192092896
0.8,0,0.017407666891813278,-0.024682607501745224,0.0005259002791717649,0.2800837755203247,1.0,0.0,-0.00022781826555728912,0.0022456420119851828,1,1,1,1,8.037036895751953,6.315791130065918,6.300868034362793,8.072402000427246,0.2710546553134918,0.04993997514247894,0.27104637026786804,0.05001870170235634,-0.2903016209602356,0.04989221692085266,-0.2933286726474762,0.0499708391726017,0.0,0.0,0.0,0.0,0.0,0.0,0.0,0.0,0.30000001192092896,0.30000001192092896,0.30000001192092896,0.30000001192092896
0.85,0,0.018145687878131866,-0.024712983518838882,-0.004286817274987698,0.27999892830848694,1.0,0.0,0.0015528667718172073,0.002308785216882825,1,1,1,1,8.084676742553711,6.39153528213501,6.385735034942627,7.954574108123779,0.27170196175575256,0.04995213449001312,0.2716975510120392,0.05003642663359642,-0.28955236077308655,0.049925632774829865,-0.2924827039241791,0.04992014542222023,0.0,0.0,0.0,0.0,0.0,0.0,0.0,0.0,0.30000001192092896,0.30000001192092896,0.30000001192092896,0.30000001192092896
0.9,0,0.018873106688261032,-0.024685218930244446,0.00488044461235404,0.27993345260620117,1.0,0.0,0.0006948607042431831,0.0023194134701043367,1,1,1,1,8.0947265625,6.300062656402588,6.02524995803833,8.404096603393555,0.27236393094062805,0.04995682090520859,0.27235299348831177,0.05004478618502617,-0.2888050079345703,0.049948327243328094,-0.29166725277900696,0.04991560056805611,0.0,0.0,0.0,0.0,0.0,0.0,0.0,0.0,0.30000001192092896,0.30000001192092896,0.30000001192092896,0.30000001192092896
0.95,0,0.0195887703448534,-0.024594459682703018,-0.0004690913774538785,0.27986329793930054,1.0,0.0,0.0010662265121936798,0.0023288880474865437,1,1,1,1,8.312994956970215,6.0690999031066895,5.714125633239746,8.635241508483887,0.2730170488357544,0.04995070397853851,0.27301090955734253,0.050044331699609756,-0.2880280017852783,0.049959033727645874,-0.2908669114112854,0.04995528981089592,0.0,0.0,0.0,0.0,0.0,0.0,0.0,0.0,0.30000001192092896,0.30000001192092896,0.30000001192092896,0.30000001192092896
1.0,0,0.020313870161771774,-0.024553189054131508,8.437285578111187e-05,0.27979597449302673,1.0,0.0,-0.0021988856606185436,0.002290751552209258,1,1,1,1,8.090497970581055,6.299868583679199,5.7130913734436035,8.60573959350586,0.2736753225326538,0.049934934824705124,0.27367597818374634,0.050033461302518845,-0.2872791886329651,0.04995933547616005,-0.29007312655448914,0.04998281970620155,0.0,0.0,0.0,0.0,0.0,0.0,0.0,0.0,0.30000001192092896,0.30000001192092896,0.30000001192092896,0.30000001192092896
1.05,0,0.021054090932011604,-0.024507543072104454,0.00020284764468669891,0.2797326147556305,1.0,0.0,0.0003244173713028431,0.0022456238511949778,1,1,1,1,8.277230262756348,6.1086344718933105,6.077925205230713,8.403080940246582,0.27434369921684265,0.04990778863430023,0.27435266971588135,0.05001293122768402,-0.28652170300483704,0.049957480281591415,-0.2892727851867676,0.04999775066971779,0.0,0.0,0.0,0.0,0.0,0.0,0.0,0.0,0.30000001192092896,0.30000001192092896,0.30000001192092896,0.30000001192092896
1.1,0,0.021816596388816833,-0.02441909909248352,0.0006843016017228365,0.2796732485294342,1.0,0.0,-0.00018133316189050674,0.0021917051635682583,1,1,1,1,8.178524017333984,6.281206130981445,6.213907241821289,8.049093246459961,0.27505603432655334,0.049868255853652954,0.2750420868396759,0.04998239874839783,-0.28576985001564026,0.04998417943716049,-0.2884584963321686,0.05000016465783119,0.0,0.0,0.0,0.0,0.0,0.0,0.0,0.0,0.30000001192092896,0.30000001192092896,0.30000001192092896,0.30000001192092896
1.15,0,0.022588495165109634,-0.024346167221665382,0.00010504625242901966,0.27962496876716614,1.0,0.0,0.0007965704426169395,0.002144663129001856,1,1,1,1,8.188414573669434,6.333779335021973,6.09846305847168,8.120199203491211,0.2757794260978699,0.049817826598882675,0.2757461667060852,0.049941286444664,-0.28501376509666443,0.04999745637178421,-0.28763800859451294,0.04998825863003731,0.0,0.0,0.0,0.0,0.0,0.0,0.0,0.0,0.30000001192092896,0.30000001192092896,0.30000001192092896,0.30000001192092896
1.2,0,0.023361891508102417,-0.024265816435217857,-0.00367564894258976,0.27958208322525024,1.0,0.0,0.0013762046582996845,0.0020926783327013254,1,1,1,1,8.186256408691406,6.533544540405273,6.0978474617004395,8.11426830291748,0.27651098370552063,0.049754686653614044,0.2764574885368347,0.049889322370290756,-0.28425657749176025,0.049999818205833435,-0.2868131697177887,0.04996328428387642,0.0,0.0,0.0,0.0,0.0,0.0,0.0,0.0,0.30000001192092896,0.30000001192092896,0.30000001192092896,0.30000001192092896
1.25,0,0.0241136085242033,-0.02425050176680088,-0.0004922616644762456,0.279552698135376,1.0,0.0,0.0013149860315024853,0.0019390190718695521,1,1,1,1,7.295454978942871,7.198890209197998,6.729067325592041,7.503260135650635,0.27723193168640137,0.049683041870594025,0.2771422863006592,0.04993400350213051,-0.28352057933807373,0.04998810961842537,-0.2859921157360077,0.049925994127988815,0.0,0.0,0.0,0.0,0.0,0.0,0.0,0.0,0.30000001192092896,0.30000001192092896,0.30000001192092896,0.30000001192092896
1.3,0,0.02486523613333702,-0.024225547909736633,0.00014687493967358023,0.2795349359512329,1.0,0.0,0.001387195661664009,0.0017758833710104227,1,1,1,1,6.980488300323486,7.571474075317383,7.094301700592041,7.1385111808776855,0.27796581387519836,0.04959928244352341,0.2778340280056,0.04996545985341072,-0.2827865779399872,0.04996725544333458,-0.285168319940567,0.04987340047955513,0.0,0.0,0.0,0.0,0.0,0.0,0.0,0.0,0.30000001192092896,0.30000001192092896,0.30000001192092896,0.30000001192092896
1.35,0,0.02563292533159256,-0.024210132658481598,-0.0004957605851814151,0.27951300144195557,1.0,0.0,0.0010417159646749496,0.001603444223292172,1,1,1,1,6.6822075843811035,7.89446496963501,7.383773326873779,6.759069919586182,0.27870991826057434,0.04950307682156563,0.2785416543483734,0.04998772591352463,-0.28204065561294556,0.04993315786123276,-0.28433680534362793,0.04980684444308281,0.0,0.0,0.0,0.0,0.0,0.0,0.0,0.0,0.30000001192092896,0.30000001192092896,0.30000001192092896,0.30000001192092896
1.4,0,0.026408568024635315,-0.024181129410862923,-0.00024418343673460186,0.279492050409317,1.0,0.0,0.0018173293210566044,0.0013961930526420474,1,1,1,1,7.050471305847168,7.4351277351379395,7.212386608123779,6.95045280456543,0.2794628441333771,0.049394574016332626,0.27925965189933777,0.05000036209821701,-0.28128963708877563,0.04988865926861763,-0.2835116386413574,0.04975437372922897,0.0,0.0,0.0,0.0,0.0,0.0,0.0,0.0,0.30000001192092896,0.30000001192092896,0.30000001192092896,0.30000001192092896
1.45,0,0.02715754136443138,-0.02405047044157982,0.0008111909846775234,0.2794888913631439,1.0,0.0,0.0010668342001736164,0.001037480542436242,1,1,1,1,7.143629550933838,7.384928226470947,7.228018283843994,6.978825569152832,0.2802180349826813,0.04927724227309227,0.27997514605522156,0.050002142786979675,-0.2805401384830475,0.04983104020357132,-0.2827322483062744,0.04982296749949455,0.0,0.0,0.0,0.0,0.0,0.0,0.0,0.0,0.30000001192092896,0.30000001192092896,0.30000001192092896,0.30000001192092896
1.5,0,0.027928272262215614,-0.023928852751851082,-1.4690313037135638e-05,0.27947819232940674,1.0,0.0,0.0009448402561247349,0.000685915001668036,1,1,1,1,7.1797776222229,7.39918327331543,7.196714878082275,6.9639153480529785,0.2809848189353943,0.04914594814181328,0.28070369362831116,0.04999329149723053,-0.27976810932159424,0.04975958168506622,-0.28194427490234375,0.049880124628543854,0.0,0.0,0.0,0.0,0.0,0.0,0.0,0.0,0.30000001192092896,0.30000001192092896,0.30000001192092896,0.30000001192092896
1.55,0,0.028714528307318687,-0.023817727342247963,-0.0006215114262886345,0.27946460247039795,1.0,0.0,0.0006385636515915394,0.00032819289481267333,1,1,1,1,7.165143013000488,7.4396796226501465,7.227645397186279,6.9111714363098145,0.28176209330558777,0.04900052770972252,0.28144338726997375,0.049973051995038986,-0.27898553013801575,0.049674779176712036,-0.2811495363712311,0.0499255545437336,0.0,0.0,0.0,0.0,0.0,0.0,0.0,0.0,0.30000001192092896,0.30000001192092896,0.30000001192092896,0.30000001192092896
1.6,0,0.029454348608851433,-0.023815076798200607,-0.00666379788890481,0.2794485092163086,1.0,0.0,0.006192995235323906,0.00016851119289640337,1,1,1,1,8.397919654846191,5.8799896240234375,5.944021224975586,8.48136043548584,0.2824883460998535,0.04895737022161484,0.282168447971344,0.049943707883358,-0.2782086133956909,0.04958047345280647,-0.2803833484649658,0.04995708167552948,0.0,0.0,0.0,0.0,0.0,0.0,0.0,0.0,0.30000001192092896,0.30000001192092896,0.30000001192092896,0.30000001192092896
1.65,0,0.030087362974882126,-0.023959873244166374,-0.009076648391783237,0.2794361710548401,1.0,0.0,0.005413818173110485,0.0003123468777630478,1,1,1,1,9.107254981994629,5.2391133308410645,5.270135879516602,9.107882499694824,0.28311437368392944,0.04908008128404617,0.2828484773635864,0.04990669712424278,-0.277458518743515,0.04947623610496521,-0.2796696126461029,0.04998316243290901,0.0,0.0,0.0,0.0,0.0,0.0,0.0,0.0,0.30000001192092896,0.30000001192092896,0.30000001192092896,0.30000001192092896
1.7,0,0.03074946254491806,-0.024134496226906776,-0.011017803102731705,0.2794158160686493,1.0,0.0,0.005391073413193226,0.0004660024424083531,1,1,1,1,9.628835678100586,4.739621162414551,4.7175397872924805,9.629677772521973,0.2837526202201843,0.04919686168432236,0.2835342288017273,0.04985946789383888,-0.27668529748916626,0.0493585579097271,-0.2789858281612396,0.049998532980680466,0.0,0.0,0.0,0.0,0.0,0.0,0.0,0.0,0.30000001192092896,0.30000001192092896,0.30000001192092896,0.30000001192092896
1.75,0,0.031414322555065155,-0.02432342618703842,-0.00556571688503027,0.27939650416374207,1.0,0.0,0.004911278374493122,0.0006100062164478004,1,1,1,1,10.393892288208008,4.084125518798828,4.429341793060303,10.35210132598877,0.2843950390815735,0.049306176602840424,0.28421592712402344,0.049803461879491806,-0.2759104073047638,0.04922662302851677,-0.27826762199401855,0.05000237748026848,0.0,0.0,0.0,0.0,0.0,0.0,0.0,0.0,0.30000001192092896,0.30000001192092896,0.30000001192092896,0.30000001192092896
1.8,0,0.032081279903650284,-0.024218615144491196,-0.0017340241465717554,0.27936774492263794,1.0,0.0,0.000937002245336771,0.0009978661546483636,1,1,1,1,9.35289192199707,5.0451202392578125,5.087095737457275,9.396445274353027,0.2850480377674103,0.04940444976091385,0.28491148352622986,0.04973801225423813,-0.2752053141593933,0.04934367164969444,-0.2775363624095917,0.05000387132167816,0.0,0.0,0.0,0.0,0.0,0.0,0.0,0.0,0.30000001192092896,0.30000001192092896,0.30000001192092896,0.30000001192092896
1.8499999999999999,0,0.03275679424405098,-0.024236341938376427,-0.0002469572355039418,0.27934741973876953,1.0,0.0,0.0009709424339234829,0.0011524043511599302,1,1,1,1,8.66047191619873,5.557528972625732,5.9612016677856445,8.554837226867676,0.28570443391799927,0.04949994757771492,0.2855735123157501,0.04980745166540146,-0.27451616525650024,0.049449749290943146,-0.2767980694770813,0.04998938366770744,0.0,0.0,0.0,0.0,0.0,0.0,0.0,0.0,0.30000001192092896,0.30000001192092896,0.30000001192092896,0.30000001192092896
1.9,0,0.033449288457632065,-0.024278588593006134,-0.00017870764713734388,0.2793223261833191,1.0,0.0,0.0008146800100803375,0.001309340470470488,1,1,1,1,8.479793548583984,5.767639636993408,6.138560771942139,8.352338790893555,0.28636884689331055,0.04958727955818176,0.2862445116043091,0.04986826330423355,-0.27382615208625793,0.049548204988241196,-0.27605190873146057,0.04996129870414734,0.0,0.0,0.0,0.0,0.0,0.0,0.0,0.0,0.30000001192092896,0.30000001192092896,0.30000001192092896,0.30000001192092896
1.95,0,0.034154295921325684,-0.02433282881975174,-0.0010875760344788432,0.27929675579071045,1.0,0.0,0.0008496977388858795,0.0014614489628002048,1,1,1,1,8.363092422485352,5.927968502044678,6.260471820831299,8.186049461364746,0.28704309463500977,0.04966655373573303,0.28692424297332764,0.04992089793086052,-0.273132860660553,0.049637243151664734,-0.2752995789051056,0.04992040991783142,0.0,0.0,0.0,0.0,0.0,0.0,0.0,0.0,0.30000001192092896,0.30000001192092896,0.30000001192092896,0.30000001192092896
2.0,0,0.034869395196437836,-0.024396533146500587,-0.0013438444584608078,0.27926889061927795,1.0,0.0,0.0010245577432215214,0.0016244658036157489,1,1,1,1,8.228029251098633,6.098952293395996,6.392999172210693,8.019158363342285,0.2877236306667328,0.04973680153489113,0.2876112759113312,0.04996446147561073,-0.2724315822124481,0.04971739649772644,-0.27453914284706116,0.04986708238720894,0.0,0.0,0.0,0.0,0.0,0.0,0.0,0.0,0.30000001192092896,0.30000001192092896,0.30000001192092896,0.30000001192092896
2.05,0,0.035588447004556656,-0.024466324597597122,-0.0014241080498322845,0.27924346923828125,1.0,0.0,0.0010389978997409344,0.0017854900797829032,1,1,1,1,8.0951566696167,6.259346008300781,6.531805992126465,7.854248523712158,0.2884109318256378,0.04979788884520531,0.2883041799068451,0.04999890178442001,-0.2717287242412567,0.049788132309913635,-0.2737664580345154,0.04980171471834183,0.0,0.0,0.0,0.0,0.0,0.0,0.0,0.0,0.30000001192092896,0.30000001192092896,0.30000001192092896,0.30000001192092896
2.1,0,0.03631202131509781,-0.024528810754418373,-0.0005975362728349864,0.27921831607818604,1.0,0.0,0.00033566541969776154,0.0019325390458106995,1,1,1,1,7.833305835723877,6.5327653884887695,6.79779577255249,7.5584716796875,0.2891034781932831,0.04984896630048752,0.2889998257160187,0.05002366378903389,-0.271024614572525,0.049848075956106186,-0.27298787236213684,0.049723364412784576,0.0,0.0,0.0,0.0,0.0,0.0,0.0,0.0,0.30000001192092896,0.30000001192092896,0.30000001192092896,0.30000001192092896
2.15,0,0.03704972565174103,-0.024601049721240997,-0.0016832089750096202,0.27918949723243713,1.0,0.0,0.0017762677744030952,0.0020852014422416687,1,1,1,1,7.719412326812744,6.687703609466553,6.927928924560547,7.406656265258789,0.2898043096065521,0.04989046975970268,0.28970393538475037,0.050038035959005356,-0.27030953764915466,0.049898549914360046,-0.2722012400627136,0.04963167756795883,0.0,0.0,0.0,0.0,0.0,0.0,0.0,0.0,0.30000001192092896,0.30000001192092896,0.30000001192092896,0.30000001192092896
2.2,0,0.03775728493928909,-0.024594124406576157,0.0021162466146051884,0.27917736768722534,1.0,0.0,0.001845609862357378,0.0021900369320064783,1,1,1,1,7.810760021209717,6.291199684143066,6.637598037719727,7.821285247802734,0.2905019223690033,0.049921825528144836,0.2904019355773926,0.05004134029150009,-0.2695976793766022,0.049940239638090134,-0.27144908905029297,0.04960764944553375,0.0,0.0,0.0,0.0,0.0,0.0,0.0,0.0,0.30000001192092896,0.30000001192092896,0.30000001192092896,0.30000001192092896
2.25,0,0.03844958543777466,-0.024491341784596443,-8.638746658107266e-05,0.2791704535484314,1.0,0.0,0.0010988316498696804,0.002199810231104493,1,1,1,1,8.445926666259766,5.859208106994629,6.16207218170166,8.25748062133789,0.29119759798049927,0.04994457960128784,0.29109832644462585,0.05003310367465019,-0.268874853849411,0.0499718114733696,-0.2707478404045105,0.04969492927193642,0.0,0.0,0.0,0.0,0.0,0.0,0.0,0.0,0.30000001192092896,0.30000001192092896,0.30000001192092896,0.30000001192092896
2.3,0,0.03915731608867645,-0.02441449463367462,-0.0019089378183707595,0.27915865182876587,1.0,0.0,0.0009848996996879578,0.002209681086242199,1,1,1,1,8.766716957092285,5.572577953338623,5.826230049133301,8.553521156311035,0.291899710893631,0.04995676130056381,0.29179978370666504,0.05001387372612953,-0.26814085245132446,0.049991704523563385,-0.2700417637825012,0.049772605299949646,0.0,0.0,0.0,0.0,0.0,0.0,0.0,0.0,0.30000001192092896,0.30000001192092896,0.30000001192092896,0.30000001192092896
2.35,0,0.03988146409392357,-0.02435864694416523,-0.003037419868633151,0.2791406512260437,1.0,0.0,0.0010289568454027176,0.002220597118139267,1,1,1,1,8.97384262084961,5.4084248542785645,5.619290351867676,8.727179527282715,0.292608380317688,0.049957845360040665,0.2925073504447937,0.049984294921159744,-0.26739779114723206,0.050001680850982666,-0.2693284749984741,0.04984070733189583,0.0,0.0,0.0,0.0,0.0,0.0,0.0,0.0,0.30000001192092896,0.30000001192092896,0.30000001192092896,0.30000001192092896
2.4,0,0.04061409831047058,-0.024270839989185333,-0.002305503934621811,0.27911436557769775,1.0,0.0,0.0009816545061767101,0.002184906741604209,1,1,1,1,9.175275802612305,5.20755672454834,5.765079021453857,8.609495162963867,0.29331865906715393,0.04994766414165497,0.29321926832199097,0.0499429777264595,-0.26664528250694275,0.05000033602118492,-0.2686072289943695,0.04989895224571228,0.0,0.0,0.0,0.0,0.0,0.0,0.0,0.0,0.30000001192092896,0.30000001192092896,0.30000001192092896,0.30000001192092896
2.45,0,0.04133070632815361,-0.02424207329750061,-0.005166859831660986,0.2790982723236084,1.0,0.0,0.0011856858618557453,0.0022061525378376245,1,1,1,1,9.601786613464355,4.789778709411621,5.339791774749756,8.988541603088379,0.294021338224411,0.04997655749320984,0.2939216196537018,0.0498918816447258,-0.26589617133140564,0.04998854175209999,-0.26789215207099915,0.0499461404979229,0.0,0.0,0.0,0.0,0.0,0.0,0.0,0.0,0.30000001192092896,0.30000001192092896,0.30000001192092896,0.30000001192092896
2.5,0,0.042072851210832596,-0.02422596886754036,-0.003911036532372236,0.2790927290916443,1.0,0.0,0.0001231105998158455,0.0021996377035975456,1,1,1,1,9.783064842224121,4.556840419769287,5.149532318115234,9.202804565429688,0.29475608468055725,0.04999125003814697,0.29462629556655884,0.04982874542474747,-0.2651352286338806,0.04996360465884209,-0.2671665549278259,0.049984224140644073,0.0,0.0,0.0,0.0,0.0,0.0,0.0,0.0,0.30000001192092896,0.30000001192092896,0.30000001192092896,0.30000001192092896
2.55,0,0.04282914847135544,-0.024158509448170662,-0.004449833184480667,0.2790849506855011,1.0,0.0,0.0008481955155730247,0.002252025529742241,1,1,1,1,9.764822959899902,4.692529678344727,4.991662502288818,9.311480522155762,0.29550591111183167,0.04999580979347229,0.29535621404647827,0.049755364656448364,-0.26436883211135864,0.04996275529265404,-0.26643258333206177,0.050013311207294464,0.0,0.0,0.0,0.0,0.0,0.0,0.0,0.0,0.30000001192092896,0.30000001192092896,0.30000001192092896,0.30000001192092896
2.6,0,0.04358986020088196,-0.02408428117632866,-0.00478326203301549,0.27907857298851013,2.0,0.0,-0.012016559951007366,0.002321806736290455,1,1,1,1,9.96040153503418,4.5402021408081055,4.8033447265625,9.461715698242188,0.29626211524009705,0.04998897761106491,0.2960910499095917,0.04967142641544342,-0.26360148191452026,0.04996320605278015,-0.26569458842277527,0.050030987709760666,0.0,0.0,0.0,0.0,0.0,0.0,0.0,0.0,0.30000001192092896,0.30000001192092896,0.30000001192092896,0.30000001192092896
2.65,0,0.04435131698846817,-0.024012506008148193,-0.007868039421737194,0.2790762484073639,2.0,0.0,-0.011680399999022484,0.0023940338287502527,1,1,1,1,10.11596393585205,4.594787120819092,4.62906551361084,9.634064674377441,0.2970239818096161,0.049969274550676346,0.29682958126068115,0.049578361213207245,-0.26283177733421326,0.04995065554976463,-0.2649523615837097,0.05003829672932625,0.0,0.0,0.0,0.0,0.0,0.0,0.0,0.0,0.30000001192092896,0.30000001192092896,0.30000001192092896,0.30000001192092896
2.7,0,0.04509817808866501,-0.024039605632424355,-0.003721361281350255,0.27909329533576965,2.0,0.0,-0.012004027143120766,0.002203624462708831,1,1,1,1,8.760804176330566,5.663455486297607,5.944521903991699,8.376272201538086,0.2977832853794098,0.04993880167603493,0.29752621054649353,0.049666352570056915,-0.2620835602283478,0.04993165284395218,-0.264204204082489,0.050032079219818115,0.0,0.0,0.0,0.0,0.0,0.0,0.0,0.0,0.30000001192092896,0.30000001192092896,0.30000001192092896,0.30000001192092896
2.75,0,0.04585552588105202,-0.024082491174340248,-0.003692702855914831,0.27910587191581726,2.0,0.0,-0.012872755527496338,0.001997971208766103,1,1,1,1,8.516677856445312,5.9402008056640625,6.197231292724609,8.094938278198242,0.29854658246040344,0.04989621415734291,0.2982330918312073,0.049744490534067154,-0.26133817434310913,0.049902454018592834,-0.263444721698761,0.05001200735569,0.0,0.0,0.0,0.0,0.0,0.0,0.0,0.0,0.30000001192092896,0.30000001192092896,0.30000001192092896,0.30000001192092896
2.8,0,0.046624526381492615,-0.024132363498210907,-0.0024701242800801992,0.2791188955307007,2.0,0.0,-0.012114734388887882,0.0017839213833212852,1,1,1,1,8.206879615783691,6.285355091094971,6.50020694732666,7.82716178894043,0.29932060837745667,0.049840930849313736,0.2989509105682373,0.04981313645839691,-0.2605898380279541,0.04986274614930153,-0.2626774311065674,0.04997909814119339,0.0,0.0,0.0,0.0,0.0,0.0,0.0,0.0,0.30000001192092896,0.30000001192092896,0.30000001192092896,0.30000001192092896
2.85,0,0.047399021685123444,-0.024188242852687836,-0.004385262727737427,0.2791288495063782,2.0,0.0,-0.011744124814867973,0.0015627990942448378,1,1,1,1,7.962486743927002,6.560680866241455,6.7387285232543945,7.476106643676758,0.3000970482826233,0.04977380484342575,0.29967689514160156,0.04987219721078873,-0.25983694195747375,0.04981103539466858,-0.2618950605392456,0.049934327602386475,0.0,0.0,0.0,0.0,0.0,0.0,0.0,0.0,0.30000001192092896,0.30000001192092896,0.30000001192092896,0.30000001192092896
2.9,0,0.04818308725953102,-0.024257121607661247,-0.003620320465415716,0.27913913130760193,2.0,0.0,-0.011744271963834763,0.0013367278734222054,1,1,1,1,7.688717842102051,6.873727798461914,7.00584602355957,7.1728129386901855,0.30088159441947937,0.04969295486807823,0.30041325092315674,0.04992097616195679,-0.2590818703174591,0.04974725842475891,-0.26111143827438354,0.04987594857811928,0.0,0.0,0.0,0.0,0.0,0.0,0.0,0.0,0.30000001192092896,0.30000001192092896,0.30000001192092896,0.30000001192092896
2.95,0,0.04897037893533707,-0.024319540709257126,-0.003680712776258588,0.2791481614112854,2.0,0.0,-0.011829894967377186,0.001105678384192288,1,1,1,1,7.440042495727539,7.214566230773926,7.3145976066589355,6.845957279205322,0.301669180393219,0.04959893599152565,0.3011573553085327,0.0499579980969429,-0.25832465291023254,0.049671102315187454,-0.2603193521499634,0.04980304092168808,0.0,0.0,0.0,0.0,0.0,0.0,0.0,0.0,0.30000001192092896,0.30000001192092896,0.30000001192092896,0.30000001192092896
3.0,0,0.04975711181759834,-0.02440570667386055,-0.0028808005154132843,0.2791600823402405,2.0,0.0,-0.011072803288698196,0.0008821468218229711,1,1,1,1,7.242024898529053,7.397641658782959,7.439321994781494,6.7058329582214355,0.3024582862854004,0.04949277266860008,0.3019089698791504,0.0499858520925045,-0.2575739324092865,0.04958222433924675,-0.2595222294330597,0.04971751943230629,0.0,0.0,0.0,0.0,0.0,0.0,0.0,0.0,0.30000001192092896,0.30000001192092896,0.30000001192092896,0.30000001192092896
3.05,0,0.05054337531328201,-0.0244751013815403,-0.0030443831346929073,0.27917230129241943,2.0,0.0,-0.011206082999706268,0.0006603844230994582,1,1,1,1,6.920309066772461,7.734955787658691,7.667797565460205,6.414093017578125,0.30324995517730713,0.049372874200344086,0.3026663661003113,0.05000223219394684,-0.25682005286216736,0.04948103055357933,-0.2587137818336487,0.04961889982223511,0.0,0.0,0.0,0.0,0.0,0.0,0.0,0.0,0.30000001192092896,0.30000001192092896,0.30000001192092896,0.30000001192092896
3.1,0,0.05134481564164162,-0.02456115186214447,-0.0038478397764265537,0.27917808294296265,2.0,0.0,-0.010907718911767006,0.0004477312322705984,1,1,1,1,6.743943214416504,7.954845905303955,7.751584529876709,6.255078315734863,0.30404749512672424,0.04923927038908005,0.30343708395957947,0.050006937235593796,-0.2560555040836334,0.04936700314283371,-0.25789889693260193,0.04950579255819321,0.0,0.0,0.0,0.0,0.0,0.0,0.0,0.0,0.30000001192092896,0.30000001192092896,0.30000001192092896,0.30000001192092896
3.15,0,0.05204039812088013,-0.024840276688337326,-0.010226104408502579,0.2791839838027954,2.0,0.0,-0.007078035268932581,0.0005974548403173685,1,1,1,1,7.962443828582764,6.552505016326904,6.321621894836426,7.874201774597168,0.30473971366882324,0.049305688589811325,0.30416882038116455,0.05000762641429901,-0.25531166791915894,0.049240536987781525,-0.257129043340683,0.04938890039920807,0.0,0.0,0.0,0.0,0.0,0.0,0.0,0.0,0.30000001192092896,0.30000001192092896,0.30000001192092896,0.30000001192092896
3.2,0,0.05272389203310013,-0.02516995742917061,-0.012304292991757393,0.2791875898838043,2.0,0.0,-0.007394126150757074,0.0007906571263447404,1,1,1,1,8.376656532287598,6.120571613311768,5.931005477905273,8.222868919372559,0.30541568994522095,0.049410685896873474,0.30489376187324524,0.04999767988920212,-0.25456225872039795,0.049099694937467575,-0.25636598467826843,0.04926373437047005,0.0,0.0,0.0,0.0,0.0,0.0,0.0,0.0,0.30000001192092896,0.30000001192092896,0.30000001192092896,0.30000001192092896
3.25,0,0.05342462658882141,-0.02552548050880432,-0.012473108246922493,0.27918732166290283,2.0,0.0,-0.007536561228334904,0.0009599192999303341,1,1,1,1,8.76915454864502,5.793559551239014,5.619722843170166,8.541913986206055,0.30610042810440063,0.04950771853327751,0.3056221306324005,0.04997653141617775,-0.2538033723831177,0.04894348233938217,-0.2555982172489166,0.04912468418478966,0.0,0.0,0.0,0.0,0.0,0.0,0.0,0.0,0.30000001192092896,0.30000001192092896,0.30000001192092896,0.30000001192092896
3.3,0,0.05413975566625595,-0.025897325947880745,-0.015780972316861153,0.27918311953544617,2.0,0.0,-0.007552198600023985,0.0011248872615396976,1,1,1,1,9.189663887023926,5.453497886657715,5.229336738586426,8.893838882446289,0.30679309368133545,0.049596648663282394,0.3063615560531616,0.04994553327560425,-0.25303611159324646,0.04877570644021034,-0.25482386350631714,0.04897166043519974,0.0,0.0,0.0,0.0,0.0,0.0,0.0,0.0,0.30000001192092896,0.30000001192092896,0.30000001192092896,0.30000001192092896
3.35,0,0.054769959300756454,-0.025905514135956764,0.0007633434724994004,0.27921369671821594,2.0,0.0,-0.009766300208866596,0.0012655154569074512,1,1,1,1,9.221826553344727,4.909768104553223,5.382033824920654,9.210134506225586,0.3074682950973511,0.049674808979034424,0.3070705831050873,0.04990402236580849,-0.2523219585418701,0.0487319752573967,-0.2541693150997162,0.049013376235961914,0.0,0.0,0.0,0.0,0.0,0.0,0.0,0.0,0.30000001192092896,0.30000001192092896,0.30000001192092896,0.30000001192092896
3.4,0,0.05540244281291962,-0.025720523670315742,-8.572822116548195e-05,0.27923595905303955,2.0,0.0,-0.010507851839065552,0.0014226710190996528,1,1,1,1,9.624434471130371,4.550930976867676,4.967241287231445,9.586652755737305,0.30814680457115173,0.049742795526981354,0.30777624249458313,0.049852147698402405,-0.2516354024410248,0.04880039766430855,-0.2535425126552582,0.049139201641082764,0.0,0.0,0.0,0.0,0.0,0.0,0.0,0.0,0.30000001192092896,0.30000001192092896,0.30000001192092896,0.30000001192092896
3.4499999999999997,0,0.05606071650981903,-0.025567984208464622,-0.00254619587212801,0.2792457640171051,2.0,0.0,-0.010862072929739952,0.0015791909536346793,1,1,1,1,10.041669845581055,4.1413445472717285,4.523171424865723,10.008992195129395,0.3088316023349762,0.04980267584323883,0.3084894120693207,0.04979012906551361,-0.25093477964401245,0.048860516399145126,-0.25291159749031067,0.04925806447863579,0.0,0.0,0.0,0.0,0.0,0.0,0.0,0.0,0.30000001192092896,0.30000001192092896,0.30000001192092896,0.30000001192092896
3.5,0,0.05673377960920334,-0.02541457861661911,-0.0036349415313452482,0.2792493999004364,2.0,0.0,-0.011062560603022575,0.0017429349245503545,1,1,1,1,10.347434997558594,3.8860034942626953,4.183189392089844,10.29658317565918,0.3095227777957916,0.049852535128593445,0.3092012107372284,0.04971730336546898,-0.25021594762802124,0.04891245812177658,-0.2522766888141632,0.04936995729804039,0.0,0.0,0.0,0.0,0.0,0.0,0.0,0.0,0.30000001192092896,0.30000001192092896,0.30000001192092896,0.30000001192092896
3.55,0,0.057420458644628525,-0.02526802197098732,-0.00423827487975359,0.27924808859825134,2.0,0.0,-0.011130830273032188,0.0019061740022152662,1,1,1,1,10.553328514099121,3.6905336380004883,3.9782629013061523,10.535435676574707,0.3102203905582428,0.049893151968717575,0.30991414189338684,0.04963481053709984,-0.24948261678218842,0.04895297810435295,-0.2516389489173889,0.049473922699689865,0.0,0.0,0.0,0.0,0.0,0.0,0.0,0.0,0.30000001192092896,0.30000001192092896,0.30000001192092896,0.30000001192092896
3.6,0,0.05811416357755661,-0.025126513093709946,-0.006938096135854721,0.27924737334251404,2.0,0.0,-0.011232217773795128,0.0020685282070189714,1,1,1,1,10.866368293762207,3.394583225250244,3.5906052589416504,10.862513542175293,0.310922771692276,0.049922868609428406,0.31060895323753357,0.0495397113263607,-0.24874043464660645,0.04898365959525108,-0.2509993612766266,0.04957043379545212,0.0,0.0,0.0,0.0,0.0,0.0,0.0,0.0,0.30000001192092896,0.30000001192092896,0.30000001192092896,0.30000001192092896
3.65,0,0.05882560461759567,-0.024992331862449646,-0.00671803392469883,0.2792387306690216,2.0,0.0,-0.009944107383489609,0.0022301445715129375,1,1,1,1,11.47911548614502,2.8532063961029053,3.133162021636963,11.29697036743164,0.31163275241851807,0.04994310066103935,0.3113131821155548,0.0494343526661396,-0.2479836642742157,0.04900316894054413,-0.2503519356250763,0.04965889826416969,0.0,0.0,0.0,0.0,0.0,0.0,0.0,0.0,0.30000001192092896,0.30000001192092896,0.30000001192092896,0.30000001192092896
3.6999999999999997,0,0.05956673249602318,-0.024868106469511986,-0.007894739508628845,0.27921971678733826,2.0,0.0,-0.012543367221951485,0.0023930061142891645,1,1,1,1,11.668755531311035,2.788330316543579,2.7529220581054688,11.584403038024902,0.31235647201538086,0.04995269700884819,0.31201934814453125,0.04931635037064552,-0.247195303440094,0.04901176318526268,-0.24969717860221863,0.04974021762609482,0.0,0.0,0.0,0.0,0.0,0.0,0.0,0.0,0.30000001192092896,0.30000001192092896,0.30000001192092896,0.30000001192092896
3.75,0,0.060298461467027664,-0.024726497009396553,-0.00882302038371563,0.2792051434516907,2.0,0.0,-0.010595363564789295,0.002578051295131445,1,1,1,1,11.700312614440918,2.6481170654296875,2.5025899410247803,11.794266700744629,0.31307950615882874,0.049951277673244476,0.3127112090587616,0.049187056720256805,-0.24639888107776642,0.04900769516825676,-0.24904249608516693,0.04981274530291557,0.0,0.0,0.0,0.0,0.0,0.0,0.0,0.0,0.30000001192092896,0.30000001192092896,0.30000001192092896,0.30000001192092896
3.8,0,0.06104632839560509,-0.0246143639087677,-0.008582331240177155,0.27918845415115356,2.0,0.0,-0.010493861511349678,0.002745801117271185,1,1,1,1,12.597455024719238,1.849086880683899,2.028733253479004,12.308738708496094,0.3138104975223541,0.04994269087910652,0.31340786814689636,0.04904532432556152,-0.24560371041297913,0.04899287596344948,-0.24838101863861084,0.0498754121363163,0.0,0.0,0.0,0.0,0.0,0.0,0.0,0.0,0.30000001192092896,0.30000001192092896,0.30000001192092896,0.30000001192092896
3.85,0,0.06175047159194946,-0.02459545247256756,-0.010280806571245193,0.2791886627674103,2.0,0.0,-0.009947098791599274,0.0027374052442610264,1,1,1,1,11.394671440124512,2.8749306201934814,3.4312164783477783,11.015850067138672,0.31451380252838135,0.04996689036488533,0.3140755295753479,0.049022480845451355,-0.24484123289585114,0.048964742571115494,-0.2477271556854248,0.04993032291531563,0.0,0.0,0.0,0.0,0.0,0.0,0.0,0.0,0.30000001192092896,0.30000001192092896,0.30000001192092896,0.30000001192092896
3.9,0,0.062446363270282745,-0.02468111179769039,-0.010274779051542282,0.27919647097587585,2.0,0.0,-0.010447219014167786,0.0024980143643915653,1,1,1,1,11.418996810913086,2.909170150756836,3.447051525115967,10.955078125,0.3152090013027191,0.049983762204647064,0.31474581360816956,0.04915172606706619,-0.24411523342132568,0.04892831668257713,-0.24705711007118225,0.049967970699071884,0.0,0.0,0.0,0.0,0.0,0.0,0.0,0.0,0.30000001192092896,0.30000001192092896,0.30000001192092896,0.30000001192092896
3.9499999999999997,0,0.06313391774892807,-0.02477220818400383,-0.010142235085368156,0.27921172976493835,2.0,0.0,-0.017030062153935432,0.0022707958705723286,1,1,1,1,11.314927101135254,2.933760643005371,3.409707546234131,10.49950122833252,0.31590619683265686,0.049988649785518646,0.3154177665710449,0.04927265644073486,-0.24339890480041504,0.048881255090236664,-0.24638423323631287,0.04999607056379318,0.0,0.0,0.0,0.0,0.0,0.0,0.0,0.0,0.30000001192092896,0.30000001192092896,0.30000001192092896,0.30000001192092896
4.0,0,0.06386412680149078,-0.024902289733290672,-0.010470086708664894,0.2792254388332367,2.0,0.0,-0.014281452633440495,0.00199642195366323,1,1,1,1,10.923734664916992,3.389754295349121,3.801175355911255,10.4276123046875,0.3166353106498718,0.049982305616140366,0.316101610660553,0.049385134130716324,-0.24266622960567474,0.048822078853845596,-0.2456912398338318,0.050014249980449677,0.0,0.0,0.0,0.0,0.0,0.0,0.0,0.0,0.30000001192092896,0.30000001192092896,0.30000001192092896,0.30000001192092896
4.05,0,0.06459961086511612,-0.02503463812172413,-0.012488583102822304,0.27924248576164246,2.0,0.0,-0.010136021301150322,0.0017009491566568613,1,1,1,1,10.744245529174805,3.639298677444458,4.077301979064941,10.22520923614502,0.31737279891967773,0.049964260309934616,0.3167903423309326,0.04948923736810684,-0.24194185435771942,0.0487518273293972,-0.2449904978275299,0.050020731985569,0.0,0.0,0.0,0.0,0.0,0.0,0.0,0.0,0.30000001192092896,0.30000001192092896,0.30000001192092896,0.30000001192092896
4.1,0,0.06530043482780457,-0.02492045797407627,0.0007303715101443231,0.27926796674728394,2.0,0.0,-0.01268908940255642,0.0016006829682737589,1,1,1,1,9.170160293579102,5.0634765625,5.533412456512451,8.980653762817383,0.3181038498878479,0.049934323877096176,0.31747788190841675,0.04958639666438103,-0.2413032054901123,0.048872802406549454,-0.24429167807102203,0.050024908035993576,0.0,0.0,0.0,0.0,0.0,0.0,0.0,0.0,0.30000001192092896,0.30000001192092896,0.30000001192092896,0.30000001192092896
4.15,0,0.06601732969284058,-0.02479480765759945,0.0005935784429311752,0.2792874872684479,2.0,0.0,-0.013137556612491608,0.0015257573686540127,1,1,1,1,8.775382995605469,5.549636363983154,5.961611747741699,8.463316917419434,0.3188438415527344,0.049892671406269073,0.31817197799682617,0.049675311893224716,-0.24066229164600372,0.04900570586323738,-0.2435714155435562,0.050011686980724335,0.0,0.0,0.0,0.0,0.0,0.0,0.0,0.0,0.30000001192092896,0.30000001192092896,0.30000001192092896,0.30000001192092896
4.2,0,0.06673875451087952,-0.02468089945614338,0.0013982142554596066,0.2793041169643402,2.0,0.0,-0.013798489235341549,0.0014344240771606565,1,1,1,1,8.28315544128418,6.044248104095459,6.453019142150879,7.946839332580566,0.31958505511283875,0.049839045852422714,0.31887081265449524,0.049754202365875244,-0.2400282323360443,0.0491306334733963,-0.24283269047737122,0.049987226724624634,0.0,0.0,0.0,0.0,0.0,0.0,0.0,0.0,0.30000001192092896,0.30000001192092896,0.30000001192092896,0.30000001192092896
4.25,0,0.06748028844594955,-0.024581940844655037,0.0022640214301645756,0.27931246161460876,2.0,0.0,-0.013446800410747528,0.0013158562360331416,1,1,1,1,7.7933125495910645,6.577775955200195,6.964227199554443,7.416482448577881,0.32033583521842957,0.049772992730140686,0.31957852840423584,0.04982339218258858,-0.23938816785812378,0.04924875870347023,-0.2420574277639389,0.049949780106544495,0.0,0.0,0.0,0.0,0.0,0.0,0.0,0.0,0.30000001192092896,0.30000001192092896,0.30000001192092896,0.30000001192092896
4.3,0,0.06821612268686295,-0.024476367980241776,0.0021203579381108284,0.2793223559856415,2.0,0.0,-0.012566848658025265,0.0012027289485558867,1,1,1,1,7.3027424812316895,7.069447994232178,7.461564540863037,6.916730880737305,0.3210850954055786,0.049695491790771484,0.3202865719795227,0.04988204687833786,-0.23875053226947784,0.049357738345861435,-0.24126778542995453,0.04989991709589958,0.0,0.0,0.0,0.0,0.0,0.0,0.0,0.0,0.30000001192092896,0.30000001192092896,0.30000001192092896,0.30000001192092896
4.35,0,0.0689602866768837,-0.024376828223466873,0.0036812080070376396,0.27932965755462646,2.0,0.0,-0.012609944678843021,0.0010843228083103895,1,1,1,1,6.720006942749023,7.674984931945801,8.023155212402344,6.325002670288086,0.3218383193016052,0.049605391919612885,0.32100310921669006,0.04992995038628578,-0.23811276257038116,0.04945875704288483,-0.24047859013080597,0.04983573406934738,0.0,0.0,0.0,0.0,0.0,0.0,0.0,0.0,0.30000001192092896,0.30000001192092896,0.30000001192092896,0.30000001192092896
4.4,0,0.0697118490934372,-0.024278894066810608,0.004122179001569748,0.2793324887752533,2.0,0.0,-0.012331492267549038,0.0009711659513413906,1,1,1,1,6.145057678222656,8.268133163452148,8.58876895904541,5.738680839538574,0.3225939869880676,0.04950299113988876,0.32172712683677673,0.04996773973107338,-0.23747208714485168,0.04955126717686653,-0.23967739939689636,0.04975869506597519,0.0,0.0,0.0,0.0,0.0,0.0,0.0,0.0,0.30000001192092896,0.30000001192092896,0.30000001192092896,0.30000001192092896
4.45,0,0.07044915854930878,-0.024164948612451553,0.0048079420812428,0.27934056520462036,2.0,0.0,-0.011947560124099255,0.0008630258380435407,1,1,1,1,5.5968708992004395,8.831424713134766,9.11451530456543,5.220037460327148,0.3233446776866913,0.04938947781920433,0.3224484920501709,0.04999350756406784,-0.2368379682302475,0.04963448643684387,-0.2388753890991211,0.04966847971081734,0.0,0.0,0.0,0.0,0.0,0.0,0.0,0.0,0.30000001192092896,0.30000001192092896,0.30000001192092896,0.30000001192092896
4.5,0,0.07118801027536392,-0.024058043956756592,0.011025624349713326,0.2793458104133606,2.0,0.0,-0.016771117225289345,0.0007606164435856044,1,1,1,1,5.038479328155518,9.080077171325684,9.660073280334473,4.714217185974121,0.32409361004829407,0.04926461726427078,0.32317298650741577,0.050008270889520645,-0.23620624840259552,0.04970790445804596,-0.23807263374328613,0.049567025154829025,0.0,0.0,0.0,0.0,0.0,0.0,0.0,0.0,0.30000001192092896,0.30000001192092896,0.30000001192092896,0.30000001192092896
4.55,0,0.07194490730762482,-0.0239567793905735,0.0027504004538059235,0.2793417274951935,2.0,0.0,-0.011018943041563034,0.0006714689079672098,1,1,1,1,4.521731853485107,9.919463157653809,10.179231643676758,4.129028797149658,0.3248482644557953,0.0491274818778038,0.3239125907421112,0.05001146346330643,-0.2355635017156601,0.049774620682001114,-0.23726189136505127,0.04944996163249016,0.0,0.0,0.0,0.0,0.0,0.0,0.0,0.0,0.30000001192092896,0.30000001192092896,0.30000001192092896,0.30000001192092896
4.6,0,0.0726935863494873,-0.023851927369832993,0.0006519749877043068,0.2793377935886383,2.0,0.0,-0.010676780715584755,0.0005863524274900556,1,1,1,1,3.987950563430786,10.43564224243164,10.614811897277832,3.583595037460327,0.3255971372127533,0.048978690057992935,0.32465487718582153,0.050001777708530426,-0.23492704331874847,0.049830324947834015,-0.23645362257957458,0.04931988567113876,0.0,0.0,0.0,0.0,0.0,0.0,0.0,0.0,0.30000001192092896,0.30000001192092896,0.30000001192092896,0.30000001192092896
4.65,0,0.07344315946102142,-0.023736851289868355,0.0005832970491610467,0.27932968735694885,2.0,0.0,-0.010733116418123245,0.0005113469669595361,1,1,1,1,3.4726319313049316,10.999560356140137,11.246541976928711,3.0232651233673096,0.32634302973747253,0.048818912357091904,0.3254002630710602,0.04997970908880234,-0.2342885285615921,0.049879707396030426,-0.23564094305038452,0.04917687550187111,0.0,0.0,0.0,0.0,0.0,0.0,0.0,0.0,0.30000001192092896,0.30000001192092896,0.30000001192092896,0.30000001192092896
4.7,0,0.07417765259742737,-0.02372785285115242,-0.0010354049736633897,0.27932146191596985,2.0,0.0,-0.009615788236260414,0.0005853131297044456,1,1,1,1,3.6442389488220215,10.869421005249023,11.186203956604004,3.1372392177581787,0.3270691931247711,0.04875144734978676,0.32616642117500305,0.049948278814554214,-0.2336505651473999,0.049920812249183655,-0.23484043776988983,0.049023501574993134,0.0,0.0,0.0,0.0,0.0,0.0,0.0,0.0,0.30000001192092896,0.30000001192092896,0.30000001192092896,0.30000001192092896
4.75,0,0.07493185997009277,-0.023715201765298843,-0.0023520872928202152,0.2792989909648895,2.0,0.0,-0.011174768209457397,0.0006703349063172936,1,1,1,1,3.313666582107544,11.176654815673828,11.433490753173828,2.827949285507202,0.3278016149997711,0.04867139086127281,0.3269572854042053,0.04990261793136597,-0.23298047482967377,0.049948520958423615,-0.23403587937355042,0.04885714501142502,0.0,0.0,0.0,0.0,0.0,0.0,0.0,0.0,0.30000001192092896,0.30000001192092896,0.30000001192092896,0.30000001192092896
4.8,0,0.07569516450166702,-0.023696541786193848,-0.002628939226269722,0.27927204966545105,2.0,0.0,-0.010676547884941101,0.0007889643893577158,1,1,1,1,2.8541927337646484,11.701513290405273,11.857690811157227,2.324132204055786,0.32853761315345764,0.04857869818806648,0.3277601897716522,0.049845073372125626,-0.23229612410068512,0.04996804520487785,-0.23323239386081696,0.04867655038833618,0.0,0.0,0.0,0.0,0.0,0.0,0.0,0.0,0.30000001192092896,0.30000001192092896,0.30000001192092896,0.30000001192092896
4.85,0,0.07646777480840683,-0.023679297417402267,-0.003991490695625544,0.2792401909828186,2.0,0.0,-0.01080678403377533,0.0009280809317715466,1,1,1,1,2.633636474609375,11.991857528686523,12.077798843383789,2.0220956802368164,0.3292772173881531,0.04847550019621849,0.32857242226600647,0.04977326840162277,-0.23160289227962494,0.04997822642326355,-0.2324242740869522,0.04848233982920647,0.0,0.0,0.0,0.0,0.0,0.0,0.0,0.0,0.30000001192092896,0.30000001192092896,0.30000001192092896,0.30000001192092896
4.9,0,0.07722502946853638,-0.023578990250825882,0.0028941906057298183,0.27921169996261597,2.0,0.0,-0.010653788223862648,0.0009917925344780087,1,1,1,1,3.799718141555786,10.759064674377441,10.701990127563477,3.4904637336730957,0.3300144076347351,0.04838216304779053,0.3293849229812622,0.049686990678310394,-0.23089729249477386,0.04998411610722542,-0.2316453456878662,0.04841107502579689,0.0,0.0,0.0,0.0,0.0,0.0,0.0,0.0,0.30000001192092896,0.30000001192092896,0.30000001192092896,0.30000001192092896
4.95,0,0.07794991880655289,-0.02348945662379265,-0.0006918767467141151,0.27918896079063416,2.0,0.0,-0.009122120216488838,0.0010816369904205203,1,1,1,1,5.665879726409912,9.176257133483887,9.535270690917969,4.840484619140625,0.33072736859321594,0.048378605395555496,0.33017534017562866,0.04959053173661232,-0.2301662415266037,0.04997970908880234,-0.23090431094169617,0.04845618084073067,0.0,0.0,0.0,0.0,0.0,0.0,0.0,0.0,0.30000001192092896,0.30000001192092896,0.30000001192092896,0.30000001192092896
5.0,0,0.07858770340681076,-0.02353828214108944,0.0004282125155441463,0.27918145060539246,2.0,0.0,-0.00899595022201538,0.001399064320139587,1,1,1,1,6.055811882019043,8.306949615478516,8.447493553161621,5.9263739585876465,0.3313698470592499,0.04854065179824829,0.33092164993286133,0.04949076101183891,-0.22943907976150513,0.049959696829319,-0.23022709786891937,0.04854143038392067,0.0,0.0,0.0,0.0,0.0,0.0,0.0,0.0,0.30000001192092896,0.30000001192092896,0.30000001192092896,0.30000001192092896
5.05,0,0.07922884821891785,-0.02358582802116871,-0.00167051050812006,0.27917057275772095,2.0,0.0,-0.010927335359156132,0.0017000538064166903,1,1,1,1,6.965269565582275,7.342746734619141,7.530581951141357,6.840868949890137,0.3320111334323883,0.04869474843144417,0.3316563367843628,0.04938173294067383,-0.22870147228240967,0.049926262348890305,-0.22955934703350067,0.048628464341163635,0.0,0.0,0.0,0.0,0.0,0.0,0.0,0.0,0.30000001192092896,0.30000001192092896,0.30000001192092896,0.30000001192092896
5.1,0,0.07989362627267838,-0.02357710525393486,0.0005725392838940024,0.27914875745773315,2.0,0.0,-0.010332206264138222,0.0020437019411474466,1,1,1,1,7.43266487121582,6.870629787445068,7.206512928009033,7.2161970138549805,0.3326631486415863,0.04884151369333267,0.3323935568332672,0.04926158860325813,-0.22797664999961853,0.049954526126384735,-0.2288837730884552,0.048707012087106705,0.0,0.0,0.0,0.0,0.0,0.0,0.0,0.0,0.30000001192092896,0.30000001192092896,0.30000001192092896,0.30000001192092896
5.15,0,0.08056676387786865,-0.02355574071407318,-0.0013465166557580233,0.27912437915802,2.0,0.0,-0.010888416320085526,0.0024183657951653004,1,1,1,1,8.079322814941406,6.214310169219971,6.502939224243164,7.90762996673584,0.3333204686641693,0.04898050054907799,0.3331249952316284,0.049131717532873154,-0.22723661363124847,0.049981117248535156,-0.22821003198623657,0.04877466708421707,0.0,0.0,0.0,0.0,0.0,0.0,0.0,0.0,0.30000001192092896,0.30000001192092896,0.30000001192092896,0.30000001192092896
5.2,0,0.08124364912509918,-0.023503240197896957,-0.0010108768474310637,0.2790986895561218,2.0,0.0,-0.00939889345318079,0.002775980858132243,1,1,1,1,8.967881202697754,5.238501071929932,5.702488899230957,8.850744247436523,0.3339809477329254,0.04911075532436371,0.33384937047958374,0.048991844058036804,-0.22647731006145477,0.04999760538339615,-0.227555513381958,0.048873916268348694,0.0,0.0,0.0,0.0,0.0,0.0,0.0,0.0,0.30000001192092896,0.30000001192092896,0.30000001192092896,0.30000001192092896
5.25,0,0.0818958729505539,-0.023402689024806023,-0.0034768511541187763,0.2790865898132324,2.0,0.0,-0.009663986973464489,0.003100965404883027,1,1,1,1,9.584257125854492,4.57343053817749,4.9803338050842285,9.531116485595703,0.3346358835697174,0.04923126846551895,0.33455362915992737,0.04884421452879906,-0.2257215976715088,0.050001997500658035,-0.22693981230258942,0.04900411143898964,0.0,0.0,0.0,0.0,0.0,0.0,0.0,0.0,0.30000001192092896,0.30000001192092896,0.30000001192092896,0.30000001192092896
5.3,0,0.08256489783525467,-0.023324424400925636,-0.005344545468688011,0.2790696918964386,2.0,0.0,-0.009902339428663254,0.0034346869215369225,1,1,1,1,10.457140922546387,3.7378439903259277,4.121656894683838,10.405882835388184,0.33529770374298096,0.049343548715114594,0.3352515399456024,0.04868774861097336,-0.22495155036449432,0.04999531805515289,-0.22632533311843872,0.04912606254220009,0.0,0.0,0.0,0.0,0.0,0.0,0.0,0.0,0.30000001192092896,0.30000001192092896,0.30000001192092896,0.30000001192092896
5.35,0,0.08323698490858078,-0.023241369053721428,-0.0076689161360263824,0.2790529727935791,2.0,0.0,-0.009050474502146244,0.003776607569307089,1,1,1,1,11.153095245361328,3.064434766769409,3.400461196899414,11.112946510314941,0.33596208691596985,0.049447137862443924,0.33593985438346863,0.048522211611270905,-0.2241683304309845,0.04997749999165535,-0.22571513056755066,0.04923931509256363,0.0,0.0,0.0,0.0,0.0,0.0,0.0,0.0,0.30000001192092896,0.30000001192092896,0.30000001192092896,0.30000001192092896
5.4,0,0.08389083296060562,-0.02322213537991047,-0.007990231737494469,0.2790553867816925,2.0,0.0,-0.010245832614600658,0.003952909726649523,1,1,1,1,10.431618690490723,3.580394744873047,4.005821704864502,10.575045585632324,0.33662423491477966,0.04954221844673157,0.33659428358078003,0.048459094017744064,-0.22340284287929535,0.04994415491819382,-0.2251082956790924,0.04934684932231903,0.0,0.0,0.0,0.0,0.0,0.0,0.0,0.0,0.30000001192092896,0.30000001192092896,0.30000001192092896,0.30000001192092896
5.45,0,0.08456458896398544,-0.023291651159524918,-0.009764300659298897,0.2790594696998596,2.0,0.0,-0.01004830189049244,0.003945775795727968,1,1,1,1,10.87898063659668,3.299170970916748,3.6859915256500244,10.870771408081055,0.33729761838912964,0.04962904751300812,0.3372374475002289,0.048501115292310715,-0.22264325618743896,0.049902740865945816,-0.22448444366455078,0.049446675926446915,0.0,0.0,0.0,0.0,0.0,0.0,0.0,0.0,0.30000001192092896,0.30000001192092896,0.30000001192092896,0.30000001192092896
5.5,0,0.08524128049612045,-0.02336129918694496,-0.011872664093971252,0.2790636420249939,2.0,0.0,-0.009832566604018211,0.003935317974537611,1,1,1,1,11.179824829101562,3.120394229888916,3.4620587825775146,11.079019546508789,0.33797356486320496,0.04970712959766388,0.33788084983825684,0.04853416234254837,-0.22187753021717072,0.049849748611450195,-0.22385863959789276,0.049538277089595795,0.0,0.0,0.0,0.0,0.0,0.0,0.0,0.0,0.30000001192092896,0.30000001192092896,0.30000001192092896,0.30000001192092896
5.55,0,0.08591632544994354,-0.023465463891625404,-0.012206613086163998,0.27907827496528625,2.0,0.0,-0.010000374168157578,0.0038674776442348957,1,1,1,1,11.006780624389648,3.2869560718536377,3.4698188304901123,11.061681747436523,0.3386566638946533,0.04977681487798691,0.3385186493396759,0.04860187694430351,-0.2211192399263382,0.049783430993556976,-0.22322849929332733,0.04962264746427536,0.0,0.0,0.0,0.0,0.0,0.0,0.0,0.0,0.30000001192092896,0.30000001192092896,0.30000001192092896,0.30000001192092896
5.6,0,0.0865991935133934,-0.02359749749302864,-0.014492884278297424,0.2790915071964264,2.0,0.0,-0.009934850037097931,0.0037445640191435814,1,1,1,1,11.155369758605957,3.0973780155181885,3.2624411582946777,11.24805736541748,0.33934295177459717,0.049836415797472,0.3391631245613098,0.048682037740945816,-0.2203657180070877,0.049707017838954926,-0.22259029746055603,0.04969917610287666,0.0,0.0,0.0,0.0,0.0,0.0,0.0,0.0,0.30000001192092896,0.30000001192092896,0.30000001192092896,0.30000001192092896
5.65,0,0.08729733526706696,-0.02374403364956379,-0.01471745315939188,0.27910587191581726,2.0,0.0,-0.009199988096952438,0.0036028707399964333,1,1,1,1,11.366683006286621,2.9397149085998535,3.0237298011779785,11.418269157409668,0.34004276990890503,0.04988783970475197,0.33981430530548096,0.04875395447015762,-0.21960575878620148,0.04961889609694481,-0.22194312512874603,0.04976759850978851,0.0,0.0,0.0,0.0,0.0,0.0,0.0,0.0,0.30000001192092896,0.30000001192092896,0.30000001192092896,0.30000001192092896
5.7,0,0.08799587935209274,-0.023874197155237198,-0.028988344594836235,0.27911636233329773,2.0,0.0,-0.009085496887564659,0.003449410432949662,1,1,1,1,11.376219749450684,3.4693760871887207,3.117794990539551,11.021305084228516,0.3407439589500427,0.04992939904332161,0.34046927094459534,0.04883066192269325,-0.2188308835029602,0.04952074959874153,-0.22124576568603516,0.04981984198093414,0.0,0.0,0.0,0.0,0.0,0.0,0.0,0.0,0.30000001192092896,0.30000001192092896,0.30000001192092896,0.30000001192092896
5.75,0,0.08870074152946472,-0.024087293073534966,-0.016530316323041916,0.27913886308670044,2.0,0.0,-0.00974405650049448,0.003129392396658659,1,1,1,1,11.183760643005371,3.1200406551361084,3.2670412063598633,11.17935562133789,0.3414531648159027,0.04996136575937271,0.3411242961883545,0.04897177964448929,-0.2180810123682022,0.049408864229917526,-0.2205844223499298,0.049878694117069244,0.0,0.0,0.0,0.0,0.0,0.0,0.0,0.0,0.30000001192092896,0.30000001192092896,0.30000001192092896,0.30000001192092896
5.8,0,0.08939530700445175,-0.024316059425473213,-0.01559198647737503,0.2791360318660736,2.0,0.0,-0.009499387815594673,0.002844264032319188,1,1,1,1,12.156037330627441,2.4269442558288574,2.458155870437622,12.177417755126953,0.3421267867088318,0.04998435080051422,0.34178176522254944,0.049105189740657806,-0.21733711659908295,0.049286048859357834,-0.21992264688014984,0.049920741468667984,0.0,0.0,0.0,0.0,0.0,0.0,0.0,0.0,0.30000001192092896,0.30000001192092896,0.30000001192092896,0.30000001192092896
5.85,0,0.09010577946901321,-0.024577319622039795,-0.015865087509155273,0.2791658341884613,2.0,0.0,-0.009550572372972965,0.0025524855591356754,1,1,1,1,11.457176208496094,2.8908305168151855,3.0105440616607666,11.387195587158203,0.3428472578525543,0.04999516159296036,0.34244877099990845,0.04922867193818092,-0.21658779680728912,0.049150679260492325,-0.21924681961536407,0.0499548465013504,0.0,0.0,0.0,0.0,0.0,0.0,0.0,0.0,0.30000001192092896,0.30000001192092896,0.30000001192092896,0.30000001192092896
5.9,0,0.09082812070846558,-0.024807728826999664,-0.014608924277126789,0.2791759967803955,2.0,0.0,-0.009950641542673111,0.0022225347347557545,1,1,1,1,11.232889175415039,3.2362160682678223,3.1595218181610107,11.121820449829102,0.3435615003108978,0.04999468848109245,0.3431227207183838,0.04934541508555412,-0.21583226323127747,0.04900432750582695,-0.2185365855693817,0.049971822649240494,0.0,0.0,0.0,0.0,0.0,0.0,0.0,0.0,0.30000001192092896,0.30000001192092896,0.30000001192092896,0.30000001192092896
5.95,0,0.09152413159608841,-0.024896521121263504,0.0010109967552125454,0.2791900932788849,2.0,0.0,-0.013624020852148533,0.001951012178324163,1,1,1,1,9.587630271911621,4.520771026611328,4.568254470825195,9.98127555847168,0.3442651033401489,0.04998273402452469,0.34379589557647705,0.049452319741249084,-0.2151159644126892,0.04893790930509567,-0.2178487330675125,0.04999716952443123,0.0,0.0,0.0,0.0,0.0,0.0,0.0,0.0,0.30000001192092896,0.30000001192092896,0.30000001192092896,0.30000001192092896
6.0,0,0.09224717319011688,-0.024772288277745247,-0.0008606218034401536,0.2791878879070282,2.0,0.0,-0.013350056484341621,0.0019041054183617234,1,1,1,1,9.25389289855957,5.0622076988220215,5.007882595062256,9.434515953063965,0.34498855471611023,0.049958810210227966,0.34448814392089844,0.049553290009498596,-0.21444691717624664,0.04907195642590523,-0.2171333134174347,0.05000406503677368,0.0,0.0,0.0,0.0,0.0,0.0,0.0,0.0,0.30000001192092896,0.30000001192092896,0.30000001192092896,0.30000001192092896
6.05,0,0.09297008812427521,-0.02466859668493271,0.0005875961505807936,0.2791796028614044,2.0,0.0,-0.013637487776577473,0.0018687814008444548,1,1,1,1,8.716947555541992,5.611868858337402,5.542141914367676,8.895974159240723,0.3457043468952179,0.0499238520860672,0.345185250043869,0.04964460805058479,-0.21377871930599213,0.04919533431529999,-0.2164115607738495,0.04999920725822449,0.0,0.0,0.0,0.0,0.0,0.0,0.0,0.0,0.30000001192092896,0.30000001192092896,0.30000001192092896,0.30000001192092896
6.1,0,0.09367500990629196,-0.02453114278614521,0.002132430672645569,0.2791956663131714,2.0,0.0,-0.013746479526162148,0.0017880622763186693,1,1,1,1,8.382600784301758,5.844288349151611,6.070056438446045,8.373332977294922,0.346432626247406,0.04987617954611778,0.34587913751602173,0.049725234508514404,-0.21312293410301208,0.04930810630321503,-0.21570059657096863,0.05000018700957298,0.0,0.0,0.0,0.0,0.0,0.0,0.0,0.0,0.30000001192092896,0.30000001192092896,0.30000001192092896,0.30000001192092896
6.15,0,0.09440123289823532,-0.024386785924434662,0.0016333067324012518,0.27920472621917725,2.0,0.0,-0.013028029352426529,0.0016409552190452814,1,1,1,1,8.022937774658203,6.266598224639893,6.417898654937744,7.981079578399658,0.34717220067977905,0.049816813319921494,0.3465842604637146,0.04979654774069786,-0.21246564388275146,0.04941471293568611,-0.21498402953147888,0.05001896619796753,0.0,0.0,0.0,0.0,0.0,0.0,0.0,0.0,0.30000001192092896,0.30000001192092896,0.30000001192092896,0.30000001192092896
6.2,0,0.09513230621814728,-0.02424032799899578,0.0026826285757124424,0.2792145609855652,2.0,0.0,-0.013116711750626564,0.0014966258313506842,1,1,1,1,7.550169467926025,6.788840293884277,6.928128719329834,7.517504692077637,0.34791794419288635,0.049744851887226105,0.3472943603992462,0.04985776171088219,-0.2118036150932312,0.04951300844550133,-0.21425509452819824,0.05002665892243385,0.0,0.0,0.0,0.0,0.0,0.0,0.0,0.0,0.30000001192092896,0.30000001192092896,0.30000001192092896,0.30000001192092896
6.25,0,0.0958741158246994,-0.02411428838968277,0.0028274457436054945,0.27922171354293823,2.0,0.0,-0.01336968969553709,0.0013405914651229978,1,1,1,1,7.180297374725342,7.180099964141846,7.249401569366455,7.136194229125977,0.3486693203449249,0.04966079816222191,0.34801241755485535,0.04990890994668007,-0.2111443281173706,0.049601249396800995,-0.21351151168346405,0.050021737813949585,0.0,0.0,0.0,0.0,0.0,0.0,0.0,0.0,0.30000001192092896,0.30000001192092896,0.30000001192092896,0.30000001192092896
6.3,0,0.09661287814378738,-0.023985300213098526,0.004321955144405365,0.27923086285591125,2.0,0.0,-0.013297860510647297,0.0011834993492811918,1,1,1,1,6.780428409576416,7.607852935791016,7.563720703125,6.7283124923706055,0.34942156076431274,0.049564532935619354,0.3487342596054077,0.04994901269674301,-0.21048763394355774,0.04967908561229706,-0.21275949478149414,0.05000370368361473,0.0,0.0,0.0,0.0,0.0,0.0,0.0,0.0,0.30000001192092896,0.30000001192092896,0.30000001192092896,0.30000001192092896
6.35,0,0.09738193452358246,-0.023870784789323807,0.003832571441307664,0.2792278826236725,2.0,0.0,-0.012870237231254578,0.0010226885788142681,1,1,1,1,6.3313140869140625,8.088372230529785,8.046829223632812,6.272954940795898,0.35018712282180786,0.049454718828201294,0.3494703471660614,0.04997885227203369,-0.2098150998353958,0.049752283841371536,-0.21198663115501404,0.04997314140200615,0.0,0.0,0.0,0.0,0.0,0.0,0.0,0.0,0.30000001192092896,0.30000001192092896,0.30000001192092896,0.30000001192092896
6.4,0,0.09814231842756271,-0.023736752569675446,0.0034464439377188683,0.27922651171684265,2.0,0.0,-0.015977006405591965,0.0008499099058099091,1,1,1,1,5.9232611656188965,8.703353881835938,8.444958686828613,5.729743003845215,0.35095101594924927,0.049332816153764725,0.3502104878425598,0.04999713972210884,-0.2091471552848816,0.04981488734483719,-0.2111918032169342,0.049930308014154434,0.0,0.0,0.0,0.0,0.0,0.0,0.0,0.0,0.30000001192092896,0.30000001192092896,0.30000001192092896,0.30000001192092896
6.45,0,0.09890228509902954,-0.023600861430168152,0.008771011605858803,0.2792251408100128,2.0,0.0,-0.015919510275125504,0.0007125493139028549,1,1,1,1,5.461129665374756,8.99184799194336,8.978021621704102,5.360396385192871,0.3517158329486847,0.04919906333088875,0.350954532623291,0.05000298097729683,-0.20847532153129578,0.04986967891454697,-0.2103852927684784,0.04987054318189621,0.0,0.0,0.0,0.0,0.0,0.0,0.0,0.0,0.30000001192092896,0.30000001192092896,0.30000001192092896,0.30000001192092896
6.5,0,0.09967157989740372,-0.023474043235182762,0.003991193603724241,0.2792208194732666,2.0,0.0,-0.012888395227491856,0.000570140196941793,1,1,1,1,5.086012363433838,9.422096252441406,9.200313568115234,5.170047760009766,0.35248449444770813,0.04905305430293083,0.3517117500305176,0.049996767193078995,-0.2077987641096115,0.049910400062799454,-0.20959444344043732,0.049805451184511185,0.0,0.0,0.0,0.0,0.0,0.0,0.0,0.0,0.30000001192092896,0.30000001192092896,0.30000001192092896,0.30000001192092896
6.55,0,0.10042482614517212,-0.023342151194810867,-0.0024482733570039272,0.2792159616947174,2.0,0.0,-0.011468247510492802,0.0004482542572077364,1,1,1,1,5.148050785064697,9.69289779663086,9.714951515197754,4.8794026374816895,0.35324060916900635,0.04891488701105118,0.35245785117149353,0.04998018220067024,-0.20712682604789734,0.04994567111134529,-0.20878326892852783,0.04972037300467491,0.0,0.0,0.0,0.0,0.0,0.0,0.0,0.0,0.30000001192092896,0.30000001192092896,0.30000001192092896,0.30000001192092896
6.6,0,0.10107674449682236,-0.023546434938907623,-0.009563117288053036,0.2792222201824188,2.0,0.0,-0.006220719777047634,0.0006613576551899314,1,1,1,1,5.985791206359863,8.090497970581055,8.21261215209961,5.832004547119141,0.35389313101768494,0.04905208945274353,0.35314399003982544,0.05000220239162445,-0.20647677779197693,0.04996859282255173,-0.20803286135196686,0.04963785409927368,0.0,0.0,0.0,0.0,0.0,0.0,0.0,0.0,0.30000001192092896,0.30000001192092896,0.30000001192092896,0.30000001192092896
6.6499999999999995,0,0.1017368957400322,-0.02374662645161152,-0.005919283721596003,0.27922797203063965,2.0,0.0,-0.008289852179586887,0.0008628554060123861,1,1,1,1,6.1204047203063965,8.284427642822266,8.51313304901123,5.870635986328125,0.3545536398887634,0.04917755350470543,0.35384032130241394,0.05001562833786011,-0.20581719279289246,0.04997710511088371,-0.2072829306125641,0.04954177886247635,0.0,0.0,0.0,0.0,0.0,0.0,0.0,0.0,0.30000001192092896,0.30000001192092896,0.30000001192092896,0.30000001192092896
6.7,0,0.10242561250925064,-0.023951897397637367,-0.0032113876659423113,0.27922171354293823,2.0,0.0,-0.00981367751955986,0.0010989455040544271,1,1,1,1,6.190738201141357,8.225871086120605,8.438525199890137,5.897492408752441,0.3552270829677582,0.04929639399051666,0.35455021262168884,0.05001888424158096,-0.20512798428535461,0.049980759620666504,-0.2065245509147644,0.04943235218524933,0.0,0.0,0.0,0.0,0.0,0.0,0.0,0.0,0.30000001192092896,0.30000001192092896,0.30000001192092896,0.30000001192092896
6.75,0,0.10312764346599579,-0.024172615259885788,-0.005681842099875212,0.27921372652053833,2.0,0.0,-0.009284118190407753,0.001347623416222632,1,1,1,1,6.261865615844727,8.19283676147461,8.36136531829834,5.944310665130615,0.35590946674346924,0.049407657235860825,0.3552666902542114,0.05001068115234375,-0.20442575216293335,0.049971748143434525,-0.2057592272758484,0.049311429262161255,0.0,0.0,0.0,0.0,0.0,0.0,0.0,0.0,0.30000001192092896,0.30000001192092896,0.30000001192092896,0.30000001192092896
6.8,0,0.10380085557699203,-0.024282017722725868,0.0014682001201435924,0.27921807765960693,2.0,0.0,-0.01034989207983017,0.0015303139807656407,1,1,1,1,7.137096881866455,7.029587268829346,7.527794361114502,7.0295209884643555,0.35658732056617737,0.04950792342424393,0.3559819161891937,0.04999077320098877,-0.20373079180717468,0.049966245889663696,-0.2050345242023468,0.049280326813459396,0.0,0.0,0.0,0.0,0.0,0.0,0.0,0.0,0.30000001192092896,0.30000001192092896,0.30000001192092896,0.30000001192092896
6.85,0,0.10446010529994965,-0.024247612804174423,-0.0009095664136111736,0.2792247235774994,2.0,0.0,-0.009815910831093788,0.0016206090804189444,1,1,1,1,7.695717811584473,6.541966438293457,6.953573226928711,7.537851810455322,0.35726237297058105,0.04959866404533386,0.356683611869812,0.0499582402408123,-0.20303183794021606,0.049987826496362686,-0.2043672651052475,0.04938936606049538,0.0,0.0,0.0,0.0,0.0,0.0,0.0,0.0,0.30000001192092896,0.30000001192092896,0.30000001192092896,0.30000001192092896
6.8999999999999995,0,0.105131134390831,-0.02421199157834053,-0.0010260683484375477,0.2792266607284546,2.0,0.0,-0.010999759659171104,0.001731561147607863,1,1,1,1,8.116987228393555,6.144003391265869,6.49326753616333,7.958364963531494,0.3579438626766205,0.049680791795253754,0.35739630460739136,0.04991493746638298,-0.2023143768310547,0.05000019818544388,-0.2036994844675064,0.04948949068784714,0.0,0.0,0.0,0.0,0.0,0.0,0.0,0.0,0.30000001192092896,0.30000001192092896,0.30000001192092896,0.30000001192092896
6.95,0,0.10582011938095093,-0.024182375520467758,-0.002197181573137641,0.2792210578918457,2.0,0.0,-0.01093808189034462,0.00183863693382591,1,1,1,1,8.572097778320312,5.68814754486084,6.009920120239258,8.435250282287598,0.35863277316093445,0.04975412040948868,0.35811471939086914,0.04986061155796051,-0.2015821486711502,0.05000216141343117,-0.20302776992321014,0.049581076949834824,0.0,0.0,0.0,0.0,0.0,0.0,0.0,0.0,0.30000001192092896,0.30000001192092896,0.30000001192092896,0.30000001192092896
7.0,0,0.10653170198202133,-0.024165119975805283,-0.0045218984596431255,0.2792094945907593,2.0,0.0,-0.010879496112465858,0.0019506263779476285,1,1,1,1,9.135902404785156,5.222103595733643,5.48060941696167,8.925500869750977,0.35933393239974976,0.04981911927461624,0.35883545875549316,0.0497945174574852,-0.20082733035087585,0.04999280348420143,-0.20235104858875275,0.04966386407613754,0.0,0.0,0.0,0.0,0.0,0.0,0.0,0.0,0.30000001192092896,0.30000001192092896,0.30000001192092896,0.30000001192092896
7.05,0,0.10723982006311417,-0.024142686277627945,-0.004606804344803095,0.2792001962661743,2.0,0.0,-0.010708772577345371,0.002066399436444044,1,1,1,1,9.500472068786621,4.820882320404053,5.044986248016357,9.358179092407227,0.36003589630126953,0.04987325891852379,0.35955917835235596,0.049718376249074936,-0.2000712752342224,0.04997189715504646,-0.20167435705661774,0.04973728954792023,0.0,0.0,0.0,0.0,0.0,0.0,0.0,0.0,0.30000001192092896,0.30000001192092896,0.30000001192092896,0.30000001192092896
7.1,0,0.1073051318526268,-0.024201421067118645,-0.0030864288564771414,0.2791557013988495,2.0,0.0,-0.007226926274597645,0.0020918508525937796,1,1,1,1,8.603723526000977,5.790215969085693,6.005516529083252,8.353204727172852,0.3600403964519501,0.04987393319606781,0.35959163308143616,0.049714453518390656,-0.20001967251300812,0.04996911808848381,-0.20169033110141754,0.04973822087049484,0.0,0.0,0.0,0.0,0.0,0.0,0.0,0.0,0.0,0.0,0.0,0.0
7.1499999999999995,0,0.10729378461837769,-0.025855939835309982,-0.000800928333774209,0.2793489992618561,2.0,0.0,-0.009691748768091202,0.0009733206825330853,1,1,1,1,14.191685676574707,0.0,0.0,14.569136619567871,0.35999616980552673,0.04987296834588051,0.35941576957702637,0.049753863364458084,-0.20147289335727692,0.05031623691320419,-0.20183692872524261,0.04972098767757416,0.0,0.0,0.0,0.0,2.1000003814697266,0.0,0.0,0.0,0.0,0.0,0.0,0.0
7.2,0,0.10718061029911041,-0.02665911614894867,0.020364884287118912,0.27952030301094055,2.0,0.0,-0.005090452264994383,0.00047673555673100054,1,1,1,1,14.08254623413086,0.0,0.0,14.622109413146973,0.3599349856376648,0.04986995458602905,0.35922136902809143,0.04970531910657883,-0.20252510905265808,0.050673048943281174,-0.20199643075466156,0.04970156028866768,0.0,0.0,0.0,0.0,2.1000003814697266,0.0,0.0,0.0,0.0,0.0,0.0,0.0
7.25,0,0.1069950982928276,-0.02920623868703842,0.007042137440294027,0.2803754210472107,2.0,0.0,-0.02155296877026558,-0.002294671954587102,1,1,1,1,13.707176208496094,0.0,0.0,14.479236602783203,0.3598240911960602,0.049906693398952484,0.35913652181625366,0.05082955211400986,-0.21273298561573029,0.05912383273243904,-0.20221181213855743,0.04967596381902695,0.0,0.0,0.0,0.0,11.800000190734863,0.0,0.0,0.0,0.0,0.0,0.0,0.0
7.3,0,0.10674922913312912,-0.02922539785504341,0.03415756672620773,0.2809593081474304,2.0,0.0,-0.006938253529369831,-0.0022658794187009335,1,1,1,1,13.71566104888916,0.0,0.0,14.49111557006836,0.3597312569618225,0.049899060279130936,0.3588945269584656,0.05074357986450195,-0.22067126631736755,0.06752029806375504,-0.20239859819412231,0.04965395852923393,0.0,0.0,0.0,0.0,14.5,0.0,0.0,0.0,0.0,0.0,0.0,0.0
7.35,0,0.10673010349273682,-0.027361858636140823,0.04285241290926933,0.28107142448425293,2.0,0.0,-0.013248085044324398,0.00018023994925897568,1,1,1,1,12.53736686706543,2.5989601612091064,0.0,13.326895713806152,0.3597378134727478,0.04985518753528595,0.35879433155059814,0.04968615248799324,-0.2258473038673401,0.07473228126764297,-0.2024773508310318,0.04965026676654816,0.0,0.0,0.0,0.0,14.5,0.0,0.0,0.0,0.0,0.0,0.0,0.0
7.3999999999999995,0,0.10672788321971893,-0.027553463354706764,0.045753564685583115,0.28092116117477417,2.0,0.0,-0.004376622848212719,0.00016378139844164252,1,1,0,1,13.642545700073242,0.16479015350341797,0.0,14.209846496582031,0.3597108721733093,0.04985436052083969,0.35879501700401306,0.04968692362308502,-0.23045165836811066,0.08069764077663422,-0.2025884985923767,0.04963301122188568,0.0,0.0,0.0,0.0,17.299999237060547,0.0,0.0,0.0,0.0,0.0,0.0,0.0
7.45,0,0.10639556497335434,-0.027515597641468048,0.042891014367341995,0.28066888451576233,2.0,0.0,-0.02577049285173416,0.0006533009582199156,1,1,0,1,13.582164764404297,0.5856934785842896,0.0,14.240036010742188,0.359666645526886,0.04984928295016289,0.35855311155319214,0.04970087483525276,-0.23411381244659424,0.08562871068716049,-0.20279565453529358,0.04960816726088524,0.0,0.8999999761581421,0.0,0.0,17.299999237060547,0.0,0.0,0.0,0.0,0.0,0.0,0.0
7.5,0,0.10532338917255402,-0.02721497230231762,0.051267072558403015,0.2800922989845276,2.0,0.0,-0.06421035528182983,0.001658098422922194,1,1,0,1,13.739133834838867,0.23071376979351044,0.0,14.22147274017334,0.3595418930053711,0.04983244463801384,0.3575321435928345,0.04972473904490471,-0.23711608350276947,0.08909974992275238,-0.20325592160224915,0.049551501870155334,0.0,2.299999952316284,0.0,0.0,17.299999237060547,0.0,0.0,0.0,0.0,0.0,0.0,0.0
7.55,0,0.10348596423864365,-0.02669197879731655,0.08411193639039993,0.27916231751441956,2.0,0.0,-0.13260596990585327,0.0032718332950025797,1,1,0,1,15.487728118896484,0.0,0.0,13.689908981323242,0.3593582212924957,0.04981646314263344,0.3557715117931366,0.0497964471578598,-0.24006199836730957,0.0917980819940567,-0.20398931205272675,0.049454957246780396,0.0,7.800000190734863,0.0,0.0,17.299999237060547,0.0,0.0,0.0,0.0,0.0,0.0,0.0
7.6,0,0.09946069121360779,-0.025219958275556564,0.045905109494924545,0.27709734439849854,2.0,0.0,-0.16649730503559113,0.006185635458678007,1,1,0,1,14.086161613464355,0.0,0.0,14.362945556640625,0.35891804099082947,0.04975927621126175,0.351847380399704,0.04990140348672867,-0.24472974240779877,0.09488166123628616,-0.20546044409275055,0.04933576285839081,0.0,7.800000190734863,0.0,0.0,17.299999237060547,0.0,0.0,0.0,0.0,0.0,0.0,0.0
7.6499999999999995,0,0.0961604043841362,-0.025473644956946373,0.02104216068983078,0.27539026737213135,2.0,0.0,-0.13341592252254486,0.005359582137316465,1,1,0,1,14.41991138458252,0.0,0.0,14.68990707397461,0.35861560702323914,0.04974623769521713,0.34855011105537415,0.050975292921066284,-0.24840191006660461,0.09607066959142685,-0.20676812529563904,0.04953515902161598,0.0,10.600000381469727,0.0,0.0,17.299999237060547,0.0,0.0,0.0,0.0,0.0,0.0,0.0
7.7,0,0.09262608736753464,-0.02764386683702469,-0.03018363192677498,0.2736271023750305,2.0,0.0,-0.22291064262390137,0.002213672734797001,1,1,0,1,13.827183723449707,0.0,0.0,13.10334587097168,0.3582703769207001,0.04970163851976395,0.3477967083454132,0.05484766140580177,-0.2521500587463379,0.09557918459177017,-0.20813773572444916,0.04968897998332977,0.0,10.600000381469727,6.200000762939453,0.0,17.299999237060547,0.0,0.0,0.0,0.0,0.0,0.0,0.0
7.75,0,0.0889255702495575,-0.03145027905702591,-0.1197081059217453,0.2718823552131653,2.0,0.0,-0.1864551156759262,-0.002709805266931653,1,1,0,1,13.628728866577148,0.0,0.0,14.576498031616211,0.35794147849082947,0.04970502480864525,0.3499210476875305,0.062064558267593384,-0.2559853792190552,0.09377001225948334,-0.20961244404315948,0.049750424921512604,0.0,10.600000381469727,6.200000762939453,0.0,17.299999237060547,0.0,0.0,0.0,0.0,0.0,0.0,0.0
7.8,0,0.08578497171401978,-0.0389101579785347,-0.19581793248653412,0.2701505422592163,2.0,0.0,-0.17415551841259003,-0.012714607641100883,1,1,0,1,13.535486221313477,0.0,0.0,14.943175315856934,0.3574627637863159,0.0498163066804409,0.35031962394714355,0.0692363977432251,-0.25916993618011475,0.08944444358348846,-0.21103930473327637,0.049674101173877716,0.0,10.600000381469727,6.200000762939453,0.0,17.299999237060547,0.0,0.0,0.0,0.0,0.0,0.0,0.0
7.85,0,0.08306396007537842,-0.04418936371803284,-0.15726101398468018,0.2695285677909851,2.0,0.0,-0.12032638490200043,-0.02039896324276924,1,0,0,1,13.349915504455566,0.0,0.0,15.908942222595215,0.3570324182510376,0.04990524426102638,0.3636263906955719,0.08954685181379318,-0.2618774473667145,0.08593616634607315,-0.21232429146766663,0.049655765295028687,0.0,10.600000381469727,24.200000762939453,0.0,17.299999237060547,0.0,0.0,0.0,0.0,0.0,0.0,0.0
7.8999999999999995,0,0.08202001452445984,-0.05441872030496597,-0.2612272799015045,0.26934903860092163,2.0,0.0,-0.1131749153137207,-0.034507934004068375,1,0,0,1,13.418863296508789,0.0,0.0,14.267852783203125,0.35703244805336,0.0501302145421505,0.37375858426094055,0.11104755103588104,-0.26287537813186646,0.08008714765310287,-0.21328048408031464,0.04965636879205704,0.0,10.600000381469727,24.200000762939453,0.0,17.299999237060547,0.0,0.0,0.0,0.0,0.0,0.0,0.0
7.95,0,0.08093880116939545,-0.06792672723531723,-0.29802340269088745,0.26867765188217163,2.0,0.0,-0.1729976385831833,-0.053221218287944794,1,0,1,1,13.278036117553711,0.0,0.0,14.33959674835205,0.3568892776966095,0.0504244826734066,0.379763662815094,0.13158126175403595,-0.26372089982032776,0.07205941528081894,-0.21433000266551971,0.04959804564714432,0.0,10.600000381469727,29.799999237060547,0.0,17.299999237060547,0.0,0.0,0.0,0.0,0.0,0.0,0.0
8.0,0,0.07969902455806732,-0.08388607203960419,-0.364321231842041,0.26766258478164673,2.0,0.0,-0.19110113382339478,-0.07562705874443054,1,0,1,1,13.455001831054688,0.0,0.0,14.035490989685059,0.3566070795059204,0.050729647278785706,0.3846595883369446,0.15543387830257416,-0.26460251212120056,0.06244710460305214,-0.21551991999149323,0.04946260154247284,0.0,10.600000381469727,33.900001525878906,0.0,17.299999237060547,0.0,0.0,0.0,0.0,0.0,0.0,0.0
8.05,0,0.07809971272945404,-0.10184233635663986,0.04273834824562073,nan,2.0,0.0,-0.20100630819797516,-0.10144501179456711,1,0,1,1,0.0,0.0,35.29410171508789,0.0,0.356339693069458,0.05116626247763634,0.38901594281196594,0.17993929982185364,-0.26563408970832825,0.051583074033260345,-0.2173919528722763,0.04935528337955475,0.0,10.600000381469727,33.900001525878906,6.5,17.299999237060547,0.0,0.0,0.0,0.0,0.0,0.0,0.0
8.1,0,0.07826551795005798,-0.1012740209698677,-0.03734372928738594,0.2679850459098816,2.0,0.0,-0.04921296611428261,-0.10154715925455093,1,0,1,1,13.043070793151855,0.0,1.961623191833496,13.117886543273926,0.35703861713409424,0.051060859113931656,0.39687156677246094,0.1901351511478424,-0.2657942473888397,0.05163947865366936,-0.2179442048072815,0.049230270087718964,0.0,10.600000381469727,33.900001525878906,6.5,17.299999237060547,0.0,0.0,0.0,0.0,0.0,0.0,0.0
8.15,0,0.07811679691076279,-0.10093791782855988,-0.03250432014465332,0.30666571855545044,2.0,0.0,-0.053547102957963943,-0.10167069733142853,1,0,1,1,13.39699935913086,0.0,2.2838540077209473,13.122152328491211,0.357345312833786,0.051101379096508026,0.40946441888809204,0.20294977724552155,-0.2659749984741211,0.05164076015353203,-0.21837769448757172,0.04923761636018753,0.0,10.600000381469727,33.900001525878906,20.299999237060547,17.299999237060547,0.0,0.0,0.0,0.0,0.0,0.0,0.0
8.2,0,0.07819023728370667,-0.10090948641300201,-0.03261755779385567,0.2702287435531616,2.0,0.0,-0.05076124519109726,-0.10172909498214722,1,0,1,1,13.267280578613281,0.0,1.8592075109481812,13.263679504394531,0.3577030897140503,0.05115446075797081,0.42121002078056335,0.21596433222293854,-0.2659634053707123,0.05164419114589691,-0.21878214180469513,0.049228567630052567,0.0,10.600000381469727,33.900001525878906,23.100000381469727,17.299999237060547,0.0,0.0,0.0,0.0,0.0,0.0,0.0
8.25,0,0.07867951691150665,-0.10087299346923828,-0.04327297583222389,0.27104416489601135,2.0,0.0,-0.05988643690943718,-0.10177744179964066,1,0,1,1,13.441107749938965,0.0,1.7136534452438354,12.90316104888916,0.35853782296180725,0.05126277729868889,0.42870691418647766,0.22509615123271942,-0.26551055908203125,0.051626063883304596,-0.21868155896663666,0.049228485673666,0.0,10.600000381469727,33.900001525878906,23.100000381469727,17.299999237060547,0.0,0.0,0.0,0.30000001192092896,0.30000001192092896,0.30000001192092896,0.30000001192092896
8.3,0,0.07945072650909424,-0.10093788802623749,-0.02872442826628685,0.27168840169906616,2.0,0.0,-0.05590984597802162,-0.10180746018886566,1,0,1,1,13.382755279541016,0.0,1.8714836835861206,13.331497192382812,0.3596187233924866,0.05138227343559265,0.4334145188331604,0.23082570731639862,-0.2647869288921356,0.05158793926239014,-0.21832947432994843,0.04922911524772644,0.0,10.600000381469727,33.900001525878906,23.100000381469727,17.299999237060547,0.0,0.0,0.0,0.30000001192092896,0.30000001192092896,0.30000001192092896,0.30000001192092896
8.35,0,0.0801791250705719,-0.10089243948459625,-0.03597303107380867,0.272205114364624,2.0,0.0,-0.0576472207903862,-0.10169949382543564,1,0,1,1,13.34627914428711,0.0,1.5701535940170288,13.512742042541504,0.36066654324531555,0.05147998780012131,0.436419814825058,0.2342783361673355,-0.2640661895275116,0.05153622850775719,-0.21798226237297058,0.049229759722948074,0.0,10.600000381469727,33.900001525878906,23.100000381469727,17.299999237060547,0.0,0.0,0.0,0.30000001192092896,0.30000001192092896,0.30000001192092896,0.30000001192092896
8.4,0,0.08091405034065247,-0.10083319991827011,-0.030900921672582626,0.27264147996902466,2.0,0.0,-0.0564892403781414,-0.1015952080488205,1,0,1,1,13.50171947479248,0.0,1.5905545949935913,13.50906753540039,0.36171621084213257,0.051552124321460724,0.4384974539279938,0.23632188141345978,-0.2633344829082489,0.05147426947951317,-0.2176012545824051,0.0492260716855526,0.0,10.600000381469727,33.900001525878906,23.100000381469727,17.299999237060547,0.0,0.0,0.0,0.30000001192092896,0.30000001192092896,0.30000001192092896,0.30000001192092896
8.45,0,0.08167283236980438,-0.10080456733703613,-0.030044125393033028,0.27305012941360474,2.0,0.0,-0.05850337818264961,-0.10154508799314499,1,0,1,1,13.697175979614258,0.0,1.9537765979766846,13.438189506530762,0.36275193095207214,0.05160610005259514,0.44004565477371216,0.23749220371246338,-0.2625948488712311,0.05140314996242523,-0.21720978617668152,0.049218758940696716,0.0,10.600000381469727,33.900001525878906,23.100000381469727,17.299999237060547,0.0,0.0,0.0,0.30000001192092896,0.30000001192092896,0.30000001192092896,0.30000001192092896
8.5,0,0.08243033289909363,-0.10075243562459946,-0.031958065927028656,0.2734166383743286,2.0,0.0,-0.05564641207456589,-0.1014816164970398,1,0,1,1,13.653040885925293,0.0,1.282253384590149,13.69972038269043,0.36378929018974304,0.05163891240954399,0.4412802457809448,0.23813901841640472,-0.26184284687042236,0.05131819471716881,-0.21679115295410156,0.049205563962459564,0.0,10.600000381469727,33.900001525878906,23.100000381469727,17.299999237060547,0.0,0.0,0.0,0.30000001192092896,0.30000001192092896,0.30000001192092896,0.30000001192092896
8.55,0,0.08322109282016754,-0.10072461515665054,-0.03424747660756111,0.27377423644065857,2.0,0.0,-0.05589258670806885,-0.10150416195392609,1,0,1,1,13.621417045593262,0.0,1.2939977645874023,13.75922966003418,0.3648289740085602,0.05165209621191025,0.4423539936542511,0.23845581710338593,-0.26107874512672424,0.051224227994680405,-0.21634720265865326,0.049186188727617264,0.0,10.600000381469727,33.900001525878906,23.100000381469727,17.299999237060547,0.0,0.0,0.0,0.30000001192092896,0.30000001192092896,0.30000001192092896,0.30000001192092896
8.6,0,0.08401630818843842,-0.10071384161710739,-0.032439976930618286,0.27408847212791443,2.0,0.0,-0.05619101598858833,-0.10159763693809509,1,0,1,1,13.526466369628906,0.0,1.2677878141403198,13.69613265991211,0.36586490273475647,0.05164477974176407,0.4433152377605438,0.23858758807182312,-0.2603131830692291,0.05111554265022278,-0.21586231887340546,0.04916152358055115,0.0,10.600000381469727,33.900001525878906,23.100000381469727,17.299999237060547,0.0,0.0,0.0,0.30000001192092896,0.30000001192092896,0.30000001192092896,0.30000001192092896
8.65,0,0.08481701463460922,-0.10067638754844666,-0.03351541608572006,0.274399995803833,2.0,0.0,-0.05662866681814194,-0.10167127102613449,1,0,1,1,13.711796760559082,0.0,1.3222943544387817,13.707194328308105,0.36689987778663635,0.05161621421575546,0.4442172348499298,0.23858579993247986,-0.2595352530479431,0.05099663883447647,-0.21537114679813385,0.04912956804037094,0.0,10.600000381469727,33.900001525878906,23.100000381469727,17.299999237060547,0.0,0.0,0.0,0.30000001192092896,0.30000001192092896,0.30000001192092896,0.30000001192092896
8.7,0,0.08563434332609177,-0.10064975917339325,-0.03354642912745476,0.2747001647949219,2.0,0.0,-0.056638218462467194,-0.10178294777870178,1,0,1,1,13.762904167175293,0.0,1.3224048614501953,13.74417495727539,0.3679388463497162,0.051566120237112045,0.4450893998146057,0.23851417005062103,-0.258745402097702,0.05086459964513779,-0.21485725045204163,0.04909100756049156,0.0,10.600000381469727,33.900001525878906,23.100000381469727,17.299999237060547,0.0,0.0,0.0,0.30000001192092896,0.30000001192092896,0.30000001192092896,0.30000001192092896
8.75,0,0.08644565939903259,-0.10060367733240128,-0.03234953433275223,0.27498117089271545,2.0,0.0,-0.05449051409959793,-0.1018596887588501,1,0,1,1,14.05947494506836,0.0,1.9300479888916016,13.620279312133789,0.36895450949668884,0.05149628221988678,0.44595274329185486,0.23839442431926727,-0.2579531967639923,0.050717778503894806,-0.21432271599769592,0.04904560372233391,0.0,10.600000381469727,33.900001525878906,23.100000381469727,17.299999237060547,0.0,0.0,0.0,0.30000001192092896,0.30000001192092896,0.30000001192092896,0.30000001192092896
8.8,0,0.08727607131004333,-0.10047058761119843,-0.015486352145671844,0.2752445340156555,2.0,0.0,-0.058752886950969696,-0.10190199315547943,1,0,1,1,13.545209884643555,0.0,1.881209135055542,13.193021774291992,0.36999502778053284,0.05140044167637825,0.4468122124671936,0.23819109797477722,-0.25715482234954834,0.050619903951883316,-0.2137504518032074,0.0489872545003891,0.0,10.600000381469727,33.900001525878906,23.100000381469727,17.299999237060547,0.0,0.0,0.0,0.30000001192092896,0.30000001192092896,0.30000001192092896,0.30000001192092896
8.85,0,0.0881490707397461,-0.09989015758037567,-0.017365574836730957,0.2755570709705353,2.0,0.0,-0.06049144268035889,-0.10131707787513733,1,0,1,1,13.902205467224121,0.0,1.1500287055969238,13.60754680633545,0.37105655670166016,0.051274314522743225,0.44777074456214905,0.23767289519309998,-0.25632423162460327,0.05076887458562851,-0.21314755082130432,0.04892783239483833,0.0,10.600000381469727,33.900001525878906,23.100000381469727,17.299999237060547,0.0,0.0,0.0,0.30000001192092896,0.30000001192092896,0.30000001192092896,0.30000001192092896
8.9,0,0.08897668868303299,-0.09944837540388107,-0.019603699445724487,0.2758040428161621,2.0,0.0,-0.05538627877831459,-0.10066797584295273,1,0,1,1,13.447067260742188,0.0,1.236629605293274,14.189593315124512,0.3720378875732422,0.051222361624240875,0.4486604332923889,0.23723600804805756,-0.2555120289325714,0.05090152099728584,-0.2125341296195984,0.04885919392108917,0.0,10.600000381469727,33.900001525878906,23.100000381469727,17.299999237060547,0.0,0.0,0.0,0.30000001192092896,0.30000001192092896,0.30000001192092896,0.30000001192092896
8.95,0,0.08971358090639114,-0.09926281124353409,-0.024304581806063652,0.27595657110214233,2.0,0.0,-0.05542594939470291,-0.10004299134016037,1,0,1,1,13.730555534362793,0.0,1.2137173414230347,13.726181030273438,0.3729071021080017,0.0513211153447628,0.4494370222091675,0.23700301349163055,-0.2547650933265686,0.05101339891552925,-0.21192950010299683,0.04878518357872963,0.0,10.600000381469727,33.900001525878906,23.100000381469727,17.299999237060547,0.0,0.0,0.0,0.30000001192092896,0.30000001192092896,0.30000001192092896,0.30000001192092896
9.0,0,0.0904812291264534,-0.09912370145320892,-0.026928918436169624,0.2761055529117584,2.0,0.0,-0.05666374787688255,-0.09948750585317612,1,0,1,1,13.643899917602539,0.0,1.1270426511764526,13.82028865814209,0.3737926781177521,0.05140538513660431,0.4502164423465729,0.236775740981102,-0.2540031373500824,0.05111764743924141,-0.21130318939685822,0.04870159178972244,0.0,10.600000381469727,33.900001525878906,23.100000381469727,17.299999237060547,0.0,0.0,0.0,0.30000001192092896,0.30000001192092896,0.30000001192092896,0.30000001192092896
9.05,0,0.09125871956348419,-0.09898953139781952,-0.025061044842004776,0.27626967430114746,2.0,0.0,-0.057747628539800644,-0.09889649599790573,1,0,1,1,13.709596633911133,0.0,1.290976643562317,13.73277473449707,0.3746790885925293,0.05147456377744675,0.45100387930870056,0.23655544221401215,-0.2532276511192322,0.051213834434747696,-0.21068447828292847,0.048605699092149734,0.0,10.600000381469727,33.900001525878906,23.100000381469727,17.299999237060547,0.0,0.0,0.0,0.30000001192092896,0.30000001192092896,0.30000001192092896,0.30000001192092896
9.1,0,0.09205623716115952,-0.09886973351240158,-0.027558019384741783,0.2764212489128113,2.0,0.0,-0.055488958954811096,-0.09835823625326157,1,0,1,1,13.745285034179688,0.0,1.2647345066070557,13.729166030883789,0.3755755126476288,0.0515289232134819,0.4518088400363922,0.23631803691387177,-0.25244513154029846,0.051299698650836945,-0.2100345492362976,0.04849734902381897,0.0,10.600000381469727,33.900001525878906,23.100000381469727,17.299999237060547,0.0,0.0,0.0,0.2999999523162842,0.30000001192092896,0.30000007152557373,0.30000001192092896
9.15,0,0.09286685287952423,-0.09875817596912384,-0.026432642713189125,0.2765563428401947,2.0,0.0,-0.05513814464211464,-0.09785635024309158,1,0,1,1,13.561972618103027,0.0,1.0380947589874268,13.721263885498047,0.376476526260376,0.05156710743904114,0.4526301622390747,0.236078679561615,-0.25165635347366333,0.05137404054403305,-0.20935393869876862,0.04837845638394356,0.0,10.600000381469727,33.900001525878906,23.100000381469727,17.299999237060547,0.0,0.0,0.0,0.2999999523162842,0.30000001192092896,0.30000007152557373,0.30000001192092896
9.2,0,0.09355166554450989,-0.09843972325325012,-0.014070057310163975,0.27674978971481323,2.0,0.0,-0.053370267152786255,-0.09747036546468735,1,0,1,1,13.002367973327637,0.0,1.1967004537582397,14.289690017700195,0.37733399868011475,0.05159246176481247,0.4533425569534302,0.2358836978673935,-0.25091588497161865,0.051435522735118866,-0.20883709192276,0.04841504618525505,0.0,10.600000381469727,33.900001525878906,23.100000381469727,17.299999237060547,0.0,0.0,0.0,0.2999999523162842,0.30000001192092896,0.30000007152557373,0.30000001192092896
9.25,0,0.09421278536319733,-0.09809588640928268,-0.0277158971875906,0.2769813537597656,2.0,0.0,-0.05202065780758858,-0.09729821234941483,1,0,1,1,13.410520553588867,0.0,1.4129252433776855,13.863601684570312,0.3781808912754059,0.05160274729132652,0.4540383815765381,0.23571553826332092,-0.2502109110355377,0.05148768052458763,-0.2083803117275238,0.04851536452770233,0.0,10.600000381469727,33.900001525878906,23.100000381469727,17.299999237060547,0.0,0.0,0.0,0.2999999523162842,0.30000001192092896,0.30000007152557373,0.30000001192092896
9.3,0,0.09490552544593811,-0.09780194610357285,-0.031216444447636604,0.2772098481655121,2.0,0.0,-0.05264931917190552,-0.09719852358102798,1,0,1,1,13.446868896484375,0.0,1.4613183736801147,13.964131355285645,0.37902846932411194,0.05159921944141388,0.45476120710372925,0.23556432127952576,-0.24948616325855255,0.051529526710510254,-0.20789499580860138,0.04861374571919441,0.0,10.600000381469727,33.900001525878906,23.100000381469727,17.299999237060547,0.0,0.0,0.0,0.2999999523162842,0.30000001192092896,0.30000007152557373,0.30000001192092896
9.35,0,0.09561021625995636,-0.09754803776741028,-0.03072839044034481,0.277437299489975,2.0,0.0,-0.0515645407140255,-0.09714165329933167,1,0,1,1,13.47941780090332,0.0,1.395755410194397,13.912275314331055,0.37987613677978516,0.05158088356256485,0.4554886519908905,0.23543936014175415,-0.24876686930656433,0.051565129309892654,-0.20740318298339844,0.048711903393268585,0.0,10.600000381469727,33.900001525878906,23.100000381469727,17.299999237060547,0.0,0.0,0.0,0.2999999523162842,0.30000001192092896,0.30000007152557373,0.30000001192092896
9.4,0,0.0963478535413742,-0.09732499718666077,-0.024740276858210564,0.277671217918396,2.0,0.0,-0.05481257289648056,-0.09717480093240738,1,0,1,1,13.34650993347168,0.0,1.2247118949890137,13.844781875610352,0.38074204325675964,0.05154762417078018,0.45625460147857666,0.2353113740682602,-0.24803511798381805,0.05158929526805878,-0.20688633620738983,0.048809755593538284,0.0,10.600000381469727,33.900001525878906,23.100000381469727,17.299999237060547,0.0,0.0,0.0,0.2999999523162842,0.30000001192092896,0.30000007152557373,0.30000001192092896
9.45,0,0.09710878133773804,-0.09709528833627701,-0.02547931857407093,0.2778934836387634,2.0,0.0,-0.05497242510318756,-0.0972214862704277,1,0,1,1,13.453271865844727,0.0,1.396224021911621,13.808675765991211,0.38162052631378174,0.05149887129664421,0.457048624753952,0.23519299924373627,-0.24727679789066315,0.05160674825310707,-0.20633262395858765,0.048904769122600555,0.0,10.600000381469727,33.900001525878906,23.100000381469727,17.299999237060547,0.0,0.0,0.0,0.30000001192092896,0.30000001192092896,0.30000001192092896,0.30000001192092896
9.5,0,0.09788250923156738,-0.09687314182519913,-0.02745813876390457,0.2781139016151428,2.0,0.0,-0.05468514934182167,-0.09730038791894913,1,0,1,1,13.545162200927734,0.0,1.3349177837371826,13.822290420532227,0.3825072944164276,0.05143435299396515,0.45785069465637207,0.23506006598472595,-0.24651342630386353,0.05161355435848236,-0.2057666778564453,0.048996493220329285,0.0,10.600000381469727,33.900001525878906,23.100000381469727,17.299999237060547,0.0,0.0,0.0,0.30000001192092896,0.30000001192092896,0.30000001192092896,0.30000001192092896
9.55,0,0.09866873919963837,-0.09665076434612274,-0.02812226489186287,0.278328537940979,2.0,0.0,-0.05421891435980797,-0.09740272909402847,1,0,1,1,13.691544532775879,0.0,1.2528249025344849,13.842905044555664,0.3833998143672943,0.05135379359126091,0.4586651623249054,0.2349235862493515,-0.24574001133441925,0.051610127091407776,-0.20518262684345245,0.04908427223563194,0.0,10.600000381469727,33.900001525878906,23.100000381469727,17.299999237060547,0.0,0.0,0.0,0.30000001192092896,0.30000001192092896,0.30000001192092896,0.30000001192092896
9.6,0,0.0994633138179779,-0.09642507880926132,-0.02512964978814125,0.2785327136516571,2.0,0.0,-0.05452415719628334,-0.09753916412591934,1,0,1,1,13.491578102111816,0.0,0.9003559947013855,13.818713188171387,0.38429853320121765,0.05125630646944046,0.45949119329452515,0.23477964103221893,-0.24495868384838104,0.05159418284893036,-0.20457793772220612,0.04916749149560928,0.0,10.600000381469727,33.900001525878906,23.100000381469727,17.299999237060547,0.0,0.0,0.0,0.30000001192092896,0.30000001192092896,0.30000001192092896,0.30000001192092896
9.65,0,0.10026776790618896,-0.09620625525712967,-0.028246067464351654,0.278726726770401,2.0,0.0,-0.054986730217933655,-0.09772228449583054,1,0,1,1,13.70596694946289,0.0,1.3049490451812744,13.825193405151367,0.38520348072052,0.051143091171979904,0.46032285690307617,0.23464061319828033,-0.24417442083358765,0.05156946927309036,-0.203954815864563,0.0492451973259449,0.0,10.600000381469727,33.900001525878906,23.100000381469727,17.299999237060547,0.0,0.0,0.0,0.30000001192092896,0.30000001192092896,0.30000001192092896,0.30000001192092896
9.7,0,0.10107197612524033,-0.0959823727607727,-0.027081485837697983,0.27890458703041077,2.0,0.0,-0.05438476800918579,-0.09794913977384567,1,0,1,1,13.620795249938965,0.0,1.0859451293945312,13.911301612854004,0.3861110508441925,0.05101310461759567,0.46115198731422424,0.23448927700519562,-0.24339662492275238,0.05153518542647362,-0.20331524312496185,0.0493154376745224,0.0,10.600000381469727,33.900001525878906,23.100000381469727,17.299999237060547,0.0,0.0,0.0,0.30000001192092896,0.30000001192092896,0.30000001192092896,0.30000001192092896
9.75,0,0.10188929736614227,-0.09576153010129929,-0.028633106499910355,0.27908462285995483,2.0,0.0,-0.053944431245326996,-0.09820499271154404,1,0,1,1,13.764837265014648,0.0,1.180229663848877,13.803900718688965,0.3870282471179962,0.050866466015577316,0.46199196577072144,0.23434457182884216,-0.2426031529903412,0.05148644000291824,-0.20266598463058472,0.049380216747522354,0.0,10.600000381469727,33.900001525878906,23.100000381469727,17.299999237060547,0.0,0.0,0.0,0.30000001192092896,0.30000001192092896,0.30000001192092896,0.30000001192092896
9.8,0,0.10255098342895508,-0.0958133190870285,-0.04349790886044502,0.2791346311569214,2.0,0.0,-0.04413086920976639,-0.09829261898994446,1,0,1,1,13.495036125183105,0.0,1.4038963317871094,13.74301528930664,0.3877635598182678,0.05094355717301369,0.46264147758483887,0.23439659178256989,-0.2419007569551468,0.051434941589832306,-0.20205695927143097,0.049434009939432144,0.0,10.600000381469727,33.900001525878906,23.100000381469727,17.299999237060547,0.0,0.0,0.0,0.30000001192092896,0.30000001192092896,0.30000001192092896,0.30000001192092896
9.85,0,0.1031510978937149,-0.09593421965837479,-0.04413840174674988,0.2791345417499542,2.0,0.0,-0.047002434730529785,-0.09841465950012207,1,0,1,1,13.572099685668945,0.0,0.998005747795105,13.883293151855469,0.38844066858291626,0.0510517954826355,0.4632180333137512,0.23450563848018646,-0.24126026034355164,0.051374755799770355,-0.20146295428276062,0.04947827011346817,0.0,10.600000381469727,33.900001525878906,23.100000381469727,17.299999237060547,0.0,0.0,0.0,0.30000001192092896,0.30000001192092896,0.30000001192092896,0.30000001192092896
9.9,0,0.10378475487232208,-0.09616371244192123,-0.03337383642792702,0.2791348993778229,2.0,0.0,-0.05012809485197067,-0.09865942597389221,1,0,1,1,13.521038055419922,0.0,1.3001270294189453,13.890926361083984,0.3891284763813019,0.05115434527397156,0.46381306648254395,0.2346734255552292,-0.240616574883461,0.05130225047469139,-0.2008490115404129,0.04951567202806473,0.0,10.600000381469727,33.900001525878906,23.100000381469727,17.299999237060547,0.0,0.0,0.0,0.30000001192092896,0.30000001192092896,0.30000001192092896,0.30000001192092896
9.95,0,0.10445506870746613,-0.09642180055379868,-0.034990016371011734,0.27914708852767944,2.0,0.0,-0.05078575015068054,-0.0989120602607727,1,0,1,1,13.455846786499023,0.0,1.326324701309204,13.835326194763184,0.3898383378982544,0.0512494221329689,0.4644337594509125,0.23485267162322998,-0.23993995785713196,0.051221564412117004,-0.2002175748348236,0.04954616725444794,0.0,10.600000381469727,33.900001525878906,23.100000381469727,17.299999237060547,0.0,0.0,0.0,0.30000001192092896,0.30000001192092896,0.30000001192092896,0.30000001192092896
10.0,0,0.10514497756958008,-0.09669999033212662,-0.033561091870069504,0.2791631817817688,2.0,0.0,-0.05105274170637131,-0.0991436168551445,1,0,1,1,13.49029541015625,0.0,1.3503258228302002,13.826692581176758,0.3905502259731293,0.051336027681827545,0.465077668428421,0.23504117131233215,-0.23924073576927185,0.05112914741039276,-0.1995716691017151,0.04956968128681183,0.0,10.600000381469727,33.900001525878906,23.100000381469727,17.299999237060547,0.0,0.0,0.0,0.30000001192092896,0.30000001192092896,0.30000001192092896,0.30000001192092896
10.05,0,0.1058504581451416,-0.09698488563299179,-0.03441085293889046,0.27918383479118347,2.0,0.0,-0.051018886268138885,-0.09938108175992966,1,0,1,1,13.526853561401367,0.0,1.3881016969680786,13.836945533752441,0.3912753462791443,0.05141334980726242,0.46573320031166077,0.2352253794670105,-0.23852987587451935,0.051028311252593994,-0.19891700148582458,0.049584999680519104,0.0,10.600000381469727,33.900001525878906,23.100000381469727,17.299999237060547,0.0,0.0,0.0,0.30000001192092896,0.30000001192092896,0.30000001192092896,0.30000001192092896
10.1,0,0.1065581887960434,-0.09726349264383316,-0.04167019575834274,0.27919095754623413,2.0,0.0,-0.048871416598558426,-0.09965746849775314,1,0,1,1,13.477874755859375,0.0,1.368369221687317,13.790641784667969,0.3920069932937622,0.051481883972883224,0.46638768911361694,0.23539577424526215,-0.23781932890415192,0.05091900750994682,-0.198246031999588,0.049592457711696625,0.0,10.600000381469727,33.900001525878906,23.100000381469727,17.299999237060547,0.0,0.0,0.0,0.30000001192092896,0.30000001192092896,0.30000001192092896,0.30000001192092896
10.15,0,0.10726414620876312,-0.09729181975126266,-0.021776774898171425,0.27921542525291443,2.0,0.0,-0.05530727654695511,-0.09957898408174515,1,0,1,1,13.558631896972656,0.0,1.494399070739746,13.757101058959961,0.3927444815635681,0.05153409019112587,0.4670875370502472,0.23540891706943512,-0.23710891604423523,0.05093985050916672,-0.19756722450256348,0.04959176108241081,0.0,10.600000381469727,33.900001525878906,23.100000381469727,17.299999237060547,0.0,0.0,0.0,0.30000001192092896,0.30000001192092896,0.30000001192092896,0.30000001192092896
10.2,0,0.10800527036190033,-0.09716704487800598,-0.022095046937465668,0.2792668044567108,2.0,0.0,-0.054351627826690674,-0.09924151003360748,1,0,1,1,13.563556671142578,0.0,1.2219926118850708,13.946911811828613,0.3935028910636902,0.051573265343904495,0.46784037351608276,0.23530185222625732,-0.2363726794719696,0.051048580557107925,-0.19687016308307648,0.049584124237298965,0.0,10.600000381469727,33.900001525878906,23.100000381469727,17.299999237060547,0.0,0.0,0.0,0.30000001192092896,0.30000001192092896,0.30000001192092896,0.30000001192092896
10.25,0,0.10877008736133575,-0.09707005321979523,-0.021632464602589607,0.27934953570365906,2.0,0.0,-0.0553409717977047,-0.09895153343677521,1,0,1,1,13.491280555725098,0.0,1.0539731979370117,13.9705228805542,0.39427390694618225,0.05160171911120415,0.46861475706100464,0.23519499599933624,-0.23562607169151306,0.05115026235580444,-0.196186363697052,0.04956432804465294,0.0,10.600000381469727,33.900001525878906,23.100000381469727,17.299999237060547,0.0,0.0,0.0,0.30000001192092896,0.30000001192092896,0.30000001192092896,0.30000001192092896
10.3,0,0.10953514277935028,-0.09697268158197403,-0.020895464345812798,0.2794075906276703,2.0,0.0,-0.05434028059244156,-0.09865406155586243,1,0,1,1,13.690276145935059,0.0,1.2469035387039185,13.786383628845215,0.3950504660606384,0.05161769688129425,0.469384104013443,0.23508276045322418,-0.23487648367881775,0.05124058201909065,-0.19547733664512634,0.04953676462173462,0.0,10.600000381469727,33.900001525878906,23.100000381469727,17.299999237060547,0.0,0.0,0.0,0.30000001192092896,0.30000001192092896,0.30000001192092896,0.30000001192092896
10.35,0,0.11032679677009583,-0.09690693020820618,-0.026296110823750496,0.27948224544525146,2.0,0.0,-0.05351942777633667,-0.0983797088265419,1,0,1,1,13.823297500610352,0.0,0.8994117379188538,14.011289596557617,0.39584121108055115,0.05162155628204346,0.4701592028141022,0.23495961725711823,-0.23411767184734344,0.05132865533232689,-0.19476990401744843,0.04949198663234711,0.0,10.600000381469727,33.900001525878906,23.100000381469727,17.299999237060547,0.0,0.0,0.0,0.30000001192092896,0.30000001192092896,0.30000001192092896,0.30000001192092896
10.4,0,0.11109280586242676,-0.09679529070854187,-0.022066205739974976,0.2795059382915497,2.0,0.0,-0.058088503777980804,-0.09814074635505676,1,0,1,1,13.656085014343262,0.0,1.3902740478515625,13.598006248474121,0.39662855863571167,0.051614124327898026,0.47092804312705994,0.23483335971832275,-0.23336270451545715,0.0513959638774395,-0.19402176141738892,0.04944409430027008,0.0,10.600000381469727,33.900001525878906,23.100000381469727,17.299999237060547,0.0,0.0,0.0,0.30000001192092896,0.30000001192092896,0.30000001192092896,0.30000001192092896
10.45,0,0.11189129948616028,-0.09671196341514587,-0.0221540667116642,0.279552698135376,2.0,0.0,-0.05828341469168663,-0.09790138155221939,1,0,1,1,13.79152774810791,0.0,1.113735556602478,13.846705436706543,0.3974316716194153,0.05159170553088188,0.4717147648334503,0.23468679189682007,-0.23259522020816803,0.05146022513508797,-0.19327451288700104,0.04937787726521492,0.0,10.600000381469727,33.900001525878906,23.100000381469727,17.299999237060547,0.0,0.0,0.0,0.30000001192092896,0.30000001192092896,0.30000001192092896,0.30000001192092896
10.5,0,0.11269965767860413,-0.09661301970481873,-0.02396782487630844,0.2796166241168976,2.0,0.0,-0.057231027632951736,-0.09759551286697388,1,0,1,1,13.96806526184082,0.0,0.9514099955558777,13.956592559814453,0.39824315905570984,0.05155421420931816,0.4725138545036316,0.2345263808965683,-0.2318042814731598,0.051512476056814194,-0.1925339698791504,0.04929755628108978,0.0,10.600000381469727,33.900001525878906,23.100000381469727,17.299999237060547,0.0,0.0,0.0,0.30000001192092896,0.30000001192092896,0.30000001192092896,0.30000001192092896
10.55,0,0.11353367567062378,-0.09648570418357849,-0.020072445273399353,0.2796827554702759,2.0,0.0,-0.05967339128255844,-0.09731509536504745,1,0,1,1,13.657529830932617,0.0,1.42478346824646,13.478759765625,0.3990861475467682,0.05150361731648445,0.47335970401763916,0.23434241116046906,-0.2309820055961609,0.051548052579164505,-0.1917603611946106,0.04920724779367447,0.0,10.600000381469727,33.900001525878906,23.100000381469727,17.299999237060547,0.0,0.0,0.0,0.30000001192092896,0.30000001192092896,0.30000001192092896,0.30000001192092896
10.6,0,0.11438372731208801,-0.09635764360427856,-0.02162342518568039,0.27975907921791077,2.0,0.0,-0.05821933224797249,-0.09696915745735168,1,0,1,1,13.95820426940918,0.0,0.9958224296569824,13.858338356018066,0.39994803071022034,0.051434848457574844,0.47420647740364075,0.23412299156188965,-0.23015259206295013,0.05157972127199173,-0.19098757207393646,0.049094755202531815,0.0,10.600000381469727,33.900001525878906,23.100000381469727,17.299999237060547,0.0,0.0,0.0,0.30000001192092896,0.30000001192092896,0.30000001192092896,0.30000001192092896
10.65,0,0.11521387100219727,-0.09622741490602493,-0.026693973690271378,0.2798006236553192,2.0,0.0,-0.05700727552175522,-0.0967031866312027,1,0,1,1,13.932356834411621,0.0,1.0360453128814697,13.762370109558105,0.40078842639923096,0.0513528473675251,0.47505179047584534,0.23391078412532806,-0.22934870421886444,0.051597196608781815,-0.19019107520580292,0.04897303879261017,0.0,10.600000381469727,33.900001525878906,23.100000381469727,17.299999237060547,0.0,0.0,0.0,0.30000001192092896,0.30000001192092896,0.30000001192092896,0.30000001192092896
10.7,0,0.11605247855186462,-0.09609568864107132,-0.02304762229323387,0.27983006834983826,2.0,0.0,-0.05890406668186188,-0.09642761200666428,1,0,1,1,13.960128784179688,0.0,0.9525114893913269,13.849363327026367,0.4016393721103668,0.05125351995229721,0.4759122133255005,0.2336743175983429,-0.22854198515415192,0.05160119757056236,-0.1893707662820816,0.04883613437414169,0.0,10.600000381469727,33.900001525878906,23.100000381469727,17.299999237060547,0.0,0.0,0.0,0.30000001192092896,0.30000001192092896,0.30000001192092896,0.30000001192092896
10.75,0,0.1169133335351944,-0.09596822410821915,-0.023123085498809814,0.27987873554229736,2.0,0.0,-0.05813036113977432,-0.09613587707281113,1,0,1,1,14.087587356567383,0.0,0.7715742588043213,13.869853973388672,0.4025069773197174,0.05113660916686058,0.4767862558364868,0.23341961205005646,-0.22771380841732025,0.0515943206846714,-0.18855246901512146,0.04868079349398613,0.0,10.600000381469727,33.900001525878906,23.100000381469727,17.299999237060547,0.0,0.0,0.0,0.30000001192092896,0.30000001192092896,0.30000001192092896,0.30000001192092896
10.8,0,0.11779771745204926,-0.09582510590553284,-0.020700007677078247,0.2799285352230072,2.0,0.0,-0.05846541002392769,-0.09580904245376587,1,0,1,1,14.094278335571289,0.0,0.793030321598053,13.850667953491211,0.40339410305023193,0.05100121721625328,0.4776866137981415,0.23313800990581512,-0.22685196995735168,0.05157151818275452,-0.18770991265773773,0.048507094383239746,0.0,10.600000381469727,33.900001525878906,23.100000381469727,17.299999237060547,0.0,0.0,0.0,0.30000001192092896,0.30000001192092896,0.30000001192092896,0.30000001192092896
10.85,0,0.11870209872722626,-0.09564080834388733,-0.017906947061419487,0.2799818515777588,2.0,0.0,-0.06025286018848419,-0.09542422741651535,1,0,1,1,14.031767845153809,0.0,0.8560536503791809,13.667801856994629,0.40429824590682983,0.05084453523159027,0.47862136363983154,0.23281694948673248,-0.22594553232192993,0.05152811110019684,-0.18684300780296326,0.048318423330783844,0.0,10.600000381469727,33.900001525878906,23.100000381469727,17.299999237060547,0.0,0.0,0.0,0.30000001192092896,0.30000001192092896,0.30000001192092896,0.30000001192092896
10.9,0,0.11966890096664429,-0.0953855887055397,-0.013052497990429401,0.2800903618335724,2.0,0.0,-0.060149624943733215,-0.09498275816440582,1,0,1,1,13.976411819458008,0.0,0.6546139121055603,13.92155647277832,0.4052372872829437,0.05066405609250069,0.4796214699745178,0.2324645072221756,-0.2249567210674286,0.05147741362452507,-0.18596965074539185,0.048157259821891785,0.0,10.600000381469727,33.900001525878906,23.100000381469727,17.299999237060547,0.0,0.0,0.0,0.30000001192092896,0.30000001192092896,0.30000001192092896,0.30000001192092896
10.95,0,0.12040774524211884,-0.09495380520820618,-0.021016515791416168,0.28023576736450195,2.0,0.0,-0.054395612329244614,-0.09511987864971161,1,0,1,1,13.715362548828125,0.0,1.3025399446487427,13.964913368225098,0.4060949683189392,0.05049111694097519,0.4803965091705322,0.23227459192276,-0.22417768836021423,0.05143788829445839,-0.18534374237060547,0.04825308173894882,0.0,10.600000381469727,33.900001525878906,23.100000381469727,17.299999237060547,0.0,0.0,0.0,0.30000001192092896,0.30000001192092896,0.30000001192092896,0.30000001192092896
11.0,0,0.12092402577400208,-0.09494044631719589,-0.03120299242436886,0.2801879346370697,2.0,0.0,-0.04895787313580513,-0.09516282379627228,1,0,1,1,13.352350234985352,0.0,1.4301055669784546,13.894479751586914,0.40669289231300354,0.05061471834778786,0.480909526348114,0.23237693309783936,-0.22355103492736816,0.05138615891337395,-0.18476572632789612,0.04833317548036575,0.0,10.600000381469727,33.900001525878906,23.100000381469727,17.299999237060547,0.0,0.0,0.0,0.30000001192092896,0.30000001192092896,0.30000001192092896,0.30000001192092896
11.05,0,0.12148886919021606,-0.09506126493215561,-0.04312628135085106,0.28015777468681335,2.0,0.0,-0.04727434366941452,-0.09529601037502289,1,0,1,1,13.508861541748047,0.0,1.0874295234680176,13.840775489807129,0.4073020815849304,0.050735171884298325,0.4814508557319641,0.23255228996276855,-0.2229187786579132,0.051328979432582855,-0.18417629599571228,0.04840782657265663,0.0,10.600000381469727,33.900001525878906,23.100000381469727,17.299999237060547,0.0,0.0,0.0,0.30000001192092896,0.30000001192092896,0.30000001192092896,0.30000001192092896
11.1,0,0.1220574602484703,-0.09525488317012787,-0.031087761744856834,0.28011542558670044,2.0,0.0,-0.05216467007994652,-0.09554825723171234,1,0,1,1,13.474467277526855,0.0,1.4481723308563232,13.94599723815918,0.40791431069374084,0.05084935948252678,0.4819876253604889,0.23275654017925262,-0.22230982780456543,0.051260147243738174,-0.1835772544145584,0.048476189374923706,0.0,10.600000381469727,33.900001525878906,23.100000381469727,17.299999237060547,0.0,0.0,0.0,0.30000001192092896,0.30000001192092896,0.30000001192092896,0.30000001192092896
11.15,0,0.12267754971981049,-0.09549978375434875,-0.030262278392910957,0.2800922989845276,2.0,0.0,-0.052651770412921906,-0.09579867869615555,1,0,1,1,13.387429237365723,0.0,1.6948189735412598,14.075695037841797,0.4085495173931122,0.050960417836904526,0.48256465792655945,0.2329866737127304,-0.22165408730506897,0.05118396505713463,-0.18295595049858093,0.048537515103816986,0.0,10.600000381469727,33.900001525878906,23.100000381469727,17.299999237060547,0.0,0.0,0.0,0.30000001192092896,0.30000001192092896,0.30000001192092896,0.30000001192092896
11.2,0,0.12331986427307129,-0.09578405320644379,-0.029084935784339905,0.3114515542984009,2.0,0.0,-0.0527266189455986,-0.09608259052038193,1,0,1,1,13.280926704406738,0.0,2.07269549369812,14.087015151977539,0.40920302271842957,0.05106460675597191,0.4831587076187134,0.2332233339548111,-0.22099164128303528,0.051097843796014786,-0.18232713639736176,0.04859304055571556,0.0,10.600000381469727,33.900001525878906,23.100000381469727,17.299999237060547,0.0,0.0,0.0,0.30000001192092896,0.30000001192092896,0.30000001192092896,0.30000001192092896
11.25,0,0.12396898865699768,-0.09605269134044647,-0.0520179457962513,0.2800676226615906,2.0,0.0,-0.048008278012275696,-0.09634795784950256,1,0,1,1,13.499317169189453,0.0,1.279240608215332,13.828241348266602,0.40985652804374695,0.05116082355380058,0.483763188123703,0.23344257473945618,-0.22032438218593597,0.051007457077503204,-0.1816929578781128,0.04864255711436272,0.0,10.600000381469727,33.900001525878906,23.100000381469727,17.299999237060547,0.0,0.0,0.0,0.30000001192092896,0.30000001192092896,0.30000001192092896,0.30000001192092896
11.3,0,0.12460982799530029,-0.09636453539133072,-0.0474841482937336,0.2800440788269043,2.0,0.0,-0.05039199814200401,-0.09669054299592972,1,0,1,1,13.488933563232422,0.0,0.9763140678405762,13.72464656829834,0.41051560640335083,0.051249392330646515,0.4843575656414032,0.23367959260940552,-0.21967799961566925,0.050902485847473145,-0.18105584383010864,0.04868144914507866,0.0,10.600000381469727,33.900001525878906,23.100000381469727,17.299999237060547,0.0,0.0,0.0,0.30000001192092896,0.30000001192092896,0.30000001192092896,0.30000001192092896
11.35,0,0.12527114152908325,-0.09666641056537628,-0.040934477001428604,0.280034601688385,2.0,0.0,-0.05054572969675064,-0.09700633585453033,1,0,1,1,13.44973087310791,0.0,1.6310862302780151,14.047065734863281,0.4111926853656769,0.0513303317129612,0.484966903924942,0.23389916121959686,-0.21899959444999695,0.050788380205631256,-0.1804141402244568,0.04871249198913574,0.0,10.600000381469727,33.900001525878906,23.100000381469727,17.299999237060547,0.0,0.0,0.0,0.30000001192092896,0.30000001192092896,0.30000001192092896,0.30000001192092896
11.4,0,0.12594187259674072,-0.09699653834104538,-0.04356266185641289,0.2800068259239197,2.0,0.0,-0.051361940801143646,-0.09736162424087524,1,0,1,1,13.74380874633789,0.0,1.2226539850234985,13.993861198425293,0.41186919808387756,0.051403094083070755,0.48558947443962097,0.23412351310253143,-0.21832990646362305,0.050665952265262604,-0.17974504828453064,0.04873456433415413,0.0,10.600000381469727,33.900001525878906,23.100000381469727,17.299999237060547,0.0,0.0,0.0,0.30000001192092896,0.30000001192092896,0.30000001192092896,0.30000001192092896
11.45,0,0.12661971151828766,-0.09733763337135315,-0.04374375194311142,0.2799721360206604,2.0,0.0,-0.051560305058956146,-0.09775110334157944,1,0,1,1,13.682502746582031,0.0,1.2727601528167725,13.999581336975098,0.4125632345676422,0.051467712968587875,0.48622849583625793,0.234360009431839,-0.2176588922739029,0.050530627369880676,-0.17905859649181366,0.04874838888645172,0.0,10.600000381469727,33.900001525878906,23.100000381469727,17.299999237060547,0.0,0.0,0.0,0.30000001192092896,0.30000001192092896,0.30000001192092896,0.30000001192092896
11.5,0,0.12730957567691803,-0.09769194573163986,-0.032897982746362686,0.27993690967559814,2.0,0.0,-0.05524216964840889,-0.09815696626901627,1,0,1,1,13.536821365356445,0.0,1.5804810523986816,13.973958969116211,0.41326630115509033,0.0515226349234581,0.48687684535980225,0.2345941662788391,-0.21697551012039185,0.05038158595561981,-0.17836123704910278,0.04875326156616211,0.0,10.600000381469727,33.900001525878906,23.100000381469727,17.299999237060547,0.0,0.0,0.0,0.30000001192092896,0.30000001192092896,0.30000001192092896,0.30000001192092896
11.55,0,0.12801893055438995,-0.09803811460733414,-0.05120330676436424,0.27993589639663696,2.0,0.0,-0.05006679520010948,-0.0985257551074028,1,0,1,1,13.672019958496094,0.0,0.7374052405357361,13.748772621154785,0.41398054361343384,0.051568999886512756,0.4875361919403076,0.23481158912181854,-0.21627682447433472,0.05022883415222168,-0.1776844561100006,0.04875067621469498,0.0,10.600000381469727,33.900001525878906,23.100000381469727,17.299999237060547,0.0,0.0,0.0,0.30000001192092896,0.30000001192092896,0.30000001192092896,0.30000001192092896
11.6,0,0.1287308931350708,-0.09815829992294312,-0.030444279313087463,0.2799239754676819,2.0,0.0,-0.05647605285048485,-0.09860718250274658,1,0,1,1,13.563121795654297,0.0,1.1094518899917603,13.777570724487305,0.41471078991889954,0.05159986764192581,0.4882391095161438,0.2348698526620865,-0.21557164192199707,0.05019591376185417,-0.17696720361709595,0.04873418062925339,0.0,10.600000381469727,33.900001525878906,23.100000381469727,17.299999237060547,0.0,0.0,0.0,0.30000001192092896,0.30000001192092896,0.30000001192092896,0.30000001192092896
11.65,0,0.12946456670761108,-0.09816928952932358,-0.027324965223670006,0.2799457013607025,2.0,0.0,-0.05658706650137901,-0.09850271046161652,1,0,1,1,13.698430061340332,0.0,0.7351127862930298,14.067008018493652,0.41545459628105164,0.0516178235411644,0.4889797568321228,0.23483404517173767,-0.21486380696296692,0.050220001488924026,-0.17625540494918823,0.04871034249663353,0.0,10.600000381469727,33.900001525878906,23.100000381469727,17.299999237060547,0.0,0.0,0.0,0.30000001192092896,0.30000001192092896,0.30000001192092896,0.30000001192092896
11.7,0,0.1302117109298706,-0.09819864481687546,-0.023566439747810364,0.27995064854621887,2.0,0.0,-0.06018291041254997,-0.09839801490306854,1,0,1,1,13.752644538879395,0.0,1.519453525543213,13.793554306030273,0.41620752215385437,0.05162363499403,0.4897044897079468,0.2347947657108307,-0.21412351727485657,0.05023016780614853,-0.17552252113819122,0.048672135919332504,0.0,10.600000381469727,33.900001525878906,23.100000381469727,17.299999237060547,0.0,0.0,0.0,0.30000001192092896,0.30000001192092896,0.30000001192092896,0.30000001192092896
11.75,0,0.13097839057445526,-0.09825009107589722,-0.026141498237848282,0.2799805700778961,2.0,0.0,-0.05641307681798935,-0.09832815825939178,1,0,1,1,13.730513572692871,0.0,1.0780723094940186,13.945755958557129,0.4169774651527405,0.05161794647574425,0.4904455244541168,0.23475752770900726,-0.2133798897266388,0.050231605768203735,-0.1747998744249344,0.04862295463681221,0.0,10.600000381469727,33.900001525878906,23.100000381469727,17.299999237060547,0.0,0.0,0.0,0.30000001192092896,0.30000001192092896,0.30000001192092896,0.30000001192092896
11.8,0,0.1317577362060547,-0.09827826172113419,-0.033323727548122406,0.28001001477241516,2.0,0.0,-0.056557025760412216,-0.09824053943157196,1,0,1,1,13.72863483428955,0.0,1.086957573890686,13.66326904296875,0.4177570343017578,0.05160008370876312,0.49120330810546875,0.23470637202262878,-0.21261721849441528,0.050225622951984406,-0.1740616261959076,0.048562053591012955,0.0,10.600000381469727,33.900001525878906,23.100000381469727,17.299999237060547,0.0,0.0,0.0,0.30000001192092896,0.30000001192092896,0.30000001192092896,0.30000001192092896
11.85,0,0.13251574337482452,-0.09828663617372513,-0.02862360142171383,0.28001752495765686,2.0,0.0,-0.056137874722480774,-0.09815461933612823,1,0,1,1,13.88626480102539,0.0,1.4278768301010132,13.697689056396484,0.41852039098739624,0.051568370312452316,0.49194636940956116,0.23463398218154907,-0.21186669170856476,0.05020400881767273,-0.17331698536872864,0.04848858341574669,0.0,10.600000381469727,33.900001525878906,23.100000381469727,17.299999237060547,0.0,0.0,0.0,0.30000001192092896,0.30000001192092896,0.30000001192092896,0.30000001192092896
11.9,0,0.13329315185546875,-0.09829533845186234,-0.02678750641644001,0.28001105785369873,2.0,0.0,-0.05757315456867218,-0.0980519950389862,1,0,1,1,13.677534103393555,0.0,1.1645445823669434,13.713665008544922,0.4192821979522705,0.05152325704693794,0.49272620677948,0.23455365002155304,-0.21110126376152039,0.05017419904470444,-0.17253369092941284,0.04840116202831268,0.0,10.600000381469727,33.900001525878906,23.100000381469727,17.299999237060547,0.0,0.0,0.0,0.30000001192092896,0.30000001192092896,0.30000001192092896,0.30000001192092896
11.95,0,0.13409201800823212,-0.0983196273446083,-0.02923990786075592,0.2800246477127075,2.0,0.0,-0.05736915022134781,-0.09794703871011734,1,0,1,1,13.759081840515137,0.0,1.092095136642456,13.69895076751709,0.42006367444992065,0.05146322026848793,0.49352073669433594,0.23445507884025574,-0.21032410860061646,0.050134241580963135,-0.17175406217575073,0.0482979379594326,0.0,10.600000381469727,33.900001525878906,23.100000381469727,17.299999237060547,0.0,0.0,0.0,0.30000001192092896,0.30000001192092896,0.30000001192092896,0.30000001192092896
12.0,0,0.13490450382232666,-0.09833850711584091,-0.028977010399103165,0.28002315759658813,2.0,0.0,-0.05646352842450142,-0.09785253554582596,1,0,1,1,14.020784378051758,0.0,1.1235002279281616,13.766798973083496,0.42086276412010193,0.0513879656791687,0.49433252215385437,0.23433871567249298,-0.20953217148780823,0.05007990077137947,-0.17094272375106812,0.0481831319630146,0.0,10.600000381469727,33.900001525878906,23.100000381469727,17.299999237060547,0.0,0.0,0.0,0.30000001192092896,0.30000001192092896,0.30000001192092896,0.30000001192092896
12.05,0,0.13571184873580933,-0.0980532243847847,-0.015883659943938255,0.28000855445861816,2.0,0.0,-0.06183570250868797,-0.0974070355296135,1,0,1,1,13.885010719299316,0.0,0.8459819555282593,13.91972541809082,0.4216771125793457,0.05129231885075569,0.49518468976020813,0.2340366095304489,-0.20875035226345062,0.05017310753464699,-0.17009173333644867,0.048054419457912445,0.0,10.600000381469727,33.900001525878906,23.100000381469727,17.299999237060547,0.0,0.0,0.0,0.30000001192092896,0.30000001192092896,0.30000001192092896,0.30000001192092896
12.1,0,0.1366029530763626,-0.0976090058684349,-0.014805607497692108,0.28009048104286194,2.0,0.0,-0.06421855837106705,-0.09661445766687393,1,0,1,1,14.239907264709473,0.0,0.4664941728115082,14.171507835388184,0.4225369691848755,0.051172833889722824,0.49613267183303833,0.23358646035194397,-0.20786422491073608,0.05034102872014046,-0.16925016045570374,0.04790695756673813,0.0,10.600000381469727,33.900001525878906,23.100000381469727,17.299999237060547,0.0,0.0,0.0,0.30000001192092896,0.30000001192092896,0.30000001192092896,0.30000001192092896
12.15,0,0.13753047585487366,-0.0971815213561058,-0.014450368471443653,0.2801800072193146,2.0,0.0,-0.06248299404978752,-0.09579844772815704,1,0,1,1,14.193174362182617,0.0,0.7975985407829285,13.99448299407959,0.4234224855899811,0.05103112757205963,0.49711424112319946,0.23312155902385712,-0.20696207880973816,0.050500065088272095,-0.16838447749614716,0.0477343387901783,0.0,10.600000381469727,33.900001525878906,23.100000381469727,17.299999237060547,0.0,0.0,0.0,0.30000001192092896,0.30000001192092896,0.30000001192092896,0.30000001192092896
12.2,0,0.13834518194198608,-0.09658000618219376,-0.008399900048971176,0.2803087830543518,2.0,0.0,-0.05753309652209282,-0.09529542922973633,1,0,1,1,13.424909591674805,0.0,1.2044960260391235,14.046290397644043,0.42428353428840637,0.05088506639003754,0.49801066517829895,0.23272059857845306,-0.20612424612045288,0.05064232274889946,-0.1676468700170517,0.047737423330545425,0.0,10.600000381469727,33.900001525878906,23.100000381469727,17.299999237060547,0.0,0.0,0.0,0.30000001192092896,0.30000001192092896,0.30000001192092896,0.30000001192092896
12.25,0,0.13903272151947021,-0.09590368717908859,-0.013525946997106075,0.2804751694202423,2.0,0.0,-0.05823530629277229,-0.09524095058441162,1,0,1,1,13.840438842773438,0.0,1.376140832901001,14.007463455200195,0.4251086413860321,0.05073727294802666,0.498782217502594,0.23243293166160583,-0.20541121065616608,0.05077414959669113,-0.16706568002700806,0.04789746180176735,0.0,10.600000381469727,33.900001525878906,23.100000381469727,17.299999237060547,0.0,0.0,0.0,0.30000001192092896,0.30000001192092896,0.30000001192092896,0.30000001192092896
12.3,0,0.13976483047008514,-0.09528767317533493,-0.01785377413034439,0.2806454002857208,2.0,0.0,-0.059022244065999985,-0.09523704648017883,1,0,1,1,13.635449409484863,0.0,1.0748275518417358,13.857007026672363,0.42594292759895325,0.05057200789451599,0.49960294365882874,0.23217643797397614,-0.20466993749141693,0.050897177308797836,-0.1664486974477768,0.048057522624731064,0.0,10.600000381469727,33.900001525878906,23.100000381469727,17.299999237060547,0.0,0.0,0.0,0.30000001192092896,0.30000001192092896,0.30000001192092896,0.30000001192092896
12.35,0,0.1405307650566101,-0.09472143650054932,-0.014645379036664963,0.2808205485343933,2.0,0.0,-0.05856537073850632,-0.09531097114086151,1,0,1,1,13.572985649108887,0.0,1.0677275657653809,13.889972686767578,0.4267932176589966,0.05039098486304283,0.5004432201385498,0.2319265753030777,-0.20391903817653656,0.051013849675655365,-0.16581259667873383,0.04821499064564705,0.0,10.600000381469727,33.900001525878906,23.100000381469727,17.299999237060547,0.0,0.0,0.0,0.30000001192092896,0.30000001192092896,0.30000001192092896,0.30000001192092896
