timestamp_utc,experiment_id,parent_experiment_id,stage,method,seed,hypothesis,changed_parameters,unchanged_controls,expected_effect,actual_effect,result,next_action,artifact_path
2026-07-27T05:58:37.224406+00:00,isaac_integration_001,,ASSET_VALIDATION,diagnostic,,"canonical asset supports finite stand, wheel signs, and bidirectional small joint motion",fresh isolated validator,"canonical asset, dt, actuator mapping",all tests pass,stand/wheels passed; three negative knee tests immobile on ground,DIAGNOSE,repeat joint sign tests airborne to remove ground-contact confound,C:\robotics_sim\wlr_robot\resume_validation_fsm_residual_ppo\assets\validation\isaac_integration_001.json
2026-07-27T07:06:43+00:00,replay_50mm_direct_attempt001,,REPLAY_VALIDATION,FSM-reference,,"accepted 50 mm commands reproduce the source motion in the DirectRLEnv","full raw timing; initial replay loader","asset; dt; obstacle; zero residual","dispatch 159 events and reach stable top support","159 events dispatched but targets used stale legacy snapshots; terminal auto-reset and legacy collision proxy also contaminated final metrics",INVALIDATED,"reconstruct state from command/expanded_commands and disable all replay terminations",C:\robotics_sim\wlr_robot\resume_validation_fsm_residual_ppo\runs\replay\replay_50mm_direct_attempt001\INVALIDATION.json
2026-07-27T07:16:51+00:00,replay_50mm_semantics_smoke_003,replay_50mm_direct_attempt001,REPLAY_VALIDATION,diagnostic,,"corrected command semantics update targets at the same event without reset","3 s diagnostic truncation; command reconstruction; actual-force collision; disabled termination","asset; dt; obstacle; zero residual","first wheel event immediately commands 0.3 rad/s with finite physical response","first event dispatched at its own timestamp; +0.0599 m progress; no collision/fall/command limit/joint limit/numerical failure",PASS_DIAGNOSTIC,"run complete raw-timing 50 mm replay; diagnostic truncation cannot count as formal success",C:\robotics_sim\wlr_robot\resume_validation_fsm_residual_ppo\runs\diagnostics\replay_direct_50mm_semantics_smoke_003\result.json
2026-07-27T07:17:00+00:00,replay_50mm_direct_attempt002,replay_50mm_direct_attempt001,REPLAY_VALIDATION,FSM-reference,,"corrected exact command dispatch reproduces complete accepted 50 mm motion","full raw timing; reconstructed command state; termination disabled; actual-force collision","asset; dt; obstacle; zero residual; success definition","dispatch all 159 events and evaluate stable top support without resets",RUNNING,RUNNING,"read result and diagnose every failed check before proceeding",C:\robotics_sim\wlr_robot\resume_validation_fsm_residual_ppo\runs\replay\replay_50mm_direct_attempt002
2026-07-27T07:35:42+00:00,replay_50mm_direct_attempt002,replay_50mm_direct_attempt001,REPLAY_VALIDATION,FSM-reference,,"corrected exact command dispatch reproduces complete accepted 50 mm motion","full raw timing; reconstructed command state; termination disabled; actual-force collision; 2 s post dwell","asset; dt; obstacle; zero residual; success definition","dispatch all 159 events and evaluate stable top support without resets","159/159 events; +0.9417 m; all wheels final top; no safety failure; final stable dwell 62/90 steps because observation tail expired",FAIL,"increase observation-only post dwell from 2 s to 3 s; keep actions physics and 1.5 s success unchanged",C:\robotics_sim\wlr_robot\resume_validation_fsm_residual_ppo\runs\replay\replay_50mm_direct_attempt002\audited_result.json
2026-07-27T07:39:42+00:00,replay_50mm_direct_attempt003,replay_50mm_direct_attempt002,REPLAY_VALIDATION,diagnostic,,"full-rate safety evaluation can retain downsampled normal telemetry without losing anomaly evidence","3 s post dwell; every-step JSON serialization","actions; physics; success; every-step safety predicates","measure throughput and retain complete safety coverage","correct physics but excessive serialization overhead; stopped at about 20 s simulated time using exact PID",INVALIDATED,"evaluate safety every step; serialize every third normal frame and force-write every anomalous/terminal frame",C:\robotics_sim\wlr_robot\resume_validation_fsm_residual_ppo\runs\replay\replay_50mm_direct_attempt003\INVALIDATION.json
2026-07-27T07:40:44+00:00,replay_50mm_direct_attempt004,replay_50mm_direct_attempt003,REPLAY_VALIDATION,diagnostic,,"optimized logging preserves every-step safety coverage","optimized normal-frame logging; 3 s post dwell","actions; physics; success definition","start reproducible replay","startup warning showed environment seed unset; stopped before useful progress with exact PID",INVALIDATED,"set and record fixed replay seed then restart",C:\robotics_sim\wlr_robot\resume_validation_fsm_residual_ppo\runs\replay\replay_50mm_direct_attempt004\INVALIDATION.json
2026-07-27T08:02:13+00:00,replay_50mm_direct_attempt005,replay_50mm_direct_attempt002,REPLAY_VALIDATION,FSM-reference,20260727,"seeded raw timing reproduces complete accepted 50 mm traversal","fixed seed; 3 s observation tail; every-step safety checks; normal telemetry stride 3","source commands; asset; physics; success definition","159 events; four-wheel top stable dwell; no safety failure","PASS: +0.941704 m; stable dwell observed; all independent audit checks pass",PASS,"run source-evidence fast/no-cap profile and then 100 mm",C:\robotics_sim\wlr_robot\resume_validation_fsm_residual_ppo\runs\replay\replay_50mm_direct_attempt005\audited_result.json
2026-07-27T08:12:36+00:00,replay_50mm_fast_attempt001,replay_50mm_direct_attempt005,REPLAY_VALIDATION,FSM-reference,20260727,"source fast/no-cap profile preserves physical replay outcome while reducing wall time","fast profile with original per-event short delays and no long-gap cap","source commands; asset; physics; 2 N per-wheel support criterion","dispatch all commands and attain stable four-wheel top support","159/159 events and 269/269 commands; +0.915501 m; all wheels geometrically on top; no safety failure; rear-right final upward force approximately 1.83 N remained below the 2 N reference threshold so stable dwell was never observed",FAIL,"retain this failure unchanged; use authoritative raw timing for the required 100 mm replay because the fast timing changed terminal load distribution",C:\robotics_sim\wlr_robot\resume_validation_fsm_residual_ppo\runs\replay\replay_50mm_fast_attempt001\audited_result.json
2026-07-27T08:15:20+00:00,replay_100mm_direct_attempt001,,REPLAY_VALIDATION,FSM-reference,20260727,"seeded raw timing reproduces complete accepted 100 mm traversal","full raw timing; fixed seed; 3 s observation tail; every-step safety checks; normal telemetry stride 3","source commands; asset; physics; success definition; 2 N support threshold","dispatch all 68 aggregate events and 101 expanded commands; four-wheel top stable dwell; no safety failure",RUNNING,RUNNING,"read result and independently audit every check before enabling downstream FSM work",C:\robotics_sim\wlr_robot\resume_validation_fsm_residual_ppo\runs\replay\replay_100mm_direct_attempt001
2026-07-27T08:24:32+00:00,replay_100mm_direct_attempt001,,REPLAY_VALIDATION,FSM-reference,20260727,"seeded raw timing reproduces complete accepted 100 mm traversal","full raw timing; fixed seed; 3 s observation tail; every-step safety checks; normal telemetry stride 3","source commands; asset; physics; success definition; 2 N support threshold","dispatch all 68 aggregate events and 101 expanded commands; four-wheel top stable dwell; no safety failure","68/68 events and 101/101 commands; +0.758307 m; no safety fault; front wheels top but rear wheels remained at riser, matching the partial endpoint encoded by the source recording",FAIL,"retain as a failed traversal and use it only as a partial 100 mm FSM reference; add contact-gated rear transfer on the development split",C:\robotics_sim\wlr_robot\resume_validation_fsm_residual_ppo\runs\replay\replay_100mm_direct_attempt001\diagnosis.md
2026-07-27T08:26:14+00:00,runtime_fk_validation_001,,KINEMATICS_VALIDATION,diagnostic,2026072701,"analytic FK matches Isaac wheel centers for at least 1000 safe configurations","post-step wheel centers compared with pre-step commanded joint positions","asset; sampled command envelope; airborne placement","maximum error below 0.5 mm","p95 error 2.36 micrometres but sparse 7.98 mm outliers occurred because dynamics moved joints between the mismatched timestamps",INVALIDATED,"compare body positions with actual joint positions from the same post-step state",C:\robotics_sim\wlr_robot\resume_validation_fsm_residual_ppo\runs\diagnostics\runtime_fk_validation_001.json
2026-07-27T08:27:01+00:00,runtime_fk_validation_002,runtime_fk_validation_001,KINEMATICS_VALIDATION,diagnostic,2026072701,"same-time actual joint positions remove validator-only dynamic mismatch","post-step actual joint positions and wheel centers; fixed environment seed","asset; 1024 sampled configurations; safe envelope; 0.5 mm tolerance","all 4096 leg comparisons pass","PASS: max 3.821 micrometres; RMS 0.781 micrometres; no safe-limit violation or external contact",PASS,"run full vector residual-environment validation",C:\robotics_sim\wlr_robot\resume_validation_fsm_residual_ppo\runs\diagnostics\runtime_fk_validation_002.json
2026-07-27T08:28:24+00:00,residual_env_validation_002,,ENV_VALIDATION,diagnostic,20260727,"16-env 500+ step run preserves exact zero residual and finite observations","automatic termination allowed during post-step equality assertion","asset; environment; zero actions; 520 control steps","finite contact and observations; exact zero residual","finite 96-D/146-D observations but equality assertion compared pre-reset targets with post-reset references after phase-timeout resets",INVALIDATED,"disable automatic termination only in the same-step equality validator; separately assert explicit vector reset",C:\robotics_sim\wlr_robot\resume_validation_fsm_residual_ppo\runs\diagnostics\residual_env_validation_002.json
2026-07-27T08:30:10+00:00,residual_env_validation_003,residual_env_validation_002,ENV_VALIDATION,diagnostic,20260727,"same-episode target/reference comparison verifies exact zero residual without losing reset coverage","standing external reference for 180-step contact settle; disabled automatic termination for equality; explicit reset check; 300 zero and 40 random steps","asset; environment; action bounds; observation schemas","all checks pass","PASS: all 16 environments had four supported wheels after settling; exact servo and wheel errors were 0; explicit reset and 96-D actor/146-D critic observations finite",PASS,"begin contact-gated FSM development",C:\robotics_sim\wlr_robot\resume_validation_fsm_residual_ppo\runs\diagnostics\residual_env_validation_003.json
2026-07-27T08:42:30+00:00,fsm_dev_50mm_attempt001,,FSM_DEVELOPMENT,FSM-only,20260727,"wheel-distance-preserving reference plus physical contact gates traverses the first perturbed 50 mm development scenario","zero residual; one scenario; contact event required at phase boundary but not latched","asset; metrics; development scenario; safe commands","reach stable four-wheel top support","reached phase 5 and +0.725467 m but timed out because both-front-top had occurred earlier and was no longer simultaneous at the planned boundary",FAIL,"latch each physical exit milestone after 3-step debounce for the remainder of its phase",C:\robotics_sim\wlr_robot\resume_validation_fsm_residual_ppo\runs\fsm\development_50mm_attempt001\result.json
2026-07-27T08:56:46+00:00,fsm_dev_50mm_attempt002,fsm_dev_50mm_attempt001,FSM_DEVELOPMENT,FSM-only,20260727,"latched contact milestones let the source-derived FSM progress through transient lift/place contacts","3-step debounced milestone latch; contact/force/position status telemetry; rear-transfer 0.3 rad/s fallback","asset; metrics; scenario; actuator limits","advance beyond phase 5 and reach stable success without collision","advanced through phase 8 and +0.987524 m, but a non-wheel collision occurred while a linearly interpolated manual servo target swept the lifted rear-left leg through an unsafe path",FAIL,"restore the accepted log's zero-order-hold actuator-target semantics; retain physical drive dynamics and all contact gates",C:\robotics_sim\wlr_robot\resume_validation_fsm_residual_ppo\runs\fsm\development_50mm_attempt002\result.json
2026-07-27T08:59:20+00:00,fsm_dev_50mm_attempt003,fsm_dev_50mm_attempt002,FSM_DEVELOPMENT,FSM-only,20260727,"zero-order-held accepted actuator targets remove the interpolation-only collision path","zero-order hold for servo and wheel commands; latched contact gates; rear-transfer fallback","asset; metrics; scenario; actuator limits; wheel travel integral","reach stable four-wheel top support without safety termination",RUNNING,RUNNING,"inspect live status and final raw episode before choosing the next development change",C:\robotics_sim\wlr_robot\resume_validation_fsm_residual_ppo\runs\fsm\development_50mm_attempt003
2026-07-27T08:59:20.286Z,fsm_dev_50mm_attempt003,fsm_dev_50mm_attempt002,FSM_DEVELOPMENT,FSM-only,20260727,"zero-order-held accepted actuator targets remove the interpolation-only collision path","zero-order hold for servo and wheel commands; latched contact gates; rear-transfer fallback","asset; metrics; first perturbed 50 mm development scenario","reach stable four-wheel top support without safety termination","PASS: stable success at 133.3167 s; +1.140915 m; minimum support margin 0.132391 m; pitch-rate RMS 0.061282 rad/s; no safety termination",PASS,"continue 100 mm development; rerun 50 mm after final FSM configuration is fixed",C:\robotics_sim\wlr_robot\resume_validation_fsm_residual_ppo\runs\fsm\development_50mm_attempt003\result.json
2026-07-27T09:11:30.051Z,fsm_dev_100mm_attempt001,,FSM_DEVELOPMENT,FSM-only,20260727,"partial 100 mm reference plus contact gates traverses the first perturbed 100 mm development scenario","pre-fix initialization; zero residual; one scenario","asset; metrics; development scenario","reach stable four-wheel top support without safety termination","immediate body/link collision caused by scenario pose application before nominal physical settling",INVALIDATED,"settle nominal standing before scenario placement and derive pitched root height from wheel geometry",C:\robotics_sim\wlr_robot\resume_validation_fsm_residual_ppo\runs\fsm\development_100mm_attempt001\result.json
2026-07-27T09:14:11.577Z,fsm_dev_100mm_attempt002,fsm_dev_100mm_attempt001,FSM_DEVELOPMENT,FSM-only,20260727,"corrected initialization removes validator-induced collision","120 physics-step settle before scenario placement; zero residual; one scenario","asset; metrics; development scenario","advance beyond approach contact gate","initialized without collision and advanced to phase 2, then timed out without front contact at 12.35 s after +0.124 m",FAIL,"add a conservative 0.3 rad/s forward wheel fallback while phase-2 front contact is absent",C:\robotics_sim\wlr_robot\resume_validation_fsm_residual_ppo\runs\fsm\development_100mm_attempt002\result.json
2026-07-27T09:17:09.146Z,fsm_dev_100mm_attempt003,fsm_dev_100mm_attempt002,FSM_DEVELOPMENT,FSM-only,20260727,"approach fallback reaches contact and allows the partial reference to advance","contact-gated 0.3 rad/s approach/rear-transfer fallback; timeout scale 2","asset; metrics; development scenario","reach rear transfer without safety termination","advanced safely through phase 7; rear wheels moved toward the riser but the partial 100 mm source contained no rear-leg lift/place commands and phase 7 timed out at 59.75 s",FAIL,"reuse the physically successful 50 mm rear-leg reference without changing contact gates",C:\robotics_sim\wlr_robot\resume_validation_fsm_residual_ppo\runs\fsm\development_100mm_attempt003\result.json
2026-07-27T09:24:05.962Z,fsm_dev_100mm_attempt004,fsm_dev_100mm_attempt003,FSM_DEVELOPMENT,FSM-only,20260727,"50 mm rear-leg lift/place commands can complete the missing portion of the partial 100 mm reference","phase-7/8-only rear-channel substitution; timeout scale 4; zero residual","asset; metrics; development scenario; command envelope","reach rear transfer and stable four-wheel top support without safety termination","phase-7 entry jumped rear references from [-0.7 0 -0.7 0] to [24.2 0 29.8 -44.8] deg; pitch rate peaked at 0.9248 rad/s and body/link collision terminated the run",FAIL,"apply complete 50 mm rear channels from time zero and retain their slower source time base",C:\robotics_sim\wlr_robot\resume_validation_fsm_residual_ppo\runs\fsm\development_100mm_attempt004\diagnosis.md
2026-07-27T09:32:22.403Z,fsm_dev_100mm_attempt005,fsm_dev_100mm_attempt004,FSM_DEVELOPMENT,FSM-only,20260727,"continuous complete-source rear channels remove the proven phase-boundary discontinuity","50 mm rear channels from time zero; slower complete-source duration at all heights; zero residual; one scenario","asset; metrics; scenario; contact gates; safety thresholds","reach stable four-wheel top support without safety termination","phase 5 stalled at u=0.50 for 31.15 s before the 100 mm source's front-leg placement; its held 0.3 rad/s command added 0.448 m travel and put both rear wheels at the riser before rear-leg preparation, ending in collision at 84.433 s",FAIL,"use the source-evidenced u=0.574 phase-5 boundary at 100 mm and zero wheel speed during non-recovery gate waits",C:\robotics_sim\wlr_robot\resume_validation_fsm_residual_ppo\runs\fsm\development_100mm_attempt005\diagnosis.md
2026-07-27T09:45:30.179Z,fsm_dev_100mm_attempt006,fsm_dev_100mm_attempt005,FSM_DEVELOPMENT,FSM-only,20260727,"height-conditioned phase timing and zero-speed gate waits remove excess gate travel","100 mm phase-5 upper u=0.574; height interpolation; zero wheel speed at non-recovery gates; terminal per-link force capture","asset; metrics; scenario; contact and 5 N collision thresholds","complete front placement and begin rear preparation without excess approach travel or collision","gate overtravel was removed, but the unwarped 50 mm rear-left hip preparation began during 100 mm front placement; roll reached -0.1230 rad and base_link contact reached 5.1133 N at 69.10 s",FAIL,"continuously time-warp the rear reference so its u=0.50 preparation point follows height-specific front placement",C:\robotics_sim\wlr_robot\resume_validation_fsm_residual_ppo\runs\fsm\development_100mm_attempt006\diagnosis.md
2026-07-27T09:53:50.895Z,fsm_dev_100mm_attempt007,fsm_dev_100mm_attempt006,FSM_DEVELOPMENT,FSM-only,20260727,"continuous rear timing after front placement removes premature body contact","height-conditioned rear time map; source-evidenced phase boundary; zero-speed gate waits","asset; metrics; scenario; contact and 5 N collision thresholds","finish front placement and rear preparation without body/link collision","crossed the prior 69.10 s failure and entered phase 6, but the held 0.3 rad/s source wheel command advanced base x by 70.6 mm during rear preparation; base_link contact reached 38.5535 N at 78.833 s",FAIL,"hold wheel speeds at zero throughout BODY_TRANSFER and retain contact-gated rolling only in phases 7-8",C:\robotics_sim\wlr_robot\resume_validation_fsm_residual_ppo\runs\fsm\development_100mm_attempt007\diagnosis.md
2026-07-27T10:03:01.345Z,fsm_dev_100mm_attempt008,fsm_dev_100mm_attempt007,FSM_DEVELOPMENT,FSM-only,20260727,"zero-speed BODY_TRANSFER prevents source wheel motion from pushing the straddling base across the edge","phase-6 wheel hold; continuous rear time map; contact-gated phase-7/8 recovery","asset; metrics; scenario; contact and 5 N collision thresholds","complete rear preparation without base/link contact","phase-6 travel fell to 18.7 mm and base_link force fell to 19.0039 N, but sequential left-then-right rear preparation still created a diagonal load transient and collision at 78.85 s",FAIL,"synchronize both rear hips during BODY_TRANSFER while preserving recorded-safe endpoints and wheel hold",C:\robotics_sim\wlr_robot\resume_validation_fsm_residual_ppo\runs\fsm\development_100mm_attempt008\diagnosis.md
2026-07-27T10:15:04.437Z,fsm_dev_100mm_attempt009,fsm_dev_100mm_attempt008,FSM_DEVELOPMENT,FSM-only,20260727,"synchronized rear hips remove the diagonal BODY_TRANSFER transient","height-blended smoothstep rear coordination; phase-6 wheel hold; continuous endpoints","asset; metrics; scenario; contact and 5 N collision thresholds","complete rear preparation without base/link contact","roll fell to 0.0380 rad and base_link contact fell to 9.3215 N, but pitch reached -0.1239 rad because the short active front-leg posture did not provide enough edge clearance",FAIL,"first extend front support to the recorded 100 mm recovery posture, then synchronize rear preparation",C:\robotics_sim\wlr_robot\resume_validation_fsm_residual_ppo\runs\fsm\development_100mm_attempt009\diagnosis.md
2026-07-27T10:35:11.236Z,fsm_dev_100mm_attempt010,fsm_dev_100mm_attempt009,FSM_DEVELOPMENT,FSM-only,20260727,"staged front support removes phase-6 body contact and permits rear-wheel transfer","recorded-safe front extension; synchronized rear preparation; phase-6 wheel hold; contact-gated rear roll","asset; metrics; scenario; contact and joint-limit thresholds","reach stable four-wheel top support without safety termination","no body/link collision; right-rear top and left-rear front-face contact; +0.843341 m progress; +0.158809 m minimum support margin; strict JOINT_LIMIT at 124.35 s while terminal reference contained recorded-envelope endpoints",FAIL,"repeat unchanged scenario with first-violation joint-position diagnostics before selecting any command change",C:\robotics_sim\wlr_robot\resume_validation_fsm_residual_ppo\runs\fsm\development_100mm_attempt010\diagnosis.md
2026-07-27T10:49:15.984Z,fsm_dev_100mm_attempt011,fsm_dev_100mm_attempt010,FSM_DEVELOPMENT,FSM-only,20260727,"unchanged reproduction identifies the exact source of the attempt-010 joint-limit termination","identical controller and scenario; first-violation joint diagnostics only","controller; asset; metrics; scenario; all thresholds","reproduce termination and measure the actual violating joint before tuning","bit-identical telemetry; only rear_right_hip violated; raw position exceeded recorded upper limit plus unchanged 2 degree tolerance by 0.0000605394 rad (0.0034686 deg)",DIAGNOSTIC_FAIL,"keep every FSM servo reference 1 degree inside the recorded command envelope and rerun",C:\robotics_sim\wlr_robot\resume_validation_fsm_residual_ppo\runs\fsm\development_100mm_attempt011\diagnosis.md
2026-07-27T11:03:51.590Z,fsm_dev_100mm_attempt012,fsm_dev_100mm_attempt011,FSM_DEVELOPMENT,FSM-only,20260727,"a 1 degree command-envelope margin removes the measured joint overshoot and permits full four-wheel traversal","1 degree FSM target inset; staged front support; coordinated rear transfer; unchanged physical tolerances","asset; metrics; scenario; contact and safety thresholds","reach stable four-wheel top support without joint-limit or body/link termination","passed the former joint-limit point and reached all-four top plus DRIVE_CLEAR; held asymmetric rear transfer pose grew roll to about 0.078 rad, unloaded front-right wheel, and caused front_right_bot contact at 7.29096 N and 145.5167 s",FAIL,"smoothly recover the rear legs to the exact successful 50 mm final pose during phase 9 after both-rear-top contact",C:\robotics_sim\wlr_robot\resume_validation_fsm_residual_ppo\runs\fsm\development_100mm_attempt012\diagnosis.md
2026-07-27T11:21:54.893Z,fsm_dev_100mm_attempt013,fsm_dev_100mm_attempt012,FSM_DEVELOPMENT,FSM-only,20260727,"post-transfer rear recovery levels the platform support and prevents the prior early front-link contact","full smoothstep toward successful 50 mm final rear pose in phase 9","asset; metrics; scenario; all thresholds","maintain four-wheel load and complete stable dwell without collision","roll decreased to about 0.0081 rad and contact was delayed to 149.433 s, but full recovery lifted rear-left to 0.18172 m with zero load and eventually caused 7.35687 N front_right_bot contact; at 10% recovery all four forces were 6.13/6.64/7.96/6.52 N",FAIL,"cap recovery at the measured 10% balanced-load point and hold it",C:\robotics_sim\wlr_robot\resume_validation_fsm_residual_ppo\runs\fsm\development_100mm_attempt013\diagnosis.md
2026-07-27T11:37:47.804Z,fsm_dev_100mm_attempt014,fsm_dev_100mm_attempt013,FSM_DEVELOPMENT,FSM-only,20260727,"holding the measured 10% rear recovery point maintains a static four-wheel equilibrium","smoothstep capped at 10% of recorded final-rear direction","asset; metrics; scenario; all thresholds","maintain every wheel above 2 N and complete stable dwell without collision","the 132 s balanced forces were transient; after the fixed reference settled the split returned to 11.79/0.00/2.82/14.35 N and front_right_bot contact reached 26.8161 N at 145.55 s",FAIL,"add bounded contact-driven front-wheel load trim through validated IK during RECOVER/DRIVE_CLEAR",C:\robotics_sim\wlr_robot\resume_validation_fsm_residual_ppo\runs\fsm\development_100mm_attempt014\diagnosis.md
2026-07-27T11:53:51.694Z,fsm_dev_100mm_attempt015,fsm_dev_100mm_attempt014,FSM_DEVELOPMENT,FSM-only,20260727,"bounded contact-driven front trim restores the unloaded front-right support","2/4 N hysteresis; 2.5 mm/s; 10 mm maximum; validated IK and recorded joint envelope","asset; metrics; scenario; all thresholds","maintain all four forces above 2 N and complete stable dwell without collision","3.583 mm trim produced measured 9.80/2.32/4.56/12.02 N forces, but continued extension to 6.875 mm caused 5.07742 N front_right_bot contact at 134.3167 s",FAIL,"tighten the extension bound to the measured 3.5 mm supported point",C:\robotics_sim\wlr_robot\resume_validation_fsm_residual_ppo\runs\fsm\development_100mm_attempt015\diagnosis.md
2026-07-27T12:08:09.380Z,fsm_dev_100mm_attempt016,fsm_dev_100mm_attempt015,FSM_DEVELOPMENT,FSM-only,20260727,"a measured 3.5 mm front-right extension cap maintains four-wheel static support","2/4 N hysteresis; 2.5 mm/s; 3.5 mm maximum; validated IK","asset; metrics; scenario; all thresholds","maintain all four forces above 2 N and complete stable dwell without collision","front-right remained at 0 N after the trim reached its 3.5 mm cap; front_right_bot contact reached 24.1183 N at 145.5333 s",FAIL,"reject unloaded-leg extension and instead shorten the currently high-load legs to unload the dominant diagonal",C:\robotics_sim\wlr_robot\resume_validation_fsm_residual_ppo\runs\fsm\development_100mm_attempt016\diagnosis.md
2026-07-27T12:23:30.028Z,fsm_dev_100mm_attempt017,fsm_dev_100mm_attempt016,FSM_DEVELOPMENT,FSM-only,20260727,"shortening the high-load FL/RR diagonal redistributes support onto front-right","4/8 N unload hysteresis; 1.5 mm/s; 5 mm maximum; validated IK","asset; metrics; scenario; all thresholds","restore front-right force and complete stable dwell without collision","FL/RR both reached 5 mm radial shortening but front-right remained at 0 N; front_right_bot contact reached 10.4382 N at 145.5167 s",FAIL,"run a vectorized 25-candidate phase-9 front-right wheel-center offset grid instead of further serial guesses",C:\robotics_sim\wlr_robot\resume_validation_fsm_residual_ppo\runs\fsm\development_100mm_attempt017\diagnosis.md
2026-07-27T12:34:00.000Z,fsm_diag_100mm_recovery_grid_001,fsm_dev_100mm_attempt017,FSM_DEVELOPMENT,FSM-only,20260727,"a bounded front-right wheel-center offset during phases 9 and 10 can remove the diagonal support split","25-candidate dx/dz grid; rejected unload loop disabled","asset; metrics; first 100 mm development scenario; all safety thresholds","identify at least one strict-success recovery geometry","audit found that the offset ramp reset discontinuously at phase 10; all candidates were still in phase 5 before any offset was applied, and exact PID 142060 was stopped",INVALIDATED,"hold the phase-9 endpoint continuously through phase 10 and rerun as grid 002",C:\robotics_sim\wlr_robot\resume_validation_fsm_residual_ppo\runs\fsm\diagnostic_100mm_recovery_grid_001\INVALIDATION.json
2026-07-27T12:49:34.445Z,fsm_diag_100mm_recovery_grid_002,fsm_diag_100mm_recovery_grid_001,FSM_DEVELOPMENT,FSM-only,20260727,"a continuous bounded front-right wheel-center offset through phases 9 and 10 can remove the diagonal support split","25-candidate dx/dz grid with continuous phase-10 hold; rejected unload loop disabled","asset; metrics; first 100 mm development scenario; all safety thresholds","identify at least one strict-success recovery geometry","0/25 strict successes and all first terminal classifications were BODY_OR_LINK_COLLISION; front-right-only geometry is rejected; detailed terminal tensors for 24 candidates were overwritten after auto-reset, while latched success and failure classifications remain valid",FAIL,"repeat identical grid with immediate first-terminal snapshot capture to obtain trustworthy geometry evidence",C:\robotics_sim\wlr_robot\resume_validation_fsm_residual_ppo\runs\fsm\diagnostic_100mm_recovery_grid_002\diagnosis.md
2026-07-27T13:05:10.000Z,fsm_diag_100mm_recovery_grid_003,fsm_diag_100mm_recovery_grid_002,FSM_DEVELOPMENT,FSM-only,20260727,"immediate first-terminal snapshots reproduce the 0/25 front-right-only result and reveal the physical failure plane","identical 25-candidate front-right dx/dz grid; recorder copies terminal tensors at first done","asset; controller; metrics; first 100 mm development scenario; all safety thresholds","obtain trustworthy terminal geometry without changing physical outcomes","0/25 strict successes; 22 phase-10 and 3 phase-9 front_right_bot collisions; zero-offset control reproduced 145.55 s and 26.8161 N; best-lived candidate reached 145.85 s but front-right support stayed 0 N at wheel-center z 0.11295 m",FAIL,"test the registered common-height plus right-side differential body-pose grid with IK fallback audit",C:\robotics_sim\wlr_robot\resume_validation_fsm_residual_ppo\runs\fsm\diagnostic_100mm_recovery_grid_003\diagnosis.md
2026-07-27T13:19:30.000Z,fsm_diag_100mm_body_pose_grid_004,fsm_diag_100mm_recovery_grid_003,FSM_DEVELOPMENT,FSM-only,20260727,"a coordinated common-height and right-side height differential during phases 9-10 restores the top support plane","25-candidate common z +/-10 mm and right delta +/-5 mm grid; zero-offset control; IK fallback audit","asset; controller; metrics; first 100 mm development scenario; all safety thresholds","identify a fully applied strict-success support-plane candidate","0/25 successes; all front_right_bot collisions; 17 candidates had zero IK fallback and still failed; best fully applied candidate reached 145.80 s with front-right support 0 N and wheel-center z 0.11266 m",FAIL,"move the intervention earlier and grid-search front-right hip/knee support posture during phase 6 inside the recorded-safe envelope",C:\robotics_sim\wlr_robot\resume_validation_fsm_residual_ppo\runs\fsm\diagnostic_100mm_body_pose_grid_004\diagnosis.md
2026-07-27T14:12:13.956Z,fsm_diag_100mm_front_support_grid_005,fsm_diag_100mm_body_pose_grid_004,FSM_DEVELOPMENT,FSM-only,20260727,"an earlier recorded-safe front-right support posture clears the post-transfer front link and restores stable four-wheel support","25-candidate phase-6 front-right hip/knee offset grid; continuous hold through phase 10; clamp and IK audits","asset; controller; metrics; first 100 mm development scenario; all safety thresholds","identify a fully applied strict-success early support posture","0/25 strict successes; 23 collisions and 2 global timeouts; all candidates had zero IK fallback and zero command clamp; candidate -3/-15 deg entered phase 10 without collision but timed out with FL/FR/RL/RR forces 0.09/14.79/13.86/0.00 N",FAIL,"hold the collision-free posture and independently extend only its measured unloaded front-left/rear-right diagonal by 0-6 mm during phases 9-10",C:\robotics_sim\wlr_robot\resume_validation_fsm_residual_ppo\runs\fsm\diagnostic_100mm_front_support_grid_005\diagnosis.md
2026-07-27T14:13:19.000Z,fsm_diag_100mm_unloaded_diagonal_grid_006,fsm_diag_100mm_front_support_grid_005,FSM_DEVELOPMENT,FSM-only,20260727,"the registered unloaded-diagonal grid starts in an auditable fresh output directory","unchanged grid; initial launcher pre-created its output directory","source; controller; physics parameters; scenario; thresholds","initialize Isaac and execute 25 candidates","diagnostic rejected the existing output directory with FileExistsError before environment construction or any candidate step",INVALIDATED,"preserve the empty directory and logs; launch unchanged physical experiment as grid 007 without pre-creating its output directory",C:\robotics_sim\wlr_robot\resume_validation_fsm_residual_ppo\runs\fsm\diagnostic_100mm_front_support_unloaded_diagonal_grid_006\INVALIDATION.json
2026-07-27T14:45:00.000Z,fsm_diag_100mm_unloaded_diagonal_grid_007,fsm_diag_100mm_unloaded_diagonal_grid_006,FSM_DEVELOPMENT,FSM-only,20260727,"extending the measured unloaded front-left/rear-right diagonal restores the all-wheel support dwell around the collision-free front-right posture","fixed -3/-15 deg front-right support offset; independent 0-6 mm FL/RR phase-9/10 extension grid","asset; metrics; first 100 mm development scenario; all safety thresholds","identify a fully applied strict-success support balance","0/25 successes; 18 collisions and 7 timeouts; all candidates had zero IK fallback/clamp; every collision-free timeout retained RR=0 N; late phase-10 collisions shared -1.32/-1.31/0/0 wheel commands and front-right fell to z about 0.113 m",FAIL,"reject static diagonal extension; formalize the twice-reproduced collision-free support posture and replace post-transfer front-wheel reversal with height-conditioned all-wheel +0.3 rad/s at 100 mm",C:\robotics_sim\wlr_robot\resume_validation_fsm_residual_ppo\runs\fsm\diagnostic_100mm_front_support_unloaded_diagonal_grid_007\diagnosis.md
2026-07-27T15:04:00.000Z,fsm_dev_100mm_attempt018,fsm_diag_100mm_unloaded_diagonal_grid_007,FSM_DEVELOPMENT,FSM-only,20260727,"the collision-free front support posture plus all-wheel post-transfer forward drive prevents the measured front-wheel reversal and completes stable dwell","front support target 6.2/2.3/1.8/-4.4 deg; phase-9/10 height-conditioned all-wheel +0.3 rad/s at 100 mm","asset; metrics; first 100 mm development scenario; all safety thresholds","reach strict stable four-wheel top support without collision","front reversal was removed and progress reached 1.113575 m; legacy telemetry showed 6.86/9.67/6.75/10.86 N contact-force magnitudes at 138.05 s, but these were later found not to be upward components; front_right_bot reached 10.0646 N at 142.0333 s",FAIL,"audit the actual upward-force predicate before interpreting the apparent support point",C:\robotics_sim\wlr_robot\resume_validation_fsm_residual_ppo\runs\fsm\development_100mm_attempt018\diagnosis.md
2026-07-27T15:20:00.000Z,fsm_dev_100mm_attempt019,fsm_dev_100mm_attempt018,FSM_DEVELOPMENT,FSM-only,20260727,"stopping post-transfer drive when the unchanged four-wheel upward-force predicate is met captures the apparent balanced state","same attempt-018 controller plus upward-force-triggered drive/stop switching","asset; metrics; first 100 mm development scenario; all safety thresholds","hold strict stable support for the unchanged 1.5 s dwell","episode and telemetry hashes were bit-identical to attempt 018; audit found legacy contact_force_n telemetry was magnitude while the trigger/success use world-Z, so the apparent upward-support premise was invalid",DIAGNOSTIC_FAIL,"add explicit upward-force telemetry and repeat unchanged as attempt 020 before selecting another physical change",C:\robotics_sim\wlr_robot\resume_validation_fsm_residual_ppo\runs\fsm\development_100mm_attempt019\diagnosis.md
2026-07-27T15:44:49.000Z,fsm_dev_100mm_attempt020,fsm_dev_100mm_attempt019,FSM_DEVELOPMENT,FSM-only,20260727,"explicit world-Z telemetry will determine whether the unchanged four-wheel upward-force predicate ever occurs","instrumentation only: add per-wheel world-Z force columns and terminal fields","asset; controller; physics; metrics; first 100 mm development scenario; all safety thresholds","reproduce attempt 019 and measure the actual all-wheel upward-force dwell","shared 2841x44 telemetry values were identical to attempt 019; 0/301 phase-9/10 samples met every upward force >=2 N; best minimum was front-right 1.1544 N at 138.05 s; same front_right_bot 10.0646 N collision at 142.0333 s",FAIL,"vary only the provisional rear recovery cap over 0/5/10/15/20% with five repetitions each and retain explicit upward-force terminal evidence",C:\robotics_sim\wlr_robot\resume_validation_fsm_residual_ppo\runs\fsm\development_100mm_attempt020\diagnosis.md
2026-07-27T16:21:49.000Z,fsm_diag_100mm_rear_recovery_grid_008,fsm_dev_100mm_attempt020,FSM_DEVELOPMENT,FSM-only,20260727,"the provisional rear recovery path cap controls the diagonal load transfer and can produce the unchanged all-wheel upward-force dwell","rear recovery maximum 0/5/10/15/20 percent; five repetitions per value; explicit terminal upward-force audit","asset; front support target; post-transfer wheel speed; metrics; first 100 mm development scenario; all safety thresholds","identify a strict-success rear recovery fraction","0/25 successes; 22 collisions and 3 timeouts; 12 phase-8 collisions preceded the intervention; every late collision was front_right_bot; timeout branches at 0/10/20 percent all had front-right 0 N and rear-left below 1 N upward force",FAIL,"reject rear recovery fraction alone; vary only phase-9/10 rear-right extension over the measured 0-20 mm support-plane gap with Latin-rotated repetitions",C:\robotics_sim\wlr_robot\resume_validation_fsm_residual_ppo\runs\fsm\diagnostic_100mm_rear_recovery_blend_grid_008\diagnosis.md
2026-07-27T16:36:52.000Z,fsm_diag_100mm_rear_right_extension_grid_009,fsm_diag_100mm_rear_recovery_grid_008,FSM_DEVELOPMENT,FSM-only,20260727,"extending the rear-right wheel through its measured 0-20 mm top-plane gap loads it early enough to overlap front-right support","phase-9/10 rear-right extension 0/5/10/15/20 mm; five Latin-rotated repetitions","asset; formal rear recovery; front support target; post-transfer wheel speed; metrics; first 100 mm development scenario; all safety thresholds","identify a fully applied strict-success rear-right support extension","0/25 successes; fully applied 10/15 mm branches loaded rear-right near 14 N and produced three collision-free timeouts, but front-right stayed 0 N and rear-left below 1.1 N; 20 mm timeout had 639 IK fallbacks",FAIL,"fix reachable 15 mm rear-right extension and vary only common front-right/rear-left extension 0/2/4/6/8 mm with trajectory-wide upward-force dwell audit",C:\robotics_sim\wlr_robot\resume_validation_fsm_residual_ppo\runs\fsm\diagnostic_100mm_rear_right_support_extension_grid_009\diagnosis.md
2026-07-27T16:51:19.000Z,fsm_diag_100mm_front_right_rear_left_grid_010,fsm_diag_100mm_rear_right_extension_grid_009,FSM_DEVELOPMENT,FSM-only,20260727,"fixed reachable rear-right support plus extension of the unloaded front-right/rear-left diagonal creates strict top support","rear-right fixed 15 mm; common front-right/rear-left 0/2/4/6/8 mm; five Latin-rotated repetitions","asset; formal rear recovery; front support target; post-transfer wheel speed; metrics; first 100 mm development scenario; all safety thresholds","identify a fully applied strict-success unloaded-diagonal extension and measure its top-support dwell","0/25 successes; 18 collisions and 7 timeouts; all candidates zero IK fallback; new historical dwell fields incorrectly included initial ground support and are invalid for top-capture ranking",DIAGNOSTIC_FAIL,"repeat the identical physical grid as 011 after restricting only the diagnostic accumulator to phase-9/10 formal full-top eligibility",C:\robotics_sim\wlr_robot\resume_validation_fsm_residual_ppo\runs\fsm\diagnostic_100mm_front_right_rear_left_support_grid_010\diagnosis.md
2026-07-27T17:07:33.000Z,fsm_diag_100mm_front_right_rear_left_grid_011,fsm_diag_100mm_front_right_rear_left_grid_010,FSM_DEVELOPMENT,FSM-only,20260727,"the unchanged grid with corrected accumulator reveals whether any candidate reaches force-independent formal top eligibility","instrumentation only: restrict historical support audit to phase-9/10 formal full-top geometry, support, tilt, angular velocity, and active state","all physical candidates; asset; controller; physics; scenario; metrics; safety thresholds","reproduce grid 010 and obtain valid top-capture support quality","all 25 scalar first-terminal records reproduced exactly; 0/25 successes; no candidate had one force-independent full-top eligible sample, so corrected dwell was 0 s and best force null",DIAGNOSTIC_FAIL,"return to unchanged formal controller and add per-wheel full-top, wheel-y, aggregate eligibility, and support-score telemetry as attempt 021",C:\robotics_sim\wlr_robot\resume_validation_fsm_residual_ppo\runs\fsm\diagnostic_100mm_front_right_rear_left_support_grid_011\diagnosis.md
2026-07-27T17:26:15.000Z,fsm_dev_100mm_attempt021,fsm_diag_100mm_front_right_rear_left_grid_011,FSM_DEVELOPMENT,FSM-only,20260727,"explicit geometry telemetry identifies why grid 011 never entered force-independent formal top eligibility","instrumentation only: per-wheel full-top flags; aggregate eligibility; support score; wheel y positions","asset; controller; physics; first 100 mm development scenario; force and safety thresholds","reproduce attempt 020 and isolate the geometric blocker","all 2841 rows and 48 shared columns matched attempt 020; all four formal full-top flags held for 52 samples/2.60 s with support score about 0.9999, but inherited aggregate eligibility was always false because it included a link-center bounding-box proxy; all-wheel upward force still never reached 2 N",DIAGNOSTIC_FAIL,"remove only the legacy geometry proxy from the formal aggregate in the project subclass, retain actual ContactSensor >5 N collision rejection, and repeat unchanged as attempt 022",C:\robotics_sim\wlr_robot\resume_validation_fsm_residual_ppo\runs\fsm\development_100mm_attempt021\diagnosis.md
2026-07-27T17:49:01.000Z,fsm_dev_100mm_attempt022,fsm_dev_100mm_attempt021,FSM_DEVELOPMENT,FSM-only,20260727,"removing only the legacy geometry proxy makes formal aggregate eligibility reflect the declared geometry while preserving physics and force thresholds","project-subclass definition correction only; no controller or physics change","asset; controller; physics; first 100 mm development scenario; full-top geometry; ContactSensor >5 N collision threshold; each-wheel upward force >=2 N; 1.5 s dwell","change only aggregate eligibility during the known 52-sample full-top window and remain failed without four-wheel support","exactly all_wheels_on_top changed in 52 of 2841x58 telemetry values by column; all other 57 columns and the episode record were identical; aggregate became true for 2.60 s but all-wheel upward support occurred in 0 samples and the same front_right_bot 10.064577 N collision occurred at 142.0333 s",DIAGNOSTIC_PASS,"repeat grid 011 unchanged as grid 012 so its top-capture force and dwell accumulator uses the corrected formal eligibility",C:\robotics_sim\wlr_robot\resume_validation_fsm_residual_ppo\runs\fsm\development_100mm_attempt022\diagnosis.md
2026-07-27T18:11:36.000Z,fsm_diag_100mm_front_right_rear_left_grid_012,fsm_dev_100mm_attempt022,FSM_DEVELOPMENT,FSM-only,20260727,"the prior 0-8 mm diagonal support grid contains geometrically eligible candidates whose corrected force history can identify a load-bearing extension","unchanged grid 011 candidates under corrected eligibility: rear-right fixed 15 mm; common front-right/rear-left 0/2/4/6/8 mm; five Latin-rotated repetitions","asset; controller; physics; scenario; metrics; safety thresholds; actual ContactSensor collision policy","identify a fully applied strict-success extension or a positive simultaneous minimum-force trend","all non-diagnostic first-terminal fields matched grid 011; 0/25 success with 18 collisions and 7 timeouts; 8 candidates at 2-8 mm entered formal geometry eligibility but every best simultaneous minimum upward force was exactly 0 N and every dwell was 0 s; all eligible timeout terminals had front-right 0 N",FAIL,"continue the same single variable at 8/11/14/17/20 mm and add per-wheel eligible-window peaks plus best-minimum snapshots to distinguish amplitude limit from load-corner switching",C:\robotics_sim\wlr_robot\resume_validation_fsm_residual_ppo\runs\fsm\diagnostic_100mm_front_right_rear_left_support_grid_012\diagnosis.md
2026-07-27T18:32:46.000Z,fsm_diag_100mm_front_right_rear_left_grid_013,fsm_diag_100mm_front_right_rear_left_grid_012,FSM_DEVELOPMENT,FSM-only,20260727,"continuing the common diagonal extension to 20 mm reaches true four-point support and reveals the minimum load-bearing amplitude","rear-right fixed 15 mm; common front-right/rear-left 8/11/14/17/20 mm; five Latin-rotated repetitions; per-wheel eligible-window force snapshots","asset; scenario; metrics; actual contact thresholds; phase structure; 20 mm diagnostic bound","obtain repeatable strict success with zero IK fallback and zero clamp","raw environment produced 4/25 strict successes: two at 14 mm and two at 20 mm with best minimum upward force 3.056-4.132 N; however every success accumulated 216-243 analytic-IK fallback steps, so engineering-admissible success remained 0/25; reachable 11 mm peaked at only 0.649 N minimum",DIAGNOSTIC_INVALID_SUCCESS,"fix the lower successful 14 mm amplitude and vary only phase-9 ramp start progress 0/0.2/0.4/0.6/0.8 with per-leg fallback counts",C:\robotics_sim\wlr_robot\resume_validation_fsm_residual_ppo\runs\fsm\diagnostic_100mm_front_right_rear_left_support_grid_013\diagnosis.md
2026-07-27T18:53:43.000Z,fsm_diag_100mm_post_transfer_activation_grid_014,fsm_diag_100mm_front_right_rear_left_grid_013,FSM_DEVELOPMENT,FSM-only,20260727,"delaying the 14 mm support-offset ramp until the source posture is more reachable preserves strict success while eliminating unreachable targets","fixed FR/RL 14 mm and RR 15 mm; phase-9 ramp start 0/0.2/0.4/0.6/0.8; five Latin-rotated repetitions; per-leg fallback counts","asset; scenario; metrics; extension amplitudes; actual contact thresholds; 20 mm bound","obtain repeatable strict success with all four per-leg IK fallback counts zero","4/25 raw strict successes; start 0.4 repeated twice with best minimum force 4.706-6.070 N and start 0.8 reached 7.062 N, but all successes still had 92-106 fallback steps exclusively on rear-left while the other three legs were zero",DIAGNOSTIC_INVALID_SUCCESS,"fix start 0.4, FR 14 mm, RR 15 mm and vary only rear-left extension 8/9.5/11/12.5/14 mm to retain load with 0/0/0/0 fallback",C:\robotics_sim\wlr_robot\resume_validation_fsm_residual_ppo\runs\fsm\diagnostic_100mm_post_transfer_activation_grid_014\diagnosis.md
2026-07-27T19:13:03.000Z,fsm_diag_100mm_rear_left_relief_grid_015,fsm_diag_100mm_post_transfer_activation_grid_014,FSM_DEVELOPMENT,FSM-only,20260727,"reducing only rear-left extension removes its isolated IK fallback while preserving enough four-point load","fixed FR 14 mm; fixed RR 15 mm; fixed phase-9 start 0.4; rear-left 8/9.5/11/12.5/14 mm; five Latin-rotated repetitions","asset; scenario; metrics; other three leg commands; actual contact thresholds","obtain strict success with 0/0/0/0 fallback and zero clamp","1/25 raw success at the invalid 14 mm control; fully reachable 11 mm candidate 19 reached all four forces above 2 N with best minimum 2.0726 N but only for one 0.01667 s step, so admissible success remained 0/25; 12.5 mm already accumulated 494 rear-left fallbacks",FAIL,"resolve the narrow reachable load boundary at 11.00/11.25/11.50/11.75/12.00 mm with all other commands fixed",C:\robotics_sim\wlr_robot\resume_validation_fsm_residual_ppo\runs\fsm\diagnostic_100mm_rear_left_extension_relief_grid_015\diagnosis.md
2026-07-27T19:32:29.000Z,fsm_diag_100mm_rear_left_boundary_grid_016,fsm_diag_100mm_rear_left_relief_grid_015,FSM_DEVELOPMENT,FSM-only,20260727,"a 0.25 mm rear-left sweep contains a fixed amplitude that sustains strict support without crossing the IK boundary","fixed FR 14 mm; RR 15 mm; common start 0.4; rear-left 11.00/11.25/11.50/11.75/12.00 mm; five Latin-rotated repetitions","asset; scenario; metrics; other leg commands; actual contact thresholds","obtain strict success with 0/0/0/0 fallback and zero clamp","2/25 raw successes at rear-left 11.5 and 12.0 mm with strong 6.204-6.916 N minimum force, but both had exactly 90 rear-left-only fallback steps; reachable 11.25 mm reached only 0.2447 N; admissible success remained 0/25",DIAGNOSTIC_INVALID_SUCCESS,"hold the successful 11.5 mm amplitude and delay only the rear-left ramp start 0.4/0.5/0.6/0.7/0.8 while the other legs remain at 0.4",C:\robotics_sim\wlr_robot\resume_validation_fsm_residual_ppo\runs\fsm\diagnostic_100mm_rear_left_extension_boundary_grid_016\diagnosis.md
2026-07-27T19:52:06.000Z,fsm_diag_100mm_rear_left_activation_grid_017,fsm_diag_100mm_rear_left_boundary_grid_016,FSM_DEVELOPMENT,FSM-only,20260727,"delaying only rear-left activation removes the final 90 unreachable steps while preserving the 11.5 mm load-bearing state","fixed FR/RL/RR 14/11.5/15 mm; other-leg start 0.4; rear-left start 0.4/0.5/0.6/0.7/0.8; five Latin repetitions","asset; scenario; metrics; amplitudes; actual contact thresholds","obtain strict success with 0/0/0/0 fallback and zero clamp","3/25 raw successes at rear-left start 0.5/0.6/0.8 with nearly balanced 6.939-6.979 N minimum force, but every success retained 90-92 rear-left-only fallback steps; timing cannot make the 11.5 mm final target admissible",DIAGNOSTIC_INVALID_SUCCESS,"hold rear-left at reachable 11.25 mm and increase only the limiting rear-right extension from 15.0 to 17.0 mm in 0.5 mm steps",C:\robotics_sim\wlr_robot\resume_validation_fsm_residual_ppo\runs\fsm\diagnostic_100mm_rear_left_activation_grid_017\diagnosis.md
2026-07-27T20:11:21.000Z,fsm_diag_100mm_rear_right_boundary_grid_018,fsm_diag_100mm_rear_left_activation_grid_017,FSM_DEVELOPMENT,FSM-only,20260727,"with rear-left held at its reachable upper bound, a small rear-right increase supplies the remaining normal force without crossing its IK boundary","fixed FR 14 mm; RL 11.25 mm; RR 15.0/15.5/16.0/16.5/17.0 mm; common start 0.4; five Latin repetitions","asset; scenario; metrics; FR/RL commands; actual contact thresholds","obtain strict success with 0/0/0/0 fallback and zero clamp","0/25 success; 16 mm reached 2.1735 N for 0.01667 s and 17 mm reached 2.5045 N for 0.15 s, but every long-lived value above 15 mm accumulated rear-right-only fallback; 15 mm remained the zero-fallback upper bound",FAIL,"hold RL/RR at reachable 11.25/15 mm and reduce only overloaded front-right extension from 14 to 10 mm to redistribute load toward rear-right",C:\robotics_sim\wlr_robot\resume_validation_fsm_residual_ppo\runs\fsm\diagnostic_100mm_rear_right_extension_boundary_grid_018\diagnosis.md
2026-07-27T20:31:45.000Z,fsm_diag_100mm_front_right_balance_grid_019,fsm_diag_100mm_rear_right_boundary_grid_018,FSM_DEVELOPMENT,FSM-only,20260727,"reducing the overloaded front-right extension transfers load to the limiting rear-right wheel while both rear targets remain reachable","fixed RL 11.25 mm; RR 15 mm; FR 10/11/12/13/14 mm; common start 0.4; five Latin repetitions","asset; scenario; metrics; rear commands; actual contact thresholds","obtain strict success with 0/0/0/0 fallback and zero clamp","0/25 success; all candidates had 0/0/0/0 fallback and zero clamp; reduction was counterproductive and the sweep maximum was instead FR 14 mm at 1.6522 N simultaneous minimum with 0 s strict dwell",FAIL,"resolve the measured upward FR direction at 14.00/14.25/14.50/14.75/15.00 mm while rejecting any front-right fallback",C:\robotics_sim\wlr_robot\resume_validation_fsm_residual_ppo\runs\fsm\diagnostic_100mm_front_right_extension_balance_grid_019\diagnosis.md
2026-07-27T20:52:46.000Z,fsm_diag_100mm_front_right_upper_boundary_grid_020,fsm_diag_100mm_front_right_balance_grid_019,FSM_DEVELOPMENT,FSM-only,20260727,"the measured upward front-right direction crosses the 2 N force threshold before its IK reach boundary","fixed RL/RR 11.25/15 mm; FR 14.00/14.25/14.50/14.75/15.00 mm; common start 0.4; five Latin repetitions","asset; scenario; metrics; rear commands; actual contact thresholds","obtain strict success with 0/0/0/0 fallback and zero clamp","0/25 strict success; all values were zero-fallback and zero-clamp; FR 14.5 mm reached 2.1649 N simultaneous minimum with balanced 4.471/11.762/10.377/2.165 N forces but only for one 0.01667 s step",FAIL,"continue only FR over 15/15.5/16/16.5/17 mm to locate sustained support or its real reach boundary",C:\robotics_sim\wlr_robot\resume_validation_fsm_residual_ppo\runs\fsm\diagnostic_100mm_front_right_extension_upper_boundary_grid_020\diagnosis.md
2026-07-27T21:12:57.000Z,fsm_diag_100mm_front_right_reach_boundary_grid_021,fsm_diag_100mm_front_right_upper_boundary_grid_020,FSM_DEVELOPMENT,FSM-only,20260727,"continuing reachable front-right extension converts the one-step threshold crossing into the required 1.5 s dwell","fixed RL/RR 11.25/15 mm; FR 15/15.5/16/16.5/17 mm; common start 0.4; five Latin repetitions","asset; scenario; metrics; rear commands; actual contact thresholds; 20 mm diagnostic bound","obtain strict success with 0/0/0/0 fallback and zero clamp","0/25 strict success; all values remained zero-fallback and zero-clamp; FR 17 mm reached 2.4076 N and extended full-condition dwell to 0.15 s, ten times grid 020 but one tenth of requirement",FAIL,"cover the remaining legal FR interval 17/17.75/18.5/19.25/20 mm as the terminal amplitude scan",C:\robotics_sim\wlr_robot\resume_validation_fsm_residual_ppo\runs\fsm\diagnostic_100mm_front_right_extension_reach_boundary_grid_021\diagnosis.md
2026-07-27T21:34:45.000Z,fsm_diag_100mm_front_right_limit_grid_022,fsm_diag_100mm_front_right_reach_boundary_grid_021,FSM_DEVELOPMENT,FSM-only,20260727,"the remaining legal front-right interval contains sustained strict support before the 20 mm diagnostic limit","fixed RL/RR 11.25/15 mm; FR 17/17.75/18.5/19.25/20 mm; common start 0.4; five Latin repetitions","asset; scenario; strict metrics; actual contact thresholds; 20 mm hard diagnostic limit","obtain strict success with 0/0/0/0 fallback and zero clamp","2/25 strict and engineering-admissible successes at FR 18.5 and 20 mm; both had 0/0/0/0 fallback and zero clamp; lower 18.5 mm candidate peaked at 3.4795 N and retains 1.5 mm limit margin",CANDIDATE_PASS,"promote FR/RL/RR 18.5/11.25/15 mm into formal fsm.yaml and run single-environment 100 mm evaluator attempt 023",C:\robotics_sim\wlr_robot\resume_validation_fsm_residual_ppo\runs\fsm\diagnostic_100mm_front_right_extension_diagnostic_limit_grid_022\diagnosis.md
2026-07-27T21:58:00.000Z,fsm_dev_100mm_attempt023,fsm_diag_100mm_front_right_limit_grid_022,FSM_DEVELOPMENT,FSM-only,20260727,"the lower admissible grid-022 geometry reproduces strict success in the formal single-environment evaluator","formal FR/RL/RR 18.5/11.25/15 mm loaded from fsm.yaml; common start 0.4","asset; scenario development-h100-0000; success geometry; 2 N force threshold; 1.5 s dwell; physics","strict success with zero baseline IK fallback","0/1 TIMEOUT with zero IK fallback; complete-top geometry existed at 129.2-131.6 s but four-wheel force support began at 133.6 s after continued rolling had moved front-right beyond its complete footprint",FAIL,"stop post-transfer wheel drive on complete all-wheel geometry OR full force support and repeat the same formal scenario as attempt 024",C:\robotics_sim\wlr_robot\resume_validation_fsm_residual_ppo\runs\fsm\development_100mm_attempt023\diagnosis.md
2026-07-27T22:23:00.000Z,fsm_dev_100mm_attempt024,fsm_dev_100mm_attempt023,FSM_DEVELOPMENT,FSM-only,20260727,"capturing complete all-wheel geometry before force buildup preserves both halves of the strict predicate long enough to succeed","post-transfer wheel drive stops on complete formal geometry OR four-wheel force support","asset; scenario development-h100-0000; FR/RL/RR 18.5/11.25/15 mm; 2 N threshold; 1.5 s dwell; physics","strict success with zero IK fallback and no collision","1/1 strict success at 134.8 s; terminal complete-top all true; upward forces 5.058/10.542/9.519/3.628 N; zero baseline IK fallback",PASS_SINGLE,"instrument per-leg fallback/clamp in formal episodes and evaluate all 20 development 100 mm scenarios as batch attempt 025",C:\robotics_sim\wlr_robot\resume_validation_fsm_residual_ppo\runs\fsm\development_100mm_attempt024\diagnosis.md
2026-07-27T22:59:26.000Z,fsm_dev_100mm_batch_attempt025,fsm_dev_100mm_attempt024,FSM_DEVELOPMENT,FSM-only,20260727,"the formal single-scenario success persists across the complete perturbed 100 mm development split","all 20 development 100 mm scenarios; formal FSM/config hash 809577abdddcd229071edf0f406f07ecbfdf20464089da3674f9245542bbcf16","asset; controller; metrics; physics; 2 N threshold; 1.5 s dwell","measure a nonzero strict success rate with zero per-leg IK fallback and zero clamp","7/20 strict successes (35%); seven phase-8 rear_left_bot collisions; six timeouts; every episode 0/0/0/0 fallback and zero clamp",PASS_BASELINE,"measure the same FSM on all 20 development 50 mm scenarios, then 75 mm, before freeze",C:\robotics_sim\wlr_robot\resume_validation_fsm_residual_ppo\runs\fsm\development_100mm_batch_attempt025\diagnosis.md
2026-07-27T23:31:30.000Z,fsm_dev_50mm_batch_attempt026,fsm_dev_100mm_batch_attempt025,FSM_DEVELOPMENT,FSM-only,20260727,"the selected 100 mm support geometry can be applied unchanged at 50 mm without harming the complete source replay","all 20 development 50 mm scenarios; unscaled formal FR/RL/RR offsets 18.5/11.25/15 mm","asset; controller; metrics; physics; strict thresholds; manifest","measure nonzero strict success with zero per-leg IK fallback and zero clamp","0/20 strict success; seven front_right_bot collisions, one phase timeout, and 12 global timeouts; 9,235 rear-left analytic-IK invalid samples proved the 100 mm geometry unreachable on the 50 mm reference",FAIL,"scale the selected formal offsets linearly from 0% at 50 mm to 100% at 100 mm and first repeat scenario 0000",C:\robotics_sim\wlr_robot\resume_validation_fsm_residual_ppo\runs\fsm\development_50mm_batch_attempt026\diagnosis.md
2026-07-27T23:55:34.000Z,fsm_dev_50mm_smoke_attempt027,fsm_dev_50mm_batch_attempt026,FSM_DEVELOPMENT,FSM-only,20260727,"zeroing the formal support offsets at 50 mm restores the complete source replay without weakening strict success","development-h050-0000 only; height-conditioned effective offsets all zero; FSM hash 25563d73eb883f7514a2458387b8c99279f3af394a90508ffa021a04d7ee914c","asset; scenario; metrics; physics; strict thresholds","repeat the exact prior timeout with strict success and zero fallback/clamp","1/1 strict success at 133.45 s; complete-top all true; upward forces 5.859/8.174/8.494/6.154 N; 0/0/0/0 IK fallback and zero clamp",PASS_SINGLE,"evaluate the same immutable FSM on all 20 development 50 mm scenarios as attempt 028",C:\robotics_sim\wlr_robot\resume_validation_fsm_residual_ppo\runs\fsm\development_50mm_smoke_attempt027\diagnosis.md
2026-07-28T00:28:58.000Z,fsm_dev_50mm_batch_attempt028,fsm_dev_50mm_smoke_attempt027,FSM_DEVELOPMENT,FSM-only,20260727,"the height-conditioned 50 mm controller retains nonzero strict success across the complete perturbed development split","all 20 development 50 mm scenarios; effective formal offsets all zero; FSM hash 25563d73eb883f7514a2458387b8c99279f3af394a90508ffa021a04d7ee914c","asset; controller; metrics; physics; strict thresholds; manifest","measure a nonzero strict success rate with zero per-leg IK fallback and zero clamp","12/20 strict successes (60%); seven front_right_bot collisions and one FSM phase timeout; all 20 episodes 0/0/0/0 fallback and zero clamp",PASS_BASELINE,"measure the same immutable FSM on all 20 development 75 mm scenarios before freeze",C:\robotics_sim\wlr_robot\resume_validation_fsm_residual_ppo\runs\fsm\development_50mm_batch_attempt028\diagnosis.md
2026-07-28T00:54:57.000Z,fsm_dev_75mm_batch_attempt029,fsm_dev_50mm_batch_attempt028,FSM_DEVELOPMENT,FSM-only,20260727,"linear 50% support-geometry scaling yields a reachable strict-success baseline at the interpolated 75 mm height","all 20 development 75 mm scenarios; effective FR/RL/RR offsets 9.25/5.625/7.5 mm; FSM hash 25563d73eb883f7514a2458387b8c99279f3af394a90508ffa021a04d7ee914c","asset; controller; metrics; physics; strict thresholds; manifest","measure nonzero strict success with zero per-leg IK fallback and zero clamp","0/20 strict success; all 20 front_right_bot collisions; zero IK fallback and zero clamp; no scenario ever entered complete all-wheel-top geometry",FAIL,"grid only the common 100 mm geometry scale over 50/62.5/75/87.5/100% on the first 75 mm development scenario",C:\robotics_sim\wlr_robot\resume_validation_fsm_residual_ppo\runs\fsm\development_75mm_batch_attempt029\diagnosis.md
2026-07-28T01:14:51.000Z,fsm_diag_75mm_geometry_scale_grid_030,fsm_dev_75mm_batch_attempt029,FSM_DEVELOPMENT,FSM-only,20260727,"a common support-geometry scale above 50% reaches complete top support at 75 mm before crossing an IK boundary","50/62.5/75/87.5/100% selected-geometry scale; five Latin replicates; development-h075-0000","asset; scenario; metrics; phase timing; wheel speed; strict thresholds; 20 mm bound","identify a strict-success common scale with zero per-leg IK fallback and zero clamp","0/25 success; 50% was zero-fallback but collided 5/5; every larger scale accumulated 514-589 rear-left-only fallback samples per candidate and still never entered complete all-wheel-top geometry",FAIL,"hold rear-left/rear-right at reachable 50% offsets and vary only front-right from 9.25 to 18.5 mm",C:\robotics_sim\wlr_robot\resume_validation_fsm_residual_ppo\runs\fsm\diagnostic_75mm_post_transfer_geometry_scale_grid_030\diagnosis.md
2026-07-28T01:34:39.000Z,fsm_diag_75mm_front_right_grid_031,fsm_diag_75mm_geometry_scale_grid_030,FSM_DEVELOPMENT,FSM-only,20260727,"increasing only reachable front-right extension after phase 9 begins restores complete-top geometry at 75 mm","FR 9.25/11.5625/13.875/16.1875/18.5 mm; RL/RR fixed 5.625/7.5 mm; five Latin replicates","asset; scenario; metrics; phase timing; wheel speed; strict thresholds","obtain strict success with zero per-leg IK fallback and zero clamp","0/25 success; every candidate retained 0/0/0/0 fallback and zero clamp; higher amplitudes converted four branches to timeouts but no candidate entered complete all-wheel-top geometry",FAIL,"ramp front-right during phase 7 before geometry is lost and grid amplitude against phase-7 start progress",C:\robotics_sim\wlr_robot\resume_validation_fsm_residual_ppo\runs\fsm\diagnostic_75mm_front_right_extension_grid_031\diagnosis.md
2026-07-28T01:57:45.000Z,fsm_diag_75mm_front_right_early_grid_032,fsm_diag_75mm_front_right_grid_031,FSM_DEVELOPMENT,FSM-only,20260727,"ramping reachable front-right support during phase 7 preserves its complete-top footprint through rear transfer","FR 9.25/11.5625/13.875/16.1875/18.5 mm by phase-7 start 0/0.2/0.4/0.6/0.8; rear offsets fixed reachable","asset; scenario; metrics; wheel speeds; strict thresholds","obtain strict success with zero per-leg IK fallback and zero clamp","0/25 success; all candidates 0/0/0/0 fallback and zero clamp; no complete all-wheel-top sample; three high-amplitude late-start cells only converted collision to timeout",FAIL,"hold rear wheels at +0.3 rad/s and sweep only both front wheel speeds during phase-7/8 transfer",C:\robotics_sim\wlr_robot\resume_validation_fsm_residual_ppo\runs\fsm\diagnostic_75mm_front_right_early_activation_grid_032\diagnosis.md
2026-07-28T02:23:22.000Z,fsm_diag_75mm_rear_transfer_front_speed_grid_033,fsm_diag_75mm_front_right_early_grid_032,FSM_DEVELOPMENT,FSM-only,20260727,"reducing only front-wheel speed during rear transfer preserves front geometry while rear wheels still advance","front speeds -0.3/-0.15/0/0.15/0.3 rad/s; rear speeds fixed +0.3; five Latin replicates; formal half-scale geometry","asset; scenario; metrics; phase timing; rear speed; strict thresholds","obtain strict success or a repeated positive complete-top force/dwell trend with zero fallback/clamp","0/25 strict success; front speed 0 gave 5/5 collision-free timeouts, 2,599 eligible samples, best minimum upward force 8.365 N, and maximum strict dwell 0.2833 s; all candidates zero fallback/clamp",DIAGNOSTIC_PASS,"fix zero front speed and vary only reachable phase-9 front-right extension to extend dwell to 1.5 s",C:\robotics_sim\wlr_robot\resume_validation_fsm_residual_ppo\runs\fsm\diagnostic_75mm_rear_transfer_front_speed_grid_033\diagnosis.md
2026-07-28T02:45:21.000Z,fsm_diag_75mm_zero_front_speed_fr_grid_034,fsm_diag_75mm_rear_transfer_front_speed_grid_033,FSM_DEVELOPMENT,FSM-only,20260727,"increasing reachable phase-9 front-right extension preserves the four-wheel force state for the required 1.5 s after zero-front-speed rear transfer","FR 9.25/11.5625/13.875/16.1875/18.5 mm; RL/RR fixed 5.625/7.5 mm; phase-7/8 front/rear speeds 0/+0.3 rad/s; five Latin replicates","asset; scenario; metrics; phase timing; wheel speeds; strict thresholds; 20 mm bound","obtain strict success with zero per-leg IK fallback and zero clamp","0/25 strict success and 25 global timeouts; every candidate entered complete-top geometry with zero fallback/clamp, but maximum strict dwell was 0.05 s and amplitude response was non-monotonic",FAIL,"hold speed split and half-scale geometry; vary only phase-9/10 forward speed from 0 to 0.15 rad/s",C:\robotics_sim\wlr_robot\resume_validation_fsm_residual_ppo\runs\fsm\diagnostic_75mm_zero_front_speed_fr_extension_grid_034\diagnosis.md
2026-07-28T03:08:00.000Z,fsm_diag_75mm_post_transfer_speed_grid_035,fsm_diag_75mm_zero_front_speed_fr_grid_034,FSM_DEVELOPMENT,FSM-only,20260727,"reducing phase-9/10 forward speed prevents capture/resume motion from breaking the late four-wheel force state","post-transfer speeds 0/0.0375/0.075/0.1125/0.15 rad/s; phase-7/8 front/rear speeds 0/+0.3; half-scale geometry; five Latin replicates","asset; scenario; metrics; phase timing; wheel speeds; strict thresholds; fixed 150 s timeout","obtain strict success or a repeated late continuous support trend with zero fallback/clamp","0/25 strict success and 25 global timeouts; all zero fallback/clamp; one 0 rad/s replicate ended while still strictly supported after 0.5667 s and one 0.075 replicate after 0.4 s, both below 1.5 s",DIAGNOSTIC_PASS,"fix post-transfer speed at zero and move only the same support geometry earlier in phase 8/9",C:\robotics_sim\wlr_robot\resume_validation_fsm_residual_ppo\runs\fsm\diagnostic_75mm_post_transfer_forward_speed_grid_035\diagnosis.md
2026-07-28T03:28:06.000Z,fsm_diag_75mm_support_activation_grid_036,fsm_diag_75mm_post_transfer_speed_grid_035,FSM_DEVELOPMENT,FSM-only,20260727,"moving the reachable support geometry earlier shifts the late strict window far enough forward to meet 1.5 s before timeout","common starts phase8/0.5, phase8/0.75, phase9/0, phase9/0.2, phase9/0.4; zero post-transfer speed; five Latin replicates","asset; scenario; metrics; phase timing; IK reachability; strict thresholds; fixed 150 s timeout","obtain strict success with zero per-leg IK fallback and zero clamp","0/25 strict success; phase-8 schedules had 5,444/4,809 IK-invalid samples; reachable phase-9 schedules peaked at 0.3333 s and did not exceed grid 035",FAIL,"stop timing searches and grid bounded high-load radial shortening to redistribute the measured diagonal load",C:\robotics_sim\wlr_robot\resume_validation_fsm_residual_ppo\runs\fsm\diagnostic_75mm_support_activation_zero_post_speed_grid_036\diagnosis.md
2026-07-28T03:49:22.000Z,fsm_diag_75mm_support_unload_grid_037,fsm_diag_75mm_support_activation_grid_036,FSM_DEVELOPMENT,FSM-only,20260727,"bounded high-load diagonal shortening transfers force to the low-load diagonal and extends strict dwell","maximum shortening 0/0.5/1/1.5/2 mm; fixed 0.5 mm/s; phase9/0.4 support; zero post-transfer speed; five Latin replicates","asset; scenario; metrics; measured upward force; IK reachability; strict thresholds; fixed 150 s timeout","obtain strict success or a repeatable monotonic load/dwell trend with zero fallback/clamp","0/25 strict success; all zero fallback/clamp; only front-left/rear-right shortened; max dwell improved from 0.5667 s baseline to 1.35 s at 1 mm and 1.25 s at 2 mm; 2 mm had best mean dwell 0.6667 s",DIAGNOSTIC_PASS,"fix 2 mm bound and vary convergence rate from 0.25 to 1.5 mm/s",C:\robotics_sim\wlr_robot\resume_validation_fsm_residual_ppo\runs\fsm\diagnostic_75mm_support_unload_zero_post_speed_grid_037\diagnosis.md
2026-07-28T04:09:54.000Z,fsm_diag_75mm_support_unload_rate_grid_038,fsm_diag_75mm_support_unload_grid_037,FSM_DEVELOPMENT,FSM-only,20260727,"increasing the 2 mm high-load shortening rate moves the balanced force state early enough for strict success","rates 0.25/0.5/0.75/1/1.5 mm/s; fixed 2 mm maximum; phase9/0.4 support; zero post-transfer speed; five Latin replicates","asset; scenario; metrics; measured upward force; IK reachability; strict thresholds; fixed 150 s timeout","obtain strict success with zero per-leg IK fallback and zero clamp","1/25 strict success at 0.75 mm/s; terminal time 149.833 s, upward forces 7.999/5.954/6.692/7.957 N, trim 2/0/0/2 mm, zero fallback/clamp; remaining 24 timed out",CANDIDATE_PASS,"fix 2 mm/0.75 mm/s load control and sweep post-transfer speed for repeatable combined success",C:\robotics_sim\wlr_robot\resume_validation_fsm_residual_ppo\runs\fsm\diagnostic_75mm_support_unload_rate_zero_post_speed_grid_038\diagnosis.md
2026-07-28T04:29:22.000Z,fsm_diag_75mm_combined_speed_load_grid_039,fsm_diag_75mm_support_unload_rate_grid_038,FSM_DEVELOPMENT,FSM-only,20260727,"moderate post-transfer drive creates complete-top geometry early enough for the selected load controller to hold strict support","post speeds 0/0.0375/0.075/0.1125/0.15 rad/s; fixed 2 mm/0.75 mm/s high-load shortening; phase-7/8 front/rear 0/+0.3; five Latin replicates","asset; scenario; metrics; measured upward force; IK reachability; strict thresholds; fixed 150 s timeout","obtain repeated strict successes with zero fallback/clamp","3/25 strict successes, one each at 0.075/0.1125/0.15 rad/s; all zero fallback/clamp; 0.075 group had highest mean dwell 1.0067 s and four of five at or above 0.833 s",CANDIDATE_PASS,"repeat the exact 0.075 rad/s plus 2 mm/0.75 mm/s candidate in all 25 environments before formal promotion",C:\robotics_sim\wlr_robot\resume_validation_fsm_residual_ppo\runs\fsm\diagnostic_75mm_post_transfer_speed_with_unload_grid_039\diagnosis.md
2026-07-28T04:49:21.000Z,fsm_diag_75mm_selected_repeat_grid_040,fsm_diag_75mm_combined_speed_load_grid_039,FSM_DEVELOPMENT,FSM-only,20260727,"the selected combined 75 mm controller has repeatable nonzero strict success when run identically in 25 environments","exact 25 repeats: rear-transfer front/rear 0/+0.3 rad/s; post-transfer 0.075 rad/s; 2 mm/0.75 mm/s high-load shortening; half-scale geometry","asset; scenario; metrics; measured upward force; IK reachability; strict thresholds; fixed 150 s timeout","measure repeatable strict success with zero fallback/clamp before formal promotion","4/25 strict successes (16%), 21 timeouts; every branch 0/0/0/0 fallback, zero clamp, terminal trim 2/0/0/2 mm; success terminal forces all balanced",CANDIDATE_PASS,"promote only the 75 mm anchor policy, preserving 50/100 mm behavior, then run formal single and 20-scenario evaluators",C:\robotics_sim\wlr_robot\resume_validation_fsm_residual_ppo\runs\fsm\diagnostic_75mm_selected_combined_repeat_grid_040\diagnosis.md
2026-07-28T05:18:10.000Z,fsm_formal_75mm_smoke_attempt041,fsm_diag_75mm_selected_repeat_grid_040,FSM_DEVELOPMENT,FSM-only,20260727,"the promoted height-conditioned policy executes identically through the formal evaluator and can produce strict 75 mm support","one development scenario; formal config hash 1943be80e44e57ff63b479195970e0e02d0bad6f22bc4712337cec51fae243af; 150 s timeout","asset; manifest; metrics; strict thresholds; selected grid-040 75 mm parameters","verify formal provenance and execution before the full development batch","0/1 strict success; TIMEOUT with all four full wheels on top, terminal upward forces 9.894/3.807/4.102/10.722 N, zero fallback/clamp, and terminal trim 2/0/0/2 mm",DIAGNOSTIC_PASS,"run the full 20-scenario formal 75 mm development batch under the identical config hash",C:\robotics_sim\wlr_robot\resume_validation_fsm_residual_ppo\runs\fsm\development_75mm_formal_smoke_attempt041\diagnosis.md
2026-07-28T05:44:21.000Z,fsm_formal_75mm_full_attempt042,fsm_formal_75mm_smoke_attempt041,FSM_DEVELOPMENT,FSM-only,20260727,"the promoted grid-040 policy has nonzero strict success across the 20-scenario 75 mm development split","all 20 development scenarios; formal config hash 1943be80e44e57ff63b479195970e0e02d0bad6f22bc4712337cec51fae243af; 150 s timeout","asset; manifest; metrics; strict thresholds; formal policy; zero residual","establish a measurable formal 75 mm baseline with zero fallback/clamp","7/20 strict successes (35%); 13 TIMEOUT; no collision failures; all 20 zero fallback/clamp and no non-wheel contacts; 19/20 terminal all-full-wheel-top",PASS,"rerun 50 and 100 mm endpoints under the exact current config hash before freezing FSM and metrics",C:\robotics_sim\wlr_robot\resume_validation_fsm_residual_ppo\runs\fsm\development_75mm_formal_full_attempt042\diagnosis.md
2026-07-28T06:19:25.000Z,fsm_current_50mm_attempt043,fsm_formal_75mm_full_attempt042,FSM_DEVELOPMENT,FSM-only,20260727,"explicit 50/75/100 anchors preserve the previously validated 50 mm endpoint behavior under the new formal config hash","all 20 50 mm development scenarios; 0.3/0.3/0.3/0.3 rear speed; zero post speed; zero geometry; zero unload","asset; manifest; metrics; phase schedule; strict thresholds; 150 s timeout","reproduce attempt 028 without any 75 mm policy leakage","12/20 strict successes; seven front_right_bot collisions; one FSM phase timeout; all zero fallback/clamp and zero unload trim",PASS,"run the 100 mm endpoint under the exact same config hash, then freeze FSM/metrics if all hashes and execution artifacts pass audit",C:\robotics_sim\wlr_robot\resume_validation_fsm_residual_ppo\runs\fsm\development_50mm_current_config_attempt043\diagnosis.md
2026-07-28T06:56:40.000Z,fsm_current_100mm_attempt044,fsm_current_50mm_attempt043,FSM_DEVELOPMENT,FSM-only,20260727,"explicit 50/75/100 anchors preserve the previously validated 100 mm endpoint behavior under the new formal config hash","all 20 100 mm development scenarios; 0.3/0.3/0.3/0.3 rear speed; 0.3 post speed; full selected geometry; zero unload","asset; manifest; metrics; phase schedule; strict thresholds; 150 s timeout","reproduce attempt 025 without any 75 mm policy leakage","7/20 strict successes; seven rear_left_bot collisions; six global timeouts; all zero fallback/clamp and zero unload trim",PASS,"freeze FSM and metrics with both selection-time and final administrative hashes, then run PPO smoke preflight",C:\robotics_sim\wlr_robot\resume_validation_fsm_residual_ppo\runs\fsm\development_100mm_current_config_attempt044\diagnosis.md
2026-07-28T06:57:30.000Z,freeze_fsm_metrics_v1,fsm_current_100mm_attempt044,METHOD_FREEZE,FSM-only,20260727,"same-selection-config nonzero formal success at all three heights is sufficient to freeze FSM and metrics before PPO training","fsm.yaml and metrics.yaml top-level frozen fields false to true; config_freeze.json records selection and final hashes","all controller parameters; all metric thresholds; asset; manifests; development evidence","create immutable auditable hashes without changing selected behavior or success definitions","frozen FSM SHA-256 3e4b65ee87a260723d06b7c5ed6e470884917efb2ec6cb4654993e669883e4e9; frozen metrics SHA-256 6a02b1c09c23245d7ce5b44a6781557f8c578ed56ac11b9d1ef1149c413b30ab; 110 tests pass",PASS,"run method-B seed-11 50 mm PPO smoke and inspect finite observations/actions/checkpoint output before full curriculum",C:\robotics_sim\wlr_robot\resume_validation_fsm_residual_ppo\configs\config_freeze.json
2026-07-28T07:04:05.000Z,ppo_B_seed11_50mm_smoke_attempt045,freeze_fsm_metrics_v1,PPO_NO_COM_SMOKE,B,11,"the local skrl PPO implementation accepts the recorded common configuration and completes finite environment preflight","16 environments; 50 mm; nominal randomization; smoke-only; legacy lambda and predicted-value clipping keys","frozen FSM/metrics; network; reward; residual bounds; seed; asset","construct PPO and execute finite zero-residual preflight before optimization","FAILED before PPO initialization: skrl 2.0.0 PPO_CFG rejected legacy key lambda; no checkpoint and zero training timesteps",FAIL,"map unchanged lambda value to gae_lambda, remove unsupported redundant clip flag, validate keys, and retry as attempt046",C:\robotics_sim\wlr_robot\resume_validation_fsm_residual_ppo\runs\ppo_without_com\training\method-B_seed-11_stage-50mm_smoke_attempt045\diagnosis.md
2026-07-28T07:06:43.000Z,ppo_B_seed11_50mm_smoke_attempt046,ppo_B_seed11_50mm_smoke_attempt045,PPO_NO_COM_SMOKE,B,11,"the skrl-compatible PPO configuration constructs Actor/Critic and completes finite real-environment preflight","16 environments; 50 mm; nominal randomization; smoke-only; gae_lambda compatibility","frozen FSM/metrics; network; reward; residual bounds; seed; asset","verify observation/state/contact finite values and exact zero-residual behavior before optimization","SMOKE_PASS; actor 16x96; critic 16x146; finite contact force; exact zero residual; zero optimization timesteps",PASS,"run the registered 64-environment 300-iteration method-B seed-11 50 mm training stage",C:\robotics_sim\wlr_robot\resume_validation_fsm_residual_ppo\runs\ppo_without_com\training\method-B_seed-11_stage-50mm_smoke_attempt046\diagnosis.md
2026-07-28T07:08:29.000Z,ppo_B_seed11_50mm_attempt001,ppo_B_seed11_50mm_smoke_attempt046,PPO_NO_COM_DEVELOPMENT,B,11,"the asymmetric Actor/Critic interface completes the first real training rollout","64 environments; 50 mm; 300 iterations; 64 rollout; nominal randomization","frozen FSM/metrics; network sizes; rewards; residual bounds; PPO hyperparameters","begin optimization and produce periodic checkpoints without shape or finite-value faults","FAILED at first agent.act before any transition: Actor consumed 146-D privileged state instead of 96-D observation; no checkpoint",FAIL,"make Actor consume observations only, add agent.act smoke preflight and privileged-input regression, then retry smoke before training attempt002",C:\robotics_sim\wlr_robot\resume_validation_fsm_residual_ppo\runs\ppo_without_com\training\method-B_seed-11_stage-50mm_attempt001\diagnosis.md
2026-07-28T07:12:04.000Z,ppo_B_seed11_50mm_smoke_attempt047,ppo_B_seed11_50mm_attempt001,PPO_NO_COM_SMOKE,B,11,"the expanded Actor/Critic action preflight follows the same initialization path as Trainer","16 environments; 50 mm; smoke-only; direct agent.act before Trainer construction","frozen FSM/metrics; corrected Actor input; network; reward; seed","catch Actor/Critic shape or finite faults before optimization","FAILED before transition: Gaussian clip bounds were unset because agent.init had not run; no checkpoint",FAIL,"construct SequentialTrainer before preflight and verify both finite Actor action and Critic value in smoke attempt048",C:\robotics_sim\wlr_robot\resume_validation_fsm_residual_ppo\runs\ppo_without_com\training\method-B_seed-11_stage-50mm_smoke_attempt047\diagnosis.md
2026-07-28T07:18:06.781Z,ppo_B_seed11_50mm_smoke_attempt048,ppo_B_seed11_50mm_smoke_attempt047,PPO_NO_COM_SMOKE,B,11,"the post-Trainer Actor/Critic preflight handles IsaacLab's declared action space and emits a finite bounded residual action","16 environments; 50 mm; smoke-only; unbounded Isaac action Box supplied to Gaussian policy","frozen FSM/metrics; corrected Actor input; initialized agent; reward; seed","verify the complete initialized Actor/Critic action path before optimization","FAILED before transition: unbounded environment Box produced None Gaussian clip bounds; no checkpoint",FAIL,"give the policy the environment's true normalized residual bounds and retry as smoke attempt049",C:\robotics_sim\wlr_robot\resume_validation_fsm_residual_ppo\runs\ppo_without_com\training\method-B_seed-11_stage-50mm_smoke_attempt048\diagnosis.md
2026-07-28T07:19:31.699Z,ppo_B_seed11_50mm_smoke_attempt049,ppo_B_seed11_50mm_smoke_attempt048,PPO_NO_COM_SMOKE,B,11,"the normalized policy bounds complete the initialized Actor/Critic integration path with finite real-environment data","16 environments; 50 mm; nominal randomization; smoke-only; no optimization","frozen FSM/metrics; policy bounds; network; reward; residual scales; seed; asset","verify finite Actor action and Critic value plus exact zero-residual equivalence before training","SMOKE_PASS; actor 16x96; critic 16x146; policy 16x12 max_abs 0.423576; finite value/contact; exact zero residual",PASS,"launch registered 64-environment 300-iteration Method-B seed-11 50 mm training attempt002",C:\robotics_sim\wlr_robot\resume_validation_fsm_residual_ppo\runs\ppo_without_com\training\method-B_seed-11_stage-50mm_smoke_attempt049\diagnosis.md
2026-07-28T07:36:27.649Z,ppo_B_seed11_50mm_attempt002,ppo_B_seed11_50mm_smoke_attempt049,PPO_NO_COM_DEVELOPMENT,B,11,"the corrected initialized PPO path trains through asynchronous episode resets and periodic checkpoints","64 environments; 50 mm; 300 iterations; 64 rollout; nominal randomization","frozen FSM/metrics; network; rewards; residual bounds; PPO hyperparameters; seed","complete 19200 timesteps with finite optimization and recoverable checkpoints","FAILED after finite agent_6400.pt: first two-environment partial reset mixed a 2-row target with all 64 wheel radii; about 45 post-checkpoint steps discarded",FAIL,"index wheel radius by env_ids, force a two-environment reset in smoke attempt050, then resume the remaining 12800 timesteps from the hashed checkpoint",C:\robotics_sim\wlr_robot\resume_validation_fsm_residual_ppo\runs\ppo_without_com\training\method-B_seed-11_stage-50mm_attempt002\diagnosis.md
2026-07-28T07:38:24.105Z,ppo_B_seed11_50mm_smoke_attempt050,ppo_B_seed11_50mm_attempt002,PPO_NO_COM_SMOKE,B,11,"subsetting per-environment wheel radius makes asynchronous partial reset safe","16 environments; 50 mm; nominal randomization; smoke-only; forced env IDs 0 and 15 reset","frozen FSM/metrics; corrected reset; Actor/Critic; reward; residual bounds; seed","complete a real two-environment reset with finite root poses before recovery training","SMOKE_PASS; partial_reset_env_count 2; finite root poses; all prior preflight checks still pass",PASS,"resume from hashed agent_6400.pt for exactly 12800 additional timesteps with an explicit 6400-step offset",C:\robotics_sim\wlr_robot\resume_validation_fsm_residual_ppo\runs\ppo_without_com\training\method-B_seed-11_stage-50mm_smoke_attempt050\diagnosis.md
2026-07-28T08:07:31.088Z,ppo_B_seed11_50mm_attempt003,ppo_B_seed11_50mm_smoke_attempt050,PPO_NO_COM_DEVELOPMENT,B,11,"the exact finite 6400-step checkpoint can complete the remaining registered budget after the partial-reset fix","64 environments; 50 mm; 200 recovery iterations; 64 rollout; nominal randomization; resume offset 6400","frozen FSM/metrics; network; rewards; residual bounds; PPO hyperparameters; seed; exact checkpoint hash","complete cumulative 19200 timesteps and 1228800 transitions with finite final parameters","COMPLETED; 12800 local plus 6400 durable prior timesteps; 77 finite final tensors; final checkpoint SHA256 0a72d1ae9da70d53d138a00eb440e917a94c2ce9946f0f4a55ef8ab0cb8a467d",PASS,"run the frozen deterministic mean policy on all 20 registered 50 mm development scenarios; require at least 80% success to promote",C:\robotics_sim\wlr_robot\resume_validation_fsm_residual_ppo\runs\ppo_without_com\training\method-B_seed-11_stage-50mm_attempt003\diagnosis.md
2026-07-28T08:10:01.283Z,ppo_B_seed11_50mm_development_gate_attempt001,ppo_B_seed11_50mm_attempt003,PPO_NO_COM_DEVELOPMENT_GATE,B,11,"the evaluator restores the full checkpoint and runs deterministic mean actions with the installed skrl API","20 registered 50 mm development scenarios; final checkpoint; no episode began","frozen FSM/metrics; manifest; checkpoint hash; scenario definitions; deterministic action rule","produce an unbiased 20-episode curriculum promotion result","FAILED before episode: removed set_running_mode API and omitted value preprocessor during restore",FAIL,"use enable_training_mode false, restore the value preprocessor, run a one-scenario integration smoke, then retry the full gate",C:\robotics_sim\wlr_robot\resume_validation_fsm_residual_ppo\runs\ppo_without_com\development\method-B_seed-11_stage-50mm_development_gate_attempt001\diagnosis.md
2026-07-28T08:12:21.555Z,ppo_B_seed11_50mm_development_gate_smoke_attempt002,ppo_B_seed11_50mm_development_gate_attempt001,PPO_NO_COM_DEVELOPMENT_GATE_SMOKE,B,11,"the corrected evaluator restores every checkpoint module and executes deterministic mean actions","one development scenario; diagnostic limit 1; intentionally truncated 5 s; 298 control steps","frozen FSM/metrics; development manifest; checkpoint hash; deterministic action rule","verify checkpoint restore and telemetry before the full gate","execution passed; hashed episodes/status/telemetry; deliberate 5 s timeout yielded 0/1 and is excluded from performance",PASS,"run all 20 registered scenarios with the unchanged 150 s limit as development-gate attempt003",C:\robotics_sim\wlr_robot\resume_validation_fsm_residual_ppo\runs\ppo_without_com\development\method-B_seed-11_stage-50mm_development_gate_smoke_attempt002\diagnosis.md
2026-07-28T08:57:32.233Z,ppo_B_seed11_50mm_development_gate_attempt003,ppo_B_seed11_50mm_development_gate_smoke_attempt002,PPO_NO_COM_DEVELOPMENT_GATE,B,11,"the trained deterministic policy satisfies at least 16 of 20 registered 50 mm development scenarios","20 scenarios; 150 s; full checkpoint; deterministic mean action","frozen FSM/metrics; manifest; checkpoint hash; success rule; paired initialization","promote to 75 mm only if success is at least 80% without safety violations","0/20; 19 body/link collisions (16 front_right_bot and 3 rear_right_bot) plus 1 timeout; zero saturation and zero baseline IK fallback",FAIL,"revise the common reward scale so occupancy terms integrate in seconds and terminal collision/success dominate; record all weights; retrain Method-B v2 from scratch",C:\robotics_sim\wlr_robot\resume_validation_fsm_residual_ppo\runs\ppo_without_com\development\method-B_seed-11_stage-50mm_development_gate_attempt003\diagnosis.md
2026-07-28T09:01:00.856Z,ppo_common_reward_v2,ppo_B_seed11_50mm_development_gate_attempt003,PPO_METHOD_DEVELOPMENT,B/C,11,"per-step occupancy rewards overwhelmed terminal safety and task completion in reward v1","common reward weights and time integration only; no FSM or metric change","B/C architecture; observations; actions; PPO hyperparameters; curriculum; randomization; budgets; seeds; actuator limits; frozen success definition","make a late link collision decisively worse than accumulating safe contact time while preserving a positive completion objective","registered reward-v2-safety-terminal-scale; occupancy terms integrate in seconds; success/collision +200/-200; full action-chain telemetry; 117 tests pass",PASS,"run Method-B v2 seed-11 50 mm smoke, then retrain the full registered budget from scratch",C:\robotics_sim\wlr_robot\resume_validation_fsm_residual_ppo\configs\ppo_common.yaml
2026-07-28T09:02:21.022Z,ppo_B_v2_seed11_50mm_smoke_attempt001,ppo_common_reward_v2,PPO_NO_COM_SMOKE,B,11,"reward-v2 configuration and expanded action-chain buffers preserve the validated environment and agent interfaces","16 environments; 50 mm; nominal; smoke-only; no optimization","frozen FSM/metrics; reward-v2 config; architecture; PPO hyperparameters; action bounds; seed; asset","verify finite initialized Actor/Critic, exact zero residual, partial reset, and effective reward provenance","SMOKE_PASS; all checks pass; ppo_common SHA256 034019e479cbe64fd5b1b8d5207a55920a72cadb094f394dcbbffcdd9e5d127e",PASS,"train Method-B reward-v2 seed-11 50 mm for 19200 timesteps from random initialization",C:\robotics_sim\wlr_robot\resume_validation_fsm_residual_ppo\runs\ppo_without_com\training\method-B-v2_seed-11_stage-50mm_smoke_attempt001\diagnosis.md
2026-07-28T09:44:01.000Z,ppo_B_v2_seed11_50mm_attempt001,ppo_B_v2_seed11_50mm_smoke_attempt001,PPO_NO_COM_DEVELOPMENT,B,11,"reward-v2 terminal-scale safety and time-integrated occupancy rewards support finite full-budget optimization from scratch","64 environments; 50 mm; 300 iterations; 64 rollout; 5 epochs; 8 mini-batches; nominal randomization","frozen FSM/metrics; reward-v2 weights; network; observations; residual bounds; PPO hyperparameters; seed; asset","complete exactly 19200 timesteps and 1228800 transitions with finite recoverable parameters","COMPLETED; exact budget; 77 finite final tensors; final checkpoint SHA256 c02026df0f913c6761e1354f6026928421896d5e570dd1e1c848ce13852d8706; all 300 final scalar updates finite",PASS,"run a one-scenario 5 s deterministic evaluator telemetry smoke, then the unchanged 20-scenario 150 s development gate",C:\robotics_sim\wlr_robot\resume_validation_fsm_residual_ppo\runs\ppo_without_com\training\method-B-v2_seed-11_stage-50mm_attempt001\diagnosis.md
2026-07-28T09:47:00.000Z,ppo_B_v2_seed11_50mm_development_gate_smoke_attempt001,ppo_B_v2_seed11_50mm_attempt001,PPO_NO_COM_DEVELOPMENT_GATE_SMOKE,B,11,"the expanded reward-v2 evaluator telemetry preserves row integrity while restoring and executing the final checkpoint","one development scenario; diagnostic limit 1; intentionally truncated 5 s; 100 telemetry rows","frozen FSM/metrics; development manifest; checkpoint hash; reward-v2 config hashes; deterministic action rule","verify full checkpoint restore and all 64 action-chain fields before the performance gate","execution passed; deliberate timeout 0/1 excluded from performance; 100x122 telemetry has uniform width and finite values; all expected action-chain fields present",PASS,"run all 20 registered 50 mm development scenarios with the unchanged 150 s limit",C:\robotics_sim\wlr_robot\resume_validation_fsm_residual_ppo\runs\ppo_without_com\development\method-B-v2_seed-11_stage-50mm_development_gate_smoke_attempt001\diagnosis.md
2026-07-28T10:18:00.000Z,ppo_B_v2_seed11_50mm_development_gate_attempt001,ppo_B_v2_seed11_50mm_development_gate_smoke_attempt001,PPO_NO_COM_DEVELOPMENT_GATE,B,11,"reward-v2 final policy satisfies at least 16 of 20 registered 50 mm scenarios without safety failures","20 fixed scenarios; 150 s maximum; full final checkpoint; deterministic mean action","frozen FSM/metrics; manifest; checkpoint hash; success rule; paired initialization; reward-v2 config","promote to 75 mm only at or above 80% success","0/20; all BODY_OR_LINK_COLLISION after mean 113.795 s and mean 0.9183 m progress; 18 front_right_bot and 2 rear_right_bot; phase-8 residuals show systematic left/right asymmetry; zero saturation and baseline IK fallback",FAIL,"register common reward-v3 with stronger zero-residual anchoring, an explicit left/right residual-asymmetry penalty, and a smaller wheel-speed residual bound; smoke then retrain from scratch",C:\robotics_sim\wlr_robot\resume_validation_fsm_residual_ppo\runs\ppo_without_com\development\method-B-v2_seed-11_stage-50mm_development_gate_attempt001\diagnosis.md
2026-07-28T10:21:00.000Z,ppo_common_reward_v3,ppo_B_v2_seed11_50mm_development_gate_attempt001,PPO_METHOD_DEVELOPMENT,B/C,11,"systematic late right-link collisions are driven by an unsafe departure from the stronger frozen FSM baseline and phase-8 left/right residual asymmetry","common residual safety regularization and wheel-speed residual bound only","frozen FSM/metrics; success definition; Actor/Critic; observations; center residual bounds; PPO hyperparameters; curriculum; randomization; budgets; seeds; actuator limits; B/C-only CoM difference","anchor the learned mean closer to zero residual and suppress differential residual steering without modifying the FSM reference","registered reward-v3-symmetry-anchor; residual magnitude -0.5; left/right asymmetry -1.0; wheel-speed residual bound 0.20 rad/s; common file SHA256 337defd27f0020a0d45dd47e13ea774be42ae25d9998c333a2ace675c6c2a50f; 117 tests pass",PASS,"run Method-B v3 seed-11 50 mm real-Isaac smoke and retrain from random initialization only if it passes",C:\robotics_sim\wlr_robot\resume_validation_fsm_residual_ppo\configs\ppo_common.yaml
2026-07-28T10:25:00.000Z,ppo_B_v3_seed11_50mm_smoke_attempt001,ppo_common_reward_v3,PPO_NO_COM_SMOKE,B,11,"reward-v3 reward keys and action scaling preserve the validated environment and agent interfaces","16 environments; 50 mm; nominal; smoke-only; no optimization","frozen FSM/metrics; reward-v3 config; architecture; PPO hyperparameters; action bounds; seed; asset","verify finite Actor/Critic, exact zero residual, partial reset, and direct effective reward/bound provenance","runtime SMOKE_PASS and reward provenance passed; direct effective residual-bound field missing, although the complete config hash indirectly records it",FAIL,"add the three effective residual bounds to trainer/evaluator provenance, retain all artifacts, and rerun as smoke attempt002",C:\robotics_sim\wlr_robot\resume_validation_fsm_residual_ppo\runs\ppo_without_com\training\method-B-v3_seed-11_stage-50mm_smoke_attempt001\diagnosis.md
2026-07-28T10:27:00.000Z,ppo_B_v3_seed11_50mm_smoke_attempt002,ppo_B_v3_seed11_50mm_smoke_attempt001,PPO_NO_COM_SMOKE,B,11,"direct effective-bound provenance closes the reward-v3 audit gap without changing runtime behavior","16 environments; 50 mm; nominal; smoke-only; no optimization","frozen FSM/metrics; reward-v3 config; architecture; PPO hyperparameters; action bounds; seed; asset","repeat all finite runtime checks and directly record x/z/wheel residual bounds","SMOKE_PASS; bounds 0.015 m, 0.020 m, 0.20 rad/s recorded; new reward weights recorded; exact zero residual and two-environment partial reset pass",PASS,"train Method-B reward-v3 seed-11 50 mm for exactly 19200 timesteps from random initialization",C:\robotics_sim\wlr_robot\resume_validation_fsm_residual_ppo\runs\ppo_without_com\training\method-B-v3_seed-11_stage-50mm_smoke_attempt002\diagnosis.md
2026-07-28T11:10:00.000Z,ppo_B_v3_seed11_50mm_attempt001,ppo_B_v3_seed11_50mm_smoke_attempt002,PPO_NO_COM_DEVELOPMENT,B,11,"reward-v3 symmetry anchoring supports finite full-budget optimization from scratch","64 environments; 50 mm; 300 iterations; 64 rollout; 5 epochs; 8 mini-batches; nominal randomization","frozen FSM/metrics; reward-v3 weights; network; observations; residual bounds; PPO hyperparameters; seed; asset","complete exactly 19200 timesteps and 1228800 transitions with finite recoverable parameters","COMPLETED; exact budget; 77 finite final tensors; final checkpoint SHA256 d3509ab1dbebc658cefdbf00aef77766e4ec574263c5c8c99ca3dfef1ad62a2e; all 300 final scalar updates finite",PASS,"run a one-scenario 5 s deterministic evaluator/provenance smoke, then the unchanged 20-scenario 150 s development gate",C:\robotics_sim\wlr_robot\resume_validation_fsm_residual_ppo\runs\ppo_without_com\training\method-B-v3_seed-11_stage-50mm_attempt001\diagnosis.md
2026-07-28T11:12:00.000Z,ppo_B_v3_seed11_50mm_development_gate_smoke_attempt001,ppo_B_v3_seed11_50mm_attempt001,PPO_NO_COM_DEVELOPMENT_GATE_SMOKE,B,11,"evaluator direct-bound provenance is emitted together with restored deterministic policy execution","one diagnostic scenario requested; no environment or episode started","frozen FSM/metrics; checkpoint; manifest; reward-v3 config; deterministic action rule","verify checkpoint restore, direct effective bounds, and expanded telemetry","FAILED before environment construction: provenance referenced cfg before assignment; zero policy actions or performance data",FAIL,"move bound serialization after environment-config construction, run 117 tests, and repeat as smoke attempt002",C:\robotics_sim\wlr_robot\resume_validation_fsm_residual_ppo\runs\ppo_without_com\development\method-B-v3_seed-11_stage-50mm_development_gate_smoke_attempt001\diagnosis.md
2026-07-28T11:14:00.000Z,ppo_B_v3_seed11_50mm_development_gate_smoke_attempt002,ppo_B_v3_seed11_50mm_development_gate_smoke_attempt001,PPO_NO_COM_DEVELOPMENT_GATE_SMOKE,B,11,"correctly ordered evaluator provenance accompanies deterministic final-policy execution and complete action-chain telemetry","one fixed scenario; diagnostic limit 1; intentionally truncated 5 s; 100 telemetry rows","frozen FSM/metrics; development manifest; checkpoint; reward-v3 config; deterministic action rule","verify checkpoint restore, direct bounds, and 64 action-chain fields before the performance gate","execution passed; deliberate 0/1 timeout excluded; bounds 0.015/0.020/0.20 recorded; 100x122 finite uniform telemetry with all 64 chain fields",PASS,"run all 20 fixed 50 mm development scenarios with the unchanged 150 s maximum",C:\robotics_sim\wlr_robot\resume_validation_fsm_residual_ppo\runs\ppo_without_com\development\method-B-v3_seed-11_stage-50mm_development_gate_smoke_attempt002\diagnosis.md
2026-07-28T11:53:00.000Z,ppo_B_v3_seed11_50mm_development_gate_attempt001,ppo_B_v3_seed11_50mm_development_gate_smoke_attempt002,PPO_NO_COM_DEVELOPMENT_GATE,B,11,"reward-v3 final policy satisfies at least 16 of 20 fixed 50 mm scenarios while reducing v2's systematic late collisions","20 fixed scenarios; 150 s maximum; final checkpoint; deterministic mean action","frozen FSM/metrics; manifest; checkpoint; success rule; reward-v3 config","promote only at or above 80% success","2/20; 12 front_right_bot collisions, 2 phase timeouts, 4 global timeouts; phase-8 mean action L2 0.289 versus v2 0.667; two real successes but below FSM and gate",FAIL,"register reward-v4 baseline preservation with residual magnitude -2.0, asymmetry -3.0 and half-size physical residual bounds; smoke then retrain from scratch",C:\robotics_sim\wlr_robot\resume_validation_fsm_residual_ppo\runs\ppo_without_com\development\method-B-v3_seed-11_stage-50mm_development_gate_attempt001\diagnosis.md
2026-07-28T11:55:00.000Z,ppo_common_reward_v4,ppo_B_v3_seed11_50mm_development_gate_attempt001,PPO_METHOD_DEVELOPMENT,B/C,11,"v3 materially reduced unsafe residual departure but remained below its stronger frozen FSM baseline","common residual anchoring, asymmetry regularization, and physical residual scales only","frozen FSM/metrics; success definition; Actor/Critic; observations; action dimension; PPO hyperparameters; curriculum; randomization; budgets; seeds; actuator limits; B/C-only CoM difference","preserve baseline behavior while permitting only small learned corrections","registered reward-v4-baseline-preservation; magnitude -2.0; asymmetry -3.0; bounds 0.0075 m/0.010 m/0.10 rad/s; common SHA256 b3417383ecb3ab22436764a33c57adb5a374897f87ae680f38bbe64c2275699a; 117 tests pass",PASS,"run Method-B v4 real-Isaac smoke and retrain from random initialization only if it passes",C:\robotics_sim\wlr_robot\resume_validation_fsm_residual_ppo\configs\ppo_common.yaml
2026-07-28T11:56:00.000Z,ppo_B_v4_seed11_50mm_smoke_attempt001,ppo_common_reward_v4,PPO_NO_COM_SMOKE,B,11,"reward-v4 baseline-preservation scales preserve the validated real-Isaac environment and agent interfaces","16 environments; 50 mm; nominal; smoke-only; no optimization","frozen FSM/metrics; reward-v4 config; architecture; PPO hyperparameters; action dimension; seed; asset","verify finite Actor/Critic, exact zero residual, partial reset, and direct effective weights/bounds","SMOKE_PASS; bounds 0.0075/0.010/0.10 and weights -2/-3 recorded; all finite runtime checks and two-environment partial reset pass",PASS,"train Method-B reward-v4 seed-11 50 mm for exactly 19200 timesteps from random initialization",C:\robotics_sim\wlr_robot\resume_validation_fsm_residual_ppo\runs\ppo_without_com\training\method-B-v4_seed-11_stage-50mm_smoke_attempt001\diagnosis.md
2026-07-28T12:37:00.000Z,ppo_B_v4_seed11_50mm_attempt001,ppo_B_v4_seed11_50mm_smoke_attempt001,PPO_NO_COM_DEVELOPMENT,B,11,"reward-v4 baseline preservation supports finite full-budget optimization from random initialization","64 environments; 50 mm; 300 iterations; 64 rollout; 5 epochs; 8 mini-batches; nominal randomization","frozen FSM/metrics; reward-v4 weights; network; observations; residual bounds; PPO hyperparameters; seed; asset","complete exactly 19200 timesteps and 1228800 transitions with finite recoverable parameters","COMPLETED; exact budget; 77 finite final tensors; final checkpoint SHA256 e23b091a4a3f05b2092963a3960df7b1a2539a3e62072cb095b375e8587b87f0; all core scalar series have 300 finite updates through timestep 19200",PASS,"run a one-scenario 5 s deterministic evaluator/provenance smoke, then the unchanged 20-scenario 150 s development gate",C:\robotics_sim\wlr_robot\resume_validation_fsm_residual_ppo\runs\ppo_without_com\training\method-B-v4_seed-11_stage-50mm_attempt001\diagnosis.md
2026-07-28T12:41:00.000Z,ppo_B_v4_seed11_50mm_development_gate_smoke_attempt001,ppo_B_v4_seed11_50mm_attempt001,PPO_NO_COM_DEVELOPMENT_GATE_SMOKE,B,11,"reward-v4 final checkpoint restores with direct bound provenance and complete action-chain telemetry","one fixed scenario; diagnostic limit 1; intentionally truncated 5 s; 100 telemetry rows","frozen FSM/metrics; development manifest; checkpoint; reward-v4 config; deterministic action rule","verify checkpoint restore, direct bounds and weights, and all 64 action-chain fields before the performance gate","execution passed; deliberate 0/1 timeout excluded; exact checkpoint/config hashes; 100x122 finite uniform telemetry with all 64 chain fields",PASS,"run all 20 fixed 50 mm development scenarios with the unchanged 150 s maximum",C:\robotics_sim\wlr_robot\resume_validation_fsm_residual_ppo\runs\ppo_without_com\development\method-B-v4_seed-11_stage-50mm_development_gate_smoke_attempt001\diagnosis.md
2026-07-28T13:16:00.000Z,ppo_B_v4_seed11_50mm_development_gate_attempt001,ppo_B_v4_seed11_50mm_development_gate_smoke_attempt001,PPO_NO_COM_DEVELOPMENT_GATE,B,11,"reward-v4 baseline preservation satisfies at least 16 of 20 fixed 50 mm scenarios","20 fixed scenarios; 150 s maximum; final checkpoint; deterministic mean action","frozen FSM/metrics; manifest; checkpoint; success rule; reward-v4 config","promote only at or above 80% success","5/20; 8 front_right_bot collisions, 3 phase timeouts, 4 global timeouts; all delay-2 scenarios failed; 52,130x122 uniform telemetry with finite action chain",FAIL,"register reward-v5 with time-integrated stuck occupancy, monotonic global phase progress, and bounded randomized 50 mm training; smoke and retrain from scratch",C:\robotics_sim\wlr_robot\resume_validation_fsm_residual_ppo\runs\ppo_without_com\development\method-B-v4_seed-11_stage-50mm_development_gate_attempt001\diagnosis.md
2026-07-28T13:22:00.000Z,ppo_common_reward_v5,ppo_B_v4_seed11_50mm_development_gate_attempt001,PPO_METHOD_DEVELOPMENT,B/C,11,"nominal-only training and two reward-credit scaling defects explain v4's disturbance failures and unsafe collision preference","common phase/stuck reward semantics and stage-50 bounded training randomization only","frozen FSM/metrics; success definition; Actor/Critic; observations; action dimension/bounds; PPO hyperparameters; budgets; seeds; actuator limits; B/C-only CoM difference","make continued recovery preferable to collision, preserve positive phase credit, and expose the policy to reasonable delay/pose/friction/noise variation","registered reward-v5-robust-credit; stuck integrated by step_dt; monotonic phase coordinate; full bounded stage-50 randomization; common SHA256 356b3144ac2175b21380d8accb33b8e0ad6190e93fbb78e256a7a69323e3451a; 119 tests pass",PASS,"run Method-B v5 seed-11 50 mm real-Isaac full-randomization smoke and retrain from random initialization only if it passes",C:\robotics_sim\wlr_robot\resume_validation_fsm_residual_ppo\configs\ppo_common.yaml
2026-07-28T13:27:00.000Z,ppo_B_v5_seed11_50mm_smoke_attempt001,ppo_common_reward_v5,PPO_NO_COM_SMOKE,B,11,"reward-v5 credit semantics and full bounded randomization preserve the validated real-Isaac interfaces","16 environments; 50 mm; full randomization; smoke-only; 8 timesteps","frozen FSM/metrics; reward-v5 config; architecture; action bounds; PPO hyperparameters; seed; asset","verify finite Actor/Critic/action/contact paths, exact zero residual, partial reset, and direct randomization provenance","SMOKE_PASS; 16x96/146 and 16x12 shapes; exact zero residual; two-environment reset; full ranges recorded; config hashes exact",PASS,"train Method-B reward-v5 seed-11 50 mm for exactly 19200 timesteps from random initialization with full bounded randomization",C:\robotics_sim\wlr_robot\resume_validation_fsm_residual_ppo\runs\ppo_without_com\training\method-B-v5_seed-11_stage-50mm_smoke_attempt001\diagnosis.md
2026-07-28T13:52:00.000Z,ppo_B_v5_seed11_50mm_attempt001,ppo_B_v5_seed11_50mm_smoke_attempt001,PPO_NO_COM_DEVELOPMENT,B,11,"reward-v5 robust credit supports safe finite full-budget optimization under registered full randomization","64 environments; 50 mm; 300 requested iterations; full randomization; from-scratch initialization","frozen FSM/metrics; reward-v5 config; network; observations; residual bounds; PPO hyperparameters; seed; asset","complete exactly 19200 timesteps without making unsafe early termination preferable to continued traversal","ABORTED at progress 9517/19200 after episode audit: a 168-step termination returned -17.6176 while long episodes averaged -1486.234; fall/numerical/phase-timeout lacked terminal costs and multiple state/rate penalties were charged at 60 Hz; agent_8000 has 77 finite tensors but is objective-ineligible",FAIL,"register reward-v6 with step_dt-integrated continuous costs and explicit -200 terminal safety terms; test, smoke, then retrain from scratch",C:\robotics_sim\wlr_robot\resume_validation_fsm_residual_ppo\runs\ppo_without_com\training\method-B-v5_seed-11_stage-50mm_attempt001\diagnosis.md
2026-07-28T13:58:00.000Z,ppo_common_reward_v6,ppo_B_v5_seed11_50mm_attempt001,PPO_METHOD_DEVELOPMENT,B/C,11,"continuous-cost scaling and missing terminal costs caused reward-v5 to prefer unsafe early termination","common reward timebase and terminal safety terms only","frozen FSM/metrics; success definition; Actor/Critic; observations; action dimension/bounds; PPO hyperparameters; curriculum/randomization; budgets; seeds; actuator limits; B/C-only CoM difference","make accumulated continuous costs invariant to control rate and every unsafe termination worse than the observed early-failure escape return","registered reward-v6-continuous-safety; seven continuous terms integrated by step_dt; fall/body-collision/numerical/phase-timeout/joint-limit each -200; common SHA256 c416ea5ad8dc4836f5f97d3e9da95869baea5cc25a6008edfa1c233f972c2a32 canonical e395947b685c129a4047b3cb6a918d734cc673488dc0db056c8688d989949831; 120 tests pass; frozen hashes unchanged",PASS,"run Method-B v6 seed-11 50 mm real-Isaac full-randomization smoke, then retrain from random initialization only if it passes",C:\robotics_sim\wlr_robot\resume_validation_fsm_residual_ppo\configs\ppo_common.yaml
2026-07-28T14:02:00.000Z,ppo_B_v6_seed11_50mm_smoke_attempt001,ppo_common_reward_v6,PPO_NO_COM_SMOKE,B,11,"reward-v6 runtime preserves the validated real-Isaac environment and records enough evidence to authorize training","16 environments; 50 mm; full randomization; smoke-only; 8 timesteps","frozen FSM/metrics; v6 config; architecture; action bounds; PPO; seed; asset","verify finite runtime interfaces and direct v6 reward/source provenance","runtime SMOKE_PASS with finite 16x96/146 states, 16x12 actions, exact zero residual and partial reset; post-review found runtime raw reward keys and exact Python source hashes were not recorded",SUPERSEDED,"add runtime reward-key/finite checks plus exact source hashes and repeat as attempt002",C:\robotics_sim\wlr_robot\resume_validation_fsm_residual_ppo\runs\ppo_without_com\training\method-B-v6_seed-11_stage-50mm_smoke_attempt001\diagnosis.md
2026-07-28T14:05:00.000Z,ppo_B_v6_seed11_50mm_smoke_attempt002,ppo_B_v6_seed11_50mm_smoke_attempt001,PPO_NO_COM_SMOKE,B,11,"runtime raw reward and exact source provenance close attempt001's audit gap","16 environments; 50 mm; full randomization; smoke-only; 8 timesteps","frozen FSM/metrics; v6 config; architecture; action bounds; PPO; seed; asset","require exactly 22 finite runtime raw terms and exact source hashes","SMOKE_PASS; 22 terms finite at step_dt 1/60; five normal-state safety raws zero; source hashes recorded; post-review determined the safety terms still had not been observed on an actual terminal transition",SUPERSEDED,"add a forced real-fall transition requiring terminated=true, finite reward, and exact -200 weighted fall component; repeat as attempt003",C:\robotics_sim\wlr_robot\resume_validation_fsm_residual_ppo\runs\ppo_without_com\training\method-B-v6_seed-11_stage-50mm_smoke_attempt002\diagnosis.md
2026-07-28T14:07:00.000Z,ppo_B_v6_seed11_50mm_smoke_attempt003,ppo_B_v6_seed11_50mm_smoke_attempt002,PPO_NO_COM_SMOKE,B,11,"a forced real-fall transition carries the exact registered terminal reward","16 environments; 50 mm; full randomization; smoke-only; forced low-root transition in env 0","frozen FSM/metrics; v6 config; architecture; action bounds; PPO; seed; asset","require terminated=true, finite reward, and exact -200 weighted fall component","compound forced-fall assertion failed after all normal runtime checks passed; first assertion version did not serialize its subcondition values before raising",FAIL,"record termination, raw/weighted fall, total reward, finite flag and terminal snapshot before asserting; repeat as attempt004",C:\robotics_sim\wlr_robot\resume_validation_fsm_residual_ppo\runs\ppo_without_com\training\method-B-v6_seed-11_stage-50mm_smoke_attempt003\diagnosis.md
2026-07-28T14:10:00.000Z,ppo_B_v6_seed11_50mm_smoke_attempt004,ppo_B_v6_seed11_50mm_smoke_attempt003,PPO_NO_COM_SMOKE,B,11,"serialized forced-terminal subconditions identify the exact predicate and reward path","16 environments; 50 mm; full randomization; smoke-only; forced root z 0.01 m in env 0","frozen FSM/metrics; v6 config; architecture; action bounds; PPO; seed; asset","distinguish fall from another safety termination and verify finite terminal reward","terminated=true and finite total reward -200.009903, but fall raw/weighted/snapshot were 0/0/false; low root triggered the independently valid -200 body-collision path before the height-fall predicate",FAIL,"isolate fall by lifting env 0 and applying a 1.4 rad roll above the fall-tilt threshold; repeat as attempt005",C:\robotics_sim\wlr_robot\resume_validation_fsm_residual_ppo\runs\ppo_without_com\training\method-B-v6_seed-11_stage-50mm_smoke_attempt004\diagnosis.md
2026-07-28T14:12:00.000Z,ppo_B_v6_seed11_50mm_smoke_attempt005,ppo_B_v6_seed11_50mm_smoke_attempt004,PPO_NO_COM_SMOKE,B,11,"isolated tilt-fall verifies reward-v6 terminal safety before long optimization","16 environments; 50 mm; full randomization; smoke-only; lifted 1.4 rad roll stimulus in env 0","frozen FSM/metrics; v6 config; architecture; action bounds; PPO; seed; asset","require all runtime checks plus raw fall 1, weighted fall -200, terminated=true and finite total reward","SMOKE_PASS; 22 raw terms finite at 1/60 s; forced fall terminated with snapshot true, raw 1, weighted -200 and total -200.193939; exact executed source hashes recorded; 120 tests pass",PASS,"train Method-B reward-v6 seed-11 50 mm from scratch for exactly 19200 timesteps and 1228800 transitions under full randomization",C:\robotics_sim\wlr_robot\resume_validation_fsm_residual_ppo\runs\ppo_without_com\training\method-B-v6_seed-11_stage-50mm_smoke_attempt005\diagnosis.md
2026-07-28T14:35:00.000Z,ppo_B_v6_seed11_50mm_attempt001,ppo_B_v6_seed11_50mm_smoke_attempt005,PPO_NO_COM_DEVELOPMENT,B,11,"reward-v6 terminal/timebase corrections support an uncorrupted full-randomization training distribution","64 environments; 50 mm; 300 requested iterations; full randomization; from scratch","frozen FSM/metrics; v6 reward; network; observations; action bounds; PPO; seed; asset","complete 19200 timesteps with every reset returning to the registered pre-obstacle distribution","ABORTED at 10057/19200: step-9024 paired rolling statistics included a 168-step positive-return episode; reset code mixed newly written root_pose with stale terminal body/wheel caches, allowing post-terminal initialization near/on the obstacle; agent_9600 retained but ineligible",FAIL,"register runtime-v7 cache-independent reset geometry, add unit and terminal-over-obstacle auto-reset smoke checks, then retrain from scratch",C:\robotics_sim\wlr_robot\resume_validation_fsm_residual_ppo\runs\ppo_without_com\training\method-B-v6_seed-11_stage-50mm_attempt001\diagnosis.md
2026-07-28T14:42:00.000Z,ppo_common_runtime_v7,ppo_B_v6_seed11_50mm_attempt001,PPO_METHOD_DEVELOPMENT,B/C,11,"cache-independent reset geometry removes post-terminal initialization contamination","common randomized reset placement only","frozen FSM/metrics; v6 rewards; Actor/Critic; observations; action dimension/bounds; PPO; curriculum/randomization ranges; budgets; seeds; actuator limits; B/C-only CoM difference","every episode begins at its registered pre-obstacle distance and pitch regardless of prior terminal pose","registered runtime-v7-reset-safe; reset uses cached settled root-to-wheel geometry and registered values only; common SHA256 049386620349475e3c2c6800de3a9911ee9a8ec2e817c0bc75fb433e992e5ac1 canonical cb706674975c45f2297f1522f5484302f4d4085ed4d76bd80542bbd2eaa3ce2e; 121 tests pass; frozen hashes unchanged",PASS,"run real-Isaac terminal-over-obstacle auto-reset smoke, then retrain from scratch only if it passes",C:\robotics_sim\wlr_robot\resume_validation_fsm_residual_ppo\configs\ppo_common.yaml
2026-07-28T14:45:00.000Z,ppo_B_v7_seed11_50mm_smoke_attempt001,ppo_common_runtime_v7,PPO_NO_COM_SMOKE,B,11,"terminal-over-obstacle auto-reset returns to the registered pre-obstacle distribution","16 environments; full randomization; forced tilt over obstacle; one post-reset physics step","frozen FSM/metrics; v7 config; v6 rewards; architecture/action/PPO/seed/asset","require finite -200 fall plus post-reset distance error <=10 mm and no immediate success/done","SMOKE_PASS; fall weighted -200; post-reset target/actual 0.266813/0.265486 m, error 1.327 mm; success=false; done=false; exact source hashes recorded",PASS,"train Method-B runtime-v7 seed-11 50 mm from scratch for exactly 19200 timesteps",C:\robotics_sim\wlr_robot\resume_validation_fsm_residual_ppo\runs\ppo_without_com\training\method-B-v7_seed-11_stage-50mm_smoke_attempt001\diagnosis.md
2026-07-28T15:22:00.000Z,ppo_B_v7_seed11_50mm_attempt001,ppo_B_v7_seed11_50mm_smoke_attempt001,PPO_NO_COM_DEVELOPMENT,B,11,"runtime-v7 supports finite exact-budget optimization from scratch","64 environments; 50 mm; 300x64 timesteps; full randomization","frozen FSM/metrics; v7 config; network; observations; action bounds; PPO; seed; asset","complete exact budget with finite recoverable final parameters","COMPLETED 19200 timesteps and 1228800 transitions; 77 finite tensors/785093 elements; final SHA256 0f00a8207fff1fb096f9124f4e9b0df47cae9d9d579914913f47ef5f90ab704d; 300 finite core updates; six skrl rolling episode series marked non-authoritative due confirmed env0 tracker-reset bug",PASS,"run one-scenario 5 s deterministic evaluator/provenance smoke, then unchanged 20-scenario development gate",C:\robotics_sim\wlr_robot\resume_validation_fsm_residual_ppo\runs\ppo_without_com\training\method-B-v7_seed-11_stage-50mm_attempt001\diagnosis.md
2026-07-28T15:27:00.000Z,ppo_B_v7_seed11_50mm_development_gate_smoke_attempt001,ppo_B_v7_seed11_50mm_attempt001,PPO_NO_COM_DEVELOPMENT_GATE_SMOKE,B,11,"final checkpoint restores with exact v7 provenance and complete telemetry","one development scenario; deliberate 5 s limit; 100 telemetry rows","frozen FSM/metrics; final checkpoint; development manifest; deterministic mean action","verify checkpoint/source/config hashes and 64 action-chain fields before performance gate","passed execution; deliberate 0/1 TIMEOUT excluded; exact hashes; 100x122 uniform telemetry; all 64 action-chain fields finite",PASS,"run unchanged 20-scenario 150 s development gate",C:\robotics_sim\wlr_robot\resume_validation_fsm_residual_ppo\runs\ppo_without_com\development\method-B-v7_seed-11_stage-50mm_development_gate_smoke_attempt001\diagnosis.md
2026-07-28T15:59:53.000Z,ppo_B_v7_seed11_50mm_development_gate_attempt001,ppo_B_v7_seed11_50mm_development_gate_smoke_attempt001,PPO_NO_COM_DEVELOPMENT_GATE,B,11,"runtime-v7 full-randomization training preserves FSM successes and learns disturbance-conditioned corrections","all 20 fixed 50 mm development scenarios; deterministic final policy; 150 s limit","frozen FSM/metrics; checkpoint; development manifest; action bounds; success definition; physics","reach at least 16/20 while retaining the frozen FSM's safe cases","2/20; eight collisions, one phase timeout, nine global timeouts; all nine delay-2 scenarios failed; zero overlap with the frozen FSM's 12 successful scenarios; mean action L2 0.24512 versus v4 0.11758",FAIL,"register common v8 with local tracker repair, maneuver-only residual execution, and timebase-correct baseline regularization; test and retrain from scratch",C:\robotics_sim\wlr_robot\resume_validation_fsm_residual_ppo\runs\ppo_without_com\development\method-B-v7_seed-11_stage-50mm_development_gate_attempt001\diagnosis.md
2026-07-28T16:12:00.000Z,ppo_common_runtime_v8,ppo_B_v7_seed11_50mm_development_gate_attempt001,PPO_METHOD_DEVELOPMENT,B/C,11,"phase-10 residual interference and timebase-weakened anchoring caused complete loss of frozen-FSM successes","common physical residual phase window; time-integrated residual weights; display-only tracker repair","frozen FSM/metrics/asset; success definition; 12-D action order/bounds; Actor/Critic; PPO memory/GAE/losses/hyperparameters; randomization; seeds; B/C-only CoM difference","restore baseline endpoint convergence and v4-equivalent per-second residual anchoring while making episode displays authoritative","registered runtime-v8-phase-safe-tracker-audited; phase window 2-9; residual weights -120/-180 per second; local tracker helper preserves env0 when env5/7 finish; common SHA256 e97d76f169b08d4b3503a5ad74c26e9077664fb2aef7c92fb74874d4a6dc0333 canonical a571f9c16d30593b133d1cd78adf33288fe9ce1f4bffb3bd749d22ac117b0200; 126 tests pass",PASS,"run Method-B v8 full-randomization real-Isaac smoke with runtime phase-gate, terminal safety, reset, tracker, and source-provenance checks",C:\robotics_sim\wlr_robot\resume_validation_fsm_residual_ppo\configs\ppo_common.yaml
2026-07-28T16:15:03.000Z,ppo_B_v8_seed11_50mm_smoke_attempt001,ppo_common_runtime_v8,PPO_NO_COM_SMOKE,B,11,"v8 common safety and tracker changes execute correctly in the real vectorized environment","16 environments; full randomization; 8 zero-action transitions; phase 1/2/10 direct gate audit; forced tilt fall/reset","frozen FSM/metrics/asset; v8 config; action bounds; architecture; PPO optimizer path; seed","require finite interfaces/rewards, exact phase gate, repaired display indexing, -200 fall, and clean post-terminal reset","SMOKE_PASS; phase 1/2/10 scaled max 0/0.05/0; AuditablePPO env0 preservation true; fall raw/weighted 1/-200; reset error 1.327 mm; all 22 terms finite; result SHA256 2f0f865cc9f4f8f41aa0e3f6a697d24e2c4ed7fd3f8eed42442b6b637ad48f33",PASS,"train Method-B v8 seed-11 50 mm from scratch for exactly 19200 timesteps/1228800 transitions under full randomization",C:\robotics_sim\wlr_robot\resume_validation_fsm_residual_ppo\runs\ppo_without_com\training\method-B-v8_seed-11_stage-50mm_smoke_attempt001\diagnosis.md
2026-07-28T17:09:30.000Z,ppo_B_v8_seed11_50mm_attempt001,ppo_B_v8_seed11_50mm_smoke_attempt001,PPO_NO_COM_DEVELOPMENT,B,11,"phase-safe residual execution and timebase-correct anchoring support finite full-budget optimization with truthful episode displays","64 environments; 50 mm; 300x64 timesteps; full randomization; from scratch","frozen FSM/metrics/asset; v8 common config; architecture/action/PPO; seed","complete exactly 19200 timesteps/1228800 transitions with finite final parameters and authoritative rolling displays","COMPLETED; final SHA256 8a5b9520dad5ecc928623da2d52e5bf08b44611db6fd985bed93f949fb243ae2; 77 tensors/785093 elements finite; 300 core updates finite; episode lengths 3814-8999; 15 success-term and 24 safety-term logging windows",PASS,"run one-scenario 5 s deterministic evaluator/provenance smoke, then unchanged full 20-scenario 50 mm development gate",C:\robotics_sim\wlr_robot\resume_validation_fsm_residual_ppo\runs\ppo_without_com\training\method-B-v8_seed-11_stage-50mm_attempt001\diagnosis.md
2026-07-28T17:12:46.000Z,ppo_B_v8_seed11_50mm_development_gate_smoke_attempt001,ppo_B_v8_seed11_50mm_attempt001,PPO_NO_COM_DEVELOPMENT_GATE_SMOKE,B,11,"v8 final checkpoint restores with exact provenance and physical phase gating","one development scenario; deliberate 5 s timeout; 100 telemetry rows","frozen FSM/metrics/asset; final checkpoint; v8 config; development manifest; deterministic mean action","verify checkpoint/config/source hashes, complete action chain, and zero physical residual in phases 0/1","PASS; 100x122 uniform telemetry; 64 action-chain fields finite; phases 0/1 policy max-abs 0.07633 but scaled residual max exactly zero; result SHA256 1ec518741a55e2e568977042b49279475ee3aba0d8c3f3fc9dce95cfafef0a0e",PASS,"run unchanged 20-scenario 150 s Method-B v8 development gate; require at least 16 successes",C:\robotics_sim\wlr_robot\resume_validation_fsm_residual_ppo\runs\ppo_without_com\development\method-B-v8_seed-11_stage-50mm_development_gate_smoke_attempt001\diagnosis.md
2026-07-28T17:48:00.000Z,ppo_B_v8_seed11_50mm_development_gate_attempt001,ppo_B_v8_seed11_50mm_development_gate_smoke_attempt001,PPO_NO_COM_DEVELOPMENT_GATE,B,11,"v8 phase-safe anchoring preserves the frozen FSM and learns disturbance-conditioned corrections","all 20 fixed 50 mm development scenarios; deterministic final policy; 150 s limit","frozen FSM/metrics/asset; checkpoint; development manifest; action bounds; success definition; physics","reach at least 16/20 while retaining frozen-FSM successes","10/20; retained 8/12 FSM successes and rescued 0008/0013; delay-2 improved v7 0/9 to 4/9; failures were three phase-8 front-right collisions, three phase-9 timeouts, and four phase-10 global timeouts with full-top 1110; successful duration about 133-135 s versus FSM about 44 s; result SHA256 51cb4cd3d0971af0068ebd5716c624f4082979bb8e9cdaf989e507c94a5a4edc",FAIL,"register common v9 with physical residual execution only in critical rear-transfer phases 7-8; derive smoke probes from registered window; retrain from scratch",C:\robotics_sim\wlr_robot\resume_validation_fsm_residual_ppo\runs\ppo_without_com\development\method-B-v8_seed-11_stage-50mm_development_gate_attempt001\diagnosis.md
2026-07-28T17:56:00.000Z,ppo_common_runtime_v9,ppo_B_v8_seed11_50mm_development_gate_attempt001,PPO_METHOD_DEVELOPMENT,B/C,11,"v8 applied useful transfer corrections over too much of the trajectory and interfered with exact FSM approach/terminal placement","common physical residual execution window 2-9 to 7-8; smoke probes derived from the configured window","frozen FSM/metrics/asset; rewards; action order/bounds; Actor/Critic; PPO budget/hyperparameters; randomization; seeds; tracker repair; B/C-only CoM difference","preserve exact FSM in failure-free phases 0-6 and terminal phases 9-12 while retaining learned correction authority at rear transfer","registered runtime-v9-transfer-only; common SHA256 52311feb78d8ad1ef2741c7bc0408a24af8e9cbefc4970e3929c698035f9d138 canonical 1f82953b32dd6c39dfba43841f09e5610e7d0a399777f70ab80eb8334ac064af; residual env/train source SHA256 44752ac4e4cefa975e28a00123a0fa0e183aaab630d7b21081aa377a99ba689d/d73b0df612b03454cbe53018d60eede00ed22a02bc80561a4c84ff7b7fb99517; 126 tests pass",PASS,"run Method-B v9 full-randomization real-Isaac smoke and require exact zero at phases 6/9 plus enabled execution at 7/8",C:\robotics_sim\wlr_robot\resume_validation_fsm_residual_ppo\configs\ppo_common.yaml
2026-07-28T17:56:00.000Z,ppo_B_v9_seed11_50mm_smoke_attempt001,ppo_common_runtime_v9,PPO_NO_COM_SMOKE,B,11,"v9 transfer-only execution is exact in the real vectorized environment","16 environments; full randomization; window-derived phase 6/7/8/9 gate audit; forced tilt fall/reset","frozen FSM/metrics/asset; v9 config; rewards/action bounds; architecture/PPO; seed","require finite interfaces and rewards, exact 0/enabled/enabled/0 gate, repaired tracking, -200 fall, and clean reset","SMOKE_PASS; phase 6/7/8/9 scaled max 0/0.0500000007/0.0500000007/0; fall weighted -200; reset error 1.327 mm with no immediate success/done; environment PID 54424 exited normally; result SHA256 691f7b2fce5c25a62deb900691ed241338e6f367b843d8936b21efbe5600566d",PASS,"train Method-B v9 seed-11 50 mm from scratch for exactly 19200 local timesteps/1228800 transitions",C:\robotics_sim\wlr_robot\resume_validation_fsm_residual_ppo\runs\ppo_without_com\training\method-B-v9_seed-11_stage-50mm_smoke_attempt001\diagnosis.md
2026-07-28T18:40:00.000Z,ppo_B_v9_seed11_50mm_attempt001,ppo_B_v9_seed11_50mm_smoke_attempt001,PPO_NO_COM_DEVELOPMENT,B,11,"transfer-only residual execution supports finite exact-budget optimization from scratch","64 environments; 50 mm; 300x64 timesteps; full randomization; from scratch","frozen FSM/metrics/asset; v9 common config; architecture/action/PPO; rewards; seed","complete exactly 19200 timesteps/1228800 transitions with finite final parameters and authoritative rolling displays","COMPLETED; final SHA256 fafc0ada9dadb12f49ebe98d7fbc258ff432d0a20d2ade3d2af6cccfb8834140; 77 tensors/785093 elements finite; 300 core updates finite through step 19200; 36 episode windows length 6445-8999; success and safety transitions observed",PASS,"run one-scenario 5 s deterministic evaluator/provenance smoke, then unchanged full 20-scenario 50 mm development gate",C:\robotics_sim\wlr_robot\resume_validation_fsm_residual_ppo\runs\ppo_without_com\training\method-B-v9_seed-11_stage-50mm_attempt001\diagnosis.md
2026-07-28T18:44:00.000Z,ppo_B_v9_seed11_50mm_development_gate_smoke_attempt001,ppo_B_v9_seed11_50mm_attempt001,PPO_NO_COM_DEVELOPMENT_GATE_SMOKE,B,11,"v9 final checkpoint restores with exact provenance and window-excluded policy actions cannot alter commands","one development scenario; deliberate 5 s timeout; 100 telemetry rows","frozen FSM/metrics/asset; final checkpoint; v9 config; development manifest; deterministic mean action","verify exact hashes, complete finite action chain, and zero physical residual in phases 0/1","PASS; 100x122 uniform telemetry; 64 action-chain fields finite; policy max-abs 0.0774652 but scaled residual max exactly zero; result SHA256 8084b8ab43d4526811c18533eb96b07279335a2e104c842b6c3f66cfacf022c5",PASS,"run unchanged 20-scenario 150 s Method-B v9 development gate; require at least 16 successes",C:\robotics_sim\wlr_robot\resume_validation_fsm_residual_ppo\runs\ppo_without_com\development\method-B-v9_seed-11_stage-50mm_development_gate_smoke_attempt001\diagnosis.md
2026-07-28T19:18:00.000Z,ppo_B_v9_seed11_50mm_development_gate_attempt001,ppo_B_v9_seed11_50mm_development_gate_smoke_attempt001,PPO_NO_COM_DEVELOPMENT_GATE,B,11,"v9 transfer-only execution preserves FSM successes and learns rear-transfer correction","all 20 fixed 50 mm development scenarios; deterministic final policy; 150 s limit","frozen FSM/metrics/asset; checkpoint; development manifest; action bounds; success definition; physics","reach at least 16/20 while retaining frozen-FSM successes","6/20; eight front-right collisions, two phase-9 timeouts, four phase-10 timeouts; retained 4/12 FSM successes and rescued 0008/0013; phase-8 collision action L2 0.0894 versus success 0.0755; learned front-up/rear-weak vertical correction opposed safer v8 pattern; direct FSM telemetry corrected prior duration claim to 133.20-134.45 s, leaving only about 2.1 episode horizons in 19200 steps; result SHA256 8749e9c320d7722d8abaa25daab32b8905e4f828547fa6a5d90653639fa4bdd3",FAIL,"register v10 front-down/rear-up z-direction projection with explicit applied-action telemetry and 76800-step full-development budget; smoke and retrain from scratch",C:\robotics_sim\wlr_robot\resume_validation_fsm_residual_ppo\runs\ppo_without_com\development\method-B-v9_seed-11_stage-50mm_development_gate_attempt001\diagnosis.md
2026-07-28T19:28:00.000Z,ppo_common_runtime_v10,ppo_B_v9_seed11_50mm_development_gate_attempt001,PPO_METHOD_DEVELOPMENT,B/C,11,"v9 learned collision-correlated front-up residuals and medium training exposed only about 2.1 episode horizons","physical wheel-center z direction cone; applied-action telemetry semantics; registered local budget 19200 to 76800","frozen FSM/metrics/asset; phase window 7-8; reward; 12-D raw action order/absolute bounds; network; PPO hyperparameters; randomization; seeds; B/C-only CoM difference","prevent front-up/rear-down contact-phase commands and expose enough terminal feedback for convergence","registered runtime-v10-direction-safe-full-exposure; common SHA256 06b96fbd4009630e7b68fe04aa387583848c8685fcbcbc91f99c1d2b57f3526c canonical a8bf1626c55c98f6d80ed7d812efa56e657ff869d7f6cec455f82440026fe17c; safety/env/train/evaluator source SHA256 6d9fd247d03ae99f5a0ae313f1d5453d66f04d08113eb85570333dd9102a51f3/c09862a5e8caea5566aa3a721cd2e8d8b5ec0cd143c7b4c8b12074200e76615d/f1f0556ef81b088956d585703f523ca44d140fc6d80d86cded738ef9f60bf4b3/b851fd01fb468cf07d6ed290b70154e2f06050d2ff5b444b88c2cee9273d0e41; 129 tests pass",PASS,"run real-Isaac phase gate and direction-projection smoke before 76800-step full development",C:\robotics_sim\wlr_robot\resume_validation_fsm_residual_ppo\configs\ppo_common.yaml
2026-07-28T19:30:00.000Z,ppo_B_v10_seed11_50mm_smoke_attempt001,ppo_common_runtime_v10,PPO_NO_COM_SMOKE,B,11,"v10 direction cone and phase gate execute exactly in the real vectorized environment","16 environments; full randomization; phase 6/7/8/9 audit; all-positive raw action projection; forced fall/reset","frozen FSM/metrics/asset; v10 config; reward/action absolute bounds; network/PPO; seed","require exact phase gate and z projection, finite interfaces/rewards, repaired tracking, -200 fall, and clean reset","SMOKE_PASS; phase 6/7/8/9 scaled max 0/0.0500000007/0.0500000007/0; applied z 0/0/0.5/0.5; fall weighted -200; reset error 1.327 mm; PID 85220 exited normally; result SHA256 4f6d0e81ddca690e258ab756c219f773579e57bbb4f617d19de8ed2b9f1a89af",PASS,"train Method-B v10 seed-11 from scratch for exactly 76800 local timesteps/4915200 transitions",C:\robotics_sim\wlr_robot\resume_validation_fsm_residual_ppo\runs\ppo_without_com\training\method-B-v10_seed-11_stage-50mm_smoke_attempt001\diagnosis.md
2026-07-28T22:13:00.000Z,ppo_B_v10_seed11_50mm_attempt001,ppo_B_v10_seed11_50mm_smoke_attempt001,PPO_NO_COM_DEVELOPMENT,B,11,"direction-safe full exposure supports finite exact-budget optimization with materially more terminal feedback","64 environments; 50 mm; 1200x64 timesteps; full randomization; from scratch","frozen FSM/metrics/asset; v10 config; network/action/PPO/reward; seed","complete exactly 76800 timesteps/4915200 transitions with finite parameters and authoritative trackers","COMPLETED; final SHA256 679461e49cae1c5579496da4709619ffa76cc771a15aa53fdc86398780ea3aa4; 77 tensors/785093 elements and 1200 core updates finite; 364 episode windows length 3822-8999; success/safety transitions observed; policy std final 0.0710708",PASS,"run one-scenario 5 s deterministic evaluator/provenance/projection smoke, then unchanged full 20-scenario gate",C:\robotics_sim\wlr_robot\resume_validation_fsm_residual_ppo\runs\ppo_without_com\training\method-B-v10_seed-11_stage-50mm_attempt001\diagnosis.md
2026-07-28T22:16:00.000Z,ppo_B_v10_seed11_50mm_development_gate_smoke_attempt001,ppo_B_v10_seed11_50mm_attempt001,PPO_NO_COM_DEVELOPMENT_GATE_SMOKE,B,11,"v10 final checkpoint restores with exact provenance and projected executed-action semantics","one development scenario; deliberate 5 s timeout; 100 telemetry rows","frozen FSM/metrics/asset; final checkpoint; v10 config; development manifest; deterministic mean action","verify exact hashes, finite action chain, and exact zero projected execution outside phases 7-8","PASS; 100x122 telemetry; 64 action-chain fields finite; policy max-abs 0.1022275 while executed/scaled max exactly zero; result SHA256 17772db5698d5b96bb27864e37d86c9fdcf8b3feddaf16ce3dfa7c659674d0d3",PASS,"run unchanged 20-scenario 150 s v10 development gate; require at least 16 successes",C:\robotics_sim\wlr_robot\resume_validation_fsm_residual_ppo\runs\ppo_without_com\development\method-B-v10_seed-11_stage-50mm_development_gate_smoke_attempt001\diagnosis.md
2026-07-28T22:58:00.000Z,ppo_B_v10_seed11_50mm_development_gate_attempt001,ppo_B_v10_seed11_50mm_development_gate_smoke_attempt001,PPO_NO_COM_DEVELOPMENT_GATE,B,11,"direction projection and full exposure preserve the frozen FSM while learning safe transfer corrections","all 20 fixed 50 mm development scenarios; deterministic final policy; 150 s limit","frozen FSM/metrics/asset; checkpoint; development manifest; action bounds; success definition; physics","reach at least 16/20 while retaining frozen-FSM successes","2/20; retained only baseline success 0010 and rescued 0013; ten collisions including nine phase-8 front-right lower-link events; five phase-9 timeouts; three phase-10 global timeouts; rejected-sign z actions occupied a flat action-to-outcome region while PPO shifted authority into front x and wheel-speed channels; result SHA256 a7c68a6563b5d2e204bae0a5a61b1e2f5a2ed52a81e499ad2d086024df453cd4",FAIL,"register v11 z-only signed-magnitude authority; real-Isaac smoke and v10-checkpoint counterfactual before any from-scratch retraining",C:\robotics_sim\wlr_robot\resume_validation_fsm_residual_ppo\runs\ppo_without_com\development\method-B-v10_seed-11_stage-50mm_development_gate_attempt001\diagnosis.md
2026-07-28T23:04:00.000Z,ppo_common_runtime_v11,ppo_B_v10_seed11_50mm_development_gate_attempt001,PPO_METHOD_DEVELOPMENT,B/C,11,"v10 shifted authority from rejected z directions into collision-correlated x and wheel-speed actions","phase window 7-8; z signed-magnitude projection; exact x/speed action mask; 12-D raw policy preserved","frozen FSM/metrics/asset; rewards; 12-D actor/critic/PPO; absolute z bound; randomization; seeds; B/C-only CoM difference","make every nonzero z output execute only front-down/rear-up while removing collision-correlated x/speed physical authority","registered runtime-v11-z-only-signed-magnitude; common SHA256 7a37e165aa803e1c876fd3b7c30194078f4b93895f1d18430300ee4d16daafa3 canonical 1dc76d4f27011e6ac17d69f920b377a3e8b2e61ae5387ffbb733312524f4136d; safety/env/train/evaluator source SHA256 4dd3f85ccdc35e2dae45057c9c9234dee0272bef9cdbbf07e262a62050cb1b40/d598521326b0c6eae73c3f35a90369a3b2a76c89f5883fd474cb2730c19606ad/b8ddfea6a340f53613f5c3f7046a6697ef7f42883dcff392f7ccca8f39a9d2bf/6426f762cc28c21f284579ed6f4808ed4515915e462daf9241bc1d2aa6b221ff; 130 tests pass",PASS,"run real-Isaac phase/sign/mask smoke, then v10-checkpoint development-only counterfactual before retraining",C:\robotics_sim\wlr_robot\resume_validation_fsm_residual_ppo\configs\ppo_common.yaml
2026-07-28T23:08:00.000Z,ppo_B_v11_seed11_50mm_smoke_attempt001,ppo_common_runtime_v11,PPO_NO_COM_SMOKE,B,11,"v11 z-only signed-magnitude execution is exact in the real vectorized environment","16 environments; full randomization; phase 6/7/8/9 audit; all-positive raw action; forced fall/reset","frozen FSM/metrics/asset; v11 config; reward/action absolute bounds; network/PPO; seed","require exact phase gate, full 12-D sign/mask projection, finite interfaces/rewards, repaired tracking, -200 fall, and clean reset","SMOKE_PASS; phase 6/7/8/9 scaled max 0/0.0049999999/0.0049999999/0; applied action [0,-0.5,0,-0.5,0,0.5,0,0.5,0,0,0,0]; fall weighted -200; reset error 1.327 mm; PID 55304 exited normally; result SHA256 2bede55b0090b6b62fe6c2351d24eb4564970c501c58e18340eb5c42a29321a9",PASS,"run one-scenario 5 s deterministic evaluator/provenance smoke with v10 final checkpoint under v11 physical semantics",C:\robotics_sim\wlr_robot\resume_validation_fsm_residual_ppo\runs\ppo_without_com\training\method-B-v11_seed-11_stage-50mm_smoke_attempt001\diagnosis.md
2026-07-28T23:11:00.000Z,ppo_B_v11_v10checkpoint_seed11_50mm_development_counterfactual_smoke_attempt001,ppo_B_v11_seed11_50mm_smoke_attempt001,PPO_NO_COM_DEVELOPMENT_COUNTERFACTUAL_SMOKE,B,11,"the v10 checkpoint restores under v11 semantics with truthful raw-to-applied telemetry","one development scenario; deliberate 5 s timeout; 100 telemetry rows","frozen FSM/metrics/asset; v10 final checkpoint; v11 config; development manifest; deterministic mean action","verify checkpoint/config/source hashes, finite action chain, and exact zero physical residual outside phases 7-8","PASS; 100x122 uniform telemetry; policy max-abs 0.1022275 but executed/center/speed residuals exact zero in phases 0/1; result SHA256 75dfcf71b3424654f1d8ce0d3ab5d3c1857f791526edddeac92d1808421a37bd",PASS,"run unchanged full 20-scenario 150 s development-only counterfactual; do not treat the v10 checkpoint as a trained v11 candidate",C:\robotics_sim\wlr_robot\resume_validation_fsm_residual_ppo\runs\ppo_without_com\development\method-B-v11-v10checkpoint_seed-11_stage-50mm_development_counterfactual_smoke_attempt001\diagnosis.md
2026-07-28T23:45:00.000Z,ppo_B_v11_v10checkpoint_seed11_50mm_development_counterfactual_attempt001,ppo_B_v11_v10checkpoint_seed11_50mm_development_counterfactual_smoke_attempt001,PPO_NO_COM_DEVELOPMENT_COUNTERFACTUAL,B,11,"z-only signed-magnitude authority materially restores the frozen baseline without retraining","all 20 fixed 50 mm development scenarios; deterministic v10 policy under v11 runtime; 150 s limit","frozen FSM/metrics/asset; v10 checkpoint parameters; v11 physical semantics; development manifest; physics","measure causal effect of physical authority; diagnostic only and never promotion-eligible","7/20 versus the same checkpoint's v10 2/20; six phase-8 front-right collisions, five phase-9 timeouts, two phase-10 global timeouts; masked x/speed applied max exactly zero and all z signs exact; retained six FSM successes and rescued 0013; result SHA256 d55bb2c787de9deaf86c8e4dca7e481ffd7ce621ee1d5db7155cf41331c9a41c",PASS,"train Method-B v11 seed-11 50 mm from scratch for exactly 76800 local timesteps/4915200 transitions",C:\robotics_sim\wlr_robot\resume_validation_fsm_residual_ppo\runs\ppo_without_com\development\method-B-v11-v10checkpoint_seed-11_stage-50mm_development_counterfactual_attempt001\diagnosis.md
2026-07-29T02:35:00.000Z,ppo_B_v11_seed11_50mm_attempt001,ppo_B_v11_v10checkpoint_seed11_50mm_development_counterfactual_attempt001,PPO_NO_COM_DEVELOPMENT,B,11,"z-only signed-magnitude authority supports finite exact-budget optimization from scratch","64 environments; 50 mm; 1200x64 timesteps; full randomization; from scratch","frozen FSM/metrics/asset; v11 config; network/action/PPO/reward; seed","complete exactly 76800 timesteps/4915200 transitions with finite parameters and authoritative trackers","COMPLETED; final SHA256 29ac9c122b6741500d12f086f39daf768d9a88310715d1f62bdfa60acfbab418; 77 tensors/785093 elements and 15534 scalar samples finite; 389 episode windows length 3822-8999; success/safety transitions observed; policy std final 0.0741615",PASS,"run one-scenario 5 s deterministic evaluator/provenance/mask smoke, then unchanged full 20-scenario gate",C:\robotics_sim\wlr_robot\resume_validation_fsm_residual_ppo\runs\ppo_without_com\training\method-B-v11_seed-11_stage-50mm_attempt001\diagnosis.md
2026-07-29T02:38:00.000Z,ppo_B_v11_seed11_50mm_development_gate_smoke_attempt001,ppo_B_v11_seed11_50mm_attempt001,PPO_NO_COM_DEVELOPMENT_GATE_SMOKE,B,11,"v11 final checkpoint restores with exact provenance and truthful z-only execution semantics","one development scenario; deliberate 5 s timeout; 100 telemetry rows","frozen FSM/metrics/asset; v11 final checkpoint/config; development manifest; deterministic mean action","verify exact hashes, finite action chain, and exact zero physical residual outside phases 7-8","PASS; 100x122 uniform telemetry; policy max-abs 0.0933611 but executed/center/speed residuals exact zero in phases 0/1; result SHA256 a016e4fb795e44d97b9b27d2781b688f73fb92d77b65e5464da52c45f9fc1d47",PASS,"run unchanged 20-scenario 150 s v11 development gate; require at least 16 successes",C:\robotics_sim\wlr_robot\resume_validation_fsm_residual_ppo\runs\ppo_without_com\development\method-B-v11_seed-11_stage-50mm_development_gate_smoke_attempt001\diagnosis.md
2026-07-29T03:17:00.000Z,ppo_B_v11_seed11_50mm_development_gate_attempt001,ppo_B_v11_seed11_50mm_development_gate_smoke_attempt001,PPO_NO_COM_DEVELOPMENT_GATE,B,11,"v11 z-only training learns state-conditioned safe vertical corrections","all 20 fixed 50 mm development scenarios; deterministic final policy; 150 s limit","frozen FSM/metrics/asset; v11 final checkpoint/config; development manifest; physics","reach at least 16/20 while retaining frozen-FSM successes","6/20; retained five FSM successes and rescued 0013; ten phase-8 front-right lower-link collisions, one phase-9 timeout, three phase-10 timeouts; mask/signs exact but learned rear-right lift about 0.52 mm versus rear-left 0.22 mm in collision rows; result SHA256 8602f69a1691858c55c14792a64f7a42aab63947b609d739677976aea795fded",FAIL,"register v12 bilateral tied z magnitudes; real-Isaac smoke and v11-checkpoint development counterfactual before retraining",C:\robotics_sim\wlr_robot\resume_validation_fsm_residual_ppo\runs\ppo_without_com\development\method-B-v11_seed-11_stage-50mm_development_gate_attempt001\diagnosis.md
2026-07-29T03:24:00.000Z,ppo_common_runtime_v12,ppo_B_v11_seed11_50mm_development_gate_attempt001,PPO_METHOD_DEVELOPMENT,B/C,11,"v11 learned collision-correlated physical rear left/right z imbalance despite soft raw-action asymmetry cost","phase window 7-8; bilateral front/rear z signed magnitudes; exact x/speed mask; 12-D raw policy preserved","frozen FSM/metrics/asset; rewards; 12-D actor/critic/PPO; absolute z bound; randomization; seeds; B/C-only CoM difference","remove residual-induced roll authority while retaining front/rear vertical correction","registered runtime-v12-bilateral-z-tied; common SHA256 f171dba0270c31fb1571c9e4ff86c9524a2eb32cd4927c33f8bc6b04b9f5251a canonical 22927197cf439041d3665edfc95f91823ef9f86c0267fd6057c2ee6d1e4ee5d3; safety/env/train/evaluator source SHA256 881815c11505bb2803299812dde65928904da64696abe879978c2f9585d6c76b/d7d2823e9063e324fb371c33df0f711b0831a3c3544e001d27958acc3ea426b2/abf30c62ccdb7616157c2ff2ee8b40af5f3c2a91e7634cd080f0d6b43bf45385/bf421dae15beff37f4bd2418def80e0cc44afccb41b0836c53ba5f1d6564830c; 130 tests pass",PASS,"run real-Isaac phase/sign/mask/bilateral-tie smoke, then v11-checkpoint development counterfactual before retraining",C:\robotics_sim\wlr_robot\resume_validation_fsm_residual_ppo\configs\ppo_common.yaml
2026-07-29T03:22:00.000Z,ppo_B_v12_seed11_50mm_smoke_attempt001,ppo_common_runtime_v12,PPO_NO_COM_SMOKE,B,11,"v12 bilateral projection and its exact smoke oracle agree in float32","16 environments; full randomization; nonuniform z probe; phase 6/7/8/9 audit","frozen FSM/metrics/asset; v12 physical projection; seed","require exact phase gate, mask, signs, bilateral tie, finite interfaces/rewards, tracker, -200 fall, and clean reset","FAILED_AUDIT_IMPLEMENTATION; runtime action [0,-0.3000000119,0,-0.3000000119,0,0.7000000477,0,0.7000000477,0,0,0,0] had exact mask/tie, but a separately rounded 0.7 oracle failed equality; result SHA256 f42beded5f7630c59329c8e4de62dcdd59454bb834416f415faee9a3a51421ca",FAIL,"retain attempt; construct oracle from the registered float32 operands and repeat unchanged physical smoke as attempt002",C:\robotics_sim\wlr_robot\resume_validation_fsm_residual_ppo\runs\ppo_without_com\training\method-B-v12_seed-11_stage-50mm_smoke_attempt001\diagnosis.md
2026-07-29T03:27:00.000Z,ppo_B_v12_seed11_50mm_smoke_attempt002,ppo_B_v12_seed11_50mm_smoke_attempt001,PPO_NO_COM_SMOKE,B,11,"v12 bilateral projection and dtype-correct independent oracle agree exactly","16 environments; full randomization; nonuniform z probe; phase 6/7/8/9 audit; forced fall/reset","frozen FSM/metrics/asset; v12 physical projection; seed","require exact phase gate, mask, signs, bilateral tie, finite interfaces/rewards, tracker, -200 fall, and clean reset","SMOKE_PASS; applied [0,-0.3000000119,0,-0.3000000119,0,0.7000000477,0,0.7000000477,0,0,0,0]; phase 6/7/8/9 scaled max 0/0.0070000002/0.0070000002/0; fall -200; reset error 1.327 mm; PID 84268; result SHA256 c718d00076b6cabf605a9d82eda9643ccc1e6f549401f66e41796fb6ee35b333",PASS,"run v11-checkpoint evaluator smoke and full development-only v12 counterfactual before retraining",C:\robotics_sim\wlr_robot\resume_validation_fsm_residual_ppo\runs\ppo_without_com\training\method-B-v12_seed-11_stage-50mm_smoke_attempt002\diagnosis.md
2026-07-29T03:30:00.000Z,ppo_B_v12_v11checkpoint_seed11_50mm_development_counterfactual_smoke_attempt001,ppo_B_v12_seed11_50mm_smoke_attempt002,PPO_NO_COM_DEVELOPMENT_COUNTERFACTUAL_SMOKE,B,11,"the v11 checkpoint restores under v12 semantics with truthful telemetry","one development scenario; deliberate 5 s timeout; 100 telemetry rows","frozen FSM/metrics/asset; v11 final checkpoint; v12 config; development manifest","verify hashes, finite chain, and exact zero outside phases 7-8","PASS; 100x122 telemetry; policy max-abs 0.0933611 and executed max exact zero; result SHA256 9ebb2bacd2ebd03877aa119603f49e0693d4b1125a455d2bd468e9ca3e6fa588",PASS,"run full 20-scenario 150 s v12/v11-checkpoint counterfactual; diagnostic only",C:\robotics_sim\wlr_robot\resume_validation_fsm_residual_ppo\runs\ppo_without_com\development\method-B-v12-v11checkpoint_seed-11_stage-50mm_development_counterfactual_smoke_attempt001\diagnosis.md
2026-07-29T04:06:00.000Z,ppo_B_v12_v11checkpoint_seed11_50mm_development_counterfactual_attempt001,ppo_B_v12_v11checkpoint_seed11_50mm_development_counterfactual_smoke_attempt001,PPO_NO_COM_DEVELOPMENT_COUNTERFACTUAL,B,11,"hard bilateral z ties remove collision-correlated roll authority and improve the existing v11 policy","all 20 fixed 50 mm development scenarios; deterministic v11 final policy under v12 projection; 150 s limit","frozen FSM/metrics/asset; v11 checkpoint; v12 common config; development manifest; physics","paired success gain with exact mask/sign/tie semantics sufficient to justify fresh v12 training","9/20 versus 6/20 under v11 semantics; retained five, gained four, lost one; eight front_right_bot collisions, two phase timeouts, one global timeout; 50719x122 telemetry with finite action chain and exact phase/mask/sign/tie constraints; result SHA256 9c0fa38490837194a6c1e69e12e65dbbacc8f75787fce61d5638132b48927efe",PASS,"train Method-B v12 seed-11 from random initialization for exactly 76800 timesteps, then independently gate at 50 mm",C:\robotics_sim\wlr_robot\resume_validation_fsm_residual_ppo\runs\ppo_without_com\development\method-B-v12-v11checkpoint_seed-11_stage-50mm_development_counterfactual_attempt001\diagnosis.md
2026-07-29T06:59:00.000Z,ppo_B_v12_seed11_50mm_attempt001,ppo_B_v12_v11checkpoint_seed11_50mm_development_counterfactual_attempt001,PPO_NO_COM_TRAINING,B,11,"a policy trained inside the v12 bilateral action space can retain the projection's paired gain and adapt around its remaining front-right collisions","64 environments; 1200 iterations; 64 rollouts; 5 epochs; 8 minibatches; full randomization; random initialization","frozen FSM/metrics/asset; 12-D network/PPO/reward; 76800-step budget; seed; v12 phase/mask/sign/tie semantics","complete exactly 76800 timesteps with finite checkpoint and learning telemetry before independent evaluation","COMPLETED_INTEGRITY_PASS; exactly 76800 timesteps/4915200 transitions; final checkpoint a28a8a583622dc15734d427286cbfeb1315dc536a7afe22a32bb1571c478fc93; 77 tensors/785093 elements finite; 17 tags/15510 scalar samples finite; 385 episode windows 3822-8999; final std 0.07029545",PASS,"run deterministic evaluator smoke with explicit final checkpoint, then unchanged full 20-scenario 50 mm development gate",C:\robotics_sim\wlr_robot\resume_validation_fsm_residual_ppo\runs\ppo_without_com\training\method-B-v12_seed-11_stage-50mm_attempt001\diagnosis.md
2026-07-29T07:02:00.000Z,ppo_B_v12_seed11_50mm_development_gate_smoke_attempt001,ppo_B_v12_seed11_50mm_attempt001,PPO_NO_COM_DEVELOPMENT_GATE_SMOKE,B,11,"v12 final checkpoint restores with exact provenance and truthful bilateral execution semantics","one development scenario; deliberate 5 s timeout; 100 telemetry rows","frozen FSM/metrics/asset; v12 final checkpoint/config; development manifest; deterministic mean action","verify exact hashes, finite action chain, and exact zero physical residual outside phases 7-8","PASS; 100x122 telemetry; policy max-abs 0.0726394 but executed/scaled residuals exact zero in phases 0/1; result SHA256 3064a9ae43c9eab432fe412b792a20bae28e36c8f68ee41a11f5e399be527288",PASS,"run unchanged 20-scenario 150 s v12 development gate; require at least 16 successes",C:\robotics_sim\wlr_robot\resume_validation_fsm_residual_ppo\runs\ppo_without_com\development\method-B-v12_seed-11_stage-50mm_development_gate_smoke_attempt001\diagnosis.md
2026-07-29T07:42:00.000Z,ppo_B_v12_seed11_50mm_development_gate_attempt001,ppo_B_v12_seed11_50mm_development_gate_smoke_attempt001,PPO_NO_COM_DEVELOPMENT_GATE,B,11,"v12 training adapts to bilateral ties and improves beyond its paired counterfactual","all 20 fixed 50 mm development scenarios; deterministic final policy; 150 s limit","frozen FSM/metrics/asset; v12 final checkpoint/config; development manifest; physics","reach at least 16/20 while retaining frozen-FSM successes","7/20; seven front_right_bot collisions, three phase timeouts, three global timeouts; exact constraints but phase-8 success mean learned about 0.123 mm front down versus 0.650 mm rear up and regressed from the 9/20 counterfactual; result SHA256 53354bfd26da1140406ae16babb7435e3f3548aa825558f72376bf8c8caa3487",FAIL,"register v13 four-wheel shared z magnitude; smoke and v12-checkpoint development counterfactual before any retraining",C:\robotics_sim\wlr_robot\resume_validation_fsm_residual_ppo\runs\ppo_without_com\development\method-B-v12_seed-11_stage-50mm_development_gate_attempt001\diagnosis.md
2026-07-29T07:43:00.000Z,ppo_common_runtime_v13,ppo_B_v12_seed11_50mm_development_gate_attempt001,PPO_METHOD_DEVELOPMENT,B/C,11,"v12 training preserved bilateral symmetry but learned a harmful approximately 1:5 front/rear physical z ratio","phase window 7-8; one shared magnitude from all four raw z channels; front negative/rear positive; exact x/speed mask; 12-D raw policy preserved","frozen FSM/metrics/asset; rewards; 12-D actor/critic/PPO; 10 mm z bound; randomization; seeds; B/C-only CoM difference","remove residual-induced roll and front/rear ratio authority while retaining one coordinated vertical-transfer action","registered runtime-v13-four-wheel-balanced-z; common SHA256 0c06cd2d2ea208461233074062285ec42cf14f92809036c2e164a27a6b2aec17 canonical 9ff7a3ed7b787134b22acde1e8c4bf9197444f6f968d7adfcb0536b147e0ed47; safety/env/train/evaluator source SHA256 97ec077318ea7f47cbb15234a59ce2d1b0dbe7b8f560ecf1bb1125ef39cb494c/bec5888cac7abf052776b3b9dae5cfb807853bb5bf8ab5df8719e98ddd223175/501be3ebae3e6679c58b93ca0c7e6808566bd7e7a1b43fc6977187116e8efdee/b14d945b6894f0d1fdb6b276e95b18f3343336ed539560e97d96cccb3b9778a1; 130 tests pass",PASS,"run real-Isaac phase/sign/mask/four-wheel-balance smoke, then v12-final-checkpoint development counterfactual before retraining",C:\robotics_sim\wlr_robot\resume_validation_fsm_residual_ppo\configs\ppo_common.yaml
2026-07-29T07:45:00.000Z,ppo_B_v13_seed11_50mm_smoke_attempt001,ppo_common_runtime_v13,PPO_NO_COM_SMOKE,B,11,"v13 shared magnitude and its independent oracle agree exactly","16 environments; full randomization; nonuniform z probe; phase 6/7/8/9 audit; forced fall/reset","frozen FSM/metrics/asset; v13 physical projection; seed","require exact phase gate, mask, signs, bilateral tie, four-wheel balance, finite interfaces/rewards, tracker, -200 fall, and clean reset","SMOKE_PASS; applied [0,-0.5,0,-0.5,0,+0.5,0,+0.5,0,0,0,0]; phase 6/7/8/9 scaled max 0/0.0049999999/0.0049999999/0; fall -200; reset error 1.327 mm; result SHA256 2f2eb1f2ed31a6d4b3f935bc66708e65ab18b705898757019fcb2e344732040a",PASS,"run v12-final-checkpoint evaluator smoke and full development-only v13 counterfactual before retraining",C:\robotics_sim\wlr_robot\resume_validation_fsm_residual_ppo\runs\ppo_without_com\training\method-B-v13_seed-11_stage-50mm_smoke_attempt001\diagnosis.md
2026-07-29T07:47:00.000Z,ppo_B_v13_v12checkpoint_seed11_50mm_development_counterfactual_smoke_attempt001,ppo_B_v13_seed11_50mm_smoke_attempt001,PPO_NO_COM_DEVELOPMENT_COUNTERFACTUAL_SMOKE,B,11,"the v12 final checkpoint restores under v13 semantics with truthful telemetry","one development scenario; deliberate 5 s timeout; 100 telemetry rows","frozen FSM/metrics/asset; v12 final checkpoint; v13 config; development manifest","verify hashes, finite chain, and exact zero outside phases 7-8","PASS; 100x122 telemetry; policy max-abs 0.0726394 and executed/scaled max exact zero; result SHA256 c9aba73d4f399895f012515a9455f587335c2d006a529e2a734ff7ba486dc9fd",PASS,"run full 20-scenario 150 s v13/v12-checkpoint counterfactual; diagnostic only",C:\robotics_sim\wlr_robot\resume_validation_fsm_residual_ppo\runs\ppo_without_com\development\method-B-v13-v12checkpoint_seed-11_stage-50mm_development_counterfactual_smoke_attempt001\diagnosis.md
2026-07-29T08:25:00.000Z,ppo_B_v13_v12checkpoint_seed11_50mm_development_counterfactual_attempt001,ppo_B_v13_v12checkpoint_seed11_50mm_development_counterfactual_smoke_attempt001,PPO_NO_COM_DEVELOPMENT_COUNTERFACTUAL,B,11,"one shared four-wheel magnitude removes the v12 policy's harmful front/rear ratio authority","all 20 fixed 50 mm development scenarios; deterministic v12 final policy under v13 projection; 150 s limit","frozen FSM/metrics/asset; v12 checkpoint; v13 common config; development manifest; physics","paired success gain and fewer phase-8 collisions sufficient to justify retraining","8/20 versus 7/20 under v12; six front_right_bot collisions, five phase timeouts, one global timeout; exact phase/mask/sign/bilateral/four-wheel constraints; result SHA256 1a9f6ff60a624c361a5b4bcd15ba60c1e87c75f3f435f2063f428d7502df0100",FAIL,"do not retrain v13; register v14 with the same balanced projection active through phase 9 and run paired smoke/counterfactual",C:\robotics_sim\wlr_robot\resume_validation_fsm_residual_ppo\runs\ppo_without_com\development\method-B-v13-v12checkpoint_seed-11_stage-50mm_development_counterfactual_attempt001\diagnosis.md
2026-07-29T08:28:00.000Z,ppo_common_runtime_v14,ppo_B_v13_v12checkpoint_seed11_50mm_development_counterfactual_attempt001,PPO_METHOD_DEVELOPMENT,B/C,11,"v13 reduced collision/global-timeout mass but moved five same-checkpoint failures to FSM phase timeout","phase window 7-9; unchanged four-wheel shared signed magnitude; exact z-only mask; 12-D raw policy preserved","frozen FSM/metrics/asset; rewards; bounds; 12-D actor/critic/PPO; randomization; seeds; budget; B/C-only CoM difference","test whether continuing the safe coordinated vertical-transfer action through phase 9 resolves the measured bottleneck","registered runtime-v14-balanced-z-through-phase9; common SHA256 2022543c57ae20da7b62ae1874efdfcf4d06cedabc15e78a9e12692b733eff52 canonical 4f36a5962291173fc348c331841433c54635da298527d660dfc9dd843c084f92; safety/env/train/evaluator source SHA256 97ec077318ea7f47cbb15234a59ce2d1b0dbe7b8f560ecf1bb1125ef39cb494c/f9a89c28d0a2b33006bc475be1ec18abab72f8f70db4544a40f7f44cb8c60ec7/501be3ebae3e6679c58b93ca0c7e6808566bd7e7a1b43fc6977187116e8efdee/b14d945b6894f0d1fdb6b276e95b18f3343336ed539560e97d96cccb3b9778a1; 130 tests pass",PASS,"run real-Isaac phase-6/7/8/9 projection smoke, then v12-final-checkpoint evaluator smoke and full development counterfactual before retraining",C:\robotics_sim\wlr_robot\resume_validation_fsm_residual_ppo\configs\ppo_common.yaml
2026-07-29T08:31:00.000Z,ppo_B_v14_seed11_50mm_smoke_attempt001,ppo_common_runtime_v14,PPO_NO_COM_SMOKE,B,11,"v14 phase-9 authority is wired through the real residual environment without changing the safe projection","16 environments; full randomization; nonuniform z probe; phase-window boundary audit; forced fall/reset","frozen FSM/metrics/asset; v14 config and sources; seed","require exact phase gate, mask, signs, bilateral tie, four-wheel balance, finite interfaces/rewards, tracker, -200 fall, and clean reset","SMOKE_PASS; boundary phase 6/7/9/10 scaled max 0/0.0049999999/0.0049999999/0; applied [0,-0.5,0,-0.5,0,+0.5,0,+0.5,0,0,0,0]; fall -200; reset error 1.327 mm; result SHA256 e5d1cfa8f8c1fbb30f3ae56b02503c3ca72a062884f3dbd5802c4c1c4884408c",PASS,"run v12-final-checkpoint evaluator smoke and full development-only v14 counterfactual before retraining",C:\robotics_sim\wlr_robot\resume_validation_fsm_residual_ppo\runs\ppo_without_com\training\method-B-v14_seed-11_stage-50mm_smoke_attempt001\diagnosis.md
2026-07-29T08:34:00.000Z,ppo_B_v14_v12checkpoint_seed11_50mm_development_counterfactual_smoke_attempt001,ppo_B_v14_seed11_50mm_smoke_attempt001,PPO_NO_COM_DEVELOPMENT_COUNTERFACTUAL_SMOKE,B,11,"the v12 final checkpoint restores under v14 semantics with truthful zero-gated telemetry","one development scenario; deliberate 5 s timeout; 100 telemetry rows","frozen FSM/metrics/asset; v12 final checkpoint; v14 config; development manifest","verify hashes, finite chain, and exact zero outside phases 7-9","PASS; 100x122 fully finite telemetry; policy max-abs 0.0726394 and executed/scaled max exact zero in phases 0/1; result SHA256 4c46f23a9c58dd4c1a6bc4d5df6b31162e29997669906d5b21d38f827a9a33df",PASS,"run full 20-scenario 150 s v14/v12-checkpoint counterfactual; diagnostic only",C:\robotics_sim\wlr_robot\resume_validation_fsm_residual_ppo\runs\ppo_without_com\development\method-B-v14-v12checkpoint_seed-11_stage-50mm_development_counterfactual_smoke_attempt001\diagnosis.md
2026-07-29T09:10:00.000Z,ppo_B_v14_v12checkpoint_seed11_50mm_development_counterfactual_attempt001,ppo_B_v14_v12checkpoint_seed11_50mm_development_counterfactual_smoke_attempt001,PPO_NO_COM_DEVELOPMENT_COUNTERFACTUAL,B,11,"extending the balanced action through phase 9 resolves the v13 global-timeout remainder","all 20 fixed 50 mm development scenarios; deterministic v12 final policy; 150 s limit","frozen FSM/metrics/asset; v12 checkpoint; v14 config; development manifest; physics","materially reduce the five phase timeouts and improve beyond v13 before retraining","9/20 versus v13 8/20; only scenario 0019 converted from global timeout to success; six front_right_bot collisions and five phase timeouts unchanged; 52254x122 telemetry exact; result SHA256 537e53790ff02b2fb702d0ae351d423b23fd835cc2b0666c2218a15e07eb33ca",FAIL,"do not retrain v14; register v15 with a 1.5x gain only in phase 9, then run smoke and paired counterfactual",C:\robotics_sim\wlr_robot\resume_validation_fsm_residual_ppo\runs\ppo_without_com\development\method-B-v14-v12checkpoint_seed-11_stage-50mm_development_counterfactual_attempt001\diagnosis.md
2026-07-29T09:13:00.000Z,ppo_common_runtime_v15,ppo_B_v14_v12checkpoint_seed11_50mm_development_counterfactual_attempt001,PPO_METHOD_DEVELOPMENT,B/C,11,"v14 phase-timeout episodes received about 0.223 mm phase-9 shared magnitude versus 0.286 mm in successes","phase window 7-9; gains 1.0/1.0/1.5; unchanged balanced signed magnitude and exact z-only mask","frozen FSM/metrics/asset; 10 mm bound; rewards; actor/critic/PPO; randomization; seeds; budget; B/C-only CoM difference","raise the measured timeout group's phase-9 magnitude into the successful range without changing earlier phases or safety constraints","registered runtime-v15-phase9-balanced-z-gain; common SHA256 2cf5437c3541c21c82dc221fec77c09b3f9d4c9ad52fbaf43d9dc6dc0f74cb11 canonical f260aa605ec9dc229749a8c1e418333d6c1f9fbdd1f4f2a2e36b5f452db6c73c; safety/env/train/evaluator SHA256 83f5b4dbd694696e20cb00fe0cc6c7dce530c8d2d4374a8e02e87cf1866cee9d/45d483345492ed27726cfe11837113ee7d2e45604e5a9a8a27ef9df9062124cc/88a0b36aaad1257e904dd5feb43369179a9fa53a31a60b61d843ea9a9ca1e3a6/0e01746153c02a2cac819aac43f1317916acf80af18ed45d42c29207e9084c91; 132 tests pass",PASS,"run real-Isaac phase-specific gain/bounds smoke, then v12-checkpoint evaluator smoke and full paired counterfactual",C:\robotics_sim\wlr_robot\resume_validation_fsm_residual_ppo\configs\ppo_common.yaml
2026-07-29T09:16:00.000Z,ppo_B_v15_seed11_50mm_smoke_attempt001,ppo_common_runtime_v15,PPO_NO_COM_SMOKE,B,11,"v15 gain is applied only in phase 9 and remains inside normalized/physical bounds","16 environments; full randomization; nonuniform z probe; phase boundary audit; forced fall/reset","frozen FSM/metrics/asset; v15 config and sources; seed","require phase-9 1.5x response, exact other-phase behavior, projection constraints, finite interfaces, -200 fall, and clean reset","SMOKE_PASS; phase 6/7/9/10 scaled max 0/0.0049999999/0.0074999998/0; zero residual exact; result SHA256 7e7437e2872ba355a17bf0f9a503785a731ab572471ecc361bdeba834c35b63c",PASS,"run exact v12-checkpoint deterministic evaluator smoke, then full 20-scenario v15 counterfactual",C:\robotics_sim\wlr_robot\resume_validation_fsm_residual_ppo\runs\ppo_without_com\training\method-B-v15_seed-11_stage-50mm_smoke_attempt001\diagnosis.md
2026-07-29T09:19:00.000Z,ppo_B_v15_v12checkpoint_seed11_50mm_development_counterfactual_smoke_attempt001,ppo_B_v15_seed11_50mm_smoke_attempt001,PPO_NO_COM_DEVELOPMENT_COUNTERFACTUAL_SMOKE,B,11,"the v12 checkpoint restores with v15 gain provenance and exact zero gating","one development scenario; deliberate 5 s timeout; 100 telemetry rows","frozen FSM/metrics/asset; v12 checkpoint; v15 config; development manifest","verify exact hashes, gains, checkpoint restoration, and zero physical action outside phases 7-9","PASS; 100x122 telemetry byte-identical to v14 phase-0/1 smoke; policy max 0.0726394; executed/scaled exact zero; result SHA256 a1aa61dd30d9f3c4a2aaef6dda2a2d44a290ede423331e3e62c4677d9c07bd51",PASS,"run full 20-scenario 150 s v15/v12-checkpoint counterfactual",C:\robotics_sim\wlr_robot\resume_validation_fsm_residual_ppo\runs\ppo_without_com\development\method-B-v15-v12checkpoint_seed-11_stage-50mm_development_counterfactual_smoke_attempt001\diagnosis.md
2026-07-29T09:55:00.000Z,ppo_B_v15_v12checkpoint_seed11_50mm_development_counterfactual_attempt001,ppo_B_v15_v12checkpoint_seed11_50mm_development_counterfactual_smoke_attempt001,PPO_NO_COM_DEVELOPMENT_COUNTERFACTUAL,B,11,"1.5x phase-9 magnitude resolves timeout episodes once commands reach the measured successful range","all 20 fixed 50 mm development scenarios; deterministic v12 final policy; 150 s limit","frozen FSM/metrics/asset; v12 final checkpoint; v15 config; development manifest; physics","improve beyond v14 while retaining exact safety projection","9/20 exactly identical outcomes to v14; phase-9 commands propagated through final targets but six collisions and five phase timeouts unchanged; result SHA256 0f1b03c0bedcfff81b2ccde909bc514279f726fd2f235dc02ee4600d112a95f8",FAIL,"reject v15 retraining; screen pre-registered v12 intermediate checkpoints under fixed v15 runtime",C:\robotics_sim\wlr_robot\resume_validation_fsm_residual_ppo\runs\ppo_without_com\development\method-B-v15-v12checkpoint_seed-11_stage-50mm_development_counterfactual_attempt001\diagnosis.md
2026-07-29T09:56:00.000Z,ppo_B_v15_v12_intermediate_checkpoint_screen_registration,ppo_B_v15_v12checkpoint_seed11_50mm_development_counterfactual_attempt001,PPO_CHECKPOINT_DEVELOPMENT_SELECTION,B,11,"the final v12 checkpoint may be worse than intermediate policies even though training completed with finite integrity","pre-registered order agent_59200, agent_64000, agent_75200, best_agent/agent_70400; full fixed 20-scenario development gates after restore smoke","fixed v15 runtime; frozen FSM/metrics/asset; same training run/seed/budget; development manifest","find an eligible intermediate checkpoint without further training or post-hoc candidate ordering","training-only TensorBoard ranking: 59200/64000 had top two checkpoint-window mean episode returns; 75200 contained best individual return; best_agent tensor-identical to 70400; file SHA256 e16f5545080b857163bd43a201be26595818cbe8e324a422675d58095e989493/6afc11ca950e9b3e17ee033b91a31720fde9af0c7f395f37ad1876449a1c3a90/c5bfc2dbfe1da9a015e3559cb8c63aedf07e1020d2c4217c59b7f3dd9c52a71e/671b51a77126d5752f6a82ff552981fc94971be876b61a47241a0874d2c98480",PASS,"restore-smoke agent_59200 then run its full 20-scenario development gate before touching the next candidate",C:\robotics_sim\wlr_robot\resume_validation_fsm_residual_ppo\runs\ppo_without_com\training\method-B-v12_seed-11_stage-50mm_attempt001\checkpoints
2026-07-29T10:00:00.000Z,ppo_B_v15_v12checkpoint59200_seed11_50mm_development_screen_smoke_attempt001,ppo_B_v15_v12_intermediate_checkpoint_screen_registration,PPO_CHECKPOINT_DEVELOPMENT_SMOKE,B,11,"checkpoint 59200 restores completely under fixed v15 runtime","one development scenario; deliberate 5 s timeout; 100 telemetry rows","frozen FSM/metrics/asset; v15 runtime; checkpoint 59200; development manifest","verify exact checkpoint/config/gain hashes, finite restore, and phase-excluded zero action","PASS; policy max 0.1820926; executed/scaled exact zero in phases 0/1; result SHA256 6eec25bb233cd03480d099bde74d4187071d68fe6302898f97c75964bebe5c19",PASS,"run all 20 fixed 50 mm development scenarios before considering checkpoint 64000",C:\robotics_sim\wlr_robot\resume_validation_fsm_residual_ppo\runs\ppo_without_com\development\method-B-v15-v12checkpoint59200_seed-11_stage-50mm_development_screen_smoke_attempt001\diagnosis.md
2026-07-29T10:41:00.000Z,ppo_B_v15_v12checkpoint59200_seed11_50mm_development_screen_attempt001,ppo_B_v15_v12checkpoint59200_seed11_50mm_development_screen_smoke_attempt001,PPO_CHECKPOINT_DEVELOPMENT_SELECTION,B,11,"checkpoint 59200's top training-window mean return transfers to strict development success","all 20 fixed 50 mm development scenarios; 150 s limit","frozen FSM/metrics/asset; v15 runtime; checkpoint 59200; development manifest","reach at least the final-checkpoint 9/20 and ideally the 16/20 eligibility gate","8/20; seven front_right_bot collisions, three phase timeouts, two global timeouts; exact 51841x122 telemetry; result SHA256 1d84398d79f4af2513d01d0a368be771abefafbcbe8c6617d4466e82ff52e365",FAIL,"reject 59200; restore-smoke and fully evaluate pre-registered candidate 64000",C:\robotics_sim\wlr_robot\resume_validation_fsm_residual_ppo\runs\ppo_without_com\development\method-B-v15-v12checkpoint59200_seed-11_stage-50mm_development_screen_attempt001\diagnosis.md
2026-07-29T10:45:00.000Z,ppo_B_v15_v12checkpoint64000_seed11_50mm_development_screen_smoke_attempt001,ppo_B_v15_v12checkpoint59200_seed11_50mm_development_screen_attempt001,PPO_CHECKPOINT_DEVELOPMENT_SMOKE,B,11,"checkpoint 64000 restores under fixed v15 runtime","one scenario; deliberate 5 s timeout; 100 telemetry rows","frozen artifacts; v15 runtime; checkpoint 64000; development manifest","verify checkpoint/config/gain provenance and zero action outside window","PASS; policy max 0.1779242; executed exact zero; result SHA256 b5f4f709a7e3322205f058e4dbc395453141c0a779da0bbb2af69a00c72fa9a3",PASS,"run full 20-scenario checkpoint-64000 screen",C:\robotics_sim\wlr_robot\resume_validation_fsm_residual_ppo\runs\ppo_without_com\development\method-B-v15-v12checkpoint64000_seed-11_stage-50mm_development_screen_smoke_attempt001\diagnosis.md
2026-07-29T11:25:00.000Z,ppo_B_v15_v12checkpoint64000_seed11_50mm_development_screen_attempt001,ppo_B_v15_v12checkpoint64000_seed11_50mm_development_screen_smoke_attempt001,PPO_CHECKPOINT_DEVELOPMENT_SELECTION,B,11,"checkpoint 64000's second-ranked training-window mean transfers to strict development","all 20 fixed 50 mm development scenarios; 150 s limit","frozen artifacts; v15 runtime; checkpoint 64000; development manifest","reach at least 9/20 and ideally 16/20","5/20; nine collisions, four phase timeouts, two global timeouts; exact 50694x122 telemetry; result SHA256 bff3ba066f5fcb1b44f44c7078e77fe1d5036af30c8ce286fa312aa8fec3a3f4",FAIL,"reject 64000; restore-smoke and evaluate pre-registered candidate 75200",C:\robotics_sim\wlr_robot\resume_validation_fsm_residual_ppo\runs\ppo_without_com\development\method-B-v15-v12checkpoint64000_seed-11_stage-50mm_development_screen_attempt001\diagnosis.md
2026-07-29T11:29:00.000Z,ppo_B_v15_v12checkpoint75200_seed11_50mm_development_screen_smoke_attempt001,ppo_B_v15_v12checkpoint64000_seed11_50mm_development_screen_attempt001,PPO_CHECKPOINT_DEVELOPMENT_SMOKE,B,11,"checkpoint 75200 restores under fixed v15 runtime","one scenario; deliberate 5 s timeout","frozen artifacts; v15 runtime; checkpoint 75200; development manifest","verify provenance and zero gating","PASS; policy max 0.0651841; execution exact zero; result SHA256 7f0d1e8b3728f99d3fb837ff6fd70993ca6574294cbb572346d6853e0ac8c775",PASS,"run full 20-scenario checkpoint-75200 screen",C:\robotics_sim\wlr_robot\resume_validation_fsm_residual_ppo\runs\ppo_without_com\development\method-B-v15-v12checkpoint75200_seed-11_stage-50mm_development_screen_smoke_attempt001\diagnosis.md
2026-07-29T11:47:00.000Z,ppo_B_v15_v12checkpoint75200_seed11_50mm_development_screen_attempt001,ppo_B_v15_v12checkpoint75200_seed11_50mm_development_screen_smoke_attempt001,PPO_CHECKPOINT_DEVELOPMENT_SELECTION,B,11,"checkpoint 75200's best individual training return transfers to the strict development gate","all 20 fixed 50 mm development scenarios; 150 s limit","frozen artifacts; v15 runtime; checkpoint 75200; development manifest","reach at least 16/20 while preserving exact constraints","10/20; five collisions, four phase timeouts, one global timeout; exact 52818x122 telemetry; current development best but ineligible; result SHA256 c94db7224e3bf7ede0decc9d59c7cf099eb870ab4a7364bd9be49b8d72995bb9",FAIL,"restore-smoke and fully evaluate the final pre-registered best_agent/70400 candidate",C:\robotics_sim\wlr_robot\resume_validation_fsm_residual_ppo\runs\ppo_without_com\development\method-B-v15-v12checkpoint75200_seed-11_stage-50mm_development_screen_attempt001\diagnosis.md
2026-07-29T11:51:00.000Z,ppo_B_v15_v12bestagent_seed11_50mm_development_screen_smoke_attempt001,ppo_B_v15_v12checkpoint75200_seed11_50mm_development_screen_attempt001,PPO_CHECKPOINT_DEVELOPMENT_SMOKE,B,11,"skrl best_agent restores under the fixed v15 runtime","one scenario; deliberate 5 s timeout; 100 telemetry rows","frozen artifacts; v15 runtime; best_agent checkpoint; development manifest","verify exact checkpoint provenance, finite restore, and zero action outside the execution window","PASS; checkpoint SHA256 671b51a77126d5752f6a82ff552981fc94971be876b61a47241a0874d2c98480; policy max 0.0550975; executed/scaled exact zero; result SHA256 0ce779d5efc0a9b9320e22e71227460b20998e3217480c368c0cf392fa0ee0f2",PASS,"run all 20 fixed 50 mm development scenarios for the final pre-registered candidate",C:\robotics_sim\wlr_robot\resume_validation_fsm_residual_ppo\runs\ppo_without_com\development\method-B-v15-v12bestagent_seed-11_stage-50mm_development_screen_smoke_attempt001\diagnosis.md
2026-07-29T12:27:00.000Z,ppo_B_v15_v12bestagent_seed11_50mm_development_screen_attempt001,ppo_B_v15_v12bestagent_seed11_50mm_development_screen_smoke_attempt001,PPO_CHECKPOINT_DEVELOPMENT_SELECTION,B,11,"skrl best_agent/70400 is an eligible strict-development policy","all 20 fixed 50 mm development scenarios; 150 s limit","frozen artifacts; v15 runtime; best_agent checkpoint; development manifest","reach at least 16/20 while preserving exact constraints","8/20; eleven front_right_bot collisions and one phase timeout; exact 48472x122 telemetry; result SHA256 8182b6fc50f432286dd62c9acdfdbf22583cc9a2839f2c210d888131a99da28c",FAIL,"close the screen with checkpoint 75200 best at 10/20 but ineligible; diagnose a new development-only method/training version",C:\robotics_sim\wlr_robot\resume_validation_fsm_residual_ppo\runs\ppo_without_com\development\method-B-v15-v12bestagent_seed-11_stage-50mm_development_screen_attempt001\diagnosis.md
2026-07-29T12:34:00.000Z,ppo_runtime_v16_registration,ppo_B_v15_v12bestagent_seed11_50mm_development_screen_attempt001,PPO_METHOD_DEVELOPMENT,B/C,"11,29,47","mean-absolute projection forces a nonzero physical residual whenever policy or exploration noise is nonzero and therefore cannot conditionally preserve successful FSM branches","new zero-preserving one-sided balanced z projection; phase window 7-9; gains 1/1/1; 76800 local timesteps per stage","frozen FSM/metrics/asset; 12-D actor and 146-D critic; PPO/reward/randomization/bounds/seeds/budget; B/C differ only by CoM weight","restore the ability to select exact FSM behavior while retaining only the empirically safe front-down/rear-up direction","implementation complete; 133 tests and Python compilation pass; raw/canonical config SHA256 8dc33c824c1b3576012dc5437db764df04fb8e47ea48c6af9a6a325a0494b193/0cea2d98a2ab17b82cdca9dedd2051d799fbe059ed99a4e85172db14b538c71d",PASS,"run real-Isaac Method-B v16 smoke, then a checkpoint-75200 development-only counterfactual before authorizing retraining",C:\robotics_sim\wlr_robot\resume_validation_fsm_residual_ppo\configs\ppo_common.yaml
2026-07-29T12:36:00.000Z,ppo_B_v16_seed11_50mm_smoke_attempt001,ppo_runtime_v16_registration,PPO_NO_COM_SMOKE,B,11,"the zero-preserving balanced gate executes safely in the real vectorized environment and retains an exact off half-space","16 full-randomization Isaac environments; boundary/nonuniform/reversed action probes; terminal and reset probes","frozen FSM/metrics/asset; v16 config; DirectRLEnv sensors and constraints","pass phase gate, z-only mask, balance, exact off action, finite interface, terminal safety, and reset audits","SMOKE_PASS; phase 6/7/9/10 maxima 0/0.002/0.002/0 m; reversed signed probe exact zero; result SHA256 7ca8a21057a6263817cefdc149aae0cb2d81b2e60343cc54e0dc9ca6ec3586a7",PASS,"restore checkpoint 75200 in the evaluator, smoke the exact provenance, then run the full fixed development counterfactual",C:\robotics_sim\wlr_robot\resume_validation_fsm_residual_ppo\runs\ppo_without_com\training\method-B-v16_seed-11_stage-50mm_smoke_attempt001\diagnosis.md
2026-07-29T12:38:00.000Z,ppo_B_v16_v12checkpoint75200_seed11_50mm_development_counterfactual_smoke_attempt001,ppo_B_v16_seed11_50mm_smoke_attempt001,PPO_NO_COM_DEVELOPMENT_COUNTERFACTUAL_SMOKE,B,11,"checkpoint 75200 restores under the v16 zero-preserving projection with exact provenance","one development scenario; deliberate 5 s timeout; 100 telemetry rows","frozen artifacts; v16 runtime; checkpoint 75200; development manifest","verify checkpoint/config/projection provenance, finite telemetry, and zero physical action outside phases 7-9","PASS; 100x122 finite telemetry; policy max 0.0651841 and executed/scaled exact zero; result SHA256 db391e467598a541804ebf0f0beaa8ad631ff13ffe8d833c0164aa638612f634",PASS,"run the unchanged full 20-scenario 150 s v16/checkpoint-75200 development-only counterfactual",C:\robotics_sim\wlr_robot\resume_validation_fsm_residual_ppo\runs\ppo_without_com\development\method-B-v16-v12checkpoint75200_seed-11_stage-50mm_development_counterfactual_smoke_attempt001\diagnosis.md
2026-07-29T13:09:00.000Z,ppo_B_v16_v12checkpoint75200_seed11_50mm_development_counterfactual_attempt001,ppo_B_v16_v12checkpoint75200_seed11_50mm_development_counterfactual_smoke_attempt001,PPO_NO_COM_DEVELOPMENT_COUNTERFACTUAL,B,11,"a policy trained under the old mean-absolute projection exposes useful conditional off behavior under v16","all 20 fixed 50 mm development scenarios; deterministic checkpoint 75200; 150 s limit","frozen artifacts; v16 runtime; development manifest; physics","preserve more successful FSM branches and demonstrate exact state-dependent off selection before retraining","10/20; seven collisions, one phase timeout, two global timeouts; 40.00% of window rows exact off; exact 51148x122 constraints; result SHA256 8b190c10cee0cfe9ffef9d1274d5fedeb9e33c0170c3333122c5127fd058ee1a",PASS_DIAGNOSTIC,"authorize one from-scratch 76800-step Method-B v16 seed-11 training run; independent gate must reach 16/20",C:\robotics_sim\wlr_robot\resume_validation_fsm_residual_ppo\runs\ppo_without_com\development\method-B-v16-v12checkpoint75200_seed-11_stage-50mm_development_counterfactual_attempt001\diagnosis.md
2026-07-29T15:57:50.080Z,ppo_B_v16_seed11_50mm_training_attempt001,ppo_B_v16_v12checkpoint75200_seed11_50mm_development_counterfactual_attempt001,PPO_NO_COM_DEVELOPMENT_TRAINING,B,11,"from-scratch training can learn when to select the exact FSM branch through the v16 zero-preserving one-sided balanced z gate","64 environments; 1200 iterations; 64-step rollouts; 5 epochs; 8 mini-batches; full randomization; 76800 local timesteps","frozen FSM/metrics/asset; v16 action projection; 12-D actor and 146-D critic; PPO/reward/bounds","complete exact budget with finite learning state and produce an independently evaluable final checkpoint","COMPLETED; 76800/76800 local timesteps and 4915200/4915200 transitions; 17964/17964 TensorBoard scalars finite; 785093/785093 checkpoint elements finite; final checkpoint SHA256 c835b6fc5a9e72557de12232aa8f2f86c4850e7ee7c9820ca25c9d2a4123b75e",PASS,"run final-checkpoint deterministic restore smoke then unchanged 20-scenario gate requiring at least 16/20",C:\robotics_sim\wlr_robot\resume_validation_fsm_residual_ppo\runs\ppo_without_com\training\method-B-v16_seed-11_stage-50mm_attempt001\diagnosis.md
2026-07-29T16:01:36.515Z,ppo_B_v16_seed11_50mm_development_gate_smoke_attempt001,ppo_B_v16_seed11_50mm_training_attempt001,PPO_NO_COM_DEVELOPMENT_SMOKE,B,11,"the v16 final checkpoint restores completely and preserves the registered runtime constraints","one fixed development scenario; deliberate 5 s timeout; deterministic action; 100 telemetry rows","frozen FSM/metrics/asset; v16 config/source; checkpoint c835b6fc5a9e72557de12232aa8f2f86c4850e7ee7c9820ca25c9d2a4123b75e","verify exact provenance, finite restore, and exact phase-excluded physical zero action","PASS; 100x122 finite telemetry; policy max 0.1524941; executed/scaled exact zero in phases 0/1; result SHA256 e2d5ff2eb0c06ab47f30301c45f8731f9b1b96bdc3d281e9600fea17a330628a",PASS,"run all 20 unchanged 50 mm development scenarios with the preregistered 16/20 gate",C:\robotics_sim\wlr_robot\resume_validation_fsm_residual_ppo\runs\ppo_without_com\development\method-B-v16_seed-11_stage-50mm_development_gate_smoke_attempt001\diagnosis.md
2026-07-29T16:41:00.000Z,ppo_B_v16_seed11_50mm_development_gate_attempt001,ppo_B_v16_seed11_50mm_development_gate_smoke_attempt001,PPO_NO_COM_DEVELOPMENT_SELECTION,B,11,"from-scratch v16 training learns a deterministic gate that improves on the frozen FSM","all 20 fixed 50 mm development scenarios; deterministic final checkpoint; 150 s limit","frozen FSM/metrics/asset; v16 runtime; development manifest; checkpoint c835b6fc5a9e72557de12232aa8f2f86c4850e7ee7c9820ca25c9d2a4123b75e","reach at least 16/20 with exact constraints","8/20; eight front_right_bot collisions, three phase timeouts, one global timeout; no FSM-failure rescue and four baseline successes lost; exact 50598x122 telemetry; result SHA256 c363bd419bf2c9ac730be6aabc229c09e2f0ad96324ae38386b320052a32d136",FAIL,"execute the frozen training-only intermediate-checkpoint screen before rejecting v16",C:\robotics_sim\wlr_robot\resume_validation_fsm_residual_ppo\runs\ppo_without_com\development\method-B-v16_seed-11_stage-50mm_development_gate_attempt001\diagnosis.md
2026-07-29T16:43:00.000Z,ppo_B_v16_intermediate_checkpoint_screen_registration,ppo_B_v16_seed11_50mm_development_gate_attempt001,PPO_CHECKPOINT_DEVELOPMENT_SELECTION,B,11,"the v16 final policy may be worse than a training-only intermediate state","pre-registered order agent60800, agent72000, best_agent/agent76800, agent57600; restore smoke then unchanged 20-scenario gate","fixed v16 runtime; frozen FSM/metrics/asset; same run/seed/budget; development manifest","identify an eligible intermediate without post-hoc candidate ordering","training-only 1600-step return-window means -235.333754/-275.729911/-290.034969/-313.477065; checkpoint SHA256 6ca99caaf950954c7ddcae72801c7333c43d47a96026cbfbac7a70ee2a32d458/65f1a8ae2d06bab95ba08b9e7fa6078a4520d53856421a4783a5708f6c626e1d/47666f48aa45db334b9050c88be407f667453f3d2ea9bc9b9ecebbcb0e91e0ea/f90d4b0ceb33f49e53bb3ba5ea2539f117b174c0f75688077542ba56874e024e",PASS,"restore-smoke agent60800 then run its full gate before touching the next candidate",C:\robotics_sim\wlr_robot\resume_validation_fsm_residual_ppo\runs\ppo_without_com\training\method-B-v16_seed-11_stage-50mm_attempt001\checkpoint_screen_registration.md
2026-07-29T16:47:00.000Z,ppo_B_v16_checkpoint60800_seed11_50mm_development_screen_smoke_attempt001,ppo_B_v16_intermediate_checkpoint_screen_registration,PPO_CHECKPOINT_DEVELOPMENT_SMOKE,B,11,"checkpoint 60800 restores completely under the fixed v16 runtime","one development scenario; deliberate 5 s timeout; 100 telemetry rows","frozen artifacts; v16 runtime; checkpoint 60800; development manifest","verify exact checkpoint/config provenance, finite restore, and phase-excluded zero action","PASS; policy max 0.1249577; executed/scaled exact zero; result SHA256 a14c783574ef1e4d2872859aeedacc324b53f89b7ff69f1530e8e21cb354473d",PASS,"run all 20 fixed 50 mm development scenarios before considering checkpoint 72000",C:\robotics_sim\wlr_robot\resume_validation_fsm_residual_ppo\runs\ppo_without_com\development\method-B-v16-checkpoint60800_seed-11_stage-50mm_development_screen_smoke_attempt001\diagnosis.md
2026-07-29T17:26:00.000Z,ppo_B_v16_checkpoint60800_seed11_50mm_development_screen_attempt001,ppo_B_v16_checkpoint60800_seed11_50mm_development_screen_smoke_attempt001,PPO_CHECKPOINT_DEVELOPMENT_SELECTION,B,11,"checkpoint 60800's highest training-window return transfers to an eligible deterministic controller","all 20 fixed 50 mm development scenarios; 150 s limit","frozen artifacts; v16 runtime; checkpoint 60800; development manifest","reach at least 16/20","10/20; five collisions, three phase timeouts, two global timeouts; strict subset of FSM successes; exact 52692x122 telemetry; result SHA256 833338ddf537b6f0e0031cf42d381cdfd72fbecdcc84cdb68fbe93cdc57e4316",FAIL,"reject 60800; restore-smoke then fully evaluate pre-registered checkpoint 72000",C:\robotics_sim\wlr_robot\resume_validation_fsm_residual_ppo\runs\ppo_without_com\development\method-B-v16-checkpoint60800_seed-11_stage-50mm_development_screen_attempt001\diagnosis.md
2026-07-29T17:30:00.000Z,ppo_B_v16_checkpoint72000_seed11_50mm_development_screen_smoke_attempt001,ppo_B_v16_checkpoint60800_seed11_50mm_development_screen_attempt001,PPO_CHECKPOINT_DEVELOPMENT_SMOKE,B,11,"checkpoint 72000 restores completely under fixed v16","one scenario; deliberate 5 s timeout; 100 telemetry rows","frozen artifacts; v16 runtime; checkpoint 72000; development manifest","verify checkpoint/config provenance and exact phase-excluded zero","PASS; 100x122 finite; policy max 0.1691686; executed exact zero; result SHA256 ad0f8e61e0801cdb2823d180cbd7641d0032481a4d8c7c742f7622906d631502",PASS,"run full 20-scenario checkpoint-72000 screen",C:\robotics_sim\wlr_robot\resume_validation_fsm_residual_ppo\runs\ppo_without_com\development\method-B-v16-checkpoint72000_seed-11_stage-50mm_development_screen_smoke_attempt001\diagnosis.md
2026-07-29T18:14:00.000Z,ppo_B_v16_checkpoint72000_seed11_50mm_development_screen_attempt001,ppo_B_v16_checkpoint72000_seed11_50mm_development_screen_smoke_attempt001,PPO_CHECKPOINT_DEVELOPMENT_SELECTION,B,11,"checkpoint 72000's second-ranked training window transfers to an eligible policy","all 20 fixed 50 mm development scenarios; 150 s limit","frozen artifacts; v16 runtime; checkpoint 72000; development manifest","reach at least 16/20","10/20; seven collisions, two phase timeouts, one global timeout; rescued 0013 but lost 0004/0007/0018; exact 50786x122 telemetry; result SHA256 f1be3cf14e8ec72bac2a089cfcff3e006dba5700561a8e820b06fdcfd399841d",FAIL,"reject 72000; restore-smoke then fully evaluate pre-registered best_agent/agent76800",C:\robotics_sim\wlr_robot\resume_validation_fsm_residual_ppo\runs\ppo_without_com\development\method-B-v16-checkpoint72000_seed-11_stage-50mm_development_screen_attempt001\diagnosis.md
2026-07-29T18:18:00.000Z,ppo_B_v16_bestagent_seed11_50mm_development_screen_smoke_attempt001,ppo_B_v16_checkpoint72000_seed11_50mm_development_screen_attempt001,PPO_CHECKPOINT_DEVELOPMENT_SMOKE,B,11,"best_agent is a distinct deterministic candidate","one scenario; explicit tensor equivalence audit; 100 telemetry rows","frozen artifacts; v16 runtime; best_agent checkpoint; development manifest","restore and determine whether the serialized checkpoint represents a distinct policy","restore PASS; policy and observation-preprocessor tensors exactly equal final_agent; smoke telemetry byte-identical; result SHA256 1f10531a6af22d344362535b7f6072d61ac82f9fc0d52de07647a34057b4cbbd",EQUIVALENT_SKIP,"do not duplicate the already measured 8/20 controller; continue to final pre-registered distinct checkpoint 57600",C:\robotics_sim\wlr_robot\resume_validation_fsm_residual_ppo\runs\ppo_without_com\development\method-B-v16-bestagent_seed-11_stage-50mm_development_screen_smoke_attempt001\diagnosis.md
2026-07-29T18:22:00.000Z,ppo_B_v16_checkpoint57600_seed11_50mm_development_screen_smoke_attempt001,ppo_B_v16_bestagent_seed11_50mm_development_screen_smoke_attempt001,PPO_CHECKPOINT_DEVELOPMENT_SMOKE,B,11,"checkpoint 57600 restores completely under fixed v16","one scenario; deliberate 5 s timeout; 100 telemetry rows","frozen artifacts; v16 runtime; checkpoint 57600; development manifest","verify checkpoint/config provenance and exact phase-excluded zero","PASS; 100x122 finite; policy max 0.1743192; executed exact zero; result SHA256 bbaddc9fffcd1a79b39a65adc1207f9480aeecb505a6842b2d8247460d9b334c",PASS,"run full 20-scenario checkpoint-57600 screen and close the pre-registered order",C:\robotics_sim\wlr_robot\resume_validation_fsm_residual_ppo\runs\ppo_without_com\development\method-B-v16-checkpoint57600_seed-11_stage-50mm_development_screen_smoke_attempt001\diagnosis.md
2026-07-29T18:47:00.000Z,ppo_B_v16_checkpoint57600_seed11_50mm_development_screen_attempt001,ppo_B_v16_checkpoint57600_seed11_50mm_development_screen_smoke_attempt001,PPO_CHECKPOINT_DEVELOPMENT_SELECTION,B,11,"checkpoint 57600's fourth-ranked training window transfers to an eligible deterministic policy","all 20 fixed 50 mm development scenarios; 150 s limit","frozen artifacts; v16 runtime; checkpoint 57600; development manifest","reach at least 16/20","9/20; eight body/link collisions and three timeouts; strict subset of FSM successes; exact 50896x122 action constraints; phase-window gate off 74.86%; result SHA256 61de2bf7f56549a95c945d1c822874954aff29bb05cb8f6b9b8283feae15e28c",FAIL,"reject v16 after all pre-registered candidates failed; design one evidence-driven v17 stochastic/deterministic gate-alignment change",C:\robotics_sim\wlr_robot\resume_validation_fsm_residual_ppo\runs\ppo_without_com\development\method-B-v16-checkpoint57600_seed-11_stage-50mm_development_screen_attempt001\diagnosis.md
2026-07-29T18:55:00.000Z,ppo_B_v17_gate_alignment_registration,ppo_B_v16_checkpoint57600_seed11_50mm_development_screen_attempt001,PPO_METHOD_REGISTRATION,B,11,"bounding rollout noise around the deterministic mean eliminates v16's material stochastic one-sided-gate activation mismatch without changing runtime physics","common config and model source; 133 tests; 200000 sampled CPU actions","frozen FSM/metrics/asset; v16 runtime projection/reward/budget; log_std [-5,-4]; entropy 0","all tests pass; zero mean exact; empirical channel/shared std agree with exp(-4) and exp(-4)/2 within 1e-4","PASS; 133 tests; channel std 0.0183106 vs 0.0183156; shared std 0.00915831 vs 0.00915782; common config SHA256 820afe4fbcbf32b6f7fe000fdc24532eba25f1f3a84d0a8160bb149e4b9ce7ec",PASS,"run one-environment real-Isaac v17 training smoke before full training",C:\robotics_sim\wlr_robot\resume_validation_fsm_residual_ppo\runs\diagnostics\v17_gate_alignment_registration.md
2026-07-29T18:58:00.000Z,ppo_B_v17_seed11_50mm_smoke_attempt001,ppo_B_v17_gate_alignment_registration,PPO_NO_COM_SMOKE,B,11,"the v17 low-noise policy and unchanged zero-preserving runtime execute safely in real Isaac","one full-randomization Isaac environment; model preflight; phase 6/7/9/10 and reversed-action probes; forced fall/reset","frozen FSM/metrics/asset; v17 common config/source; seed 11","finite policy/value/reward; exact projection, phase gate, mask, balance and off half-space; exact -200 fall; clean reset","SMOKE_PASS; action max 0.0484237; phase 6/7/9/10 scaled maxima 0/0.002/0.002/0 m; result SHA256 52c5abe731fa9e0cf3a8f609b0cd66396d813cc84d8b37735dfa6ed824793462",PASS,"run authorized from-scratch 76800-local-timestep Method-B v17 seed-11 50 mm training",C:\robotics_sim\wlr_robot\resume_validation_fsm_residual_ppo\runs\ppo_without_com\training\method-B-v17_seed-11_stage-50mm_smoke_attempt001\diagnosis.md
2026-07-29T21:48:00.000Z,ppo_B_v17_seed11_50mm_training_attempt001,ppo_B_v17_seed11_50mm_smoke_attempt001,PPO_NO_COM_TRAINING,B,11,"v17 gate-aligned low-noise exploration can complete the registered full-development budget with finite optimization state","64 environments; full randomization; 76800 local timesteps; 4915200 transitions; from scratch","frozen FSM/metrics/asset; v17 config/source; method B; seed 11","exact budget; finite TensorBoard and checkpoint tensors; effective std within [-5,-4] envelope","COMPLETED_INTEGRITY_PASS; 48 periodic plus best/final checkpoints; 14184 finite scalar samples; 77 tensors/785093 elements finite; final SHA256 e29c94d54a12e895c8a8e3ba1c2aea726df3b5559d5ce693dbc09ac439f5a102",PASS,"run deterministic one-scenario restore smoke, then unchanged 20-scenario 16/20 development gate",C:\robotics_sim\wlr_robot\resume_validation_fsm_residual_ppo\runs\ppo_without_com\training\method-B-v17_seed-11_stage-50mm_attempt001\diagnosis.md
2026-07-29T21:51:00.000Z,ppo_B_v17_seed11_50mm_development_gate_smoke_attempt001,ppo_B_v17_seed11_50mm_training_attempt001,PPO_NO_COM_DEVELOPMENT_SMOKE,B,11,"the v17 final checkpoint restores completely and preserves registered deterministic runtime constraints","one fixed development scenario; deliberate 5 s timeout; deterministic action; 100 telemetry rows","frozen FSM/metrics/asset; v17 config/source; checkpoint e29c94d54a12e895c8a8e3ba1c2aea726df3b5559d5ce693dbc09ac439f5a102","verify exact provenance, finite restore, and exact phase-excluded physical zero action","PASS; 100x122 fully finite; policy max 0.0816411; executed/scaled exact zero; result SHA256 dca94929f5087bb72dbf92556df4a8d67570f4ffdd3e019c1980fc334d2c9c5b",PASS,"run all 20 unchanged 50 mm development scenarios with the pre-registered 16/20 gate",C:\robotics_sim\wlr_robot\resume_validation_fsm_residual_ppo\runs\ppo_without_com\development\method-B-v17_seed-11_stage-50mm_development_gate_smoke_attempt001\diagnosis.md
2026-07-29T22:29:00.000Z,ppo_B_v17_seed11_50mm_development_gate_attempt001,ppo_B_v17_seed11_50mm_development_gate_smoke_attempt001,PPO_NO_COM_DEVELOPMENT_SELECTION,B,11,"v17 low-noise training learns a conditional deterministic gate that reaches the 50 mm eligibility threshold","all 20 fixed 50 mm development scenarios; deterministic final policy; 150 s limit","frozen FSM/metrics/asset; v17 runtime; development manifest; checkpoint e29c94d54a12e895c8a8e3ba1c2aea726df3b5559d5ce693dbc09ac439f5a102","reach at least 16/20 with exact action constraints","6/20; seven collisions, four phase timeouts, three global timeouts; phase-window gate off only 10.74%; exact 52354x122 constraints; result SHA256 85dc0198685db052f2bea2c1a81307a87867b1b9cc7abf2824a0fcf720e25f42",FAIL,"reject trained v17; register v18 two-sigma confidence deadband and test the unchanged v17 checkpoint under that runtime before retraining",C:\robotics_sim\wlr_robot\resume_validation_fsm_residual_ppo\runs\ppo_without_com\development\method-B-v17_seed-11_stage-50mm_development_gate_attempt001\diagnosis.md
2026-07-29T22:36:00.000Z,ppo_B_v18_confidence_gate_registration,ppo_B_v17_seed11_50mm_development_gate_attempt001,PPO_RUNTIME_REGISTRATION,B,11,"subtracting an analytically fixed two-shared-sigma threshold suppresses noise-scale deterministic residuals while retaining v17's learned phase-7 drive","projection threshold exp(-4)=0.01831563888873418; protocol 18.0.0","frozen FSM/metrics/asset; v17 architecture/exploration/reward/optimizer/randomization/budget; development manifest remains unread by implementation","old v17 checkpoint reaches at least 12/20 under v18 before any retraining is authorized","137 tests and compilation pass; no v18 Isaac result exists at registration",REGISTERED,"run real-Isaac training-entrypoint smoke then v17-checkpoint restore smoke and 20-scenario counterfactual",C:\robotics_sim\wlr_robot\resume_validation_fsm_residual_ppo\runs\diagnostics\v18_confidence_gate_registration.md
2026-07-29T22:38:00.000Z,ppo_B_v18_seed11_50mm_smoke_attempt001,ppo_B_v18_confidence_gate_registration,PPO_RUNTIME_SMOKE,B,11,"the registered v18 training entrypoint constructs one real-Isaac environment and passes all finite/action/reward probes","one environment; full randomization; smoke-only","frozen FSM/metrics/asset; v18 config and decision gates","SMOKE_PASS before any counterfactual evaluation","FAILED before environment construction: NameError because math was not imported; no simulation or rollout result; training result SHA256 146fa846fe1e3b4390e53bb5cc4f7893f95f16b32275ee56d701037f674c6a5d",FAIL_IMPLEMENTATION,"retain attempt; add only missing import and AST regression; rerun as attempt002",C:\robotics_sim\wlr_robot\resume_validation_fsm_residual_ppo\runs\ppo_without_com\training\method-B-v18_seed-11_stage-50mm_smoke_attempt001\diagnosis.md
2026-07-29T22:40:00.000Z,ppo_B_v18_1_import_correction,ppo_B_v18_seed11_50mm_smoke_attempt001,PPO_RUNTIME_CORRECTION,B,11,"adding the missing standard-library import repairs threshold validation without changing the registered mechanism","import math; one AST regression test","byte-identical v18 common config/projection/threshold/simulation/learning parameters and decision gates","entrypoint compiles and full unit suite passes","compilation and all 138 tests pass; corrected training source SHA256 cab8f29d87c7745f352884bff2ef3d6ac6b4f451b6d6ed445288f099e0bc0c19",PASS,"rerun real-Isaac training-entrypoint smoke as attempt002",C:\robotics_sim\wlr_robot\resume_validation_fsm_residual_ppo\runs\diagnostics\v18_1_runtime_import_correction.md
2026-07-29T22:43:00.000Z,ppo_B_v18_seed11_50mm_smoke_attempt002,ppo_B_v18_1_import_correction,PPO_RUNTIME_SMOKE,B,11,"the corrected v18 training entrypoint constructs one real-Isaac environment and passes finite/action/reward probes","one environment; full randomization; smoke-only","frozen FSM/metrics/asset; registered v18 config, mechanism, and decision gates","exact threshold subtraction and all runtime safety probes pass","SMOKE_PASS; 0.2 drive became 0.18168437 normalized / 1.81684375 mm; exact phase exclusion and reverse shutoff; result SHA256 63e5458a9c533fbf1993e198dd8ded4cffcd29667e8fe8e19cd4009e0fd34c2c",PASS,"restore unchanged v17 final checkpoint under v18 in one-scenario deterministic evaluator smoke",C:\robotics_sim\wlr_robot\resume_validation_fsm_residual_ppo\runs\ppo_without_com\training\method-B-v18_seed-11_stage-50mm_smoke_attempt002\diagnosis.md
2026-07-29T22:45:00.000Z,ppo_B_v18_v17checkpoint_seed11_50mm_counterfactual_smoke_attempt001,ppo_B_v18_seed11_50mm_smoke_attempt002,PPO_CHECKPOINT_DEVELOPMENT_SMOKE,B,11,"the unchanged v17 final checkpoint restores completely under v18 before its diagnostic counterfactual","one development scenario; deliberate 5 s timeout; 100 telemetry rows","frozen artifacts; v18 runtime; checkpoint e29c94d54a12e895c8a8e3ba1c2aea726df3b5559d5ce693dbc09ac439f5a102","verify exact provenance, finite restore, and phase-excluded zero action","PASS; 100x122 fully finite; policy max 0.08164108; executed/scaled exact zero; result SHA256 ce309d690fd488296b0d061f3e2584b48dfbbd96a26fff794f8e5dded280c47f",PASS,"run all 20 fixed 50 mm development scenarios under v18; require at least 12/20 and +6 paired successes before retraining",C:\robotics_sim\wlr_robot\resume_validation_fsm_residual_ppo\runs\ppo_without_com\development\method-B-v18-v17checkpoint_seed-11_stage-50mm_development_counterfactual_smoke_attempt001\diagnosis.md
2026-07-29T23:28:00.000Z,ppo_B_v18_v17checkpoint_seed11_50mm_counterfactual_attempt001,ppo_B_v18_v17checkpoint_seed11_50mm_counterfactual_smoke_attempt001,PPO_RUNTIME_COUNTERFACTUAL,B,11,"the two-sigma confidence gate suppresses noise-scale late residuals while retaining useful phase-7 deterministic drive","all 20 fixed 50 mm development scenarios; unchanged v17 checkpoint; deterministic action","frozen FSM/metrics/asset; v18 runtime; fixed checkpoint and manifest","at least 12/20 and at least +6 net paired successes over v17 before retraining","10/20; seven collisions and three phase timeouts; gained five/lost one versus v17 for net +4; exact 51793x122 constraints; phase-window off 56.91%; result SHA256 2e5a8fdd2bd9bf960c83e409e60723a485c81bb3c4e1a2a7c06f23326d5651ee",FAIL,"reject v18 retraining; register v19 positive-pitch IMU hazard gate from frozen-FSM aggregate separation",C:\robotics_sim\wlr_robot\resume_validation_fsm_residual_ppo\runs\ppo_without_com\development\method-B-v18-v17checkpoint_seed-11_stage-50mm_development_counterfactual_attempt001\diagnosis.md
2026-07-29T23:40:00.000Z,ppo_B_v19_imu_hazard_gate_registration,ppo_B_v18_v17checkpoint_seed11_50mm_counterfactual_attempt001,PPO_RUNTIME_REGISTRATION,B,11,"a real-IMU positive-pitch gate preserves nominal FSM paths while allowing balanced-z recovery only on the frozen-FSM failure envelope","phase window 8-9; signed pitch threshold +0.09 rad; zero-preserving balanced z projection","frozen FSM/metrics/asset; v17 exploration/architecture/reward/optimizer/randomization/budget; no contact truth or scenario identity","counterfactual reaches >=12/20 with no lost frozen-FSM successes and at least one above-hazard nonzero row before retraining","compilation and all 144 tests pass; no v19 Isaac result exists at registration",REGISTERED,"run v19 real-Isaac training smoke, restore smoke, then fixed 20-scenario counterfactual",C:\robotics_sim\wlr_robot\resume_validation_fsm_residual_ppo\runs\diagnostics\v19_imu_hazard_gate_registration.md
2026-07-29T23:44:00.000Z,ppo_B_v19_seed11_50mm_smoke_attempt001,ppo_B_v19_imu_hazard_gate_registration,PPO_RUNTIME_SMOKE,B,11,"the registered v19 real-IMU gate preserves low-pitch FSM and opens balanced-z authority above +0.09 rad","one environment; full randomization; explicit low/high pitch probes; smoke-only","frozen FSM/metrics/asset; registered v19 config and decision gates","exact low-pitch zero, above-pitch balanced projection, phase exclusion, finite rewards and reset","SMOKE_PASS; -0.02244 rad exact zero; +0.10000 rad produced 2 mm in phases 8/9 and zero in 7/10; result SHA256 c02f33e4938f04009e171aac03e760dad4b9565a4021e0a45568778a86eccb55",PASS,"restore unchanged v17 final checkpoint under v19 before counterfactual",C:\robotics_sim\wlr_robot\resume_validation_fsm_residual_ppo\runs\ppo_without_com\training\method-B-v19_seed-11_stage-50mm_smoke_attempt001\diagnosis.md
2026-07-29T23:47:00.000Z,ppo_B_v19_v17checkpoint_seed11_50mm_counterfactual_smoke_attempt001,ppo_B_v19_seed11_50mm_smoke_attempt001,PPO_CHECKPOINT_DEVELOPMENT_SMOKE,B,11,"the unchanged v17 checkpoint restores completely under v19 and nominal pitch preserves FSM exactly","one development scenario; deliberate 5 s timeout; 100 telemetry rows","frozen artifacts; v19 runtime; checkpoint e29c94d54a12e895c8a8e3ba1c2aea726df3b5559d5ce693dbc09ac439f5a102","verify finite restore, provenance, and exact low-hazard zero","PASS; 100x122 finite; max pitch -0.01302 below threshold; policy max 0.08164; executed/scaled zero; result SHA256 eb66def5509e9534f023df4b9864286f22f871b49baab6c1cbd8f01e2da22b84",PASS,"run fixed 20-scenario v19 counterfactual; require >=12/20, no lost FSM successes, and nonzero above-hazard authority",C:\robotics_sim\wlr_robot\resume_validation_fsm_residual_ppo\runs\ppo_without_com\development\method-B-v19-v17checkpoint_seed-11_stage-50mm_development_counterfactual_smoke_attempt001\diagnosis.md
2026-07-30T00:20:00.000Z,ppo_B_v19_v17checkpoint_seed11_50mm_counterfactual_attempt001,ppo_B_v19_v17checkpoint_seed11_50mm_counterfactual_smoke_attempt001,PPO_RUNTIME_COUNTERFACTUAL,B,11,"the real-IMU hazard gate preserves every nominal FSM success while enabling residual recovery on high-pitch failures","all 20 fixed 50 mm development scenarios; unchanged v17 checkpoint; deterministic action","frozen artifacts; v19 runtime; fixed checkpoint and development manifest","reach >=12/20; lose zero frozen-FSM successes; execute at least one above-hazard nonzero row","13/20; retained all 12 FSM successes and rescued 0009; 2310 nonzero rows all authorized; exact 52615x122 constraints; result SHA256 cf27190a1f7c2a5341f3fd735cac810286dda5113f30769203d29be483c0e76d",PASS,"authorize exactly one from-scratch Method-B seed-11 50 mm v19 run for 76800 local timesteps",C:\robotics_sim\wlr_robot\resume_validation_fsm_residual_ppo\runs\ppo_without_com\development\method-B-v19-v17checkpoint_seed-11_stage-50mm_development_counterfactual_attempt001\diagnosis.md
2026-07-30T03:01:33.000Z,ppo_B_v19_seed11_50mm_training_attempt001,ppo_B_v19_v17checkpoint_seed11_50mm_counterfactual_attempt001,PPO_NO_COM_TRAINING,B,11,"the pre-registered v19 gate can be trained from random initialization for the fixed budget with finite optimization state","76800 local timesteps; 4915200 transitions; 64 real Isaac environments; 1200 updates","frozen FSM/metrics/asset and v19 config/source; no prior checkpoint","exact requested/completed budget; finite checkpoints and TensorBoard streams; clean exit","COMPLETED; exact 76800/4915200 budget; 50 checkpoint files and 14232 scalar points all finite; final SHA256 86cf826ee471afc67c65d538013a5f11c4a3600c405bab49193733be95ea242f",PASS,"restore explicit final checkpoint in one-scenario deterministic smoke before the unchanged 20-scenario >=16/20 gate",C:\robotics_sim\wlr_robot\resume_validation_fsm_residual_ppo\runs\ppo_without_com\training\method-B-v19_seed-11_stage-50mm_attempt001\diagnosis.md
2026-07-30T03:06:36.000Z,ppo_B_v19_seed11_50mm_development_gate_smoke_attempt001,ppo_B_v19_seed11_50mm_training_attempt001,PPO_CHECKPOINT_DEVELOPMENT_SMOKE,B,11,"the explicit v19 final checkpoint restores completely and preserves the registered low-hazard exact-FSM path","one fixed development scenario; deliberate 5 s timeout; deterministic action; 100 telemetry rows","frozen artifacts; v19 config/source; checkpoint 86cf826ee471afc67c65d538013a5f11c4a3600c405bab49193733be95ea242f","verify exact provenance, finite restore, and exact low-hazard zero physical residual","PASS; 100x122 fully finite; pitch -0.02682 to -0.01302 rad; policy max 0.0688752; executed/scaled residual exact zero; result SHA256 9412000b431f8d484a00ec717a7bb1aef0b5107fc46aed555650509c3506741d",PASS,"run all 20 unchanged 50 mm development scenarios with the pre-registered 16/20 gate",C:\robotics_sim\wlr_robot\resume_validation_fsm_residual_ppo\runs\ppo_without_com\development\method-B-v19_seed-11_stage-50mm_development_gate_smoke_attempt001\diagnosis.md
2026-07-30T03:45:37.000Z,ppo_B_v19_seed11_50mm_development_gate_attempt001,ppo_B_v19_seed11_50mm_development_gate_smoke_attempt001,PPO_NO_COM_DEVELOPMENT_SELECTION,B,11,"v19 training learns corrective residual behavior that promotes at the fixed 50 mm curriculum gate","all 20 fixed 50 mm development scenarios; deterministic final policy; 150 s limit","frozen artifacts; v19 runtime; development manifest; checkpoint 86cf826ee471afc67c65d538013a5f11c4a3600c405bab49193733be95ea242f","reach at least 16/20 with exact action constraints","13/20; four collisions and three phase timeouts; same success set as the old-checkpoint v19 counterfactual; exact 52618x122 constraints; result SHA256 2dadb76b978753b903146160cb301ce2cd3018ca6b595652e1c12604118f1f0e",FAIL,"reject v19 promotion; register a pitch-corrective reversal of only the hazardous balanced-z output direction and test the fixed v19 checkpoint before retraining",C:\robotics_sim\wlr_robot\resume_validation_fsm_residual_ppo\runs\ppo_without_com\development\method-B-v19_seed-11_stage-50mm_development_gate_attempt001\diagnosis.md
2026-07-30T03:52:43.000Z,ppo_B_v20_pitch_corrective_projection_registration,ppo_B_v19_seed11_50mm_development_gate_attempt001,PPO_RUNTIME_REGISTRATION,B,11,"reversing only the executed balanced-z direction converts the positive-pitch hazard action into negative feedback while preserving the learned shared-drive half-space","phase window 8-9; pitch threshold +0.09 rad; drive signs [-1,-1,+1,+1]; output signs [+1,+1,-1,-1]","frozen FSM/metrics/asset; v19 architecture/exploration/reward/optimizer/randomization/budget; no locked-test access","counterfactual reaches >=16/20, loses zero frozen-FSM successes, executes corrective authority, and has zero unauthorized nonzero rows before retraining","compilation and all 146 tests pass; no v20 Isaac result exists at registration",REGISTERED,"run v20 real-Isaac training-entrypoint smoke, explicit-v19-checkpoint restore smoke, then the fixed 20-scenario counterfactual",C:\robotics_sim\wlr_robot\resume_validation_fsm_residual_ppo\runs\diagnostics\v20_pitch_corrective_projection_registration.md
2026-07-30T03:55:39.000Z,ppo_B_v20_seed11_50mm_smoke_attempt001,ppo_B_v20_pitch_corrective_projection_registration,PPO_RUNTIME_SMOKE,B,11,"the registered v20 runtime preserves nominal FSM behavior and executes pitch-corrective balanced z above the hazard gate","one real Isaac environment; full randomization; explicit low/high pitch probes; smoke-only","frozen FSM/metrics/asset; registered v20 config and decision gates","exact low-pitch zero, front-positive/rear-negative projection, phase exclusion, finite rewards and reset","SMOKE_PASS; -0.02244 rad exact zero; +0.10000 rad produced [+0.2,+0.2,-0.2,-0.2] normalized / 2 mm in phases 8/9 and zero in 7/10; result SHA256 790eec73ff0c938205e820182f8c060a2164d1782d72f689a642532da891f9d4",PASS,"restore explicit v19 final checkpoint under v20 before the fixed 20-scenario counterfactual",C:\robotics_sim\wlr_robot\resume_validation_fsm_residual_ppo\runs\ppo_without_com\training\method-B-v20_seed-11_stage-50mm_smoke_attempt001\diagnosis.md
2026-07-30T03:58:22.000Z,ppo_B_v20_v19checkpoint_seed11_50mm_counterfactual_smoke_attempt001,ppo_B_v20_seed11_50mm_smoke_attempt001,PPO_CHECKPOINT_DEVELOPMENT_SMOKE,B,11,"the explicit v19 final checkpoint restores completely under v20 while low pitch preserves the FSM exactly","one development scenario; deliberate 5 s timeout; 100 telemetry rows","frozen artifacts; v20 runtime; checkpoint 86cf826ee471afc67c65d538013a5f11c4a3600c405bab49193733be95ea242f","verify finite restore, provenance, corrective signs, and exact low-hazard zero","PASS; 100x122 finite; pitch -0.02682 to -0.01302; policy max 0.0688752; executed/scaled zero; result SHA256 140b473d5c7aa5780b4c55b8f7f67e3eed63652970139dcb3f993f88c9161dfb",PASS,"run fixed 20-scenario v20 counterfactual; require >=16/20, no lost FSM successes, corrective authority, and zero unauthorized rows",C:\robotics_sim\wlr_robot\resume_validation_fsm_residual_ppo\runs\ppo_without_com\development\method-B-v20-v19checkpoint_seed-11_stage-50mm_development_counterfactual_smoke_attempt001\diagnosis.md
2026-07-30T04:34:23.000Z,ppo_B_v20_v19checkpoint_seed11_50mm_counterfactual_attempt001,ppo_B_v20_v19checkpoint_seed11_50mm_counterfactual_smoke_attempt001,PPO_RUNTIME_COUNTERFACTUAL,B,11,"pitch-corrective output reversal alone rescues frozen-FSM failure branches without sacrificing nominal successes","all 20 fixed 50 mm development scenarios; unchanged v19 checkpoint; deterministic action","frozen artifacts; v20 runtime; fixed checkpoint and development manifest","reach >=16/20; lose zero frozen-FSM successes; execute corrective authority; zero unauthorized rows","12/20; retained all 12 frozen-FSM successes but lost v19 rescue 0009 and added no rescue; exact 52560x122 constraints; result SHA256 c12d03cfc91959d69ba87bf74fa69dc01f01794b6c77d32297b36057e44660c0",FAIL,"prohibit v20 training; pre-register a phase-aware v21 emergency recovery state machine from frozen-trajectory evidence",C:\robotics_sim\wlr_robot\resume_validation_fsm_residual_ppo\runs\ppo_without_com\development\method-B-v20-v19checkpoint_seed-11_stage-50mm_development_counterfactual_attempt001\diagnosis.md
2026-07-30T04:42:44.000Z,ppo_B_v21_phase_aware_imu_emergency_registration,ppo_B_v20_v19checkpoint_seed11_50mm_counterfactual_attempt001,PPO_RUNTIME_REGISTRATION,B,11,"one phase-aware emergency state machine can preserve v19's phase-8 climb rescue while correcting rapid-rise and post-transfer positive-pitch failures","phase 8 high-pitch or early pitch/rate gate; phases 9-10 high-pitch gate; branch-specific climb/corrective signs; fixed gain 3","frozen FSM/metrics/asset; v19 architecture/exploration/reward/optimizer/randomization/budget; no locked-test access","smoke; restore; then >=16/20 with all 12 FSM successes plus 0009 retained, early-phase8 and phase10 correction exercised, and zero unauthorized execution","compilation and all 149 tests pass; raw/canonical config hashes 96d11bc49cc06a0af4248673b59d25117464aa3638c8964b32c844ab25abdb1b / 1db52003b9a2b78ed670702334611a1f3cb132bddbcfb630764977586678b9ba; no v21 Isaac result exists",REGISTERED,"run v21 real-Isaac training-entrypoint smoke",C:\robotics_sim\wlr_robot\resume_validation_fsm_residual_ppo\runs\diagnostics\v21_phase_aware_imu_emergency_registration.md
2026-07-30T04:44:12.000Z,ppo_B_v21_seed11_50mm_smoke_attempt001,ppo_B_v21_phase_aware_imu_emergency_registration,PPO_RUNTIME_SMOKE,B,11,"the registered phase-aware emergency runtime implements exact gating, direction switching, gain, bounds, and safety semantics in real Isaac","one environment; full randomization; nominal, slow-high-pitch, and early rapid-rise probes; smoke-only","frozen FSM/metrics/asset; registered v21 config/source","exact zero; phase8 climb/corrective branch split; phase9-10 correction; phase exclusion; finite rewards and reset","SMOKE_PASS; slow +0.10-rad probe yielded climb in phase8 and correction in phases9/10; +0.05-rad/+0.4-rad/s probe yielded phase8 correction and phase9 zero; result SHA256 5c7c4e7a7643f7172132275044286d64f6c9341cb3b6734e518b01f7b55b4171",PASS,"restore explicit v19 final checkpoint under v21 before counterfactual",C:\robotics_sim\wlr_robot\resume_validation_fsm_residual_ppo\runs\ppo_without_com\training\method-B-v21_seed-11_stage-50mm_smoke_attempt001\diagnosis.md
2026-07-30T04:46:50.000Z,ppo_B_v21_v19checkpoint_seed11_50mm_counterfactual_smoke_attempt001,ppo_B_v21_seed11_50mm_smoke_attempt001,PPO_CHECKPOINT_DEVELOPMENT_SMOKE,B,11,"the explicit v19 final checkpoint restores completely under v21 while nominal pitch/rate preserves the FSM exactly","one development scenario; deliberate 5 s timeout; 100 telemetry rows","frozen artifacts; v21 runtime; checkpoint 86cf826ee471afc67c65d538013a5f11c4a3600c405bab49193733be95ea242f","verify exact provenance, finite restore, and exact low-hazard zero","PASS; 100x122 finite; pitch -0.02682 to -0.01302; policy max 0.0688752; executed/scaled zero; telemetry byte-identical to v19 restore; result SHA256 0ade30d52d28e3a9c9f597a15628aeb1d0ef498e87c52603ba6bbb9903a51739",PASS,"run fixed 20-scenario v21 counterfactual under every pre-registered authorization condition",C:\robotics_sim\wlr_robot\resume_validation_fsm_residual_ppo\runs\ppo_without_com\development\method-B-v21-v19checkpoint_seed-11_stage-50mm_development_counterfactual_smoke_attempt001\diagnosis.md
2026-07-30T05:21:00.000Z,ppo_B_v21_v19checkpoint_seed11_50mm_counterfactual_attempt001,ppo_B_v21_v19checkpoint_seed11_50mm_counterfactual_smoke_attempt001,PPO_RUNTIME_COUNTERFACTUAL,B,11,"phase-aware early correction plus retained phase-8 climb and post-transfer correction reaches the fixed training gate","all 20 fixed 50 mm development scenarios; unchanged v19 checkpoint; deterministic action","frozen artifacts; v21 runtime; fixed checkpoint and development manifest","reach >=16/20; retain all 12 FSM successes and 0009; exercise early-phase8 and phase10 correction; zero unauthorized rows","13/20; same successes as v19; five collisions and two phase timeouts; 1744 exact registered-direction nonzero rows; result SHA256 4926c3a4628f486deea7f59e86904ee0f3e994b9fdb81ae0a003f1d7afb47642",FAIL,"prohibit v21 training; register a hysteretic phase-8 rapid-rise corrective latch",C:\robotics_sim\wlr_robot\resume_validation_fsm_residual_ppo\runs\ppo_without_com\development\method-B-v21-v19checkpoint_seed-11_stage-50mm_development_counterfactual_attempt001\diagnosis.md
2026-07-30T05:28:46.000Z,ppo_B_v22_latched_imu_emergency_override_registration,ppo_B_v21_v19checkpoint_seed11_50mm_counterfactual_attempt001,PPO_RUNTIME_REGISTRATION,B,11,"a latched and stronger emergency correction prevents rapid-rise failures from immediately reverting to climb while preserving the slow phase-8 0009 path","phase8 rapid-rise latch through phase exit; 0.1 positive-drive corrective floor before fixed gain3; 3 mm physical emergency authority","frozen FSM/metrics/asset; v21 architecture/rewards/optimizer/randomization/budget/bounds; no locked-test access","smoke; restore; then >=16/20 with all 12 FSM successes plus 0009, latch/floor and phase10 exercised, zero unauthorized execution","compilation and all 152 tests pass; raw/canonical config hashes 39927e1e21f8bdfc364cc2d81bef9e617911fa4acaa31e241de0f02159b43b74 / 180d8d52c8f12f1d74316708e865a4bd699984ae093b568842697b8fe670e05a; no v22 Isaac result exists",REGISTERED,"run v22 real-Isaac training-entrypoint smoke",C:\robotics_sim\wlr_robot\resume_validation_fsm_residual_ppo\runs\diagnostics\v22_latched_imu_emergency_override_registration.md
2026-07-30T05:30:48.000Z,ppo_B_v22_seed11_50mm_smoke_attempt001,ppo_B_v22_latched_imu_emergency_override_registration,PPO_RUNTIME_SMOKE,B,11,"the registered latch persists after rate decay and the positive-drive emergency floor executes exactly without breaking zero preservation","one environment; full randomization; nominal, slow-high-pitch, rapid-rise, rate-decay, small-drive floor, phase-exit, and reset probes","frozen FSM/metrics/asset; registered v22 config/source","exact latch persistence/clear; exact 0.1 pre-gain floor / 3 mm physical action; phase/sign/mask/bound/finite checks","SMOKE_PASS; rapid phase8 correction remained after rate fell to zero; 0.05 drive executed 0.1 before gain and 0.3 normalized/3 mm after gain; phase9 below threshold cleared to zero; result SHA256 d965b9f20fc4afd64d02d6aeb277a008e1a61cb2c8a311fa079f2f4617a1d59a",PASS,"restore explicit v19 final checkpoint under v22",C:\robotics_sim\wlr_robot\resume_validation_fsm_residual_ppo\runs\ppo_without_com\training\method-B-v22_seed-11_stage-50mm_smoke_attempt001\diagnosis.md
2026-07-30T05:33:17.000Z,ppo_B_v22_v19checkpoint_seed11_50mm_counterfactual_smoke_attempt001,ppo_B_v22_seed11_50mm_smoke_attempt001,PPO_CHECKPOINT_DEVELOPMENT_SMOKE,B,11,"the explicit v19 checkpoint restores completely under v22 and nominal state keeps latch/floor inactive","one development scenario; deliberate 5 s timeout; 100 telemetry rows","frozen artifacts; v22 runtime; checkpoint 86cf826ee471afc67c65d538013a5f11c4a3600c405bab49193733be95ea242f","verify finite restore, exact provenance, exact nominal zero, and no stale latch","PASS; 100x122 fully finite; pitch -0.02682 to -0.01302; policy max 0.0688752; executed/scaled exact zero; telemetry byte-identical to earlier restores; result SHA256 87f4b97e86eaf533a4b87dd34a35b33ff19dd1fe373133f55847ad589499ebef",PASS,"run fixed 20-scenario v22 counterfactual",C:\robotics_sim\wlr_robot\resume_validation_fsm_residual_ppo\runs\ppo_without_com\development\method-B-v22-v19checkpoint_seed-11_stage-50mm_development_counterfactual_smoke_attempt001\diagnosis.md
2026-07-30T06:12:57.000Z,ppo_B_v22_v19checkpoint_seed11_50mm_counterfactual_attempt001,ppo_B_v22_v19checkpoint_seed11_50mm_counterfactual_smoke_attempt001,PPO_RUNTIME_COUNTERFACTUAL,B,11,"the latched and floored pitch correction rescues rapid-rise failures while preserving nominal and slow-climb successes","all 20 fixed 50 mm development scenarios; unchanged v19 checkpoint; deterministic action","frozen artifacts; v22 runtime; fixed checkpoint and development manifest","reach >=16/20; retain all 12 FSM successes and 0009; exercise latch/floor and phase10; zero unauthorized rows","13/20; unchanged v19 success set; five collisions and two phase timeouts; 1721 registered-direction nonzero rows including 1555 floor rows; result SHA256 9252d07295c46c93aed32d041f95bffd6e01c54254a6cf15e075884e5bacb9f9",FAIL,"prohibit v22 training; quantify and pre-register a phase8-10 positive-roll correction outside the bilateral pitch subspace",C:\robotics_sim\wlr_robot\resume_validation_fsm_residual_ppo\runs\ppo_without_com\development\method-B-v22-v19checkpoint_seed-11_stage-50mm_development_counterfactual_attempt001\diagnosis.md
2026-07-30T06:25:09.000Z,ppo_B_v23_positive_roll_emergency_registration,ppo_B_v22_v19checkpoint_seed11_50mm_counterfactual_attempt001,PPO_RUNTIME_REGISTRATION,B,11,"a real-IMU positive-roll emergency and pure roll wheel-center-z direction correct the observed front-right collapse outside the ineffective bilateral pitch subspace","phase8 historical climb if high pitch only; phases8-10 roll >=0.10 correction; phase8 roll>=0.06 and pitch-rate>=0.35 early correction; latch; gain3/floor0.1","frozen FSM/metrics/asset; v19 architecture/rewards/optimizer/randomization/budget/bounds; no locked-test access","smoke; restore; then >=16/20 with all 12 FSM successes plus 0009, early/latch and phase10 roll correction, zero unauthorized execution","pre-code analysis frozen; compilation and all 155 tests pass; raw/canonical config hashes fd8186211625f3efdd1ce17a0b8114d4bca06fdef383ea8302ed8f86707cbb6c / 94e11eb98f2d04a931cadaa3bd566cf6a2ef5bb6d1062656362bd82486d75cf7; no v23 Isaac result exists",REGISTERED,"run v23 real-Isaac training-entrypoint smoke",C:\robotics_sim\wlr_robot\resume_validation_fsm_residual_ppo\runs\diagnostics\v23_positive_roll_emergency_override_registration.md
2026-07-30T06:27:20.000Z,ppo_B_v23_seed11_50mm_smoke_attempt001,ppo_B_v23_positive_roll_emergency_registration,PPO_RUNTIME_SMOKE,B,11,"the registered v23 runtime preserves slow-pitch climb and implements exact pure-roll emergency gating, latch, floor, structure, and reset semantics in real Isaac","one environment; full randomization; nominal, slow-high-pitch, high-roll, early roll/rate, rate-decay, small-drive floor, phase-exit, and reset probes","frozen FSM/metrics/asset; registered v23 config/source","exact zero; phase8 climb/phase9 zero; phase8-10 pure roll; exact 3 mm floor; phase exclusion; zero-sum/zero-pitch-moment; finite/reset checks","SMOKE_PASS; +0.11-rad roll yielded [+0.6,-0.6,+0.6,-0.6] in phases8-10; +0.07-roll/+0.399-rate early probe latched; 0.05 drive executed 3 mm floor; result SHA256 260b501a6000118d84dd18cd9d760bd2d9e984f5404ac10005bee30d280e2454",PASS,"restore explicit v19 final checkpoint under v23",C:\robotics_sim\wlr_robot\resume_validation_fsm_residual_ppo\runs\ppo_without_com\training\method-B-v23_seed-11_stage-50mm_smoke_attempt001\diagnosis.md
2026-07-30T06:30:10.000Z,ppo_B_v23_v19checkpoint_seed11_50mm_counterfactual_smoke_attempt001,ppo_B_v23_seed11_50mm_smoke_attempt001,PPO_CHECKPOINT_DEVELOPMENT_SMOKE,B,11,"the explicit v19 checkpoint restores completely under v23 while nominal roll/pitch keeps both physical gates inactive","one development scenario; deliberate 5 s timeout; 100 telemetry rows","frozen artifacts; v23 runtime; checkpoint 86cf826ee471afc67c65d538013a5f11c4a3600c405bab49193733be95ea242f","verify finite restore, exact provenance, exact nominal zero, and no stale latch","PASS; 100x122 fully finite; roll +0.00110 to +0.00645; pitch -0.02682 to -0.01302; policy max 0.0688752; executed/scaled exact zero; telemetry byte-identical to v22 restore; result SHA256 9f833c535db60ba852056881f4a5162a152453f9e2e5eefca1ba1b6d06fe690d",PASS,"run fixed 20-scenario v23 counterfactual",C:\robotics_sim\wlr_robot\resume_validation_fsm_residual_ppo\runs\ppo_without_com\development\method-B-v23-v19checkpoint_seed-11_stage-50mm_development_counterfactual_smoke_attempt001\diagnosis.md
2026-07-30T07:06:46.000Z,ppo_B_v23_v19checkpoint_seed11_50mm_counterfactual_attempt001,ppo_B_v23_v19checkpoint_seed11_50mm_counterfactual_smoke_attempt001,PPO_RUNTIME_COUNTERFACTUAL,B,11,"positive-roll pure-roll correction rescues front-right collapse while preserving all nominal and 0009 trajectories","all 20 fixed 50 mm development scenarios; unchanged v19 checkpoint; deterministic action","frozen artifacts; v23 runtime; fixed checkpoint and development manifest","reach >=16/20; retain all 12 FSM successes and 0009; exercise early/latch and phase10 pure roll; zero unauthorized rows","13/20; unchanged v19 success set; six collisions and one timeout; 876 authorized nonzero rows including 863 exact 3 mm pure-roll rows; all seven failures share [FL top, FR not, RL not, RR top]; result SHA256 3e360e5acc0c8ae990a22728be14e1b8263d962ae097982240a10718b03436a4",FAIL,"prohibit v23 training; pre-register a front-right/rear-left-only diagonal correction leaving the supported diagonal unchanged",C:\robotics_sim\wlr_robot\resume_validation_fsm_residual_ppo\runs\ppo_without_com\development\method-B-v23-v19checkpoint_seed-11_stage-50mm_development_counterfactual_attempt001\diagnosis.md
2026-07-30T07:10:33.000Z,ppo_B_v24_front_right_rear_left_diagonal_registration,ppo_B_v23_v19checkpoint_seed11_50mm_counterfactual_attempt001,PPO_RUNTIME_REGISTRATION,B,11,"target only the universally deficient front-right/rear-left support diagonal while leaving the universally supported front-left/rear-right diagonal unchanged","unchanged v23 IMU gates/latch/drive/floor/gain; emergency z output [0,-1,+1,0]","frozen FSM/metrics/asset; v23 architecture/rewards/optimizer/randomization/budget/bounds; no locked-test access","smoke; restore; then >=16/20 with all 12 FSM successes plus 0009, early/latch and phase10 diagonal execution, zero violations","compilation and all 156 tests pass; raw/canonical config hashes 1a2116bceca376f03f3532047609d01ff15beb96f5e0742104015bd98ff7f07a / 2619274f812fe3e658d7765cc0b9728c87acd90fcdeb32901db7744dc7f8756d; no v24 Isaac result exists",REGISTERED,"run v24 real-Isaac training-entrypoint smoke",C:\robotics_sim\wlr_robot\resume_validation_fsm_residual_ppo\runs\diagnostics\v24_front_right_rear_left_diagonal_emergency_registration.md
2026-07-30T07:12:30.000Z,ppo_B_v24_seed11_50mm_smoke_attempt001,ppo_B_v24_front_right_rear_left_diagonal_registration,PPO_RUNTIME_SMOKE,B,11,"the registered v24 runtime implements exact front-right/rear-left-only emergency projection without disturbing the supported diagonal","one environment; full randomization; nominal, slow-pitch, high-roll, early roll/rate, latch/floor, phase-exit, and reset probes","frozen FSM/metrics/asset; registered v24 config/source","exact zero; phase8 climb/phase9 zero; phase8-10 [0,-,+,0]; 3 mm floor; exclusions; diagonal/balance/finite/reset checks","SMOKE_PASS; high-roll yielded [0,-0.6,+0.6,0]; small-drive floor yielded [0,-0.3,+0.3,0]; FL/RR exact zero; result SHA256 96476d592d1c97667d3dab67f50379bba21be9d365b5a6e9b97d90498b879c03",PASS,"restore explicit v19 final checkpoint under v24",C:\robotics_sim\wlr_robot\resume_validation_fsm_residual_ppo\runs\ppo_without_com\training\method-B-v24_seed-11_stage-50mm_smoke_attempt001\diagnosis.md
2026-07-30T07:16:00.000Z,ppo_B_v24_v19checkpoint_seed11_50mm_counterfactual_smoke_attempt001,ppo_B_v24_seed11_50mm_smoke_attempt001,PPO_CHECKPOINT_DEVELOPMENT_SMOKE,B,11,"the explicit v19 checkpoint restores completely under v24 while nominal roll/pitch keeps both physical gates inactive","one development scenario; deliberate 5 s timeout; 100 telemetry rows","frozen artifacts; v24 runtime; checkpoint 86cf826ee471afc67c65d538013a5f11c4a3600c405bab49193733be95ea242f","verify finite restore, exact provenance, exact nominal zero, and no stale latch","PASS; 100x122 fully finite; roll +0.00110 to +0.00645; pitch -0.02682 to -0.01302; policy max 0.0688752; executed/scaled exact zero; telemetry byte-identical to v23/v22 restores; result SHA256 3d3dc9cf6913f5ea3ff7a9009ddc0a3ffec7dd9fff676b1565f4aadba192009",PASS,"run fixed 20-scenario v24 counterfactual",C:\robotics_sim\wlr_robot\resume_validation_fsm_residual_ppo\runs\ppo_without_com\development\method-B-v24-v19checkpoint_seed-11_stage-50mm_development_counterfactual_smoke_attempt001\diagnosis.md
2026-07-30T07:59:32.000Z,ppo_B_v24_v19checkpoint_seed11_50mm_counterfactual_attempt001,ppo_B_v24_v19checkpoint_seed11_50mm_counterfactual_smoke_attempt001,PPO_RUNTIME_COUNTERFACTUAL,B,11,"the front-right/rear-left-only diagonal correction reaches the deficient support diagonal and rescues failures while preserving successes","all 20 fixed 50 mm development scenarios; unchanged v19 checkpoint; deterministic action","frozen artifacts; v24 runtime; fixed checkpoint and development manifest","reach >=16/20; retain all 12 FSM successes and 0009; exercise physically realized early/latch and phase10 diagonal correction; zero violations","13/20; unchanged v23 success set and byte-identical episodes; 876 authorized action rows, but all 863 diagonal rows fail rear-left IK and the coupled all-leg fallback cancels every corrective target; result SHA256 e70464760abdbe2e73e22da16afab7ba11979b764aa3c86e671dae03514a0d32",FAIL,"prohibit v24 training; freeze and register an IK-feasible front-right-only [0,-1,0,0] emergency with final-target realization smoke",C:\robotics_sim\wlr_robot\resume_validation_fsm_residual_ppo\runs\ppo_without_com\development\method-B-v24-v19checkpoint_seed-11_stage-50mm_development_counterfactual_attempt001\diagnosis.md
2026-07-30T08:05:00.000Z,ppo_B_v25_front_right_only_ik_feasible_registration,ppo_B_v24_v19checkpoint_seed11_50mm_counterfactual_attempt001,PPO_RUNTIME_REGISTRATION,B,11,"retain the valid front-right request but remove the universally IK-invalid rear-left request so the existing coupled safety branch physically realizes the collision-targeting correction","unchanged v24 gates/latch/drive/floor/gain; emergency z output [0,-1,0,0]; final-target realization smoke added","frozen FSM/metrics/asset; v24 architecture/rewards/optimizer/randomization/budget/bounds; no locked-test access","smoke proves exact action and final target/servo realization; restore; then >=16/20 with all 12 FSM successes plus 0009 and zero violations","frozen v24 replay gives 863/863 all-leg IK-valid candidate rows; compilation and all 157 tests pass; raw/canonical config hashes ff56415597dd45fbe9c755c68c44b7332735638dab0bd27d76b7f9bd81ab8f58 / 261a31c92a3d8e5d39309a86a944e42de4a9a04854c200883dbe1d61cb808653; no v25 Isaac result exists",REGISTERED,"run v25 real-Isaac action and final-target realization smoke",C:\robotics_sim\wlr_robot\resume_validation_fsm_residual_ppo\runs\diagnostics\v25_front_right_only_ik_feasible_emergency_registration.md
2026-07-30T08:08:00.000Z,ppo_B_v25_seed11_50mm_smoke_attempt001,ppo_B_v25_front_right_only_ik_feasible_registration,PPO_RUNTIME_REALIZATION_SMOKE,B,11,"the registered front-right-only floor action is IK-valid and changes final wheel-center/servo targets in real Isaac","one environment; initial standing reference with manually assigned phase; action and final-target probes","frozen artifacts; registered v25 runtime/config","exact [0,-0.3,0,0], unchanged IK-invalid count, nonzero final front-right wheel-center/servo change, independent direction probe","SMOKE_FAIL; action request exact but IK-invalid count +1 and final target/servo change zero; phase loop also used stale small probe and failed its independent 0.6 expectation; result SHA256 45ddc0b79ed69876663e2797fedb3e16f258eb004ee9f3befcfc502153ce827d",FAIL,"do not restore or evaluate; re-register a smoke-only correction using the actual held phase-8 reference and reset the independent probe action",C:\robotics_sim\wlr_robot\resume_validation_fsm_residual_ppo\runs\ppo_without_com\training\method-B-v25_seed-11_stage-50mm_smoke_attempt001\diagnosis.md
2026-07-30T08:11:00.000Z,ppo_B_v25_1_realization_smoke_harness_correction,ppo_B_v25_seed11_50mm_smoke_attempt001,PPO_SMOKE_HARNESS_REGISTRATION,B,11,"the realization probe must use the live held phase-8 reference and independent action state to test the registered runtime rather than an initial-standing surrogate","sample live phase8 upper reference; zero baseline; per-leg IK/final target/servo diagnostics; restore high-drive probe before direction loop","all registered v25 runtime/config/source except train smoke harness; no locked-test access","repeat smoke separates physical realization from direction structure and passes both","compilation and all 157 tests pass; unchanged raw/canonical config hashes ff56415597dd45fbe9c755c68c44b7332735638dab0bd27d76b7f9bd81ab8f58 / 261a31c92a3d8e5d39309a86a944e42de4a9a04854c200883dbe1d61cb808653; corrected train source SHA256 18f4bc0cfcd4d2d8712ffdd7afb7711511c4c3c68f462e066e31b42dde81ea51",REGISTERED,"run v25 real-Isaac realization smoke attempt002",C:\robotics_sim\wlr_robot\resume_validation_fsm_residual_ppo\runs\diagnostics\v25_1_realization_smoke_harness_correction.md
2026-07-30T08:13:00.000Z,ppo_B_v25_seed11_50mm_smoke_attempt002,ppo_B_v25_1_realization_smoke_harness_correction,PPO_RUNTIME_REALIZATION_SMOKE,B,11,"the registered front-right-only floor action is IK-valid and changes final wheel-center/servo targets at the live held phase-8 reference","one environment; live phase8 upper reference; zero baseline; floor/high-drive/early/latch/phase/reset probes","frozen artifacts; registered v25 runtime/config and v25.1 harness","exact [0,-0.3,0,0]; all-leg IK valid; unchanged invalid count; exact -3 mm final front-right target; nonzero servo change; all structural checks","SMOKE_PASS; phase8 progress 0.87999898; IK [true,true,true,true]; request/final front-right z -0.0029999986 m; servo delta 0.01647520 rad; result SHA256 93d939290c18b77240a9f31221bde0a5ddcd84c9b2025178f1691de104ecce07",PASS,"restore explicit v19 final checkpoint under v25",C:\robotics_sim\wlr_robot\resume_validation_fsm_residual_ppo\runs\ppo_without_com\training\method-B-v25_seed-11_stage-50mm_smoke_attempt002\diagnosis.md
2026-07-30T08:15:00.000Z,ppo_B_v25_v19checkpoint_seed11_50mm_counterfactual_smoke_attempt001,ppo_B_v25_seed11_50mm_smoke_attempt002,PPO_CHECKPOINT_DEVELOPMENT_SMOKE,B,11,"the explicit v19 checkpoint restores under v25 with nominal exact-zero execution and canonical byte-stable telemetry","one development scenario; deliberate 5 s timeout; mistakenly record_stride 1; 299 telemetry rows","frozen artifacts; registered v25 runtime; exact v19 checkpoint","finite restore, exact provenance, exact nominal zero, and canonical 100x122 byte comparison","CONTENT_PASS/PROTOCOL_MISMATCH; 299x122 finite except two margin NaNs; execution exact zero; joining canonical 0.05 s samples gives 100/100 rows and all 122 columns bit-exact to v24; result SHA256 5859d770094cb5023bba28eadcf9a23f5e832d230fbfcfa656a0067f25abf432",REPEAT,"retain attempt; repeat in new directory with canonical record_stride 3",C:\robotics_sim\wlr_robot\resume_validation_fsm_residual_ppo\runs\ppo_without_com\development\method-B-v25-v19checkpoint_seed-11_stage-50mm_development_counterfactual_smoke_attempt001\diagnosis.md
2026-07-30T08:17:00.000Z,ppo_B_v25_v19checkpoint_seed11_50mm_counterfactual_smoke_attempt002,ppo_B_v25_v19checkpoint_seed11_50mm_counterfactual_smoke_attempt001,PPO_CHECKPOINT_DEVELOPMENT_SMOKE,B,11,"the explicit v19 checkpoint restores under v25 with canonical byte-stable nominal exact-zero telemetry","one development scenario; deliberate 5 s timeout; record_stride 3; 100 telemetry rows","frozen artifacts; registered v25 runtime; exact v19 checkpoint","finite restore, exact provenance, exact nominal zero, byte-identical prior restore","PASS; 100x122 fully finite; roll +0.00110 to +0.00645; pitch -0.02682 to -0.01302; policy max 0.0688752; executed/scaled exact zero; telemetry byte-identical to v24/v23/v22; result SHA256 004bd2c82235b22e33e273fcd924a198190351856e47ea209f0169a164c2f85e",PASS,"run fixed 20-scenario v25 counterfactual",C:\robotics_sim\wlr_robot\resume_validation_fsm_residual_ppo\runs\ppo_without_com\development\method-B-v25-v19checkpoint_seed-11_stage-50mm_development_counterfactual_smoke_attempt002\diagnosis.md
2026-07-30T08:54:01.000Z,ppo_B_v25_v19checkpoint_seed11_50mm_counterfactual_attempt001,ppo_B_v25_v19checkpoint_seed11_50mm_counterfactual_smoke_attempt002,PPO_RUNTIME_COUNTERFACTUAL,B,11,"the IK-feasible front-right-only correction physically restores the collision-side support and rescues failures while preserving all successes","all 20 fixed 50 mm development scenarios; unchanged v19 checkpoint; deterministic action","frozen artifacts; v25 runtime; fixed checkpoint and development manifest","reach >=16/20; retain all 12 FSM successes and 0009; physically realize corrections; zero violations","13/20; unchanged success set; five collisions/two timeouts; all 1602 front-right floor rows physically realized with zero rollback; 0008/0013 delayed to timeout but no rescue; result SHA256 5b3ed2142b2b61dcfb8698ad6845c218df25b5a2cae6affb3f14e5159b33581c",FAIL,"prohibit v25 training; freeze and register asymmetric [0,-1,+0.8,0] using measured >=0.300939 mm rear-left IK margin",C:\robotics_sim\wlr_robot\resume_validation_fsm_residual_ppo\runs\ppo_without_com\development\method-B-v25-v19checkpoint_seed-11_stage-50mm_development_counterfactual_attempt001\diagnosis.md
2026-07-30T09:02:00.000Z,ppo_B_v26_asymmetric_diagonal_ik_margin_registration,ppo_B_v25_v19checkpoint_seed11_50mm_counterfactual_attempt001,PPO_RUNTIME_REGISTRATION,B,11,"restore the persistently missing rear-left support without reintroducing the universally invalid 3 mm request by scaling that leg within measured IK margin","unchanged v25 gates/latch/drive/floor/gain; emergency signs [0,-1,+1,0] with scales [0,1,0.8,0], yielding [0,-3.0mm,+2.4mm,0]","frozen FSM/metrics/asset; v25 architecture/rewards/optimizer/randomization/budget/bounds; no locked-test access","smoke proves exact asymmetric action and two-leg final-target/servo realization; restore; then >=16/20 with all 12 FSM successes plus 0009 and zero violations","frozen reconstruction validates rear-left +2.4mm on all 1602 v25 and 863 v24 source rows with >=0.300939mm margin; compilation and all 159 tests pass; raw/canonical config hashes 9b44b5bc0ad147f537f4a43f75f174bd2bfe8bd117a424270101c9b992967dde / ce653e1d195b3877f3d1beb1bcce25103961e69c8da2d9308a17248e3c84f939; no v26 Isaac result exists",REGISTERED,"run v26 real-Isaac asymmetric action and two-leg realization smoke",C:\robotics_sim\wlr_robot\resume_validation_fsm_residual_ppo\runs\diagnostics\v26_asymmetric_diagonal_ik_margin_emergency_registration.md
2026-07-30T09:05:00.000Z,ppo_B_v26_seed11_50mm_smoke_attempt001,ppo_B_v26_asymmetric_diagonal_ik_margin_registration,PPO_RUNTIME_REALIZATION_SMOKE,B,11,"the registered asymmetric floor action is all-leg IK-valid and physically changes both deficient-diagonal wheel-center and servo targets in real Isaac","one environment; full randomization; live held phase8 reference plus nominal, high-drive, slow-pitch, roll/rate, latch/floor, phase-exit, terminal, and reset probes","frozen artifacts; registered v26 runtime/config","exact [0,-0.3,+0.24,0] floor; all-leg IK; exact two-leg requests; final target and servo realization; all runtime audits pass","SMOKE_PASS; requested/final FR -2.9999986/-2.9999986mm and RL +2.4000034/+2.3999885mm; IK [true,true,true,true], rollback delta 0; servo changes 0.01647520/0.01590106rad; result SHA256 c7ba6128b005ac7ff366934756883494dfcaab20bc96e3224b8181603a65581d",PASS,"restore explicit v19 final checkpoint under v26 with canonical stride3",C:\robotics_sim\wlr_robot\resume_validation_fsm_residual_ppo\runs\ppo_without_com\training\method-B-v26_seed-11_stage-50mm_smoke_attempt001\diagnosis.md
2026-07-30T09:08:00.000Z,ppo_B_v26_v19checkpoint_seed11_50mm_counterfactual_smoke_attempt001,ppo_B_v26_seed11_50mm_smoke_attempt001,PPO_CHECKPOINT_DEVELOPMENT_SMOKE,B,11,"the explicit v19 checkpoint restores completely under v26 while nominal roll/pitch keeps both physical branches inactive","one development scenario; deliberate 5 s timeout; record_stride 3; 100 telemetry rows","frozen artifacts; v26 runtime; checkpoint 86cf826ee471afc67c65d538013a5f11c4a3600c405bab49193733be95ea242f","finite restore, exact provenance, exact nominal zero, byte-identical prior restore","PASS; 100x122 fully finite; roll +0.00110 to +0.00645, pitch -0.02682 to -0.01302; policy max 0.0688752; executed/scaled exact zero; telemetry byte-identical to v25/v24/v23/v22; result SHA256 d99c5606302daeecb413005b11d46d41cef3498d1613d3343c3afb6583817c76",PASS,"run fixed 20-scenario v26 counterfactual",C:\robotics_sim\wlr_robot\resume_validation_fsm_residual_ppo\runs\ppo_without_com\development\method-B-v26-v19checkpoint_seed-11_stage-50mm_development_counterfactual_smoke_attempt001\diagnosis.md
2026-07-30T09:42:00.000Z,ppo_B_v26_v19checkpoint_seed11_50mm_counterfactual_attempt001,ppo_B_v26_v19checkpoint_seed11_50mm_counterfactual_smoke_attempt001,PPO_RUNTIME_COUNTERFACTUAL,B,11,"the asymmetric IK-margin correction restores rear-left support while preserving the physically effective front-right extension and all successes","all 20 fixed 50 mm development scenarios; unchanged v19 checkpoint; deterministic action","frozen artifacts; v26 runtime; fixed checkpoint and development manifest","reach >=16/20; retain all 12 FSM successes and 0009; physically realize [0,-3mm,+2.4mm,0]; zero violations","13/20; exact prior success set; all seven failures are front_right_bot collisions; 133 emergency rows and 13 climb rows are authorized and physically realized with zero rollback; successful 34800x122 histories are exact v25/v24; result SHA256 1a51083dd038e4f78ef8f05476b14607b5b226d716606affee1531e8dc7d1efb",FAIL,"prohibit v26 training; freeze offline v27 analysis for downward extension of both deficient diagonal legs",C:\robotics_sim\wlr_robot\resume_validation_fsm_residual_ppo\runs\ppo_without_com\development\method-B-v26-v19checkpoint_seed-11_stage-50mm_development_counterfactual_attempt001\diagnosis.md
2026-07-30T09:42:01.000Z,ppo_B_v27_deficient_diagonal_downward_precode_analysis,ppo_B_v26_v19checkpoint_seed11_50mm_counterfactual_attempt001,PPO_PRECODE_ANALYSIS,B,11,"v26 fails because rear-left positive z retracts an already missing support leg; downward extension of both front-right and rear-left may preserve v25 delay and restore the missing diagonal","offline reconstruction of [0,-3mm,-3mm,0] using frozen v25/v26 requested targets, actual reference commands, inferred standing pose, calibrated 2R IK, and recorded safe joint limits","no runtime/config/source change; frozen artifacts and manifests; no locked-test access","all-leg IK valid on every source row with positive joint margin and full 10mm-bound feasibility before registration","candidate valid 1602/1602 v25 rows and 146/146 v26 rows at rear-left -3mm and through -10mm; RL joint margin >=0.0359745rad; candidate has 7mm margin to registered z bound",PASS,"register runtime-v27 before any v27 Isaac execution; keep training prohibited pending smoke/restore/>=16 of 20",C:\robotics_sim\wlr_robot\resume_validation_fsm_residual_ppo\runs\diagnostics\v27_deficient_diagonal_downward_support_analysis.json
2026-07-30T09:47:00.000Z,ppo_B_v27_deficient_diagonal_downward_registration,ppo_B_v27_deficient_diagonal_downward_precode_analysis,PPO_RUNTIME_REGISTRATION,B,11,"extend both universally deficient support legs downward while preserving the v25 front-right benefit and avoiding v26 rear-left retraction","unchanged v26 gates/latch/shared-drive/floor/gain; emergency signs [0,-1,-1,0] with scales [0,1,1,0], yielding [0,-3mm,-3mm,0]","frozen FSM/metrics/asset; v26 architecture/rewards/optimizer/randomization/budget/bounds; no locked-test access","smoke proves exact downward action and two-leg final-target/servo realization; restore; then >=16/20 with all 12 FSM successes plus 0009 and zero violations","pre-code candidate is all-leg valid on 1602/1602 v25 and 146/146 v26 source rows through -10mm; compilation and all 160 tests pass; raw/canonical config hashes 676dd4a014fbf0355850fd623fdf20af144fa5c065d5cae6991e12690257a6d6 / 3b652b1c9e2bcb9c19e9cafdcdb8b689c546ea168200b2f92e0c57dc1154af0c; no v27 Isaac result exists",REGISTERED,"run v27 real-Isaac deficient-diagonal downward action and realization smoke",C:\robotics_sim\wlr_robot\resume_validation_fsm_residual_ppo\runs\diagnostics\v27_deficient_diagonal_downward_support_emergency_registration.md
2026-07-30T09:49:00.000Z,ppo_B_v27_seed11_50mm_smoke_attempt001,ppo_B_v27_deficient_diagonal_downward_registration,PPO_RUNTIME_REALIZATION_SMOKE,B,11,"the registered downward deficient-diagonal floor is all-leg IK-valid and physically extends both target legs in real Isaac","one environment; full randomization; live phase8 reference plus complete runtime probe suite","frozen artifacts; registered v27 runtime/config","exact [0,-0.3,-0.3,0], all-leg IK, exact two-leg requests/final targets, nonzero two-leg servos, all audits pass","SMOKE_PASS; requested/final FR and RL both -2.9999986mm; IK all true and invalid delta 0; servo changes 0.01647520/0.01961753rad; result SHA256 e7b705fa11ed6214fe8427e751d28f37103195af178fb4ad348907eed3cffb55",PASS,"restore explicit v19 final checkpoint under v27 with canonical stride3",C:\robotics_sim\wlr_robot\resume_validation_fsm_residual_ppo\runs\ppo_without_com\training\method-B-v27_seed-11_stage-50mm_smoke_attempt001\diagnosis.md
2026-07-30T09:51:00.000Z,ppo_B_v27_v19checkpoint_seed11_50mm_counterfactual_smoke_attempt001,ppo_B_v27_seed11_50mm_smoke_attempt001,PPO_CHECKPOINT_DEVELOPMENT_SMOKE,B,11,"the explicit v19 checkpoint restores completely under v27 while nominal IMU state keeps correction inactive","one development scenario; deliberate 5 s timeout; canonical record_stride 3","frozen artifacts; v27 runtime; exact v19 checkpoint","finite exact-provenance restore, nominal exact zero, byte-identical canonical telemetry","PASS; 100x122 fully finite exact-zero telemetry SHA256 6418d01f48a446e0c929c18ae76aba994782f7eadb5147407857ee14c98801a9, byte-identical to v26/v25/v24/v23/v22; result SHA256 707889e41316725f30055d65b6e6ceaf1efbe4ac204074fd809c0be661fe3fc3",PASS,"run fixed 20-scenario v27 counterfactual",C:\robotics_sim\wlr_robot\resume_validation_fsm_residual_ppo\runs\ppo_without_com\development\method-B-v27-v19checkpoint_seed-11_stage-50mm_development_counterfactual_smoke_attempt001\diagnosis.md
2026-07-30T10:27:00.000Z,ppo_B_v27_v19checkpoint_seed11_50mm_counterfactual_attempt001,ppo_B_v27_v19checkpoint_seed11_50mm_counterfactual_smoke_attempt001,PPO_RUNTIME_COUNTERFACTUAL,B,11,"downward extension of both deficient legs converts v26 collisions into formal successes while preserving all existing successes","all 20 fixed 50 mm development scenarios; unchanged v19 checkpoint; deterministic action","frozen artifacts; v27 runtime; fixed checkpoint and development manifest","reach >=16/20; retain all prior successes; physically realize -3mm/-3mm; zero violations","13/20; exact prior success set; collisions reduce 7 to 3 and scenarios 0005/0008/0013/0017 reach phase9 timeout; 3267/3269 emergency rows physically realized, two late scenario-0003 rows fail closed; result SHA256 e19c8042e8405c8f6d6efb38acf37c0fd2d03cb5b537fbbdeb8b8ff137f902af",FAIL,"prohibit v27 training; freeze 6mm downward floor candidate within 10mm hard bound",C:\robotics_sim\wlr_robot\resume_validation_fsm_residual_ppo\runs\ppo_without_com\development\method-B-v27-v19checkpoint_seed-11_stage-50mm_development_counterfactual_attempt001\diagnosis.md
2026-07-30T10:27:01.000Z,ppo_B_v28_six_mm_downward_precode_analysis,ppo_B_v27_v19checkpoint_seed11_50mm_counterfactual_attempt001,PPO_PRECODE_ANALYSIS,B,11,"v27 proves the direction and delays four failures to phase9 timeout; doubling bounded authority may establish strict FR/RL support","offline reconstruction of unchanged [0,-1,-1,0] with corrective floor 0.2, gain3, and 6mm physical authority","no runtime/config/source change; frozen artifacts and manifests; no locked-test access","all previously valid source rows remain all-leg valid; no new invalid row; retain 4mm hard-bound margin","valid 1602/1602 v25, 146/146 v26, and 3280/3282 v27 source rows; only the two already invalid late v27 rows remain invalid; FR/RL valid-row joint margins >=0.15512/0.053832rad",PASS,"register runtime-v28 before any v28 Isaac execution; keep training prohibited pending smoke/restore/>=16 of 20",C:\robotics_sim\wlr_robot\resume_validation_fsm_residual_ppo\runs\diagnostics\v28_six_mm_deficient_diagonal_downward_analysis.json
2026-07-30T10:29:00.000Z,ppo_B_v28_six_mm_downward_registration,ppo_B_v28_six_mm_downward_precode_analysis,PPO_RUNTIME_REGISTRATION,B,11,"increase proven downward authority enough to convert v27 phase9 timeouts into strict full-support transitions","corrective floor 0.1->0.2; unchanged signs/scales/gain/bound, yielding [0,-6mm,-6mm,0]","frozen FSM/metrics/asset; v27 gates/model/rewards/optimizer/randomization/budget; no locked-test access","6mm realization smoke; exact restore; then >=16/20 with all existing successes and zero violations","compilation and all 160 tests pass; raw/canonical hashes 71edd8326fbe9507dc6c34cc35abd1a3058a067d183b981a465a31483c44de5c / c9193a5a1bf795a49dc26bacf31acfe316461c0406a12d652c6b634788832f1e; no v28 Isaac result exists",REGISTERED,"run v28 real-Isaac 6mm two-leg realization smoke",C:\robotics_sim\wlr_robot\resume_validation_fsm_residual_ppo\runs\diagnostics\v28_six_mm_deficient_diagonal_downward_support_registration.md
2026-07-30T10:31:00.000Z,ppo_B_v28_seed11_50mm_smoke_attempt001,ppo_B_v28_six_mm_downward_registration,PPO_RUNTIME_REALIZATION_SMOKE,B,11,"the registered 6mm deficient-diagonal floor is all-leg valid and physically realized","one environment; full randomization; complete runtime probe suite","frozen artifacts; registered v28 runtime/config","exact [0,-0.6,-0.6,0], exact two-leg 6mm realization, all audits pass","SMOKE_PASS; requested FR/RL -6.000001/-5.999997mm, final both -6.000005mm; IK all true, invalid delta0; servo changes 0.03307688/0.03896400rad; result cba0cc69ae5660dd58811a98c7ba4fa23c4f793e571e95d5b755dec9763d53e6",PASS,"restore exact v19 checkpoint under v28",C:\robotics_sim\wlr_robot\resume_validation_fsm_residual_ppo\runs\ppo_without_com\training\method-B-v28_seed-11_stage-50mm_smoke_attempt001\diagnosis.md
2026-07-30T10:33:00.000Z,ppo_B_v28_v19checkpoint_seed11_50mm_counterfactual_smoke_attempt001,ppo_B_v28_seed11_50mm_smoke_attempt001,PPO_CHECKPOINT_DEVELOPMENT_SMOKE,B,11,"the exact v19 checkpoint remains nominally zero under the stronger floor","one development scenario; deliberate 5s timeout; canonical stride3","frozen artifacts; v28 runtime; exact v19 checkpoint","exact provenance and byte-stable 100x122 exact-zero telemetry","PASS; effective floor0.2; telemetry SHA256 6418d01f48a446e0c929c18ae76aba994782f7eadb5147407857ee14c98801a9; result 0ddb8aa62bb5f8ac0d55cf406892ac860fe9e14dcf6cd42440d2d15cb1c033fa",PASS,"run fixed 20-scenario v28 counterfactual",C:\robotics_sim\wlr_robot\resume_validation_fsm_residual_ppo\runs\ppo_without_com\development\method-B-v28-v19checkpoint_seed-11_stage-50mm_development_counterfactual_smoke_attempt001\diagnosis.md
2026-07-30T11:00:00.000Z,ppo_B_v28_v19checkpoint_seed11_50mm_counterfactual_attempt001,ppo_B_v28_v19checkpoint_seed11_50mm_counterfactual_smoke_attempt001,PPO_RUNTIME_COUNTERFACTUAL,B,11,"6mm deficient-diagonal authority converts the four v27 phase9 timeouts into formal successes while preserving all existing successes","all 20 fixed 50mm development scenarios; unchanged v19 checkpoint; deterministic action","frozen artifacts; v28 runtime; fixed checkpoint and development manifest","reach >=16/20; retain all prior successes; physically realize -6mm/-6mm; zero violations","13/20; exact prior success set; all seven failures collide and the four v27 timeouts collide at 107.50/108.85/112.60/122.45s; 525/527 emergency rows physically realized with only the same two late scenario-0003 rollbacks; result SHA256 66189d2cb98a955fc20f95397a32635c86ee7ec05534aa774de6d69ad43c8b03",FAIL,"prohibit v28 training; freeze phase-selective 3/4/3mm v29 candidate",C:\robotics_sim\wlr_robot\resume_validation_fsm_residual_ppo\runs\ppo_without_com\development\method-B-v28-v19checkpoint_seed-11_stage-50mm_development_counterfactual_attempt001\diagnosis.md
2026-07-30T11:03:00.000Z,ppo_B_v29_phase9_four_mm_precode_analysis,ppo_B_v28_v19checkpoint_seed11_50mm_counterfactual_attempt001,PPO_PRECODE_ANALYSIS,B,11,"preserve the useful v27 3mm phase8 trajectory and apply the smallest additional authority only after the four delayed cases enter phase9","phase gains [3,4,3] with corrective floor0.1 and unchanged signs/scales; physical floors 3/4/3mm in phases8/9/10","no runtime/config/source change; frozen artifacts and manifests; no locked-test access","all changed v27 phase9 rows remain all-leg IK-valid with positive safe-joint margin","2524/2524 reconstructed rows valid; exactly 631 rows for each of environments 5/8/13/17; FR/RL minimum safe-joint margins 0.141975/0.068788rad; phase9 retains 6mm hard-bound margin",PASS,"register runtime-v29 before any v29 Isaac execution; keep training prohibited pending smoke/restore/>=16 of 20",C:\robotics_sim\wlr_robot\resume_validation_fsm_residual_ppo\runs\diagnostics\v29_phase9_four_mm_deficient_diagonal_analysis.json
2026-07-30T11:06:00.000Z,ppo_B_v29_phase9_four_mm_registration,ppo_B_v29_phase9_four_mm_precode_analysis,PPO_RUNTIME_REGISTRATION,B,11,"phase-selective authority preserves v27 phase8 survival while adding only the minimum represented phase9 support correction","floor0.1 and phase gains [3,4,3]; unchanged signs/scales; physical emergency floors 3/4/3mm in phases8/9/10","frozen FSM/metrics/asset; v28 gates/model/rewards/optimizer/randomization/budget; no locked-test access","3/4/3mm phase-selective realization smoke; exact restore; then >=16/20 with all existing successes and zero violations","compilation and all 160 tests pass; raw/canonical hashes 8b312f720489b9b44f38215652235331fe77083190837225441b5f7568b18fc1 / d9df8b9227762aeb7c3da169c539c9afbfc18c7f6446c984049974d8d799090c; no v29 Isaac result exists",REGISTERED,"run v29 real-Isaac phase-selective realization smoke",C:\robotics_sim\wlr_robot\resume_validation_fsm_residual_ppo\runs\diagnostics\v29_phase9_four_mm_deficient_diagonal_registration.md
2026-07-30T11:08:00.000Z,ppo_B_v29_seed11_50mm_smoke_attempt001,ppo_B_v29_phase9_four_mm_registration,PPO_RUNTIME_REALIZATION_SMOKE,B,11,"the registered phase-selective candidate is all-leg valid and physically realizes its minimum floor in every enabled phase","one environment; full randomization; v29 runtime preflight","frozen artifacts; registered v29 runtime/config","exact 3/4/3mm floor action and realization; all audits pass","internal SMOKE_PASS; high-drive projection 6/8/6mm and phase8 floor exact 3mm; all-leg IK true and rollback0; audit directly realizes only phase8 minimum floor, so phase9/10 floor coverage is incomplete; result ecd63bea90ce8e21b82b459b51b4c5479e46b085c50c4d262146e9477dc9f4ac",INCOMPLETE,"amend preflight-only audit and repeat in a new directory",C:\robotics_sim\wlr_robot\resume_validation_fsm_residual_ppo\runs\ppo_without_com\training\method-B-v29_seed-11_stage-50mm_smoke_attempt001\diagnosis.md
2026-07-30T11:10:00.000Z,ppo_B_v29_phase_selective_floor_smoke_audit_amendment,ppo_B_v29_seed11_50mm_smoke_attempt001,PPO_RUNTIME_AUDIT_AMENDMENT,B,11,"a sub-floor probe in each enabled phase closes the attempt001 realization coverage gap","preflight records and requires exact per-phase applied/requested/final floor deltas plus IK and rollback audit","runtime/config/gates/model/rewards/optimizer/randomization/budget/manifests unchanged; no locked-test access","attempt002 proves exact 3/4/3mm physical floor realization","preflight-only train source hash c6469a6e... -> 99b2aba7...; compilation and all 160 tests pass; no attempt002 Isaac result exists",REGISTERED,"run v29 realization smoke attempt002",C:\robotics_sim\wlr_robot\resume_validation_fsm_residual_ppo\runs\diagnostics\v29_phase_selective_floor_smoke_audit_amendment.md
2026-07-30T11:13:00.000Z,ppo_B_v29_seed11_50mm_smoke_attempt002,ppo_B_v29_phase_selective_floor_smoke_audit_amendment,PPO_RUNTIME_REALIZATION_SMOKE,B,11,"the registered phase-selective candidate physically realizes its exact minimum floor in every enabled phase","one environment; full randomization; amended complete runtime probe suite","frozen artifacts; registered v29 runtime/config; preflight-only audit amendment","exact 3/4/3mm floor applied/requested/final; all-leg IK; zero rollback; all audits pass","SMOKE_PASS; normalized FR/RL actions -0.3/-0.4/-0.3; requests -2.999999/-4.000001/-2.999999mm and final error <2.24e-8m; all phase IK true and rollback increments0; result d8be7d77dc7ddd4b112ba6d0f5b4e0cdd08411ed63bdf42dea32963625c7df85",PASS,"restore explicit v19 final checkpoint under v29 with canonical stride3",C:\robotics_sim\wlr_robot\resume_validation_fsm_residual_ppo\runs\ppo_without_com\training\method-B-v29_seed-11_stage-50mm_smoke_attempt002\diagnosis.md
2026-07-30T11:16:00.000Z,ppo_B_v29_v19checkpoint_seed11_50mm_counterfactual_smoke_attempt001,ppo_B_v29_seed11_50mm_smoke_attempt002,PPO_CHECKPOINT_DEVELOPMENT_SMOKE,B,11,"the explicit v19 checkpoint restores completely under v29 while nominal IMU state keeps correction inactive","one development scenario; deliberate 5s timeout; canonical record_stride3","frozen artifacts; v29 runtime; exact v19 checkpoint","finite exact-provenance restore; nominal exact zero; byte-identical canonical telemetry","PASS; 100x122 finite exact-zero telemetry SHA256 6418d01f48a446e0c929c18ae76aba994782f7eadb5147407857ee14c98801a9, byte-identical to v22-v28; result SHA256 33f301cbdc6109614a9ea4008214adcddf1cefa85e6524ec003773bfb5c6bf08",PASS,"run fixed 20-scenario v29 counterfactual",C:\robotics_sim\wlr_robot\resume_validation_fsm_residual_ppo\runs\ppo_without_com\development\method-B-v29-v19checkpoint_seed-11_stage-50mm_development_counterfactual_smoke_attempt001\diagnosis.md
2026-07-30T11:52:00.000Z,ppo_B_v29_v19checkpoint_seed11_50mm_counterfactual_attempt001,ppo_B_v29_v19checkpoint_seed11_50mm_counterfactual_smoke_attempt001,PPO_RUNTIME_COUNTERFACTUAL,B,11,"phase9 4mm vertical authority converts at least three v27 timeouts into strict support while preserving all successes","all 20 fixed 50mm development scenarios; unchanged v19 checkpoint; deterministic action","frozen artifacts; v29 runtime; fixed checkpoint and development manifest","reach >=16/20; exact success preservation; physically realize 3/4/3mm floors; zero violations","13/20 with exact prior success set; 3 collisions plus the same 4 phase9 timeouts; 2524/2524 changed 4mm rows physically realized with zero new rollback; result SHA256 ef79b219269c11645c912a8864f042a3644fae0f6a613ad07ae612af42c10023",FAIL,"prohibit v29 training; diagnose formal geometry and freeze phase9 counter-yaw candidate",C:\robotics_sim\wlr_robot\resume_validation_fsm_residual_ppo\runs\ppo_without_com\development\method-B-v29-v19checkpoint_seed-11_stage-50mm_development_counterfactual_attempt001\diagnosis.md
2026-07-30T11:55:00.000Z,ppo_B_v30_phase9_counter_yaw_precode_analysis,ppo_B_v29_v19checkpoint_seed11_50mm_counterfactual_attempt001,PPO_PRECODE_ANALYSIS,B,11,"direct phase9 skid-steer yaw authority corrects the measured negative-yaw footprint that vertical residuals cannot resolve","retain v29 z actions; add physical-forward wheel-speed signs [-1,+1,-1,+1] only for corrective phase9 rows, yielding floor +/-0.04rad/s","no runtime/config/source change; frozen artifacts/manifests; no locked-test access","directly oppose timeout yaw; preserve phase8 and all successes; remain within speed bound and leave IK unchanged","timeout phase9 start yaw -0.229..-0.278rad vs successes -0.065..-0.119rad; candidate has 0.06rad/s bound margin and ideal no-slip 0.315rad phase9 authority; only envs5/8/13/17 were corrective in v29 phase9",PASS,"register runtime-v30 before any v30 Isaac execution; require comprehensive realization/restore/>=16 of 20 gates",C:\robotics_sim\wlr_robot\resume_validation_fsm_residual_ppo\runs\diagnostics\v30_phase9_counter_yaw_analysis.json
2026-07-30T12:00:00.000Z,ppo_B_v30_phase9_counter_yaw_registration,ppo_B_v30_phase9_counter_yaw_precode_analysis,PPO_RUNTIME_REGISTRATION,B,11,"phase9 skid-steer authority directly counteracts the measured negative-yaw footprint without perturbing the proven phase8 trajectory","retain v29 3/4/3mm z floors; add physical-forward speed signs [-1,+1,-1,+1] only on corrective phase9 rows, floor +/-0.04rad/s","frozen FSM/metrics/asset; v29 IMU gates/model/rewards/optimizer/randomization/budget; no locked-test access","complete sign/mapping/phase-isolation/realization smoke; exact restore; then >=16/20 with all successes and zero violations","compilation and all 162 tests pass; raw/canonical config hashes 0b69563697b9d4b3962d0ee74ccb5536be11f324375349f25bacbc2888aa938b / 628d74b0eb679665240cfdf6fb2944cb8f35077655ada46329a9e208e118214e; no v30 Isaac result exists",REGISTERED,"run v30 real-Isaac composite realization smoke",C:\robotics_sim\wlr_robot\resume_validation_fsm_residual_ppo\runs\diagnostics\v30_phase9_counter_yaw_registration.md
2026-07-30T12:03:00.000Z,ppo_B_v30_seed11_50mm_smoke_attempt001,ppo_B_v30_phase9_counter_yaw_registration,PPO_RUNTIME_REALIZATION_SMOKE,B,11,"registered phase9 counter-yaw speeds survive all physical-forward and raw-actuator mappings while preserving z support","one environment; full randomization; complete composite runtime probe suite","frozen artifacts; registered v30 runtime/config","exact phase isolation, +/-0.04rad/s physical speed, raw mapping, 3/4/3mm z, all-leg IK, zero rollback","SMOKE_PASS; phase8/10 speeds exact zero; phase9 physical [-.040000003,+.040000003,-.040000003,+.040000003], physical command [-.039999992,+.039999992,-.039999992,+.039999992], raw target all +.039999992rad/s; IK all true and rollback0; result 2ae156db7ddcbe620f9c3ac70ac337cd37ae50de03e259a019778397a2c4c941",PASS,"restore exact v19 checkpoint under v30",C:\robotics_sim\wlr_robot\resume_validation_fsm_residual_ppo\runs\ppo_without_com\training\method-B-v30_seed-11_stage-50mm_smoke_attempt001\diagnosis.md
2026-07-30T12:06:00.000Z,ppo_B_v30_v19checkpoint_seed11_50mm_counterfactual_smoke_attempt001,ppo_B_v30_seed11_50mm_smoke_attempt001,PPO_CHECKPOINT_DEVELOPMENT_SMOKE,B,11,"the exact v19 checkpoint remains nominally zero under the composite counter-yaw projection","one development scenario; deliberate 5s timeout; canonical record_stride3","frozen artifacts; v30 runtime; exact v19 checkpoint","exact provenance and byte-stable 100x122 exact-zero wheel-center and wheel-speed telemetry","PASS; effective projection/signs/phase exact; telemetry SHA256 6418d01f48a446e0c929c18ae76aba994782f7eadb5147407857ee14c98801a9 byte-identical to v22-v29; result 98fbd0f93d2728828d464e5ed6e02d1f9f3de89ce8d0386e071e0b9c29e61324",PASS,"run fixed 20-scenario v30 counterfactual",C:\robotics_sim\wlr_robot\resume_validation_fsm_residual_ppo\runs\ppo_without_com\development\method-B-v30-v19checkpoint_seed-11_stage-50mm_development_counterfactual_smoke_attempt001\diagnosis.md
2026-07-30T12:36:00.000Z,ppo_B_v30_v19checkpoint_seed11_50mm_counterfactual_attempt001,ppo_B_v30_v19checkpoint_seed11_50mm_counterfactual_smoke_attempt001,PPO_RUNTIME_COUNTERFACTUAL,B,11,"phase9 +/-0.04rad/s counter-yaw rescues at least three timeouts while preserving exact existing successes","all 20 fixed 50mm development scenarios; unchanged v19 checkpoint; deterministic action","frozen artifacts; v30 runtime; fixed checkpoint and development manifest","reach >=16/20; exact success preservation; phase9-only speed authorization; zero violations","13/20 with unchanged 3 collisions and 4 phase9 timeouts; 2524 exact phase9-only speed rows; 45944 pre-phase9 rows and all 13 success trajectories exact v29; direction improves target yaw by 0.001719..0.009877rad but does not change contact topology; result 1a3d95b534fbd5b1a0c0061f5ac02508f01d600b67a7dd108603cc0df64584af",FAIL,"prohibit v30 training; freeze independent bound-speed v31 candidate",C:\robotics_sim\wlr_robot\resume_validation_fsm_residual_ppo\runs\diagnostics\v30_phase9_counter_yaw_postrun_analysis.json
2026-07-30T12:42:00.000Z,ppo_B_v31_phase9_bound_counter_yaw_registration,ppo_B_v30_v19checkpoint_seed11_50mm_counterfactual_attempt001,PPO_RUNTIME_REGISTRATION,B,11,"the measured-correct counter-yaw direction needs enough authority to overcome contact stiction while vertical support must remain unchanged","retain v30 gate/signs/phase and 3/4/3mm z; independent speed floor0.25 with phase9 gain4 gives exact +/-0.10rad/s bound","frozen FSM/metrics/asset/checkpoint/development manifest; v30 gates/model/rewards/optimizer/randomization/budget; no locked-test access","164 tests; exact bound-speed realization smoke; exact restore; then >=16/20 with all successes","registered before code/Isaac; raw/canonical config hashes 8b27e86cca58471424eb08e85d9d337b33ef588f779e68c4446e8bd98594638e / 855356646b94cbe31c4a709e7acfd3362e73df56d4db15ea4a19a0558840d557; compilation and 164/164 tests pass",REGISTERED,"run v31 real-Isaac composite smoke",C:\robotics_sim\wlr_robot\resume_validation_fsm_residual_ppo\runs\diagnostics\v31_phase9_bound_counter_yaw_registration.md
2026-07-30T12:48:00.000Z,ppo_B_v31_seed11_50mm_smoke_attempt001,ppo_B_v31_phase9_bound_counter_yaw_registration,PPO_RUNTIME_REALIZATION_SMOKE,B,11,"independent floor reaches the exact speed bound through all physical-forward/raw mappings without changing z or IK","one environment; full randomization; complete composite runtime probe suite","frozen artifacts; registered v31 runtime/config","phase8/10 exact-zero speed; phase9 exact +/-0.10rad/s; 3/4/3mm z; all-leg IK; zero rollback","SMOKE_PASS; physical speed [-.100000001,+.100000001,-.100000001,+.100000001], physical command [-.099999994,+.099999994,-.099999994,+.099999994], raw target all +.099999994rad/s; z/IK/rollback exact; result db0f2004065d94a2df3c30c45638b1429aaf9f30976b5e006b8558adf1479ad2",PASS,"restore exact v19 checkpoint under v31",C:\robotics_sim\wlr_robot\resume_validation_fsm_residual_ppo\runs\ppo_without_com\training\method-B-v31_seed-11_stage-50mm_smoke_attempt001\diagnosis.md
2026-07-30T12:51:00.000Z,ppo_B_v31_v19checkpoint_seed11_50mm_counterfactual_smoke_attempt001,ppo_B_v31_seed11_50mm_smoke_attempt001,PPO_CHECKPOINT_DEVELOPMENT_SMOKE,B,11,"the exact v19 checkpoint remains nominally zero under independent bound-speed projection","one development scenario; deliberate 5s timeout; canonical record_stride3","frozen artifacts; v31 runtime; exact v19 checkpoint","exact provenance and byte-stable 100x122 exact-zero wheel-center and wheel-speed telemetry","PASS; 100x122 finite exact-zero telemetry SHA256 6418d01f48a446e0c929c18ae76aba994782f7eadb5147407857ee14c98801a9 byte-identical to v22-v30; result c2c898e2a091390ace0b91c453ec578513d5d5c1095ed44cc0f27dfa6c6b3285",PASS,"run fixed 20-scenario v31 counterfactual",C:\robotics_sim\wlr_robot\resume_validation_fsm_residual_ppo\runs\ppo_without_com\development\method-B-v31-v19checkpoint_seed-11_stage-50mm_development_counterfactual_smoke_attempt001\diagnosis.md
2026-07-30T13:24:48.000Z,ppo_B_v31_v19checkpoint_seed11_50mm_counterfactual_attempt001,ppo_B_v31_v19checkpoint_seed11_50mm_counterfactual_smoke_attempt001,PPO_RUNTIME_COUNTERFACTUAL,B,11,"exact-bound phase9 counter-yaw rescues at least three timeouts without losing any success","all 20 fixed 50mm development scenarios; phase9 speed floor0.25","frozen v19 checkpoint; fixed development manifest; no locked-test access",">=16/20 and all 13 existing successes","13/20; exact same 3 collisions and 4 timeouts; all successes preserved; direction improves yaw but contact topology unchanged",FAIL,"inspect phase8 opportunity without training",C:\robotics_sim\wlr_robot\resume_validation_fsm_residual_ppo\runs\diagnostics\v31_phase9_bound_counter_yaw_postrun_analysis.json
2026-07-30T13:32:43.000Z,ppo_B_v32_seed11_50mm_smoke_attempt001,ppo_B_v32_phase8_9_bound_registration,PPO_RUNTIME_REALIZATION_SMOKE,B,11,"phase8 and phase9 both realize exact-bound counter-yaw","phase8 added to speed phases with scalar pre-gain floor0.25","all other runtime controls frozen","exact +/-0.10rad/s in phases8/9 and audit pass","FAILED preflight; phase8 was +/-0.075 because gain3 times floor0.25 and rapid-rise oracle omitted speed channels",FAIL,"retain evidence and register arithmetic correction",C:\robotics_sim\wlr_robot\resume_validation_fsm_residual_ppo\runs\ppo_without_com\training\method-B-v32_seed-11_stage-50mm_smoke_attempt001\diagnosis.md
2026-07-30T13:39:01.000Z,ppo_B_v32_seed11_50mm_smoke_attempt002,ppo_B_v32_seed11_50mm_smoke_attempt001,PPO_RUNTIME_REALIZATION_SMOKE,B,11,"phase-aligned floors produce exact-bound speed in phases8/9","floors corrected to [1/3,1/4]; rapid-rise oracle repaired","gates/z/bounds/checkpoint and scenarios frozen","phase8/9 exact +/-0.10; phase10 zero; IK and mappings pass","SMOKE_PASS; all registered physical and audit checks pass; result 1e65fd9c5152f3f9a8439afefc4822738406a7f2475cfaa24cacad205e9c568d",PASS,"run exact checkpoint restore then full development",C:\robotics_sim\wlr_robot\resume_validation_fsm_residual_ppo\runs\ppo_without_com\training\method-B-v32_seed-11_stage-50mm_smoke_attempt002\diagnosis.md
2026-07-30T14:08:30.000Z,ppo_B_v32_v19checkpoint_seed11_50mm_counterfactual_attempt001,ppo_B_v32_seed11_50mm_smoke_attempt002,PPO_RUNTIME_COUNTERFACTUAL,B,11,"earlier exact-bound speed rescues at least three phase9 timeouts","phase8 speed raised from zero to exact +/-0.10rad/s","all successes/gates/z/checkpoint/scenarios frozen",">=16/20 without collision increase","13/20; all 13 successes exact; four timeouts converted to front_right_bot collisions after 0.15--1.40s and no target reached phase9",FAIL,"bracket phase8 magnitude at +/-0.075",C:\robotics_sim\wlr_robot\resume_validation_fsm_residual_ppo\runs\diagnostics\v32_phase8_9_bound_counter_yaw_postrun_analysis.json
2026-07-30T14:16:51.000Z,ppo_B_v33_seed11_50mm_smoke_attempt001,ppo_B_v33_phase8_moderate_phase9_bound_registration,PPO_RUNTIME_REALIZATION_SMOKE,B,11,"moderate phase8 and bound phase9 commands realize exactly","phase8 floor0.25 gives +/-0.075; phase9 remains +/-0.10","all gates/z/bounds and training controls frozen","exact phase realization; IK/mapping/audits pass","SMOKE_PASS; phase8 +/-0.075, phase9 +/-0.10, phase10 zero; result 157cb0e98f9892bf5efb0265e5f963252b32f182caa85c520f1e6b97b2f20138",PASS,"restore checkpoint then fixed development",C:\robotics_sim\wlr_robot\resume_validation_fsm_residual_ppo\runs\ppo_without_com\training\method-B-v33_seed-11_stage-50mm_smoke_attempt001\diagnosis.md
2026-07-30T14:54:19.000Z,ppo_B_v33_v19checkpoint_seed11_50mm_counterfactual_attempt001,ppo_B_v33_seed11_50mm_smoke_attempt001,PPO_RUNTIME_COUNTERFACTUAL,B,11,"moderate phase8 speed avoids v32 collisions and yields new successes","phase8 speed +/-0.075","v32 controls except registered magnitude",">=16/20 and no collision increase","13/20; 6 collisions and 1 timeout; scenario0008 survives phase8 and yaw improves 0.01935rad but still times out; all successes exact",FAIL,"select safer phase9-only behavior and proceed to required formal B/C training",C:\robotics_sim\wlr_robot\resume_validation_fsm_residual_ppo\runs\diagnostics\v33_phase8_moderate_phase9_bound_counter_yaw_postrun_analysis.json
2026-07-30T15:00:45.000Z,ppo_B_v34_seed11_50mm_smoke_attempt001,ppo_v34_formal_runtime_selection,PPO_FORMAL_RUNTIME_SMOKE,B,11,"selected phase9-only behavior is exactly realized through the generic phase-aligned interface","speed phases [9]; floor [0.25]","selected v31 behavior and all formal controls","phase8/10 zero; phase9 exact bound; IK/mapping/audits pass","SMOKE_PASS; result fac67f9fe971eca797b4f6a389f5c94b5428a15a2825cb8b146fc6882de056f0",PASS,"launch fixed B/C formal multi-seed schedule",C:\robotics_sim\wlr_robot\resume_validation_fsm_residual_ppo\runs\ppo_without_com\training\method-B-v34_seed-11_stage-50mm_smoke_attempt001\diagnosis.md
2026-07-30T15:04:00.000Z,ppo_B_v34_formal_training_launch,ppo_B_v34_seed11_50mm_smoke_attempt001,PPO_FORMAL_TRAINING,B,11,"fixed complete schedule produces auditable B checkpoints for all seeds and heights","3 seeds x 50/75/100mm x 76800 local steps; 64 envs; full/light/full randomization","v34 runtime; B reward; fixed FSM/metrics/asset; no locked-test access","nine completed stage checkpoints plus immutable development gates","RUNNING actual Isaac Python PID114424; first run method-B-v34_seed-11_stage-50mm_attempt001",RUNNING,"monitor checkpoints/status; preserve and diagnose any failure",C:\robotics_sim\wlr_robot\resume_validation_fsm_residual_ppo\runs\diagnostics\v34_formal_training_registration.md
2026-07-30T15:14:00.000Z,formal_v34_cross_stage_resume_offset_diagnosis,ppo_B_v34_formal_training_launch,ORCHESTRATION_DIAGNOSIS,B,11,"cross-height warm start must not consume same-stage recovery offset","remove cumulative resume_offset_timesteps; add StartSeed/StartHeight/InitialResumeCheckpoint","active Isaac process and all training/evaluation definitions unchanged","75mm requests exactly 76800 local steps while loading the completed 50mm checkpoint","predicted original wrapper refusal 153600 != 76800; corrected future wrapper parses cleanly",PASS,"preserve any refusal from already-parsed wrapper and continue with a new attempt",C:\robotics_sim\wlr_robot\resume_validation_fsm_residual_ppo\runs\diagnostics\formal_v34_cross_stage_resume_offset_diagnosis.md
2026-07-30T15:38:00.000Z,formal_v34_posttraining_pipeline_preregistration,formal_v34_cross_stage_resume_offset_diagnosis,VALIDATION_FREEZE_LOCKED_REPORT_REGISTRATION,ABC,112947,"validation selection and locked reporting remain leakage-free and auditable","validation candidate registry; method freeze; locked guard; stratified bootstrap; deterministic videos","frozen FSM/metrics/asset; all B/C training sources; locked manifest unread","all completed v34 candidates included; six seed-method selections; 2100 paired locked episodes; required reports/videos","177 unit tests pass; PowerShell scripts 07-11 parse; no locked manifest read",PASS,"finish B/C training then execute scripts 07 through 11 in order",C:\robotics_sim\wlr_robot\resume_validation_fsm_residual_ppo\configs\validation_selection_protocol.json
2026-07-30T15:44:02.000Z,ppo_B_v34_formal_monitor_launch,ppo_B_v34_formal_training_launch,PPO_FORMAL_MONITOR,B,11,"20-second project-scoped heartbeat detects stalled progress without touching unrelated Python","monitor PID80440; wrapper PID120320; environment PID114424","training process/config/checkpoint schedule unchanged","heartbeat records stage progress GPU checkpoint timestamps and error counts","RUNNING at 18390/76800; GPU2491MiB; no NaN OOM or Traceback tail mentions",RUNNING,"continue monitoring this registered wrapper",C:\robotics_sim\wlr_robot\resume_validation_fsm_residual_ppo\runs\ppo_without_com\formal_v34_heartbeat.json
2026-07-30T16:00:36.676Z,run_until_success_recoverable_state_machine_waiting_test,formal_v34_posttraining_pipeline_preregistration,ORCHESTRATION_RECOVERY_TEST,ABC,112947,"the main entry detects live formal work and never launches a duplicate or accesses locked data","replace obsolete terminal throw with evidence-driven stages; deterministic first-gap recovery; immutable attempts; WAITING exit code 3","active PID114424 and all training/evaluation definitions unchanged","same training PID set before/after; recoverable JSON state and experiment event log","PASS; detected method-B-v34_seed-11_stage-50mm_attempt001 PID114424; process set unchanged; 179 unit tests pass",PASS,"let the active wrapper finish; use a new attempt for the diagnosed cross-stage recovery; then continue through validation/freeze/locked/report",C:\robotics_sim\wlr_robot\resume_validation_fsm_residual_ppo\runs\orchestration\run_until_success_state.json
2026-07-30T16:05:32.203Z,prelocked_report_missing_metric_robustness,formal_v34_posttraining_pipeline_preregistration,REPORT_ROBUSTNESS,ABC,112947,"a missing continuous metric must yield an explicit unavailable result rather than abort final reporting","optional-value rendering; missing-data plot annotations; missing pitch claim handling","all training evaluation metric selection claim and bootstrap definitions unchanged","negative or incomplete continuous evidence still publishes every required artifact without zero imputation","PASS; report generator dc91d6c2e730d87edfa7956589b2d1a5fa8fab8c641bcac9b0e47ad9b1318e03; compilation and 6 targeted tests pass",PASS,"capture this source in method freeze after validation and verify final missing-pair disclosures",C:\robotics_sim\wlr_robot\resume_validation_fsm_residual_ppo\runs\diagnostics\prelocked_report_missing_metric_robustness.md
2026-07-30T16:08:18.736Z,prelocked_telemetry_status_hash_audit_completion,formal_v34_posttraining_pipeline_preregistration,LOCKED_EVIDENCE_AUDIT,ABC,112947,"every raw locked telemetry and status artifact must match the hash asserted by its evaluation result","compare telemetry and status hashes; add status files to evidence inventory","all simulation control evaluation metric selection and statistics unchanged","all 21 evaluation result episode telemetry and status chains fail closed on drift","PASS; locked guard 9944768a83daaa8321a9c65a5401650a8969fecf17fa75190b6c7ec9af54818b; compilation and 6 targeted tests pass",PASS,"capture source in method freeze and recompute paired audit during final report generation",C:\robotics_sim\wlr_robot\resume_validation_fsm_residual_ppo\runs\diagnostics\prelocked_telemetry_status_hash_audit_completion.md
2026-07-30T16:10:02.705Z,prelocked_video_inventory_audit_completion,formal_v34_posttraining_pipeline_preregistration,VIDEO_EVIDENCE_AUDIT,ABC,112947,"video inventory must independently prove every category required by the complete locked method-height group","record full-group category requirements; verify selected source checkpoint replay episode scenario and outcome-label hashes","frozen video category rule and all primary statistics unchanged","no missing failure category or drifted replay source can pass inventory","PASS; video selector 26c3e531c7a1a9472475576bd6f6364e68fc10f5ef9112c0b2ed3054651d0480; compilation and 4 targeted tests pass",PASS,"capture source in method freeze and physically validate camera encoding before freeze",C:\robotics_sim\wlr_robot\resume_validation_fsm_residual_ppo\runs\diagnostics\prelocked_video_inventory_audit_completion.md
2026-07-30T16:14:12.313Z,prelocked_complete_metric_reporting_expansion,formal_v34_posttraining_pipeline_preregistration,REPORT_COMPLETENESS,ABC,112947,"final CSV and Markdown should directly expose every registered reliable metric and requested distribution statistic","expand primary distributions per method/seed/height; add secondary equal-height summaries collision/joint rates and CI-aware resume interpretation","raw episodes metric definitions selection and inference rules unchanged","mean median std quantiles bootstrap and all reliable secondary metrics are directly auditable; energy is omitted; tradeoffs/nonsignificant point estimates are explicit","PASS; final report generator 4a68ddbbac8d81690f567627467da678d07fdce02aec8a0a765e870462fcf928; compilation and 10 targeted tests pass",PASS,"capture final source hash in method freeze and inspect all generated CSV/plots/wording after locked evaluation",C:\robotics_sim\wlr_robot\resume_validation_fsm_residual_ppo\runs\diagnostics\prelocked_complete_metric_reporting_expansion.md
2026-07-30T16:18:40.000Z,run_until_success_method_smoke_stage_test_attempt001,run_until_success_recoverable_state_machine_waiting_test,ORCHESTRATION_RECOVERY_TEST,BC,11,"the state machine verifies preserved B smoke and requires a real C smoke before formal C training","add method-specific formal-smoke stage","active formal B training and all core definitions unchanged","B smoke hash/provenance verifies then live B process is detected without duplication","FAILED before smoke verification because an inline if expression was parsed as a command; active process set remained unchanged",FAIL,"preserve event; bind the stage name before the call and rerun detection test",C:\robotics_sim\wlr_robot\resume_validation_fsm_residual_ppo\runs\orchestration\run_until_success_state.json
2026-07-30T16:19:05.000Z,run_until_success_method_smoke_stage_test_attempt002,run_until_success_method_smoke_stage_test_attempt001,ORCHESTRATION_RECOVERY_TEST,BC,11,"the corrected state machine verifies preserved B smoke and requires a real C smoke before formal C training","pre-bind stage name and verify asset/config/source hashes in preserved smoke","active formal B training and all core definitions unchanged","SMOKE_PASS evidence verifies and process set is identical before/after WAITING exit","PASS; preserved B smoke accepted; live PID114424 detected; exit code3; no duplicate process",PASS,"after B coverage completes run a new real-Isaac Method-C v34 smoke before formal C curriculum",C:\robotics_sim\wlr_robot\resume_validation_fsm_residual_ppo\runs\orchestration\run_until_success_state.json
2026-07-30T16:23:10.003Z,formal_v34_B_recovery_supervisor_launch,formal_v34_cross_stage_resume_offset_diagnosis,ORCHESTRATION_RECOVERY_SUPERVISOR,B,11,"a one-shot project-scoped supervisor can recover the already-parsed wrapper after its diagnosed cross-height offset refusal without duplicate training","supervisor PID117916; observe wrapper PID120320; recovery attempt002 starts seed11 75mm from verified 50mm final checkpoint","active training process config budget and locked isolation unchanged","WAITING while old wrapper lives; then verify source result/checkpoint/gate and absence of live Isaac process before new hidden wrapper/monitor launch","WAITING; status JSON created with locked_test_access=forbidden; no intervention while PID120320 is alive",RUNNING,"monitor supervisor; it must fail closed on unexpected exit evidence and otherwise complete all nine B strata",C:\robotics_sim\wlr_robot\resume_validation_fsm_residual_ppo\runs\ppo_without_com\formal_v34_recovery_supervisor_attempt002.json
2026-07-30T16:26:18.856Z,prevalidation_physical_video_smoke_registration,formal_v34_posttraining_pipeline_preregistration,PHYSICAL_VIDEO_SMOKE_REGISTRATION,FSM,0,"the final evaluator must physically render overlay and encode a hash-audited MP4 before method freeze","fixed development scenario development-h050-0000; 960x540; stride3; 20fps; libx264","evaluator control metrics success and all formal training unchanged","passing result plus episode telemetry status and MP4 hashes become immutable before locked access","REGISTERED; final script22737419 evaluatorc082f724 method-freeze2ded202a; parse compile and 11 targeted tests pass; physical execution pending free GPU",RUNNING,"run the fixed development camera smoke after B/C training and before validation freeze",C:\robotics_sim\wlr_robot\resume_validation_fsm_residual_ppo\runs\diagnostics\prevalidation_physical_video_smoke_registration.md
2026-07-30T16:39:30.369Z,experiment_ledger_structural_audit_and_historical_repair,run_until_success_recoverable_state_machine_waiting_test,EXPERIMENT_LEDGER_AUDIT,all,0,"every experiment record must retain the registered 14 fields and resolve to preserved evidence","restore one omitted expected-effect field from its preceding RUNNING registration; correct one attempt001 artifact filename","all historical outcomes statuses values and evidence contents unchanged","all rows parse to 14 columns and every artifact path exists","PASS; 291 rows including header have 14 columns; 290 experiment artifact paths resolve",PASS,"enforce the same ledger check in final_audit.py",C:\robotics_sim\wlr_robot\resume_validation_fsm_residual_ppo\experiment_ledger.csv
2026-07-30T16:44:13.976Z,prelocked_environment_seed_semantics_audit,v34_formal_training_registration,SCENARIO_SEMANTICS_AUDIT,all,0,"environment_seed may be an unconsumed reserved field rather than applied simulator randomness","documentation disclosure only; no evaluator manifest checkpoint reward FSM metric or experimental-definition change","all registered code hashes paired scenario rows applied perturbations training and locked isolation unchanged","identify every consumer and narrow robustness claims to applied variation","PASS_WITH_DISCLOSURE; environment_seed is preserved in episodes but not consumed; explicit distance pitch friction delay and noise_seed bias are applied",PASS_WITH_DISCLOSURES,"retain evaluator hash c082f724; final claims must not call environment_seed an applied physics-randomization seed",C:\robotics_sim\wlr_robot\resume_validation_fsm_residual_ppo\runs\diagnostics\prelocked_environment_seed_semantics_audit.md
2026-07-30T16:49:36.918Z,prelocked_final_delivery_audit_registration,prelocked_video_inventory_audit_completion,FINAL_AUDIT_REGISTRATION,all,0,"the final independent audit can bind every published video to deterministic selection locked sources checkpoint replay result and report inventory hash","final-audit checks and one synthetic tamper regression test only","training evaluator FSM PPO metrics manifests checkpoint selection and locked isolation unchanged","complete evidence returns PASS and selection drift returns FAILED","PASS; full suite 185/185; registered final-audit8f3eb6d1 report52348764 guard9944768a video26c3e531 freezef7f61a84",PASS,"freeze these critical sources after physical video smoke and validation then execute the audit after the complete locked campaign reports and videos",C:\robotics_sim\wlr_robot\resume_validation_fsm_residual_ppo\runs\diagnostics\prelocked_final_delivery_audit_registration.md
2026-07-30T16:54:12.979Z,full_pipeline_supervisor_launch,formal_v34_B_recovery_supervisor_launch,FULL_PIPELINE_SUPERVISION,all,0,"a single background supervisor can preserve exclusive process ownership and carry the registered B/C validation freeze locked video report audit sequence to completion","hidden supervisor PID162424 attempt001; immutable status heartbeat; run_until_success child invocations only after B recovery terminal","all experiment definitions attempts evidence preservation and locked pre-freeze prohibition unchanged","wait through existing B recovery without race then run one state-machine child at a time and stop fail-closed on non-wait errors","RUNNING; PID162424 status WAITING_FOR_METHOD_B_RECOVERY sees recovery PID117916 and environment PID114424; script hash cfd66f32",RUNNING,"monitor supervisor status; diagnose any FAILED status before authorizing a new immutable attempt",C:\robotics_sim\wlr_robot\resume_validation_fsm_residual_ppo\runs\orchestration\full_pipeline_supervisor_attempt001.json
2026-07-30T16:57:07.690Z,prevalidation_complete_height_metric_guard,prelocked_complete_metric_reporting_expansion,VALIDATION_MISSING_DATA_GUARD,all,0,"generic equal-height continuous aggregation may fail open when one registered height has no valid values","require nonempty 50/75/100mm groups for aggregate margin and pitch; add one regression test","raw metrics evaluator scenarios training rewards checkpoints selection order and locked isolation unchanged","an entirely missing height returns unavailable and validation summary rejects incomplete primary metrics","PASS; aggregate source0a0f4567; full suite 186/186",PASS,"retain fail-closed behavior through method freeze and final report recomputation",C:\robotics_sim\wlr_robot\resume_validation_fsm_residual_ppo\runs\diagnostics\prevalidation_complete_height_metric_guard.md
2026-07-30T16:59:37.450Z,prelocked_scenario_parameter_and_telemetry_audit,prelocked_telemetry_status_hash_audit_completion,LOCKED_EVIDENCE_SCHEMA_GUARD,all,0,"paired IDs and artifact hashes alone may not independently prove exact scenario parameters and complete telemetry schema","compare ten scenario fields to manifest rows; require telemetry columns finite time IDs0-99; validate status counts","evaluator manifest metrics scenarios checkpoints training selection and pre-freeze locked isolation unchanged","same-ID parameter drift malformed telemetry or invalid status fails the locked audit","PASS; guard source201b3740; targeted 4/4 and full 186/186 tests",PASS,"freeze the strengthened guard and apply it to every locked evaluation before reports",C:\robotics_sim\wlr_robot\resume_validation_fsm_residual_ppo\runs\diagnostics\prelocked_scenario_parameter_and_telemetry_audit.md
2026-07-30T17:01:23.337Z,prelocked_video_scenario_and_failure_reproduction_guard,prelocked_video_inventory_audit_completion,VIDEO_REPLAY_PROVENANCE_GUARD,all,0,"same scenario ID and success boolean may hide parameter drift or a changed failure mode in deterministic video replay","compare locked/replay scenario fields and require matching failure reason for exact outcome reproduction","video selection categories evaluator metrics training locked results and checkpoint definitions unchanged","parameter mismatch fails inventory; failure-mode mismatch remains disclosed as non-reproduced rather than replaced","PASS; video sourcebcd85717; full suite 187/187",PASS,"freeze the strengthened video source and preserve any real replay non-reproduction disclosure",C:\robotics_sim\wlr_robot\resume_validation_fsm_residual_ppo\runs\diagnostics\prelocked_video_scenario_and_failure_reproduction_guard.md
2026-07-30T17:03:24.203Z,prevalidation_video_decode_probe_amendment,prevalidation_physical_video_smoke_registration,PHYSICAL_VIDEO_DECODE_GUARD,FSM,0,"nonempty hash-matching MP4 may still be undecodable or have wrong geometry timing or frame count","decode first frame and all-frame count; freeze video_probe JSON with 960x540 20fps and matching hashes/count","development scenario camera overlay FSM evaluator training selection metrics and locked isolation unchanged","physical smoke fails before validation unless encoded MP4 independently decodes to registered properties","REGISTERED; smoke script9d048f81 method-freezeaf760f13; parse and 187/187 tests pass; physical execution pending",RUNNING,"execute the fixed real-Isaac development video smoke after B/C training and inspect the decoded frame before method freeze",C:\robotics_sim\wlr_robot\resume_validation_fsm_residual_ppo\runs\diagnostics\prevalidation_video_decode_probe_amendment.md
2026-07-30T17:04:40.682Z,prelocked_all_video_decode_inventory_guard,prelocked_video_scenario_and_failure_reproduction_guard,FINAL_VIDEO_DECODE_GUARD,all,0,"write-time frame counters and nonempty MP4 hashes may not prove every selected video remains decodable","reopen every MP4; decode first frame; count frames; record codec geometry fps and count; final audit validates probe","selection episodes outcomes evaluator training metrics and locked protocol unchanged","invalid truncated wrong-size wrong-fps or wrong-count video fails inventory or final audit","PASS; video sourcea65abf57 final-auditcd5c1f29; full suite 187/187",PASS,"freeze the strengthened sources and inspect representative decoded frames after physical generation",C:\robotics_sim\wlr_robot\resume_validation_fsm_residual_ppo\runs\diagnostics\prelocked_all_video_decode_inventory_guard.md
2026-07-30T17:06:36.646Z,prelocked_complete_technical_evidence_freeze,prelocked_final_delivery_audit_registration,TECHNICAL_EVIDENCE_FREEZE,all,0,"technical claim evidence and formal PowerShell entry points may otherwise drift after method freeze","expand immutable configs scripts inventories asset manifests and URDF/USD/Isaac validation evidence","evaluator training checkpoints scenarios metrics and locked pre-freeze prohibition unchanged","all report-critical technical and orchestration evidence is hashed before first locked access","PASS; all paths exist; method-freeze source5db9a69e; full suite 187/187",PASS,"create the expanded method freeze only after training validation and physical video smoke complete",C:\robotics_sim\wlr_robot\resume_validation_fsm_residual_ppo\runs\diagnostics\prelocked_complete_technical_evidence_freeze.md
2026-07-30T17:08:48.508Z,prelocked_complete_runtime_source_freeze,prelocked_complete_technical_evidence_freeze,RUNTIME_SOURCE_FREEZE,all,0,"indirect CoM contact support-margin FSM IK and telemetry modules may drift if only top-level runners are frozen","freeze all 53 package Python modules and require technical subset/evidence coverage before verified wording","runtime behavior training checkpoints metrics scenarios and locked isolation unchanged","any source inventory/content drift invalidates authorization and missing technical coverage removes resume claims","PASS; method-freeze848ea839 report2e61ac9c final-auditac4e4d5f; 187/187 tests",PASS,"create and verify the complete source inventory in method_freeze.json before first locked access",C:\robotics_sim\wlr_robot\resume_validation_fsm_residual_ppo\runs\diagnostics\prelocked_complete_runtime_source_freeze.md
2026-07-30T17:10:55.272Z,prelocked_raw_numeric_recomputation_audit,prelocked_final_delivery_audit_registration,RAW_NUMERIC_RECOMPUTATION,all,0,"file coverage and hashes may not detect a pre-audit edit to published point estimates intervals comparisons or claims","recompute all methods aggregate CI per-height ablation comparisons claims from 2100 raw episodes and compare exactly","registered statistics bootstrap seed/draws raw evidence evaluator training and locked isolation unchanged","any numeric or claim drift fails independently of file presence and row counts","PASS; final-audit source7830faef; synthetic claim drift rejected; 187/187 tests",PASS,"run the complete recomputation after report publication and preserve final_audit JSON/Markdown",C:\robotics_sim\wlr_robot\resume_validation_fsm_residual_ppo\runs\diagnostics\prelocked_raw_numeric_recomputation_audit.md
2026-07-30T17:13:53.359Z,prelocked_report_plot_render_smoke,prelocked_raw_numeric_recomputation_audit,REPORT_RENDER_COMPATIBILITY,all,0,"local matplotlib TensorBoard or imageio versions may fail only after locked evidence is complete","render all nine plots from isolated synthetic rows and real TensorBoard event; encode/decode local MP4","all real training validation locked scenarios statistics and published output directories unchanged","nine valid PNGs and exact local 960x540 20fps five-frame h264 decode prove API compatibility only","PASS; matplotlib3.10.3 tensorboard2.20.0 imageio2.37.0; full suite 188/188",PASS,"run physical video smoke and later generate plots only from frozen real locked evidence",C:\robotics_sim\wlr_robot\resume_validation_fsm_residual_ppo\runs\diagnostics\prelocked_report_plot_render_smoke.md
2026-07-30T17:15:34.732Z,prelocked_experiment_ledger_freeze,prelocked_complete_runtime_source_freeze,LEDGER_FREEZE,all,0,"the historical experiment ledger may otherwise be edited after locked authorization","add experiment_ledger.csv to critical evidence; keep live supervisor status separate","all ledger rows outcomes evidence paths training validation statistics and locked isolation unchanged","any post-freeze ledger edit invalidates method-freeze verification and locked/report audit","PASS; method-freeze sourcef8cbae08; targeted 4/4; latest full suite 188/188",PASS,"append no further ledger rows after method freeze; use frozen status and final-audit outputs for terminal state",C:\robotics_sim\wlr_robot\resume_validation_fsm_residual_ppo\runs\diagnostics\prelocked_experiment_ledger_freeze.md
2026-07-30T17:25:10.000Z,pipeline_keep_awake_attempt001,full_pipeline_supervisor_attempt001,ORCHESTRATION,all,0,"a process-scoped Windows execution-state request can prevent idle sleep without modifying the global power plan","new hidden helper; PowerShell uint32 hexadecimal constant; attempt001","training processes configs checkpoints metrics supervisor PID and locked pre-freeze prohibition unchanged","helper remains alive and records ACTIVE while supervisor PID 162424 exists","PowerShell 5.1 interpreted 0x80000000 as signed and failed before acquiring execution state; stderr preserved",FAILED,"replace only the constant representation and launch immutable attempt002",C:\robotics_sim\wlr_robot\resume_validation_fsm_residual_ppo\runs\orchestration\full_pipeline_keep_awake_attempt001.stderr.log
2026-07-30T17:25:47.969Z,pipeline_keep_awake_attempt002,pipeline_keep_awake_attempt001,ORCHESTRATION,all,0,"the corrected process-scoped Windows execution-state request prevents idle sleep for the long campaign","ES_CONTINUOUS represented as uint32 decimal 2147483648; new attempt002","training processes configs checkpoints metrics supervisor PID power-plan settings and locked pre-freeze prohibition unchanged","nonzero native return; ACTIVE heartbeat; automatic release when supervisor exits","ACTIVE with helper PID 151916; native_return 2147483648; power_plan_modified=false",RUNNING,"keep the helper scoped to supervisor PID 162424 and verify final release after pipeline completion",C:\robotics_sim\wlr_robot\resume_validation_fsm_residual_ppo\runs\orchestration\full_pipeline_keep_awake_attempt002.json
2026-07-30T17:28:30.000Z,host_idle_sleep_guard_registration,pipeline_keep_awake_attempt002,ORCHESTRATION,all,0,"an operational continuity helper should itself be documented tested and immutable before locked authorization","document 600-second AC timeout; add helper to critical-script freeze inventory and README","B training PPO/evaluator configs scenarios metrics selection rules supervisor PID and locked isolation unchanged","current PowerShell parser and full regression pass; later method freeze binds exact helper hash","PASS; helper42a7c74d method-freeze28dd88a8 README1a7b3f0f; full suite 188/188; ACTIVE native return nonzero",PASS,"preserve helper attempt evidence and include current script in method freeze after validation",C:\robotics_sim\wlr_robot\resume_validation_fsm_residual_ppo\runs\diagnostics\host_idle_sleep_guard.md
2026-07-30T17:54:36.323Z,method-B-v34_seed-11_stage-50mm_attempt001,ppo_B_v34_formal_training_launch,PPO_FORMAL_TRAINING,B,11,"the frozen v34 B schedule completes the registered 50mm local budget and produces an auditable checkpoint","76800 local timesteps; 64 envs; 64 rollouts; full randomization; attempt001","asset98103315 FSM3e4b65ee metrics6a02b1c0 B reward config and locked prohibition unchanged","COMPLETED result with 4915200 transitions and checkpoint hash matching its result record","COMPLETED; result677c744b; final checkpoint dd7a503c; 76800/76800 local timesteps; zero-residual preflight true",COMPLETED,"run and preserve the fixed 20-episode development gate without using it as locked evidence",C:\robotics_sim\wlr_robot\resume_validation_fsm_residual_ppo\runs\ppo_without_com\training\method-B-v34_seed-11_stage-50mm_attempt001\training_result.json
2026-07-30T18:26:24.335Z,method-B-v34_seed-11_stage-50mm_attempt001_development_gate,method-B-v34_seed-11_stage-50mm_attempt001,PPO_DEVELOPMENT_GATE,B,11,"the stage-final B checkpoint may reach the preregistered 0.80 development ideal on 20 fixed scenarios","real Isaac evaluation of development_v2 height50 with frozen metrics and controller","checkpoint dd7a503c evaluator c082f724 scenario manifest f3d10d73 and success definition unchanged","20 complete episodes; record all outcomes and promote only if success rate is at least 0.80","13/20 success=0.65; failures BODY_OR_LINK_COLLISION=4 and FSM_PHASE_TIMEOUT=3; execution and hashes passed but ideal not reached",NOT_PROMOTED,"preserve the negative gate and continue the fixed complete-comparison schedule under ContinueAfterFailedGate",C:\robotics_sim\wlr_robot\resume_validation_fsm_residual_ppo\runs\ppo_without_com\development_gates\method-B-v34_seed-11_stage-50mm_attempt001\gate_decision.json
2026-07-30T18:26:35.743Z,method-B-v34_seed-11_stage-75mm_attempt001,method-B-v34_seed-11_stage-50mm_attempt001,PPO_FORMAL_TRAINING_RECOVERY_DIAGNOSIS,B,11,"the historical already-parsed wrapper may incorrectly treat a cross-height warm start as cumulative same-stage recovery","attempt001 75mm launched by historical wrapper with inherited resume offset 76800","checkpoint contents training definitions asset and locked isolation unchanged","trainer refuses the invalid cumulative 153600 request before training and preserves a FAILED result","FAILED before transitions: requested cumulative timesteps 153600 differed from registered 76800; result74c2c9af; no checkpoint created",FAILED,"use corrected wrapper with new attempt002 resume checkpoint and offset zero",C:\robotics_sim\wlr_robot\resume_validation_fsm_residual_ppo\runs\ppo_without_com\training\method-B-v34_seed-11_stage-75mm_attempt001\training_result.json
2026-07-30T18:26:38.255Z,method-B-v34_seed-11_stage-75mm_attempt002,method-B-v34_seed-11_stage-75mm_attempt001,PPO_FORMAL_TRAINING,B,11,"the corrected cross-height warm start can complete the registered 75mm local budget without replaying or double-counting the 50mm stage","new immutable attempt002; source checkpoint dd7a503c; resume_offset_timesteps=0; light randomization","76800 local timesteps 64 envs 64 rollouts v34 B architecture asset metrics evaluator and locked prohibition unchanged","RUNNING preflight followed by exactly 76800 local timesteps and a new checkpoint","RUNNING actual Isaac PID106896; heartbeat step232 at 7.86 steps/s; no NaN OOM or traceback",RUNNING,"monitor the unique recovery wrapper and preserve its development gate before continuing to 100mm",C:\robotics_sim\wlr_robot\resume_validation_fsm_residual_ppo\runs\ppo_without_com\formal_v34_recovery_attempt002_heartbeat.json
