time_s,env_id,base_x_m,pitch_rad,pitch_rate_rad_s,margin_m,fsm_phase,action_l2,reward
0.0,0,0.005405638366937637,0.004792955704033375,0.5159829258918762,nan,0.0,0.0,-4.01842737197876
0.05,0,-0.0038424301892518997,-0.01640562154352665,-0.7394526600837708,nan,0.0,0.0,-1.8285236358642578
0.1,0,-0.0035982877016067505,-0.036141131073236465,-0.15089088678359985,nan,0.0,0.0,-0.010430511087179184
0.15,0,0.00028975680470466614,-0.01972331292927265,-0.09726476669311523,0.27936336398124695,0.0,0.0,-0.14403614401817322
0.2,0,0.002217493951320648,-0.021966174244880676,-0.040929026901721954,0.2796601355075836,0.0,0.0,-0.016496187075972557
0.25,0,0.0036097317934036255,-0.023402130231261253,-0.03224525973200798,0.2793494760990143,0.0,0.0,-0.004375868011265993
0.3,0,0.004650769755244255,-0.024181965738534927,-0.02156992442905903,0.279208779335022,0.0,0.0,0.002621116116642952
0.35,0,0.0055260322988033295,-0.02466922625899315,-0.018928639590740204,0.2791508138179779,0.0,0.0,0.006286989897489548
0.4,0,0.006302086636424065,-0.024813737720251083,-0.004252498969435692,0.2791329622268677,0.0,0.0,0.0039942627772688866
0.45,0,0.007065754383802414,-0.024829134345054626,-0.002356212120503187,0.279119610786438,0.0,0.0,0.005699900910258293
0.5,0,0.007802722975611687,-0.024801908060908318,-0.0019469126127660275,0.27912062406539917,0.0,0.0,0.0065419916063547134
0.55,0,0.008522970601916313,-0.024742165580391884,-0.001318446360528469,0.2791264057159424,0.0,0.0,0.008072428405284882
0.6,0,0.009243667125701904,-0.0246819369494915,-0.000903685053344816,0.27913522720336914,0.0,0.0,0.0076395198702812195
0.65,0,0.00995977595448494,-0.024592764675617218,-0.0007273415103554726,0.2791454792022705,0.0,0.0,0.00785013847053051
0.7,0,0.010674385353922844,-0.02448895387351513,-0.0018238249467685819,0.2791573703289032,0.0,0.0,0.007771757431328297
0.75,0,0.011413371190428734,-0.02440030314028263,-0.0025740698911249638,0.2791563868522644,0.0,0.0,0.006584116257727146
0.8,0,0.012165897525846958,-0.02431189827620983,-0.005195370875298977,0.2791231870651245,0.0,0.0,0.007088836282491684
0.85,0,0.012883446179330349,-0.024185391142964363,-0.003637719666585326,0.27913326025009155,0.0,0.0,0.006280864588916302
0.9,0,0.013620160520076752,-0.02408605068922043,-0.006031790282577276,0.2791237533092499,0.0,0.0,0.009570431895554066
0.95,0,0.014362066984176636,-0.024020971730351448,-0.0031850480008870363,0.2791080176830292,0.0,0.0,0.0077239740639925
1.0,0,0.015123081393539906,-0.023954616859555244,-0.002004153560847044,0.2790882885456085,0.0,0.0,0.00815129466354847
1.05,0,0.015882670879364014,-0.023873794823884964,-0.0013897295575588942,0.279071569442749,0.0,0.0,0.008938255719840527
1.1,0,0.016647320240736008,-0.023798737674951553,-0.001334930071607232,0.27905794978141785,0.0,0.0,0.008251301012933254
1.15,0,0.01742679812014103,-0.02372124418616295,-0.0012913828250020742,0.2790403664112091,0.0,0.0,0.008011428639292717
1.2,0,0.018211161717772484,-0.023636773228645325,0.0013529518619179726,0.2790248394012451,0.0,0.0,0.008090686984360218
1.25,0,0.019001226872205734,-0.023503264412283897,0.0026548802852630615,0.2790103852748871,0.0,0.0,0.008086154237389565
1.3,0,0.019803756847977638,-0.023371398448944092,0.002861215267330408,0.278994619846344,1.0,0.0,-1.9945780038833618
1.35,0,0.02058180794119835,-0.023158514872193336,0.0030005809385329485,0.27899056673049927,1.0,0.0,-0.008466765284538269
1.4,0,0.021358400583267212,-0.02301228605210781,0.0015202447539195418,0.2789929211139679,1.0,0.0,-0.0028338043484836817
1.45,0,0.021978825330734253,-0.023107431828975677,-0.005456953309476376,0.2790604829788208,1.0,0.0,-0.004046719055622816
1.5,0,0.022614428773522377,-0.023275231942534447,-0.009191643446683884,0.27910318970680237,1.0,0.0,-0.0034975437447428703
1.55,0,0.023280620574951172,-0.023478424176573753,-0.00844054389744997,0.27913224697113037,1.0,0.0,-0.005281701218336821
1.6,0,0.023961886763572693,-0.02369806356728077,-0.008785281330347061,0.279155433177948,1.0,0.0,-0.005131345242261887
1.65,0,0.02465878240764141,-0.023926978930830956,-0.010120904073119164,0.2791713774204254,1.0,0.0,-0.005000197794288397
1.7,0,0.025364261120557785,-0.02416393905878067,-0.010828118771314621,0.27918246388435364,1.0,0.0,-0.0052827284671366215
1.75,0,0.026065783575177193,-0.024394232779741287,-0.011224295012652874,0.279193639755249,1.0,0.0,-0.004637008532881737
1.8,0,0.026782991364598274,-0.024631647393107414,-0.01460750587284565,0.2792010009288788,1.0,0.0,-0.004007169511169195
1.8499999999999999,0,0.027487710118293762,-0.024864213541150093,-0.013570775277912617,0.27919432520866394,1.0,0.0,-0.0047209798358380795
1.9,0,0.028222596272826195,-0.02511950209736824,-0.014595973305404186,0.2791925370693207,1.0,0.0,-0.004478027578443289
1.95,0,0.02887948602437973,-0.02504698745906353,0.0008585357572883368,0.2792189419269562,1.0,0.0,-0.007890504784882069
2.0,0,0.029570197686553,-0.024853382259607315,0.00039093889063224196,0.27922341227531433,1.0,0.0,-0.007778629660606384
2.05,0,0.0302880872040987,-0.024674944579601288,-0.000265188718913123,0.27921411395072937,1.0,0.0,-0.008432822301983833
2.1,0,0.031010562554001808,-0.024495059624314308,7.176962390076369e-05,0.2792053818702698,1.0,0.0,-0.008809525519609451
2.15,0,0.03174764662981033,-0.024314504116773605,-0.001350534614175558,0.27919790148735046,1.0,0.0,-0.007724894676357508
2.2,0,0.03249966725707054,-0.02417280338704586,-0.0018761882092803717,0.27918463945388794,1.0,0.0,-0.007847581058740616
2.25,0,0.03322957828640938,-0.02404813840985298,-0.002173883141949773,0.2791804373264313,1.0,0.0,-0.008304202929139137
2.3,0,0.03395065665245056,-0.023973893374204636,-0.0001684473390923813,0.2791672646999359,1.0,0.0,-0.007901961915194988
2.35,0,0.03469668701291084,-0.023998819291591644,-0.002566479379311204,0.2791345715522766,1.0,0.0,-0.008566065691411495
2.4,0,0.0354495495557785,-0.02401317097246647,-0.00307760713621974,0.2791021764278412,1.0,0.0,-0.008363364264369011
2.45,0,0.03620681166648865,-0.02404465340077877,-0.0026886730920523405,0.2790738344192505,1.0,0.0,-0.008325225673615932
2.5,0,0.03698090463876724,-0.02408364973962307,-0.0018189571565017104,0.2790423631668091,1.0,0.0,-0.008390896022319794
2.55,0,0.03775792568922043,-0.024111686274409294,-0.0017342392820864916,0.27901485562324524,1.0,0.0,-0.008255066350102425
2.6,0,0.03853526711463928,-0.024132417514920235,0.0031279113609343767,0.2789916396141052,1.0,0.0,-0.011167866177856922
2.65,0,0.03933197259902954,-0.024181809276342392,-0.0014227329520508647,0.2789655029773712,1.0,0.0,-0.008290001191198826
2.7,0,0.04010866582393646,-0.0241856686770916,0.0015784333227202296,0.2789532244205475,1.0,0.0,-0.00824618898332119
2.75,0,0.040882743895053864,-0.02411692775785923,0.004437766503542662,0.27894675731658936,1.0,0.0,-0.007821222767233849
2.8,0,0.04162638634443283,-0.02391526661813259,0.003692392259836197,0.2789461314678192,1.0,0.0,-0.008700380101799965
2.85,0,0.04239580035209656,-0.02372715435922146,0.0038205450400710106,0.2789359986782074,1.0,0.0,-0.008910531178116798
2.9,0,0.04312856122851372,-0.02363545261323452,-0.0036746046971529722,0.27895089983940125,1.0,0.0,-0.00427751149982214
2.95,0,0.04377492517232895,-0.02370123565196991,-0.005846591200679541,0.2790186107158661,1.0,0.0,-0.0048867748118937016
3.0,0,0.04444463551044464,-0.023781880736351013,-0.007507665082812309,0.27906474471092224,1.0,0.0,-0.004862649831920862
3.05,0,0.045118361711502075,-0.023864738643169403,-0.008826994337141514,0.27910420298576355,1.0,0.0,-0.005456659477204084
3.1,0,0.04580656439065933,-0.023962637409567833,-0.010044896975159645,0.27913784980773926,1.0,0.0,-0.005645924713462591
3.15,0,0.04650465026497841,-0.0240764282643795,-0.011809310875833035,0.27916228771209717,1.0,0.0,-0.005005654878914356
3.2,0,0.04721124470233917,-0.02414325438439846,-0.012556709349155426,0.2791740596294403,1.0,0.0,-0.005100379232317209
3.25,0,0.0479264110326767,-0.024282319471240044,-0.015057186596095562,0.2791694104671478,1.0,0.0,-0.004913308657705784
3.3,0,0.048641156405210495,-0.024385128170251846,-0.016222326084971428,0.27915215492248535,1.0,0.0,-0.0034884593915194273
3.35,0,0.04936475306749344,-0.024505382403731346,-0.018192414194345474,0.27858951687812805,1.0,0.0,-0.004704418126493692
3.4,0,0.05009537935256958,-0.024622788652777672,-0.019468117505311966,0.2785874307155609,1.0,0.0,-0.0037655257619917393
3.4499999999999997,0,0.05082821100950241,-0.024781586602330208,-0.018311697989702225,0.2789965271949768,1.0,0.0,-0.004954968113452196
3.5,0,0.051543980836868286,-0.02504720911383629,-0.010183005593717098,0.2789836525917053,1.0,0.0,-0.005768508650362492
3.55,0,0.05227700620889664,-0.025068189948797226,-0.012381213717162609,0.27895665168762207,1.0,0.0,-0.007511057425290346
3.6,0,0.05302531272172928,-0.025169437751173973,-0.007276910822838545,0.2789278030395508,1.0,0.0,-0.009616468101739883
3.65,0,0.05374842882156372,-0.025252852588891983,-0.00774390297010541,0.27891454100608826,1.0,0.0,-0.007736850064247847
3.6999999999999997,0,0.05447603762149811,-0.02533779852092266,-0.0059939539059996605,0.2789018452167511,1.0,0.0,-0.0070452578365802765
3.75,0,0.055205851793289185,-0.025433767586946487,-0.004991288762539625,0.27888983488082886,1.0,0.0,-0.00792731624096632
3.8,0,0.055960871279239655,-0.025537732988595963,-0.004723565187305212,0.2788671851158142,1.0,0.0,-0.006612848024815321
3.85,0,0.05670706927776337,-0.025633959099650383,-0.0033365064300596714,0.2788514792919159,1.0,0.0,-0.007254378404468298
3.9,0,0.05746251344680786,-0.0257470291107893,-0.0043826624751091,0.27883654832839966,1.0,0.0,-0.007780871819704771
3.9499999999999997,0,0.05815324932336807,-0.025666747242212296,-0.000997390365228057,0.2788458466529846,1.0,0.0,-0.008974350057542324
4.0,0,0.058851517736911774,-0.025533562526106834,-0.002181279705837369,0.27884840965270996,1.0,0.0,-0.007405973505228758
4.05,0,0.05957166478037834,-0.025417450815439224,-0.002733486006036401,0.2788328230381012,1.0,0.0,-0.0068345386534929276
4.1,0,0.06029754877090454,-0.02529989555478096,-0.002637529745697975,0.27881038188934326,1.0,0.0,-0.007518799044191837
4.15,0,0.061045315116643906,-0.02519010752439499,-0.0026741649489849806,0.2788328230381012,1.0,0.0,-0.008017394691705704
4.2,0,0.06178814172744751,-0.025056706741452217,-0.0025037918239831924,0.2788625657558441,1.0,0.0,-0.007441516499966383
4.25,0,0.06254416704177856,-0.024942569434642792,-0.004134242422878742,0.27889105677604675,1.0,0.0,-0.007028885185718536
4.3,0,0.06326080858707428,-0.02458762563765049,0.009035973809659481,0.2789213955402374,1.0,0.0,-0.009661229327321053
4.35,0,0.06401439011096954,-0.024207161739468575,0.009164581075310707,0.2789270281791687,1.0,0.0,-0.009882410056889057
4.4,0,0.0647742822766304,-0.023834137246012688,0.005927529186010361,0.27892082929611206,1.0,0.0,-0.009147685021162033
4.45,0,0.06551480293273926,-0.023571908473968506,0.005957161076366901,0.27891314029693604,1.0,0.0,-0.00935891829431057
4.5,0,0.06625854223966599,-0.02329937554895878,0.010774542577564716,0.2789047360420227,1.0,0.0,-0.014056233689188957
4.55,0,0.06702636927366257,-0.023034708574414253,0.010999707505106926,0.27888622879981995,1.0,0.0,-0.009352235123515129
4.6,0,0.06781086325645447,-0.022763820365071297,0.005638021044433117,0.27885857224464417,1.0,0.0,-0.00867688562721014
4.65,0,0.06854566186666489,-0.022548982873558998,0.005123176611959934,0.2788432538509369,1.0,0.0,-0.007468488998711109
4.7,0,0.06923927366733551,-0.022415462881326675,-5.883914855076e-05,0.27888405323028564,1.0,0.0,-0.0038925933185964823
4.75,0,0.06987346708774567,-0.022400572896003723,-0.0018175258301198483,0.27896225452423096,1.0,0.0,-0.005223135929554701
4.8,0,0.07052381336688995,-0.022412965074181557,-0.003146531991660595,0.2790229320526123,1.0,0.0,-0.006548148114234209
4.85,0,0.07120960205793381,-0.02244321070611477,0.0001389048557030037,0.2790573239326477,1.0,0.0,-0.005871031433343887
4.9,0,0.07191327214241028,-0.02246042713522911,-0.006385271903127432,0.27907443046569824,1.0,0.0,-0.0053694117814302444
4.95,0,0.07261685281991959,-0.022483477368950844,-0.008520258590579033,0.2790873050689697,1.0,0.0,-0.005720282904803753
5.0,0,0.07331285625696182,-0.022598085924983025,-0.009142202325165272,0.27908527851104736,1.0,0.0,-0.005810506641864777
5.05,0,0.07401544600725174,-0.022786542773246765,-0.009600547142326832,0.279072642326355,1.0,0.0,-0.00621115043759346
5.1,0,0.07473132014274597,-0.022983500733971596,-0.008777767419815063,0.27905508875846863,1.0,0.0,-0.006208281498402357
5.15,0,0.07544919848442078,-0.023235177621245384,-0.010831136256456375,0.27903303503990173,1.0,0.0,-0.006196863483637571
5.2,0,0.07616600394248962,-0.023471949622035027,-0.007248454727232456,0.2790191173553467,1.0,0.0,-0.005886239465326071
5.25,0,0.07689175009727478,-0.02365356869995594,-0.006376662291586399,0.2790040671825409,2.0,0.0,-2.011566638946533
5.3,0,0.07761997729539871,-0.023864703252911568,-0.005288904998451471,0.278983473777771,2.0,0.0,-0.01297982968389988
5.35,0,0.07833051681518555,-0.02410113625228405,-0.00569133972749114,0.27896422147750854,2.0,0.0,-0.011924372985959053
5.4,0,0.07904615998268127,-0.024354126304388046,-0.005051265936344862,0.27894750237464905,2.0,0.0,-0.012932632118463516
5.45,0,0.07977656275033951,-0.02462233603000641,-0.004463884513825178,0.2789304852485657,2.0,0.0,-0.013410782441496849
5.5,0,0.08048076927661896,-0.024776123464107513,-0.0014577164547517896,0.2789278030395508,2.0,0.0,-0.0122286481782794
5.55,0,0.0811682716012001,-0.024843433871865273,-0.0017523913411423564,0.27893200516700745,2.0,0.0,-0.013834821060299873
5.6,0,0.08186914026737213,-0.024942809715867043,-0.004335699137300253,0.2789374887943268,2.0,0.0,-0.012530428357422352
5.65,0,0.08255849033594131,-0.025034049525856972,-0.001854953239671886,0.2789507806301117,2.0,0.0,-0.014205695129930973
5.7,0,0.08326219767332077,-0.025067724287509918,-0.0022009112872183323,0.2789560854434967,2.0,0.0,-0.013522038236260414
5.75,0,0.08398591727018356,-0.025122741237282753,-0.0020227227360010147,0.2789527177810669,2.0,0.0,-0.017177138477563858
5.8,0,0.08469563722610474,-0.025144390761852264,-0.0026554118376225233,0.27896061539649963,2.0,0.0,-0.012737191282212734
5.85,0,0.08538693934679031,-0.025111770257353783,-0.003223530249670148,0.2789720296859741,2.0,0.0,-0.013201662339270115
5.9,0,0.0861053392291069,-0.0250965915620327,-0.0041399262845516205,0.278971403837204,2.0,0.0,-0.013397376984357834
5.95,0,0.08684107661247253,-0.02509339712560177,-0.004495492670685053,0.2789628803730011,2.0,0.0,-0.013453745283186436
6.0,0,0.08757716417312622,-0.025076590478420258,-0.004183453973382711,0.27895304560661316,2.0,0.0,-0.015075749717652798
6.05,0,0.08832474052906036,-0.02505277283489704,-0.005118260625749826,0.2789378762245178,2.0,0.0,-0.01299071405082941
6.1,0,0.0890721008181572,-0.02503121644258499,-0.00627119792625308,0.2789231538772583,2.0,0.0,-0.012697454541921616
6.15,0,0.08978083729743958,-0.02474898099899292,0.009012073278427124,0.2789151966571808,2.0,0.0,-0.016001759096980095
6.2,0,0.0905185267329216,-0.02441917546093464,0.008766736835241318,0.27890267968177795,2.0,0.0,-0.016073524951934814
6.25,0,0.091279536485672,-0.024104291573166847,0.009017016738653183,0.2789057493209839,2.0,0.0,-0.018150271847844124
6.3,0,0.09194449335336685,-0.0239351037889719,0.0026031399611383677,0.27891257405281067,2.0,0.0,-0.012233851477503777
6.35,0,0.09256839752197266,-0.02389184944331646,0.0017031950410455465,0.27893802523612976,2.0,0.0,-0.012536407448351383
6.4,0,0.0932256355881691,-0.023877421393990517,-7.117098721209913e-05,0.27898097038269043,2.0,0.0,-0.012845032848417759
6.45,0,0.09389862418174744,-0.023865872994065285,-0.0008511227206327021,0.2790161967277527,2.0,0.0,-0.013383099809288979
6.5,0,0.09459060430526733,-0.023861173540353775,-0.0013683834113180637,0.27904191613197327,2.0,0.0,-0.01306257862597704
6.55,0,0.09528927505016327,-0.023856960237026215,-0.0017808146076276898,0.2790646255016327,2.0,0.0,-0.013267796486616135
6.6,0,0.0959969237446785,-0.02385127544403076,-0.003047594102099538,0.279083251953125,2.0,0.0,-0.012303070165216923
6.6499999999999995,0,0.0967072919011116,-0.023831620812416077,-0.0023357938043773174,0.2790999710559845,2.0,0.0,-0.012441612780094147
6.7,0,0.09741353243589401,-0.023778997361660004,-0.0022392019163817167,0.27911239862442017,2.0,0.0,-0.013544978573918343
6.75,0,0.09814564138650894,-0.023738732561469078,-0.004288261756300926,0.2791106402873993,2.0,0.0,-0.013047848828136921
6.8,0,0.09888387471437454,-0.023705605417490005,-0.0056199971586465836,0.27910566329956055,2.0,0.0,-0.012873747386038303
6.85,0,0.09962578862905502,-0.023668577894568443,-0.009160579182207584,0.2790997326374054,2.0,0.0,-0.012466082349419594
6.8999999999999995,0,0.10030122101306915,-0.023740379139780998,-0.0053074960596859455,0.2790929973125458,2.0,0.0,-0.013519765809178352
6.95,0,0.1010330468416214,-0.02382567711174488,-0.004955376498401165,0.27906399965286255,2.0,0.0,-0.014271211810410023
7.0,0,0.10177188366651535,-0.023905206471681595,-0.004028524272143841,0.2790358066558838,2.0,0.0,-0.0144118070602417
7.05,0,0.1025216355919838,-0.02400094084441662,-0.004116840660572052,0.2790095806121826,2.0,0.0,-0.014174535870552063
7.1,0,0.10327029228210449,-0.024098709225654602,-0.0040978179313242435,0.2789873480796814,2.0,0.0,-0.014433478936553001
7.1499999999999995,0,0.10404156148433685,-0.02421107143163681,-0.0017885920824483037,0.27895882725715637,2.0,0.0,-0.014143845066428185
7.2,0,0.10480685532093048,-0.024312082678079605,-0.003862315323203802,0.27894628047943115,2.0,0.0,-0.013956797309219837
7.25,0,0.10558850318193436,-0.024438105523586273,-0.0029523090925067663,0.27892428636550903,2.0,0.0,-0.013615302741527557
7.3,0,0.10637436807155609,-0.024564577266573906,-0.0033282837830483913,0.2789066433906555,2.0,0.0,-0.013551922515034676
7.35,0,0.10715532302856445,-0.024654975160956383,0.0007833084091544151,0.2788938879966736,2.0,0.0,-0.01271531917154789
7.3999999999999995,0,0.1078735888004303,-0.024545492604374886,-0.0005780644132755697,0.2789131999015808,2.0,0.0,-0.013821463100612164
7.45,0,0.10859770327806473,-0.02441318705677986,0.007454846985638142,0.2789278030395508,2.0,0.0,-0.01547036599367857
7.5,0,0.10926618427038193,-0.024277830496430397,0.001413404825143516,0.27896952629089355,2.0,0.0,-0.0127285560593009
7.55,0,0.10991927236318588,-0.0242395531386137,0.0003298957890365273,0.2790178060531616,2.0,0.0,-0.013334249146282673
7.6,0,0.11059430241584778,-0.024231266230344772,-0.00025814975379034877,0.27904412150382996,2.0,0.0,-0.013560094870626926
7.6499999999999995,0,0.111277736723423,-0.024219518527388573,-0.0009583336650393903,0.2790655791759491,2.0,0.0,-0.013586862944066525
7.7,0,0.11197424679994583,-0.024234727025032043,-0.0022796739358454943,0.27905401587486267,2.0,0.0,-0.013892896473407745
7.75,0,0.11268535256385803,-0.02425394579768181,-0.0030823040287941694,0.27903980016708374,2.0,0.0,-0.0129321264103055
7.8,0,0.11339765042066574,-0.024255884811282158,-0.0035258044954389334,0.27903056144714355,2.0,0.0,-0.013557163998484612
7.85,0,0.11412469297647476,-0.024268435314297676,-0.0051209582015872,0.2790241837501526,2.0,0.0,-0.013091141358017921
7.8999999999999995,0,0.11483904719352722,-0.024258939549326897,-0.00335334544070065,0.27902141213417053,2.0,0.0,-0.013218961656093597
7.95,0,0.11558631807565689,-0.024251453578472137,-0.00521839689463377,0.27900969982147217,2.0,0.0,-0.01305054035037756
8.0,0,0.11633282154798508,-0.024245569482445717,-0.0058816904202103615,0.27899685502052307,2.0,0.0,-0.012984653934836388
8.05,0,0.1170787662267685,-0.02422458678483963,-0.00524876918643713,0.27898529171943665,2.0,0.0,-0.012733175419270992
8.1,0,0.11783698946237564,-0.02416895143687725,-0.006720362231135368,0.27896687388420105,2.0,0.0,-0.012482825666666031
8.15,0,0.11859717965126038,-0.024045545607805252,0.0012918203137814999,0.2789451777935028,2.0,0.0,-0.014422832056879997
8.2,0,0.1193598061800003,-0.023819684982299805,-3.515365824569017e-05,0.27892881631851196,2.0,0.0,-0.013834605924785137
8.25,0,0.1201331615447998,-0.023612264543771744,0.0007268579211086035,0.27890413999557495,2.0,0.0,-0.014980402775108814
8.3,0,0.12088754028081894,-0.023490583524107933,-0.0038345837965607643,0.2788962423801422,2.0,0.0,-0.012468161061406136
8.35,0,0.1216040551662445,-0.02341311238706112,-0.004940100479871035,0.27891263365745544,2.0,0.0,-0.012953241355717182
8.4,0,0.12227904796600342,-0.023506412282586098,-0.006047374103218317,0.2789040803909302,2.0,0.0,-0.012089099735021591
8.45,0,0.12298136949539185,-0.023638371378183365,-0.006245062220841646,0.2788883447647095,2.0,0.0,-0.013081301003694534
8.5,0,0.123695507645607,-0.023798536509275436,-0.006337868515402079,0.2788708806037903,2.0,0.0,-0.013181519694626331
8.55,0,0.12442007660865784,-0.02396235428750515,-0.006095305550843477,0.2788543105125427,2.0,0.0,-0.013115442357957363
8.6,0,0.12515564262866974,-0.024138201028108597,-0.0051985010504722595,0.2788648307323456,2.0,0.0,-0.013120546005666256
8.65,0,0.1258922517299652,-0.024326210841536522,-0.0053666396997869015,0.27887770533561707,2.0,0.0,-0.013098626397550106
8.7,0,0.12663856148719788,-0.02452068217098713,-0.0045112669467926025,0.27888748049736023,2.0,0.0,-0.012750685214996338
8.75,0,0.1273941546678543,-0.024724453687667847,-0.004996530711650848,0.27889376878738403,2.0,0.0,-0.012813243083655834
8.8,0,0.1281457096338272,-0.024916939437389374,-0.007691424340009689,0.2789047956466675,2.0,0.0,-0.011137775145471096
8.85,0,0.12880027294158936,-0.0252853836864233,-0.012001409195363522,0.27885836362838745,2.0,0.0,-0.0049964566715061665
8.9,0,0.12924374639987946,-0.027688074856996536,-0.03602965548634529,0.2789461314678192,2.0,0.0,-0.016459882259368896
8.95,0,0.1292070746421814,-0.03269878774881363,-0.08554970473051071,0.27983370423316956,2.0,0.0,-0.04308979585766792
9.0,0,0.12863777577877045,-0.037765275686979294,-0.06925388425588608,0.2799270749092102,2.0,0.0,-0.04859402775764465
9.05,0,0.12815076112747192,-0.04106663540005684,-0.04636714980006218,0.2790573239326477,2.0,0.0,-0.033096667379140854
9.1,0,0.12785650789737701,-0.04376489296555519,-0.03973851352930069,0.27848073840141296,2.0,0.0,-0.02661002054810524
9.15,0,0.12763454020023346,-0.046365976333618164,-0.041753340512514114,0.2780301570892334,2.0,0.0,-0.02626766264438629
9.2,0,0.1267511397600174,-0.04692508652806282,0.061741188168525696,0.27735647559165955,2.0,0.0,-0.09276369959115982
9.25,0,0.12300364673137665,-0.03932652249932289,0.18067213892936707,0.2758495807647705,2.0,0.0,-0.1857939511537552
9.3,0,0.11781039088964462,-0.02904924564063549,0.20450130105018616,0.2742983102798462,2.0,0.0,-0.20347487926483154
9.35,0,0.11323482543230057,-0.023196518421173096,0.061041802167892456,0.2730918228626251,2.0,0.0,-0.16007883846759796
9.4,0,0.10986381024122238,-0.023351527750492096,0.023926682770252228,0.271897554397583,2.0,0.0,-0.13114801049232483
9.45,0,0.10768060386180878,-0.027787236496806145,-0.12829990684986115,0.2709285616874695,2.0,0.0,-0.16855929791927338
9.5,0,0.10562589019536972,-0.03424590080976486,-0.16632425785064697,0.2701379656791687,2.0,0.0,-0.1506265103816986
9.55,0,0.10416467487812042,-0.04345550760626793,-0.257199764251709,0.2696758508682251,2.0,0.0,-0.1588025987148285
9.6,0,0.10347000509500504,-0.05010468140244484,-0.017420995980501175,0.3064706027507782,2.0,0.0,-0.19356635212898254
9.65,0,0.1034773513674736,-0.0494009293615818,-0.02667710743844509,0.30644670128822327,2.0,0.0,-0.041518304497003555
9.7,0,0.10345450043678284,-0.048861850053071976,-0.032286275178194046,0.3065056800842285,2.0,0.0,-0.03943975642323494
9.75,0,0.10347495973110199,-0.04860183969140053,-0.03085831180214882,0.3066820502281189,2.0,0.0,-0.0392533577978611
9.8,0,0.10346570611000061,-0.048330895602703094,-0.01843429170548916,0.2732590436935425,2.0,0.0,-0.0393608883023262
9.85,0,0.10344064235687256,-0.048073526471853256,-0.025651168078184128,0.2736625671386719,2.0,0.0,-0.039217639714479446
9.9,0,0.10348965227603912,-0.04784734919667244,-0.02011430449783802,0.27407002449035645,2.0,0.0,-0.035846251994371414
9.95,0,0.10352836549282074,-0.04766090214252472,-0.0348346009850502,0.27445679903030396,2.0,0.0,-0.03821134194731712
10.0,0,0.10352912545204163,-0.047407276928424835,-0.038790956139564514,0.27481788396835327,2.0,0.0,-0.03740156069397926
10.05,0,0.1035219207406044,-0.04719631001353264,-0.02278963103890419,0.30845895409584045,2.0,0.0,-0.034987688064575195
10.1,0,0.10355192422866821,-0.04699847847223282,-0.035110894590616226,0.27564844489097595,2.0,0.0,-0.03615927696228027
10.15,0,0.10358114540576935,-0.04682645574212074,-0.030692480504512787,0.27606791257858276,2.0,0.0,-0.034897513687610626
10.2,0,0.10361146926879883,-0.046657904982566833,-0.03088945522904396,0.2764957547187805,2.0,0.0,-0.03470386937260628
10.25,0,0.10364075750112534,-0.04648522287607193,-0.030827004462480545,0.2769051194190979,2.0,0.0,-0.03470693901181221
10.3,0,0.10366617143154144,-0.04631166532635689,-0.03342660889029503,0.2772999405860901,2.0,0.0,-0.034233517944812775
10.35,0,0.10367299616336823,-0.04617222771048546,-0.037228189408779144,0.2776777744293213,2.0,0.0,-0.03501000255346298
10.4,0,0.1036795824766159,-0.046013131737709045,-0.032039523124694824,0.2780466377735138,2.0,0.0,-0.03489690646529198
10.45,0,0.10368774831295013,-0.04584445431828499,-0.03513853996992111,0.27840423583984375,2.0,0.0,-0.03374992683529854
10.5,0,0.10370339453220367,-0.04570107161998749,-0.03166444972157478,0.2787598669528961,2.0,0.0,-0.033234983682632446
10.55,0,0.1037188470363617,-0.0455583855509758,-0.03631482645869255,0.2791002690792084,2.0,0.0,-0.03336993604898453
10.6,0,0.103726327419281,-0.045410219579935074,-0.037528473883867264,0.27943357825279236,2.0,0.0,-0.033627431839704514
10.65,0,0.1037331223487854,-0.045267850160598755,-0.03777289763092995,0.2797508239746094,2.0,0.0,-0.03329300880432129
10.7,0,0.10374793410301208,-0.04515323042869568,-0.040091339498758316,0.28006693720817566,2.0,0.0,-0.03400023281574249
10.75,0,0.1037498414516449,-0.04501327499747276,-0.039149247109889984,0.280365914106369,2.0,0.0,-0.03355563431978226
10.8,0,0.10375169664621353,-0.044891130179166794,-0.028559433296322823,0.28065335750579834,2.0,0.0,-0.03195233643054962
10.85,0,0.10375276207923889,-0.04475613310933113,-0.04040386155247688,0.280940443277359,2.0,0.0,-0.03411632776260376
10.9,0,0.10374912619590759,-0.04463251680135727,-0.040612731128931046,0.2812100648880005,2.0,0.0,-0.0339222252368927
10.95,0,0.10372874140739441,-0.04448038712143898,-0.040909428149461746,0.28151655197143555,2.0,0.0,-0.034270331263542175
11.0,0,0.10374420136213303,-0.044418565928936005,-0.03264717385172844,0.2818864583969116,2.0,0.0,-0.03164399415254593
11.05,0,0.10416365414857864,-0.044298719614744186,-0.022471046075224876,0.2821301221847534,2.0,0.0,-0.04369448125362396
11.1,0,0.10492579638957977,-0.04406933858990669,-0.02197008952498436,0.28241491317749023,2.0,0.0,-0.047927044332027435
11.15,0,0.1057007759809494,-0.043849341571331024,-0.02435414120554924,0.28261643648147583,2.0,0.0,-0.043464597314596176
11.2,0,0.10645922273397446,-0.04358121380209923,-0.02227279171347618,0.28280141949653625,2.0,0.0,-0.04191432520747185
11.25,0,0.10723969340324402,-0.04332505911588669,-0.02214888483285904,0.2829996347427368,2.0,0.0,-0.04348072037100792
11.3,0,0.10803845524787903,-0.0430787168443203,-0.023808762431144714,0.28317078948020935,2.0,0.0,-0.04296504333615303
11.35,0,0.1088399887084961,-0.04282793030142784,-0.02381369099020958,0.28332510590553284,2.0,0.0,-0.042626649141311646
11.4,0,0.10966721922159195,-0.04258808493614197,-0.022180743515491486,0.28348293900489807,2.0,0.0,-0.042572021484375
11.45,0,0.11047923564910889,-0.042296215891838074,-0.019177792593836784,0.2836381793022156,2.0,0.0,-0.043899450451135635
11.5,0,0.11133419722318649,-0.04203524813055992,-0.018231378868222237,0.28380799293518066,2.0,0.0,-0.04429769143462181
11.55,0,0.11220677942037582,-0.04178251326084137,-0.024264784529805183,0.2839525640010834,2.0,0.0,-0.041788239032030106
11.6,0,0.11307790875434875,-0.04153459519147873,-0.021909669041633606,0.284105122089386,2.0,0.0,-0.042024314403533936
11.65,0,0.11395394802093506,-0.041252247989177704,-0.023986784741282463,0.2842450439929962,2.0,0.0,-0.041442062705755234
11.7,0,0.11483269184827805,-0.04096640273928642,-0.013901922851800919,0.28435611724853516,2.0,0.0,-0.04076484590768814
11.75,0,0.11549049615859985,-0.04107431694865227,-0.03467613458633423,0.2843192219734192,2.0,0.0,-0.03437255695462227
11.8,0,0.11617084592580795,-0.041240230202674866,-0.03572097793221474,0.28428834676742554,2.0,0.0,-0.03464566543698311
11.85,0,0.1168748214840889,-0.04146600514650345,-0.03474875167012215,0.2842443585395813,2.0,0.0,-0.03584877774119377
11.9,0,0.11760716140270233,-0.04173218458890915,-0.03475518152117729,0.28420671820640564,2.0,0.0,-0.035649046301841736
11.95,0,0.11834455281496048,-0.042005427181720734,-0.031154939904808998,0.2841624319553375,2.0,0.0,-0.04020151495933533
12.0,0,0.11908750236034393,-0.042292725294828415,-0.03507760539650917,0.28410208225250244,2.0,0.0,-0.036927126348018646
12.05,0,0.1198602169752121,-0.04261872544884682,-0.03945203870534897,0.28406596183776855,2.0,0.0,-0.037083495408296585
12.1,0,0.12051708996295929,-0.04274504631757736,-0.039562176913022995,0.28407400846481323,2.0,0.0,-0.03117908537387848
12.15,0,0.12112855166196823,-0.04283169284462929,-0.03641698136925697,0.28411635756492615,2.0,0.0,-0.03442157804965973
12.2,0,0.1217825710773468,-0.042979586869478226,-0.03503423556685448,0.28418073058128357,2.0,0.0,-0.034733712673187256
12.25,0,0.12244568765163422,-0.043130531907081604,-0.040168870240449905,0.28422749042510986,2.0,0.0,-0.03431389480829239
12.3,0,0.1231408566236496,-0.043340783566236496,-0.03711399435997009,0.28429290652275085,2.0,0.0,-0.03525238111615181
12.35,0,0.12384264916181564,-0.04355475679039955,-0.03895873948931694,0.284349262714386,2.0,0.0,-0.03653917461633682
12.4,0,0.12455140799283981,-0.04378441721200943,-0.03549455106258392,0.28439927101135254,2.0,0.0,-0.037413258105516434
12.45,0,0.12527194619178772,-0.043996866792440414,-0.035316143184900284,0.28444528579711914,2.0,0.0,-0.03820626065135002
12.5,0,0.12600696086883545,-0.043955154716968536,-0.02509976550936699,0.284516841173172,2.0,0.0,-0.039424266666173935
12.55,0,0.1267658770084381,-0.043852176517248154,-0.02774842269718647,0.2846008837223053,2.0,0.0,-0.040665991604328156
12.6,0,0.127523735165596,-0.04373301938176155,-0.032885003834962845,0.2846686542034149,2.0,0.0,-0.03973807767033577
12.65,0,0.1282862424850464,-0.04362848401069641,-0.027026597410440445,0.284745991230011,2.0,0.0,-0.04001329466700554
12.7,0,0.1290586143732071,-0.0435079000890255,-0.02963525615632534,0.2848241925239563,2.0,0.0,-0.03891244903206825
12.75,0,0.12982599437236786,-0.04337124899029732,-0.02843545190989971,0.284900426864624,2.0,0.0,-0.03965519741177559
12.8,0,0.13063202798366547,-0.04326872527599335,-0.029454007744789124,0.28494763374328613,2.0,0.0,-0.0408136360347271
12.85,0,0.13144312798976898,-0.04317145422101021,-0.025906672701239586,0.2850257158279419,2.0,0.0,-0.041191793978214264
12.9,0,0.13226686418056488,-0.04308405518531799,-0.012204324826598167,0.2850732207298279,2.0,0.0,-0.04362614452838898
12.95,0,0.13312071561813354,-0.04270533472299576,-0.017133450135588646,0.28520089387893677,2.0,0.0,-0.046679336577653885
13.0,0,0.13397644460201263,-0.04216625541448593,-0.013769254088401794,0.28525862097740173,2.0,0.0,-0.047212786972522736
13.049999999999999,0,0.13487285375595093,-0.04158902168273926,-0.012136292643845081,0.28539109230041504,2.0,0.0,-0.047545626759529114
13.1,0,0.13566559553146362,-0.04125628620386124,-0.02208772487938404,0.2854350209236145,2.0,0.0,-0.03869733214378357
13.15,0,0.13631640374660492,-0.04116392880678177,-0.024246037006378174,0.28531768918037415,2.0,0.0,-0.035802263766527176
13.2,0,0.13700541853904724,-0.041150644421577454,-0.022199438884854317,0.28524449467658997,2.0,0.0,-0.037644580006599426
13.25,0,0.13772085309028625,-0.04117467626929283,-0.022990437224507332,0.2851746678352356,2.0,0.0,-0.03680591657757759
13.299999999999999,0,0.1384533941745758,-0.04123464226722717,-0.020526105538010597,0.2851238548755646,2.0,0.0,-0.03864322230219841
13.35,0,0.13919618725776672,-0.04128018394112587,-0.024338223040103912,0.285063236951828,2.0,0.0,-0.038326919078826904
13.4,0,0.13972792029380798,-0.04106176272034645,-0.023195168003439903,0.28508615493774414,2.0,0.0,-0.031136825680732727
13.45,0,0.1402333676815033,-0.04091070592403412,-0.022964930161833763,0.28510361909866333,2.0,0.0,-0.03450602665543556
13.5,0,0.14080773293972015,-0.04086443781852722,-0.020961720496416092,0.2851468324661255,2.0,0.0,-0.03562559932470322
13.549999999999999,0,0.1414022296667099,-0.04088391736149788,-0.02102779410779476,0.3109145164489746,2.0,0.0,-0.03549954295158386
13.6,0,0.14200043678283691,-0.040884606540203094,-0.024864086881279945,0.28523147106170654,2.0,0.0,-0.03442768752574921
13.65,0,0.14259524643421173,-0.04092571511864662,-0.024169638752937317,0.2852628529071808,2.0,0.0,-0.03444531187415123
13.7,0,0.14322088658809662,-0.04097433760762215,-0.03173137456178665,0.2853076457977295,2.0,0.0,-0.035205427557229996
13.75,0,0.14387592673301697,-0.041030190885066986,-0.0263474490493536,0.28535646200180054,2.0,0.0,-0.03585900366306305
13.799999999999999,0,0.14454032480716705,-0.041090741753578186,-0.02881484292447567,0.2854079604148865,2.0,0.0,-0.03520505875349045
13.85,0,0.14521001279354095,-0.041151124984025955,-0.026473315432667732,0.2854575514793396,2.0,0.0,-0.03543165698647499
13.9,0,0.1458873450756073,-0.04119742661714554,-0.02810821868479252,0.285498708486557,2.0,0.0,-0.03651151806116104
13.95,0,0.1465773582458496,-0.041247233748435974,-0.023599514737725258,0.2855459153652191,2.0,0.0,-0.0361366868019104
14.0,0,0.14728501439094543,-0.041301339864730835,-0.028204796835780144,0.28558337688446045,2.0,0.0,-0.03595833107829094
14.049999999999999,0,0.14799733459949493,-0.041356489062309265,-0.031117524951696396,0.28562867641448975,2.0,0.0,-0.0369071401655674
14.1,0,0.14872679114341736,-0.04141346365213394,-0.028639262542128563,0.28566741943359375,2.0,0.0,-0.03813661262392998
14.15,0,0.14946891367435455,-0.04148257151246071,-0.03068244643509388,0.28570300340652466,2.0,0.0,-0.037730660289525986
14.2,0,0.1502147912979126,-0.04153849184513092,-0.025036176666617393,0.285744845867157,2.0,0.0,-0.03739232197403908
14.25,0,0.15098029375076294,-0.04159696772694588,-0.03148864954710007,0.2857823669910431,2.0,0.0,-0.03824983164668083
14.299999999999999,0,0.15175653994083405,-0.04166221246123314,-0.031247759237885475,0.2858152985572815,2.0,0.0,-0.03822708874940872
14.35,0,0.15254347026348114,-0.04172908887267113,-0.033724792301654816,0.285849004983902,2.0,0.0,-0.03903602808713913
14.4,0,0.15334521234035492,-0.04180628061294556,-0.03506029397249222,0.28587642312049866,2.0,0.0,-0.03853180631995201
14.45,0,0.1541450172662735,-0.0418739952147007,-0.035060226917266846,0.28589510917663574,2.0,0.0,-0.0386446937918663
14.5,0,0.1549515575170517,-0.04193519055843353,-0.034870121628046036,0.285908579826355,2.0,0.0,-0.03691596910357475
14.549999999999999,0,0.15574827790260315,-0.0418698713183403,-0.010058064945042133,0.28591060638427734,2.0,0.0,-0.043338142335414886
14.6,0,0.1566011607646942,-0.041406843811273575,-0.01330401748418808,nan,2.0,0.0,-0.045524608343839645
14.65,0,0.15747837722301483,-0.040945857763290405,-0.011743989773094654,nan,2.0,0.0,-0.04510044679045677
14.7,0,0.15837787091732025,-0.04043140634894371,-0.007026765029877424,nan,2.0,0.0,-0.04723157361149788
14.75,0,0.15931490063667297,-0.03988314047455788,-0.007970945909619331,nan,2.0,0.0,-0.04673731327056885
14.799999999999999,0,0.16026571393013,-0.03933684155344963,-0.006436098832637072,nan,2.0,0.0,-0.04755008593201637
14.85,0,0.16119889914989471,-0.03890363499522209,-0.024318194016814232,nan,2.0,0.0,-0.03499848023056984
14.9,0,0.16186410188674927,-0.03885456547141075,-0.02805902622640133,nan,2.0,0.0,-0.033817097544670105
14.95,0,0.16257905960083008,-0.038895733654499054,-0.029878126457333565,nan,2.0,0.0,-0.03443180024623871
15.0,0,0.16328918933868408,-0.03900228440761566,-0.026633720844984055,nan,2.0,0.0,-0.03545461967587471
15.049999999999999,0,0.1640222668647766,-0.0390799455344677,-0.027177197858691216,nan,2.0,0.0,-0.03579757362604141
15.1,0,0.16478310525417328,-0.039225634187459946,-0.028860975056886673,nan,2.0,0.0,-0.03616463392972946
15.15,0,0.16555963456630707,-0.03936399519443512,-0.019305996596813202,nan,2.0,0.0,-0.041697174310684204
15.2,0,0.16636186838150024,-0.03944990411400795,-0.017255399376153946,nan,2.0,0.0,-0.03868759423494339
15.25,0,0.16699188947677612,-0.03933493793010712,-0.03289741650223732,nan,2.0,0.0,-0.030862532556056976
15.299999999999999,0,0.1675933301448822,-0.03924255073070526,-0.026394616812467575,nan,2.0,0.0,-0.033523403108119965
15.35,0,0.16825897991657257,-0.03921191021800041,-0.03046533092856407,nan,2.0,0.0,-0.034467682242393494
15.4,0,0.1689479649066925,-0.03924445062875748,-0.03562968969345093,nan,2.0,0.0,-0.034366175532341
15.45,0,0.16966687142848969,-0.039262376725673676,-0.0352637879550457,nan,2.0,0.0,-0.0350109227001667
15.5,0,0.17040856182575226,-0.039298463612794876,-0.03475676849484444,nan,2.0,0.0,-0.03477346524596214
15.549999999999999,0,0.1711292266845703,-0.03930961340665817,-0.03611776605248451,nan,2.0,0.0,-0.03428458049893379
15.6,0,0.17181801795959473,-0.03940778970718384,-0.03690795227885246,nan,2.0,0.0,-0.032201170921325684
15.65,0,0.17243081331253052,-0.03958126902580261,-0.04032104089856148,nan,2.0,0.0,-0.030551310628652573
15.7,0,0.1730812042951584,-0.039830245077610016,-0.031700439751148224,-0.28600984811782837,2.0,0.0,-0.03493510186672211
15.75,0,0.17373566329479218,-0.04011532664299011,-0.05432485416531563,nan,2.0,0.0,-0.031223628669977188
15.799999999999999,0,0.17440229654312134,-0.040442127734422684,-0.04350534453988075,nan,2.0,0.0,-0.031374502927064896
15.85,0,0.17505337297916412,-0.04074244573712349,-0.05439641326665878,nan,2.0,0.0,-0.03134094923734665
15.9,0,0.17567852139472961,-0.04113799333572388,-0.05251382663846016,nan,2.0,0.0,-0.031184181571006775
15.95,0,0.17634239792823792,-0.04160011559724808,-0.038326989859342575,nan,2.0,0.0,-0.03507762774825096
16.0,0,0.17702309787273407,-0.04203902184963226,-0.038331858813762665,nan,2.0,0.0,-0.03472954034805298
16.05,0,0.1770639717578888,-0.042394138872623444,-0.032410476356744766,nan,2.0,0.0,-0.03740427643060684
16.1,0,0.17699721455574036,-0.042287081480026245,-0.022581202909350395,nan,2.0,0.0,-0.03275622799992561
16.15,0,0.17688706517219543,-0.042146358639001846,-0.00968974456191063,nan,2.0,0.0,-0.034615449607372284
16.2,0,0.17677919566631317,-0.042078498750925064,-0.013826741836965084,nan,2.0,0.0,-0.0335707888007164
16.25,0,0.17669272422790527,-0.042083047330379486,-0.0152476467192173,nan,2.0,0.0,-0.03227447718381882
16.3,0,0.17661799490451813,-0.0421026274561882,-0.018042823299765587,nan,2.0,0.0,-0.03139423951506615
16.35,0,0.1765524446964264,-0.04212094098329544,-0.013923496007919312,nan,2.0,0.0,-0.030799254775047302
16.4,0,0.17648901045322418,-0.04213690385222435,-0.014715305529534817,nan,2.0,0.0,-0.0305669903755188
16.45,0,0.17642995715141296,-0.04214679077267647,-0.013267935253679752,nan,2.0,0.0,-0.030823558568954468
16.5,0,0.17636170983314514,-0.0421491414308548,-0.013493156991899014,nan,2.0,0.0,-0.030910279601812363
16.55,0,0.17629380524158478,-0.042147085070610046,-0.013638975098729134,nan,2.0,0.0,-0.030757486820220947
16.6,0,0.17622964084148407,-0.04214535281062126,-0.013716871850192547,nan,2.0,0.0,-0.030636299401521683
16.65,0,0.1761685311794281,-0.04214334860444069,-0.013753117993474007,nan,2.0,0.0,-0.03052670881152153
16.7,0,0.1761096715927124,-0.04213962331414223,-0.013782639056444168,nan,2.0,0.0,-0.03043559566140175
16.75,0,0.17605237662792206,-0.04213649779558182,-0.014325196854770184,nan,2.0,0.0,-0.03025773912668228
16.8,0,0.17599692940711975,-0.04213183745741844,-0.014412886463105679,nan,2.0,0.0,-0.03016413003206253
16.85,0,0.17594283819198608,-0.04212392121553421,-0.01386281382292509,nan,2.0,0.0,-0.030209682881832123
16.9,0,0.1758899837732315,-0.04211850091814995,-0.013044815510511398,nan,2.0,0.0,-0.03053225949406624
16.95,0,0.17582586407661438,-0.04210403189063072,-0.013381616212427616,nan,2.0,0.0,-0.030615173280239105
17.0,0,0.17576119303703308,-0.04208868369460106,-0.013516880571842194,nan,2.0,0.0,-0.030499987304210663
17.05,0,0.1757081151008606,-0.042065009474754333,-0.025853972882032394,nan,2.0,0.0,-0.031091541051864624
17.1,0,0.17568373680114746,-0.0420350581407547,-0.027865508571267128,nan,2.0,0.0,-0.029395870864391327
17.15,0,0.1756116896867752,-0.0419524647295475,-0.03163793683052063,nan,2.0,0.0,-0.032255951315164566
17.2,0,0.17558974027633667,-0.04196914657950401,-0.028247764334082603,nan,2.0,0.0,-0.029465965926647186
17.25,0,0.1755668967962265,-0.04196110740303993,-0.028506256639957428,nan,2.0,0.0,-0.030305776745080948
17.3,0,0.175531804561615,-0.041916750371456146,-0.03649983927607536,nan,2.0,0.0,-0.03335338085889816
17.35,0,0.1755112260580063,-0.04193652793765068,-0.02866332419216633,nan,2.0,0.0,-0.031043510884046555
17.4,0,0.1754835695028305,-0.041920822113752365,-0.02965913526713848,nan,2.0,0.0,-0.03168589621782303
17.45,0,0.17544975876808167,-0.041869860142469406,-0.03343154117465019,nan,2.0,0.0,-0.03237267583608627
17.5,0,0.17542055249214172,-0.04185553640127182,-0.029864998534321785,nan,2.0,0.0,-0.03161481395363808
17.55,0,0.17539890110492706,-0.041842661798000336,-0.02912399359047413,nan,2.0,0.0,-0.031512849032878876
17.6,0,0.17537876963615417,-0.041842829436063766,-0.02897978015244007,nan,2.0,0.0,-0.03161825239658356
17.65,0,0.1753542721271515,-0.04182031378149986,-0.029010139405727386,nan,2.0,0.0,-0.03192371502518654
17.7,0,0.17533524334430695,-0.04180949926376343,-0.02947932668030262,nan,2.0,0.0,-0.03134957700967789
17.75,0,0.17532376945018768,-0.0418226458132267,-0.02922959439456463,nan,2.0,0.0,-0.0314808152616024
17.8,0,0.1753099411725998,-0.04182492196559906,-0.029180794954299927,nan,2.0,0.0,-0.03154410049319267
17.85,0,0.17529234290122986,-0.041808437556028366,-0.028061529621481895,nan,2.0,0.0,-0.03180517628788948
17.9,0,0.17528145015239716,-0.04179537668824196,-0.02952549047768116,nan,2.0,0.0,-0.031334418803453445
17.95,0,0.17527368664741516,-0.04180953651666641,-0.029183128848671913,nan,2.0,0.0,-0.031491320580244064
18.0,0,0.17526277899742126,-0.04181283712387085,-0.02908446080982685,nan,2.0,0.0,-0.03158469498157501
18.05,0,0.17524981498718262,-0.0418088436126709,-0.0290311798453331,nan,2.0,0.0,-0.031653277575969696
18.1,0,0.17523400485515594,-0.041771937161684036,-0.03641932085156441,nan,2.0,0.0,-0.03425676003098488
18.15,0,0.17522017657756805,-0.041774116456508636,-0.029154805466532707,nan,2.0,0.0,-0.03159794956445694
18.2,0,0.17521050572395325,-0.041782915592193604,-0.029150987043976784,nan,2.0,0.0,-0.031606510281562805
18.25,0,0.175197571516037,-0.04179445654153824,-0.03322331979870796,nan,2.0,0.0,-0.03481234610080719
18.3,0,0.1751362830400467,-0.04164930433034897,0.0015887392219156027,nan,2.0,0.0,-0.030743569135665894
18.35,0,0.17454123497009277,-0.02452710084617138,0.4140062928199768,nan,2.0,0.0,-0.29149800539016724
18.4,0,0.17745526134967804,-0.010156936943531036,0.2912343740463257,nan,2.0,0.0,-0.206432044506073
18.45,0,0.18084049224853516,-0.0008627887582406402,0.23505164682865143,nan,2.0,0.0,0.09372987598180771
18.5,0,0.1836054027080536,0.005972226615995169,0.20373642444610596,nan,2.0,0.0,0.1321294605731964
18.55,0,0.18576881289482117,0.012755499221384525,0.20908209681510925,nan,2.0,0.0,0.1469769924879074
18.6,0,0.18753758072853088,0.020787516608834267,0.20712649822235107,nan,2.0,0.0,0.14980213344097137
18.65,0,0.18872874975204468,0.03199276700615883,0.2753724157810211,0.2699211835861206,2.0,0.0,0.14599120616912842
18.7,0,0.18880248069763184,0.0379473976790905,0.057330381125211716,0.26600900292396545,2.0,0.0,0.17178934812545776
18.75,0,0.18764783442020416,0.03942933306097984,0.0690571740269661,0.2631325423717499,2.0,0.0,0.15621455013751984
18.8,0,0.1859578788280487,0.041139304637908936,0.06245580315589905,0.26063209772109985,2.0,0.0,0.14572301506996155
18.85,0,0.18382906913757324,0.04265601933002472,0.06801764667034149,0.258480429649353,2.0,0.0,0.13019117712974548
18.9,0,0.18148136138916016,0.043724797666072845,0.044189661741256714,0.2566646337509155,2.0,0.0,0.1264411360025406
18.95,0,0.17922094464302063,0.04494476690888405,0.06343629956245422,0.25500643253326416,2.0,0.0,0.12875168025493622
19.0,0,0.17690207064151764,0.04614515230059624,0.04792735353112221,0.2535059154033661,2.0,0.0,-0.12112759798765182
19.05,0,0.17462146282196045,0.04708961769938469,0.07834210246801376,0.2519516348838806,2.0,0.0,-0.11252078413963318
19.1,0,0.172770693898201,0.047002505511045456,0.011077585630118847,0.25123873353004456,2.0,0.0,-0.07966865599155426
19.15,0,0.17226210236549377,0.04641835018992424,0.029117874801158905,0.25203830003738403,2.0,0.0,-0.03360476344823837
19.2,0,0.1727195829153061,0.046077463775873184,0.037602175027132034,0.25253528356552124,2.0,0.0,-0.03679884970188141
19.25,0,0.17338141798973083,0.04584770277142525,0.038993462920188904,0.25288012623786926,2.0,0.0,-0.03848399594426155
19.3,0,0.1740618646144867,0.04562675580382347,0.041418664157390594,0.25321048498153687,2.0,0.0,-0.03862813487648964
19.35,0,0.17473861575126648,0.04543134197592735,0.03629343956708908,0.2535282075405121,2.0,0.0,-0.037901684641838074
19.4,0,0.17544758319854736,0.045223481953144073,0.037987541407346725,0.25382405519485474,2.0,0.0,-0.038889069110155106
19.45,0,0.17616206407546997,0.04506639763712883,0.038637809455394745,0.25410762429237366,2.0,0.0,-0.03848077729344368
19.5,0,0.17687776684761047,0.04491972178220749,0.03825780749320984,0.2543770670890808,2.0,0.0,-0.03860408812761307
19.55,0,0.17761287093162537,0.04478165879845619,0.0366164892911911,0.25463128089904785,2.0,0.0,0.21145284175872803
19.6,0,0.1783592253923416,0.04468000680208206,0.037016235291957855,0.25486916303634644,2.0,0.0,0.21070653200149536
19.65,0,0.17910394072532654,0.044574905186891556,0.04267687350511551,0.2551295757293701,2.0,0.0,0.20589235424995422
19.7,0,0.17989139258861542,0.04448280483484268,0.03769078850746155,0.2553589344024658,2.0,0.0,0.20967525243759155
19.75,0,0.18068015575408936,0.044402945786714554,0.03731166943907738,0.2555795907974243,2.0,0.0,0.2096230387687683
19.8,0,0.1815047413110733,0.0443008653819561,0.03856828808784485,0.25576984882354736,2.0,0.0,0.2089277058839798
19.85,0,0.18231256306171417,0.04425639286637306,0.038254693150520325,0.2559756338596344,2.0,0.0,0.21018856763839722
19.9,0,0.18310339748859406,0.0441233366727829,0.03054458275437355,0.2561929225921631,2.0,0.0,0.21017509698867798
19.95,0,0.18386918306350708,0.04370032250881195,0.03639194369316101,0.25640133023262024,2.0,0.0,0.21600939333438873
20.0,0,0.18447403609752655,0.04351228103041649,0.0391099788248539,0.2565588057041168,2.0,0.0,0.21853603422641754
20.05,0,0.18510019779205322,0.04327252134680748,0.04659217968583107,0.2567168176174164,2.0,0.0,0.2129323035478592
20.1,0,0.18576116859912872,0.04300627484917641,0.03619597852230072,0.25684136152267456,2.0,0.0,0.20880089700222015
20.15,0,0.1864321082830429,0.04276258125901222,0.03396574407815933,0.25695425271987915,2.0,0.0,0.21333488821983337
20.2,0,0.1871480941772461,0.04244767874479294,0.011844845488667488,0.25706586241722107,2.0,0.0,0.21221764385700226
20.25,0,0.18786321580410004,0.04213706776499748,0.022411014884710312,0.25717735290527344,2.0,0.0,0.21226535737514496
20.3,0,0.1886036992073059,0.04183008894324303,0.03003980964422226,0.2572786808013916,2.0,0.0,0.21268993616104126
20.35,0,0.1893616020679474,0.04149128496646881,0.027989838272333145,0.2573852241039276,2.0,0.0,0.2124021053314209
20.4,0,0.19013085961341858,0.041186876595020294,0.02910998836159706,0.25748786330223083,2.0,0.0,0.21262383460998535
20.45,0,0.19091618061065674,0.0408778116106987,0.033157870173454285,0.25758785009384155,2.0,0.0,0.2119048833847046
20.5,0,0.19171485304832458,0.04055989906191826,0.032925091683864594,0.2576841711997986,2.0,0.0,0.21189501881599426
20.55,0,0.19251473248004913,0.04025832191109657,0.03158240765333176,0.25778257846832275,2.0,0.0,0.21147160232067108
20.6,0,0.1931501030921936,0.04041340574622154,0.046098049730062485,0.25796249508857727,2.0,0.0,0.21365103125572205
20.65,0,0.19380325078964233,0.040591925382614136,0.04390836879611015,0.2581298053264618,2.0,0.0,0.2135724127292633
20.7,0,0.19448542594909668,0.04075481742620468,0.04499948397278786,0.25827765464782715,2.0,0.0,0.21174541115760803
20.75,0,0.19520768523216248,0.04087640345096588,0.04308941960334778,0.2584027647972107,2.0,0.0,0.21247336268424988
20.8,0,0.1959449052810669,0.04100693762302399,0.04271436110138893,0.2585197687149048,2.0,0.0,0.21208779513835907
20.85,0,0.19669611752033234,0.04113904386758804,0.04284220188856125,0.25862669944763184,2.0,0.0,0.21207019686698914
20.9,0,0.19746693968772888,0.041261229664087296,0.04279220849275589,0.2587258219718933,2.0,0.0,0.21113711595535278
20.95,0,0.19824305176734924,0.041407763957977295,0.04574039950966835,0.258816659450531,2.0,0.0,0.21237227320671082
21.0,0,0.19903779029846191,0.04155193269252777,0.04253457486629486,0.2588924467563629,2.0,0.0,0.21173623204231262
21.05,0,0.1998291015625,0.04171615093946457,0.04194838926196098,0.25896739959716797,3.0,0.0,0.2154543548822403
21.1,0,0.2006406933069229,0.04187743738293648,0.041405241936445236,0.2590367794036865,3.0,0.0,0.2151729166507721
21.15,0,0.20145782828330994,0.04205138608813286,0.041640929877758026,nan,3.0,0.0,0.21531616151332855
21.2,0,0.20215991139411926,0.04208091273903847,0.04240211099386215,nan,3.0,0.0,0.2227795571088791
21.25,0,0.20270873606204987,0.04202417656779289,0.0521724596619606,nan,3.0,0.0,0.22083398699760437
21.3,0,0.2033260017633438,0.041920389980077744,0.04071049019694328,nan,3.0,0.0,0.21947577595710754
21.35,0,0.20397761464118958,0.04178536683320999,0.040007103234529495,nan,3.0,0.0,0.21884851157665253
21.4,0,0.20464760065078735,0.04164312034845352,0.036658789962530136,nan,3.0,0.0,0.21712222695350647
21.45,0,0.205344095826149,0.041462287306785583,0.038254596292972565,nan,3.0,0.0,0.21794800460338593
21.5,0,0.20604589581489563,0.04129687696695328,0.034157924354076385,nan,3.0,0.0,0.21765300631523132
21.55,0,0.20676685869693756,0.04110720753669739,0.04197881370782852,nan,3.0,0.0,0.2176707237958908
21.6,0,0.20749102532863617,0.04092494025826454,0.03415524587035179,nan,3.0,0.0,0.2188015729188919
21.65,0,0.2082200050354004,0.04074835032224655,0.03426888957619667,nan,3.0,0.0,0.21829117834568024
21.7,0,0.20895208418369293,0.04057181999087334,0.03484790027141571,nan,3.0,0.0,0.21745100617408752
21.75,0,0.20970489084720612,0.04036895930767059,0.033978819847106934,nan,3.0,0.0,0.21697169542312622
21.8,0,0.21048814058303833,0.04013891890645027,0.03319733589887619,nan,3.0,0.0,0.21885158121585846
21.85,0,0.21126246452331543,0.039997171610593796,0.04170596972107887,nan,3.0,0.0,0.21975523233413696
21.9,0,0.21193286776542664,0.04013100266456604,0.043461207300424576,nan,3.0,0.0,0.2185874730348587
21.95,0,0.21264183521270752,0.040247537195682526,0.04265449941158295,nan,3.0,0.0,0.21831724047660828
22.0,0,0.2133771777153015,0.04033908247947693,0.04157138988375664,nan,3.0,0.0,0.2176433950662613
22.05,0,0.21412762999534607,0.040424980223178864,0.04152386263012886,nan,3.0,0.0,0.2179035246372223
22.1,0,0.21489232778549194,0.04050033912062645,0.04065888747572899,nan,3.0,0.0,0.21739870309829712
22.15,0,0.21566931903362274,0.04057434946298599,0.042733851820230484,nan,3.0,0.0,0.21747379004955292
22.2,0,0.21645084023475647,0.04065928980708122,0.04196254536509514,nan,3.0,0.0,0.2165408879518509
22.25,0,0.21724781394004822,0.040755871683359146,0.04051186516880989,nan,3.0,0.0,0.21637126803398132
22.3,0,0.21796642243862152,0.04093800485134125,0.048910513520240784,nan,3.0,0.0,0.22117507457733154
22.35,0,0.21859273314476013,0.041221216320991516,0.048213113099336624,nan,3.0,0.0,0.21993295848369598
22.4,0,0.2191781848669052,0.041249457746744156,0.03764103353023529,nan,3.0,0.0,0.21931225061416626
22.45,0,0.2197977900505066,0.04115913435816765,0.046596359461545944,nan,3.0,0.0,0.21905899047851562
22.5,0,0.22044114768505096,0.041075121611356735,0.041851162910461426,nan,3.0,0.0,0.21919940412044525
22.55,0,0.2210964560508728,0.04095419496297836,0.041129838675260544,nan,3.0,0.0,0.21837134659290314
22.6,0,0.2217462658882141,0.040842946618795395,0.02448573336005211,nan,3.0,0.0,0.2188483625650406
22.65,0,0.22241723537445068,0.04073459282517433,0.041052673012018204,nan,3.0,0.0,0.21839699149131775
22.7,0,0.22310538589954376,0.04061470925807953,0.03391118720173836,nan,3.0,0.0,0.21676599979400635
22.75,0,0.22379398345947266,0.04046459123492241,0.03779321908950806,nan,3.0,0.0,0.21691001951694489
22.8,0,0.22450770437717438,0.04031269624829292,0.03558038920164108,nan,3.0,0.0,0.21780118346214294
22.85,0,0.2255803942680359,0.03971251845359802,0.05138629302382469,nan,3.0,0.0,0.10662215948104858
22.9,0,0.2296493947505951,0.03736819699406624,-0.041601743549108505,nan,3.0,0.0,0.07007873058319092
22.95,0,0.23425357043743134,0.03175872191786766,-0.10963359475135803,nan,3.0,0.0,0.03930160775780678
23.0,0,0.23962394893169403,0.025731729343533516,-0.09770096093416214,nan,3.0,0.0,0.03159657493233681
23.05,0,0.24258959293365479,0.023079149425029755,0.00039695389568805695,nan,3.0,0.0,0.16121305525302887
23.1,0,0.24286939203739166,0.023881962522864342,0.04748975858092308,nan,3.0,0.0,0.21178194880485535
23.15,0,0.24161899089813232,0.027530239894986153,0.08522369712591171,0.30252736806869507,3.0,0.0,0.182354137301445
23.2,0,0.23915331065654755,0.031808823347091675,0.1064043641090393,0.22088050842285156,3.0,0.0,0.14214271306991577
23.25,0,0.23638984560966492,0.03470734879374504,0.08297612518072128,0.21893176436424255,3.0,0.0,0.14666688442230225
23.3,0,0.23383155465126038,0.03726409748196602,0.0800868421792984,0.21702538430690765,3.0,0.0,0.15173006057739258
23.35,0,0.2311612069606781,0.03935230150818825,0.07577964663505554,0.21517778933048248,3.0,0.0,0.14160911738872528
23.4,0,0.22873789072036743,0.041570983827114105,0.06633413583040237,0.29358309507369995,3.0,0.0,0.1551787406206131
23.45,0,0.22626547515392303,0.04353176802396774,0.07044700533151627,0.21139852702617645,3.0,0.0,0.1485683172941208
23.5,0,0.22389626502990723,0.04501375928521156,0.0880175530910492,0.20973974466323853,3.0,0.0,0.16596607863903046
23.55,0,0.222012460231781,0.04639570415019989,0.08679088950157166,0.2893911600112915,3.0,0.0,0.1857462227344513
23.6,0,0.22056031227111816,0.04724212363362312,0.07115441560745239,0.2885362505912781,3.0,0.0,0.19716931879520416
23.65,0,0.21994391083717346,0.0467718243598938,0.0506354421377182,0.20650449395179749,3.0,0.0,0.21685758233070374
23.7,0,0.22023476660251617,0.04666803777217865,0.04648501053452492,0.20710590481758118,3.0,0.0,0.23626472055912018
23.75,0,0.2208365648984909,0.046485476195812225,0.04478269815444946,0.2883928418159485,3.0,0.0,0.23398658633232117
23.8,0,0.2215261161327362,0.04620424285531044,0.03849907964468002,0.20786449313163757,3.0,0.0,0.2315714806318283
23.85,0,0.22225137054920197,0.045823968946933746,0.03399460390210152,0.2082342505455017,3.0,0.0,0.2303338348865509
23.9,0,0.2229929268360138,0.04544525220990181,0.034115616232156754,0.28887152671813965,3.0,0.0,0.22933979332447052
23.95,0,0.22378484904766083,0.045023687183856964,0.03522137552499771,0.20886331796646118,3.0,0.0,0.22950032353401184
24.0,0,0.22455698251724243,0.044635262340307236,0.048182856291532516,0.20918333530426025,3.0,0.0,0.2325541377067566
24.05,0,0.22521436214447021,0.044641196727752686,0.04973318800330162,0.20952650904655457,3.0,0.0,0.23086385428905487
24.1,0,0.22592893242835999,0.04463053494691849,0.048675619065761566,0.2098287045955658,3.0,0.0,0.2303181141614914
24.15,0,0.22667208313941956,0.04458627477288246,0.03571057692170143,0.2101079225540161,3.0,0.0,0.2304939478635788
24.2,0,0.22713246941566467,0.04471578076481819,0.045960891991853714,0.21037176251411438,3.0,0.0,0.23726384341716766
24.25,0,0.2276444137096405,0.0448390431702137,0.044674959033727646,0.21060609817504883,3.0,0.0,0.2351103574037552
24.3,0,0.2282227724790573,0.04497851803898811,0.04269083961844444,0.21078485250473022,3.0,0.0,0.23537443578243256
24.35,0,0.22884920239448547,0.04509123042225838,0.04430362954735756,0.21094071865081787,3.0,0.0,0.2313346415758133
24.4,0,0.22949978709220886,0.045225728303194046,0.0442146435379982,0.21108166873455048,3.0,0.0,0.22924382984638214
24.45,0,0.2301890105009079,0.04536375030875206,0.04492875561118126,0.21119754016399384,3.0,0.0,0.22990436851978302
24.5,0,0.2308410406112671,0.045276813209056854,0.03933097422122955,0.21134628355503082,3.0,0.0,0.23046281933784485
24.55,0,0.231501042842865,0.045043837279081345,0.03803583234548569,0.21149732172489166,3.0,0.0,0.2298436313867569
24.6,0,0.23219609260559082,0.04478684440255165,0.03839835152029991,0.2116396129131317,3.0,0.0,0.22993122041225433
24.65,0,0.23290753364562988,0.04452065750956535,0.03799042850732803,0.21177472174167633,3.0,0.0,0.23000217974185944
24.7,0,0.2336122840642929,0.04427763819694519,0.03857007995247841,0.21191348135471344,3.0,0.0,0.22982941567897797
24.75,0,0.2343420386314392,0.04402204230427742,0.03792277351021767,0.2120358645915985,3.0,0.0,0.22959831357002258
24.8,0,0.23507985472679138,0.043773334473371506,0.03787741810083389,0.21215490996837616,3.0,0.0,0.2297857403755188
24.85,0,0.235825777053833,0.04353221878409386,0.0374579131603241,0.212272047996521,3.0,0.0,0.2300279140472412
24.9,0,0.2365783303976059,0.043298907577991486,0.03740112483501434,0.21238525211811066,3.0,0.0,0.23018766939640045
24.95,0,0.2373407930135727,0.04307697340846062,0.03907569497823715,0.21249447762966156,3.0,0.0,0.22926318645477295
25.0,0,0.2381020337343216,0.04295862466096878,0.038499221205711365,0.21260157227516174,3.0,0.0,0.22926387190818787
25.05,0,0.23888564109802246,0.042798519134521484,0.03985128551721573,0.2127002775669098,3.0,0.0,0.22888994216918945
25.1,0,0.2396813929080963,0.042627863585948944,0.03899405151605606,0.21279342472553253,3.0,0.0,0.22865524888038635
25.15,0,0.24048879742622375,0.0424530915915966,0.03935633599758148,0.212881401181221,3.0,0.0,0.2287493497133255
25.2,0,0.24131432175636292,0.04224630072712898,0.03914255648851395,0.21296223998069763,3.0,0.0,0.22884917259216309
25.25,0,0.24214228987693787,0.0420919768512249,0.04028119146823883,0.21303756535053253,3.0,0.0,0.22939245402812958
25.3,0,0.24296653270721436,0.04197496175765991,0.040176961570978165,0.2131114900112152,3.0,0.0,0.2291547656059265
25.35,0,0.2438218742609024,0.04177215322852135,0.036779433488845825,0.213178351521492,3.0,0.0,0.2284206598997116
25.4,0,0.24466738104820251,0.04169202968478203,0.04107788950204849,0.2924317717552185,3.0,0.0,0.23017771542072296
25.45,0,0.24529346823692322,0.04184163361787796,0.04266585782170296,0.21326473355293274,3.0,0.0,0.23355738818645477
25.5,0,0.24594712257385254,0.04198351129889488,0.03907304257154465,0.21326923370361328,3.0,0.0,0.23073998093605042
25.55,0,0.24664755165576935,0.04207037016749382,0.04104935750365257,0.21325773000717163,3.0,0.0,0.23131263256072998
25.6,0,0.24736128747463226,0.042098745703697205,0.03917459398508072,0.21324871480464935,3.0,0.0,0.23054464161396027
25.65,0,0.2480868101119995,0.04204273596405983,0.03852112591266632,0.2132427990436554,3.0,0.0,0.2307947427034378
25.7,0,0.24882297217845917,0.041981857270002365,0.036188412457704544,0.21323879063129425,3.0,0.0,0.23121079802513123
25.75,0,0.24956689774990082,0.041899338364601135,0.03537462651729584,0.21323662996292114,3.0,0.0,0.23131810128688812
25.8,0,0.25031420588493347,0.041793838143348694,0.034243471920490265,nan,3.0,0.0,0.23140467703342438
25.849999999999998,0,0.25107619166374207,0.04168109968304634,0.03544199839234352,nan,3.0,0.0,0.23136258125305176
25.9,0,0.2518424987792969,0.041570890694856644,0.0343138761818409,nan,3.0,0.0,0.2306806594133377
25.95,0,0.2526158392429352,0.04145525395870209,0.03362737596035004,nan,3.0,0.0,0.2303737848997116
26.0,0,0.25341731309890747,0.04131489247083664,0.03527616709470749,nan,3.0,0.0,0.2304074466228485
26.05,0,0.2541525065898895,0.041430458426475525,0.04394311457872391,nan,3.0,0.0,0.23047125339508057
26.099999999999998,0,0.25490447878837585,0.0415852926671505,0.04347026348114014,nan,3.0,0.0,0.2298557013273239
26.15,0,0.2556775212287903,0.0417260080575943,0.043378569185733795,nan,3.0,0.0,0.22944168746471405
26.2,0,0.25646543502807617,0.04186273366212845,0.04346327483654022,nan,3.0,0.0,0.22892983257770538
26.25,0,0.2572256326675415,0.041786570101976395,0.04029792919754982,nan,3.0,0.0,0.23047643899917603
26.3,0,0.2579898536205292,0.041715241968631744,0.0407911092042923,nan,4.0,0.0,0.22522321343421936
26.349999999999998,0,0.2587684094905853,0.04163572937250137,0.04005904123187065,nan,4.0,0.0,0.22475290298461914
26.4,0,0.2594555914402008,0.041659459471702576,0.04190730303525925,nan,4.0,0.0,0.2287350744009018
26.45,0,0.26009488105773926,0.0417645089328289,0.04026827588677406,nan,4.0,0.0,0.22727830708026886
26.5,0,0.26077401638031006,0.04180873557925224,0.03889090195298195,nan,4.0,0.0,0.22627979516983032
26.55,0,0.2614721655845642,0.04181758314371109,0.03865465521812439,nan,4.0,0.0,0.2262982279062271
26.599999999999998,0,0.2621358036994934,0.04185618832707405,0.052337486296892166,nan,4.0,0.0,0.22931478917598724
26.65,0,0.2626606225967407,0.04232855141162872,0.053377263247966766,nan,4.0,0.0,0.22702772915363312
26.7,0,0.2632470428943634,0.042742084711790085,0.05035536363720894,nan,4.0,0.0,0.22525082528591156
26.75,0,0.26355645060539246,0.04079977422952652,-0.014022989198565483,nan,4.0,0.0,0.23111897706985474
26.8,0,0.26560384035110474,0.03165706992149353,-0.1896938979625702,nan,4.0,0.0,0.1333371251821518
26.849999999999998,0,0.2677004933357239,0.013991150073707104,-0.3279917538166046,nan,4.0,0.0,0.15674616396427155
26.9,0,0.2689940333366394,-0.0006349501200020313,-0.2540266215801239,0.2910105884075165,4.0,0.0,0.14416632056236267
26.95,0,0.26874619722366333,-0.011208301410079002,-0.24929192662239075,0.3133675456047058,4.0,0.0,0.1729801893234253
27.0,0,0.26867246627807617,-0.017171628773212433,-0.180627703666687,0.31617093086242676,4.0,0.0,0.1944473534822464
27.05,0,0.268720418214798,-0.02071613259613514,-0.1224561557173729,0.3176213502883911,4.0,0.0,0.2104649394750595
27.099999999999998,0,0.2688123881816864,-0.022730490192770958,-0.08886697888374329,0.31820231676101685,4.0,0.0,0.2195519357919693
27.15,0,0.26893356442451477,-0.02381681278347969,-0.07062029093503952,0.31827622652053833,4.0,0.0,0.22371137142181396
27.2,0,0.2690626382827759,-0.024367744103074074,-0.05447501689195633,0.3180963397026062,4.0,0.0,0.2230478823184967
27.25,0,0.2691805958747864,-0.024618985131382942,-0.054450731724500656,0.3179866075515747,4.0,0.0,0.2222672998905182
27.3,0,0.2692927420139313,-0.024694861844182014,-0.047185931354761124,0.3179636597633362,4.0,0.0,0.22153249382972717
27.349999999999998,0,0.26941096782684326,-0.02464594691991806,-0.046324506402015686,0.3179863393306732,4.0,0.0,0.22226770222187042
27.4,0,0.26950302720069885,-0.02447441592812538,-0.04732712730765343,0.31804245710372925,4.0,0.0,0.2223404198884964
27.45,0,0.26959240436553955,-0.024240247905254364,-0.05076414346694946,0.3181670308113098,4.0,0.0,0.2216750532388687
27.5,0,0.26967787742614746,-0.023985793814063072,-0.04879019781947136,0.31841421127319336,4.0,0.0,0.22041286528110504
27.55,0,0.2696843147277832,-0.023758849129080772,-0.05024272948503494,0.31872451305389404,4.0,0.0,0.22279506921768188
27.599999999999998,0,0.2695945203304291,-0.023586664348840714,-0.05104818940162659,0.31902599334716797,4.0,0.0,0.22230617702007294
27.65,0,0.2695135176181793,-0.02344351075589657,-0.05087737366557121,0.319358229637146,4.0,0.0,0.22210566699504852
27.7,0,0.269447386264801,-0.02331458032131195,-0.05336247757077217,0.3197261095046997,4.0,0.0,0.22163048386573792
27.75,0,0.26938632130622864,-0.02325594052672386,-0.05140802264213562,0.32007837295532227,4.0,0.0,0.22127938270568848
27.8,0,0.2693447768688202,-0.023203512653708458,-0.05222683772444725,0.32033032178878784,4.0,0.0,0.22180169820785522
27.849999999999998,0,0.2692936062812805,-0.023115796968340874,-0.05211111530661583,0.32051557302474976,4.0,0.0,0.22190430760383606
27.9,0,0.26923421025276184,-0.02302895300090313,-0.04908527806401253,0.3206670880317688,4.0,0.0,0.2227558046579361
27.95,0,0.26918649673461914,-0.022965207695961,-0.05150933936238289,0.3208213448524475,4.0,0.0,0.22256606817245483
28.0,0,0.2691386044025421,-0.02287585288286209,-0.05200587585568428,0.32097405195236206,4.0,0.0,0.22064882516860962
28.05,0,0.2690902650356293,-0.022823259234428406,-0.052745696157217026,0.3211331367492676,4.0,0.0,0.2218770682811737
28.099999999999998,0,0.2690615653991699,-0.022878369316458702,-0.05003491789102554,0.32123082876205444,4.0,0.0,0.22179244458675385
28.15,0,0.2690257728099823,-0.022856496274471283,-0.04934436082839966,0.32128310203552246,4.0,0.0,0.22223059833049774
28.2,0,0.2689904570579529,-0.02281699888408184,-0.04833526164293289,0.32131847739219666,4.0,0.0,0.22245563566684723
28.25,0,0.2689540386199951,-0.022768519818782806,-0.04895135760307312,0.32134658098220825,4.0,0.0,0.2224680781364441
28.3,0,0.26891961693763733,-0.02272471785545349,-0.049112021923065186,0.3213717043399811,4.0,0.0,0.22245684266090393
28.349999999999998,0,0.26888802647590637,-0.022677326574921608,-0.04881279543042183,0.3213948905467987,4.0,0.0,0.22239407896995544
28.4,0,0.2688584327697754,-0.022642705589532852,-0.048878081142902374,0.32141780853271484,4.0,0.0,0.22237125039100647
28.45,0,0.26883023977279663,-0.02261623553931713,-0.04900310933589935,0.3214387893676758,4.0,0.0,0.22235047817230225
28.5,0,0.26880350708961487,-0.022592369467020035,-0.04833565652370453,0.3214575946331024,4.0,0.0,0.22228437662124634
28.55,0,0.26877734065055847,-0.022569453343749046,-0.04902509227395058,0.32147419452667236,4.0,0.0,0.22226253151893616
28.599999999999998,0,0.2687525153160095,-0.02254941128194332,-0.049196548759937286,0.32148948311805725,4.0,0.0,0.22222557663917542
28.65,0,0.2687288522720337,-0.02253000997006893,-0.048823870718479156,0.3215031623840332,4.0,0.0,0.22213470935821533
28.7,0,0.268711119890213,-0.02251248247921467,-0.0485011488199234,0.32151705026626587,4.0,0.0,0.22217588126659393
28.75,0,0.268691748380661,-0.02250634878873825,-0.04844604432582855,0.3215314745903015,4.0,0.0,0.22212280333042145
28.8,0,0.2686730921268463,-0.022496497258543968,-0.04865259304642677,0.32154738903045654,4.0,0.0,0.22213879227638245
28.849999999999998,0,0.26865318417549133,-0.022480890154838562,-0.04862463101744652,0.3215736150741577,4.0,0.0,0.22210119664669037
28.9,0,0.26863348484039307,-0.022463681176304817,-0.048161182552576065,0.32162046432495117,4.0,0.0,0.2220996469259262
28.95,0,0.268614798784256,-0.02244722843170166,-0.048453882336616516,0.32167941331863403,4.0,0.0,0.22204774618148804
29.0,0,0.26859673857688904,-0.02243088372051716,-0.048566047102212906,0.32174551486968994,4.0,0.0,0.22203615307807922
29.05,0,0.268579363822937,-0.022414598613977432,-0.04868567734956741,0.3218156397342682,4.0,0.0,0.22202397882938385
29.099999999999998,0,0.268563836812973,-0.022395431995391846,-0.047690533101558685,0.32188764214515686,4.0,0.0,0.2219228744506836
29.15,0,0.2685520648956299,-0.022380437701940536,-0.04780176281929016,0.32196375727653503,4.0,0.0,0.22202014923095703
29.2,0,0.2685376703739166,-0.02236839011311531,-0.04776502773165703,0.3220384418964386,4.0,0.0,0.22200937569141388
29.25,0,0.2685233950614929,-0.022355904802680016,-0.04787106066942215,0.3221127688884735,4.0,0.0,0.22198078036308289
29.3,0,0.2685103118419647,-0.022346356883645058,-0.047712452709674835,0.32218706607818604,4.0,0.0,0.22194547951221466
29.349999999999998,0,0.2684963047504425,-0.022333534434437752,-0.04738661274313927,0.32226085662841797,4.0,0.0,0.22194673120975494
29.4,0,0.26848453283309937,-0.022322535514831543,-0.047360584139823914,0.3223347067832947,4.0,0.0,0.22192807495594025
29.45,0,0.2684720456600189,-0.022310618311166763,-0.04771354794502258,0.322407066822052,4.0,0.0,0.221998393535614
29.5,0,0.2684584856033325,-0.022296346724033356,-0.04785044118762016,0.32247936725616455,4.0,0.0,0.2219529002904892
29.55,0,0.26844605803489685,-0.022283801808953285,-0.04804553464055061,0.3225516378879547,4.0,0.0,0.22192509472370148
29.599999999999998,0,0.268434077501297,-0.022271163761615753,-0.048118289560079575,0.322623610496521,4.0,0.0,0.22192257642745972
29.65,0,0.26842251420021057,-0.022258775308728218,-0.04818003997206688,0.32269516587257385,4.0,0.0,0.22191187739372253
29.7,0,0.26840975880622864,-0.02224443294107914,-0.04834950715303421,0.32277196645736694,4.0,0.0,0.22179768979549408
29.75,0,0.2683927118778229,-0.02221982181072235,-0.048811569809913635,0.3229485750198364,4.0,0.0,0.22146615386009216
29.8,0,0.2683809995651245,-0.02219991199672222,-0.048374105244874954,0.32321780920028687,4.0,0.0,0.22151197493076324
29.849999999999998,0,0.26838064193725586,-0.022182703018188477,-0.047553081065416336,0.32351958751678467,4.0,0.0,0.22176934778690338
29.9,0,0.26837220788002014,-0.022169556468725204,-0.04731458052992821,0.3237885534763336,4.0,0.0,0.2218330353498459
29.95,0,0.26836279034614563,-0.022153178229928017,-0.047215212136507034,0.3240373134613037,4.0,0.0,0.22185207903385162
30.0,0,0.2683453857898712,-0.0221225768327713,-0.047659628093242645,0.3242970108985901,4.0,0.0,0.22068043053150177
30.05,0,0.2683173716068268,-0.022049570456147194,-0.04878257215023041,0.3248453736305237,4.0,0.0,0.21967624127864838
30.099999999999998,0,0.268289178609848,-0.021963562816381454,-0.05408753827214241,0.3256739675998688,4.0,0.0,0.21514439582824707
30.15,0,0.2682977318763733,-0.021888751536607742,-0.05086874961853027,0.3267986476421356,4.0,0.0,0.21578572690486908
30.2,0,0.26831457018852234,-0.02208542823791504,-0.044289730489254,0.32752421498298645,4.0,0.0,0.21099276840686798
30.25,0,0.2683359980583191,-0.022332003340125084,-0.04017015919089317,0.2985197901725769,4.0,0.0,0.21880795061588287
30.3,0,0.26832783222198486,-0.02220276929438114,-0.03905497118830681,0.29885393381118774,4.0,0.0,0.22246049344539642
30.349999999999998,0,0.26829642057418823,-0.021999629214406013,-0.03960767388343811,0.29897916316986084,4.0,0.0,0.4730658233165741
30.4,0,0.2682690918445587,-0.021892735734581947,-0.04013069346547127,0.2989567518234253,4.0,0.0,0.4733216166496277
30.45,0,0.2682441771030426,-0.02177206426858902,-0.04242448881268501,0.29884469509124756,4.0,0.0,0.4722733199596405
30.5,0,0.268218070268631,-0.021663203835487366,-0.04439299553632736,0.32823604345321655,4.0,0.0,0.4728226065635681
30.55,0,0.26893484592437744,-0.025208769366145134,-0.06757969409227371,0.3285241723060608,4.0,0.0,0.4449176788330078
30.599999999999998,0,0.2694128155708313,-0.027882616966962814,-0.027221933007240295,0.32872772216796875,4.0,0.0,0.4659315049648285
30.65,0,0.26940858364105225,-0.028162406757473946,0.005320882890373468,0.32873502373695374,4.0,0.0,0.469489723443985
30.7,0,0.26917576789855957,-0.02690744772553444,0.028984881937503815,0.3286685049533844,4.0,0.0,0.46877866983413696
30.75,0,0.268974632024765,-0.025323163717985153,-0.024688124656677246,0.32861849665641785,4.0,0.0,0.47149646282196045
30.8,0,0.2688320577144623,-0.024434242397546768,-0.034087542444467545,0.32862016558647156,4.0,0.0,0.4718184769153595
30.849999999999998,0,0.2687341272830963,-0.02390640415251255,-0.03907237574458122,0.3286271095275879,4.0,0.0,0.4719472825527191
30.9,0,0.2692529261112213,-0.023471152409911156,-0.04399631544947624,0.32854366302490234,4.0,0.0,0.4619896113872528
30.95,0,0.2698585093021393,-0.023269524797797203,-0.04105449467897415,0.328482449054718,4.0,0.0,0.4572373330593109
31.0,0,0.270509272813797,-0.02322564087808132,-0.037892717868089676,0.32843753695487976,4.0,0.0,0.4574408531188965
31.05,0,0.27117839455604553,-0.02322382479906082,-0.04854672774672508,0.32839348912239075,4.0,0.0,0.46035197377204895
31.099999999999998,0,0.2718420624732971,-0.02327001839876175,-0.04844127222895622,0.3283509612083435,4.0,0.0,0.4604864716529846
31.15,0,0.2725098431110382,-0.02333921380341053,-0.046520233154296875,0.32831019163131714,4.0,0.0,0.45987460017204285
31.2,0,0.27319973707199097,-0.02340751141309738,-0.04611765593290329,0.32828131318092346,4.0,0.0,0.46004021167755127
31.25,0,0.27390056848526,-0.023520613089203835,-0.04531288519501686,0.32825517654418945,4.0,0.0,0.4594678282737732
31.3,0,0.2746165990829468,-0.023644771426916122,-0.05501053109765053,0.3282318413257599,4.0,0.0,0.460103303194046
31.349999999999998,0,0.27534615993499756,-0.02377273701131344,-0.054221343249082565,0.3282232880592346,4.0,0.0,0.4595455825328827
31.4,0,0.2760910987854004,-0.02389792911708355,-0.05374053493142128,0.32821229100227356,4.0,0.0,0.45953625440597534
31.45,0,0.27683842182159424,-0.02405056357383728,-0.05496195703744888,0.32820364832878113,4.0,0.0,0.4602028727531433
31.5,0,0.27759355306625366,-0.024208785966038704,-0.05143298581242561,0.32819628715515137,4.0,0.0,0.46072614192962646
31.55,0,0.2783723473548889,-0.024385999888181686,-0.05446438491344452,0.328194260597229,4.0,0.0,0.45963653922080994
31.599999999999998,0,0.27899160981178284,-0.02432468719780445,-0.04635719582438469,0.3281204104423523,4.0,0.0,0.46601614356040955
31.65,0,0.27956533432006836,-0.024205124005675316,-0.0436897948384285,0.32802945375442505,4.0,0.0,0.46340009570121765
31.7,0,0.2801692485809326,-0.024161366745829582,-0.03885990381240845,0.3279536962509155,4.0,0.0,0.46070635318756104
31.75,0,0.2807981073856354,-0.02414742484688759,-0.045982763171195984,0.3278962969779968,4.0,0.0,0.4616571068763733
31.8,0,0.2814454436302185,-0.02415020577609539,-0.04694490507245064,0.3278547525405884,4.0,0.0,0.4619424045085907
31.849999999999998,0,0.28209710121154785,-0.024220554158091545,-0.046244096010923386,0.32783111929893494,4.0,0.0,0.461152046918869
31.9,0,0.28277793526649475,-0.0242749135941267,-0.041449081152677536,0.3278126120567322,4.0,0.0,0.4569563865661621
31.95,0,0.2834843695163727,-0.024371450766921043,-0.04551481083035469,0.3278042674064636,4.0,0.0,0.45890161395072937
32.0,0,0.284178763628006,-0.024436132982373238,-0.040979888290166855,0.3277897834777832,4.0,0.0,0.45778772234916687
32.05,0,0.2848920226097107,-0.024466807022690773,-0.04770660400390625,0.3278019428253174,4.0,0.0,0.45908787846565247
32.1,0,0.2856128513813019,-0.0244899932295084,-0.03648032248020172,0.32780584692955017,4.0,0.0,0.4537423849105835
32.15,0,0.2863551080226898,-0.024568170309066772,-0.05025150254368782,0.3278290629386902,4.0,0.0,0.4581313729286194
32.2,0,0.28711584210395813,-0.024642648175358772,-0.04968545213341713,0.3278467059135437,4.0,0.0,0.45866766571998596
32.25,0,0.2878779172897339,-0.024480722844600677,-0.039206236600875854,0.32789090275764465,4.0,0.0,0.45565173029899597
32.3,0,0.2886677384376526,-0.024116648361086845,-0.040223170071840286,0.3279653489589691,4.0,0.0,0.45645081996917725
32.35,0,0.28944674134254456,-0.023774202913045883,-0.04112720862030983,0.3280273675918579,4.0,0.0,0.45648106932640076
32.4,0,0.29024314880371094,-0.023434340953826904,-0.04103546962141991,0.32809239625930786,4.0,0.0,0.45635542273521423
32.45,0,0.2910580337047577,-0.023092718794941902,-0.04128062352538109,0.32816222310066223,4.0,0.0,0.4562986195087433
32.5,0,0.29185840487480164,-0.022810891270637512,-0.04140952229499817,0.3282204866409302,4.0,0.0,0.4577797055244446
32.55,0,0.2926567494869232,-0.022535886615514755,-0.04237767308950424,0.32827240228652954,4.0,0.0,0.4574016034603119
32.6,0,0.2934716045856476,-0.022265128791332245,-0.044265493750572205,0.32833099365234375,4.0,0.0,0.45757442712783813
32.65,0,0.2942996621131897,-0.02202673815190792,-0.04803944751620293,0.3283856213092804,4.0,0.0,0.46053609251976013
32.7,0,0.29490822553634644,-0.022069985046982765,-0.05101552978157997,0.32830995321273804,4.0,0.0,0.4616011679172516
32.75,0,0.295559823513031,-0.022187821567058563,-0.054593246430158615,0.32825833559036255,4.0,0.0,0.4619690775871277
32.8,0,0.29623639583587646,-0.022356251254677773,-0.05331943929195404,0.3282168209552765,4.0,0.0,0.4603820741176605
32.85,0,0.29693901538848877,-0.022539330646395683,-0.05348680913448334,0.3281897306442261,4.0,0.0,0.46134161949157715
32.9,0,0.29765525460243225,-0.02275577187538147,-0.05694570019841194,0.3281717002391815,4.0,0.0,0.46120092272758484
32.95,0,0.2983749210834503,-0.0229425560683012,-0.0566120520234108,0.32815349102020264,4.0,0.0,0.4609179198741913
33.0,0,0.29910171031951904,-0.023176146671175957,-0.05874573066830635,0.328143835067749,4.0,0.0,0.46091294288635254
33.05,0,0.2998461425304413,-0.02338893711566925,-0.054608363658189774,0.29852914810180664,4.0,0.0,0.45965248346328735
33.1,0,0.30060070753097534,-0.023629356175661087,-0.05677114054560661,0.32813847064971924,4.0,0.0,0.4600278437137604
33.15,0,0.30136990547180176,-0.023854250088334084,-0.050131965428590775,0.32813960313796997,4.0,0.0,0.45690086483955383
33.2,0,0.3021646738052368,-0.024108707904815674,-0.058260008692741394,0.3281482458114624,4.0,0.0,0.46025365591049194
33.25,0,0.3029519319534302,-0.024313367903232574,-0.05106194317340851,0.2983720004558563,4.0,0.0,0.45704275369644165
33.3,0,0.30357980728149414,-0.024303408339619637,-0.048507265746593475,0.3280852437019348,4.0,0.0,0.4638913571834564
33.35,0,0.3041566014289856,-0.024226125329732895,-0.04457119107246399,0.3279879093170166,4.0,0.0,0.46392133831977844
33.4,0,0.30474042892456055,-0.024196511134505272,-0.05404789373278618,0.3279035687446594,4.0,0.0,0.4653698205947876
33.45,0,0.3053741455078125,-0.024188902229070663,-0.0494050458073616,0.32785147428512573,4.0,0.0,0.46283289790153503
33.5,0,0.3060303330421448,-0.02423465996980667,-0.04638808220624924,0.32781103253364563,4.0,0.0,0.46123242378234863
33.55,0,0.3066977560520172,-0.0243007093667984,-0.04558771848678589,0.3277794122695923,4.0,0.0,0.4603908956050873
33.6,0,0.3073869049549103,-0.024385688826441765,-0.0474252849817276,0.32775989174842834,4.0,0.0,0.46049365401268005
33.65,0,0.30808407068252563,-0.02446582540869713,-0.04582713544368744,0.3277391493320465,4.0,0.0,0.4594346582889557
33.7,0,0.30880141258239746,-0.024567944929003716,-0.04830940067768097,0.3277289569377899,4.0,0.0,0.4598086178302765
33.75,0,0.30951356887817383,-0.024511463940143585,-0.03589557856321335,0.32773712277412415,4.0,0.0,0.4571903645992279
33.8,0,0.3102538585662842,-0.024174951016902924,-0.039108648896217346,0.32778704166412354,4.0,0.0,0.45723411440849304
33.85,0,0.3110121190547943,-0.023830553516745567,-0.043297044932842255,0.32783856987953186,4.0,0.0,0.45689478516578674
33.9,0,0.31178605556488037,-0.023502469062805176,-0.04443798214197159,0.32789531350135803,4.0,0.0,0.4569138288497925
33.95,0,0.3125714361667633,-0.02316226437687874,-0.0459773913025856,0.32795074582099915,4.0,0.0,0.45695197582244873
34.0,0,0.3133763372898102,-0.02284892648458481,-0.041651200503110886,0.32801342010498047,4.0,0.0,0.4568997025489807
34.05,0,0.31419944763183594,-0.022548485547304153,-0.043143969029188156,0.328081339597702,4.0,0.0,0.4569416046142578
34.1,0,0.31502413749694824,-0.022236056625843048,-0.04246397688984871,0.32814809679985046,4.0,0.0,0.4573366641998291
34.15,0,0.31578510999679565,-0.02203887514770031,-0.04661308974027634,0.32817065715789795,4.0,0.0,0.46518680453300476
34.2,0,0.3163891136646271,-0.022096294909715652,-0.04759178310632706,0.32810649275779724,4.0,0.0,0.4622763395309448
34.25,0,0.3170318603515625,-0.022204115986824036,-0.052096813917160034,0.3280535936355591,4.0,0.0,0.4621858298778534
34.3,0,0.31769677996635437,-0.022348003461956978,-0.051816537976264954,0.3280124068260193,4.0,0.0,0.4614754617214203
34.35,0,0.31838899850845337,-0.022538146004080772,-0.05227590352296829,0.3279867470264435,4.0,0.0,0.46050381660461426
34.4,0,0.31909501552581787,-0.022744009271264076,-0.051469963043928146,0.3279639184474945,4.0,0.0,0.46053069829940796
34.45,0,0.31980159878730774,-0.022984018549323082,-0.05081925168633461,0.32795682549476624,4.0,0.0,0.46035122871398926
34.5,0,0.32053160667419434,-0.023206287994980812,-0.05954800918698311,0.3279610872268677,4.0,0.0,0.46029165387153625
34.55,0,0.32126474380493164,-0.02340501733124256,-0.051841914653778076,0.3279733657836914,4.0,0.0,0.4598008096218109
34.6,0,0.32199349999427795,-0.023661961778998375,-0.05256974697113037,0.32798266410827637,4.0,0.0,0.4608784317970276
34.65,0,0.32275715470314026,-0.023848073557019234,-0.05517195537686348,0.32798683643341064,4.0,0.0,0.4598329961299896
34.7,0,0.3235127031803131,-0.024057036265730858,-0.05701360106468201,0.29867538809776306,4.0,0.0,0.46058017015457153
34.75,0,0.32429200410842896,-0.024274151772260666,-0.054740969091653824,0.3279956877231598,4.0,0.0,0.4593764543533325
34.8,0,0.32508385181427,-0.024479562416672707,-0.055560603737831116,0.3280071020126343,4.0,0.0,0.4593929350376129
34.85,0,0.3258000612258911,-0.024569611996412277,-0.043822385370731354,0.3279792368412018,4.0,0.0,0.46301770210266113
34.9,0,0.32639801502227783,-0.02449069172143936,-0.04845256358385086,0.3278985917568207,4.0,0.0,0.4643884003162384
34.95,0,0.327036589384079,-0.024445682764053345,-0.04629917070269585,0.32784226536750793,4.0,0.0,0.4615544378757477
35.0,0,0.32770758867263794,-0.024438874796032906,-0.04424375295639038,0.3277956247329712,4.0,0.0,0.46099457144737244
35.05,0,0.32838496565818787,-0.024431290104985237,-0.04985170438885689,0.32776719331741333,4.0,0.0,0.46294522285461426
35.1,0,0.32908493280410767,-0.024110233411192894,-0.0398746058344841,0.3277815282344818,4.0,0.0,0.4583487808704376
35.15,0,0.3298221826553345,-0.023797333240509033,-0.046392664313316345,0.3278124928474426,4.0,0.0,0.4580835998058319
35.2,0,0.3305654525756836,-0.02351248636841774,-0.04045964777469635,0.3278437852859497,4.0,0.0,0.4574386477470398
35.25,0,0.33132246136665344,-0.02324235625565052,-0.04113440588116646,0.3278805613517761,4.0,0.0,0.45764559507369995
35.3,0,0.3320992588996887,-0.02296726405620575,-0.04154837876558304,0.3279235363006592,4.0,0.0,0.45723092555999756
35.35,0,0.33288925886154175,-0.022692905738949776,-0.041111622005701065,0.32796844840049744,4.0,0.0,0.45688390731811523
35.4,0,0.33368995785713196,-0.022435558959841728,-0.042318880558013916,0.3280154764652252,4.0,0.0,0.45766717195510864
35.45,0,0.33447474241256714,-0.02216940000653267,-0.03294701129198074,0.3280525803565979,4.0,0.0,0.4582206606864929
35.5,0,0.3350779712200165,-0.022194402292370796,-0.047530870884656906,0.3279794752597809,4.0,0.0,0.46125274896621704
35.55,0,0.33572542667388916,-0.022289777174592018,-0.05074081942439079,0.327933132648468,4.0,0.0,0.4609237015247345
35.6,0,0.33639949560165405,-0.02241581492125988,-0.05682525783777237,0.32790330052375793,4.0,0.0,0.4623650908470154
35.65,0,0.33709001541137695,-0.022575287148356438,-0.0532003752887249,0.3278762996196747,4.0,0.0,0.46248623728752136
35.7,0,0.33777564764022827,-0.022782303392887115,-0.054940834641456604,0.32785505056381226,4.0,0.0,0.4606092572212219
35.75,0,0.3384847939014435,-0.023000607267022133,-0.05003059282898903,0.32784274220466614,4.0,0.0,0.46038687229156494
35.8,0,0.3392077088356018,-0.02321329154074192,-0.05271974578499794,0.3278411328792572,4.0,0.0,0.4600631296634674
35.85,0,0.3399509787559509,-0.023442616686224937,-0.053219985216856,0.3278384208679199,4.0,0.0,0.45920807123184204
35.9,0,0.3407115340232849,-0.023665038868784904,-0.05331983044743538,0.32784518599510193,4.0,0.0,0.4594874083995819
35.95,0,0.3414788246154785,-0.023887384682893753,-0.05322662368416786,0.32784801721572876,4.0,0.0,0.45921340584754944
36.0,0,0.34225499629974365,-0.02410162054002285,-0.05585842952132225,0.3278523087501526,4.0,0.0,0.45811426639556885
36.05,0,0.34304073452949524,-0.0243211816996336,-0.05466093868017197,0.3278593420982361,4.0,0.0,0.45900872349739075
36.1,0,0.34384453296661377,-0.02455569989979267,-0.06065879389643669,0.32786789536476135,4.0,0.0,0.46007752418518066
36.15,0,0.3446441888809204,-0.02453513815999031,-0.04819270968437195,0.32790449261665344,4.0,0.0,0.4576362073421478
36.2,0,0.34547483921051025,-0.024432741105556488,-0.047586649656295776,0.32795295119285583,4.0,0.0,0.4573664963245392
36.25,0,0.34631967544555664,-0.024349771440029144,-0.04821998253464699,0.328009694814682,4.0,0.0,0.4569743573665619
36.3,0,0.34712597727775574,-0.02418697625398636,-0.04282418638467789,0.32804304361343384,4.0,0.0,0.4634339511394501
36.35,0,0.34781530499458313,-0.023853152990341187,-0.04215525835752487,0.3280218839645386,4.0,0.0,0.4595385491847992
36.4,0,0.3485412299633026,-0.023557955399155617,-0.04232713580131531,0.32802045345306396,4.0,0.0,0.45767834782600403
36.45,0,0.3492945432662964,-0.02330157719552517,-0.045498959720134735,0.3280317187309265,4.0,0.0,0.45927444100379944
36.5,0,0.35006967186927795,-0.023074569180607796,-0.043037496507167816,0.3280505836009979,4.0,0.0,0.45893198251724243
36.55,0,0.3507082164287567,-0.02307947352528572,-0.05063098296523094,0.32798850536346436,4.0,0.0,0.46349093317985535
36.6,0,0.35136842727661133,-0.02309482730925083,-0.049798429012298584,0.32793667912483215,4.0,0.0,0.46075156331062317
36.65,0,0.35205817222595215,-0.023182736709713936,-0.05036696419119835,0.3279015123844147,4.0,0.0,0.4605572819709778
36.7,0,0.35276463627815247,-0.023303093388676643,-0.050054050981998444,0.32787415385246277,4.0,0.0,0.4607069492340088
36.75,0,0.3534679710865021,-0.023449402302503586,-0.05057510361075401,0.3278576731681824,4.0,0.0,0.4603813588619232
36.8,0,0.35419395565986633,-0.023631006479263306,-0.05074329301714897,0.3278619945049286,4.0,0.0,0.4603172838687897
36.85,0,0.35492825508117676,-0.02381344698369503,-0.05466305464506149,0.3278653919696808,4.0,0.0,0.460505872964859
36.9,0,0.35566696524620056,-0.023978522047400475,-0.05132455378770828,0.32787221670150757,4.0,0.0,0.46008652448654175
36.95,0,0.356415718793869,-0.024158943444490433,-0.05248174071311951,0.29886388778686523,4.0,0.0,0.46043282747268677
37.0,0,0.3571763336658478,-0.024330364540219307,-0.05193069949746132,0.327884703874588,4.0,0.0,0.4599210321903229
37.05,0,0.3579404354095459,-0.024483898654580116,-0.05599193274974823,0.2988453507423401,4.0,0.0,0.4597618877887726
37.1,0,0.35872095823287964,-0.024653034284710884,-0.05618390813469887,0.29883700609207153,4.0,0.0,0.46021920442581177
37.15,0,0.359507292509079,-0.02481756918132305,-0.05608418211340904,0.29882121086120605,4.0,0.0,0.4600481688976288
37.2,0,0.36030787229537964,-0.025021996349096298,-0.05394463241100311,0.3278788924217224,4.0,0.0,0.4591543972492218
37.25,0,0.3611156642436981,-0.025202849879860878,-0.053572386503219604,0.3278799057006836,4.0,0.0,0.45904237031936646
37.3,0,0.36186954379081726,-0.024891462177038193,-0.033634621649980545,0.3279009759426117,4.0,0.0,0.46103808283805847
37.35,0,0.3624831736087799,-0.02433222532272339,-0.029981600120663643,0.32786470651626587,4.0,0.0,0.45582687854766846
37.4,0,0.36315688490867615,-0.023852497339248657,-0.03828603774309158,0.3278575539588928,4.0,0.0,0.46041756868362427
37.45,0,0.3638579547405243,-0.02340477705001831,-0.039161864668130875,0.3278668522834778,4.0,0.0,0.4595312774181366
37.5,0,0.364579439163208,-0.022988848388195038,-0.0402715690433979,0.3278818130493164,4.0,0.0,0.4600016474723816
37.55,0,0.3653126657009125,-0.022577974945306778,-0.041157566010951996,0.3279021680355072,4.0,0.0,0.4600696563720703
37.6,0,0.36605870723724365,-0.02217792347073555,-0.041875895112752914,0.32792556285858154,4.0,0.0,0.460206538438797
37.65,0,0.3667955994606018,-0.021789098158478737,-0.043540842831134796,0.32794082164764404,4.0,0.0,0.464599609375
37.7,0,0.36734095215797424,-0.02176632545888424,-0.04799976944923401,0.32784441113471985,4.0,0.0,0.46473777294158936
37.75,0,0.36791786551475525,-0.02177787572145462,-0.04861994460225105,0.327771931886673,4.0,0.0,0.46498486399650574
37.8,0,0.3685181140899658,-0.02184644527733326,-0.05188196152448654,0.32772254943847656,4.0,0.0,0.46374112367630005
37.85,0,0.36914390325546265,-0.02195233292877674,-0.05124778673052788,0.3276861906051636,4.0,0.0,0.4645371437072754
37.9,0,0.36977869272232056,-0.02205977961421013,-0.05181621015071869,0.3276583254337311,4.0,0.0,0.46259593963623047
37.95,0,0.37042665481567383,-0.02219521813094616,-0.053312093019485474,0.3276432454586029,4.0,0.0,0.46236366033554077
38.0,0,0.3710826337337494,-0.022298945114016533,-0.053095731884241104,0.32763099670410156,4.0,0.0,0.4616439640522003
38.05,0,0.3717370629310608,-0.022432886064052582,-0.048984892666339874,0.3276125490665436,4.0,0.0,0.462479829788208
38.1,0,0.37238505482673645,-0.02256547100841999,-0.049160949885845184,0.3275907039642334,4.0,0.0,0.4619363248348236
38.15,0,0.37306609749794006,-0.02275433950126171,-0.05364716798067093,0.3275870382785797,4.0,0.0,0.4605196714401245
38.2,0,0.3737778961658478,-0.023021331056952477,-0.05048444867134094,0.3275953531265259,4.0,0.0,0.4611388146877289
38.25,0,0.37449485063552856,-0.023269666358828545,-0.049234285950660706,0.3276206851005554,4.0,0.0,0.459544837474823
38.3,0,0.37522467970848083,-0.023507820442318916,-0.053005050867795944,0.3276391923427582,4.0,0.0,0.4603131115436554
38.35,0,0.37595486640930176,-0.023746198043227196,-0.05153868347406387,0.3276461362838745,4.0,0.0,0.46034926176071167
38.4,0,0.3766903877258301,-0.023974105715751648,-0.052008889615535736,0.3276568055152893,4.0,0.0,0.46024495363235474
38.45,0,0.37743261456489563,-0.024190019816160202,-0.051004040986299515,0.3276647925376892,4.0,0.0,0.4595015048980713
38.5,0,0.37818312644958496,-0.024394603446125984,-0.05323629826307297,0.3276721239089966,4.0,0.0,0.4598373770713806
38.55,0,0.37894362211227417,-0.024589793756604195,-0.04999391734600067,0.32768335938453674,4.0,0.0,0.45687219500541687
38.6,0,0.37971481680870056,-0.024797765538096428,-0.050131794065237045,0.32770007848739624,4.0,0.0,0.4600508511066437
38.65,0,0.380493700504303,-0.024998240172863007,-0.050113700330257416,0.29894813895225525,4.0,0.0,0.45608922839164734
38.7,0,0.38129696249961853,-0.025165844708681107,-0.0527719222009182,0.32771334052085876,4.0,0.0,0.4587382674217224
38.75,0,0.3821079730987549,-0.025326194241642952,-0.055018968880176544,0.2989180386066437,4.0,0.0,0.45833802223205566
38.8,0,0.3829320967197418,-0.02548891305923462,-0.053566787391901016,0.3277478516101837,4.0,0.0,0.4583783447742462
38.85,0,0.38376694917678833,-0.025534596294164658,-0.047456882894039154,0.2988920211791992,4.0,0.0,0.45610958337783813
38.9,0,0.3846439719200134,-0.0253278948366642,-0.04741588979959488,0.2989056408405304,4.0,0.0,0.455539733171463
38.95,0,0.3855304718017578,-0.025105472654104233,-0.05453993380069733,0.2989199757575989,4.0,0.0,0.458457887172699
39.0,0,0.3864159882068634,-0.024894539266824722,-0.048413120210170746,0.29892605543136597,4.0,0.0,0.45580610632896423
39.05,0,0.38732290267944336,-0.024659881368279457,-0.05374748259782791,0.2989422678947449,4.0,0.0,0.4587305188179016
39.1,0,0.38804420828819275,-0.0242119412869215,-0.038812290877103806,0.3280712068080902,4.0,0.0,0.4617307186126709
39.15,0,0.3887392282485962,-0.023735692724585533,-0.03721160441637039,0.32804834842681885,4.0,0.0,0.46014752984046936
39.2,0,0.38937264680862427,-0.023445716127753258,-0.03044905886054039,0.3279880881309509,4.0,0.0,0.4605143964290619
39.25,0,0.3899422585964203,-0.02337520942091942,-0.04108549281954765,0.32788994908332825,4.0,0.0,0.4626942276954651
39.3,0,0.39055007696151733,-0.02320101670920849,-0.03763723000884056,0.3278302848339081,4.0,0.0,0.4604616165161133
39.35,0,0.39119523763656616,-0.022937066853046417,-0.03747474029660225,0.32780906558036804,4.0,0.0,0.45929551124572754
39.4,0,0.3918692469596863,-0.022680159658193588,-0.04393778368830681,0.3277990221977234,4.0,0.0,0.4603310227394104
39.45,0,0.39254963397979736,-0.02245619334280491,-0.03162458539009094,0.3277987241744995,4.0,0.0,0.45548826456069946
39.5,0,0.39324280619621277,-0.022271599620580673,-0.03886722773313522,0.32779473066329956,4.0,0.0,0.4602500796318054
39.55,0,0.3939482569694519,-0.022059869021177292,-0.039891697466373444,0.3278059959411621,4.0,0.0,0.4588472247123718
39.6,0,0.3946785032749176,-0.021885378286242485,-0.03750414028763771,0.3278250992298126,4.0,0.0,0.4571554660797119
39.65,0,0.39542439579963684,-0.021695420145988464,-0.043676961213350296,0.3278455436229706,4.0,0.0,0.4592572748661041
39.7,0,0.3960116505622864,-0.02165927365422249,-0.04415096342563629,0.3277941942214966,4.0,0.0,0.4635414779186249
39.75,0,0.396622896194458,-0.02173728123307228,-0.049147773534059525,0.3277535140514374,4.0,0.0,0.46107059717178345
39.8,0,0.3972514271736145,-0.0218128003180027,-0.04987858235836029,0.32771655917167664,4.0,0.0,0.46026623249053955
39.85,0,0.3978951573371887,-0.021934261545538902,-0.05184728279709816,0.3276928663253784,4.0,0.0,0.46160873770713806
39.9,0,0.39856836199760437,-0.022114071995019913,-0.05065808445215225,0.32767021656036377,4.0,0.0,0.4613368809223175
39.95,0,0.3992394208908081,-0.022302541881799698,-0.050511494278907776,0.3276525139808655,4.0,0.0,0.46120667457580566
40.0,0,0.3999125361442566,-0.022469474002718925,-0.05312153324484825,0.32763436436653137,4.0,0.0,0.4620310664176941
40.05,0,0.4006079435348511,-0.022670740261673927,-0.04918850585818291,0.3276293873786926,4.0,0.0,0.45992812514305115
40.1,0,0.4013044238090515,-0.022885164245963097,-0.05541621521115303,0.2991190552711487,4.0,0.0,0.4616551399230957
40.15,0,0.40200698375701904,-0.02310475893318653,-0.05352970212697983,0.32762429118156433,4.0,0.0,0.46022823452949524
40.2,0,0.4027329385280609,-0.023326339200139046,-0.05299534648656845,0.3276297450065613,4.0,0.0,0.46043074131011963
40.25,0,0.4034671485424042,-0.023555900901556015,-0.053510066121816635,0.3276304602622986,4.0,0.0,0.4602915048599243
40.3,0,0.40421169996261597,-0.023764830082654953,-0.05307646468281746,0.3276386857032776,4.0,0.0,0.46097224950790405
40.35,0,0.40495821833610535,-0.023985082283616066,-0.051111020147800446,0.3276423215866089,4.0,0.0,0.4615574777126312
40.4,0,0.4056603014469147,-0.02411014772951603,-0.04207582771778107,0.32762080430984497,4.0,0.0,0.4655243456363678
40.45,0,0.4062121510505676,-0.024036288261413574,-0.04198664799332619,0.32752493023872375,4.0,0.0,0.4636611044406891
40.5,0,0.40681493282318115,-0.02401837334036827,-0.04481763392686844,0.3274582624435425,4.0,0.0,0.46344229578971863
40.55,0,0.407440721988678,-0.02399938739836216,-0.039590898901224136,0.3274065852165222,4.0,0.0,0.4615516662597656
40.6,0,0.4080897271633148,-0.02402196265757084,-0.05067665874958038,0.3273744583129883,4.0,0.0,0.462440550327301
40.65,0,0.40875715017318726,-0.024069422855973244,-0.046518199145793915,0.3273437023162842,4.0,0.0,0.4609874188899994
40.7,0,0.40944963693618774,-0.024132778868079185,-0.04584100469946861,0.32732653617858887,4.0,0.0,0.4589728116989136
40.75,0,0.4101497232913971,-0.024195143952965736,-0.0512879453599453,0.32731181383132935,4.0,0.0,0.4588966965675354
40.8,0,0.41086718440055847,-0.024252459406852722,-0.04586349427700043,0.3273037075996399,4.0,0.0,0.45919281244277954
40.85,0,0.41159093379974365,-0.024310454726219177,-0.04767315462231636,0.3273027539253235,4.0,0.0,0.4577331840991974
40.9,0,0.4123282730579376,-0.02419588901102543,-0.04159655049443245,0.32734161615371704,4.0,0.0,0.45703938603401184
40.95,0,0.41308194398880005,-0.02381148561835289,-0.03350992128252983,0.32740408182144165,4.0,0.0,0.4520188271999359
41.0,0,0.41386082768440247,-0.023472290486097336,-0.04323895275592804,0.32747167348861694,4.0,0.0,0.45557424426078796
41.05,0,0.4146358370780945,-0.023112433031201363,-0.03878844156861305,0.3275485336780548,4.0,0.0,0.45743876695632935
41.1,0,0.415422648191452,-0.022760720923542976,-0.029586145654320717,0.2995436489582062,4.0,0.0,0.4553247392177582
41.15,0,0.41623467206954956,-0.02242671698331833,-0.043175388127565384,0.32771170139312744,4.0,0.0,0.4566403925418854
41.2,0,0.41704681515693665,-0.022061100229620934,-0.041541941463947296,0.32778018712997437,4.0,0.0,0.45752742886543274
41.25,0,0.4176785945892334,-0.02203214168548584,-0.05026805400848389,0.32774317264556885,4.0,0.0,0.4615823030471802
41.3,0,0.41830164194107056,-0.022088946774601936,-0.051734559237957,0.32770758867263794,4.0,0.0,0.46185532212257385
41.35,0,0.41895580291748047,-0.022212669253349304,-0.0533815436065197,0.32769253849983215,4.0,0.0,0.4607889652252197
41.4,0,0.41962969303131104,-0.02236238867044449,-0.05127561092376709,0.3276640772819519,4.0,0.0,0.4607864022254944
41.45,0,0.42032334208488464,-0.02252645045518875,-0.05471425876021385,0.3276536166667938,4.0,0.0,0.45994627475738525
41.5,0,0.4210394620895386,-0.022732123732566833,-0.05379490926861763,0.32764410972595215,4.0,0.0,0.46033036708831787
41.55,0,0.42176109552383423,-0.022930718958377838,-0.05185559764504433,0.3276457190513611,4.0,0.0,0.460459440946579
41.6,0,0.42248356342315674,-0.023103974759578705,-0.05044875293970108,0.327636182308197,4.0,0.0,0.45995786786079407
41.65,0,0.4232223629951477,-0.02329159528017044,-0.053569480776786804,0.3276360034942627,4.0,0.0,0.45929446816444397
41.7,0,0.4239649772644043,-0.02350684069097042,-0.053454846143722534,0.3276539146900177,4.0,0.0,0.4602391719818115
41.75,0,0.4247158169746399,-0.02371770702302456,-0.05276337265968323,0.327668160200119,4.0,0.0,0.46050623059272766
41.8,0,0.425479531288147,-0.02393813244998455,-0.054369356483221054,0.32768237590789795,4.0,0.0,0.45985835790634155
41.85,0,0.4262451231479645,-0.024149710312485695,-0.054383691400289536,0.3277038335800171,4.0,0.0,0.46055081486701965
41.9,0,0.42703011631965637,-0.024336548522114754,-0.04690016433596611,0.32771381735801697,4.0,0.0,0.4586411714553833
41.95,0,0.4278317093849182,-0.024548111483454704,-0.05689850077033043,0.2988816201686859,4.0,0.0,0.46000802516937256
42.0,0,0.42855045199394226,-0.024639206007122993,-0.04483867436647415,0.32771432399749756,4.0,0.0,0.4672839939594269
42.05,0,0.4291490316390991,-0.02458176575601101,-0.04421994090080261,0.3276301920413971,4.0,0.0,0.4634249210357666
42.1,0,0.4297865331172943,-0.024560976773500443,-0.04665230214595795,0.3275742828845978,4.0,0.0,0.4623243510723114
42.15,0,0.43046289682388306,-0.024578869342803955,-0.04388381540775299,0.32754093408584595,4.0,0.0,0.4620436728000641
42.2,0,0.4311562776565552,-0.024587523192167282,-0.04328632727265358,0.3275149166584015,4.0,0.0,0.459634006023407
42.25,0,0.43187132477760315,-0.024619104340672493,-0.05246954783797264,0.32749563455581665,4.0,0.0,0.4607919156551361
42.3,0,0.4326004683971405,-0.024648800492286682,-0.04757899045944214,0.32748398184776306,4.0,0.0,0.45931246876716614
42.35,0,0.43333595991134644,-0.024284211918711662,-0.03688805550336838,0.327531635761261,4.0,0.0,0.4573642909526825
42.4,0,0.4341106712818146,-0.02389608696103096,-0.04184301942586899,0.32758957147598267,4.0,0.0,0.4570966064929962
42.45,0,0.4348842203617096,-0.023508470505475998,-0.04133404418826103,0.32765117287635803,4.0,0.0,0.45799708366394043
42.5,0,0.43567076325416565,-0.023124372586607933,-0.03680267930030823,0.32771676778793335,4.0,0.0,0.45710334181785583
42.55,0,0.4364694356918335,-0.02276773937046528,-0.031181488186120987,0.3277813196182251,4.0,0.0,0.44951263070106506
42.6,0,0.43729186058044434,-0.02242841012775898,-0.04551848769187927,0.32785725593566895,4.0,0.0,0.45916807651519775
42.65,0,0.4379272162914276,-0.022238558158278465,-0.04541604593396187,0.3278214931488037,4.0,0.0,0.46386706829071045
42.7,0,0.43851301074028015,-0.022206798195838928,-0.043186865746974945,0.3277527391910553,4.0,0.0,0.4630855619907379
42.75,0,0.43915244936943054,-0.0222990233451128,-0.04944056645035744,0.32771164178848267,4.0,0.0,0.45909175276756287
42.8,0,0.4398171305656433,-0.022441288456320763,-0.04710746556520462,0.3276907801628113,4.0,0.0,0.46067360043525696
42.85,0,0.44051727652549744,-0.022625679150223732,-0.04813139885663986,0.3276759386062622,4.0,0.0,0.45960304141044617
42.9,0,0.44121289253234863,-0.022814853116869926,-0.0485914871096611,0.3276708722114563,4.0,0.0,0.4605085849761963
42.95,0,0.44193118810653687,-0.023021884262561798,-0.052116233855485916,0.3276602327823639,4.0,0.0,0.4613150656223297
43.0,0,0.44264137744903564,-0.02321019396185875,-0.051616471260786057,0.32765957713127136,4.0,0.0,0.46063485741615295
43.05,0,0.44336023926734924,-0.023407308384776115,-0.05346916615962982,0.32766106724739075,4.0,0.0,0.4608946144580841
43.1,0,0.4440246820449829,-0.02353566326200962,-0.050288714468479156,0.3276384472846985,4.0,0.0,0.4608747065067291
43.15,0,0.4446962773799896,-0.02367451973259449,-0.04963003098964691,0.327617347240448,4.0,0.0,0.4610450863838196
43.2,0,0.44538605213165283,-0.02382364124059677,-0.049775607883930206,0.3276021480560303,4.0,0.0,0.4607928395271301
43.25,0,0.44609829783439636,-0.023982040584087372,-0.05061626434326172,0.3275894522666931,4.0,0.0,0.4611133635044098
43.3,0,0.4468161463737488,-0.02414337731897831,-0.044248975813388824,0.3275775909423828,4.0,0.0,0.45907825231552124
43.35,0,0.4475526809692383,-0.024318380281329155,-0.05353189632296562,0.3275700509548187,4.0,0.0,0.46058934926986694
43.4,0,0.448302686214447,-0.02448226884007454,-0.05198543518781662,0.32756486535072327,4.0,0.0,0.4614032804965973
43.45,0,0.44906121492385864,-0.024612950161099434,-0.053083792328834534,0.3275633752346039,4.0,0.0,0.46092188358306885
43.5,0,0.44983378052711487,-0.024755310267210007,-0.051342155784368515,0.32756781578063965,4.0,0.0,0.4606366753578186
43.55,0,0.45061683654785156,-0.024891098961234093,-0.05319659411907196,0.3275761306285858,4.0,0.0,0.4599246382713318
43.6,0,0.45141682028770447,-0.02502310834825039,-0.05323898419737816,0.3275890350341797,4.0,0.0,0.4602104723453522
43.65,0,0.4522251784801483,-0.02515464462339878,-0.058846283704042435,0.327603816986084,4.0,0.0,0.4607580900192261
43.7,0,0.45287877321243286,-0.025047224014997482,-0.045327529311180115,0.32754313945770264,4.0,0.0,0.46344634890556335
43.75,0,0.4535048305988312,-0.02491762675344944,-0.04249463230371475,0.32747092843055725,4.0,0.0,0.46313315629959106
43.8,0,0.4541718661785126,-0.024848630651831627,-0.049482740461826324,0.32742929458618164,4.0,0.0,0.4623732268810272
43.85,0,0.45486804842948914,-0.024803662672638893,-0.045708686113357544,0.32739996910095215,4.0,0.0,0.46027928590774536
43.9,0,0.45557457208633423,-0.02449733391404152,-0.040047354996204376,0.3274202048778534,4.0,0.0,0.45817556977272034
43.95,0,0.4563143253326416,-0.02413581684231758,-0.03710111230611801,0.32745856046676636,4.0,0.0,0.4580499231815338
44.0,0,0.45706555247306824,-0.0237742867320776,-0.03555280715227127,0.32750263810157776,4.0,0.0,0.45371273159980774
44.05,0,0.4578298330307007,-0.023415978997945786,-0.0410742424428463,0.32754024863243103,4.0,0.0,0.4576455354690552
44.1,0,0.45862147212028503,-0.023082192987203598,-0.04393119737505913,0.32759231328964233,4.0,0.0,0.4540197551250458
44.15,0,0.4593595266342163,-0.022874830290675163,-0.04118536412715912,0.32760876417160034,4.0,0.0,0.4638694226741791
44.2,0,0.4599909782409668,-0.022869238629937172,-0.05006294324994087,0.3275567889213562,4.0,0.0,0.46379929780960083
44.25,0,0.4606146216392517,-0.022897994145751,-0.04284464195370674,0.32751327753067017,4.0,0.0,0.46069133281707764
44.3,0,0.461293488740921,-0.022992227226495743,-0.04666496813297272,0.32748281955718994,4.0,0.0,0.45965757966041565
44.35,0,0.46197015047073364,-0.022954871878027916,-0.03828540816903114,0.32747143507003784,4.0,0.0,0.4574621915817261
44.4,0,0.4626798927783966,-0.022776808589696884,-0.04077758267521858,0.32749077677726746,4.0,0.0,0.45786648988723755
44.45,0,0.46341049671173096,-0.022582096979022026,-0.0408201739192009,0.32752132415771484,4.0,0.0,0.45713263750076294
44.5,0,0.4641578495502472,-0.022413956001400948,-0.04815210774540901,0.3275514543056488,4.0,0.0,0.45901384949684143
44.55,0,0.4649035632610321,-0.022214552387595177,-0.04349252209067345,0.3275855779647827,4.0,0.0,0.4584667682647705
44.6,0,0.4656562805175781,-0.022023934870958328,-0.04707455262541771,0.32762205600738525,4.0,0.0,0.4580931067466736
44.65,0,0.46631237864494324,-0.022004859521985054,-0.04674547165632248,0.3275909423828125,4.0,0.0,0.46171215176582336
44.7,0,0.4669504165649414,-0.022065477445721626,-0.05410824716091156,0.32755327224731445,4.0,0.0,0.46108704805374146
44.75,0,0.4676089584827423,-0.022171366959810257,-0.052837006747722626,0.3275192975997925,4.0,0.0,0.4573386013507843
44.8,0,0.46827974915504456,-0.022297322750091553,-0.04609769582748413,0.32750338315963745,4.0,0.0,0.4609242081642151
44.85,0,0.46897175908088684,-0.022458700463175774,-0.04485134035348892,0.32747745513916016,4.0,0.0,0.4585524797439575
44.9,0,0.46969619393348694,-0.02261863462626934,-0.05249958112835884,0.32747146487236023,4.0,0.0,0.4608955681324005
44.95,0,0.4704256057739258,-0.02280282974243164,-0.051032111048698425,0.32747021317481995,4.0,0.0,0.4597790837287903
45.0,0,0.47115543484687805,-0.022973328828811646,-0.05233270302414894,0.32746148109436035,4.0,0.0,0.46005070209503174
45.05,0,0.47188982367515564,-0.023133642971515656,-0.05716006085276604,0.3274596035480499,4.0,0.0,0.4605126976966858
45.1,0,0.47264325618743896,-0.02331067994236946,-0.051732972264289856,0.3274645209312439,4.0,0.0,0.45932143926620483
45.15,0,0.4734022617340088,-0.02351514808833599,-0.05301811546087265,0.32747817039489746,4.0,0.0,0.4598115086555481
45.2,0,0.4741714894771576,-0.023693380877375603,-0.055594611912965775,0.3274974822998047,4.0,0.0,0.4601415991783142
45.25,0,0.47494834661483765,-0.023896658793091774,-0.04995569586753845,0.32751399278640747,4.0,0.0,0.461693674325943
45.3,0,0.47551509737968445,-0.023790238425135612,-0.04378875344991684,0.3274303674697876,4.0,0.0,0.46341627836227417
45.35,0,0.4761216640472412,-0.02372881770133972,-0.04279439151287079,0.3273680806159973,4.0,0.0,0.46236199140548706
45.4,0,0.4767494797706604,-0.023730695247650146,-0.04601484164595604,0.32732054591178894,4.0,0.0,0.46192121505737305
45.45,0,0.47740674018859863,-0.02375367283821106,-0.04597308859229088,0.3272852599620819,4.0,0.0,0.461435467004776
45.5,0,0.4780700206756592,-0.023799026384949684,-0.044793155044317245,0.3272506296634674,4.0,0.0,0.4607705771923065
45.55,0,0.4787549674510956,-0.023863302543759346,-0.04781853035092354,0.32722997665405273,4.0,0.0,0.46053841710090637
45.6,0,0.47945088148117065,-0.023924445733428,-0.04575403779745102,0.32721441984176636,4.0,0.0,0.4598120450973511
45.65,0,0.4801614582538605,-0.024011259898543358,-0.0488237589597702,0.32720309495925903,4.0,0.0,0.45976895093917847
45.7,0,0.48088228702545166,-0.02408112958073616,-0.04637351259589195,0.3271968364715576,4.0,0.0,0.4592199921607971
45.75,0,0.48162025213241577,-0.02416984923183918,-0.048913225531578064,0.3271962106227875,4.0,0.0,0.4594990015029907
45.8,0,0.4823587238788605,-0.024035276845097542,-0.038025107234716415,0.3272184729576111,4.0,0.0,0.4567706286907196
45.85,0,0.4831230938434601,-0.0237512718886137,-0.04105740040540695,0.32727110385894775,4.0,0.0,0.4573144316673279
45.9,0,0.48389264941215515,-0.023457735776901245,-0.036738984286785126,0.32732534408569336,4.0,0.0,0.456953763961792
45.95,0,0.4846830666065216,-0.023188428953289986,-0.04313474893569946,0.32738590240478516,4.0,0.0,0.45706483721733093
46.0,0,0.4854983985424042,-0.022925253957509995,-0.04614124447107315,0.327461302280426,4.0,0.0,0.45681002736091614
46.05,0,0.48631906509399414,-0.022659577429294586,-0.04953410476446152,0.32753366231918335,4.0,0.0,0.4577499032020569
46.1,0,0.4869576394557953,-0.02267119102180004,-0.049133531749248505,0.3274962902069092,4.0,0.0,0.4620451033115387
46.15,0,0.4876091480255127,-0.022755185142159462,-0.04949815943837166,0.3274664878845215,4.0,0.0,0.46089914441108704
46.2,0,0.48828309774398804,-0.02287178859114647,-0.05352962017059326,0.32745125889778137,4.0,0.0,0.4610145092010498
46.25,0,0.4889822006225586,-0.023007646203041077,-0.05291284620761871,0.3274363875389099,4.0,0.0,0.46006840467453003
46.3,0,0.4896922707557678,-0.023189939558506012,-0.05024712532758713,0.3274264931678772,4.0,0.0,0.46057677268981934
46.35,0,0.4904285669326782,-0.023365508764982224,-0.050033386796712875,0.3274172842502594,4.0,0.0,0.4601009786128998
46.4,0,0.4911763668060303,-0.02354331500828266,-0.05118899419903755,0.32741785049438477,4.0,0.0,0.4606015384197235
46.45,0,0.4919222891330719,-0.023718658834695816,-0.0522523857653141,0.32741019129753113,4.0,0.0,0.4594460129737854
46.5,0,0.4926745891571045,-0.02386781945824623,-0.06065962091088295,0.2993411123752594,4.0,0.0,0.4598543345928192
46.55,0,0.49343419075012207,-0.024028463289141655,-0.05538427084684372,0.29932087659835815,4.0,0.0,0.45960864424705505
46.6,0,0.4942064881324768,-0.02418685518205166,-0.04790995270013809,0.32742857933044434,4.0,0.0,0.45983219146728516
46.65,0,0.49500876665115356,-0.024342432618141174,-0.05595788732171059,0.3274424076080322,4.0,0.0,0.4599972665309906
46.7,0,0.4958139955997467,-0.02450174279510975,-0.052893538028001785,0.29926133155822754,4.0,0.0,0.45985522866249084
46.75,0,0.4966346323490143,-0.024645593017339706,-0.05982694774866104,0.32746046781539917,4.0,0.0,0.46028533577919006
46.8,0,0.4973859488964081,-0.024688614532351494,-0.04289332777261734,0.3274456560611725,4.0,0.0,0.46522295475006104
46.85,0,0.4979601502418518,-0.02452642284333706,-0.04356098547577858,0.32735490798950195,4.0,0.0,0.4632677733898163
46.9,0,0.4985894560813904,-0.024416128173470497,-0.04136906564235687,0.3272901773452759,4.0,0.0,0.46191662549972534
46.95,0,0.49925538897514343,-0.02436901442706585,-0.045975882560014725,0.32724061608314514,4.0,0.0,0.46116212010383606
47.0,0,0.4999393820762634,-0.024340106174349785,-0.05064522102475166,0.3272019028663635,4.0,0.0,0.46250972151756287
47.05,0,0.5006345510482788,-0.024344827979803085,-0.04631507024168968,0.3271702826023102,4.0,0.0,0.4604177474975586
47.1,0,0.5013442039489746,-0.024004826322197914,-0.03488657996058464,0.3271876573562622,4.0,0.0,0.4566917419433594
47.15,0,0.5020889639854431,-0.023592498153448105,-0.03720542788505554,0.32722893357276917,4.0,0.0,0.45746368169784546
47.2,0,0.5028502941131592,-0.02318158559501171,-0.033502690494060516,0.32727184891700745,4.0,0.0,0.45611491799354553
47.25,0,0.5036254525184631,-0.022785387933254242,-0.04004526510834694,0.32731619477272034,4.0,0.0,0.4581265151500702
47.3,0,0.5044119358062744,-0.022404687479138374,-0.039088279008865356,0.32737189531326294,4.0,0.0,0.45739203691482544
47.35,0,0.50511234998703,-0.02210273966193199,-0.04285815358161926,0.3273671865463257,4.0,0.0,0.4632234275341034
47.4,0,0.5056780576705933,-0.022097591310739517,-0.043326638638973236,0.3272920250892639,4.0,0.0,0.4613457918167114
47.45,0,0.506268322467804,-0.022058280184864998,-0.04975084587931633,0.3272225260734558,4.0,0.0,0.4614865779876709
47.5,0,0.5069156885147095,-0.02218971773982048,-0.04826880246400833,0.327186644077301,4.0,0.0,0.46174943447113037
47.55,0,0.5075734853744507,-0.02230934239923954,-0.04969515651464462,0.32714933156967163,4.0,0.0,0.4613983929157257
47.6,0,0.508248507976532,-0.02246028371155262,-0.048825398087501526,0.32712820172309875,4.0,0.0,0.4606412947177887
47.65,0,0.508926272392273,-0.0225969310849905,-0.05194760859012604,0.3271019458770752,4.0,0.0,0.4602522850036621
47.7,0,0.5096114277839661,-0.022746378555893898,-0.046170923858881,0.32707417011260986,4.0,0.0,0.4593566060066223
47.75,0,0.510318398475647,-0.022929038852453232,-0.04613178223371506,0.3270646333694458,4.0,0.0,0.4594860076904297
47.8,0,0.5110243558883667,-0.023113571107387543,-0.05134626477956772,0.3270532786846161,4.0,0.0,0.4599989354610443
47.85,0,0.5117464065551758,-0.02330312319099903,-0.05037179961800575,0.32704421877861023,4.0,0.0,0.4596899151802063
47.9,0,0.5124810338020325,-0.02349563129246235,-0.052105505019426346,0.327042818069458,4.0,0.0,0.4605262875556946
47.95,0,0.5132206678390503,-0.023679953068494797,-0.052105214446783066,0.3270377516746521,4.0,0.0,0.4593755304813385
48.0,0,0.5139619708061218,-0.023869706317782402,-0.0522923618555069,0.32703423500061035,4.0,0.0,0.46029698848724365
48.05,0,0.5147333145141602,-0.024015214294195175,-0.05242938920855522,0.32704684138298035,4.0,0.0,0.4593108296394348
48.1,0,0.5155211687088013,-0.024154923856258392,-0.05507943034172058,0.32706353068351746,4.0,0.0,0.4589652419090271
48.15,0,0.5163174867630005,-0.024287385866045952,-0.05054060369729996,0.3270795941352844,4.0,0.0,0.45827293395996094
48.2,0,0.5171346664428711,-0.024443650618195534,-0.05403822660446167,0.3271077275276184,4.0,0.0,0.4585499167442322
48.25,0,0.5179581046104431,-0.024587176740169525,-0.05498777702450752,0.32713568210601807,4.0,0.0,0.45871874690055847
48.3,0,0.5187987685203552,-0.024458320811390877,-0.04845636337995529,0.3271943926811218,4.0,0.0,0.45697247982025146
48.35,0,0.5196576714515686,-0.024279985576868057,-0.04390107840299606,0.3272631764411926,4.0,0.0,0.4567416310310364
48.4,0,0.5205349326133728,-0.024111419916152954,-0.049622248858213425,0.2995128035545349,4.0,0.0,0.45694053173065186
48.45,0,0.5214246511459351,-0.023942865431308746,-0.049690764397382736,0.2995208501815796,4.0,0.0,0.45688101649284363
48.5,0,0.5222397446632385,-0.023695506155490875,-0.03954065218567848,0.3274412155151367,4.0,0.0,0.46550676226615906
48.55,0,0.5227500200271606,-0.023466063663363457,-0.04168851301074028,0.3273235559463501,4.0,0.0,0.46432197093963623
48.6,0,0.5233312845230103,-0.023325547575950623,-0.04468029364943504,0.3272383213043213,4.0,0.0,0.46237221360206604
48.65,0,0.5239509344100952,-0.023258619010448456,-0.0451519601047039,0.3271760940551758,4.0,0.0,0.4620368480682373
48.7,0,0.5246008038520813,-0.023244082927703857,-0.048156484961509705,0.32713568210601807,4.0,0.0,0.4627801775932312
48.75,0,0.5252611637115479,-0.023256534710526466,-0.04561615735292435,0.3270984888076782,4.0,0.0,0.4613177180290222
48.8,0,0.5259406566619873,-0.02327607199549675,-0.04593139886856079,0.32707181572914124,4.0,0.0,0.46101605892181396
48.85,0,0.5266386270523071,-0.023331986740231514,-0.04798845946788788,0.327049195766449,4.0,0.0,0.4606320261955261
48.9,0,0.5273545384407043,-0.023404719308018684,-0.048200689256191254,0.32704535126686096,4.0,0.0,0.4606491029262543
48.95,0,0.5280689001083374,-0.02351037599146366,-0.048398688435554504,0.3270302414894104,4.0,0.0,0.4602164626121521
49.0,0,0.5287853479385376,-0.023617446422576904,-0.04883723706007004,0.3270355761051178,4.0,0.0,0.4600282311439514
49.05,0,0.5295189023017883,-0.02373628318309784,-0.04946242272853851,0.3270426392555237,4.0,0.0,0.45947614312171936
49.1,0,0.5302532315254211,-0.02384708635509014,-0.049819909036159515,0.32704630494117737,4.0,0.0,0.45972034335136414
49.15,0,0.5310010313987732,-0.02397318184375763,-0.052662190049886703,0.32706284523010254,4.0,0.0,0.4603844881057739
49.2,0,0.5317124724388123,-0.02401823177933693,-0.044630564749240875,0.327043354511261,4.0,0.0,0.46242162585258484
49.25,0,0.532385528087616,-0.02400553785264492,-0.04876662418246269,0.3270065188407898,4.0,0.0,0.46154311299324036
49.3,0,0.533081591129303,-0.02400820516049862,-0.053540028631687164,0.32697951793670654,4.0,0.0,0.46339085698127747
49.35,0,0.5337976217269897,-0.024058282375335693,-0.05282916501164436,0.32696473598480225,4.0,0.0,0.4608590006828308
49.4,0,0.5345301628112793,-0.024086732417345047,-0.04812074825167656,0.3269517123699188,4.0,0.0,0.45720794796943665
49.45,0,0.535280704498291,-0.02392484061419964,-0.03959733992815018,0.3269757032394409,4.0,0.0,0.4570876657962799
49.5,0,0.5360482931137085,-0.023515813052654266,-0.04285222664475441,0.32703185081481934,4.0,0.0,0.4577100872993469
49.55,0,0.5368356108665466,-0.02313266322016716,-0.036756932735443115,0.3270914554595947,4.0,0.0,0.4565578103065491
49.6,0,0.5376325845718384,-0.022752268239855766,-0.03873960301280022,0.3271558880805969,4.0,0.0,0.4572904407978058
49.65,0,0.5384533405303955,-0.02238348126411438,-0.04031621664762497,0.32722342014312744,4.0,0.0,0.45425674319267273
49.7,0,0.5390809774398804,-0.02221904881298542,-0.045588418841362,0.3271726965904236,4.0,0.0,0.46260130405426025
49.75,0,0.5396856069564819,-0.02223430946469307,-0.047204624861478806,0.32710695266723633,4.0,0.0,0.4614095091819763
49.8,0,0.5403195023536682,-0.02228686399757862,-0.04874955490231514,0.32706430554389954,4.0,0.0,0.46232113242149353
49.85,0,0.5409772992134094,-0.022380374372005463,-0.052745454013347626,0.3270253837108612,4.0,0.0,0.4615944027900696
49.9,0,0.5416503548622131,-0.022498643025755882,-0.0496392622590065,0.3270057439804077,4.0,0.0,0.46060141921043396
49.95,0,0.5423614978790283,-0.022684816271066666,-0.052174847573041916,0.2999268174171448,5.0,0.0,0.46145257353782654
50.0,0,0.5430676937103271,-0.02284906432032585,-0.0511164627969265,0.3269755244255066,5.0,0.0,0.4603789150714874
50.05,0,0.543785572052002,-0.02299891784787178,-0.05141313001513481,0.3269628882408142,5.0,0.0,0.45808345079421997
50.1,0,0.5445176959037781,-0.023170266300439835,-0.05077291280031204,0.3269519805908203,5.0,0.0,0.4600750207901001
50.15,0,0.5452489256858826,-0.02335105463862419,-0.056416019797325134,0.32693707942962646,5.0,0.0,0.4606969654560089
50.2,0,0.5460041761398315,-0.02350728213787079,-0.05454547703266144,0.32693371176719666,5.0,0.0,0.46032190322875977
50.25,0,0.546780526638031,-0.023678822442889214,-0.0523526631295681,0.3269466161727905,5.0,0.0,0.4599399268627167
50.3,0,0.5475704669952393,-0.02382408082485199,-0.05438951030373573,0.326962947845459,5.0,0.0,0.4600185453891754
50.35,0,0.548373818397522,-0.02397785522043705,-0.0613970011472702,0.32698172330856323,5.0,0.0,0.46057337522506714
50.4,0,0.5491672158241272,-0.0240783728659153,-0.05197599530220032,0.32698559761047363,5.0,0.0,0.46225568652153015
50.45,0,0.5498027205467224,-0.023968253284692764,-0.04405202344059944,0.32692331075668335,5.0,0.0,0.46210622787475586
50.5,0,0.5504830479621887,-0.02392498403787613,-0.0531940758228302,0.3268939256668091,5.0,0.0,0.464277446269989
50.55,0,0.5511760115623474,-0.023901628330349922,-0.04523242264986038,0.3268628418445587,5.0,0.0,0.4605633020401001
50.6,0,0.5518890619277954,-0.02391328290104866,-0.04896041750907898,0.3268442153930664,5.0,0.0,0.46056994795799255
50.65,0,0.5525856018066406,-0.023958701640367508,-0.04734528437256813,0.3268306851387024,5.0,0.0,0.46153712272644043
50.7,0,0.5533071756362915,-0.024010103195905685,-0.0528913214802742,0.32683199644088745,5.0,0.0,0.46084487438201904
50.75,0,0.5540508031845093,-0.024077948182821274,-0.048330824822187424,0.3268372416496277,5.0,0.0,0.46052631735801697
50.8,0,0.5548036098480225,-0.024149488657712936,-0.054481856524944305,0.3268428146839142,5.0,0.0,0.46020492911338806
50.85,0,0.5555752515792847,-0.02423432096838951,-0.05114753916859627,0.326852023601532,5.0,0.0,0.4593982398509979
50.9,0,0.5563682913780212,-0.024297058582305908,-0.04802217334508896,0.3268784284591675,5.0,0.0,0.45882949233055115
50.95,0,0.5571652054786682,-0.024284685030579567,-0.04798814654350281,0.32690858840942383,5.0,0.0,0.45910829305648804
51.0,0,0.5579642057418823,-0.024282606318593025,-0.05007469654083252,0.32693812251091003,5.0,0.0,0.4587286710739136
51.05,0,0.5587745904922485,-0.024123722687363625,-0.04392353072762489,0.3269845247268677,5.0,0.0,0.45701590180397034
51.1,0,0.5596058368682861,-0.023843491449952126,-0.04508824273943901,0.3270499110221863,5.0,0.0,0.4569774866104126
51.15,0,0.5603932738304138,-0.02366986684501171,-0.04581010714173317,0.3270876407623291,5.0,0.0,0.45844051241874695
51.2,0,0.5611908435821533,-0.02350791171193123,-0.04662414640188217,0.3271249532699585,5.0,0.0,0.45797863602638245
51.25,0,0.5619751214981079,-0.023432930931448936,-0.04936528950929642,0.32714590430259705,5.0,0.0,0.4625997245311737
51.3,0,0.5626748204231262,-0.0235061626881361,-0.05040842294692993,0.32711344957351685,5.0,0.0,0.46010416746139526
51.35,0,0.5634095668792725,-0.023617399856448174,-0.051499076187610626,0.32709717750549316,5.0,0.0,0.45997723937034607
51.4,0,0.5641577839851379,-0.023759087547659874,-0.051147203892469406,0.32708489894866943,5.0,0.0,0.4600031077861786
51.449999999999996,0,0.5649102330207825,-0.023881705477833748,-0.05334796756505966,0.32707124948501587,5.0,0.0,0.4602333903312683
51.5,0,0.5656824111938477,-0.024042902514338493,-0.054188575595617294,0.32707083225250244,5.0,0.0,0.4597374498844147
51.55,0,0.5664789080619812,-0.024231472983956337,-0.05231989547610283,0.2998918890953064,5.0,0.0,0.4598821997642517
51.6,0,0.5672690868377686,-0.024374959990382195,-0.052998319268226624,0.32708054780960083,5.0,0.0,0.4592207968235016
51.65,0,0.5680848360061646,-0.024501744657754898,-0.05381825566291809,0.2998473346233368,5.0,0.0,0.46003401279449463
51.699999999999996,0,0.5689167380332947,-0.024631284177303314,-0.057565342634916306,0.3271029591560364,5.0,0.0,0.4608095586299896
51.75,0,0.569752037525177,-0.024758849292993546,-0.055563244968652725,0.32711607217788696,5.0,0.0,0.45872583985328674
51.8,0,0.570395827293396,-0.024141715839505196,-0.0330844521522522,0.32710132002830505,5.0,0.0,0.45948004722595215
51.85,0,0.5710782408714294,-0.02357991598546505,-0.035490114241838455,0.3270978033542633,5.0,0.0,0.45927268266677856
51.9,0,0.5717951059341431,-0.023064659908413887,-0.03616202995181084,0.32711243629455566,5.0,0.0,0.4588336944580078
51.949999999999996,0,0.5725466012954712,-0.02258302830159664,-0.0369052030146122,0.3271433115005493,5.0,0.0,0.4578351080417633
52.0,0,0.5730860829353333,-0.022376511245965958,-0.0429467149078846,0.32704973220825195,5.0,0.0,0.4636344909667969
52.05,0,0.5736452341079712,-0.02230740897357464,-0.04612002894282341,0.3269694447517395,5.0,0.0,0.462126225233078
52.1,0,0.5742325186729431,-0.022301943972706795,-0.04544173553586006,0.32690656185150146,5.0,0.0,0.4616795778274536
52.15,0,0.5748406052589417,-0.022325538098812103,-0.04883958771824837,0.3268543481826782,5.0,0.0,0.46113651990890503
52.199999999999996,0,0.575482964515686,-0.022398488596081734,-0.048599377274513245,0.3268139958381653,5.0,0.0,0.4609902501106262
52.25,0,0.576134204864502,-0.022476794198155403,-0.04782911390066147,0.326782763004303,5.0,0.0,0.4610012471675873
52.3,0,0.5767924785614014,-0.022552937269210815,-0.048369940370321274,0.3267554044723511,5.0,0.0,0.46084868907928467
52.35,0,0.5774679780006409,-0.022656988352537155,-0.048572998493909836,0.3267322778701782,5.0,0.0,0.460856169462204
52.4,0,0.5781480073928833,-0.022759731858968735,-0.04903557896614075,0.32671138644218445,5.0,0.0,0.4609088599681854
52.449999999999996,0,0.5788388252258301,-0.02291250042617321,-0.0492330826818943,0.32669562101364136,5.0,0.0,0.46117228269577026
52.5,0,0.5795365571975708,-0.023065293207764626,-0.0492018423974514,0.32668817043304443,5.0,0.0,0.4611506462097168
52.55,0,0.5802371501922607,-0.023208023980259895,-0.04935574531555176,0.3266826868057251,5.0,0.0,0.46131351590156555
52.6,0,0.580950140953064,-0.023326022550463676,-0.04933804273605347,0.3266797661781311,5.0,0.0,0.46119919419288635
52.65,0,0.5816807150840759,-0.02345924824476242,-0.05157310888171196,0.326682448387146,5.0,0.0,0.4606744647026062
52.699999999999996,0,0.5824215412139893,-0.02358737401664257,-0.0487036257982254,0.32668912410736084,5.0,0.0,0.4610602557659149
52.75,0,0.5831857323646545,-0.023695582523941994,-0.05138641223311424,0.32669979333877563,5.0,0.0,0.4608508348464966
52.8,0,0.5839667320251465,-0.02380451373755932,-0.05376838147640228,0.32672423124313354,5.0,0.0,0.45982301235198975
52.85,0,0.58475261926651,-0.02392004057765007,-0.05161371827125549,0.3267422616481781,5.0,0.0,0.45994922518730164
52.9,0,0.5855467915534973,-0.024023093283176422,-0.05397205427289009,0.3267647624015808,5.0,0.0,0.46017035841941833
52.949999999999996,0,0.5863511562347412,-0.024121759459376335,-0.049684710800647736,0.32679206132888794,5.0,0.0,0.4616089165210724
53.0,0,0.5869404673576355,-0.023945573717355728,-0.04100417345762253,0.3267144560813904,5.0,0.0,0.4642738997936249
53.05,0,0.587560772895813,-0.02381480298936367,-0.04298412427306175,0.32666170597076416,5.0,0.0,0.463039368391037
53.1,0,0.5882077217102051,-0.023743003606796265,-0.04142775386571884,0.32662129402160645,5.0,0.0,0.4623670279979706
53.15,0,0.588890790939331,-0.0236773993819952,-0.04609151929616928,0.326595664024353,5.0,0.0,0.4622000753879547
53.199999999999996,0,0.5895776748657227,-0.023640625178813934,-0.04667302221059799,0.3265860378742218,5.0,0.0,0.4622150957584381
53.25,0,0.5902686715126038,-0.023643501102924347,-0.043089695274829865,0.32658299803733826,5.0,0.0,0.46172216534614563
53.3,0,0.5909790992736816,-0.023671798408031464,-0.04742356762290001,0.32658594846725464,5.0,0.0,0.4608902037143707
53.35,0,0.5917046666145325,-0.023685261607170105,-0.0465504452586174,0.32658812403678894,5.0,0.0,0.4603457748889923
53.4,0,0.5924404859542847,-0.023693226277828217,-0.05043940618634224,0.3265984356403351,5.0,0.0,0.4615917503833771
53.449999999999996,0,0.5931785106658936,-0.02368859201669693,-0.047515418380498886,0.32661646604537964,5.0,0.0,0.46164020895957947
53.5,0,0.5939056277275085,-0.02366691641509533,-0.037133242934942245,0.3003755509853363,5.0,0.0,0.45914217829704285
53.55,0,0.5946703553199768,-0.02371411956846714,-0.04817959666252136,0.3266424536705017,5.0,0.0,0.45990678668022156
53.6,0,0.5954486727714539,-0.02373456209897995,-0.04865486919879913,0.32666656374931335,5.0,0.0,0.4596530795097351
53.65,0,0.5962037444114685,-0.023449402302503586,-0.039435163140296936,0.3267172574996948,5.0,0.0,0.4579966962337494
53.699999999999996,0,0.5969763398170471,-0.02308487705886364,-0.039633896201848984,0.326783150434494,5.0,0.0,0.457115113735199
53.75,0,0.5977796912193298,-0.02272029034793377,-0.03980167955160141,0.3268549144268036,5.0,0.0,0.4571170508861542
53.8,0,0.5985813736915588,-0.02241251990199089,-0.043138064444065094,0.3269161283969879,5.0,0.0,0.4645611345767975
53.85,0,0.599157989025116,-0.022397980093955994,-0.04616057872772217,0.3268452286720276,5.0,0.0,0.4619236886501312
53.9,0,0.5997859239578247,-0.022446071729063988,-0.048313483595848083,0.3267999589443207,5.0,0.0,0.4610722064971924
53.949999999999996,0,0.6004443764686584,-0.022539466619491577,-0.04869941622018814,0.32676899433135986,5.0,0.0,0.4610974192619324
54.0,0,0.6011275053024292,-0.02266366221010685,-0.049304790794849396,0.32674863934516907,5.0,0.0,0.46051210165023804
54.05,0,0.6018232107162476,-0.022797338664531708,-0.050880420953035355,0.32673147320747375,5.0,0.0,0.45964759588241577
54.1,0,0.6025347709655762,-0.022945484146475792,-0.052051521837711334,0.3267170786857605,5.0,0.0,0.4597048759460449
54.15,0,0.6032597422599792,-0.023096060380339622,-0.051799170672893524,0.32671305537223816,5.0,0.0,0.4595305025577545
54.199999999999996,0,0.6039968729019165,-0.023244308307766914,-0.05246984586119652,0.3267073333263397,5.0,0.0,0.45952385663986206
54.25,0,0.6047447323799133,-0.023404812440276146,-0.051770396530628204,0.3267101049423218,5.0,0.0,0.46027740836143494
54.3,0,0.6054948568344116,-0.023566512390971184,-0.0531427264213562,0.32671964168548584,5.0,0.0,0.4614463746547699
54.35,0,0.6062389612197876,-0.023717984557151794,-0.059519484639167786,0.3267173767089844,5.0,0.0,0.4611465036869049
54.4,0,0.6069883108139038,-0.023874599486589432,-0.05579705163836479,0.32672378420829773,5.0,0.0,0.46033775806427
54.449999999999996,0,0.6077486872673035,-0.024043306708335876,-0.057055361568927765,0.3267279863357544,5.0,0.0,0.46092650294303894
54.5,0,0.6085282564163208,-0.024214517325162888,-0.05894787982106209,0.326737642288208,5.0,0.0,0.4590160548686981
54.55,0,0.6093157529830933,-0.024383557960391045,-0.04325481131672859,0.3267443776130676,5.0,0.0,0.4561569392681122
54.6,0,0.6101455688476562,-0.024546759203076363,-0.05353352800011635,0.32677528262138367,5.0,0.0,0.4600854814052582
54.65,0,0.6108757853507996,-0.024505382403731346,-0.042619988322257996,0.32676613330841064,5.0,0.0,0.46615251898765564
54.699999999999996,0,0.6114588379859924,-0.024296792224049568,-0.044802580028772354,0.3266861140727997,5.0,0.0,0.46461039781570435
54.75,0,0.6120874881744385,-0.02417663112282753,-0.043653376400470734,0.32663097977638245,5.0,0.0,0.4625338017940521
54.8,0,0.6127439141273499,-0.024082977324724197,-0.04373401030898094,0.3265925347805023,5.0,0.0,0.4621487259864807
54.85,0,0.613429069519043,-0.024006905034184456,-0.04326844587922096,0.32657188177108765,5.0,0.0,0.461063951253891
54.9,0,0.6141362190246582,-0.02396746166050434,-0.045144520699977875,0.32656076550483704,5.0,0.0,0.46154189109802246
54.949999999999996,0,0.6148448586463928,-0.02393772453069687,-0.044146399945020676,0.3265484571456909,5.0,0.0,0.4601993262767792
55.0,0,0.6155692934989929,-0.023933669552206993,-0.04634815827012062,0.32654598355293274,5.0,0.0,0.4606189429759979
55.05,0,0.6163044571876526,-0.023925337940454483,-0.05022343248128891,0.3265461325645447,5.0,0.0,0.460321843624115
55.1,0,0.6170594096183777,-0.023914460092782974,-0.047457411885261536,0.3265473544597626,5.0,0.0,0.4600594639778137
55.15,0,0.6178115606307983,-0.023661987856030464,-0.03731797635555267,0.32657819986343384,5.0,0.0,0.45770204067230225
55.199999999999996,0,0.6185980439186096,-0.023204883560538292,-0.03963353857398033,0.32664409279823303,5.0,0.0,0.45745745301246643
55.25,0,0.6194037795066833,-0.022759145125746727,-0.04046996682882309,0.3267139196395874,5.0,0.0,0.4576372802257538
55.3,0,0.6200535893440247,-0.022532150149345398,-0.040432337671518326,0.32669153809547424,5.0,0.0,0.4646369516849518
55.35,0,0.6206400990486145,-0.022487813606858253,-0.04560040310025215,0.32663124799728394,5.0,0.0,0.4623247981071472
55.4,0,0.6212742924690247,-0.022523406893014908,-0.049963150173425674,0.3265899121761322,5.0,0.0,0.4616546630859375
55.449999999999996,0,0.6219321489334106,-0.02259179763495922,-0.049152106046676636,0.3265600800514221,5.0,0.0,0.461090624332428
55.5,0,0.6226119995117188,-0.02268317900598049,-0.04884156957268715,0.3265450596809387,5.0,0.0,0.46053963899612427
55.55,0,0.6232958436012268,-0.022778527811169624,-0.052858851850032806,0.3265300989151001,5.0,0.0,0.4615228772163391
55.6,0,0.6239944100379944,-0.022889098152518272,-0.05093897506594658,0.32652321457862854,5.0,0.0,0.46044254302978516
55.65,0,0.6247073411941528,-0.02302153967320919,-0.05158167704939842,0.32651934027671814,5.0,0.0,0.4602257311344147
55.699999999999996,0,0.6254291534423828,-0.02314748801290989,-0.051757920533418655,0.32651129364967346,5.0,0.0,0.46005651354789734
55.75,0,0.6261645555496216,-0.02329297922551632,-0.05007212609052658,0.32651758193969727,5.0,0.0,0.45920833945274353
55.8,0,0.6269133687019348,-0.023442022502422333,-0.05135401338338852,0.3265247941017151,5.0,0.0,0.4589957594871521
55.85,0,0.6276520490646362,-0.023618478327989578,-0.048339422792196274,0.32654431462287903,5.0,0.0,0.45960476994514465
55.9,0,0.6283957958221436,-0.023763500154018402,-0.05255405977368355,0.32657817006111145,5.0,0.0,0.4588644504547119
55.949999999999996,0,0.6291458606719971,-0.023917844519019127,-0.050103191286325455,0.3266097605228424,5.0,0.0,0.46036162972450256
56.0,0,0.6299285888671875,-0.024009695276618004,-0.051577337086200714,0.3266299366950989,5.0,0.0,0.4603753387928009
56.05,0,0.630720853805542,-0.024129139259457588,-0.0525737926363945,0.32666507363319397,5.0,0.0,0.4598247706890106
56.1,0,0.631523072719574,-0.02422366291284561,-0.05219998210668564,0.32668396830558777,5.0,0.0,0.4594417214393616
56.15,0,0.6323345899581909,-0.024303462356328964,-0.05869866907596588,0.3000398576259613,5.0,0.0,0.4598042964935303
56.199999999999996,0,0.6331372261047363,-0.024380655959248543,-0.04093936085700989,0.32672232389450073,5.0,0.0,0.4635757505893707
56.25,0,0.6337493658065796,-0.024197183549404144,-0.049135491251945496,0.32665079832077026,5.0,0.0,0.465997576713562
56.3,0,0.634411096572876,-0.024060485884547234,-0.043813105672597885,0.3265989124774933,5.0,0.0,0.46205195784568787
56.35,0,0.6351025104522705,-0.02397221513092518,-0.043221332132816315,0.326565146446228,5.0,0.0,0.46114084124565125
56.4,0,0.6358112692832947,-0.023904645815491676,-0.04954591393470764,0.3265453279018402,5.0,0.0,0.46061971783638
56.449999999999996,0,0.6365377902984619,-0.02378774806857109,-0.03431035205721855,0.32653817534446716,5.0,0.0,0.4578792452812195
56.5,0,0.63730388879776,-0.023379018530249596,-0.042681608349084854,0.32658711075782776,5.0,0.0,0.4581756293773651
56.55,0,0.6380835771560669,-0.022990340366959572,-0.0407327376306057,0.326637327671051,5.0,0.0,0.4579497277736664
56.6,0,0.638763427734375,-0.02272374927997589,-0.048622068017721176,0.3266241252422333,5.0,0.0,0.46323251724243164
56.65,0,0.639374852180481,-0.022648945450782776,-0.045718878507614136,0.3265680968761444,5.0,0.0,0.46206218004226685
56.699999999999996,0,0.6400108933448792,-0.02263544127345085,-0.03420308232307434,0.3265248239040375,5.0,0.0,0.4585830867290497
56.75,0,0.6406680941581726,-0.022698454558849335,-0.05274349823594093,0.3264896869659424,5.0,0.0,0.4631829857826233
56.8,0,0.6413444876670837,-0.022743189707398415,-0.0469328872859478,0.32646575570106506,5.0,0.0,0.4601569175720215
56.85,0,0.6420345306396484,-0.02280505560338497,-0.06106478348374367,0.3264444172382355,5.0,0.0,0.46360325813293457
56.9,0,0.642734169960022,-0.02289612963795662,-0.049117278307676315,0.32643571496009827,5.0,0.0,0.46031564474105835
56.949999999999996,0,0.6434529423713684,-0.022980036213994026,-0.052612971514463425,0.3264312446117401,5.0,0.0,0.4601333439350128
57.0,0,0.6441784501075745,-0.023090066388249397,-0.04055967926979065,0.3264356851577759,5.0,0.0,0.4590962529182434
57.05,0,0.6449073553085327,-0.02320013754069805,-0.05218696966767311,0.32642924785614014,5.0,0.0,0.460288941860199
57.1,0,0.6456519961357117,-0.023321205750107765,-0.050344839692115784,0.32643240690231323,5.0,0.0,0.4607490003108978
57.15,0,0.6463779807090759,-0.023450110107660294,-0.05056513845920563,0.32643556594848633,5.0,0.0,0.46061310172080994
57.199999999999996,0,0.647138237953186,-0.023595288395881653,-0.050282493233680725,0.32644936442375183,5.0,0.0,0.46007031202316284
57.25,0,0.6479117274284363,-0.023733343929052353,-0.05188398063182831,0.326468288898468,5.0,0.0,0.46039479970932007
57.3,0,0.6486918330192566,-0.02386265993118286,-0.051495712250471115,0.32648593187332153,5.0,0.0,0.4598354995250702
57.35,0,0.6494864225387573,-0.023983651772141457,-0.05371018499135971,0.3265061378479004,5.0,0.0,0.4588940739631653
57.4,0,0.6502934694290161,-0.02410142682492733,-0.05329443886876106,0.3265325129032135,5.0,0.0,0.4593108594417572
57.449999999999996,0,0.6511198878288269,-0.024234969168901443,-0.05919516459107399,0.3265608549118042,5.0,0.0,0.4600799083709717
57.5,0,0.6519562005996704,-0.024348586797714233,-0.05342300608754158,0.3265911638736725,5.0,0.0,0.4587256908416748
57.55,0,0.6528037786483765,-0.02419153042137623,-0.04840819910168648,0.3266545534133911,5.0,0.0,0.45756015181541443
57.6,0,0.6536818742752075,-0.023983992636203766,-0.04661167412996292,0.3267256021499634,5.0,0.0,0.45736268162727356
57.65,0,0.6545194387435913,-0.02384371869266033,-0.05052503943443298,0.3267724812030792,5.0,0.0,0.46605971455574036
57.699999999999996,0,0.6550704836845398,-0.023642661049962044,-0.041423339396715164,0.3266744613647461,5.0,0.0,0.46397197246551514
57.75,0,0.6556710004806519,-0.02348227985203266,-0.04944881796836853,0.32660460472106934,5.0,0.0,0.4637000262737274
57.8,0,0.6563246846199036,-0.023435216397047043,-0.04931899905204773,0.32655733823776245,5.0,0.0,0.4632430076599121
57.85,0,0.6569982171058655,-0.023418523371219635,-0.05180918425321579,0.32652169466018677,5.0,0.0,0.46289005875587463
57.9,0,0.6576923727989197,-0.023419365286827087,-0.05294868350028992,0.32649704813957214,5.0,0.0,0.4625524878501892
57.949999999999996,0,0.6583977937698364,-0.02344951219856739,-0.04727586731314659,0.3264812231063843,5.0,0.0,0.46091732382774353
58.0,0,0.6591203212738037,-0.023473888635635376,-0.048390865325927734,0.32646897435188293,5.0,0.0,0.4605462849140167
58.05,0,0.6598522663116455,-0.02351347915828228,-0.04873420298099518,0.3264616131782532,5.0,0.0,0.46051979064941406
58.1,0,0.660587728023529,-0.02354905568063259,-0.05030231177806854,0.3264543414115906,5.0,0.0,0.46010735630989075
58.15,0,0.6613500118255615,-0.02362443134188652,-0.05185360834002495,0.3264576196670532,5.0,0.0,0.46019312739372253
58.199999999999996,0,0.6621047258377075,-0.023729423061013222,-0.04995391517877579,0.3003261983394623,5.0,0.0,0.46130049228668213
58.25,0,0.6628696322441101,-0.023827839642763138,-0.05599586293101311,0.3264998495578766,5.0,0.0,0.46286463737487793
58.3,0,0.6636336445808411,-0.023912575095891953,-0.05621251091361046,0.3265193998813629,5.0,0.0,0.4630889892578125
58.35,0,0.6644063591957092,-0.024013515561819077,-0.05495385825634003,0.32654455304145813,5.0,0.0,0.4625363051891327
58.4,0,0.6651965379714966,-0.02410183474421501,-0.05555367097258568,0.3265616297721863,5.0,0.0,0.4618198573589325
58.449999999999996,0,0.6659955978393555,-0.024185175076127052,-0.05631576105952263,0.3265819549560547,5.0,0.0,0.4611484706401825
58.5,0,0.66680908203125,-0.02424326166510582,-0.05640136078000069,0.30031558871269226,5.0,0.0,0.46084487438201904
58.55,0,0.6676329970359802,-0.024306906387209892,-0.0565214641392231,0.30031618475914,5.0,0.0,0.4605098068714142
58.6,0,0.6684689521789551,-0.02437380701303482,-0.056839149445295334,0.3003171980381012,5.0,0.0,0.46015527844429016
58.65,0,0.6693018674850464,-0.024453479796648026,-0.047239311039447784,0.3266432583332062,5.0,0.0,0.4635303020477295
58.699999999999996,0,0.6699334383010864,-0.0238272026181221,-0.03424752876162529,0.3266153931617737,5.0,0.0,0.45922350883483887
58.75,0,0.6706199645996094,-0.02322862111032009,-0.03669329360127449,0.32661813497543335,5.0,0.0,0.4600793421268463
58.8,0,0.6711978912353516,-0.022863391786813736,-0.03864564746618271,0.3265516459941864,5.0,0.0,0.4666711091995239
58.85,0,0.6717121005058289,-0.022677062079310417,-0.0446428619325161,0.3264531195163727,5.0,0.0,0.46466511487960815
58.9,0,0.6722713708877563,-0.02258375659584999,-0.04568982869386673,0.32638001441955566,5.0,0.0,0.4638592600822449
58.949999999999996,0,0.6728686690330505,-0.02254331484436989,-0.04898848757147789,0.326326459646225,5.0,0.0,0.4633270502090454
59.0,0,0.6734753251075745,-0.02254330925643444,-0.04505101218819618,0.32628339529037476,5.0,0.0,0.45980221033096313
59.05,0,0.6741073727607727,-0.02254788763821125,-0.047444380819797516,0.32625648379325867,5.0,0.0,0.46050575375556946
59.1,0,0.6747450232505798,-0.02257939986884594,-0.04636647552251816,0.3262311518192291,5.0,0.0,0.4610458314418793
59.15,0,0.6753997802734375,-0.022618845105171204,-0.04800388216972351,0.32621678709983826,5.0,0.0,0.4590168297290802
59.199999999999996,0,0.6760442852973938,-0.02268400229513645,-0.04800577461719513,0.3262016475200653,5.0,0.0,0.4588078558444977
59.25,0,0.6766947507858276,-0.022735213860869408,-0.050281766802072525,0.3261913061141968,5.0,0.0,0.45973849296569824
59.3,0,0.6773489713668823,-0.022779768332839012,-0.04630502685904503,0.3261836767196655,5.0,0.0,0.46223777532577515
59.35,0,0.6780110597610474,-0.022823721170425415,-0.045828819274902344,0.32617536187171936,5.0,0.0,0.4621843993663788
59.4,0,0.6786743998527527,-0.02286550961434841,-0.04213991016149521,0.3261735141277313,5.0,0.0,0.4559297561645508
59.449999999999996,0,0.6793641448020935,-0.022923512384295464,-0.04666076600551605,0.32618123292922974,5.0,0.0,0.4628158211708069
59.5,0,0.6800599694252014,-0.02298969216644764,-0.05325945466756821,0.3261908292770386,5.0,0.0,0.461195707321167
59.55,0,0.6807889342308044,-0.023146042600274086,-0.05315730348229408,0.30061936378479004,5.0,0.0,0.46019381284713745
59.6,0,0.6815249919891357,-0.023318763822317123,-0.04995647445321083,0.32623979449272156,5.0,0.0,0.4606001377105713
59.65,0,0.6822662353515625,-0.023446884006261826,-0.05280095338821411,0.30057358741760254,5.0,0.0,0.4601588845252991
59.699999999999996,0,0.6830117702484131,-0.023573005571961403,-0.05477600544691086,0.3005525767803192,5.0,0.0,0.4602750837802887
59.75,0,0.6837661266326904,-0.02367945946753025,-0.05469284579157829,0.3005356192588806,5.0,0.0,0.4600067734718323
59.8,0,0.6845411658287048,-0.02382774092257023,-0.054467830806970596,0.3005214333534241,5.0,0.0,0.4598853886127472
59.85,0,0.6853236556053162,-0.023921359330415726,-0.04802098497748375,0.30052080750465393,5.0,0.0,0.46099892258644104
59.9,0,0.6861187815666199,-0.02400628663599491,-0.05136451870203018,0.32640475034713745,5.0,0.0,0.45972350239753723
59.949999999999996,0,0.6869314908981323,-0.024092385545372963,-0.053669337183237076,0.3264426290988922,5.0,0.0,0.45973777770996094
60.0,0,0.6877474784851074,-0.024165304377675056,-0.04950997233390808,0.3264729678630829,5.0,0.0,0.4602314233779907
60.05,0,0.6885910630226135,-0.024262456223368645,-0.052817199379205704,0.3265096843242645,5.0,0.0,0.45878106355667114
60.1,0,0.689428985118866,-0.02433188073337078,-0.05323294550180435,0.3005079925060272,5.0,0.0,0.45960429310798645
60.15,0,0.6902867555618286,-0.024405425414443016,-0.05510125681757927,0.30051228404045105,5.0,0.0,0.4585833251476288
60.199999999999996,0,0.6911569237709045,-0.02448277734220028,-0.05537279695272446,0.30051425099372864,5.0,0.0,0.45926257967948914
60.25,0,0.6920321583747864,-0.024390175938606262,-0.048420511186122894,0.300517201423645,5.0,0.0,0.4560658931732178
60.3,0,0.6929400563240051,-0.024049080908298492,-0.044083572924137115,0.3005441129207611,5.0,0.0,0.45698150992393494
60.35,0,0.6937263607978821,-0.023945406079292297,-0.04986795783042908,0.3267486095428467,5.0,0.0,0.4612712860107422
60.4,0,0.6944656372070312,-0.023986663669347763,-0.05439075827598572,0.3004069924354553,5.0,0.0,0.46064379811286926
60.449999999999996,0,0.695155143737793,-0.023975500836968422,-0.04062419757246971,0.326678603887558,5.0,0.0,0.46513140201568604
60.5,0,0.6957207918167114,-0.023759635165333748,-0.04042734578251839,0.3265778422355652,5.0,0.0,0.4621635377407074
60.55,0,0.6963271498680115,-0.02361007034778595,-0.04200775548815727,0.32650160789489746,5.0,0.0,0.4626496434211731
60.6,0,0.6969611644744873,-0.02351025678217411,-0.04539450258016586,0.3264410197734833,5.0,0.0,0.4618748128414154
60.65,0,0.6976146101951599,-0.02345677837729454,-0.043458398431539536,0.3263961374759674,5.0,0.0,0.46120744943618774
60.699999999999996,0,0.6982958912849426,-0.023333340883255005,-0.029474414885044098,0.3263760805130005,5.0,0.0,0.4550986588001251
60.75,0,0.6990057229995728,-0.02301313914358616,-0.036392033100128174,0.32639363408088684,5.0,0.0,0.4572519063949585
60.8,0,0.699676513671875,-0.022705260664224625,-0.039947718381881714,0.32639098167419434,5.0,0.0,0.4641876518726349
60.85,0,0.7002424001693726,-0.022630879655480385,-0.04476552829146385,0.32632285356521606,5.0,0.0,0.4623875319957733
60.9,0,0.7008310556411743,-0.022564437240362167,-0.04275164753198624,0.32626432180404663,5.0,0.0,0.4622236490249634
60.949999999999996,0,0.7014405131340027,-0.022584853693842888,-0.04391894116997719,0.32622721791267395,5.0,0.0,0.46183592081069946
61.0,0,0.702061653137207,-0.02261136844754219,-0.04117705672979355,0.3262028694152832,5.0,0.0,0.4632002115249634
61.05,0,0.7026848196983337,-0.022620882838964462,-0.04511856660246849,0.32617080211639404,5.0,0.0,0.4615478813648224
61.1,0,0.7033262848854065,-0.022641032934188843,-0.04065048694610596,0.3261528015136719,5.0,0.0,0.4578257203102112
61.15,0,0.7039937376976013,-0.022718187421560287,-0.04574666917324066,0.3261534869670868,5.0,0.0,0.46298226714134216
61.199999999999996,0,0.70466148853302,-0.022768812254071236,-0.046893682330846786,0.3261467516422272,5.0,0.0,0.46326500177383423
61.25,0,0.705341637134552,-0.022872980684041977,-0.04916297271847725,0.3261491656303406,5.0,0.0,0.4613751769065857
61.3,0,0.7060409188270569,-0.022989796474575996,-0.048446957021951675,0.32614901661872864,5.0,0.0,0.4610649049282074
61.35,0,0.7067335844039917,-0.02310021221637726,-0.046446625143289566,0.32615309953689575,5.0,0.0,0.4607161283493042
61.4,0,0.7074370384216309,-0.023206006735563278,-0.04876074939966202,0.3261606991291046,5.0,0.0,0.4602195620536804
61.449999999999996,0,0.7081567645072937,-0.023324396461248398,-0.05285366252064705,0.3261602520942688,5.0,0.0,0.4618206024169922
61.5,0,0.7088767290115356,-0.023422615602612495,-0.05103465914726257,0.32616591453552246,5.0,0.0,0.4624030888080597
61.55,0,0.7095980644226074,-0.023581799119710922,-0.04598305746912956,0.32617422938346863,5.0,0.0,0.4617573320865631
61.6,0,0.7103399038314819,-0.023711659014225006,-0.05175751447677612,0.32619258761405945,5.0,0.0,0.4613507091999054
61.65,0,0.7110959887504578,-0.02383476495742798,-0.05153290554881096,0.3262125551700592,5.0,0.0,0.461407333612442
61.699999999999996,0,0.7118589878082275,-0.023933952674269676,-0.053816139698028564,0.32622963190078735,5.0,0.0,0.46071556210517883
61.75,0,0.7126426696777344,-0.024054786190390587,-0.05213364213705063,0.30035585165023804,5.0,0.0,0.4615955054759979
61.8,0,0.7133329510688782,-0.024025065824389458,-0.04059820994734764,0.32623541355133057,5.0,0.0,0.4639100730419159
61.85,0,0.7139406204223633,-0.023881446570158005,-0.04158610850572586,0.3261791467666626,5.0,0.0,0.4625232219696045
61.9,0,0.7145799994468689,-0.023745495826005936,-0.04466309770941734,0.32614126801490784,5.0,0.0,0.4619905948638916
61.949999999999996,0,0.7152570486068726,-0.023674430325627327,-0.04415885731577873,0.3261191248893738,5.0,0.0,0.4619818925857544
62.0,0,0.7159562110900879,-0.023599939420819283,-0.04450961574912071,0.3261057436466217,5.0,0.0,0.4607349932193756
62.05,0,0.7166774868965149,-0.023534053936600685,-0.04435160383582115,0.32610535621643066,5.0,0.0,0.46178773045539856
62.1,0,0.7174089550971985,-0.023490700870752335,-0.04861510172486305,0.3261064291000366,5.0,0.0,0.46200743317604065
62.15,0,0.7181498408317566,-0.02344563975930214,-0.04551301151514053,0.326121062040329,5.0,0.0,0.4608187973499298
62.199999999999996,0,0.7189021110534668,-0.0234203040599823,-0.045834802091121674,0.32613518834114075,5.0,0.0,0.457567036151886
62.25,0,0.719672679901123,-0.023424724116921425,-0.051291003823280334,0.32615983486175537,5.0,0.0,0.4603513777256012
62.3,0,0.7204374074935913,-0.023178281262516975,-0.04013893008232117,0.3262026309967041,5.0,0.0,0.4585080146789551
62.35,0,0.7212028503417969,-0.022734835743904114,-0.029286161065101624,0.326261430978775,5.0,0.0,0.45698195695877075
62.4,0,0.721755862236023,-0.022619595751166344,-0.04220561310648918,0.3261885941028595,5.0,0.0,0.4604403078556061
62.449999999999996,0,0.7223384380340576,-0.022534627467393875,-0.043080803006887436,0.32613688707351685,5.0,0.0,0.45776551961898804
62.5,0,0.7229658961296082,-0.022531239315867424,-0.04442719370126724,0.32611793279647827,5.0,0.0,0.4620950520038605
62.55,0,0.7236114740371704,-0.022541284561157227,-0.04628121480345726,0.32609567046165466,5.0,0.0,0.4617689549922943
62.6,0,0.7242617011070251,-0.02257462963461876,-0.043489810079336166,0.32608333230018616,5.0,0.0,0.46091440320014954
62.65,0,0.7249504923820496,-0.022668570280075073,-0.05088461562991142,0.32608330249786377,5.0,0.0,0.45986130833625793
62.699999999999996,0,0.7256569266319275,-0.02277909405529499,-0.05166105180978775,0.3260960578918457,5.0,0.0,0.4599176347255707
62.75,0,0.7263714075088501,-0.022891990840435028,-0.04856941103935242,0.326109379529953,5.0,0.0,0.4596881866455078
62.8,0,0.7270956635475159,-0.023017967119812965,-0.050874777138233185,0.3261210322380066,5.0,0.0,0.4605216085910797
62.85,0,0.7278268933296204,-0.023143578320741653,-0.05430290848016739,0.32613998651504517,5.0,0.0,0.4593666195869446
62.9,0,0.7285763621330261,-0.0232850331813097,-0.051861658692359924,0.32615989446640015,5.0,0.0,0.45984500646591187
62.949999999999996,0,0.7293250560760498,-0.023401733487844467,-0.04719524085521698,0.3261795938014984,5.0,0.0,0.4590553045272827
63.0,0,0.7300884127616882,-0.023521672934293747,-0.05394425615668297,0.3262031078338623,5.0,0.0,0.45845526456832886
63.05,0,0.7308563590049744,-0.023640647530555725,-0.05162717029452324,0.32622411847114563,5.0,0.0,0.4606616795063019
63.1,0,0.7316232919692993,-0.023764798417687416,-0.051938340067863464,0.3262450397014618,5.0,0.0,0.4605810344219208
63.15,0,0.7323929071426392,-0.023882782086730003,-0.05358824133872986,0.3262680172920227,5.0,0.0,0.4596656560897827
63.199999999999996,0,0.7331792116165161,-0.024041390046477318,-0.05264172703027725,0.3263023793697357,5.0,0.0,0.46090561151504517
63.25,0,0.7339829802513123,-0.024154307320713997,-0.05364786088466644,0.32633471488952637,5.0,0.0,0.4596464931964874
63.3,0,0.7348045706748962,-0.024276159703731537,-0.052870504558086395,0.32636624574661255,5.0,0.0,0.45934590697288513
63.35,0,0.735640287399292,-0.02435208112001419,-0.052433546632528305,0.3263981342315674,5.0,0.0,0.45970121026039124
63.4,0,0.7363149523735046,-0.024209432303905487,-0.04689326509833336,0.3263528645038605,5.0,0.0,0.4655148684978485
63.449999999999996,0,0.736966609954834,-0.024036193266510963,-0.04290800169110298,0.3263143301010132,5.0,0.0,0.4615024924278259
63.5,0,0.7376723289489746,-0.023921290412545204,-0.045279838144779205,0.32629913091659546,5.0,0.0,0.46152952313423157
63.55,0,0.7386022806167603,-0.02025698311626911,-0.17929553985595703,0.32567113637924194,5.0,0.0,0.27623334527015686
63.6,0,0.7434842586517334,-0.04343653470277786,-0.46723613142967224,0.32182276248931885,5.0,0.0,0.24243980646133423
63.65,0,0.7475034594535828,-0.062347784638404846,-0.3152290880680084,0.3093351423740387,5.0,0.0,0.3213205635547638
63.699999999999996,0,0.7495532035827637,-0.07374504953622818,-0.15770205855369568,0.29709088802337646,5.0,0.0,0.4088107943534851
63.75,0,0.7500597834587097,-0.07981035113334656,-0.05727062746882439,0.2897433340549469,5.0,0.0,0.43306276202201843
63.8,0,0.7493873238563538,-0.0822635293006897,-0.03212915360927582,0.28723758459091187,5.0,0.0,0.43327683210372925
63.85,0,0.7489069700241089,-0.08394067734479904,-0.03962051123380661,0.2862425148487091,5.0,0.0,0.43574538826942444
63.9,0,0.7485083937644958,-0.08517008274793625,-0.025379344820976257,0.28553107380867004,5.0,0.0,0.43831437826156616
63.949999999999996,0,0.7478908896446228,-0.0857400968670845,-0.01292276568710804,0.2848866581916809,5.0,0.0,0.4416208565235138
64.0,0,0.7473364472389221,-0.08640344440937042,0.034287672489881516,nan,5.0,0.0,0.43108806014060974
64.05,0,0.7484875917434692,-0.08713068068027496,-0.005626137368381023,nan,5.0,0.0,0.41660967469215393
64.1,0,0.7497963905334473,-0.08779457211494446,0.013916480354964733,nan,5.0,0.0,0.42201945185661316
64.15,0,0.7504955530166626,-0.08698068559169769,0.031781017780303955,nan,5.0,0.0,0.42545321583747864
64.2,0,0.7506435513496399,-0.08634042739868164,0.018016424030065536,nan,5.0,0.0,0.4401889741420746
64.25,0,0.7500261664390564,-0.08605606853961945,0.016131147742271423,nan,5.0,0.0,0.428315132856369
64.3,0,0.7492079138755798,-0.08535599708557129,0.0538160614669323,nan,5.0,0.0,0.4251612424850464
64.35,0,0.7499045133590698,-0.08099199831485748,0.07508254051208496,0.28392407298088074,5.0,0.0,0.4340061545372009
64.4,0,0.7505502700805664,-0.07909597456455231,-0.01861230842769146,0.2848760783672333,5.0,0.0,0.4785029888153076
64.45,0,0.7504855394363403,-0.08194438368082047,-0.1104874238371849,0.2850986421108246,5.0,0.0,0.457022100687027
64.5,0,0.7505346536636353,-0.08209984749555588,-0.037961527705192566,0.2854318618774414,5.0,0.0,0.48573556542396545
64.55,0,0.7506033778190613,-0.08179373294115067,-0.03731564059853554,0.28574463725090027,5.0,0.0,0.48752516508102417
64.6,0,0.7505813837051392,-0.08153564482927322,-0.036812443286180496,0.28599345684051514,5.0,0.0,0.48619168996810913
64.65,0,0.7505326271057129,-0.08134236931800842,-0.0365091897547245,0.28619974851608276,5.0,0.0,0.23553988337516785
64.7,0,0.7504541277885437,-0.08117775619029999,-0.03684643656015396,0.2863677442073822,5.0,0.0,0.2347470372915268
64.75,0,0.7503656148910522,-0.081027090549469,-0.037071142345666885,0.2865164577960968,5.0,0.0,0.23497845232486725
64.8,0,0.750260591506958,-0.0808929055929184,-0.03650471195578575,0.28664490580558777,5.0,0.0,0.23498617112636566
64.85,0,0.7501518130302429,-0.08077201247215271,-0.03515296429395676,0.28676295280456543,5.0,0.0,0.23390968143939972
64.9,0,0.7500385642051697,-0.08065935224294662,-0.03494679555296898,0.2868703603744507,5.0,0.0,0.23383702337741852
64.95,0,0.7499227523803711,-0.08055470138788223,-0.034551605582237244,0.28696632385253906,5.0,0.0,0.23373836278915405
65.0,0,0.7498044967651367,-0.08044103533029556,-0.036677487194538116,0.28705739974975586,5.0,0.0,0.23443324863910675
65.05,0,0.7496892213821411,-0.08034534007310867,-0.03499039635062218,0.2871435284614563,5.0,0.0,0.2347804754972458
65.1,0,0.7495744824409485,-0.08025480061769485,-0.03635326400399208,0.28722554445266724,5.0,0.0,0.2340375930070877
65.15,0,0.749454140663147,-0.08016544580459595,-0.0354318842291832,0.28730395436286926,5.0,0.0,0.2339283674955368
65.2,0,0.7493211627006531,-0.08007173985242844,-0.035477496683597565,0.28742629289627075,5.0,0.0,0.23367275297641754
65.25,0,0.7492464184761047,-0.08001135289669037,-0.04198414459824562,0.28758421540260315,5.0,0.0,0.23494979739189148
65.3,0,0.7492621541023254,-0.08002083003520966,-0.0434696301817894,0.2877503037452698,5.0,0.0,0.2343662679195404
65.35,0,0.749266505241394,-0.08002109080553055,-0.041767437011003494,0.2879282236099243,5.0,0.0,0.2342723160982132
65.4,0,0.7492833137512207,-0.08002106100320816,-0.04127199947834015,0.28811153769493103,5.0,0.0,0.23410564661026
65.45,0,0.7492943406105042,-0.0800182893872261,-0.041239071637392044,0.2882944941520691,5.0,0.0,0.2341478168964386
65.5,0,0.7492998242378235,-0.08001522719860077,-0.041432663798332214,0.2884754240512848,5.0,0.0,0.2342359870672226
65.55,0,0.749301552772522,-0.08001136034727097,-0.04150128364562988,0.2886539101600647,5.0,0.0,0.23429933190345764
65.6,0,0.7493007183074951,-0.08000684529542923,-0.041548386216163635,0.2888297736644745,5.0,0.0,0.2343229055404663
65.65,0,0.7492979168891907,-0.08000077307224274,-0.04154526814818382,0.2890036404132843,5.0,0.0,0.23437631130218506
65.7,0,0.7492997646331787,-0.08000611513853073,-0.0412169024348259,0.28915441036224365,5.0,0.0,0.23235395550727844
65.75,0,0.7492974996566772,-0.08000697940587997,-0.041022542864084244,0.2892444133758545,5.0,0.0,0.23247164487838745
65.8,0,0.7492935061454773,-0.08000347018241882,-0.040956877171993256,0.2892968952655792,5.0,0.0,0.23255783319473267
65.85,0,0.7492882609367371,-0.07999980449676514,-0.04091570898890495,0.2893263101577759,5.0,0.0,0.2326473891735077
65.9,0,0.7492830753326416,-0.07999707758426666,-0.0408937893807888,0.2893420457839966,5.0,0.0,0.2327125370502472
65.95,0,0.74927818775177,-0.07999612390995026,-0.0409773550927639,0.28934943675994873,5.0,0.0,0.2327246367931366
66.0,0,0.7492738366127014,-0.07999581098556519,-0.040978409349918365,0.2893523871898651,5.0,0.0,0.23275193572044373
66.05,0,0.7492702007293701,-0.0799970030784607,-0.04101760312914848,0.28935274481773376,5.0,0.0,0.23275518417358398
66.1,0,0.7492668032646179,-0.07999857515096664,-0.04104657843708992,0.2893516421318054,5.0,0.0,0.23276808857917786
66.15,0,0.7492634654045105,-0.0800006166100502,-0.04106288030743599,0.2893497347831726,5.0,0.0,0.23277856409549713
66.2,0,0.7492604851722717,-0.08000306040048599,-0.04108743742108345,0.2893473505973816,5.0,0.0,0.23278887569904327
66.25,0,0.7492578625679016,-0.08000528812408447,-0.041105736047029495,0.2893447279930115,5.0,0.0,0.23279482126235962
66.3,0,0.7492552399635315,-0.08000816404819489,-0.041128262877464294,0.28934213519096375,5.0,0.0,0.23279856145381927
66.35,0,0.7492532134056091,-0.08001061528921127,-0.04112802445888519,0.2893393635749817,5.0,0.0,0.23281230032444
66.4,0,0.7492508888244629,-0.08001328259706497,-0.04114803671836853,0.2893368601799011,5.0,0.0,0.23282460868358612
66.45,0,0.749248743057251,-0.08001558482646942,-0.04117176681756973,0.2893344461917877,5.0,0.0,0.23282204568386078
66.5,0,0.7492467761039734,-0.08001800626516342,-0.041170235723257065,0.28933197259902954,5.0,0.0,0.23283879458904266
66.55,0,0.7492448091506958,-0.08002012968063354,-0.04121716693043709,0.2893296182155609,5.0,0.0,0.2328362911939621
66.6,0,0.7492429614067078,-0.08002247661352158,-0.04118341580033302,0.2893272340297699,5.0,0.0,0.23285715281963348
66.65,0,0.749241054058075,-0.08002456277608871,-0.04121439903974533,0.2893250286579132,5.0,0.0,0.23285503685474396
66.7,0,0.7492392659187317,-0.08002640306949615,-0.041203562170267105,0.28932303190231323,5.0,0.0,0.23286698758602142
66.75,0,0.7492377758026123,-0.08002850413322449,-0.041214849799871445,0.28932109475135803,5.0,0.0,0.2328735888004303
66.8,0,0.7492361068725586,-0.0800301656126976,-0.04124481976032257,0.28931909799575806,5.0,0.0,0.2328701764345169
66.85,0,0.7492345571517944,-0.08003176748752594,-0.04121789336204529,0.28931722044944763,5.0,0.0,0.2328883856534958
66.9,0,0.7492330074310303,-0.08003347367048264,-0.041229117661714554,0.28931546211242676,5.0,0.0,0.23288559913635254
66.95,0,0.7492316365242004,-0.08003529161214828,-0.04121901094913483,0.28931358456611633,5.0,0.0,0.23290374875068665
67.0,0,0.7492302060127258,-0.08003680408000946,-0.04122651368379593,0.289311945438385,5.0,0.0,0.2329075187444687
67.05,0,0.749228835105896,-0.08003835380077362,-0.04124267026782036,0.28931036591529846,5.0,0.0,0.23291397094726562
67.1,0,0.7492277026176453,-0.08003970235586166,-0.04124791547656059,0.2893088459968567,5.0,0.0,0.23291423916816711
67.15,0,0.7492262125015259,-0.08004096895456314,-0.04122775048017502,0.28930720686912537,5.0,0.0,0.23292703926563263
67.2,0,0.7492250204086304,-0.08004242181777954,-0.041257236152887344,0.28930577635765076,5.0,0.0,0.23292791843414307
67.25,0,0.7492238879203796,-0.08004353940486908,-0.041228458285331726,0.2893044352531433,5.0,0.0,0.2329360544681549
67.3,0,0.7492226362228394,-0.08004492521286011,-0.04122263193130493,0.2893030643463135,5.0,0.0,0.23294572532176971
67.35,0,0.7492216229438782,-0.08004605770111084,-0.04125930368900299,0.28930169343948364,5.0,0.0,0.23294013738632202
67.4,0,0.749220609664917,-0.08004705607891083,-0.04127376154065132,0.2893005609512329,5.0,0.0,0.23294472694396973
67.45,0,0.7492196559906006,-0.08004825562238693,-0.041273243725299835,0.2892993986606598,5.0,0.0,0.2329498678445816
67.5,0,0.7492185235023499,-0.08004909753799438,-0.04126254469156265,0.28929826617240906,5.0,0.0,0.2329559028148651
67.55,0,0.7492176294326782,-0.08005022257566452,-0.04124104976654053,0.28929704427719116,5.0,0.0,0.23296895623207092
67.6,0,0.7492167949676514,-0.08005122095346451,-0.04125460982322693,0.28929603099823,5.0,0.0,0.2329716980457306
67.65,0,0.7492159008979797,-0.08005212992429733,-0.04125576093792915,0.2892950773239136,5.0,0.0,0.232975572347641
67.7,0,0.7492151856422424,-0.08005271852016449,-0.041264858096838,0.28929418325424194,5.0,0.0,0.2329726666212082
67.75,0,0.749214231967926,-0.08005348592996597,-0.04126858338713646,0.28929322957992554,5.0,0.0,0.2329735904932022
67.8,0,0.7492135167121887,-0.08005429059267044,-0.04127076640725136,0.28929218649864197,5.0,0.0,0.23298299312591553
67.85,0,0.7492126226425171,-0.08005514740943909,-0.04126257076859474,0.2892912030220032,5.0,0.0,0.23298902809619904
67.9,0,0.7492120862007141,-0.08005592972040176,-0.04125044122338295,0.2892904579639435,5.0,0.0,0.23299455642700195
67.95,0,0.7492110133171082,-0.08005647361278534,-0.041265398263931274,0.289289653301239,5.0,0.0,0.23299142718315125
68.0,0,0.7492104768753052,-0.08005744218826294,-0.04126502573490143,0.28928864002227783,5.0,0.0,0.2329973727464676
68.05,0,0.7492097020149231,-0.08005818724632263,-0.04128201678395271,0.2892879545688629,5.0,0.0,0.23299695551395416
68.1,0,0.7492089867591858,-0.08005869388580322,-0.04127254709601402,0.28928712010383606,5.0,0.0,0.23299559950828552
68.15,0,0.749208390712738,-0.08005914837121964,-0.04125184193253517,0.28928640484809875,5.0,0.0,0.23300324380397797
68.2,0,0.7492076754570007,-0.08005998283624649,-0.04128068685531616,0.28928565979003906,5.0,0.0,0.23300467431545258
68.25,0,0.749207079410553,-0.08006051927804947,-0.04127999022603035,0.28928491473197937,5.0,0.0,0.2330058217048645
68.3,0,0.7492064833641052,-0.08006126433610916,-0.04127296805381775,0.28928425908088684,5.0,0.0,0.23301248252391815
68.35,0,0.7492058277130127,-0.08006194233894348,-0.041269075125455856,0.28928354382514954,5.0,0.0,0.23301275074481964
68.4,0,0.7492053508758545,-0.08006241917610168,-0.041272975504398346,0.28928300738334656,5.0,0.0,0.23301483690738678
68.45,0,0.7492047548294067,-0.08006282895803452,-0.04126027971506119,0.28928232192993164,5.0,0.0,0.23301884531974792
68.5,0,0.7492043972015381,-0.08006368577480316,-0.041252218186855316,0.28928160667419434,5.0,0.0,0.23302851617336273
68.55,0,0.7492038011550903,-0.08006401360034943,-0.04128856584429741,0.28928110003471375,5.0,0.0,0.23302000761032104
68.6,0,0.7492032051086426,-0.0800645649433136,-0.041284430772066116,0.2892805337905884,5.0,0.0,0.23302510380744934
68.65,0,0.7492027282714844,-0.08006497472524643,-0.041272543370723724,0.28927984833717346,5.0,0.0,0.23303118348121643
68.7,0,0.7492022514343262,-0.08006550371646881,-0.041267480701208115,0.28927943110466003,5.0,0.0,0.23303452134132385
68.75,0,0.749201774597168,-0.08006587624549866,-0.04129151627421379,0.28927871584892273,5.0,0.0,0.23302502930164337
68.8,0,0.7492014765739441,-0.08006635308265686,-0.04126972332596779,0.28927838802337646,5.0,0.0,0.23303471505641937
68.85,0,0.7492010593414307,-0.08006676286458969,-0.041281718760728836,0.28927794098854065,5.0,0.0,0.2330341637134552
68.9,0,0.749200701713562,-0.0800672248005867,-0.04128240793943405,0.2892776131629944,5.0,0.0,0.23303580284118652
68.95,0,0.7492002844810486,-0.08006750047206879,-0.04127499461174011,0.28927701711654663,5.0,0.0,0.2330387979745865
69.0,0,0.7491998076438904,-0.08006788045167923,-0.04127045348286629,0.289276659488678,5.0,0.0,0.2330387532711029
69.05,0,0.749199390411377,-0.08006828278303146,-0.04126189276576042,0.2892761826515198,5.0,0.0,0.23304657638072968
69.1,0,0.7491992712020874,-0.08006894588470459,-0.04126432538032532,0.2892757058143616,5.0,0.0,0.23304806649684906
69.15,0,0.7491989135742188,-0.08006913959980011,-0.04128050059080124,0.2892754077911377,5.0,0.0,0.2330464869737625
69.2,0,0.7491983771324158,-0.08006919920444489,-0.041270866990089417,0.2892749607563019,5.0,0.0,0.23304450511932373
69.25,0,0.7491982579231262,-0.08006968349218369,-0.04126724973320961,0.2892746329307556,5.0,0.0,0.23305192589759827
69.3,0,0.7491979002952576,-0.08006984740495682,-0.041258685290813446,0.2892743647098541,5.0,0.0,0.2330501228570938
69.35,0,0.7491974234580994,-0.0800701379776001,-0.04124632850289345,0.2892739772796631,5.0,0.0,0.23305043578147888
69.4,0,0.749197244644165,-0.08007027208805084,-0.041251324117183685,0.28927376866340637,5.0,0.0,0.2330506592988968
69.45,0,0.7491968274116516,-0.08007067441940308,-0.04128028452396393,0.28927329182624817,5.0,0.0,0.2330477386713028
69.5,0,0.7491967678070068,-0.08007131516933441,-0.041309721767902374,0.28927287459373474,5.0,0.0,0.23304374516010284
69.55,0,0.7491965293884277,-0.0800713449716568,-0.04126543551683426,0.2892727851867676,5.0,0.0,0.23305866122245789
69.6,0,0.7491962313652039,-0.08007195591926575,-0.04130386933684349,0.2892725169658661,5.0,0.0,0.23304930329322815
69.65,0,0.74919593334198,-0.08007189631462097,-0.04126540943980217,0.289272278547287,5.0,0.0,0.23305758833885193
