time_s,env_id,base_x_m,pitch_rad,pitch_rate_rad_s,margin_m,fsm_phase,action_l2,reward,roll_rad,fl_contact_state,fr_contact_state,rl_contact_state,rr_contact_state,fl_contact_force_n,fr_contact_force_n,rl_contact_force_n,rr_contact_force_n,fl_contact_upward_force_n,fr_contact_upward_force_n,rl_contact_upward_force_n,rr_contact_upward_force_n,fl_full_wheel_on_top,fr_full_wheel_on_top,rl_full_wheel_on_top,rr_full_wheel_on_top,all_wheels_on_top,support_score,fl_wheel_y_m,fr_wheel_y_m,rl_wheel_y_m,rr_wheel_y_m,fl_wheel_x_m,fl_wheel_z_m,fr_wheel_x_m,fr_wheel_z_m,rl_wheel_x_m,rl_wheel_z_m,rr_wheel_x_m,rr_wheel_z_m,fl_load_trim_z_m,fr_load_trim_z_m,fl_unload_trim_m,fr_unload_trim_m,rl_unload_trim_m,rr_unload_trim_m,policy_action_00,policy_action_01,policy_action_02,policy_action_03,policy_action_04,policy_action_05,policy_action_06,policy_action_07,policy_action_08,policy_action_09,policy_action_10,policy_action_11,executed_action_00,executed_action_01,executed_action_02,executed_action_03,executed_action_04,executed_action_05,executed_action_06,executed_action_07,executed_action_08,executed_action_09,executed_action_10,executed_action_11,scaled_wheel_center_residual_m_00,scaled_wheel_center_residual_m_01,scaled_wheel_center_residual_m_02,scaled_wheel_center_residual_m_03,scaled_wheel_center_residual_m_04,scaled_wheel_center_residual_m_05,scaled_wheel_center_residual_m_06,scaled_wheel_center_residual_m_07,scaled_wheel_speed_residual_rad_s_00,scaled_wheel_speed_residual_rad_s_01,scaled_wheel_speed_residual_rad_s_02,scaled_wheel_speed_residual_rad_s_03,requested_wheel_center_target_m_00,requested_wheel_center_target_m_01,requested_wheel_center_target_m_02,requested_wheel_center_target_m_03,requested_wheel_center_target_m_04,requested_wheel_center_target_m_05,requested_wheel_center_target_m_06,requested_wheel_center_target_m_07,final_wheel_center_target_m_00,final_wheel_center_target_m_01,final_wheel_center_target_m_02,final_wheel_center_target_m_03,final_wheel_center_target_m_04,final_wheel_center_target_m_05,final_wheel_center_target_m_06,final_wheel_center_target_m_07,final_servo_target_rad_00,final_servo_target_rad_01,final_servo_target_rad_02,final_servo_target_rad_03,final_servo_target_rad_04,final_servo_target_rad_05,final_servo_target_rad_06,final_servo_target_rad_07,final_wheel_target_rad_s_00,final_wheel_target_rad_s_01,final_wheel_target_rad_s_02,final_wheel_target_rad_s_03,reference_00,reference_01,reference_02,reference_03,reference_04,reference_05,reference_06,reference_07,reference_08,reference_09,reference_10,reference_11
0.0,0,0.023341462016105652,-0.013022538274526596,0.11482547223567963,0.2811872363090515,0.0,0.10871094465255737,0.14912132918834686,0.0011024805717170238,1,1,1,1,12.714151382446289,3.8829269409179688,7.918721675872803,0.0,12.714151382446289,3.8829269409179688,7.918721675872803,0.0,0,0,0,0,0,0.9998812675476074,0.08114944398403168,-0.3171718716621399,0.07888796180486679,-0.31741735339164734,0.2740977704524994,0.03834109753370285,0.2775287330150604,0.03980577737092972,-0.2972661554813385,0.048968832939863205,-0.29712435603141785,0.0495038703083992,0.0,0.0,0.0,0.0,0.0,0.0,0.004447161220014095,0.0499102808535099,0.014875445514917374,0.03888919577002525,-0.022487657144665718,-0.015006334520876408,0.01093077939003706,-0.0430145226418972,0.03037944622337818,0.026592638343572617,-0.02565646357834339,-0.05083954706788063,0.0,-0.0,0.0,-0.0,0.0,0.0,0.0,0.0,0.0,0.0,0.0,0.0,0.0,-0.0,0.0,-0.0,0.0,0.0,0.0,0.0,0.0,0.0,0.0,0.0,0.134965717792511,-0.15710830688476562,0.13928383588790894,-0.15407103300094604,0.13638877868652344,0.1497691422700882,0.13452383875846863,0.1492631733417511,0.134965717792511,-0.15710830688476562,0.13928383588790894,-0.15407103300094604,0.13638877868652344,0.1497691422700882,0.13452383875846863,0.1492631733417511,-0.0016772589879110456,-0.013852698728442192,0.019468417391180992,-0.017904143780469894,-0.0474177822470665,0.012228554114699364,-0.049882590770721436,0.04951764643192291,0.30000001192092896,0.30000001192092896,0.30000001192092896,0.30000001192092896,0.0,0.0,1.0,0.0,-0.0,1.0,-0.0,-0.9999998807907104,0.30000001192092896,0.30000001192092896,0.30000001192092896,0.30000001192092896
0.05,0,0.015666522085666656,-0.02682233788073063,0.1289275586605072,0.2805386483669281,0.0,0.31268301606178284,-0.044126011431217194,0.0023936801590025425,1,1,1,1,10.592903137207031,0.0,1.932223916053772,14.988917350769043,10.592903137207031,0.0,1.932223916053772,14.988917350769043,0,0,0,0,0,0.9999775886535645,0.08023785054683685,-0.3180806040763855,0.07894018292427063,-0.31736695766448975,0.26907098293304443,0.048941176384687424,0.2702953815460205,0.049775630235672,-0.29860198497772217,0.04920469596982002,-0.29886698722839355,0.049287114292383194,0.0,0.0,0.0,0.0,0.0,0.0,0.02298043482005596,-0.17431923747062683,-0.04659409448504448,-0.08771848678588867,0.1625465303659439,-0.0439043752849102,-0.08386789262294769,0.09152404963970184,0.01648261398077011,-0.024998454377055168,0.03144049271941185,0.10651428252458572,0.0,-0.0,0.0,-0.0,0.0,0.0,0.0,0.0,0.0,0.0,0.0,0.0,0.0,-0.0,0.0,-0.0,0.0,0.0,0.0,0.0,0.0,0.0,0.0,0.0,0.134965717792511,-0.15710830688476562,0.13928383588790894,-0.15407103300094604,0.13638877868652344,0.1497691422700882,0.13452383875846863,0.1492631733417511,0.134965717792511,-0.15710830688476562,0.13928383588790894,-0.15407103300094604,0.13638877868652344,0.1497691422700882,0.13452383875846863,0.1492631733417511,-0.0016772589879110456,-0.013852698728442192,0.019468417391180992,-0.017904143780469894,-0.0474177822470665,0.012228554114699364,-0.049882590770721436,0.04951764643192291,0.30000001192092896,0.30000001192092896,0.30000001192092896,0.30000001192092896,0.0,0.0,1.0,0.0,-0.0,1.0,-0.0,-0.9999998807907104,0.30000001192092896,0.30000001192092896,0.30000001192092896,0.30000001192092896
0.1,0,0.013757815584540367,-0.02484786882996559,0.020577864721417427,0.28191494941711426,0.0,0.13201166689395905,-0.02770417183637619,0.0029744512867182493,1,1,1,1,10.273694038391113,3.593501567840576,4.040676116943359,10.773796081542969,10.273694038391113,3.593501567840576,4.040676116943359,10.773796081542969,0,0,0,0,0,0.9999909996986389,0.08020824939012527,-0.31810399889945984,0.07892251014709473,-0.31738439202308655,0.26883742213249207,0.048888951539993286,0.2691113352775574,0.04921359196305275,-0.2982182502746582,0.0491439551115036,-0.29869601130485535,0.049320951104164124,0.0,0.0,0.0,0.0,0.0,0.0,0.0025555132888257504,-0.06725263595581055,-0.026316294446587563,-0.028113044798374176,0.06176883727312088,-0.04596426337957382,-0.051718659698963165,0.01437385194003582,0.023284725844860077,0.006252008024603128,0.006140622776001692,0.04456721246242523,0.0,-0.0,0.0,-0.0,0.0,0.0,0.0,0.0,0.0,0.0,0.0,0.0,0.0,-0.0,0.0,-0.0,0.0,0.0,0.0,0.0,0.0,0.0,0.0,0.0,0.134965717792511,-0.15710830688476562,0.13928383588790894,-0.15407103300094604,0.13638877868652344,0.1497691422700882,0.13452383875846863,0.1492631733417511,0.134965717792511,-0.15710830688476562,0.13928383588790894,-0.15407103300094604,0.13638877868652344,0.1497691422700882,0.13452383875846863,0.1492631733417511,-0.0016772589879110456,-0.013852698728442192,0.019468417391180992,-0.017904143780469894,-0.0474177822470665,0.012228554114699364,-0.049882590770721436,0.04951764643192291,0.30000001192092896,0.30000001192092896,0.30000001192092896,0.30000001192092896,0.0,0.0,1.0,0.0,-0.0,1.0,-0.0,-0.9999998807907104,0.30000001192092896,0.30000001192092896,0.30000001192092896,0.30000001192092896
0.15,0,0.013109934516251087,-0.02424972504377365,0.012135099619626999,0.2821604609489441,0.0,0.08041919767856598,0.014226383529603481,0.002885970054194331,1,1,1,1,10.919865608215332,3.0849831104278564,3.525653123855591,11.23495101928711,10.919865608215332,3.0849831104278564,3.525653123855591,11.23495101928711,0,0,0,0,0,0.9999959468841553,0.0802120715379715,-0.3180989623069763,0.07892055809497833,-0.31738588213920593,0.2689136266708374,0.04890654608607292,0.26898953318595886,0.04927949607372284,-0.2975761592388153,0.049030330032110214,-0.2981964349746704,0.049402784556150436,0.0,0.0,0.0,0.0,0.0,0.0,0.0021614618599414825,-0.012611320242285728,-0.021949036046862602,0.005065098870545626,0.01815555803477764,-0.04135046899318695,-0.04250705987215042,-0.017406178638339043,0.03124917671084404,0.020151667296886444,-0.01620851829648018,-0.0012196007883176208,0.0,-0.0,0.0,-0.0,0.0,0.0,0.0,0.0,0.0,0.0,0.0,0.0,0.0,-0.0,0.0,-0.0,0.0,0.0,0.0,0.0,0.0,0.0,0.0,0.0,0.134965717792511,-0.15710830688476562,0.13928383588790894,-0.15407103300094604,0.13638877868652344,0.1497691422700882,0.13452383875846863,0.1492631733417511,0.134965717792511,-0.15710830688476562,0.13928383588790894,-0.15407103300094604,0.13638877868652344,0.1497691422700882,0.13452383875846863,0.1492631733417511,-0.0016772589879110456,-0.013852698728442192,0.019468417391180992,-0.017904143780469894,-0.0474177822470665,0.012228554114699364,-0.049882590770721436,0.04951764643192291,0.30000001192092896,0.30000001192092896,0.30000001192092896,0.30000001192092896,0.0,0.0,1.0,0.0,-0.0,1.0,-0.0,-0.9999998807907104,0.30000001192092896,0.30000001192092896,0.30000001192092896,0.30000001192092896
0.2,0,0.013016348704695702,-0.024022843688726425,0.0038820814806967974,0.28224417567253113,0.0,0.06459889560937881,0.017266761511564255,0.002764298813417554,1,1,1,1,11.135567665100098,2.8916923999786377,2.985776424407959,11.529383659362793,11.135567665100098,2.8916923999786377,2.985776424407959,11.529383659362793,0,0,0,0,0,0.9999979734420776,0.08021669834852219,-0.3180934488773346,0.07891468703746796,-0.3173910081386566,0.2691338360309601,0.04895373061299324,0.26908713579177856,0.0493650957942009,-0.29676899313926697,0.048887819051742554,-0.2975711524486542,0.049497589468955994,0.0,0.0,0.0,0.0,0.0,0.0,0.005173563025891781,0.005286899395287037,-0.01244626846164465,0.008554664440453053,0.0044683050364255905,-0.03192451223731041,-0.03160473331809044,-0.023397130891680717,0.02860124781727791,0.013578357174992561,-0.012366417795419693,-0.01222505234181881,0.0,-0.0,0.0,-0.0,0.0,0.0,0.0,0.0,0.0,0.0,0.0,0.0,0.0,-0.0,0.0,-0.0,0.0,0.0,0.0,0.0,0.0,0.0,0.0,0.0,0.134965717792511,-0.15710830688476562,0.13928383588790894,-0.15407103300094604,0.13638877868652344,0.1497691422700882,0.13452383875846863,0.1492631733417511,0.134965717792511,-0.15710830688476562,0.13928383588790894,-0.15407103300094604,0.13638877868652344,0.1497691422700882,0.13452383875846863,0.1492631733417511,-0.0016772589879110456,-0.013852698728442192,0.019468417391180992,-0.017904143780469894,-0.0474177822470665,0.012228554114699364,-0.049882590770721436,0.04951764643192291,0.30000001192092896,0.30000001192092896,0.30000001192092896,0.30000001192092896,0.0,0.0,1.0,0.0,-0.0,1.0,-0.0,-0.9999998807907104,0.30000001192092896,0.30000001192092896,0.30000001192092896,0.30000001192092896
0.25,0,0.01319970190525055,-0.023659981787204742,0.021236876025795937,0.2822675406932831,0.0,0.06864959746599197,0.019370324909687042,0.002884095534682274,1,1,1,1,10.570789337158203,3.4994900226593018,4.008712291717529,10.836610794067383,10.570789337158203,3.4994900226593018,4.008712291717529,10.836610794067383,0,0,0,0,0,0.999998927116394,0.08020981401205063,-0.31810110807418823,0.0789145678281784,-0.3173907995223999,0.2694382667541504,0.04901048541069031,0.2694564163684845,0.049450211226940155,-0.2959713935852051,0.048987533897161484,-0.2968793213367462,0.04960213229060173,0.0,0.0,0.0,0.0,0.0,0.0,0.0026081532705575228,-0.005487562157213688,-0.018426332622766495,0.0007233050419017673,0.007079147733747959,-0.03602287918329239,-0.03816932812333107,-0.020886747166514397,0.029577450826764107,0.011207332834601402,-0.00797730591148138,-0.005551164969801903,0.0,-0.0,0.0,-0.0,0.0,0.0,0.0,0.0,0.0,0.0,0.0,0.0,0.0,-0.0,0.0,-0.0,0.0,0.0,0.0,0.0,0.0,0.0,0.0,0.0,0.134965717792511,-0.15710830688476562,0.13928383588790894,-0.15407103300094604,0.13638877868652344,0.1497691422700882,0.13452383875846863,0.1492631733417511,0.134965717792511,-0.15710830688476562,0.13928383588790894,-0.15407103300094604,0.13638877868652344,0.1497691422700882,0.13452383875846863,0.1492631733417511,-0.0016772589879110456,-0.013852698728442192,0.019468417391180992,-0.017904143780469894,-0.0474177822470665,0.012228554114699364,-0.049882590770721436,0.04951764643192291,0.30000001192092896,0.30000001192092896,0.30000001192092896,0.30000001192092896,0.0,0.0,1.0,0.0,-0.0,1.0,-0.0,-0.9999998807907104,0.30000001192092896,0.30000001192092896,0.30000001192092896,0.30000001192092896
0.3,0,0.013581688515841961,-0.023410849273204803,0.01740395277738571,0.28230682015419006,0.0,0.09774147719144821,0.01889171078801155,0.003046697936952114,1,1,1,1,10.485687255859375,3.566459894180298,3.844695568084717,10.889389038085938,10.485687255859375,3.566459894180298,3.844695568084717,10.889389038085938,0,0,0,0,0,0.9999992847442627,0.0801989734172821,-0.3181130290031433,0.07890252768993378,-0.31740251183509827,0.26980406045913696,0.04907643049955368,0.26994946599006653,0.04953519627451897,-0.29517650604248047,0.049130555242300034,-0.2961544096469879,0.04970023036003113,0.0,0.0,0.0,0.0,0.0,0.0,-0.000857590464875102,0.03467113524675369,-0.013043357990682125,0.02323865331709385,-0.023662162944674492,-0.03503836318850517,-0.032038889825344086,-0.044972117990255356,0.034091975539922714,0.018123667687177658,-0.0193069726228714,-0.03066517598927021,0.0,-0.0,0.0,-0.0,0.0,0.0,0.0,0.0,0.0,0.0,0.0,0.0,0.0,-0.0,0.0,-0.0,0.0,0.0,0.0,0.0,0.0,0.0,0.0,0.0,0.134965717792511,-0.15710830688476562,0.13928383588790894,-0.15407103300094604,0.13638877868652344,0.1497691422700882,0.13452383875846863,0.1492631733417511,0.134965717792511,-0.15710830688476562,0.13928383588790894,-0.15407103300094604,0.13638877868652344,0.1497691422700882,0.13452383875846863,0.1492631733417511,-0.0016772589879110456,-0.013852698728442192,0.019468417391180992,-0.017904143780469894,-0.0474177822470665,0.012228554114699364,-0.049882590770721436,0.04951764643192291,0.30000001192092896,0.30000001192092896,0.30000001192092896,0.30000001192092896,0.0,0.0,1.0,0.0,-0.0,1.0,-0.0,-0.9999998807907104,0.30000001192092896,0.30000001192092896,0.30000001192092896,0.30000001192092896
0.35,0,0.014054040424525738,-0.023187492042779922,0.008401703089475632,0.28229984641075134,0.0,0.08317555487155914,0.019937418401241302,0.00321564800105989,1,1,1,1,9.858565330505371,4.082683563232422,4.325572967529297,10.420578956604004,9.858565330505371,4.082683563232422,4.325572967529297,10.420578956604004,0,0,0,0,0,0.9999995231628418,0.0801876038312912,-0.31812551617622375,0.07888652384281158,-0.31741851568222046,0.2702014446258545,0.04914586618542671,0.27046632766723633,0.04961453750729561,-0.29439765214920044,0.049263082444667816,-0.2954004406929016,0.04978952184319496,0.0,0.0,0.0,0.0,0.0,0.0,-0.0005130492500029504,0.02460595965385437,-0.013763148337602615,0.014436641708016396,-0.01628006063401699,-0.03497152030467987,-0.031325437128543854,-0.037034645676612854,0.03150470554828644,0.017532244324684143,-0.014553607441484928,-0.02370624803006649,0.0,-0.0,0.0,-0.0,0.0,0.0,0.0,0.0,0.0,0.0,0.0,0.0,0.0,-0.0,0.0,-0.0,0.0,0.0,0.0,0.0,0.0,0.0,0.0,0.0,0.134965717792511,-0.15710830688476562,0.13928383588790894,-0.15407103300094604,0.13638877868652344,0.1497691422700882,0.13452383875846863,0.1492631733417511,0.134965717792511,-0.15710830688476562,0.13928383588790894,-0.15407103300094604,0.13638877868652344,0.1497691422700882,0.13452383875846863,0.1492631733417511,-0.0016772589879110456,-0.013852698728442192,0.019468417391180992,-0.017904143780469894,-0.0474177822470665,0.012228554114699364,-0.049882590770721436,0.04951764643192291,0.30000001192092896,0.30000001192092896,0.30000001192092896,0.30000001192092896,0.0,0.0,1.0,0.0,-0.0,1.0,-0.0,-0.9999998807907104,0.30000001192092896,0.30000001192092896,0.30000001192092896,0.30000001192092896
0.4,0,0.014690288342535496,-0.023027727380394936,0.0076033324003219604,0.2822261452674866,0.0,0.10029348731040955,0.020126059651374817,0.003440412925556302,1,1,1,1,10.194955825805664,3.852424383163452,4.099093437194824,10.556655883789062,10.194955825805664,3.852424383163452,4.099093437194824,10.556655883789062,0,0,0,0,0,0.9999995231628418,0.08017473667860031,-0.31813961267471313,0.07887893915176392,-0.31742653250694275,0.2706605792045593,0.049223992973566055,0.2710447907447815,0.04969676584005356,-0.2935950756072998,0.04938562586903572,-0.29459020495414734,0.049871381372213364,0.0,0.0,0.0,0.0,0.0,0.0,-0.0006426986074075103,0.03918696567416191,-0.013055454939603806,0.023299746215343475,-0.026029985398054123,-0.033261727541685104,-0.03284098207950592,-0.044022832065820694,0.03480703383684158,0.016407880932092667,-0.019305869936943054,-0.033992949873209,0.0,-0.0,0.0,-0.0,0.0,0.0,0.0,0.0,0.0,0.0,0.0,0.0,0.0,-0.0,0.0,-0.0,0.0,0.0,0.0,0.0,0.0,0.0,0.0,0.0,0.134965717792511,-0.15710830688476562,0.13928383588790894,-0.15407103300094604,0.13638877868652344,0.1497691422700882,0.13452383875846863,0.1492631733417511,0.134965717792511,-0.15710830688476562,0.13928383588790894,-0.15407103300094604,0.13638877868652344,0.1497691422700882,0.13452383875846863,0.1492631733417511,-0.0016772589879110456,-0.013852698728442192,0.019468417391180992,-0.017904143780469894,-0.0474177822470665,0.012228554114699364,-0.049882590770721436,0.04951764643192291,0.30000001192092896,0.30000001192092896,0.30000001192092896,0.30000001192092896,0.0,0.0,1.0,0.0,-0.0,1.0,-0.0,-0.9999998807907104,0.30000001192092896,0.30000001192092896,0.30000001192092896,0.30000001192092896
0.45,0,0.015337272547185421,-0.022904474288225174,0.005827965680509806,0.28216031193733215,0.0,0.09237895160913467,0.019872020930051804,0.0036294881720095873,1,1,1,1,10.17713451385498,3.8326568603515625,4.0276570320129395,10.581562042236328,10.17713451385498,3.8326568603515625,4.0276570320129395,10.581562042236328,0,0,0,0,0,0.9999995231628418,0.08016060292720795,-0.31815487146377563,0.07886599749326706,-0.3174399137496948,0.27113211154937744,0.04930020123720169,0.2716386020183563,0.04977027699351311,-0.2928112745285034,0.049493975937366486,-0.2937697470188141,0.04993797838687897,0.0,0.0,0.0,0.0,0.0,0.0,-0.0026257243007421494,0.026243621483445168,-0.016027016565203667,0.01693851500749588,-0.01919425092637539,-0.03814418986439705,-0.03437400981783867,-0.041451480239629745,0.03608233854174614,0.019033676013350487,-0.015632566064596176,-0.025742586702108383,0.0,-0.0,0.0,-0.0,0.0,0.0,0.0,0.0,0.0,0.0,0.0,0.0,0.0,-0.0,0.0,-0.0,0.0,0.0,0.0,0.0,0.0,0.0,0.0,0.0,0.134965717792511,-0.15710830688476562,0.13928383588790894,-0.15407103300094604,0.13638877868652344,0.1497691422700882,0.13452383875846863,0.1492631733417511,0.134965717792511,-0.15710830688476562,0.13928383588790894,-0.15407103300094604,0.13638877868652344,0.1497691422700882,0.13452383875846863,0.1492631733417511,-0.0016772589879110456,-0.013852698728442192,0.019468417391180992,-0.017904143780469894,-0.0474177822470665,0.012228554114699364,-0.049882590770721436,0.04951764643192291,0.30000001192092896,0.30000001192092896,0.30000001192092896,0.30000001192092896,0.0,0.0,1.0,0.0,-0.0,1.0,-0.0,-0.9999998807907104,0.30000001192092896,0.30000001192092896,0.30000001192092896,0.30000001192092896
0.5,0,0.016034597530961037,-0.022852426394820213,0.004010581411421299,0.28208813071250916,0.0,0.09698539227247238,0.020006351172924042,0.003818090772256255,1,1,1,1,10.218354225158691,3.911592960357666,4.387474536895752,10.349945068359375,10.218354225158691,3.911592960357666,4.387474536895752,10.349945068359375,0,0,0,0,0,0.9999995231628418,0.08014889061450958,-0.31816771626472473,0.07885773479938507,-0.3174484968185425,0.27163299918174744,0.04937625676393509,0.2722628712654114,0.049839086830616,-0.2920158803462982,0.04959217831492424,-0.2929479777812958,0.049993883818387985,0.0,0.0,0.0,0.0,0.0,0.0,-0.002014405559748411,0.033760178834199905,-0.012867042794823647,0.02075553871691227,-0.02341545931994915,-0.03566933423280716,-0.031121835112571716,-0.044325996190309525,0.036358822137117386,0.01910650171339512,-0.016923420131206512,-0.030637113377451897,0.0,-0.0,0.0,-0.0,0.0,0.0,0.0,0.0,0.0,0.0,0.0,0.0,0.0,-0.0,0.0,-0.0,0.0,0.0,0.0,0.0,0.0,0.0,0.0,0.0,0.134965717792511,-0.15710830688476562,0.13928383588790894,-0.15407103300094604,0.13638877868652344,0.1497691422700882,0.13452383875846863,0.1492631733417511,0.134965717792511,-0.15710830688476562,0.13928383588790894,-0.15407103300094604,0.13638877868652344,0.1497691422700882,0.13452383875846863,0.1492631733417511,-0.0016772589879110456,-0.013852698728442192,0.019468417391180992,-0.017904143780469894,-0.0474177822470665,0.012228554114699364,-0.049882590770721436,0.04951764643192291,0.30000001192092896,0.30000001192092896,0.30000001192092896,0.30000001192092896,0.0,0.0,1.0,0.0,-0.0,1.0,-0.0,-0.9999998807907104,0.30000001192092896,0.30000001192092896,0.30000001192092896,0.30000001192092896
0.55,0,0.016727807000279427,-0.02280762791633606,0.0036854995414614677,0.2820153832435608,0.0,0.09101562201976776,0.020080678164958954,0.003969062119722366,1,1,1,1,10.193528175354004,3.8938863277435303,4.260622024536133,10.573785781860352,10.193528175354004,3.8938863277435303,4.260622024536133,10.573785781860352,0,0,0,0,0,0.9999995231628418,0.08013743162155151,-0.31818002462387085,0.07884223014116287,-0.3174644112586975,0.27214375138282776,0.04944891110062599,0.2728842794895172,0.049899108707904816,-0.2912285327911377,0.04967597872018814,-0.2921248972415924,0.050034962594509125,0.0,0.0,0.0,0.0,0.0,0.0,-0.0029648172203451395,0.026373980566859245,-0.014609561301767826,0.016057061031460762,-0.019117075949907303,-0.037826057523489,-0.03283410519361496,-0.04146643728017807,0.03639115393161774,0.018908819183707237,-0.013983279466629028,-0.02523864060640335,0.0,-0.0,0.0,-0.0,0.0,0.0,0.0,0.0,0.0,0.0,0.0,0.0,0.0,-0.0,0.0,-0.0,0.0,0.0,0.0,0.0,0.0,0.0,0.0,0.0,0.134965717792511,-0.15710830688476562,0.13928383588790894,-0.15407103300094604,0.13638877868652344,0.1497691422700882,0.13452383875846863,0.1492631733417511,0.134965717792511,-0.15710830688476562,0.13928383588790894,-0.15407103300094604,0.13638877868652344,0.1497691422700882,0.13452383875846863,0.1492631733417511,-0.0016772589879110456,-0.013852698728442192,0.019468417391180992,-0.017904143780469894,-0.0474177822470665,0.012228554114699364,-0.049882590770721436,0.04951764643192291,0.30000001192092896,0.30000001192092896,0.30000001192092896,0.30000001192092896,0.0,0.0,1.0,0.0,-0.0,1.0,-0.0,-0.9999998807907104,0.30000001192092896,0.30000001192092896,0.30000001192092896,0.30000001192092896
0.6,0,0.017435800284147263,-0.022796379402279854,0.0018285491969436407,0.28194791078567505,0.0,0.09276528656482697,0.020053640007972717,0.004131522960960865,1,1,1,1,10.126166343688965,4.0218424797058105,4.251471996307373,10.342216491699219,10.126166343688965,4.0218424797058105,4.251471996307373,10.342216491699219,0,0,0,0,0,0.999999463558197,0.08012823015451431,-0.31819018721580505,0.07883168756961823,-0.317475289106369,0.2726677656173706,0.04951734468340874,0.2735224664211273,0.049952346831560135,-0.2904347777366638,0.04974789172410965,-0.291287899017334,0.050060078501701355,0.0,0.0,0.0,0.0,0.0,0.0,-0.003096328116953373,0.026605254039168358,-0.014357639476656914,0.017396457493305206,-0.02049284800887108,-0.038135018199682236,-0.03406211733818054,-0.04314206913113594,0.037175942212343216,0.017346685752272606,-0.013461300171911716,-0.024886252358555794,0.0,-0.0,0.0,-0.0,0.0,0.0,0.0,0.0,0.0,0.0,0.0,0.0,0.0,-0.0,0.0,-0.0,0.0,0.0,0.0,0.0,0.0,0.0,0.0,0.0,0.134965717792511,-0.15710830688476562,0.13928383588790894,-0.15407103300094604,0.13638877868652344,0.1497691422700882,0.13452383875846863,0.1492631733417511,0.134965717792511,-0.15710830688476562,0.13928383588790894,-0.15407103300094604,0.13638877868652344,0.1497691422700882,0.13452383875846863,0.1492631733417511,-0.0016772589879110456,-0.013852698728442192,0.019468417391180992,-0.017904143780469894,-0.0474177822470665,0.012228554114699364,-0.049882590770721436,0.04951764643192291,0.30000001192092896,0.30000001192092896,0.30000001192092896,0.30000001192092896,0.0,0.0,1.0,0.0,-0.0,1.0,-0.0,-0.9999998807907104,0.30000001192092896,0.30000001192092896,0.30000001192092896,0.30000001192092896
0.65,0,0.018162256106734276,-0.022812020033597946,-0.0034965763334184885,0.2818816304206848,0.0,0.09952793270349503,0.01997784897685051,0.004290284123271704,1,1,1,1,10.371542930603027,3.9234840869903564,4.144803047180176,10.41141128540039,10.371542930603027,3.9234840869903564,4.144803047180176,10.41141128540039,0,0,0,0,0,0.9999994039535522,0.08011730015277863,-0.31820207834243774,0.07882529497146606,-0.317482054233551,0.2732211649417877,0.04958411678671837,0.2741750478744507,0.049997929483652115,-0.28964197635650635,0.04980767145752907,-0.2904590666294098,0.05007301643490791,0.0,0.0,0.0,0.0,0.0,0.0,-0.0035087475553154945,0.03343413770198822,-0.012918342836201191,0.021245913580060005,-0.02446756698191166,-0.0378548726439476,-0.032121721655130386,-0.046726472675800323,0.03810034319758415,0.019154416397213936,-0.015786126255989075,-0.02903159148991108,0.0,-0.0,0.0,-0.0,0.0,0.0,0.0,0.0,0.0,0.0,0.0,0.0,0.0,-0.0,0.0,-0.0,0.0,0.0,0.0,0.0,0.0,0.0,0.0,0.0,0.134965717792511,-0.15710830688476562,0.13928383588790894,-0.15407103300094604,0.13638877868652344,0.1497691422700882,0.13452383875846863,0.1492631733417511,0.134965717792511,-0.15710830688476562,0.13928383588790894,-0.15407103300094604,0.13638877868652344,0.1497691422700882,0.13452383875846863,0.1492631733417511,-0.0016772589879110456,-0.013852698728442192,0.019468417391180992,-0.017904143780469894,-0.0474177822470665,0.012228554114699364,-0.049882590770721436,0.04951764643192291,0.30000001192092896,0.30000001192092896,0.30000001192092896,0.30000001192092896,0.0,0.0,1.0,0.0,-0.0,1.0,-0.0,-0.9999998807907104,0.30000001192092896,0.30000001192092896,0.30000001192092896,0.30000001192092896
0.7,0,0.018873224034905434,-0.022840606048703194,-0.001570901949889958,0.2818072736263275,0.0,0.09375035762786865,0.019975483417510986,0.004425265826284885,1,1,1,1,10.480517387390137,3.776002883911133,3.7495617866516113,10.6643705368042,10.480517387390137,3.776002883911133,3.7495617866516113,10.6643705368042,0,0,0,0,0,0.9999994039535522,0.08010793477296829,-0.31821203231811523,0.07881136983633041,-0.3174963593482971,0.2737742066383362,0.0496453195810318,0.2748070955276489,0.05003504082560539,-0.2888606786727905,0.049852773547172546,-0.28962233662605286,0.050070032477378845,0.0,0.0,0.0,0.0,0.0,0.0,-0.0037268297746777534,0.025613991543650627,-0.015065007843077183,0.01748267561197281,-0.019727034494280815,-0.03960011899471283,-0.0349237360060215,-0.043033797293901443,0.038024503737688065,0.01859922520816326,-0.013623283244669437,-0.024088937789201736,0.0,-0.0,0.0,-0.0,0.0,0.0,0.0,0.0,0.0,0.0,0.0,0.0,0.0,-0.0,0.0,-0.0,0.0,0.0,0.0,0.0,0.0,0.0,0.0,0.0,0.134965717792511,-0.15710830688476562,0.13928383588790894,-0.15407103300094604,0.13638877868652344,0.1497691422700882,0.13452383875846863,0.1492631733417511,0.134965717792511,-0.15710830688476562,0.13928383588790894,-0.15407103300094604,0.13638877868652344,0.1497691422700882,0.13452383875846863,0.1492631733417511,-0.0016772589879110456,-0.013852698728442192,0.019468417391180992,-0.017904143780469894,-0.0474177822470665,0.012228554114699364,-0.049882590770721436,0.04951764643192291,0.30000001192092896,0.30000001192092896,0.30000001192092896,0.30000001192092896,0.0,0.0,1.0,0.0,-0.0,1.0,-0.0,-0.9999998807907104,0.30000001192092896,0.30000001192092896,0.30000001192092896,0.30000001192092896
0.75,0,0.019588235765695572,-0.022872231900691986,-0.0033212515991181135,0.28173837065696716,0.0,0.09631124138832092,0.02029035985469818,0.004572680685669184,1,1,1,1,10.407952308654785,3.8984618186950684,3.8543667793273926,10.60055923461914,10.407952308654785,3.8984618186950684,3.8543667793273926,10.60055923461914,0,0,0,0,0,0.9999994039535522,0.08009742200374603,-0.31822317838668823,0.07880210876464844,-0.31750595569610596,0.27433881163597107,0.049699872732162476,0.2754473090171814,0.05006314814090729,-0.28807586431503296,0.049885764718055725,-0.2887958288192749,0.05005514249205589,0.0,0.0,0.0,0.0,0.0,0.0,-0.004302920773625374,0.029120318591594696,-0.013913431204855442,0.01754039153456688,-0.02168259583413601,-0.0386975035071373,-0.03332822769880295,-0.04458014667034149,0.03965942934155464,0.01831463910639286,-0.013455495238304138,-0.027440091595053673,0.0,-0.0,0.0,-0.0,0.0,0.0,0.0,0.0,0.0,0.0,0.0,0.0,0.0,-0.0,0.0,-0.0,0.0,0.0,0.0,0.0,0.0,0.0,0.0,0.0,0.134965717792511,-0.15710830688476562,0.13928383588790894,-0.15407103300094604,0.13638877868652344,0.1497691422700882,0.13452383875846863,0.1492631733417511,0.134965717792511,-0.15710830688476562,0.13928383588790894,-0.15407103300094604,0.13638877868652344,0.1497691422700882,0.13452383875846863,0.1492631733417511,-0.0016772589879110456,-0.013852698728442192,0.019468417391180992,-0.017904143780469894,-0.0474177822470665,0.012228554114699364,-0.049882590770721436,0.04951764643192291,0.30000001192092896,0.30000001192092896,0.30000001192092896,0.30000001192092896,0.0,0.0,1.0,0.0,-0.0,1.0,-0.0,-0.9999998807907104,0.30000001192092896,0.30000001192092896,0.30000001192092896,0.30000001192092896
0.8,0,0.02032119780778885,-0.02292165346443653,-0.0037299690302461386,0.28168633580207825,0.0,0.09474258869886398,0.020292118191719055,0.004721889737993479,1,1,1,1,10.400141716003418,3.9604249000549316,3.8048088550567627,10.58030891418457,10.400141716003418,3.9604249000549316,3.8048088550567627,10.58030891418457,0,0,0,0,0,0.9999993443489075,0.08008737117052078,-0.3182341158390045,0.07879260182380676,-0.3175157904624939,0.2749200761318207,0.04974967986345291,0.276120662689209,0.05008275806903839,-0.2872869074344635,0.049906175583601,-0.2879607379436493,0.050025250762701035,0.0,0.0,0.0,0.0,0.0,0.0,-0.00360009609721601,0.026172498241066933,-0.013444258831441402,0.019201627001166344,-0.019896434620022774,-0.039695855230093,-0.033009257167577744,-0.04439341649413109,0.03885636106133461,0.020040014758706093,-0.01371776219457388,-0.02443636953830719,0.0,-0.0,0.0,-0.0,0.0,0.0,0.0,0.0,0.0,0.0,0.0,0.0,0.0,-0.0,0.0,-0.0,0.0,0.0,0.0,0.0,0.0,0.0,0.0,0.0,0.134965717792511,-0.15710830688476562,0.13928383588790894,-0.15407103300094604,0.13638877868652344,0.1497691422700882,0.13452383875846863,0.1492631733417511,0.134965717792511,-0.15710830688476562,0.13928383588790894,-0.15407103300094604,0.13638877868652344,0.1497691422700882,0.13452383875846863,0.1492631733417511,-0.0016772589879110456,-0.013852698728442192,0.019468417391180992,-0.017904143780469894,-0.0474177822470665,0.012228554114699364,-0.049882590770721436,0.04951764643192291,0.30000001192092896,0.30000001192092896,0.30000001192092896,0.30000001192092896,0.0,0.0,1.0,0.0,-0.0,1.0,-0.0,-0.9999998807907104,0.30000001192092896,0.30000001192092896,0.30000001192092896,0.30000001192092896
0.85,0,0.021037045866250992,-0.022961987182497978,-0.003836381481960416,0.2816193103790283,0.0,0.0997564047574997,0.020239897072315216,0.004871207755059004,1,1,1,1,10.327409744262695,4.053600788116455,3.853309392929077,10.4649658203125,10.327409744262695,4.053600788116455,3.853309392929077,10.4649658203125,0,0,0,0,0,0.9999993443489075,0.080077163875103,-0.3182448148727417,0.07878204435110092,-0.31752678751945496,0.2755056321620941,0.04979220777750015,0.2767653167247772,0.050092920660972595,-0.28650400042533875,0.049915023148059845,-0.28712350130081177,0.04998014494776726,0.0,0.0,0.0,0.0,0.0,0.0,-0.003543566446751356,0.029410075396299362,-0.011908823624253273,0.023790273815393448,-0.02301802486181259,-0.039487775415182114,-0.03256257250905037,-0.04752705246210098,0.039799273014068604,0.020247584208846092,-0.015299079939723015,-0.027014227584004402,0.0,-0.0,0.0,-0.0,0.0,0.0,0.0,0.0,0.0,0.0,0.0,0.0,0.0,-0.0,0.0,-0.0,0.0,0.0,0.0,0.0,0.0,0.0,0.0,0.0,0.134965717792511,-0.15710830688476562,0.13928383588790894,-0.15407103300094604,0.13638877868652344,0.1497691422700882,0.13452383875846863,0.1492631733417511,0.134965717792511,-0.15710830688476562,0.13928383588790894,-0.15407103300094604,0.13638877868652344,0.1497691422700882,0.13452383875846863,0.1492631733417511,-0.0016772589879110456,-0.013852698728442192,0.019468417391180992,-0.017904143780469894,-0.0474177822470665,0.012228554114699364,-0.049882590770721436,0.04951764643192291,0.30000001192092896,0.30000001192092896,0.30000001192092896,0.30000001192092896,0.0,0.0,1.0,0.0,-0.0,1.0,-0.0,-0.9999998807907104,0.30000001192092896,0.30000001192092896,0.30000001192092896,0.30000001192092896
0.9,0,0.021776380017399788,-0.023018701002001762,-0.0022651618346571922,0.28157180547714233,0.0,0.08345192670822144,0.019901670515537262,0.005011565517634153,1,1,1,1,10.090238571166992,4.122998237609863,4.049118995666504,10.18099308013916,10.090238571166992,4.122998237609863,4.049118995666504,10.18099308013916,0,0,0,0,0,0.9999992847442627,0.08006801456212997,-0.318254679441452,0.07877639681100845,-0.31753265857696533,0.27611008286476135,0.0498293973505497,0.27744874358177185,0.05009361729025841,-0.28571826219558716,0.04992508143186569,-0.28629201650619507,0.04992342367768288,0.0,0.0,0.0,0.0,0.0,0.0,-0.001129436306655407,0.01724861189723015,-0.012947261333465576,0.01597486063838005,-0.011857128702104092,-0.03806053474545479,-0.032629337161779404,-0.03557677939534187,0.03671061992645264,0.019561761990189552,-0.01279947254806757,-0.020709196105599403,0.0,-0.0,0.0,-0.0,0.0,0.0,0.0,0.0,0.0,0.0,0.0,0.0,0.0,-0.0,0.0,-0.0,0.0,0.0,0.0,0.0,0.0,0.0,0.0,0.0,0.134965717792511,-0.15710830688476562,0.13928383588790894,-0.15407103300094604,0.13638877868652344,0.1497691422700882,0.13452383875846863,0.1492631733417511,0.134965717792511,-0.15710830688476562,0.13928383588790894,-0.15407103300094604,0.13638877868652344,0.1497691422700882,0.13452383875846863,0.1492631733417511,-0.0016772589879110456,-0.013852698728442192,0.019468417391180992,-0.017904143780469894,-0.0474177822470665,0.012228554114699364,-0.049882590770721436,0.04951764643192291,0.30000001192092896,0.30000001192092896,0.30000001192092896,0.30000001192092896,0.0,0.0,1.0,0.0,-0.0,1.0,-0.0,-0.9999998807907104,0.30000001192092896,0.30000001192092896,0.30000001192092896,0.30000001192092896
0.95,0,0.022494396194815636,-0.02296076901257038,-0.002844183938577771,0.2815361022949219,0.0,0.08479199558496475,0.020198561251163483,0.005177373066544533,1,1,1,1,10.619481086730957,3.6413891315460205,3.393115520477295,11.000673294067383,10.619481086730957,3.6413891315460205,3.393115520477295,11.000673294067383,0,0,0,0,0,0.9999992847442627,0.08005817234516144,-0.31826522946357727,0.07876920700073242,-0.3175402283668518,0.2767167389392853,0.049858517944812775,0.27813440561294556,0.050086650997400284,-0.2849348187446594,0.04996107891201973,-0.2854921817779541,0.04994108900427818,0.0,0.0,0.0,0.0,0.0,0.0,-0.001559427590109408,0.01718784123659134,-0.012895149178802967,0.016277048736810684,-0.012166121043264866,-0.03838309645652771,-0.03202192857861519,-0.03858445584774017,0.03707641363143921,0.018316207453608513,-0.0131395123898983,-0.021032599732279778,0.0,-0.0,0.0,-0.0,0.0,0.0,0.0,0.0,0.0,0.0,0.0,0.0,0.0,-0.0,0.0,-0.0,0.0,0.0,0.0,0.0,0.0,0.0,0.0,0.0,0.134965717792511,-0.15710830688476562,0.13928383588790894,-0.15407103300094604,0.13638877868652344,0.1497691422700882,0.13452383875846863,0.1492631733417511,0.134965717792511,-0.15710830688476562,0.13928383588790894,-0.15407103300094604,0.13638877868652344,0.1497691422700882,0.13452383875846863,0.1492631733417511,-0.0016772589879110456,-0.013852698728442192,0.019468417391180992,-0.017904143780469894,-0.0474177822470665,0.012228554114699364,-0.049882590770721436,0.04951764643192291,0.30000001192092896,0.30000001192092896,0.30000001192092896,0.30000001192092896,0.0,0.0,1.0,0.0,-0.0,1.0,-0.0,-0.9999998807907104,0.30000001192092896,0.30000001192092896,0.30000001192092896,0.30000001192092896
1.0,0,0.023197399452328682,-0.022894641384482384,-0.0023653905373066664,0.2814905345439911,0.0,0.10201583802700043,0.019824981689453125,0.005306340288370848,1,1,1,1,10.534554481506348,3.6986606121063232,3.417128086090088,10.967784881591797,10.534554481506348,3.6986606121063232,3.417128086090088,10.967784881591797,0,0,0,0,0,0.9999992847442627,0.08005069196224213,-0.31827312707901,0.07876139879226685,-0.31754833459854126,0.27732133865356445,0.0498778261244297,0.27879598736763,0.05006678029894829,-0.2841690182685852,0.04998694360256195,-0.2847132384777069,0.04997139424085617,0.0,0.0,0.0,0.0,0.0,0.0,-0.004600375425070524,0.029390186071395874,-0.013063258491456509,0.023532846942543983,-0.023446161299943924,-0.04097990691661835,-0.03405492380261421,-0.04849248751997948,0.04093918204307556,0.02052253670990467,-0.015386702492833138,-0.0268991831690073,0.0,-0.0,0.0,-0.0,0.0,0.0,0.0,0.0,0.0,0.0,0.0,0.0,0.0,-0.0,0.0,-0.0,0.0,0.0,0.0,0.0,0.0,0.0,0.0,0.0,0.134965717792511,-0.15710830688476562,0.13928383588790894,-0.15407103300094604,0.13638877868652344,0.1497691422700882,0.13452383875846863,0.1492631733417511,0.134965717792511,-0.15710830688476562,0.13928383588790894,-0.15407103300094604,0.13638877868652344,0.1497691422700882,0.13452383875846863,0.1492631733417511,-0.0016772589879110456,-0.013852698728442192,0.019468417391180992,-0.017904143780469894,-0.0474177822470665,0.012228554114699364,-0.049882590770721436,0.04951764643192291,0.30000001192092896,0.30000001192092896,0.30000001192092896,0.30000001192092896,0.0,0.0,1.0,0.0,-0.0,1.0,-0.0,-0.9999998807907104,0.30000001192092896,0.30000001192092896,0.30000001192092896,0.30000001192092896
1.05,0,0.0239253006875515,-0.022833503782749176,-0.0036268318071961403,0.28145381808280945,0.0,0.102249875664711,0.02003396302461624,0.005456865765154362,1,1,1,1,10.279510498046875,3.958033561706543,3.7305502891540527,10.778714179992676,10.279510498046875,3.958033561706543,3.7305502891540527,10.778714179992676,0,0,0,0,0,0.9999992847442627,0.08004090189933777,-0.31828343868255615,0.07876010984182358,-0.3175499439239502,0.27794909477233887,0.04989071935415268,0.2794891893863678,0.050038307905197144,-0.2833699584007263,0.049998894333839417,-0.2839282155036926,0.049991361796855927,0.0,0.0,0.0,0.0,0.0,0.0,-0.007598166819661856,0.022064603865146637,-0.017674226313829422,0.017920907586812973,-0.02145332843065262,-0.04513663798570633,-0.039470523595809937,-0.04751694202423096,0.04331297054886818,0.019554011523723602,-0.01300107967108488,-0.02315547503530979,0.0,-0.0,0.0,-0.0,0.0,0.0,0.0,0.0,0.0,0.0,0.0,0.0,0.0,-0.0,0.0,-0.0,0.0,0.0,0.0,0.0,0.0,0.0,0.0,0.0,0.134965717792511,-0.15710830688476562,0.13928383588790894,-0.15407103300094604,0.13638877868652344,0.1497691422700882,0.13452383875846863,0.1492631733417511,0.134965717792511,-0.15710830688476562,0.13928383588790894,-0.15407103300094604,0.13638877868652344,0.1497691422700882,0.13452383875846863,0.1492631733417511,-0.0016772589879110456,-0.013852698728442192,0.019468417391180992,-0.017904143780469894,-0.0474177822470665,0.012228554114699364,-0.049882590770721436,0.04951764643192291,0.30000001192092896,0.30000001192092896,0.30000001192092896,0.30000001192092896,0.0,0.0,1.0,0.0,-0.0,1.0,-0.0,-0.9999998807907104,0.30000001192092896,0.30000001192092896,0.30000001192092896,0.30000001192092896
1.1,0,0.02465568669140339,-0.022792859002947807,-0.0034252596087753773,0.2814226746559143,0.0,0.09936701506376266,0.020117685198783875,0.005577284377068281,1,1,1,1,10.908575057983398,3.350048780441284,2.928987503051758,11.416801452636719,10.908575057983398,3.350048780441284,2.928987503051758,11.416801452636719,0,0,0,0,0,0.9999992251396179,0.08003386855125427,-0.31829094886779785,0.07874883711338043,-0.317561537027359,0.2785819172859192,0.04989559203386307,0.28019118309020996,0.05000055581331253,-0.2825844883918762,0.04999785125255585,-0.28313252329826355,0.049997229129076004,0.0,0.0,0.0,0.0,0.0,0.0,-0.0052909827791154385,0.022665241733193398,-0.01413445733487606,0.021292664110660553,-0.019814303144812584,-0.04369872063398361,-0.03436984494328499,-0.04768820106983185,0.04144735261797905,0.02258109301328659,-0.013845431618392467,-0.022401221096515656,0.0,-0.0,0.0,-0.0,0.0,0.0,0.0,0.0,0.0,0.0,0.0,0.0,0.0,-0.0,0.0,-0.0,0.0,0.0,0.0,0.0,0.0,0.0,0.0,0.0,0.134965717792511,-0.15710830688476562,0.13928383588790894,-0.15407103300094604,0.13638877868652344,0.1497691422700882,0.13452383875846863,0.1492631733417511,0.134965717792511,-0.15710830688476562,0.13928383588790894,-0.15407103300094604,0.13638877868652344,0.1497691422700882,0.13452383875846863,0.1492631733417511,-0.0016772589879110456,-0.013852698728442192,0.019468417391180992,-0.017904143780469894,-0.0474177822470665,0.012228554114699364,-0.049882590770721436,0.04951764643192291,0.30000001192092896,0.30000001192092896,0.30000001192092896,0.30000001192092896,0.0,0.0,1.0,0.0,-0.0,1.0,-0.0,-0.9999998807907104,0.30000001192092896,0.30000001192092896,0.30000001192092896,0.30000001192092896
1.15,0,0.025395195931196213,-0.022754531353712082,-0.004563798662275076,0.2813880741596222,0.0,0.10180556774139404,0.020385045558214188,0.0056996275670826435,1,1,1,1,11.253137588500977,3.1851768493652344,2.8717310428619385,11.460171699523926,11.253137588500977,3.1851768493652344,2.8717310428619385,11.460171699523926,0,0,0,0,0,0.9999991655349731,0.08002777397632599,-0.3182975649833679,0.07874837517738342,-0.31756240129470825,0.27921807765960693,0.04988931491971016,0.2808956801891327,0.04995008185505867,-0.2817893922328949,0.049987222999334335,-0.28233814239501953,0.049990952014923096,0.0,0.0,0.0,0.0,0.0,0.0,-0.0052684396505355835,0.02336091734468937,-0.014981348998844624,0.022198013961315155,-0.020098909735679626,-0.0441453717648983,-0.03589390218257904,-0.049049798399209976,0.0425083264708519,0.02223927527666092,-0.014367492869496346,-0.02277475781738758,0.0,-0.0,0.0,-0.0,0.0,0.0,0.0,0.0,0.0,0.0,0.0,0.0,0.0,-0.0,0.0,-0.0,0.0,0.0,0.0,0.0,0.0,0.0,0.0,0.0,0.134965717792511,-0.15710830688476562,0.13928383588790894,-0.15407103300094604,0.13638877868652344,0.1497691422700882,0.13452383875846863,0.1492631733417511,0.134965717792511,-0.15710830688476562,0.13928383588790894,-0.15407103300094604,0.13638877868652344,0.1497691422700882,0.13452383875846863,0.1492631733417511,-0.0016772589879110456,-0.013852698728442192,0.019468417391180992,-0.017904143780469894,-0.0474177822470665,0.012228554114699364,-0.049882590770721436,0.04951764643192291,0.30000001192092896,0.30000001192092896,0.30000001192092896,0.30000001192092896,0.0,0.0,1.0,0.0,-0.0,1.0,-0.0,-0.9999998807907104,0.30000001192092896,0.30000001192092896,0.30000001192092896,0.30000001192092896
1.2,0,0.02612391486763954,-0.02274566888809204,-0.007607644889503717,0.2813566327095032,0.0,0.10035888850688934,0.020123496651649475,0.005756985861808062,1,1,1,1,10.55324649810791,3.7994003295898438,3.1344780921936035,11.140005111694336,10.55324649810791,3.7994003295898438,3.1344780921936035,11.140005111694336,0,0,0,0,0,0.9999991655349731,0.08002495765686035,-0.31830093264579773,0.07873859256505966,-0.31757238507270813,0.2798568308353424,0.049873679876327515,0.2815953493118286,0.049944330006837845,-0.2809988260269165,0.04996075853705406,-0.28153595328330994,0.04997238144278526,0.0,0.0,0.0,0.0,0.0,0.0,-0.005851205438375473,0.020839812234044075,-0.014020160771906376,0.02165403962135315,-0.018379339948296547,-0.04494420811533928,-0.03283960372209549,-0.04816845431923866,0.042423684149980545,0.02590101584792137,-0.014558481983840466,-0.022336261346936226,0.0,-0.0,0.0,-0.0,0.0,0.0,0.0,0.0,0.0,0.0,0.0,0.0,0.0,-0.0,0.0,-0.0,0.0,0.0,0.0,0.0,0.0,0.0,0.0,0.0,0.134965717792511,-0.15710830688476562,0.13928383588790894,-0.15407103300094604,0.13638877868652344,0.1497691422700882,0.13452383875846863,0.1492631733417511,0.134965717792511,-0.15710830688476562,0.13928383588790894,-0.15407103300094604,0.13638877868652344,0.1497691422700882,0.13452383875846863,0.1492631733417511,-0.0016772589879110456,-0.013852698728442192,0.019468417391180992,-0.017904143780469894,-0.0474177822470665,0.012228554114699364,-0.049882590770721436,0.04951764643192291,0.30000001192092896,0.30000001192092896,0.30000001192092896,0.30000001192092896,0.0,0.0,1.0,0.0,-0.0,1.0,-0.0,-0.9999998807907104,0.30000001192092896,0.30000001192092896,0.30000001192092896,0.30000001192092896
1.25,0,0.026872791349887848,-0.022782810032367706,-0.005458641331642866,0.2813127040863037,0.0,0.1000070795416832,0.020192373543977737,0.005759078543633223,1,1,1,1,10.267010688781738,4.131108283996582,3.3322362899780273,10.879179954528809,10.267010688781738,4.131108283996582,3.3322362899780273,10.879179954528809,0,0,0,0,0,0.9999991655349731,0.08002433180809021,-0.318302184343338,0.07874161005020142,-0.31756946444511414,0.2805139124393463,0.04985060542821884,0.2822951078414917,0.049975670874118805,-0.28019315004348755,0.04992307722568512,-0.2807280421257019,0.049941156059503555,0.0,0.0,0.0,0.0,0.0,0.0,-0.006613548845052719,0.019204745069146156,-0.015835760161280632,0.01998540572822094,-0.01788962632417679,-0.046099841594696045,-0.03622107952833176,-0.047082383185625076,0.04254145547747612,0.024014543741941452,-0.01338113658130169,-0.019979622215032578,0.0,-0.0,0.0,-0.0,0.0,0.0,0.0,0.0,0.0,0.0,0.0,0.0,0.0,-0.0,0.0,-0.0,0.0,0.0,0.0,0.0,0.0,0.0,0.0,0.0,0.134965717792511,-0.15710830688476562,0.13928383588790894,-0.15407103300094604,0.13638877868652344,0.1497691422700882,0.13452383875846863,0.1492631733417511,0.134965717792511,-0.15710830688476562,0.13928383588790894,-0.15407103300094604,0.13638877868652344,0.1497691422700882,0.13452383875846863,0.1492631733417511,-0.0016772589879110456,-0.013852698728442192,0.019468417391180992,-0.017904143780469894,-0.0474177822470665,0.012228554114699364,-0.049882590770721436,0.04951764643192291,0.30000001192092896,0.30000001192092896,0.30000001192092896,0.30000001192092896,0.0,0.0,1.0,0.0,-0.0,1.0,-0.0,-0.9999998807907104,0.30000001192092896,0.30000001192092896,0.30000001192092896,0.30000001192092896
1.3,0,0.027632642537355423,-0.022821173071861267,-0.006358628161251545,0.2812720537185669,1.0,0.09473318606615067,0.017163559794425964,0.005711414385586977,1,1,1,1,10.555059432983398,3.9759700298309326,3.35150146484375,10.854860305786133,10.555059432983398,3.9759700298309326,3.35150146484375,10.854860305786133,0,0,0,0,0,0.9999991655349731,0.08002230525016785,-0.3183046579360962,0.07873989641666412,-0.317571222782135,0.2811879515647888,0.04981619492173195,0.2830081582069397,0.049997542053461075,-0.2794034481048584,0.04987436160445213,-0.2799130082130432,0.04989516735076904,0.0,0.0,0.0,0.0,0.0,0.0,-0.006773943081498146,0.00983703974634409,-0.017154619097709656,0.015365345403552055,-0.01273835264146328,-0.04766027629375458,-0.03862881287932396,-0.04369954392313957,0.0418255478143692,0.02135244756937027,-0.009629802778363228,-0.012950236909091473,0.0,-0.0,0.0,-0.0,0.0,0.0,0.0,0.0,0.0,0.0,0.0,0.0,0.0,-0.0,0.0,-0.0,0.0,0.0,0.0,0.0,0.0,0.0,0.0,0.0,0.134965717792511,-0.15710830688476562,0.13928383588790894,-0.15407103300094604,0.13638877868652344,0.1497691422700882,0.13452383875846863,0.1492631733417511,0.134965717792511,-0.15710830688476562,0.13928383588790894,-0.15407103300094604,0.13638877868652344,0.1497691422700882,0.13452383875846863,0.1492631733417511,-0.0016772589879110456,-0.013852698728442192,0.019468417391180992,-0.017904143780469894,-0.0474177822470665,0.012228554114699364,-0.049882590770721436,0.04951764643192291,0.30000001192092896,0.30000001192092896,0.30000001192092896,0.30000001192092896,0.0,0.0,1.0,0.0,-0.0,1.0,-0.0,-0.9999998807907104,0.30000001192092896,0.30000001192092896,0.30000001192092896,0.30000001192092896
1.35,0,0.02841339446604252,-0.022879477590322495,-0.006437691394239664,0.2812243402004242,1.0,0.06651955842971802,0.003284044563770294,0.00562081765383482,1,1,1,1,10.630279541015625,3.9831645488739014,3.340390920639038,10.883631706237793,10.630279541015625,3.9831645488739014,3.340390920639038,10.883631706237793,0,0,0,0,0,0.9999991655349731,0.08002282679080963,-0.3183043599128723,0.07874657958745956,-0.31756454706192017,0.2818945348262787,0.04977045953273773,0.2837313115596771,0.05000728741288185,-0.27860918641090393,0.04981215298175812,-0.2790853679180145,0.04983578622341156,0.0,0.0,0.0,0.0,0.0,0.0,0.029237961396574974,-0.020023992285132408,0.01807735674083233,0.00926988385617733,0.033214133232831955,0.0024237362667918205,0.00697379931807518,0.030660798773169518,-0.0034793931990861893,0.013118539936840534,-0.018398290500044823,-0.011655054055154324,0.0,-0.0,0.0,-0.0,0.0,0.0,0.0,0.0,0.0,0.0,0.0,0.0,0.0,-0.0,0.0,-0.0,0.0,0.0,0.0,0.0,0.0,0.0,0.0,0.0,0.134965717792511,-0.15710830688476562,0.13928383588790894,-0.15407103300094604,0.13638877868652344,0.1497691422700882,0.13452383875846863,0.1492631733417511,0.134965717792511,-0.15710830688476562,0.13928383588790894,-0.15407103300094604,0.13638877868652344,0.1497691422700882,0.13452383875846863,0.1492631733417511,-0.0016772589879110456,-0.013852698728442192,0.019468417391180992,-0.017904143780469894,-0.0474177822470665,0.012228554114699364,-0.049882590770721436,0.04951764643192291,0.30000001192092896,0.30000001192092896,0.30000001192092896,0.30000001192092896,0.0,0.0,1.0,0.0,-0.0,1.0,-0.0,-0.9999998807907104,0.30000001192092896,0.30000001192092896,0.30000001192092896,0.30000001192092896
1.4,0,0.029204394668340683,-0.022917011752724648,-0.006168130785226822,0.2811748683452606,1.0,0.06742683798074722,0.0033892514184117317,0.005528158508241177,1,1,1,1,10.643121719360352,3.888460397720337,3.671370267868042,10.536566734313965,10.643121719360352,3.888460397720337,3.671370267868042,10.536566734313965,0,0,0,0,0,0.9999991655349731,0.08002256602048874,-0.31830480694770813,0.07874783873558044,-0.3175632357597351,0.28261712193489075,0.04971423000097275,0.28446489572525024,0.05000786855816841,-0.2777949273586273,0.0497405044734478,-0.27826637029647827,0.04978025332093239,0.0,0.0,0.0,0.0,0.0,0.0,0.02236892655491829,-0.035843729972839355,0.002970699220895767,0.003442211542278528,0.03679376095533371,-0.01220131479203701,-0.013048915192484856,0.024280695244669914,0.008870445191860199,0.012930833734571934,-0.015194304287433624,-0.0011513843201100826,0.0,-0.0,0.0,-0.0,0.0,0.0,0.0,0.0,0.0,0.0,0.0,0.0,0.0,-0.0,0.0,-0.0,0.0,0.0,0.0,0.0,0.0,0.0,0.0,0.0,0.134965717792511,-0.15710830688476562,0.13928383588790894,-0.15407103300094604,0.13638877868652344,0.1497691422700882,0.13452383875846863,0.1492631733417511,0.134965717792511,-0.15710830688476562,0.13928383588790894,-0.15407103300094604,0.13638877868652344,0.1497691422700882,0.13452383875846863,0.1492631733417511,-0.0016772589879110456,-0.013852698728442192,0.019468417391180992,-0.017904143780469894,-0.0474177822470665,0.012228554114699364,-0.049882590770721436,0.04951764643192291,0.30000001192092896,0.30000001192092896,0.30000001192092896,0.30000001192092896,0.0,0.0,1.0,0.0,-0.0,1.0,-0.0,-0.9999998807907104,0.30000001192092896,0.30000001192092896,0.30000001192092896,0.30000001192092896
1.45,0,0.029941895976662636,-0.022828061133623123,-0.008005378767848015,0.2811390459537506,1.0,0.062219224870204926,0.002001272514462471,0.005288916174322367,1,1,1,1,10.935712814331055,3.4908573627471924,3.319221019744873,10.976285934448242,10.935712814331055,3.4908573627471924,3.319221019744873,10.976285934448242,0,0,0,0,0,0.9999991655349731,0.08002933114767075,-0.31829768419265747,0.07875385880470276,-0.3175572454929352,0.2833368480205536,0.04964855685830116,0.2851744294166565,0.049997374415397644,-0.2769966721534729,0.04965551197528839,-0.27751946449279785,0.04985306039452553,0.0,0.0,0.0,0.0,0.0,0.0,0.023625561967492104,-0.029540590941905975,0.008470991626381874,0.005232974421232939,0.03436608612537384,-0.008271757513284683,-0.0057538715191185474,0.024484455585479736,0.004631812684237957,0.013150748796761036,-0.015728676691651344,-0.00417659617960453,0.0,-0.0,0.0,-0.0,0.0,0.0,0.0,0.0,0.0,0.0,0.0,0.0,0.0,-0.0,0.0,-0.0,0.0,0.0,0.0,0.0,0.0,0.0,0.0,0.0,0.134965717792511,-0.15710830688476562,0.13928383588790894,-0.15407103300094604,0.13638877868652344,0.1497691422700882,0.13452383875846863,0.1492631733417511,0.134965717792511,-0.15710830688476562,0.13928383588790894,-0.15407103300094604,0.13638877868652344,0.1497691422700882,0.13452383875846863,0.1492631733417511,-0.0016772589879110456,-0.013852698728442192,0.019468417391180992,-0.017904143780469894,-0.0474177822470665,0.012228554114699364,-0.049882590770721436,0.04951764643192291,0.30000001192092896,0.30000001192092896,0.30000001192092896,0.30000001192092896,0.0,0.0,1.0,0.0,-0.0,1.0,-0.0,-0.9999998807907104,0.30000001192092896,0.30000001192092896,0.30000001192092896,0.30000001192092896
1.5,0,0.030695021152496338,-0.022777725011110306,-0.011274280026555061,0.2810954451560974,1.0,0.061379242688417435,0.002655607648193836,0.005041360389441252,1,1,1,1,11.327168464660645,3.21472430229187,2.7611536979675293,11.356453895568848,11.327168464660645,3.21472430229187,2.7611536979675293,11.356453895568848,0,0,0,0,0,0.9999991655349731,0.08003625273704529,-0.3182903528213501,0.07876582443714142,-0.31754523515701294,0.2840717136859894,0.04957153648138046,0.28588569164276123,0.04997637867927551,-0.27619510889053345,0.04955583065748215,-0.2767695188522339,0.04991496354341507,0.0,0.0,0.0,0.0,0.0,0.0,0.02411876805126667,-0.02732185274362564,0.009434695355594158,0.00746556930243969,0.033151570707559586,-0.007713085040450096,-0.004840675741434097,0.02409091405570507,0.00407224940136075,0.013869832269847393,-0.01708616130053997,-0.005590153392404318,0.0,-0.0,0.0,-0.0,0.0,0.0,0.0,0.0,0.0,0.0,0.0,0.0,0.0,-0.0,0.0,-0.0,0.0,0.0,0.0,0.0,0.0,0.0,0.0,0.0,0.134965717792511,-0.15710830688476562,0.13928383588790894,-0.15407103300094604,0.13638877868652344,0.1497691422700882,0.13452383875846863,0.1492631733417511,0.134965717792511,-0.15710830688476562,0.13928383588790894,-0.15407103300094604,0.13638877868652344,0.1497691422700882,0.13452383875846863,0.1492631733417511,-0.0016772589879110456,-0.013852698728442192,0.019468417391180992,-0.017904143780469894,-0.0474177822470665,0.012228554114699364,-0.049882590770721436,0.04951764643192291,0.30000001192092896,0.30000001192092896,0.30000001192092896,0.30000001192092896,0.0,0.0,1.0,0.0,-0.0,1.0,-0.0,-0.9999998807907104,0.30000001192092896,0.30000001192092896,0.30000001192092896,0.30000001192092896
1.55,0,0.03148492053151131,-0.02278299815952778,-0.011390198022127151,0.2810475826263428,1.0,0.07301568239927292,0.0028631873428821564,0.004751871339976788,1,1,1,1,11.735716819763184,2.9229516983032227,2.5439414978027344,11.551291465759277,11.735716819763184,2.9229516983032227,2.5439414978027344,11.551291465759277,0,0,0,0,0,0.9999991655349731,0.08004522323608398,-0.3182809054851532,0.07877662777900696,-0.31753435730934143,0.2848286032676697,0.049480486661195755,0.2866201400756836,0.04994317889213562,-0.2754017412662506,0.04944354668259621,-0.27600395679473877,0.04996591433882713,0.0,0.0,0.0,0.0,0.0,0.0,0.025429770350456238,-0.038256049156188965,0.008218021132051945,0.0025124934036284685,0.041481200605630875,-0.00829000398516655,-0.005864380858838558,0.030424343422055244,0.002913784934207797,0.013197437860071659,-0.014646369032561779,0.0007865902152843773,0.0,-0.0,0.0,-0.0,0.0,0.0,0.0,0.0,0.0,0.0,0.0,0.0,0.0,-0.0,0.0,-0.0,0.0,0.0,0.0,0.0,0.0,0.0,0.0,0.0,0.134965717792511,-0.15710830688476562,0.13928383588790894,-0.15407103300094604,0.13638877868652344,0.1497691422700882,0.13452383875846863,0.1492631733417511,0.134965717792511,-0.15710830688476562,0.13928383588790894,-0.15407103300094604,0.13638877868652344,0.1497691422700882,0.13452383875846863,0.1492631733417511,-0.0016772589879110456,-0.013852698728442192,0.019468417391180992,-0.017904143780469894,-0.0474177822470665,0.012228554114699364,-0.049882590770721436,0.04951764643192291,0.30000001192092896,0.30000001192092896,0.30000001192092896,0.30000001192092896,0.0,0.0,1.0,0.0,-0.0,1.0,-0.0,-0.9999998807907104,0.30000001192092896,0.30000001192092896,0.30000001192092896,0.30000001192092896
1.6,0,0.03226068243384361,-0.02277417667210102,-0.008273066021502018,0.2809995114803314,1.0,0.06286884099245071,0.0028343768790364265,0.004457173869013786,1,1,1,1,11.662138938903809,2.717820882797241,2.5068795680999756,11.70192813873291,11.662138938903809,2.717820882797241,2.5068795680999756,11.70192813873291,0,0,0,0,0,0.9999991655349731,0.08005339652299881,-0.3182719945907593,0.07878772169351578,-0.31752312183380127,0.2855934798717499,0.04937814548611641,0.2873443365097046,0.04989967122673988,-0.2746111750602722,0.04931829869747162,-0.275238573551178,0.050005991011857986,0.0,0.0,0.0,0.0,0.0,0.0,0.023830438032746315,-0.03027648665010929,0.00968965608626604,0.006621110253036022,0.03463537618517876,-0.008806157857179642,-0.004686060827225447,0.023842662572860718,0.004211181774735451,0.013943694531917572,-0.015624712221324444,-0.0025150843430310488,0.0,-0.0,0.0,-0.0,0.0,0.0,0.0,0.0,0.0,0.0,0.0,0.0,0.0,-0.0,0.0,-0.0,0.0,0.0,0.0,0.0,0.0,0.0,0.0,0.0,0.134965717792511,-0.15710830688476562,0.13928383588790894,-0.15407103300094604,0.13638877868652344,0.1497691422700882,0.13452383875846863,0.1492631733417511,0.134965717792511,-0.15710830688476562,0.13928383588790894,-0.15407103300094604,0.13638877868652344,0.1497691422700882,0.13452383875846863,0.1492631733417511,-0.0016772589879110456,-0.013852698728442192,0.019468417391180992,-0.017904143780469894,-0.0474177822470665,0.012228554114699364,-0.049882590770721436,0.04951764643192291,0.30000001192092896,0.30000001192092896,0.30000001192092896,0.30000001192092896,0.0,0.0,1.0,0.0,-0.0,1.0,-0.0,-0.9999998807907104,0.30000001192092896,0.30000001192092896,0.30000001192092896,0.30000001192092896
1.65,0,0.03305811062455177,-0.022661609575152397,-0.000566157337743789,0.280954509973526,1.0,0.06742703169584274,0.0012700008228421211,0.004220902454108,1,1,1,1,10.897104263305664,3.626710891723633,3.6346187591552734,10.69328784942627,10.897104263305664,3.626710891723633,3.6346187591552734,10.69328784942627,0,0,0,0,0,0.9999991655349731,0.08005833625793457,-0.31826677918434143,0.07879935204982758,-0.31751129031181335,0.2863757908344269,0.04925677552819252,0.2880980968475342,0.049843285232782364,-0.27382034063339233,0.0492599755525589,-0.2744597792625427,0.05003788322210312,0.0,0.0,0.0,0.0,0.0,0.0,0.024406980723142624,-0.03459925577044487,0.00982743501663208,0.004588325973600149,0.03767657279968262,-0.008814654313027859,-0.004211966414004564,0.026597270742058754,0.0028861016035079956,0.01394723355770111,-0.01451192982494831,0.0003685299016069621,0.0,-0.0,0.0,-0.0,0.0,0.0,0.0,0.0,0.0,0.0,0.0,0.0,0.0,-0.0,0.0,-0.0,0.0,0.0,0.0,0.0,0.0,0.0,0.0,0.0,0.134965717792511,-0.15710830688476562,0.13928383588790894,-0.15407103300094604,0.13638877868652344,0.1497691422700882,0.13452383875846863,0.1492631733417511,0.134965717792511,-0.15710830688476562,0.13928383588790894,-0.15407103300094604,0.13638877868652344,0.1497691422700882,0.13452383875846863,0.1492631733417511,-0.0016772589879110456,-0.013852698728442192,0.019468417391180992,-0.017904143780469894,-0.0474177822470665,0.012228554114699364,-0.049882590770721436,0.04951764643192291,0.30000001192092896,0.30000001192092896,0.30000001192092896,0.30000001192092896,0.0,0.0,1.0,0.0,-0.0,1.0,-0.0,-0.9999998807907104,0.30000001192092896,0.30000001192092896,0.30000001192092896,0.30000001192092896
1.7,0,0.03385201841592789,-0.02230534516274929,0.001817740616388619,0.2809097468852997,1.0,0.06321987509727478,0.00123894726857543,0.004198396112769842,1,1,1,1,10.311452865600586,4.197141647338867,3.9964733123779297,10.227784156799316,10.311452865600586,4.197141647338867,3.9964733123779297,10.227784156799316,0,0,0,0,0,0.9999989867210388,0.08005524426698685,-0.3182699382305145,0.07879464328289032,-0.3175158202648163,0.28715959191322327,0.04911687225103378,0.2888660430908203,0.04977446794509888,-0.273080050945282,0.04938312619924545,-0.2736666202545166,0.050061505287885666,0.0,0.0,0.0,0.0,0.0,0.0,0.02266371063888073,-0.03089405968785286,0.005115723703056574,0.003931572660803795,0.03399207815527916,-0.009455626830458641,-0.009515183977782726,0.025876469910144806,0.004564458038657904,0.012726496905088425,-0.016701260581612587,-0.004506334662437439,0.0,-0.0,0.0,-0.0,0.0,0.0,0.0,0.0,0.0,0.0,0.0,0.0,0.0,-0.0,0.0,-0.0,0.0,0.0,0.0,0.0,0.0,0.0,0.0,0.0,0.134965717792511,-0.15710830688476562,0.13928383588790894,-0.15407103300094604,0.13638877868652344,0.1497691422700882,0.13452383875846863,0.1492631733417511,0.134965717792511,-0.15710830688476562,0.13928383588790894,-0.15407103300094604,0.13638877868652344,0.1497691422700882,0.13452383875846863,0.1492631733417511,-0.0016772589879110456,-0.013852698728442192,0.019468417391180992,-0.017904143780469894,-0.0474177822470665,0.012228554114699364,-0.049882590770721436,0.04951764643192291,0.30000001192092896,0.30000001192092896,0.30000001192092896,0.30000001192092896,0.0,0.0,1.0,0.0,-0.0,1.0,-0.0,-0.9999998807907104,0.30000001192092896,0.30000001192092896,0.30000001192092896,0.30000001192092896
1.75,0,0.034632232040166855,-0.022053612396121025,0.0011516268132254481,0.28085577487945557,1.0,0.06435184180736542,0.002123370300978422,0.00393344322219491,1,1,1,1,9.14374828338623,5.256019115447998,5.3785786628723145,8.926032066345215,9.14374828338623,5.256019115447998,5.3785786628723145,8.926032066345215,0,0,0,0,0,0.999998927116394,0.08006256073713303,-0.31826263666152954,0.07880272716283798,-0.31750738620758057,0.28793343901634216,0.048974569886922836,0.2896026074886322,0.049833521246910095,-0.2723728120326996,0.04948883876204491,-0.2728669047355652,0.0500684417784214,0.0,0.0,0.0,0.0,0.0,0.0,0.022845664992928505,-0.031128961592912674,0.005212022457271814,0.003818145953118801,0.03491641581058502,-0.00908418744802475,-0.008604303002357483,0.026432324200868607,0.0045980592258274555,0.013702444732189178,-0.017246758565306664,-0.005267714615911245,0.0,-0.0,0.0,-0.0,0.0,0.0,0.0,0.0,0.0,0.0,0.0,0.0,0.0,-0.0,0.0,-0.0,0.0,0.0,0.0,0.0,0.0,0.0,0.0,0.0,0.134965717792511,-0.15710830688476562,0.13928383588790894,-0.15407103300094604,0.13638877868652344,0.1497691422700882,0.13452383875846863,0.1492631733417511,0.134965717792511,-0.15710830688476562,0.13928383588790894,-0.15407103300094604,0.13638877868652344,0.1497691422700882,0.13452383875846863,0.1492631733417511,-0.0016772589879110456,-0.013852698728442192,0.019468417391180992,-0.017904143780469894,-0.0474177822470665,0.012228554114699364,-0.049882590770721436,0.04951764643192291,0.30000001192092896,0.30000001192092896,0.30000001192092896,0.30000001192092896,0.0,0.0,1.0,0.0,-0.0,1.0,-0.0,-0.9999998807907104,0.30000001192092896,0.30000001192092896,0.30000001192092896,0.30000001192092896
1.8,0,0.03541146591305733,-0.021844662725925446,-0.002175770001485944,0.28080883622169495,1.0,0.06501367688179016,0.002189286518841982,0.003705585841089487,1,1,1,1,9.369503021240234,5.2982940673828125,5.467296600341797,8.771988868713379,9.369503021240234,5.2982940673828125,5.467296600341797,8.771988868713379,0,0,0,0,0,0.9999988079071045,0.08006896823644638,-0.3182561695575714,0.07881230860948563,-0.31749746203422546,0.2886977195739746,0.04885149747133255,0.2903421223163605,0.049897175282239914,-0.2716667950153351,0.049587149173021317,-0.2720593810081482,0.050058867782354355,0.0,0.0,0.0,0.0,0.0,0.0,0.023310111835598946,-0.0315375030040741,0.005680724047124386,0.003993896767497063,0.035339079797267914,-0.008734331466257572,-0.008162164129316807,0.02683147042989731,0.004420317709445953,0.013715788722038269,-0.017163565382361412,-0.005161699838936329,0.0,-0.0,0.0,-0.0,0.0,0.0,0.0,0.0,0.0,0.0,0.0,0.0,0.0,-0.0,0.0,-0.0,0.0,0.0,0.0,0.0,0.0,0.0,0.0,0.0,0.134965717792511,-0.15710830688476562,0.13928383588790894,-0.15407103300094604,0.13638877868652344,0.1497691422700882,0.13452383875846863,0.1492631733417511,0.134965717792511,-0.15710830688476562,0.13928383588790894,-0.15407103300094604,0.13638877868652344,0.1497691422700882,0.13452383875846863,0.1492631733417511,-0.0016772589879110456,-0.013852698728442192,0.019468417391180992,-0.017904143780469894,-0.0474177822470665,0.012228554114699364,-0.049882590770721436,0.04951764643192291,0.30000001192092896,0.30000001192092896,0.30000001192092896,0.30000001192092896,0.0,0.0,1.0,0.0,-0.0,1.0,-0.0,-0.9999998807907104,0.30000001192092896,0.30000001192092896,0.30000001192092896,0.30000001192092896
1.8499999999999999,0,0.03602227568626404,-0.021851560100913048,-0.0034623693209141493,0.28086403012275696,1.0,0.0697232186794281,0.003033570945262909,0.0039302874356508255,1,1,1,1,9.599885940551758,4.575314044952393,4.931919097900391,9.62834358215332,9.599885940551758,4.575314044952393,4.931919097900391,9.62834358215332,0,0,0,0,0,0.999998927116394,0.08005359768867493,-0.3182724416255951,0.07879775762557983,-0.3175126910209656,0.28929123282432556,0.04897027835249901,0.2910224199295044,0.049953605979681015,-0.2710058391094208,0.049668148159980774,-0.2713170647621155,0.05004554241895676,0.0,0.0,0.0,0.0,0.0,0.0,0.02399558760225773,-0.03631620481610298,0.007329776417464018,0.0021985836792737246,0.038917023688554764,-0.008757105097174644,-0.00789408665150404,0.029886934906244278,0.0032168738543987274,0.011842455714941025,-0.014516944997012615,-0.00010902807116508484,0.0,-0.0,0.0,-0.0,0.0,0.0,0.0,0.0,0.0,0.0,0.0,0.0,0.0,-0.0,0.0,-0.0,0.0,0.0,0.0,0.0,0.0,0.0,0.0,0.0,0.134965717792511,-0.15710830688476562,0.13928383588790894,-0.15407103300094604,0.13638877868652344,0.1497691422700882,0.13452383875846863,0.1492631733417511,0.134965717792511,-0.15710830688476562,0.13928383588790894,-0.15407103300094604,0.13638877868652344,0.1497691422700882,0.13452383875846863,0.1492631733417511,-0.0016772589879110456,-0.013852698728442192,0.019468417391180992,-0.017904143780469894,-0.0474177822470665,0.012228554114699364,-0.049882590770721436,0.04951764643192291,0.30000001192092896,0.30000001192092896,0.30000001192092896,0.30000001192092896,0.0,0.0,1.0,0.0,-0.0,1.0,-0.0,-0.9999998807907104,0.30000001192092896,0.30000001192092896,0.30000001192092896,0.30000001192092896
1.9,0,0.03667318820953369,-0.021908016875386238,-0.004750527441501617,0.28089970350265503,1.0,0.0683717206120491,0.0014778748154640198,0.004147449973970652,1,1,1,1,9.653636932373047,4.37043571472168,4.7662200927734375,9.770416259765625,9.653636932373047,4.37043571472168,4.7662200927734375,9.770416259765625,0,0,0,0,0,0.9999990463256836,0.08003868162631989,-0.3182882070541382,0.07878763973712921,-0.3175233006477356,0.28990375995635986,0.04908480867743492,0.2917124629020691,0.050001781433820724,-0.2703259587287903,0.04974081739783287,-0.27056679129600525,0.050020765513181686,0.0,0.0,0.0,0.0,0.0,0.0,0.023460855707526207,-0.03567357733845711,0.006855892948806286,0.0030128357466310263,0.03785911202430725,-0.009643635712563992,-0.008234474807977676,0.028168607503175735,0.004147293046116829,0.012823608703911304,-0.015028511174023151,-0.0007117054192349315,0.0,-0.0,0.0,-0.0,0.0,0.0,0.0,0.0,0.0,0.0,0.0,0.0,0.0,-0.0,0.0,-0.0,0.0,0.0,0.0,0.0,0.0,0.0,0.0,0.0,0.134965717792511,-0.15710830688476562,0.13928383588790894,-0.15407103300094604,0.13638877868652344,0.1497691422700882,0.13452383875846863,0.1492631733417511,0.134965717792511,-0.15710830688476562,0.13928383588790894,-0.15407103300094604,0.13638877868652344,0.1497691422700882,0.13452383875846863,0.1492631733417511,-0.0016772589879110456,-0.013852698728442192,0.019468417391180992,-0.017904143780469894,-0.0474177822470665,0.012228554114699364,-0.049882590770721436,0.04951764643192291,0.30000001192092896,0.30000001192092896,0.30000001192092896,0.30000001192092896,0.0,0.0,1.0,0.0,-0.0,1.0,-0.0,-0.9999998807907104,0.30000001192092896,0.30000001192092896,0.30000001192092896,0.30000001192092896
1.95,0,0.03734753280878067,-0.021993489935994148,-0.00530215771868825,0.2809191942214966,1.0,0.06079178303480148,0.001447048969566822,0.004361141473054886,1,1,1,1,9.695779800415039,4.542561054229736,4.823256969451904,9.669334411621094,9.695779800415039,4.542561054229736,4.823256969451904,9.669334411621094,0,0,0,0,0,0.9999990463256836,0.08002324402332306,-0.3183043599128723,0.07877522706985474,-0.3175361752510071,0.2905306816101074,0.04919305443763733,0.29240405559539795,0.05003996193408966,-0.26963672041893005,0.04980648308992386,-0.26980915665626526,0.04998292773962021,0.0,0.0,0.0,0.0,0.0,0.0,0.021660732105374336,-0.029342390596866608,0.005768175702542067,0.0054122828878462315,0.03190414234995842,-0.010416208766400814,-0.01106286607682705,0.024150270968675613,0.007265474647283554,0.011736026965081692,-0.015912717208266258,-0.0052136811427772045,0.0,-0.0,0.0,-0.0,0.0,0.0,0.0,0.0,0.0,0.0,0.0,0.0,0.0,-0.0,0.0,-0.0,0.0,0.0,0.0,0.0,0.0,0.0,0.0,0.0,0.134965717792511,-0.15710830688476562,0.13928383588790894,-0.15407103300094604,0.13638877868652344,0.1497691422700882,0.13452383875846863,0.1492631733417511,0.134965717792511,-0.15710830688476562,0.13928383588790894,-0.15407103300094604,0.13638877868652344,0.1497691422700882,0.13452383875846863,0.1492631733417511,-0.0016772589879110456,-0.013852698728442192,0.019468417391180992,-0.017904143780469894,-0.0474177822470665,0.012228554114699364,-0.049882590770721436,0.04951764643192291,0.30000001192092896,0.30000001192092896,0.30000001192092896,0.30000001192092896,0.0,0.0,1.0,0.0,-0.0,1.0,-0.0,-0.9999998807907104,0.30000001192092896,0.30000001192092896,0.30000001192092896,0.30000001192092896
2.0,0,0.03802888095378876,-0.022075265645980835,-0.009563242085278034,0.2809379994869232,1.0,0.06505309790372849,0.0018543764017522335,0.004579134285449982,1,1,1,1,9.502103805541992,4.810700416564941,5.252254486083984,9.545797348022461,9.502103805541992,4.810700416564941,5.252254486083984,9.545797348022461,0,0,0,0,0,0.9999990463256836,0.08000770211219788,-0.31832051277160645,0.07876194268465042,-0.3175497055053711,0.2911672294139862,0.04929398000240326,0.2931021451950073,0.050068002194166183,-0.2689394950866699,0.049863144755363464,-0.26905056834220886,0.04993332549929619,0.0,0.0,0.0,0.0,0.0,0.0,0.023083291947841644,-0.032857589423656464,0.007236729841679335,0.004593646619468927,0.03542844206094742,-0.009562581777572632,-0.008322134613990784,0.026493625715374947,0.004793519154191017,0.01263350062072277,-0.015483367256820202,-0.0024226484820246696,0.0,-0.0,0.0,-0.0,0.0,0.0,0.0,0.0,0.0,0.0,0.0,0.0,0.0,-0.0,0.0,-0.0,0.0,0.0,0.0,0.0,0.0,0.0,0.0,0.0,0.134965717792511,-0.15710830688476562,0.13928383588790894,-0.15407103300094604,0.13638877868652344,0.1497691422700882,0.13452383875846863,0.1492631733417511,0.134965717792511,-0.15710830688476562,0.13928383588790894,-0.15407103300094604,0.13638877868652344,0.1497691422700882,0.13452383875846863,0.1492631733417511,-0.0016772589879110456,-0.013852698728442192,0.019468417391180992,-0.017904143780469894,-0.0474177822470665,0.012228554114699364,-0.049882590770721436,0.04951764643192291,0.30000001192092896,0.30000001192092896,0.30000001192092896,0.30000001192092896,0.0,0.0,1.0,0.0,-0.0,1.0,-0.0,-0.9999998807907104,0.30000001192092896,0.30000001192092896,0.30000001192092896,0.30000001192092896
2.05,0,0.03872166574001312,-0.022191394120454788,-0.0063933865167200565,0.28093576431274414,1.0,0.06679470092058182,0.002343122847378254,0.004802201874554157,1,1,1,1,9.877416610717773,4.420332908630371,4.664684772491455,9.773397445678711,9.877416610717773,4.420332908630371,4.664684772491455,9.773397445678711,0,0,0,0,0,0.9999991655349731,0.07999272644519806,-0.31833598017692566,0.07875074446201324,-0.3175612986087799,0.29181212186813354,0.04938816279172897,0.2937854826450348,0.05008669197559357,-0.26823729276657104,0.04990897700190544,-0.2682839334011078,0.04987091198563576,0.0,0.0,0.0,0.0,0.0,0.0,0.02346075139939785,-0.03428594395518303,0.007683102507144213,0.004125134088099003,0.03663314878940582,-0.0094453115016222,-0.007594584487378597,0.027496039867401123,0.004129752051085234,0.012888791039586067,-0.015149923972785473,-0.0013946117833256721,0.0,-0.0,0.0,-0.0,0.0,0.0,0.0,0.0,0.0,0.0,0.0,0.0,0.0,-0.0,0.0,-0.0,0.0,0.0,0.0,0.0,0.0,0.0,0.0,0.0,0.134965717792511,-0.15710830688476562,0.13928383588790894,-0.15407103300094604,0.13638877868652344,0.1497691422700882,0.13452383875846863,0.1492631733417511,0.134965717792511,-0.15710830688476562,0.13928383588790894,-0.15407103300094604,0.13638877868652344,0.1497691422700882,0.13452383875846863,0.1492631733417511,-0.0016772589879110456,-0.013852698728442192,0.019468417391180992,-0.017904143780469894,-0.0474177822470665,0.012228554114699364,-0.049882590770721436,0.04951764643192291,0.30000001192092896,0.30000001192092896,0.30000001192092896,0.30000001192092896,0.0,0.0,1.0,0.0,-0.0,1.0,-0.0,-0.9999998807907104,0.30000001192092896,0.30000001192092896,0.30000001192092896,0.30000001192092896
2.1,0,0.03944326564669609,-0.02231246419250965,-0.006773548666387796,0.28093820810317993,1.0,0.06653662025928497,0.0015649800188839436,0.0050298068672418594,1,1,1,1,9.878665924072266,4.456092357635498,4.673748970031738,9.709861755371094,9.878665924072266,4.456092357635498,4.673748970031738,9.709861755371094,0,0,0,0,0,0.9999991655349731,0.07997650653123856,-0.3183527886867523,0.07873724400997162,-0.31757500767707825,0.29247167706489563,0.04947669804096222,0.29450029134750366,0.05009598657488823,-0.2675146460533142,0.04994778707623482,-0.2674967646598816,0.04979534447193146,0.0,0.0,0.0,0.0,0.0,0.0,0.022776557132601738,-0.0346451997756958,0.007081503048539162,0.0034256712533533573,0.03663083165884018,-0.010325031355023384,-0.007916784845292568,0.0266812052577734,0.005034208297729492,0.013429595157504082,-0.014706513844430447,-0.0011011711321771145,0.0,-0.0,0.0,-0.0,0.0,0.0,0.0,0.0,0.0,0.0,0.0,0.0,0.0,-0.0,0.0,-0.0,0.0,0.0,0.0,0.0,0.0,0.0,0.0,0.0,0.134965717792511,-0.15710830688476562,0.13928383588790894,-0.15407103300094604,0.13638877868652344,0.1497691422700882,0.13452383875846863,0.1492631733417511,0.134965717792511,-0.15710830688476562,0.13928383588790894,-0.15407103300094604,0.13638877868652344,0.1497691422700882,0.13452383875846863,0.1492631733417511,-0.0016772589879110456,-0.013852698728442192,0.019468417391180992,-0.017904143780469894,-0.0474177822470665,0.012228554114699364,-0.049882590770721436,0.04951764643192291,0.30000001192092896,0.30000001192092896,0.30000001192092896,0.30000001192092896,0.0,0.0,1.0,0.0,-0.0,1.0,-0.0,-0.9999998807907104,0.30000001192092896,0.30000001192092896,0.30000001192092896,0.30000001192092896
2.15,0,0.04016246646642685,-0.022434521466493607,-0.007339823991060257,0.2809399962425232,1.0,0.06126708164811134,0.0018151593394577503,0.005260840058326721,1,1,1,1,9.919899940490723,4.439639568328857,4.605133056640625,9.747313499450684,9.919899940490723,4.439639568328857,4.605133056640625,9.747313499450684,0,0,0,0,0,0.9999991655349731,0.07996193319559097,-0.3183678388595581,0.07872053235769272,-0.3175920248031616,0.2931326925754547,0.04955679923295975,0.2952136695384979,0.050093259662389755,-0.26679182052612305,0.04997489973902702,-0.2667063772678375,0.04970689117908478,0.0,0.0,0.0,0.0,0.0,0.0,0.02198415994644165,-0.030119262635707855,0.006837084889411926,0.006012780591845512,0.03230195492506027,-0.010449971072375774,-0.00987284816801548,0.02406848967075348,0.006703088525682688,0.01210070587694645,-0.015557745471596718,-0.00418294221162796,0.0,-0.0,0.0,-0.0,0.0,0.0,0.0,0.0,0.0,0.0,0.0,0.0,0.0,-0.0,0.0,-0.0,0.0,0.0,0.0,0.0,0.0,0.0,0.0,0.0,0.134965717792511,-0.15710830688476562,0.13928383588790894,-0.15407103300094604,0.13638877868652344,0.1497691422700882,0.13452383875846863,0.1492631733417511,0.134965717792511,-0.15710830688476562,0.13928383588790894,-0.15407103300094604,0.13638877868652344,0.1497691422700882,0.13452383875846863,0.1492631733417511,-0.0016772589879110456,-0.013852698728442192,0.019468417391180992,-0.017904143780469894,-0.0474177822470665,0.012228554114699364,-0.049882590770721436,0.04951764643192291,0.30000001192092896,0.30000001192092896,0.30000001192092896,0.30000001192092896,0.0,0.0,1.0,0.0,-0.0,1.0,-0.0,-0.9999998807907104,0.30000001192092896,0.30000001192092896,0.30000001192092896,0.30000001192092896
2.2,0,0.04088670387864113,-0.022551173344254494,-0.008177689276635647,0.2809418737888336,1.0,0.06696780025959015,0.0018504243344068527,0.005477624945342541,1,1,1,1,10.704895973205566,3.654698133468628,3.801286220550537,10.537087440490723,10.704895973205566,3.654698133468628,3.801286220550537,10.537087440490723,0,0,0,0,0,0.9999991655349731,0.07994857430458069,-0.3183816373348236,0.07870712876319885,-0.3176057040691376,0.29380089044570923,0.04962880164384842,0.2959316372871399,0.05007944256067276,-0.26606130599975586,0.049992796033620834,-0.2659239172935486,0.04964151605963707,0.0,0.0,0.0,0.0,0.0,0.0,0.023840533569455147,-0.034145910292863846,0.008768849074840546,0.005287822335958481,0.03649824112653732,-0.009287235327064991,-0.0064555006101727486,0.027108240872621536,0.004856552463024855,0.013955497182905674,-0.015097085386514664,-0.0020855076145380735,0.0,-0.0,0.0,-0.0,0.0,0.0,0.0,0.0,0.0,0.0,0.0,0.0,0.0,-0.0,0.0,-0.0,0.0,0.0,0.0,0.0,0.0,0.0,0.0,0.0,0.134965717792511,-0.15710830688476562,0.13928383588790894,-0.15407103300094604,0.13638877868652344,0.1497691422700882,0.13452383875846863,0.1492631733417511,0.134965717792511,-0.15710830688476562,0.13928383588790894,-0.15407103300094604,0.13638877868652344,0.1497691422700882,0.13452383875846863,0.1492631733417511,-0.0016772589879110456,-0.013852698728442192,0.019468417391180992,-0.017904143780469894,-0.0474177822470665,0.012228554114699364,-0.049882590770721436,0.04951764643192291,0.30000001192092896,0.30000001192092896,0.30000001192092896,0.30000001192092896,0.0,0.0,1.0,0.0,-0.0,1.0,-0.0,-0.9999998807907104,0.30000001192092896,0.30000001192092896,0.30000001192092896,0.30000001192092896
2.25,0,0.041537344455718994,-0.02249203249812126,-0.009301058016717434,0.2809673845767975,1.0,0.06722642481327057,0.0022802590392529964,0.005601563956588507,1,1,1,1,11.047219276428223,3.2078487873077393,3.5064351558685303,11.026473999023438,11.047219276428223,3.2078487873077393,3.5064351558685303,11.026473999023438,0,0,0,0,0,0.9999991655349731,0.0799393504858017,-0.31839102506637573,0.07869977504014969,-0.317613422870636,0.2944534122943878,0.04969305172562599,0.29662024974823,0.05005466938018799,-0.26533812284469604,0.050000596791505814,-0.2652527093887329,0.04972977936267853,0.0,0.0,0.0,0.0,0.0,0.0,0.022987572476267815,-0.03575955703854561,0.007882175035774708,0.0038283085450530052,0.03729744255542755,-0.010531343519687653,-0.00792200118303299,0.026641519740223885,0.004158582538366318,0.012130429036915302,-0.013995221816003323,0.0007673388463445008,0.0,-0.0,0.0,-0.0,0.0,0.0,0.0,0.0,0.0,0.0,0.0,0.0,0.0,-0.0,0.0,-0.0,0.0,0.0,0.0,0.0,0.0,0.0,0.0,0.0,0.134965717792511,-0.15710830688476562,0.13928383588790894,-0.15407103300094604,0.13638877868652344,0.1497691422700882,0.13452383875846863,0.1492631733417511,0.134965717792511,-0.15710830688476562,0.13928383588790894,-0.15407103300094604,0.13638877868652344,0.1497691422700882,0.13452383875846863,0.1492631733417511,-0.0016772589879110456,-0.013852698728442192,0.019468417391180992,-0.017904143780469894,-0.0474177822470665,0.012228554114699364,-0.049882590770721436,0.04951764643192291,0.30000001192092896,0.30000001192092896,0.30000001192092896,0.30000001192092896,0.0,0.0,1.0,0.0,-0.0,1.0,-0.0,-0.9999998807907104,0.30000001192092896,0.30000001192092896,0.30000001192092896,0.30000001192092896
2.3,0,0.04220966994762421,-0.02247156947851181,-0.009055680595338345,0.28093859553337097,1.0,0.06835933774709702,0.0016010892577469349,0.005717726424336433,1,1,1,1,11.424759864807129,2.8062026500701904,3.0248141288757324,11.464120864868164,11.424759864807129,2.8062026500701904,3.0248141288757324,11.464120864868164,0,0,0,0,0,0.9999991655349731,0.07993150502443314,-0.3183988332748413,0.07868991792201996,-0.3176235854625702,0.295114129781723,0.04974832013249397,0.2973140776157379,0.050019338726997375,-0.2646067440509796,0.049997106194496155,-0.2645736336708069,0.049808356910943985,0.0,0.0,0.0,0.0,0.0,0.0,0.022693580016493797,-0.037087332457304,0.007551908493041992,0.0035319935996085405,0.037926025688648224,-0.01135169342160225,-0.008239823393523693,0.026553291827440262,0.0043454403057694435,0.012684291228652,-0.01375462394207716,0.0019606484565883875,0.0,-0.0,0.0,-0.0,0.0,0.0,0.0,0.0,0.0,0.0,0.0,0.0,0.0,-0.0,0.0,-0.0,0.0,0.0,0.0,0.0,0.0,0.0,0.0,0.0,0.134965717792511,-0.15710830688476562,0.13928383588790894,-0.15407103300094604,0.13638877868652344,0.1497691422700882,0.13452383875846863,0.1492631733417511,0.134965717792511,-0.15710830688476562,0.13928383588790894,-0.15407103300094604,0.13638877868652344,0.1497691422700882,0.13452383875846863,0.1492631733417511,-0.0016772589879110456,-0.013852698728442192,0.019468417391180992,-0.017904143780469894,-0.0474177822470665,0.012228554114699364,-0.049882590770721436,0.04951764643192291,0.30000001192092896,0.30000001192092896,0.30000001192092896,0.30000001192092896,0.0,0.0,1.0,0.0,-0.0,1.0,-0.0,-0.9999998807907104,0.30000001192092896,0.30000001192092896,0.30000001192092896,0.30000001192092896
2.35,0,0.04289820045232773,-0.02247113734483719,-0.008475497364997864,0.28091344237327576,1.0,0.06802830100059509,0.001563429832458496,0.005825643893331289,1,1,1,1,11.895999908447266,2.2516138553619385,2.4575345516204834,12.041362762451172,11.895999908447266,2.2516138553619385,2.4575345516204834,12.041362762451172,0,0,0,0,0,0.9999991655349731,0.0799238309264183,-0.3184063732624054,0.07868216186761856,-0.31763172149658203,0.2957827150821686,0.049795281141996384,0.29801106452941895,0.04997324198484421,-0.2638654410839081,0.04998200759291649,-0.2638906240463257,0.04987800866365433,0.0,0.0,0.0,0.0,0.0,0.0,0.02265360578894615,-0.03702983632683754,0.008333070203661919,0.004131807945668697,0.03776164352893829,-0.0114925317466259,-0.007039966993033886,0.02557786926627159,0.004400664009153843,0.013487780466675758,-0.013750815764069557,0.0021826184820383787,0.0,-0.0,0.0,-0.0,0.0,0.0,0.0,0.0,0.0,0.0,0.0,0.0,0.0,-0.0,0.0,-0.0,0.0,0.0,0.0,0.0,0.0,0.0,0.0,0.0,0.134965717792511,-0.15710830688476562,0.13928383588790894,-0.15407103300094604,0.13638877868652344,0.1497691422700882,0.13452383875846863,0.1492631733417511,0.134965717792511,-0.15710830688476562,0.13928383588790894,-0.15407103300094604,0.13638877868652344,0.1497691422700882,0.13452383875846863,0.1492631733417511,-0.0016772589879110456,-0.013852698728442192,0.019468417391180992,-0.017904143780469894,-0.0474177822470665,0.012228554114699364,-0.049882590770721436,0.04951764643192291,0.30000001192092896,0.30000001192092896,0.30000001192092896,0.30000001192092896,0.0,0.0,1.0,0.0,-0.0,1.0,-0.0,-0.9999998807907104,0.30000001192092896,0.30000001192092896,0.30000001192092896,0.30000001192092896
2.4,0,0.04360480234026909,-0.022466914728283882,-0.009090660139918327,0.2809296250343323,1.0,0.07097212970256805,0.0017613484524190426,0.005935865920037031,1,1,1,1,12.261358261108398,2.0708084106445312,2.1456451416015625,12.275701522827148,12.261358261108398,2.0708084106445312,2.1456451416015625,12.275701522827148,0,0,0,0,0,0.9999991655349731,0.07991667836904526,-0.3184134066104889,0.07867556810379028,-0.3176386058330536,0.2964623272418976,0.04983219504356384,0.2987152338027954,0.04991559684276581,-0.26310643553733826,0.04995736479759216,-0.26319950819015503,0.04993918910622597,0.0,0.0,0.0,0.0,0.0,0.0,0.022731896489858627,-0.03922941908240318,0.00792479608207941,0.0025273647624999285,0.03976261243224144,-0.011789788492023945,-0.007041666191071272,0.02725003845989704,0.004030768293887377,0.01402431633323431,-0.013173261657357216,0.0036727257538586855,0.0,-0.0,0.0,-0.0,0.0,0.0,0.0,0.0,0.0,0.0,0.0,0.0,0.0,-0.0,0.0,-0.0,0.0,0.0,0.0,0.0,0.0,0.0,0.0,0.0,0.134965717792511,-0.15710830688476562,0.13928383588790894,-0.15407103300094604,0.13638877868652344,0.1497691422700882,0.13452383875846863,0.1492631733417511,0.134965717792511,-0.15710830688476562,0.13928383588790894,-0.15407103300094604,0.13638877868652344,0.1497691422700882,0.13452383875846863,0.1492631733417511,-0.0016772589879110456,-0.013852698728442192,0.019468417391180992,-0.017904143780469894,-0.0474177822470665,0.012228554114699364,-0.049882590770721436,0.04951764643192291,0.30000001192092896,0.30000001192092896,0.30000001192092896,0.30000001192092896,0.0,0.0,1.0,0.0,-0.0,1.0,-0.0,-0.9999998807907104,0.30000001192092896,0.30000001192092896,0.30000001192092896,0.30000001192092896
2.45,0,0.04430825263261795,-0.022472333163022995,-0.012477048672735691,0.2787083387374878,1.0,0.06671440601348877,0.0016391659155488014,0.0060446918942034245,1,1,1,1,12.84115219116211,1.618056058883667,1.6556581258773804,12.757822036743164,12.84115219116211,1.618056058883667,1.6556581258773804,12.757822036743164,0,0,0,0,0,0.9999991655349731,0.07990993559360504,-0.31842005252838135,0.07866647094488144,-0.3176480829715729,0.2971435785293579,0.04985831305384636,0.2994228005409241,0.049848660826683044,-0.2623482942581177,0.04991990327835083,-0.2625074088573456,0.049990978091955185,0.0,0.0,0.0,0.0,0.0,0.0,0.022574465721845627,-0.03608435019850731,0.008588872849941254,0.005724366754293442,0.036541249603033066,-0.01181333139538765,-0.007150366436690092,0.024277973920106888,0.004891247022897005,0.013734743930399418,-0.014220605604350567,0.0015585931250825524,0.0,-0.0,0.0,-0.0,0.0,0.0,0.0,0.0,0.0,0.0,0.0,0.0,0.0,-0.0,0.0,-0.0,0.0,0.0,0.0,0.0,0.0,0.0,0.0,0.0,0.134965717792511,-0.15710830688476562,0.13928383588790894,-0.15407103300094604,0.13638877868652344,0.1497691422700882,0.13452383875846863,0.1492631733417511,0.134965717792511,-0.15710830688476562,0.13928383588790894,-0.15407103300094604,0.13638877868652344,0.1497691422700882,0.13452383875846863,0.1492631733417511,-0.0016772589879110456,-0.013852698728442192,0.019468417391180992,-0.017904143780469894,-0.0474177822470665,0.012228554114699364,-0.049882590770721436,0.04951764643192291,0.30000001192092896,0.30000001192092896,0.30000001192092896,0.30000001192092896,0.0,0.0,1.0,0.0,-0.0,1.0,-0.0,-0.9999998807907104,0.30000001192092896,0.30000001192092896,0.30000001192092896,0.30000001192092896
2.5,0,0.04502790421247482,-0.022458460181951523,-0.010472950525581837,0.27867966890335083,1.0,0.07827812433242798,0.001732709351927042,0.006163426209241152,1,1,1,1,12.867266654968262,1.5067380666732788,1.4496921300888062,12.935800552368164,12.867266654968262,1.5067380666732788,1.4496921300888062,12.935800552368164,0,0,0,0,0,0.9999991655349731,0.07990109920501709,-0.3184286653995514,0.0786566510796547,-0.3176582455635071,0.2978343963623047,0.0498751737177372,0.30012813210487366,0.04977133870124817,-0.2615862786769867,0.04989399388432503,-0.26180705428123474,0.05003367364406586,0.0,0.0,0.0,0.0,0.0,0.0,0.02178671583533287,-0.04622507467865944,0.0064859939739108086,-0.002258069347590208,0.04396585747599602,-0.013757407665252686,-0.00822808500379324,0.02980188839137554,0.004079878795892,0.013888554647564888,-0.010038403794169426,0.008969683200120926,0.0,-0.0,0.0,-0.0,0.0,0.0,0.0,0.0,0.0,0.0,0.0,0.0,0.0,-0.0,0.0,-0.0,0.0,0.0,0.0,0.0,0.0,0.0,0.0,0.0,0.134965717792511,-0.15710830688476562,0.13928383588790894,-0.15407103300094604,0.13638877868652344,0.1497691422700882,0.13452383875846863,0.1492631733417511,0.134965717792511,-0.15710830688476562,0.13928383588790894,-0.15407103300094604,0.13638877868652344,0.1497691422700882,0.13452383875846863,0.1492631733417511,-0.0016772589879110456,-0.013852698728442192,0.019468417391180992,-0.017904143780469894,-0.0474177822470665,0.012228554114699364,-0.049882590770721436,0.04951764643192291,0.30000001192092896,0.30000001192092896,0.30000001192092896,0.30000001192092896,0.0,0.0,1.0,0.0,-0.0,1.0,-0.0,-0.9999998807907104,0.30000001192092896,0.30000001192092896,0.30000001192092896,0.30000001192092896
2.55,0,0.04575782269239426,-0.022384855896234512,-0.010259163565933704,0.27863654494285583,1.0,0.06495511531829834,0.0016882503405213356,0.0063032349571585655,1,1,1,1,13.123917579650879,1.3518805503845215,1.8605456352233887,12.636289596557617,13.123917579650879,1.3518805503845215,1.8605456352233887,12.636289596557617,0,0,0,0,0,0.9999990463256836,0.07989464700222015,-0.31843501329421997,0.0786605030298233,-0.31765466928482056,0.2985224425792694,0.04987899214029312,0.30083125829696655,0.049683038145303726,-0.2607952058315277,0.04988087713718414,-0.2611008286476135,0.0500686913728714,0.0,0.0,0.0,0.0,0.0,0.0,0.022070525214076042,-0.035297974944114685,0.007681187707930803,0.006469499319791794,0.034945085644721985,-0.012452906928956509,-0.0096761928871274,0.023189332336187363,0.005656809080392122,0.012053703889250755,-0.014063629321753979,0.0016036205925047398,0.0,-0.0,0.0,-0.0,0.0,0.0,0.0,0.0,0.0,0.0,0.0,0.0,0.0,-0.0,0.0,-0.0,0.0,0.0,0.0,0.0,0.0,0.0,0.0,0.0,0.134965717792511,-0.15710830688476562,0.13928383588790894,-0.15407103300094604,0.13638877868652344,0.1497691422700882,0.13452383875846863,0.1492631733417511,0.134965717792511,-0.15710830688476562,0.13928383588790894,-0.15407103300094604,0.13638877868652344,0.1497691422700882,0.13452383875846863,0.1492631733417511,-0.0016772589879110456,-0.013852698728442192,0.019468417391180992,-0.017904143780469894,-0.0474177822470665,0.012228554114699364,-0.049882590770721436,0.04951764643192291,0.30000001192092896,0.30000001192092896,0.30000001192092896,0.30000001192092896,0.0,0.0,1.0,0.0,-0.0,1.0,-0.0,-0.9999998807907104,0.30000001192092896,0.30000001192092896,0.30000001192092896,0.30000001192092896
2.6,0,0.046472448855638504,-0.022399865090847015,-0.011236624792218208,0.28091007471084595,1.0,0.07853499054908752,0.0012779035605490208,0.00626382976770401,1,1,1,1,12.250082015991211,2.051340103149414,2.556467294692993,11.888038635253906,12.250082015991211,2.051340103149414,2.556467294692993,11.888038635253906,0,0,0,0,0,0.9999990463256836,0.07989532500505447,-0.3184341788291931,0.07865879684686661,-0.3176560699939728,0.2992025911808014,0.04991795867681503,0.3015093505382538,0.04971428960561752,-0.26001766324043274,0.04985928162932396,-0.26038479804992676,0.05009150132536888,0.0,0.0,0.0,0.0,0.0,0.0,0.020084649324417114,-0.04733700677752495,0.004207005258649588,-0.0026046312414109707,0.04370898753404617,-0.01650516502559185,-0.009367883205413818,0.026389341801404953,0.007983379065990448,0.017275508493185043,-0.010447103530168533,0.007791417185217142,0.0,-0.0,0.0,-0.0,0.0,0.0,0.0,0.0,0.0,0.0,0.0,0.0,0.0,-0.0,0.0,-0.0,0.0,0.0,0.0,0.0,0.0,0.0,0.0,0.0,0.134965717792511,-0.15710830688476562,0.13928383588790894,-0.15407103300094604,0.13638877868652344,0.1497691422700882,0.13452383875846863,0.1492631733417511,0.134965717792511,-0.15710830688476562,0.13928383588790894,-0.15407103300094604,0.13638877868652344,0.1497691422700882,0.13452383875846863,0.1492631733417511,-0.0016772589879110456,-0.013852698728442192,0.019468417391180992,-0.017904143780469894,-0.0474177822470665,0.012228554114699364,-0.049882590770721436,0.04951764643192291,0.30000001192092896,0.30000001192092896,0.30000001192092896,0.30000001192092896,0.0,0.0,1.0,0.0,-0.0,1.0,-0.0,-0.9999998807907104,0.30000001192092896,0.30000001192092896,0.30000001192092896,0.30000001192092896
2.65,0,0.047192513942718506,-0.02250577136874199,-0.014392648823559284,0.2785777747631073,1.0,0.06504801660776138,0.0016398257575929165,0.006152481772005558,1,1,1,1,12.527215957641602,1.8130600452423096,2.2957773208618164,12.10274600982666,12.527215957641602,1.8130600452423096,2.2957773208618164,12.10274600982666,0,0,0,0,0,0.9999991655349731,0.07989870011806488,-0.3184310793876648,0.07866531610488892,-0.31764930486679077,0.29988789558410645,0.04995236173272133,0.3022103011608124,0.04979659989476204,-0.259265273809433,0.04982782155275345,-0.25966259837150574,0.05010027438402176,0.0,0.0,0.0,0.0,0.0,0.0,0.020782828330993652,-0.034342799335718155,0.0064874920062720776,0.005665559321641922,0.03535644710063934,-0.013845190405845642,-0.008650810457766056,0.021459652110934258,0.008547301404178143,0.0165980476886034,-0.01482357271015644,-0.0005416999920271337,0.0,-0.0,0.0,-0.0,0.0,0.0,0.0,0.0,0.0,0.0,0.0,0.0,0.0,-0.0,0.0,-0.0,0.0,0.0,0.0,0.0,0.0,0.0,0.0,0.0,0.134965717792511,-0.15710830688476562,0.13928383588790894,-0.15407103300094604,0.13638877868652344,0.1497691422700882,0.13452383875846863,0.1492631733417511,0.134965717792511,-0.15710830688476562,0.13928383588790894,-0.15407103300094604,0.13638877868652344,0.1497691422700882,0.13452383875846863,0.1492631733417511,-0.0016772589879110456,-0.013852698728442192,0.019468417391180992,-0.017904143780469894,-0.0474177822470665,0.012228554114699364,-0.049882590770721436,0.04951764643192291,0.30000001192092896,0.30000001192092896,0.30000001192092896,0.30000001192092896,0.0,0.0,1.0,0.0,-0.0,1.0,-0.0,-0.9999998807907104,0.30000001192092896,0.30000001192092896,0.30000001192092896,0.30000001192092896
2.7,0,0.047920554876327515,-0.02265107072889805,-0.014232298359274864,0.2808939814567566,1.0,0.06292316317558289,0.002246311865746975,0.0060287355445325375,1,1,1,1,12.345598220825195,2.245168924331665,2.515186071395874,11.97277545928955,12.345598220825195,2.245168924331665,2.515186071395874,11.97277545928955,0,0,0,0,0,0.9999991655349731,0.07990210503339767,-0.318427711725235,0.07866709679365158,-0.31764742732048035,0.3005825877189636,0.049974773079156876,0.3029194176197052,0.04986979812383652,-0.2585321366786957,0.04978611692786217,-0.2589323818683624,0.05009893700480461,0.0,0.0,0.0,0.0,0.0,0.0,0.020982148125767708,-0.03306947648525238,0.007786874659359455,0.007768359966576099,0.03358929604291916,-0.01361735351383686,-0.00858587957918644,0.019962597638368607,0.008642601780593395,0.015151535160839558,-0.014627553522586823,-0.000613391341175884,0.0,-0.0,0.0,-0.0,0.0,0.0,0.0,0.0,0.0,0.0,0.0,0.0,0.0,-0.0,0.0,-0.0,0.0,0.0,0.0,0.0,0.0,0.0,0.0,0.0,0.134965717792511,-0.15710830688476562,0.13928383588790894,-0.15407103300094604,0.13638877868652344,0.1497691422700882,0.13452383875846863,0.1492631733417511,0.134965717792511,-0.15710830688476562,0.13928383588790894,-0.15407103300094604,0.13638877868652344,0.1497691422700882,0.13452383875846863,0.1492631733417511,-0.0016772589879110456,-0.013852698728442192,0.019468417391180992,-0.017904143780469894,-0.0474177822470665,0.012228554114699364,-0.049882590770721436,0.04951764643192291,0.30000001192092896,0.30000001192092896,0.30000001192092896,0.30000001192092896,0.0,0.0,1.0,0.0,-0.0,1.0,-0.0,-0.9999998807907104,0.30000001192092896,0.30000001192092896,0.30000001192092896,0.30000001192092896
2.75,0,0.048670411109924316,-0.022780057042837143,-0.013037767261266708,0.28085556626319885,1.0,0.080697201192379,0.0013119555078446865,0.005852582864463329,1,1,1,1,12.280962944030762,2.147653818130493,2.5337624549865723,11.775965690612793,12.280962944030762,2.147653818130493,2.5337624549865723,11.775965690612793,0,0,0,0,0,0.9999991655349731,0.07990280538797379,-0.3184266984462738,0.07867522537708282,-0.3176390528678894,0.3013205826282501,0.04998941347002983,0.3036155700683594,0.04993324354290962,-0.2577904760837555,0.04973417893052101,-0.25818967819213867,0.050084639340639114,0.0,0.0,0.0,0.0,0.0,0.0,0.019843053072690964,-0.049311716109514236,0.0062645915895700455,-0.0043127150274813175,0.045010682195425034,-0.016203025355935097,-0.0062702130526304245,0.027709415182471275,0.006617608480155468,0.017763575538992882,-0.008397149853408337,0.010164915584027767,0.0,-0.0,0.0,-0.0,0.0,0.0,0.0,0.0,0.0,0.0,0.0,0.0,0.0,-0.0,0.0,-0.0,0.0,0.0,0.0,0.0,0.0,0.0,0.0,0.0,0.134965717792511,-0.15710830688476562,0.13928383588790894,-0.15407103300094604,0.13638877868652344,0.1497691422700882,0.13452383875846863,0.1492631733417511,0.134965717792511,-0.15710830688476562,0.13928383588790894,-0.15407103300094604,0.13638877868652344,0.1497691422700882,0.13452383875846863,0.1492631733417511,-0.0016772589879110456,-0.013852698728442192,0.019468417391180992,-0.017904143780469894,-0.0474177822470665,0.012228554114699364,-0.049882590770721436,0.04951764643192291,0.30000001192092896,0.30000001192092896,0.30000001192092896,0.30000001192092896,0.0,0.0,1.0,0.0,-0.0,1.0,-0.0,-0.9999998807907104,0.30000001192092896,0.30000001192092896,0.30000001192092896,0.30000001192092896
2.8,0,0.049429818987846375,-0.022928189486265182,-0.011895096860826015,0.280825138092041,1.0,0.06400546431541443,0.0023410064168274403,0.005672577768564224,1,1,1,1,12.301590919494629,2.124450445175171,2.557565212249756,11.835037231445312,12.301590919494629,2.124450445175171,2.557565212249756,11.835037231445312,0,0,0,0,0,0.9999991655349731,0.07990169525146484,-0.3184274733066559,0.0786794126033783,-0.3176346719264984,0.30206868052482605,0.049991920590400696,0.30432847142219543,0.04998631402850151,-0.25704607367515564,0.04966927692294121,-0.25743547081947327,0.0500585213303566,0.0,0.0,0.0,0.0,0.0,0.0,0.021656116470694542,-0.0344085767865181,0.00955423153936863,0.004189436789602041,0.035539936274290085,-0.011439688503742218,-0.006144390907138586,0.023366626352071762,0.006588523276150227,0.013187014497816563,-0.011795369908213615,0.0008858887013047934,0.0,-0.0,0.0,-0.0,0.0,0.0,0.0,0.0,0.0,0.0,0.0,0.0,0.0,-0.0,0.0,-0.0,0.0,0.0,0.0,0.0,0.0,0.0,0.0,0.0,0.134965717792511,-0.15710830688476562,0.13928383588790894,-0.15407103300094604,0.13638877868652344,0.1497691422700882,0.13452383875846863,0.1492631733417511,0.134965717792511,-0.15710830688476562,0.13928383588790894,-0.15407103300094604,0.13638877868652344,0.1497691422700882,0.13452383875846863,0.1492631733417511,-0.0016772589879110456,-0.013852698728442192,0.019468417391180992,-0.017904143780469894,-0.0474177822470665,0.012228554114699364,-0.049882590770721436,0.04951764643192291,0.30000001192092896,0.30000001192092896,0.30000001192092896,0.30000001192092896,0.0,0.0,1.0,0.0,-0.0,1.0,-0.0,-0.9999998807907104,0.30000001192092896,0.30000001192092896,0.30000001192092896,0.30000001192092896
2.85,0,0.05020533502101898,-0.023073801770806313,-0.011298556812107563,0.2807932496070862,1.0,0.07001864165067673,0.0016544866375625134,0.005506316665560007,1,1,1,1,12.207832336425781,2.286466121673584,2.787341833114624,11.583138465881348,12.207832336425781,2.286466121673584,2.787341833114624,11.583138465881348,0,0,0,0,0,0.9999991655349731,0.07990290224552155,-0.3184260427951813,0.07869387418031693,-0.31762009859085083,0.3028317987918854,0.04998144134879112,0.3050537705421448,0.05002951994538307,-0.25628799200057983,0.04959491267800331,-0.25667500495910645,0.050022464245557785,0.0,0.0,0.0,0.0,0.0,0.0,0.020880427211523056,-0.04028834030032158,0.00678280321881175,0.003777134930714965,0.03851432353258133,-0.015102834440767765,-0.00857500173151493,0.02238432690501213,0.008073737844824791,0.016049684956669807,-0.012450257316231728,0.004401164595037699,0.0,-0.0,0.0,-0.0,0.0,0.0,0.0,0.0,0.0,0.0,0.0,0.0,0.0,-0.0,0.0,-0.0,0.0,0.0,0.0,0.0,0.0,0.0,0.0,0.0,0.134965717792511,-0.15710830688476562,0.13928383588790894,-0.15407103300094604,0.13638877868652344,0.1497691422700882,0.13452383875846863,0.1492631733417511,0.134965717792511,-0.15710830688476562,0.13928383588790894,-0.15407103300094604,0.13638877868652344,0.1497691422700882,0.13452383875846863,0.1492631733417511,-0.0016772589879110456,-0.013852698728442192,0.019468417391180992,-0.017904143780469894,-0.0474177822470665,0.012228554114699364,-0.049882590770721436,0.04951764643192291,0.30000001192092896,0.30000001192092896,0.30000001192092896,0.30000001192092896,0.0,0.0,1.0,0.0,-0.0,1.0,-0.0,-0.9999998807907104,0.30000001192092896,0.30000001192092896,0.30000001192092896,0.30000001192092896
2.9,0,0.05093676969408989,-0.023199083283543587,-0.00854813028126955,0.2807769775390625,1.0,0.07258925586938858,0.0012976108118891716,0.005351898726075888,1,1,1,1,12.178886413574219,2.33052659034729,2.6983249187469482,11.756925582885742,12.178886413574219,2.33052659034729,2.6983249187469482,11.756925582885742,0,0,0,0,0,0.9999992251396179,0.07990100979804993,-0.3184276521205902,0.07869686186313629,-0.3176170587539673,0.3035871386528015,0.04995984211564064,0.30576178431510925,0.05006125196814537,-0.2555505037307739,0.04950593784451485,-0.25591611862182617,0.04997321218252182,0.0,0.0,0.0,0.0,0.0,0.0,0.02076653577387333,-0.0424334853887558,0.006912894546985626,0.001982493558898568,0.04015212506055832,-0.015112330205738544,-0.008854666724801064,0.02474922686815262,0.007388662546873093,0.015316862612962723,-0.01117496844381094,0.006328420713543892,0.0,-0.0,0.0,-0.0,0.0,0.0,0.0,0.0,0.0,0.0,0.0,0.0,0.0,-0.0,0.0,-0.0,0.0,0.0,0.0,0.0,0.0,0.0,0.0,0.0,0.134965717792511,-0.15710830688476562,0.13928383588790894,-0.15407103300094604,0.13638877868652344,0.1497691422700882,0.13452383875846863,0.1492631733417511,0.134965717792511,-0.15710830688476562,0.13928383588790894,-0.15407103300094604,0.13638877868652344,0.1497691422700882,0.13452383875846863,0.1492631733417511,-0.0016772589879110456,-0.013852698728442192,0.019468417391180992,-0.017904143780469894,-0.0474177822470665,0.012228554114699364,-0.049882590770721436,0.04951764643192291,0.30000001192092896,0.30000001192092896,0.30000001192092896,0.30000001192092896,0.0,0.0,1.0,0.0,-0.0,1.0,-0.0,-0.9999998807907104,0.30000001192092896,0.30000001192092896,0.30000001192092896,0.30000001192092896
2.95,0,0.051715537905693054,-0.023336874321103096,-0.012675835750997066,0.28074347972869873,1.0,0.06662718951702118,0.00026072002947330475,0.005186273250728846,1,1,1,1,12.35877513885498,2.3228232860565186,2.638920783996582,11.6923189163208,12.35877513885498,2.3228232860565186,2.638920783996582,11.6923189163208,0,0,0,0,0,0.9999992847442627,0.07990173250436783,-0.31842660903930664,0.07870683073997498,-0.31760692596435547,0.3043656349182129,0.0499248243868351,0.30649256706237793,0.05008239299058914,-0.25477585196495056,0.049405746161937714,-0.2551393508911133,0.04991108551621437,0.0,0.0,0.0,0.0,0.0,0.0,0.02119208313524723,-0.03600572049617767,0.008342325687408447,0.005981859285384417,0.036386311054229736,-0.013780572451651096,-0.006673013791441917,0.022071363404393196,0.007773168850690126,0.016973279416561127,-0.01387831475585699,0.0012748066801577806,0.0,-0.0,0.0,-0.0,0.0,0.0,0.0,0.0,0.0,0.0,0.0,0.0,0.0,-0.0,0.0,-0.0,0.0,0.0,0.0,0.0,0.0,0.0,0.0,0.0,0.134965717792511,-0.15710830688476562,0.13928383588790894,-0.15407103300094604,0.13638877868652344,0.1497691422700882,0.13452383875846863,0.1492631733417511,0.134965717792511,-0.15710830688476562,0.13928383588790894,-0.15407103300094604,0.13638877868652344,0.1497691422700882,0.13452383875846863,0.1492631733417511,-0.0016772589879110456,-0.013852698728442192,0.019468417391180992,-0.017904143780469894,-0.0474177822470665,0.012228554114699364,-0.049882590770721436,0.04951764643192291,0.30000001192092896,0.30000001192092896,0.30000001192092896,0.30000001192092896,0.0,0.0,1.0,0.0,-0.0,1.0,-0.0,-0.9999998807907104,0.30000001192092896,0.30000001192092896,0.30000001192092896,0.30000001192092896
3.0,0,0.052472073584795,-0.02344351075589657,-0.013695836998522282,0.28072577714920044,1.0,0.06269849091768265,0.001455866266041994,0.005059218965470791,1,1,1,1,12.137730598449707,2.490936040878296,2.8182506561279297,11.482431411743164,12.137730598449707,2.490936040878296,2.8182506561279297,11.482431411743164,0,0,0,0,0,0.9999992847442627,0.07990135252475739,-0.3184267282485962,0.0787167102098465,-0.3175969421863556,0.30513995885849,0.049878429621458054,0.30722400546073914,0.05009356886148453,-0.2540040910243988,0.04929675906896591,-0.2543662488460541,0.04983854293823242,0.0,0.0,0.0,0.0,0.0,0.0,0.0214493777602911,-0.03257416561245918,0.00859890878200531,0.010188033804297447,0.0328480489552021,-0.0137691181153059,-0.007673394866287708,0.018134379759430885,0.008818653412163258,0.01607142761349678,-0.015445307828485966,-0.0011288993991911411,0.0,-0.0,0.0,-0.0,0.0,0.0,0.0,0.0,0.0,0.0,0.0,0.0,0.0,-0.0,0.0,-0.0,0.0,0.0,0.0,0.0,0.0,0.0,0.0,0.0,0.134965717792511,-0.15710830688476562,0.13928383588790894,-0.15407103300094604,0.13638877868652344,0.1497691422700882,0.13452383875846863,0.1492631733417511,0.134965717792511,-0.15710830688476562,0.13928383588790894,-0.15407103300094604,0.13638877868652344,0.1497691422700882,0.13452383875846863,0.1492631733417511,-0.0016772589879110456,-0.013852698728442192,0.019468417391180992,-0.017904143780469894,-0.0474177822470665,0.012228554114699364,-0.049882590770721436,0.04951764643192291,0.30000001192092896,0.30000001192092896,0.30000001192092896,0.30000001192092896,0.0,0.0,1.0,0.0,-0.0,1.0,-0.0,-0.9999998807907104,0.30000001192092896,0.30000001192092896,0.30000001192092896,0.30000001192092896
3.05,0,0.053283050656318665,-0.023608382791280746,-0.013349548913538456,0.2806856036186218,1.0,0.06765877455472946,0.0007716775871813297,0.0048733060248196125,1,1,1,1,12.17785930633545,2.5040783882141113,2.8711254596710205,11.312763214111328,12.17785930633545,2.5040783882141113,2.8711254596710205,11.312763214111328,0,0,0,0,0,0.9999992847442627,0.0799049437046051,-0.3184228837490082,0.07873006165027618,-0.31758344173431396,0.30594420433044434,0.04981619119644165,0.307975172996521,0.05009148269891739,-0.25322067737579346,0.049172621220350266,-0.2535650134086609,0.049750104546546936,0.0,0.0,0.0,0.0,0.0,0.0,0.02153307944536209,-0.03678278252482414,0.009162737987935543,0.00623643584549427,0.03696615248918533,-0.01350031141191721,-0.005647845100611448,0.022752072662115097,0.006943203043192625,0.017276529222726822,-0.013752340339124203,0.0020225606858730316,0.0,-0.0,0.0,-0.0,0.0,0.0,0.0,0.0,0.0,0.0,0.0,0.0,0.0,-0.0,0.0,-0.0,0.0,0.0,0.0,0.0,0.0,0.0,0.0,0.0,0.134965717792511,-0.15710830688476562,0.13928383588790894,-0.15407103300094604,0.13638877868652344,0.1497691422700882,0.13452383875846863,0.1492631733417511,0.134965717792511,-0.15710830688476562,0.13928383588790894,-0.15407103300094604,0.13638877868652344,0.1497691422700882,0.13452383875846863,0.1492631733417511,-0.0016772589879110456,-0.013852698728442192,0.019468417391180992,-0.017904143780469894,-0.0474177822470665,0.012228554114699364,-0.049882590770721436,0.04951764643192291,0.30000001192092896,0.30000001192092896,0.30000001192092896,0.30000001192092896,0.0,0.0,1.0,0.0,-0.0,1.0,-0.0,-0.9999998807907104,0.30000001192092896,0.30000001192092896,0.30000001192092896,0.30000001192092896
3.1,0,0.05407031625509262,-0.02376342937350273,-0.015982193872332573,0.2806597650051117,1.0,0.07411407679319382,0.0012519815936684608,0.004667805973440409,1,1,1,1,12.291398048400879,2.4852559566497803,2.6069159507751465,11.45697021484375,12.291398048400879,2.4852559566497803,2.6069159507751465,11.45697021484375,0,0,0,0,0,0.9999993443489075,0.07990912348031998,-0.3184181749820709,0.0787319764494896,-0.3175814151763916,0.30674752593040466,0.04973968490958214,0.30872517824172974,0.05007869750261307,-0.25244924426078796,0.04903167858719826,-0.2527587413787842,0.049646295607089996,0.0,0.0,0.0,0.0,0.0,0.0,0.021100973710417747,-0.04375161975622177,0.0072058578953146935,0.0015773248160257936,0.041011594235897064,-0.015068273060023785,-0.008285557851195335,0.025540852919220924,0.006889732088893652,0.01540054939687252,-0.010725988075137138,0.007024761289358139,0.0,-0.0,0.0,-0.0,0.0,0.0,0.0,0.0,0.0,0.0,0.0,0.0,0.0,-0.0,0.0,-0.0,0.0,0.0,0.0,0.0,0.0,0.0,0.0,0.0,0.134965717792511,-0.15710830688476562,0.13928383588790894,-0.15407103300094604,0.13638877868652344,0.1497691422700882,0.13452383875846863,0.1492631733417511,0.134965717792511,-0.15710830688476562,0.13928383588790894,-0.15407103300094604,0.13638877868652344,0.1497691422700882,0.13452383875846863,0.1492631733417511,-0.0016772589879110456,-0.013852698728442192,0.019468417391180992,-0.017904143780469894,-0.0474177822470665,0.012228554114699364,-0.049882590770721436,0.04951764643192291,0.30000001192092896,0.30000001192092896,0.30000001192092896,0.30000001192092896,0.0,0.0,1.0,0.0,-0.0,1.0,-0.0,-0.9999998807907104,0.30000001192092896,0.30000001192092896,0.30000001192092896,0.30000001192092896
3.15,0,0.054871831089258194,-0.023922313004732132,-0.015079219825565815,0.2806282937526703,1.0,0.06372880935668945,0.0021512024104595184,0.004472237545996904,1,1,1,1,12.091524124145508,2.6600255966186523,2.6342179775238037,11.327224731445312,12.091524124145508,2.6600255966186523,2.6342179775238037,11.327224731445312,0,0,0,0,0,0.9999993443489075,0.07991135120391846,-0.31841549277305603,0.07873759418725967,-0.31757572293281555,0.3075590431690216,0.04965244606137276,0.3094806671142578,0.05005320906639099,-0.2516714632511139,0.0488802008330822,-0.2519451379776001,0.04952767491340637,0.0,0.0,0.0,0.0,0.0,0.0,0.021598761901259422,-0.0333414301276207,0.008903617970645428,0.008792446926236153,0.03376789391040802,-0.013243732042610645,-0.007681658025830984,0.020995287224650383,0.007976492866873741,0.015419770032167435,-0.014476586133241653,-0.0004234965599607676,0.0,-0.0,0.0,-0.0,0.0,0.0,0.0,0.0,0.0,0.0,0.0,0.0,0.0,-0.0,0.0,-0.0,0.0,0.0,0.0,0.0,0.0,0.0,0.0,0.0,0.134965717792511,-0.15710830688476562,0.13928383588790894,-0.15407103300094604,0.13638877868652344,0.1497691422700882,0.13452383875846863,0.1492631733417511,0.134965717792511,-0.15710830688476562,0.13928383588790894,-0.15407103300094604,0.13638877868652344,0.1497691422700882,0.13452383875846863,0.1492631733417511,-0.0016772589879110456,-0.013852698728442192,0.019468417391180992,-0.017904143780469894,-0.0474177822470665,0.012228554114699364,-0.049882590770721436,0.04951764643192291,0.30000001192092896,0.30000001192092896,0.30000001192092896,0.30000001192092896,0.0,0.0,1.0,0.0,-0.0,1.0,-0.0,-0.9999998807907104,0.30000001192092896,0.30000001192092896,0.30000001192092896,0.30000001192092896
3.2,0,0.055675946176052094,-0.02407299354672432,-0.013964498415589333,0.2805987596511841,1.0,0.06533633172512054,0.0017336285673081875,0.0042855991050601006,1,1,1,1,11.725761413574219,2.973900079727173,2.9991002082824707,10.869757652282715,11.725761413574219,2.973900079727173,2.9991002082824707,10.869757652282715,0,0,0,0,0,0.9999994039535522,0.07991497218608856,-0.31841138005256653,0.07874708622694016,-0.3175661563873291,0.3083813190460205,0.04954897239804268,0.31024169921875,0.05001591518521309,-0.25088733434677124,0.04871540889143944,-0.25113195180892944,0.049396708607673645,0.0,0.0,0.0,0.0,0.0,0.0,0.02089199237525463,-0.0354253314435482,0.00869388971477747,0.008219321258366108,0.034625764936208725,-0.014581630006432533,-0.007383177988231182,0.0203713271766901,0.008230850100517273,0.016739392653107643,-0.014276795089244843,0.0011893169721588492,0.0,-0.0,0.0,-0.0,0.0,0.0,0.0,0.0,0.0,0.0,0.0,0.0,0.0,-0.0,0.0,-0.0,0.0,0.0,0.0,0.0,0.0,0.0,0.0,0.0,0.134965717792511,-0.15710830688476562,0.13928383588790894,-0.15407103300094604,0.13638877868652344,0.1497691422700882,0.13452383875846863,0.1492631733417511,0.134965717792511,-0.15710830688476562,0.13928383588790894,-0.15407103300094604,0.13638877868652344,0.1497691422700882,0.13452383875846863,0.1492631733417511,-0.0016772589879110456,-0.013852698728442192,0.019468417391180992,-0.017904143780469894,-0.0474177822470665,0.012228554114699364,-0.049882590770721436,0.04951764643192291,0.30000001192092896,0.30000001192092896,0.30000001192092896,0.30000001192092896,0.0,0.0,1.0,0.0,-0.0,1.0,-0.0,-0.9999998807907104,0.30000001192092896,0.30000001192092896,0.30000001192092896,0.30000001192092896
3.25,0,0.05647473782300949,-0.02398315817117691,-0.0013025340158492327,0.2805796265602112,1.0,0.08007139712572098,0.0011283308267593384,0.004258143715560436,1,1,1,1,10.411470413208008,4.235902786254883,4.534700870513916,9.536052703857422,10.411470413208008,4.235902786254883,4.534700870513916,9.536052703857422,0,0,0,0,0,0.9999993443489075,0.07991261780261993,-0.3184136748313904,0.07874145358800888,-0.3175716996192932,0.30920299887657166,0.04942883178591728,0.3110259771347046,0.049967508763074875,-0.25016072392463684,0.048737119883298874,-0.25030019879341125,0.04925539717078209,0.0,0.0,0.0,0.0,0.0,0.0,0.02098359353840351,-0.04836713522672653,0.0041991835460066795,-0.0022789041977375746,0.04339657351374626,-0.014737194404006004,-0.01233713235706091,0.03162373602390289,0.004462853539735079,0.01227931585162878,-0.010369956493377686,0.00882966909557581,0.0,-0.0,0.0,-0.0,0.0,0.0,0.0,0.0,0.0,0.0,0.0,0.0,0.0,-0.0,0.0,-0.0,0.0,0.0,0.0,0.0,0.0,0.0,0.0,0.0,0.134965717792511,-0.15710830688476562,0.13928383588790894,-0.15407103300094604,0.13638877868652344,0.1497691422700882,0.13452383875846863,0.1492631733417511,0.134965717792511,-0.15710830688476562,0.13928383588790894,-0.15407103300094604,0.13638877868652344,0.1497691422700882,0.13452383875846863,0.1492631733417511,-0.0016772589879110456,-0.013852698728442192,0.019468417391180992,-0.017904143780469894,-0.0474177822470665,0.012228554114699364,-0.049882590770721436,0.04951764643192291,0.30000001192092896,0.30000001192092896,0.30000001192092896,0.30000001192092896,0.0,0.0,1.0,0.0,-0.0,1.0,-0.0,-0.9999998807907104,0.30000001192092896,0.30000001192092896,0.30000001192092896,0.30000001192092896
3.3,0,0.05729151517152786,-0.023827482014894485,-0.001934356871061027,0.2805640399456024,1.0,0.07161077111959457,0.0010950462892651558,0.004311219789087772,1,1,1,1,9.948295593261719,4.802186489105225,5.061551094055176,8.97464656829834,9.948295593261719,4.802186489105225,5.061551094055176,8.97464656829834,0,0,0,0,0,0.9999992847442627,0.07990481704473495,-0.3184218108654022,0.07873405516147614,-0.3175789713859558,0.31002891063690186,0.04929659515619278,0.3118329346179962,0.049908921122550964,-0.24943971633911133,0.04880746454000473,-0.24945922195911407,0.04909657686948776,0.0,0.0,0.0,0.0,0.0,0.0,0.021230418235063553,-0.04082198813557625,0.00536758778616786,0.002671874361112714,0.038667574524879456,-0.01374928466975689,-0.01007591187953949,0.027218777686357498,0.005588487256318331,0.014799045398831367,-0.013837667182087898,0.002579375868663192,0.0,-0.0,0.0,-0.0,0.0,0.0,0.0,0.0,0.0,0.0,0.0,0.0,0.0,-0.0,0.0,-0.0,0.0,0.0,0.0,0.0,0.0,0.0,0.0,0.0,0.134965717792511,-0.15710830688476562,0.13928383588790894,-0.15407103300094604,0.13638877868652344,0.1497691422700882,0.13452383875846863,0.1492631733417511,0.134965717792511,-0.15710830688476562,0.13928383588790894,-0.15407103300094604,0.13638877868652344,0.1497691422700882,0.13452383875846863,0.1492631733417511,-0.0016772589879110456,-0.013852698728442192,0.019468417391180992,-0.017904143780469894,-0.0474177822470665,0.012228554114699364,-0.049882590770721436,0.04951764643192291,0.30000001192092896,0.30000001192092896,0.30000001192092896,0.30000001192092896,0.0,0.0,1.0,0.0,-0.0,1.0,-0.0,-0.9999998807907104,0.30000001192092896,0.30000001192092896,0.30000001192092896,0.30000001192092896
3.35,0,0.05806182324886322,-0.023629866540431976,-0.0031251756008714437,0.2805674076080322,1.0,0.074178047478199,0.000625616405159235,0.00438157981261611,1,1,1,1,11.116728782653809,3.292167901992798,3.5861244201660156,10.811856269836426,11.116728782653809,3.292167901992798,3.5861244201660156,10.811856269836426,0,0,0,0,0,0.9999992847442627,0.07989561557769775,-0.3184313178062439,0.0787295401096344,-0.3175835609436035,0.3108213543891907,0.049188751727342606,0.3126184642314911,0.049838706851005554,-0.24872706830501556,0.04886843264102936,-0.2486831694841385,0.049025051295757294,0.0,0.0,0.0,0.0,0.0,0.0,0.021581275388598442,-0.04305505380034447,0.005496665369719267,0.00011413823813199997,0.041044700890779495,-0.013208220712840557,-0.00872346106916666,0.028652366250753403,0.004494704771786928,0.014237598516047001,-0.012676078826189041,0.003590415697544813,0.0,-0.0,0.0,-0.0,0.0,0.0,0.0,0.0,0.0,0.0,0.0,0.0,0.0,-0.0,0.0,-0.0,0.0,0.0,0.0,0.0,0.0,0.0,0.0,0.0,0.134965717792511,-0.15710830688476562,0.13928383588790894,-0.15407103300094604,0.13638877868652344,0.1497691422700882,0.13452383875846863,0.1492631733417511,0.134965717792511,-0.15710830688476562,0.13928383588790894,-0.15407103300094604,0.13638877868652344,0.1497691422700882,0.13452383875846863,0.1492631733417511,-0.0016772589879110456,-0.013852698728442192,0.019468417391180992,-0.017904143780469894,-0.0474177822470665,0.012228554114699364,-0.049882590770721436,0.04951764643192291,0.30000001192092896,0.30000001192092896,0.30000001192092896,0.30000001192092896,0.0,0.0,1.0,0.0,-0.0,1.0,-0.0,-0.9999998807907104,0.30000001192092896,0.30000001192092896,0.30000001192092896,0.30000001192092896
3.4,0,0.0586095005273819,-0.02344493567943573,-0.004531077109277248,0.28065410256385803,1.0,0.08426570892333984,0.002171812579035759,0.004746285732835531,1,1,1,1,11.67946720123291,2.4143128395080566,2.8320698738098145,11.878003120422363,11.67946720123291,2.4143128395080566,2.8320698738098145,11.878003120422363,0,0,0,0,0,0.9999993443489075,0.07987340539693832,-0.3184540271759033,0.07871165871620178,-0.3176019489765167,0.31143873929977417,0.04928554221987724,0.3132886588573456,0.04976939037442207,-0.2480534166097641,0.04891505837440491,-0.24808979034423828,0.04915037006139755,0.0,0.0,0.0,0.0,0.0,0.0,0.02242630533874035,-0.05118677392601967,0.007885731756687164,-0.002088060136884451,0.047047048807144165,-0.013987414538860321,-0.008111732080578804,0.032304201275110245,0.002343389205634594,0.01223229430615902,-0.0091518834233284,0.012402733787894249,0.0,-0.0,0.0,-0.0,0.0,0.0,0.0,0.0,0.0,0.0,0.0,0.0,0.0,-0.0,0.0,-0.0,0.0,0.0,0.0,0.0,0.0,0.0,0.0,0.0,0.134965717792511,-0.15710830688476562,0.13928383588790894,-0.15407103300094604,0.13638877868652344,0.1497691422700882,0.13452383875846863,0.1492631733417511,0.134965717792511,-0.15710830688476562,0.13928383588790894,-0.15407103300094604,0.13638877868652344,0.1497691422700882,0.13452383875846863,0.1492631733417511,-0.0016772589879110456,-0.013852698728442192,0.019468417391180992,-0.017904143780469894,-0.0474177822470665,0.012228554114699364,-0.049882590770721436,0.04951764643192291,0.30000001192092896,0.30000001192092896,0.30000001192092896,0.30000001192092896,0.0,0.0,1.0,0.0,-0.0,1.0,-0.0,-0.9999998807907104,0.30000001192092896,0.30000001192092896,0.30000001192092896,0.30000001192092896
3.4499999999999997,0,0.05920926481485367,-0.023290473967790604,-0.00692242756485939,0.28070420026779175,1.0,0.0823805183172226,-0.00028098374605178833,0.005091514904052019,1,1,1,1,12.187562942504883,2.0080957412719727,2.3773672580718994,12.355661392211914,12.187562942504883,2.0080957412719727,2.3773672580718994,12.355661392211914,0,0,0,0,0,0.9999994039535522,0.07985097914934158,-0.31847667694091797,0.07869689911603928,-0.31761717796325684,0.3120710849761963,0.04937683418393135,0.31396248936653137,0.0496886670589447,-0.24733994901180267,0.048954375088214874,-0.24748794734477997,0.049271129071712494,0.0,0.0,0.0,0.0,0.0,0.0,0.02135957032442093,-0.05118425562977791,0.00636679120361805,-0.000531202123966068,0.045402612537145615,-0.016303153708577156,-0.010062597692012787,0.02824433147907257,0.004907824099063873,0.013278087601065636,-0.009672747924923897,0.012228166684508324,0.0,-0.0,0.0,-0.0,0.0,0.0,0.0,0.0,0.0,0.0,0.0,0.0,0.0,-0.0,0.0,-0.0,0.0,0.0,0.0,0.0,0.0,0.0,0.0,0.0,0.134965717792511,-0.15710830688476562,0.13928383588790894,-0.15407103300094604,0.13638877868652344,0.1497691422700882,0.13452383875846863,0.1492631733417511,0.134965717792511,-0.15710830688476562,0.13928383588790894,-0.15407103300094604,0.13638877868652344,0.1497691422700882,0.13452383875846863,0.1492631733417511,-0.0016772589879110456,-0.013852698728442192,0.019468417391180992,-0.017904143780469894,-0.0474177822470665,0.012228554114699364,-0.049882590770721436,0.04951764643192291,0.30000001192092896,0.30000001192092896,0.30000001192092896,0.30000001192092896,0.0,0.0,1.0,0.0,-0.0,1.0,-0.0,-0.9999998807907104,0.30000001192092896,0.30000001192092896,0.30000001192092896,0.30000001192092896
3.5,0,0.05984269827604294,-0.023184759542346,-0.008283527567982674,0.2788091003894806,1.0,0.08310174196958542,-0.0005251104012131691,0.00541083887219429,1,1,1,1,12.763450622558594,1.3496458530426025,1.7040857076644897,12.976090431213379,12.763450622558594,1.3496458530426025,1.7040857076644897,12.976090431213379,0,0,0,0,0,0.9999994039535522,0.07983165234327316,-0.31849604845046997,0.07867980748414993,-0.31763479113578796,0.3127155303955078,0.04946180805563927,0.3146381378173828,0.04959545284509659,-0.2466154396533966,0.04898301512002945,-0.24688038229942322,0.049386002123355865,0.0,0.0,0.0,0.0,0.0,0.0,0.020295236259698868,-0.052931979298591614,0.0056019737385213375,0.0003993855498265475,0.04503311961889267,-0.018540261313319206,-0.01113316509872675,0.025020640343427658,0.006089128088206053,0.01412555668503046,-0.009531885385513306,0.014542979188263416,0.0,-0.0,0.0,-0.0,0.0,0.0,0.0,0.0,0.0,0.0,0.0,0.0,0.0,-0.0,0.0,-0.0,0.0,0.0,0.0,0.0,0.0,0.0,0.0,0.0,0.134965717792511,-0.15710830688476562,0.13928383588790894,-0.15407103300094604,0.13638877868652344,0.1497691422700882,0.13452383875846863,0.1492631733417511,0.134965717792511,-0.15710830688476562,0.13928383588790894,-0.15407103300094604,0.13638877868652344,0.1497691422700882,0.13452383875846863,0.1492631733417511,-0.0016772589879110456,-0.013852698728442192,0.019468417391180992,-0.017904143780469894,-0.0474177822470665,0.012228554114699364,-0.049882590770721436,0.04951764643192291,0.30000001192092896,0.30000001192092896,0.30000001192092896,0.30000001192092896,0.0,0.0,1.0,0.0,-0.0,1.0,-0.0,-0.9999998807907104,0.30000001192092896,0.30000001192092896,0.30000001192092896,0.30000001192092896
3.55,0,0.060483142733573914,-0.02309957891702652,-0.009161381982266903,0.27881038188934326,1.0,0.07666996866464615,-0.001293071312829852,0.0056940708309412,1,1,1,1,13.160728454589844,0.9687402844429016,1.2990140914916992,13.377330780029297,13.160728454589844,0.9687402844429016,1.2990140914916992,13.377330780029297,0,0,0,0,0,0.9999993443489075,0.07981409132480621,-0.31851324439048767,0.0786762684583664,-0.31763872504234314,0.31336426734924316,0.049539778381586075,0.3152715861797333,0.049489930272102356,-0.2458866685628891,0.049002304673194885,-0.24627861380577087,0.04949108883738518,0.0,0.0,0.0,0.0,0.0,0.0,0.019927119836211205,-0.048096898943185806,0.005854303017258644,0.0029526131693273783,0.041019879281520844,-0.018057934939861298,-0.01285474468022585,0.022671278566122055,0.007158004678785801,0.011827454902231693,-0.010018700733780861,0.012059859931468964,0.0,-0.0,0.0,-0.0,0.0,0.0,0.0,0.0,0.0,0.0,0.0,0.0,0.0,-0.0,0.0,-0.0,0.0,0.0,0.0,0.0,0.0,0.0,0.0,0.0,0.134965717792511,-0.15710830688476562,0.13928383588790894,-0.15407103300094604,0.13638877868652344,0.1497691422700882,0.13452383875846863,0.1492631733417511,0.134965717792511,-0.15710830688476562,0.13928383588790894,-0.15407103300094604,0.13638877868652344,0.1497691422700882,0.13452383875846863,0.1492631733417511,-0.0016772589879110456,-0.013852698728442192,0.019468417391180992,-0.017904143780469894,-0.0474177822470665,0.012228554114699364,-0.049882590770721436,0.04951764643192291,0.30000001192092896,0.30000001192092896,0.30000001192092896,0.30000001192092896,0.0,0.0,1.0,0.0,-0.0,1.0,-0.0,-0.9999998807907104,0.30000001192092896,0.30000001192092896,0.30000001192092896,0.30000001192092896
3.6,0,0.06112102419137955,-0.02301938086748123,-0.011163435876369476,0.2788124978542328,1.0,0.08668393641710281,-0.0006772959604859352,0.005944801494479179,1,1,1,1,13.658222198486328,0.5226311683654785,0.9496471881866455,13.79796314239502,13.658222198486328,0.5226311683654785,0.9496471881866455,13.79796314239502,0,0,0,0,0,0.9999992847442627,0.07979544997215271,-0.3185310661792755,0.07865695655345917,-0.31765860319137573,0.31401148438453674,0.049609679728746414,0.3158739507198334,0.049370333552360535,-0.24516606330871582,0.049010735005140305,-0.2456740140914917,0.04958834871649742,0.0,0.0,0.0,0.0,0.0,0.0,0.019055593758821487,-0.05576354265213013,0.003823349252343178,-0.0027224025689065456,0.046693455427885056,-0.020205305889248848,-0.012784259393811226,0.02575196512043476,0.008530309423804283,0.014968589879572392,-0.007982409559190273,0.015611180104315281,0.0,-0.0,0.0,-0.0,0.0,0.0,0.0,0.0,0.0,0.0,0.0,0.0,0.0,-0.0,0.0,-0.0,0.0,0.0,0.0,0.0,0.0,0.0,0.0,0.0,0.134965717792511,-0.15710830688476562,0.13928383588790894,-0.15407103300094604,0.13638877868652344,0.1497691422700882,0.13452383875846863,0.1492631733417511,0.134965717792511,-0.15710830688476562,0.13928383588790894,-0.15407103300094604,0.13638877868652344,0.1497691422700882,0.13452383875846863,0.1492631733417511,-0.0016772589879110456,-0.013852698728442192,0.019468417391180992,-0.017904143780469894,-0.0474177822470665,0.012228554114699364,-0.049882590770721436,0.04951764643192291,0.30000001192092896,0.30000001192092896,0.30000001192092896,0.30000001192092896,0.0,0.0,1.0,0.0,-0.0,1.0,-0.0,-0.9999998807907104,0.30000001192092896,0.30000001192092896,0.30000001192092896,0.30000001192092896
3.65,0,0.06175999343395233,-0.022937117144465446,-0.010141905397176743,0.2788203954696655,1.0,0.08449013531208038,-0.0003690202720463276,0.00617594737559557,1,1,1,1,14.090714454650879,0.0,0.5000537633895874,14.246063232421875,14.090714454650879,0.0,0.5000537633895874,14.246063232421875,0,0,0,0,0,0.9999992847442627,0.07978092133998871,-0.31854447722435,0.0786399096250534,-0.3176760971546173,0.3146645128726959,0.04967234283685684,0.3164530098438263,0.049237869679927826,-0.2444431036710739,0.049009665846824646,-0.24507272243499756,0.049677472561597824,0.0,0.0,0.0,0.0,0.0,0.0,0.0187998004257679,-0.05375166982412338,0.003248626133427024,-0.0024161143228411674,0.04569905251264572,-0.019987789914011955,-0.013630523346364498,0.02532767690718174,0.009671788662672043,0.014728007838129997,-0.008493264205753803,0.013480604626238346,0.0,-0.0,0.0,-0.0,0.0,0.0,0.0,0.0,0.0,0.0,0.0,0.0,0.0,-0.0,0.0,-0.0,0.0,0.0,0.0,0.0,0.0,0.0,0.0,0.0,0.134965717792511,-0.15710830688476562,0.13928383588790894,-0.15407103300094604,0.13638877868652344,0.1497691422700882,0.13452383875846863,0.1492631733417511,0.134965717792511,-0.15710830688476562,0.13928383588790894,-0.15407103300094604,0.13638877868652344,0.1497691422700882,0.13452383875846863,0.1492631733417511,-0.0016772589879110456,-0.013852698728442192,0.019468417391180992,-0.017904143780469894,-0.0474177822470665,0.012228554114699364,-0.049882590770721436,0.04951764643192291,0.30000001192092896,0.30000001192092896,0.30000001192092896,0.30000001192092896,0.0,0.0,1.0,0.0,-0.0,1.0,-0.0,-0.9999998807907104,0.30000001192092896,0.30000001192092896,0.30000001192092896,0.30000001192092896
3.6999999999999997,0,0.06243758648633957,-0.022872984409332275,-0.009978710673749447,0.2788069546222687,1.0,0.0911131352186203,-0.0014296097215265036,0.006423123646527529,1,1,1,1,14.40447998046875,0.0,0.0,14.815801620483398,14.40447998046875,0.0,0.0,14.815801620483398,0,0,0,0,0,0.9999992251396179,0.07976681739091873,-0.31855762004852295,0.07862327247858047,-0.3176930844783783,0.31533217430114746,0.04972736909985542,0.3170860707759857,0.049109622836112976,-0.24367038905620575,0.0489952489733696,-0.2444567084312439,0.049761898815631866,0.0,0.0,0.0,0.0,0.0,0.0,0.021640170365571976,-0.05812088027596474,0.006990980822592974,-0.0024684767704457045,0.05030933395028114,-0.017105832695961,-0.007636300288140774,0.02990543283522129,0.0058278110809624195,0.01681329496204853,-0.008567816577851772,0.015295696444809437,0.0,-0.0,0.0,-0.0,0.0,0.0,0.0,0.0,0.0,0.0,0.0,0.0,0.0,-0.0,0.0,-0.0,0.0,0.0,0.0,0.0,0.0,0.0,0.0,0.0,0.134965717792511,-0.15710830688476562,0.13928383588790894,-0.15407103300094604,0.13638877868652344,0.1497691422700882,0.13452383875846863,0.1492631733417511,0.134965717792511,-0.15710830688476562,0.13928383588790894,-0.15407103300094604,0.13638877868652344,0.1497691422700882,0.13452383875846863,0.1492631733417511,-0.0016772589879110456,-0.013852698728442192,0.019468417391180992,-0.017904143780469894,-0.0474177822470665,0.012228554114699364,-0.049882590770721436,0.04951764643192291,0.30000001192092896,0.30000001192092896,0.30000001192092896,0.30000001192092896,0.0,0.0,1.0,0.0,-0.0,1.0,-0.0,-0.9999998807907104,0.30000001192092896,0.30000001192092896,0.30000001192092896,0.30000001192092896
3.75,0,0.06311234831809998,-0.022899014875292778,-0.010315348394215107,0.27880430221557617,1.0,0.07128193229436874,-0.00010909931734204292,0.006450044456869364,1,1,1,1,13.692630767822266,0.0,1.132899522781372,13.379244804382324,13.692630767822266,0.0,1.132899522781372,13.379244804382324,0,0,0,0,0,0.9999992251396179,0.07975742220878601,-0.3185667395591736,0.07862588763237,-0.31769031286239624,0.315998375415802,0.049776121973991394,0.3177283704280853,0.04911833256483078,-0.24292589724063873,0.04897347837686539,-0.2438436597585678,0.04983561486005783,0.0,0.0,0.0,0.0,0.0,0.0,0.0216211024671793,-0.039398957043886185,0.006378716789186001,0.009045504033565521,0.03854740411043167,-0.01488952524960041,-0.011554068885743618,0.022072190418839455,0.010035669431090355,0.015944253653287888,-0.0159013494849205,0.0016700722044333816,0.0,-0.0,0.0,-0.0,0.0,0.0,0.0,0.0,0.0,0.0,0.0,0.0,0.0,-0.0,0.0,-0.0,0.0,0.0,0.0,0.0,0.0,0.0,0.0,0.0,0.134965717792511,-0.15710830688476562,0.13928383588790894,-0.15407103300094604,0.13638877868652344,0.1497691422700882,0.13452383875846863,0.1492631733417511,0.134965717792511,-0.15710830688476562,0.13928383588790894,-0.15407103300094604,0.13638877868652344,0.1497691422700882,0.13452383875846863,0.1492631733417511,-0.0016772589879110456,-0.013852698728442192,0.019468417391180992,-0.017904143780469894,-0.0474177822470665,0.012228554114699364,-0.049882590770721436,0.04951764643192291,0.30000001192092896,0.30000001192092896,0.30000001192092896,0.30000001192092896,0.0,0.0,1.0,0.0,-0.0,1.0,-0.0,-0.9999998807907104,0.30000001192092896,0.30000001192092896,0.30000001192092896,0.30000001192092896
3.8,0,0.06380929052829742,-0.0230209119617939,-0.01713702455163002,0.2788074314594269,1.0,0.07348127663135529,-0.0021524939220398664,0.006288439501076937,1,1,1,1,13.324870109558105,0.7606827616691589,0.6971002221107483,13.680258750915527,13.324870109558105,0.7606827616691589,0.6971002221107483,13.680258750915527,0,0,0,0,0,0.9999992847442627,0.07976505905389786,-0.31855952739715576,0.07864444702863693,-0.3176712393760681,0.3166849911212921,0.04982201009988785,0.3184167146682739,0.049253761768341064,-0.24220100045204163,0.04894411191344261,-0.24320724606513977,0.04989604651927948,0.0,0.0,0.0,0.0,0.0,0.0,0.01762031577527523,-0.04575077071785927,0.005459362640976906,0.0039277044124901295,0.039005544036626816,-0.020574018359184265,-0.01202686969190836,0.015511098317801952,0.013610652647912502,0.015946613624691963,-0.009123625233769417,0.009894980117678642,0.0,-0.0,0.0,-0.0,0.0,0.0,0.0,0.0,0.0,0.0,0.0,0.0,0.0,-0.0,0.0,-0.0,0.0,0.0,0.0,0.0,0.0,0.0,0.0,0.0,0.134965717792511,-0.15710830688476562,0.13928383588790894,-0.15407103300094604,0.13638877868652344,0.1497691422700882,0.13452383875846863,0.1492631733417511,0.134965717792511,-0.15710830688476562,0.13928383588790894,-0.15407103300094604,0.13638877868652344,0.1497691422700882,0.13452383875846863,0.1492631733417511,-0.0016772589879110456,-0.013852698728442192,0.019468417391180992,-0.017904143780469894,-0.0474177822470665,0.012228554114699364,-0.049882590770721436,0.04951764643192291,0.30000001192092896,0.30000001192092896,0.30000001192092896,0.30000001192092896,0.0,0.0,1.0,0.0,-0.0,1.0,-0.0,-0.9999998807907104,0.30000001192092896,0.30000001192092896,0.30000001192092896,0.30000001192092896
3.85,0,0.06447277218103409,-0.023132478818297386,-0.016859151422977448,0.27881643176078796,1.0,0.07202484458684921,0.0007458250038325787,0.006064887624233961,1,1,1,1,13.773122787475586,0.46481630206108093,0.9877375960350037,13.4710054397583,13.773122787475586,0.46481630206108093,0.9877375960350037,13.4710054397583,0,0,0,0,0,0.9999992847442627,0.07977432757616043,-0.3185502588748932,0.07865814119577408,-0.3176572918891907,0.3173529803752899,0.049855172634124756,0.31907379627227783,0.049379847943782806,-0.24150735139846802,0.04889891296625137,-0.24251282215118408,0.04994599521160126,0.0,0.0,0.0,0.0,0.0,0.0,0.017655447125434875,-0.04419955238699913,0.005133436992764473,0.0034324615262448788,0.038354966789484024,-0.020152563229203224,-0.013274994678795338,0.01734534651041031,0.012535220943391323,0.01404291857033968,-0.009020758792757988,0.009700685739517212,0.0,-0.0,0.0,-0.0,0.0,0.0,0.0,0.0,0.0,0.0,0.0,0.0,0.0,-0.0,0.0,-0.0,0.0,0.0,0.0,0.0,0.0,0.0,0.0,0.0,0.134965717792511,-0.15710830688476562,0.13928383588790894,-0.15407103300094604,0.13638877868652344,0.1497691422700882,0.13452383875846863,0.1492631733417511,0.134965717792511,-0.15710830688476562,0.13928383588790894,-0.15407103300094604,0.13638877868652344,0.1497691422700882,0.13452383875846863,0.1492631733417511,-0.0016772589879110456,-0.013852698728442192,0.019468417391180992,-0.017904143780469894,-0.0474177822470665,0.012228554114699364,-0.049882590770721436,0.04951764643192291,0.30000001192092896,0.30000001192092896,0.30000001192092896,0.30000001192092896,0.0,0.0,1.0,0.0,-0.0,1.0,-0.0,-0.9999998807907104,0.30000001192092896,0.30000001192092896,0.30000001192092896,0.30000001192092896
3.9,0,0.06516281515359879,-0.023268239572644234,-0.013276692479848862,0.2788347899913788,1.0,0.08083722740411758,0.0004904270172119141,0.005878053139895201,1,1,1,1,13.349153518676758,0.8117103576660156,0.48665934801101685,14.047204971313477,13.349153518676758,0.8117103576660156,0.48665934801101685,14.047204971313477,0,0,0,0,0,0.9999993443489075,0.07977836579084396,-0.3185465335845947,0.07868197560310364,-0.31763312220573425,0.31804558634757996,0.04988120496273041,0.31975507736206055,0.04949325695633888,-0.2408064305782318,0.0488484688103199,-0.24187862873077393,0.049989618360996246,0.0,0.0,0.0,0.0,0.0,0.0,0.016674306243658066,-0.051325950771570206,0.004952282644808292,-0.0014212238602340221,0.04353771731257439,-0.02184106409549713,-0.00929857138544321,0.019133567810058594,0.0126122385263443,0.01982632279396057,-0.007564315106719732,0.012697815895080566,0.0,-0.0,0.0,-0.0,0.0,0.0,0.0,0.0,0.0,0.0,0.0,0.0,0.0,-0.0,0.0,-0.0,0.0,0.0,0.0,0.0,0.0,0.0,0.0,0.0,0.134965717792511,-0.15710830688476562,0.13928383588790894,-0.15407103300094604,0.13638877868652344,0.1497691422700882,0.13452383875846863,0.1492631733417511,0.134965717792511,-0.15710830688476562,0.13928383588790894,-0.15407103300094604,0.13638877868652344,0.1497691422700882,0.13452383875846863,0.1492631733417511,-0.0016772589879110456,-0.013852698728442192,0.019468417391180992,-0.017904143780469894,-0.0474177822470665,0.012228554114699364,-0.049882590770721436,0.04951764643192291,0.30000001192092896,0.30000001192092896,0.30000001192092896,0.30000001192092896,0.0,0.0,1.0,0.0,-0.0,1.0,-0.0,-0.9999998807907104,0.30000001192092896,0.30000001192092896,0.30000001192092896,0.30000001192092896
3.9499999999999997,0,0.06586380302906036,-0.023419329896569252,-0.016297807916998863,0.2788386940956116,1.0,0.06471830606460571,9.524216875433922e-05,0.0056388285011053085,1,1,1,1,13.60874080657959,0.6653372645378113,0.2878950834274292,14.406597137451172,13.60874080657959,0.6653372645378113,0.2878950834274292,14.406597137451172,0,0,0,0,0,0.9999993443489075,0.07978831231594086,-0.31853654980659485,0.07869041711091995,-0.3176240026950836,0.31873610615730286,0.04989511892199516,0.3204403817653656,0.04959990456700325,-0.24010029435157776,0.048783790320158005,-0.2412225604057312,0.050022803246974945,0.0,0.0,0.0,0.0,0.0,0.0,0.017215093597769737,-0.038184378296136856,0.006571947131305933,0.01027479488402605,0.03189898282289505,-0.020457278937101364,-0.013704326935112476,0.010427658446133137,0.014344981871545315,0.013696238398551941,-0.010908635333180428,0.006351159419864416,0.0,-0.0,0.0,-0.0,0.0,0.0,0.0,0.0,0.0,0.0,0.0,0.0,0.0,-0.0,0.0,-0.0,0.0,0.0,0.0,0.0,0.0,0.0,0.0,0.0,0.134965717792511,-0.15710830688476562,0.13928383588790894,-0.15407103300094604,0.13638877868652344,0.1497691422700882,0.13452383875846863,0.1492631733417511,0.134965717792511,-0.15710830688476562,0.13928383588790894,-0.15407103300094604,0.13638877868652344,0.1497691422700882,0.13452383875846863,0.1492631733417511,-0.0016772589879110456,-0.013852698728442192,0.019468417391180992,-0.017904143780469894,-0.0474177822470665,0.012228554114699364,-0.049882590770721436,0.04951764643192291,0.30000001192092896,0.30000001192092896,0.30000001192092896,0.30000001192092896,0.0,0.0,1.0,0.0,-0.0,1.0,-0.0,-0.9999998807907104,0.30000001192092896,0.30000001192092896,0.30000001192092896,0.30000001192092896
4.0,0,0.06656180322170258,-0.023461144417524338,-0.004707994870841503,0.27885034680366516,1.0,0.08372466266155243,-0.00022614933550357819,0.005475184880197048,1,1,1,1,12.653976440429688,1.3475735187530518,1.582018256187439,12.908202171325684,12.653976440429688,1.3475735187530518,1.582018256187439,12.908202171325684,0,0,0,0,0,0.9999994039535522,0.07979226112365723,-0.3185328543186188,0.07870245724916458,-0.31761130690574646,0.3194398880004883,0.049896761775016785,0.32114294171333313,0.04969637095928192,-0.239400252699852,0.04878705367445946,-0.2405625879764557,0.05005502328276634,0.0,0.0,0.0,0.0,0.0,0.0,0.018142061308026314,-0.054146017879247665,0.00469707977026701,0.00013376562856137753,0.04441088065505028,-0.02158220484852791,-0.01240643858909607,0.02132049761712551,0.011702075600624084,0.016409458592534065,-0.0072961715050041676,0.014858292415738106,0.0,-0.0,0.0,-0.0,0.0,0.0,0.0,0.0,0.0,0.0,0.0,0.0,0.0,-0.0,0.0,-0.0,0.0,0.0,0.0,0.0,0.0,0.0,0.0,0.0,0.134965717792511,-0.15710830688476562,0.13928383588790894,-0.15407103300094604,0.13638877868652344,0.1497691422700882,0.13452383875846863,0.1492631733417511,0.134965717792511,-0.15710830688476562,0.13928383588790894,-0.15407103300094604,0.13638877868652344,0.1497691422700882,0.13452383875846863,0.1492631733417511,-0.0016772589879110456,-0.013852698728442192,0.019468417391180992,-0.017904143780469894,-0.0474177822470665,0.012228554114699364,-0.049882590770721436,0.04951764643192291,0.30000001192092896,0.30000001192092896,0.30000001192092896,0.30000001192092896,0.0,0.0,1.0,0.0,-0.0,1.0,-0.0,-0.9999998807907104,0.30000001192092896,0.30000001192092896,0.30000001192092896,0.30000001192092896
4.05,0,0.06728003919124603,-0.023338882252573967,-0.0024153392296284437,0.27881765365600586,1.0,0.08467727154493332,-0.0021730305161327124,0.005488802213221788,1,1,1,1,12.641938209533691,1.7381547689437866,2.358490228652954,12.705121994018555,12.641938209533691,1.7381547689437866,2.358490228652954,12.705121994018555,0,0,0,0,0,0.9999993443489075,0.07979126274585724,-0.3185344338417053,0.07871483266353607,-0.3175986111164093,0.320128858089447,0.04992908239364624,0.32185685634613037,0.049785733222961426,-0.23870059847831726,0.048926278948783875,-0.2398318350315094,0.05007752776145935,0.0,0.0,0.0,0.0,0.0,0.0,0.020078251138329506,-0.05355868861079216,0.005060768220573664,-0.0007653593202121556,0.04623596742749214,-0.01805853098630905,-0.00891001895070076,0.02749566361308098,0.004688567947596312,0.016908179968595505,-0.010861319489777088,0.012135149911046028,0.0,-0.0,0.0,-0.0,0.0,0.0,0.0,0.0,0.0,0.0,0.0,0.0,0.0,-0.0,0.0,-0.0,0.0,0.0,0.0,0.0,0.0,0.0,0.0,0.0,0.134965717792511,-0.15710830688476562,0.13928383588790894,-0.15407103300094604,0.13638877868652344,0.1497691422700882,0.13452383875846863,0.1492631733417511,0.134965717792511,-0.15710830688476562,0.13928383588790894,-0.15407103300094604,0.13638877868652344,0.1497691422700882,0.13452383875846863,0.1492631733417511,-0.0016772589879110456,-0.013852698728442192,0.019468417391180992,-0.017904143780469894,-0.0474177822470665,0.012228554114699364,-0.049882590770721436,0.04951764643192291,0.30000001192092896,0.30000001192092896,0.30000001192092896,0.30000001192092896,0.0,0.0,1.0,0.0,-0.0,1.0,-0.0,-0.9999998807907104,0.30000001192092896,0.30000001192092896,0.30000001192092896,0.30000001192092896
4.1,0,0.06800367683172226,-0.023257721215486526,-0.0016752780647948384,0.2805449366569519,1.0,0.11006861925125122,-0.0005440060049295425,0.005464826710522175,1,1,1,1,12.06615924835205,2.2824513912200928,2.9408860206604004,11.574762344360352,12.06615924835205,2.2824513912200928,2.9408860206604004,11.574762344360352,0,0,0,0,0,0.9999992847442627,0.07979239523410797,-0.3185337781906128,0.07871753722429276,-0.31759536266326904,0.3208222985267639,0.04995545372366905,0.3225777745246887,0.04986216500401497,-0.23803016543388367,0.04905875399708748,-0.239131361246109,0.05008847266435623,0.0,0.0,0.0,0.0,0.0,0.0,0.02149350941181183,-0.067743681371212,0.008263690397143364,-0.021584302186965942,0.06000843271613121,-0.014229461550712585,-0.004668170120567083,0.044399894773960114,-0.005142065230756998,0.003817199729382992,0.0022623352706432343,0.026210486888885498,0.0,-0.0,0.0,-0.0,0.0,0.0,0.0,0.0,0.0,0.0,0.0,0.0,0.0,-0.0,0.0,-0.0,0.0,0.0,0.0,0.0,0.0,0.0,0.0,0.0,0.134965717792511,-0.15710830688476562,0.13928383588790894,-0.15407103300094604,0.13638877868652344,0.1497691422700882,0.13452383875846863,0.1492631733417511,0.134965717792511,-0.15710830688476562,0.13928383588790894,-0.15407103300094604,0.13638877868652344,0.1497691422700882,0.13452383875846863,0.1492631733417511,-0.0016772589879110456,-0.013852698728442192,0.019468417391180992,-0.017904143780469894,-0.0474177822470665,0.012228554114699364,-0.049882590770721436,0.04951764643192291,0.30000001192092896,0.30000001192092896,0.30000001192092896,0.30000001192092896,0.0,0.0,1.0,0.0,-0.0,1.0,-0.0,-0.9999998807907104,0.30000001192092896,0.30000001192092896,0.30000001192092896,0.30000001192092896
4.15,0,0.0687142014503479,-0.02317492663860321,-0.002770460909232497,0.2805512845516205,1.0,0.07225672900676727,0.0003841947764158249,0.005465357564389706,1,1,1,1,11.735612869262695,2.6504886150360107,2.9594948291778564,11.350850105285645,11.735612869262695,2.6504886150360107,2.9594948291778564,11.350850105285645,0,0,0,0,0,0.9999992847442627,0.07979083061218262,-0.31853577494621277,0.07871808856725693,-0.317594438791275,0.3215170204639435,0.04996960610151291,0.3232952952384949,0.04992866516113281,-0.2373691350221634,0.04917939752340317,-0.23843266069889069,0.050087690353393555,0.0,0.0,0.0,0.0,0.0,0.0,0.019963204860687256,-0.04257093369960785,0.004867590498179197,0.004607457667589188,0.0385592058300972,-0.01676798053085804,-0.013002462685108185,0.023829534649848938,0.007914052344858646,0.014059522189199924,-0.013020023703575134,0.005530564114451408,0.0,-0.0,0.0,-0.0,0.0,0.0,0.0,0.0,0.0,0.0,0.0,0.0,0.0,-0.0,0.0,-0.0,0.0,0.0,0.0,0.0,0.0,0.0,0.0,0.0,0.134965717792511,-0.15710830688476562,0.13928383588790894,-0.15407103300094604,0.13638877868652344,0.1497691422700882,0.13452383875846863,0.1492631733417511,0.134965717792511,-0.15710830688476562,0.13928383588790894,-0.15407103300094604,0.13638877868652344,0.1497691422700882,0.13452383875846863,0.1492631733417511,-0.0016772589879110456,-0.013852698728442192,0.019468417391180992,-0.017904143780469894,-0.0474177822470665,0.012228554114699364,-0.049882590770721436,0.04951764643192291,0.30000001192092896,0.30000001192092896,0.30000001192092896,0.30000001192092896,0.0,0.0,1.0,0.0,-0.0,1.0,-0.0,-0.9999998807907104,0.30000001192092896,0.30000001192092896,0.30000001192092896,0.30000001192092896
4.2,0,0.06943221390247345,-0.023093344643712044,-0.00649979617446661,0.2805473804473877,1.0,0.08692478388547897,-0.002356363693252206,0.0054715401493012905,1,1,1,1,11.45602798461914,2.846935272216797,3.1558473110198975,10.388090133666992,11.45602798461914,2.846935272216797,3.1558473110198975,10.388090133666992,0,0,0,0,0,0.9999992847442627,0.07979083806276321,-0.31853631138801575,0.0787244588136673,-0.3175880014896393,0.3222104609012604,0.049972694367170334,0.32401150465011597,0.049986157566308975,-0.2367064505815506,0.04929210990667343,-0.23766788840293884,0.050066057592630386,0.0,0.0,0.0,0.0,0.0,0.0,0.01934475265443325,-0.05536748841404915,0.0034066622611135244,-0.0005118154804222286,0.04632359743118286,-0.020069126039743423,-0.011521068401634693,0.027717404067516327,0.005825589876621962,0.017824223265051842,-0.011356024071574211,0.013192344456911087,0.0,-0.0,0.0,-0.0,0.0,0.0,0.0,0.0,0.0,0.0,0.0,0.0,0.0,-0.0,0.0,-0.0,0.0,0.0,0.0,0.0,0.0,0.0,0.0,0.0,0.134965717792511,-0.15710830688476562,0.13928383588790894,-0.15407103300094604,0.13638877868652344,0.1497691422700882,0.13452383875846863,0.1492631733417511,0.134965717792511,-0.15710830688476562,0.13928383588790894,-0.15407103300094604,0.13638877868652344,0.1497691422700882,0.13452383875846863,0.1492631733417511,-0.0016772589879110456,-0.013852698728442192,0.019468417391180992,-0.017904143780469894,-0.0474177822470665,0.012228554114699364,-0.049882590770721436,0.04951764643192291,0.30000001192092896,0.30000001192092896,0.30000001192092896,0.30000001192092896,0.0,0.0,1.0,0.0,-0.0,1.0,-0.0,-0.9999998807907104,0.30000001192092896,0.30000001192092896,0.30000001192092896,0.30000001192092896
4.25,0,0.07016566395759583,-0.023050768300890923,-0.005437557119876146,0.28055423498153687,1.0,0.0810917317867279,0.0002881851978600025,0.005468746181577444,1,1,1,1,11.270896911621094,3.2681884765625,3.3753278255462646,10.976228713989258,11.270896911621094,3.2681884765625,3.3753278255462646,10.976228713989258,0,0,0,0,0,0.9999992251396179,0.07978754490613937,-0.3185400068759918,0.07872121781110764,-0.31759113073349,0.3229323625564575,0.049965258687734604,0.32474926114082336,0.050030115991830826,-0.23604735732078552,0.049395836889743805,-0.23693563044071198,0.05005059018731117,0.0,0.0,0.0,0.0,0.0,0.0,0.019205288961529732,-0.050493743270635605,0.003333204658702016,0.0010595308849588037,0.04306391626596451,-0.019278956577181816,-0.013555677607655525,0.02592058852314949,0.007980762049555779,0.016157973557710648,-0.011027763597667217,0.010815689340233803,0.0,-0.0,0.0,-0.0,0.0,0.0,0.0,0.0,0.0,0.0,0.0,0.0,0.0,-0.0,0.0,-0.0,0.0,0.0,0.0,0.0,0.0,0.0,0.0,0.0,0.134965717792511,-0.15710830688476562,0.13928383588790894,-0.15407103300094604,0.13638877868652344,0.1497691422700882,0.13452383875846863,0.1492631733417511,0.134965717792511,-0.15710830688476562,0.13928383588790894,-0.15407103300094604,0.13638877868652344,0.1497691422700882,0.13452383875846863,0.1492631733417511,-0.0016772589879110456,-0.013852698728442192,0.019468417391180992,-0.017904143780469894,-0.0474177822470665,0.012228554114699364,-0.049882590770721436,0.04951764643192291,0.30000001192092896,0.30000001192092896,0.30000001192092896,0.30000001192092896,0.0,0.0,1.0,0.0,-0.0,1.0,-0.0,-0.9999998807907104,0.30000001192092896,0.30000001192092896,0.30000001192092896,0.30000001192092896
4.3,0,0.07090828567743301,-0.02298911102116108,-0.006049701943993568,0.28053632378578186,1.0,0.07902950048446655,0.00012612435966730118,0.005451615434139967,1,1,1,1,10.863072395324707,3.772188663482666,4.0310163497924805,10.312796592712402,10.863072395324707,3.772188663482666,4.0310163497924805,10.312796592712402,0,0,0,0,0,0.9999991655349731,0.07978527247905731,-0.3185424208641052,0.0787227600812912,-0.31758958101272583,0.3236682415008545,0.049944356083869934,0.32547232508659363,0.05006391927599907,-0.23538288474082947,0.049493346363306046,-0.2361682504415512,0.0500146709382534,0.0,0.0,0.0,0.0,0.0,0.0,0.02027091383934021,-0.048719048500061035,0.005905167665332556,0.0030945944599807262,0.04231865331530571,-0.01759970374405384,-0.01009159255772829,0.0257501732558012,0.006049760617315769,0.016598472371697426,-0.012114392593502998,0.00961048249155283,0.0,-0.0,0.0,-0.0,0.0,0.0,0.0,0.0,0.0,0.0,0.0,0.0,0.0,-0.0,0.0,-0.0,0.0,0.0,0.0,0.0,0.0,0.0,0.0,0.0,0.134965717792511,-0.15710830688476562,0.13928383588790894,-0.15407103300094604,0.13638877868652344,0.1497691422700882,0.13452383875846863,0.1492631733417511,0.134965717792511,-0.15710830688476562,0.13928383588790894,-0.15407103300094604,0.13638877868652344,0.1497691422700882,0.13452383875846863,0.1492631733417511,-0.0016772589879110456,-0.013852698728442192,0.019468417391180992,-0.017904143780469894,-0.0474177822470665,0.012228554114699364,-0.049882590770721436,0.04951764643192291,0.30000001192092896,0.30000001192092896,0.30000001192092896,0.30000001192092896,0.0,0.0,1.0,0.0,-0.0,1.0,-0.0,-0.9999998807907104,0.30000001192092896,0.30000001192092896,0.30000001192092896,0.30000001192092896
4.35,0,0.07165578007698059,-0.022931238636374474,-0.00601237453520298,0.2805296778678894,1.0,0.08916186541318893,-6.19376078248024e-06,0.005428217351436615,1,1,1,1,10.659246444702148,3.8348522186279297,3.943467140197754,10.338994026184082,10.659246444702148,3.8348522186279297,3.943467140197754,10.338994026184082,0,0,0,0,0,0.9999991655349731,0.07978088408708572,-0.3185470700263977,0.0787201076745987,-0.3175921142101288,0.3244120180606842,0.04991256073117256,0.32621297240257263,0.05008742958307266,-0.23471777141094208,0.04958046227693558,-0.235386922955513,0.049964308738708496,0.0,0.0,0.0,0.0,0.0,0.0,0.01879872754216194,-0.05648798123002052,0.002801418537274003,-0.005019666161388159,0.048166073858737946,-0.019923752173781395,-0.012317257933318615,0.02990725263953209,0.006945387460291386,0.016652876511216164,-0.008086290210485458,0.014781050384044647,0.0,-0.0,0.0,-0.0,0.0,0.0,0.0,0.0,0.0,0.0,0.0,0.0,0.0,-0.0,0.0,-0.0,0.0,0.0,0.0,0.0,0.0,0.0,0.0,0.0,0.134965717792511,-0.15710830688476562,0.13928383588790894,-0.15407103300094604,0.13638877868652344,0.1497691422700882,0.13452383875846863,0.1492631733417511,0.134965717792511,-0.15710830688476562,0.13928383588790894,-0.15407103300094604,0.13638877868652344,0.1497691422700882,0.13452383875846863,0.1492631733417511,-0.0016772589879110456,-0.013852698728442192,0.019468417391180992,-0.017904143780469894,-0.0474177822470665,0.012228554114699364,-0.049882590770721436,0.04951764643192291,0.30000001192092896,0.30000001192092896,0.30000001192092896,0.30000001192092896,0.0,0.0,1.0,0.0,-0.0,1.0,-0.0,-0.9999998807907104,0.30000001192092896,0.30000001192092896,0.30000001192092896,0.30000001192092896
4.4,0,0.0724061131477356,-0.022880882024765015,-0.004300749860703945,0.2805047333240509,1.0,0.08910806477069855,0.00034893956035375595,0.005414850544184446,1,1,1,1,10.182875633239746,4.332231521606445,4.529139995574951,9.757681846618652,10.182875633239746,4.332231521606445,4.529139995574951,9.757681846618652,0,0,0,0,0,0.9999990463256836,0.07977744936943054,-0.31855055689811707,0.07871417701244354,-0.3175978362560272,0.32516247034072876,0.049868181347846985,0.3269347846508026,0.05010019615292549,-0.2340528666973114,0.049658067524433136,-0.23463571071624756,0.04990098252892494,0.0,0.0,0.0,0.0,0.0,0.0,0.020580893382430077,-0.057335976511240005,0.005573345348238945,-0.0008872842881828547,0.047537270933389664,-0.01890597678720951,-0.010305505245923996,0.029258262366056442,0.00426261592656374,0.015856001526117325,-0.009074720554053783,0.016309496015310287,0.0,-0.0,0.0,-0.0,0.0,0.0,0.0,0.0,0.0,0.0,0.0,0.0,0.0,-0.0,0.0,-0.0,0.0,0.0,0.0,0.0,0.0,0.0,0.0,0.0,0.134965717792511,-0.15710830688476562,0.13928383588790894,-0.15407103300094604,0.13638877868652344,0.1497691422700882,0.13452383875846863,0.1492631733417511,0.134965717792511,-0.15710830688476562,0.13928383588790894,-0.15407103300094604,0.13638877868652344,0.1497691422700882,0.13452383875846863,0.1492631733417511,-0.0016772589879110456,-0.013852698728442192,0.019468417391180992,-0.017904143780469894,-0.0474177822470665,0.012228554114699364,-0.049882590770721436,0.04951764643192291,0.30000001192092896,0.30000001192092896,0.30000001192092896,0.30000001192092896,0.0,0.0,1.0,0.0,-0.0,1.0,-0.0,-0.9999998807907104,0.30000001192092896,0.30000001192092896,0.30000001192092896,0.30000001192092896
4.45,0,0.07316669821739197,-0.022817743942141533,-0.004990509711205959,0.28046947717666626,1.0,0.08799910545349121,0.0003563808277249336,0.005388288293033838,1,1,1,1,10.104288101196289,4.69552755355835,4.916676044464111,9.209249496459961,10.104288101196289,4.69552755355835,4.916676044464111,9.209249496459961,0,0,0,0,0,0.9999990463256836,0.07977508008480072,-0.31855276226997375,0.07871375977993011,-0.3175981938838959,0.3259577453136444,0.049813732504844666,0.3276607394218445,0.050099898129701614,-0.23337776958942413,0.04972703382372856,-0.23384150862693787,0.0498235821723938,0.0,0.0,0.0,0.0,0.0,0.0,0.021786009892821312,-0.055687788873910904,0.007304502185434103,-7.256492972373962e-05,0.04739828035235405,-0.016856495290994644,-0.009192215278744698,0.030998583883047104,0.002185787307098508,0.01399363111704588,-0.009117509238421917,0.01596389338374138,0.0,-0.0,0.0,-0.0,0.0,0.0,0.0,0.0,0.0,0.0,0.0,0.0,0.0,-0.0,0.0,-0.0,0.0,0.0,0.0,0.0,0.0,0.0,0.0,0.0,0.134965717792511,-0.15710830688476562,0.13928383588790894,-0.15407103300094604,0.13638877868652344,0.1497691422700882,0.13452383875846863,0.1492631733417511,0.134965717792511,-0.15710830688476562,0.13928383588790894,-0.15407103300094604,0.13638877868652344,0.1497691422700882,0.13452383875846863,0.1492631733417511,-0.0016772589879110456,-0.013852698728442192,0.019468417391180992,-0.017904143780469894,-0.0474177822470665,0.012228554114699364,-0.049882590770721436,0.04951764643192291,0.30000001192092896,0.30000001192092896,0.30000001192092896,0.30000001192092896,0.0,0.0,1.0,0.0,-0.0,1.0,-0.0,-0.9999998807907104,0.30000001192092896,0.30000001192092896,0.30000001192092896,0.30000001192092896
4.5,0,0.07394269108772278,-0.022777287289500237,-0.00729330675676465,0.28042998909950256,1.0,0.08246234804391861,-0.0004239012487232685,0.005362598691135645,1,1,1,1,9.489873886108398,5.096366882324219,5.344682693481445,8.692065238952637,9.489873886108398,5.096366882324219,5.344682693481445,8.692065238952637,0,0,0,0,0,0.999998927116394,0.07977163791656494,-0.3185562193393707,0.07871229946613312,-0.3175995945930481,0.3267260193824768,0.04974428191781044,0.3283921480178833,0.050087861716747284,-0.23269493877887726,0.04978777840733528,-0.23303444683551788,0.049732234328985214,0.0,0.0,0.0,0.0,0.0,0.0,0.022606084123253822,-0.05064970999956131,0.007775608450174332,0.004005506634712219,0.04443209618330002,-0.01580037549138069,-0.00980832427740097,0.028974441811442375,0.0026453635655343533,0.01368040032684803,-0.011385351419448853,0.012796275317668915,0.0,-0.0,0.0,-0.0,0.0,0.0,0.0,0.0,0.0,0.0,0.0,0.0,0.0,-0.0,0.0,-0.0,0.0,0.0,0.0,0.0,0.0,0.0,0.0,0.0,0.134965717792511,-0.15710830688476562,0.13928383588790894,-0.15407103300094604,0.13638877868652344,0.1497691422700882,0.13452383875846863,0.1492631733417511,0.134965717792511,-0.15710830688476562,0.13928383588790894,-0.15407103300094604,0.13638877868652344,0.1497691422700882,0.13452383875846863,0.1492631733417511,-0.0016772589879110456,-0.013852698728442192,0.019468417391180992,-0.017904143780469894,-0.0474177822470665,0.012228554114699364,-0.049882590770721436,0.04951764643192291,0.30000001192092896,0.30000001192092896,0.30000001192092896,0.30000001192092896,0.0,0.0,1.0,0.0,-0.0,1.0,-0.0,-0.9999998807907104,0.30000001192092896,0.30000001192092896,0.30000001192092896,0.30000001192092896
4.55,0,0.07472434639930725,-0.022719785571098328,-0.0002782624214887619,0.28041231632232666,1.0,0.09372285008430481,0.0007753632962703705,0.005350797437131405,1,1,1,1,9.280076026916504,5.2353596687316895,5.741788864135742,8.57370376586914,9.280076026916504,5.2353596687316895,5.741788864135742,8.57370376586914,0,0,0,0,0,0.999998927116394,0.07976672798395157,-0.318561315536499,0.07871267199516296,-0.31759923696517944,0.32749855518341064,0.04966092109680176,0.32915329933166504,0.0500628836452961,-0.23200789093971252,0.04983960837125778,-0.2322184145450592,0.04962782934308052,0.0,0.0,0.0,0.0,0.0,0.0,0.01928233727812767,-0.06078045815229416,0.0028999445494264364,-0.004931706935167313,0.04975680634379387,-0.02036244235932827,-0.012033723294734955,0.031419530510902405,0.004925218410789967,0.01672206073999405,-0.008356989361345768,0.017002291977405548,0.0,-0.0,0.0,-0.0,0.0,0.0,0.0,0.0,0.0,0.0,0.0,0.0,0.0,-0.0,0.0,-0.0,0.0,0.0,0.0,0.0,0.0,0.0,0.0,0.0,0.134965717792511,-0.15710830688476562,0.13928383588790894,-0.15407103300094604,0.13638877868652344,0.1497691422700882,0.13452383875846863,0.1492631733417511,0.134965717792511,-0.15710830688476562,0.13928383588790894,-0.15407103300094604,0.13638877868652344,0.1497691422700882,0.13452383875846863,0.1492631733417511,-0.0016772589879110456,-0.013852698728442192,0.019468417391180992,-0.017904143780469894,-0.0474177822470665,0.012228554114699364,-0.049882590770721436,0.04951764643192291,0.30000001192092896,0.30000001192092896,0.30000001192092896,0.30000001192092896,0.0,0.0,1.0,0.0,-0.0,1.0,-0.0,-0.9999998807907104,0.30000001192092896,0.30000001192092896,0.30000001192092896,0.30000001192092896
4.6,0,0.0755094364285469,-0.02265828661620617,-0.0024699580390006304,0.2804175019264221,1.0,0.08488742262125015,-0.0005160346627235413,0.005361101124435663,1,1,1,1,8.937640190124512,5.6157050132751465,5.736116886138916,8.4038724899292,8.937640190124512,5.6157050132751465,5.736116886138916,8.4038724899292,0,0,0,0,0,0.9999988675117493,0.07976119220256805,-0.31856727600097656,0.07870465517044067,-0.31760716438293457,0.3282769024372101,0.04956645146012306,0.32994481921195984,0.0500258170068264,-0.23130588233470917,0.049878235906362534,-0.23140044510364532,0.04950733482837677,0.0,0.0,0.0,0.0,0.0,0.0,0.01902155764400959,-0.0531032457947731,0.0014326870441436768,-0.0007101789815351367,0.04508243873715401,-0.020609544590115547,-0.015164148062467575,0.026986664161086082,0.008173107169568539,0.01669481210410595,-0.011067572981119156,0.011752654798328876,0.0,-0.0,0.0,-0.0,0.0,0.0,0.0,0.0,0.0,0.0,0.0,0.0,0.0,-0.0,0.0,-0.0,0.0,0.0,0.0,0.0,0.0,0.0,0.0,0.0,0.134965717792511,-0.15710830688476562,0.13928383588790894,-0.15407103300094604,0.13638877868652344,0.1497691422700882,0.13452383875846863,0.1492631733417511,0.134965717792511,-0.15710830688476562,0.13928383588790894,-0.15407103300094604,0.13638877868652344,0.1497691422700882,0.13452383875846863,0.1492631733417511,-0.0016772589879110456,-0.013852698728442192,0.019468417391180992,-0.017904143780469894,-0.0474177822470665,0.012228554114699364,-0.049882590770721436,0.04951764643192291,0.30000001192092896,0.30000001192092896,0.30000001192092896,0.30000001192092896,0.0,0.0,1.0,0.0,-0.0,1.0,-0.0,-0.9999998807907104,0.30000001192092896,0.30000001192092896,0.30000001192092896,0.30000001192092896
4.65,0,0.07629311084747314,-0.02258780598640442,-0.006497293245047331,0.28042837977409363,1.0,0.08141680061817169,-0.0003073648549616337,0.005383735056966543,1,1,1,1,8.445629119873047,6.375473499298096,6.392767429351807,7.925154685974121,8.445629119873047,6.375473499298096,6.392767429351807,7.925154685974121,0,0,0,0,0,0.9999988079071045,0.07975485175848007,-0.3185741603374481,0.07869760692119598,-0.31761422753334045,0.32905927300453186,0.04945807531476021,0.3307421803474426,0.04997700825333595,-0.23060369491577148,0.04990699142217636,-0.2305789440870285,0.04937289282679558,0.0,0.0,0.0,0.0,0.0,0.0,0.01937108114361763,-0.051140669733285904,0.004752505570650101,-0.0008378008496947587,0.04388052597641945,-0.018393561244010925,-0.011253328993916512,0.027151647955179214,0.007256676908582449,0.015321279875934124,-0.009288125671446323,0.010651620104908943,0.0,-0.0,0.0,-0.0,0.0,0.0,0.0,0.0,0.0,0.0,0.0,0.0,0.0,-0.0,0.0,-0.0,0.0,0.0,0.0,0.0,0.0,0.0,0.0,0.0,0.134965717792511,-0.15710830688476562,0.13928383588790894,-0.15407103300094604,0.13638877868652344,0.1497691422700882,0.13452383875846863,0.1492631733417511,0.134965717792511,-0.15710830688476562,0.13928383588790894,-0.15407103300094604,0.13638877868652344,0.1497691422700882,0.13452383875846863,0.1492631733417511,-0.0016772589879110456,-0.013852698728442192,0.019468417391180992,-0.017904143780469894,-0.0474177822470665,0.012228554114699364,-0.049882590770721436,0.04951764643192291,0.30000001192092896,0.30000001192092896,0.30000001192092896,0.30000001192092896,0.0,0.0,1.0,0.0,-0.0,1.0,-0.0,-0.9999998807907104,0.30000001192092896,0.30000001192092896,0.30000001192092896,0.30000001192092896
4.7,0,0.0771019235253334,-0.022535644471645355,-0.0015548465307801962,0.2804248631000519,1.0,0.0842139720916748,0.0017908448353409767,0.005408528260886669,1,1,1,1,8.216065406799316,6.371459484100342,6.414486408233643,7.65426778793335,8.216065406799316,6.371459484100342,6.414486408233643,7.65426778793335,0,0,0,0,0,0.9999987483024597,0.07974885404109955,-0.3185805380344391,0.07869083434343338,-0.3176209628582001,0.32985126972198486,0.04933423176407814,0.3315452039241791,0.04991268739104271,-0.22988899052143097,0.049926888197660446,-0.22974392771720886,0.049223076552152634,0.0,0.0,0.0,0.0,0.0,0.0,0.019931931048631668,-0.0531405508518219,0.0045451028272509575,-0.0007096478948369622,0.04532160609960556,-0.01860871911048889,-0.011084333062171936,0.02809784933924675,0.0060266838409006596,0.016066953539848328,-0.00993692222982645,0.011989075690507889,0.0,-0.0,0.0,-0.0,0.0,0.0,0.0,0.0,0.0,0.0,0.0,0.0,0.0,-0.0,0.0,-0.0,0.0,0.0,0.0,0.0,0.0,0.0,0.0,0.0,0.134965717792511,-0.15710830688476562,0.13928383588790894,-0.15407103300094604,0.13638877868652344,0.1497691422700882,0.13452383875846863,0.1492631733417511,0.134965717792511,-0.15710830688476562,0.13928383588790894,-0.15407103300094604,0.13638877868652344,0.1497691422700882,0.13452383875846863,0.1492631733417511,-0.0016772589879110456,-0.013852698728442192,0.019468417391180992,-0.017904143780469894,-0.0474177822470665,0.012228554114699364,-0.049882590770721436,0.04951764643192291,0.30000001192092896,0.30000001192092896,0.30000001192092896,0.30000001192092896,0.0,0.0,1.0,0.0,-0.0,1.0,-0.0,-0.9999998807907104,0.30000001192092896,0.30000001192092896,0.30000001192092896,0.30000001192092896
4.75,0,0.07791812717914581,-0.02247156947851181,0.0015442013973370194,0.2804223299026489,1.0,0.08560515195131302,-0.0003940383903682232,0.005444991867989302,1,1,1,1,7.842724800109863,6.830539226531982,6.880770206451416,7.1798176765441895,7.842724800109863,6.830539226531982,6.880770206451416,7.1798176765441895,0,0,0,0,0,0.9999986886978149,0.07974228262901306,-0.3185877203941345,0.07868458330631256,-0.31762707233428955,0.33064937591552734,0.04919661581516266,0.33235716819763184,0.04983467981219292,-0.22916336357593536,0.049936387687921524,-0.2289053052663803,0.04905673861503601,0.0,0.0,0.0,0.0,0.0,0.0,0.020224183797836304,-0.053987570106983185,0.004741566721349955,-0.0013048232067376375,0.046257100999355316,-0.0182612594217062,-0.010666150599718094,0.02932223677635193,0.0050855218432843685,0.01592339761555195,-0.009841927327215672,0.012543817982077599,0.0,-0.0,0.0,-0.0,0.0,0.0,0.0,0.0,0.0,0.0,0.0,0.0,0.0,-0.0,0.0,-0.0,0.0,0.0,0.0,0.0,0.0,0.0,0.0,0.0,0.134965717792511,-0.15710830688476562,0.13928383588790894,-0.15407103300094604,0.13638877868652344,0.1497691422700882,0.13452383875846863,0.1492631733417511,0.134965717792511,-0.15710830688476562,0.13928383588790894,-0.15407103300094604,0.13638877868652344,0.1497691422700882,0.13452383875846863,0.1492631733417511,-0.0016772589879110456,-0.013852698728442192,0.019468417391180992,-0.017904143780469894,-0.0474177822470665,0.012228554114699364,-0.049882590770721436,0.04951764643192291,0.30000001192092896,0.30000001192092896,0.30000001192092896,0.30000001192092896,0.0,0.0,1.0,0.0,-0.0,1.0,-0.0,-0.9999998807907104,0.30000001192092896,0.30000001192092896,0.30000001192092896,0.30000001192092896
4.8,0,0.07872629165649414,-0.022399866953492165,5.810445509268902e-05,0.2804393768310547,1.0,0.09703115373849869,-0.0005919318646192551,0.005503450054675341,1,1,1,1,7.469225883483887,7.250115394592285,7.219729900360107,6.771744251251221,7.469225883483887,7.250115394592285,7.219729900360107,6.771744251251221,0,0,0,0,0,0.9999986290931702,0.07973433285951614,-0.3185963034629822,0.07867579162120819,-0.31763556599617004,0.33144715428352356,0.049046099185943604,0.3331843316555023,0.04974405840039253,-0.22843991219997406,0.049934517592191696,-0.22806701064109802,0.048876482993364334,0.0,0.0,0.0,0.0,0.0,0.0,0.01926739700138569,-0.06299326568841934,0.003182200249284506,-0.007462725043296814,0.05202050134539604,-0.02054748497903347,-0.010971545241773129,0.03254392743110657,0.005476233549416065,0.017156338319182396,-0.00625185389071703,0.018401440232992172,0.0,-0.0,0.0,-0.0,0.0,0.0,0.0,0.0,0.0,0.0,0.0,0.0,0.0,-0.0,0.0,-0.0,0.0,0.0,0.0,0.0,0.0,0.0,0.0,0.0,0.134965717792511,-0.15710830688476562,0.13928383588790894,-0.15407103300094604,0.13638877868652344,0.1497691422700882,0.13452383875846863,0.1492631733417511,0.134965717792511,-0.15710830688476562,0.13928383588790894,-0.15407103300094604,0.13638877868652344,0.1497691422700882,0.13452383875846863,0.1492631733417511,-0.0016772589879110456,-0.013852698728442192,0.019468417391180992,-0.017904143780469894,-0.0474177822470665,0.012228554114699364,-0.049882590770721436,0.04951764643192291,0.30000001192092896,0.30000001192092896,0.30000001192092896,0.30000001192092896,0.0,0.0,1.0,0.0,-0.0,1.0,-0.0,-0.9999998807907104,0.30000001192092896,0.30000001192092896,0.30000001192092896,0.30000001192092896
4.85,0,0.07956381887197495,-0.022345831617712975,-2.8968672268092632e-05,0.28044018149375916,1.0,0.08601707965135574,-0.00042262300848960876,0.005557811353355646,1,1,1,1,7.0868449211120605,7.671519756317139,7.602266788482666,6.371026039123535,7.0868449211120605,7.671519756317139,7.602266788482666,6.371026039123535,0,0,0,0,0,0.9999985098838806,0.07972649484872818,-0.3186047375202179,0.07866717875003815,-0.3176441788673401,0.3322564661502838,0.048879507929086685,0.33401885628700256,0.04963645711541176,-0.22770032286643982,0.04992177337408066,-0.22721581161022186,0.048678088933229446,0.0,0.0,0.0,0.0,0.0,0.0,0.020983558148145676,-0.053955402225255966,0.006100124213844538,-0.0027041288558393717,0.04710656404495239,-0.01662762649357319,-0.008949228562414646,0.03098634071648121,0.003915812354534864,0.014771318063139915,-0.00860542617738247,0.0126329455524683,0.0,-0.0,0.0,-0.0,0.0,0.0,0.0,0.0,0.0,0.0,0.0,0.0,0.0,-0.0,0.0,-0.0,0.0,0.0,0.0,0.0,0.0,0.0,0.0,0.0,0.134965717792511,-0.15710830688476562,0.13928383588790894,-0.15407103300094604,0.13638877868652344,0.1497691422700882,0.13452383875846863,0.1492631733417511,0.134965717792511,-0.15710830688476562,0.13928383588790894,-0.15407103300094604,0.13638877868652344,0.1497691422700882,0.13452383875846863,0.1492631733417511,-0.0016772589879110456,-0.013852698728442192,0.019468417391180992,-0.017904143780469894,-0.0474177822470665,0.012228554114699364,-0.049882590770721436,0.04951764643192291,0.30000001192092896,0.30000001192092896,0.30000001192092896,0.30000001192092896,0.0,0.0,1.0,0.0,-0.0,1.0,-0.0,-0.9999998807907104,0.30000001192092896,0.30000001192092896,0.30000001192092896,0.30000001192092896
4.9,0,0.08036651462316513,-0.022356335073709488,-0.00042885649600066245,0.28046441078186035,1.0,0.08324182033538818,-0.0006176168099045753,0.005729286465793848,1,1,1,1,7.552361488342285,7.3466668128967285,7.436247825622559,6.898713111877441,7.552361488342285,7.3466668128967285,7.436247825622559,6.898713111877441,0,0,0,0,0,0.9999985098838806,0.07971310615539551,-0.31861892342567444,0.0786532610654831,-0.3176577687263489,0.3330328166484833,0.04878345504403114,0.3348427712917328,0.04951810836791992,-0.22696346044540405,0.0498972125351429,-0.22637592256069183,0.04846782982349396,0.0,0.0,0.0,0.0,0.0,0.0,0.021288035437464714,-0.052064068615436554,0.00675806263461709,0.001432935707271099,0.04494522511959076,-0.017068643122911453,-0.009178701788187027,0.028657570481300354,0.004124608356505632,0.015413767658174038,-0.010608899407088757,0.011557081714272499,0.0,-0.0,0.0,-0.0,0.0,0.0,0.0,0.0,0.0,0.0,0.0,0.0,0.0,-0.0,0.0,-0.0,0.0,0.0,0.0,0.0,0.0,0.0,0.0,0.0,0.134965717792511,-0.15710830688476562,0.13928383588790894,-0.15407103300094604,0.13638877868652344,0.1497691422700882,0.13452383875846863,0.1492631733417511,0.134965717792511,-0.15710830688476562,0.13928383588790894,-0.15407103300094604,0.13638877868652344,0.1497691422700882,0.13452383875846863,0.1492631733417511,-0.0016772589879110456,-0.013852698728442192,0.019468417391180992,-0.017904143780469894,-0.0474177822470665,0.012228554114699364,-0.049882590770721436,0.04951764643192291,0.30000001192092896,0.30000001192092896,0.30000001192092896,0.30000001192092896,0.0,0.0,1.0,0.0,-0.0,1.0,-0.0,-0.9999998807907104,0.30000001192092896,0.30000001192092896,0.30000001192092896,0.30000001192092896
4.95,0,0.0810764878988266,-0.022089576348662376,0.0033299883361905813,0.2805139422416687,1.0,0.09618626534938812,0.00017244089394807816,0.005750812124460936,1,1,1,1,8.24841594696045,6.244470119476318,6.727579593658447,7.507829666137695,8.24841594696045,6.244470119476318,6.727579593658447,7.507829666137695,0,0,0,0,0,0.9999985098838806,0.0797073096036911,-0.31862473487854004,0.07864849269390106,-0.31766289472579956,0.3337867856025696,0.04870675876736641,0.3356296420097351,0.0493902787566185,-0.2262592315673828,0.0499236136674881,-0.22564293444156647,0.04851807281374931,0.0,0.0,0.0,0.0,0.0,0.0,0.020393263548612595,-0.06190771982073784,0.004090919625014067,-0.0061069754883646965,0.0521090142428875,-0.019281094893813133,-0.01150763500481844,0.033361006528139114,0.003165357979014516,0.014176683500409126,-0.006768049206584692,0.018974170088768005,0.0,-0.0,0.0,-0.0,0.0,0.0,0.0,0.0,0.0,0.0,0.0,0.0,0.0,-0.0,0.0,-0.0,0.0,0.0,0.0,0.0,0.0,0.0,0.0,0.0,0.134965717792511,-0.15710830688476562,0.13928383588790894,-0.15407103300094604,0.13638877868652344,0.1497691422700882,0.13452383875846863,0.1492631733417511,0.134965717792511,-0.15710830688476562,0.13928383588790894,-0.15407103300094604,0.13638877868652344,0.1497691422700882,0.13452383875846863,0.1492631733417511,-0.0016772589879110456,-0.013852698728442192,0.019468417391180992,-0.017904143780469894,-0.0474177822470665,0.012228554114699364,-0.049882590770721436,0.04951764643192291,0.30000001192092896,0.30000001192092896,0.30000001192092896,0.30000001192092896,0.0,0.0,1.0,0.0,-0.0,1.0,-0.0,-0.9999998807907104,0.30000001192092896,0.30000001192092896,0.30000001192092896,0.30000001192092896
