time_s,env_id,base_x_m,pitch_rad,pitch_rate_rad_s,margin_m,fsm_phase,action_l2,reward,roll_rad,fl_contact_state,fr_contact_state,rl_contact_state,rr_contact_state,fl_contact_force_n,fr_contact_force_n,rl_contact_force_n,rr_contact_force_n,fl_contact_upward_force_n,fr_contact_upward_force_n,rl_contact_upward_force_n,rr_contact_upward_force_n,fl_full_wheel_on_top,fr_full_wheel_on_top,rl_full_wheel_on_top,rr_full_wheel_on_top,all_wheels_on_top,support_score,fl_wheel_y_m,fr_wheel_y_m,rl_wheel_y_m,rr_wheel_y_m,fl_wheel_x_m,fl_wheel_z_m,fr_wheel_x_m,fr_wheel_z_m,rl_wheel_x_m,rl_wheel_z_m,rr_wheel_x_m,rr_wheel_z_m,fl_load_trim_z_m,fr_load_trim_z_m,fl_unload_trim_m,fr_unload_trim_m,rl_unload_trim_m,rr_unload_trim_m,policy_action_00,policy_action_01,policy_action_02,policy_action_03,policy_action_04,policy_action_05,policy_action_06,policy_action_07,policy_action_08,policy_action_09,policy_action_10,policy_action_11,executed_action_00,executed_action_01,executed_action_02,executed_action_03,executed_action_04,executed_action_05,executed_action_06,executed_action_07,executed_action_08,executed_action_09,executed_action_10,executed_action_11,scaled_wheel_center_residual_m_00,scaled_wheel_center_residual_m_01,scaled_wheel_center_residual_m_02,scaled_wheel_center_residual_m_03,scaled_wheel_center_residual_m_04,scaled_wheel_center_residual_m_05,scaled_wheel_center_residual_m_06,scaled_wheel_center_residual_m_07,scaled_wheel_speed_residual_rad_s_00,scaled_wheel_speed_residual_rad_s_01,scaled_wheel_speed_residual_rad_s_02,scaled_wheel_speed_residual_rad_s_03,requested_wheel_center_target_m_00,requested_wheel_center_target_m_01,requested_wheel_center_target_m_02,requested_wheel_center_target_m_03,requested_wheel_center_target_m_04,requested_wheel_center_target_m_05,requested_wheel_center_target_m_06,requested_wheel_center_target_m_07,final_wheel_center_target_m_00,final_wheel_center_target_m_01,final_wheel_center_target_m_02,final_wheel_center_target_m_03,final_wheel_center_target_m_04,final_wheel_center_target_m_05,final_wheel_center_target_m_06,final_wheel_center_target_m_07,final_servo_target_rad_00,final_servo_target_rad_01,final_servo_target_rad_02,final_servo_target_rad_03,final_servo_target_rad_04,final_servo_target_rad_05,final_servo_target_rad_06,final_servo_target_rad_07,final_wheel_target_rad_s_00,final_wheel_target_rad_s_01,final_wheel_target_rad_s_02,final_wheel_target_rad_s_03,reference_00,reference_01,reference_02,reference_03,reference_04,reference_05,reference_06,reference_07,reference_08,reference_09,reference_10,reference_11
0.0,0,0.023341462016105652,-0.013022538274526596,0.11482547223567963,0.2811872363090515,0.0,0.05908617749810219,0.14912132918834686,0.0011024805717170238,1,1,1,1,12.714151382446289,3.8829269409179688,7.918721675872803,0.0,12.714151382446289,3.8829269409179688,7.918721675872803,0.0,0,0,0,0,0,0.9998812675476074,0.08114944398403168,-0.3171718716621399,0.07888796180486679,-0.31741735339164734,0.2740977704524994,0.03834109753370285,0.2775287330150604,0.03980577737092972,-0.2972661554813385,0.048968832939863205,-0.29712435603141785,0.0495038703083992,0.0,0.0,0.0,0.0,0.0,0.0,0.013838957995176315,-0.018912388011813164,-0.003564696991816163,-0.00037644707481376827,0.004907685797661543,-0.021933533251285553,0.01106494851410389,0.0452503077685833,-0.01016589067876339,-0.009075385518372059,-0.006765094585716724,-0.004740188829600811,0.0,-0.0,0.0,-0.0,0.0,0.0,0.0,0.0,0.0,0.0,0.0,0.0,0.0,-0.0,0.0,-0.0,0.0,0.0,0.0,0.0,0.0,0.0,0.0,0.0,0.134965717792511,-0.15710830688476562,0.13928383588790894,-0.15407103300094604,0.13638877868652344,0.1497691422700882,0.13452383875846863,0.1492631733417511,0.134965717792511,-0.15710830688476562,0.13928383588790894,-0.15407103300094604,0.13638877868652344,0.1497691422700882,0.13452383875846863,0.1492631733417511,-0.0016772589879110456,-0.013852698728442192,0.019468417391180992,-0.017904143780469894,-0.0474177822470665,0.012228554114699364,-0.049882590770721436,0.04951764643192291,0.30000001192092896,0.30000001192092896,0.30000001192092896,0.30000001192092896,0.0,0.0,1.0,0.0,-0.0,1.0,-0.0,-0.9999998807907104,0.30000001192092896,0.30000001192092896,0.30000001192092896,0.30000001192092896
0.05,0,0.015666522085666656,-0.02682233788073063,0.1289275586605072,0.2805386483669281,0.0,0.11813278496265411,-0.03612793609499931,0.0023936801590025425,1,1,1,1,10.592903137207031,0.0,1.932223916053772,14.988917350769043,10.592903137207031,0.0,1.932223916053772,14.988917350769043,0,0,0,0,0,0.9999775886535645,0.08023785054683685,-0.3180806040763855,0.07894018292427063,-0.31736695766448975,0.26907098293304443,0.048941176384687424,0.2702953815460205,0.049775630235672,-0.29860198497772217,0.04920469596982002,-0.29886698722839355,0.049287114292383194,0.0,0.0,0.0,0.0,0.0,0.0,-0.011350871995091438,0.0362834706902504,-0.028977951034903526,0.014692241325974464,-0.026988564059138298,0.04124385863542557,0.05997071787714958,0.04823698848485947,0.01445822510868311,-0.02814723551273346,0.04565279930830002,0.004027594346553087,0.0,-0.0,0.0,-0.0,0.0,0.0,0.0,0.0,0.0,0.0,0.0,0.0,0.0,-0.0,0.0,-0.0,0.0,0.0,0.0,0.0,0.0,0.0,0.0,0.0,0.134965717792511,-0.15710830688476562,0.13928383588790894,-0.15407103300094604,0.13638877868652344,0.1497691422700882,0.13452383875846863,0.1492631733417511,0.134965717792511,-0.15710830688476562,0.13928383588790894,-0.15407103300094604,0.13638877868652344,0.1497691422700882,0.13452383875846863,0.1492631733417511,-0.0016772589879110456,-0.013852698728442192,0.019468417391180992,-0.017904143780469894,-0.0474177822470665,0.012228554114699364,-0.049882590770721436,0.04951764643192291,0.30000001192092896,0.30000001192092896,0.30000001192092896,0.30000001192092896,0.0,0.0,1.0,0.0,-0.0,1.0,-0.0,-0.9999998807907104,0.30000001192092896,0.30000001192092896,0.30000001192092896,0.30000001192092896
0.1,0,0.013757815584540367,-0.02484786882996559,0.020577864721417427,0.28191494941711426,0.0,0.0919872373342514,0.012555393390357494,0.0029744512867182493,1,1,1,1,10.273694038391113,3.593501567840576,4.040676116943359,10.773796081542969,10.273694038391113,3.593501567840576,4.040676116943359,10.773796081542969,0,0,0,0,0,0.9999909996986389,0.08020824939012527,-0.31810399889945984,0.07892251014709473,-0.31738439202308655,0.26883742213249207,0.048888951539993286,0.2691113352775574,0.04921359196305275,-0.2982182502746582,0.0491439551115036,-0.29869601130485535,0.049320951104164124,0.0,0.0,0.0,0.0,0.0,0.0,0.06887523084878922,-0.012791965156793594,0.0357542410492897,-0.002347475616261363,-0.019499611109495163,-0.017429441213607788,0.014495627023279667,0.010876464657485485,-0.0016703478759154677,0.0111605329439044,0.022504623979330063,-0.024981951341032982,0.0,-0.0,0.0,-0.0,0.0,0.0,0.0,0.0,0.0,0.0,0.0,0.0,0.0,-0.0,0.0,-0.0,0.0,0.0,0.0,0.0,0.0,0.0,0.0,0.0,0.134965717792511,-0.15710830688476562,0.13928383588790894,-0.15407103300094604,0.13638877868652344,0.1497691422700882,0.13452383875846863,0.1492631733417511,0.134965717792511,-0.15710830688476562,0.13928383588790894,-0.15407103300094604,0.13638877868652344,0.1497691422700882,0.13452383875846863,0.1492631733417511,-0.0016772589879110456,-0.013852698728442192,0.019468417391180992,-0.017904143780469894,-0.0474177822470665,0.012228554114699364,-0.049882590770721436,0.04951764643192291,0.30000001192092896,0.30000001192092896,0.30000001192092896,0.30000001192092896,0.0,0.0,1.0,0.0,-0.0,1.0,-0.0,-0.9999998807907104,0.30000001192092896,0.30000001192092896,0.30000001192092896,0.30000001192092896
0.15,0,0.013109934516251087,-0.02424972504377365,0.012135099619626999,0.2821604609489441,0.0,0.057693418115377426,0.016411982476711273,0.002885970054194331,1,1,1,1,10.919865608215332,3.0849831104278564,3.525653123855591,11.23495101928711,10.919865608215332,3.0849831104278564,3.525653123855591,11.23495101928711,0,0,0,0,0,0.9999959468841553,0.0802120715379715,-0.3180989623069763,0.07892055809497833,-0.31738588213920593,0.2689136266708374,0.04890654608607292,0.26898953318595886,0.04927949607372284,-0.2975761592388153,0.049030330032110214,-0.2981964349746704,0.049402784556150436,0.0,0.0,0.0,0.0,0.0,0.0,-0.04258526861667633,-0.010410589165985584,-0.006195470690727234,-0.01065724529325962,-0.01765686459839344,0.0018604823853820562,-0.004956420976668596,0.02547970972955227,-0.006291558966040611,-0.00831794273108244,0.010113278403878212,0.007390948478132486,0.0,-0.0,0.0,-0.0,0.0,0.0,0.0,0.0,0.0,0.0,0.0,0.0,0.0,-0.0,0.0,-0.0,0.0,0.0,0.0,0.0,0.0,0.0,0.0,0.0,0.134965717792511,-0.15710830688476562,0.13928383588790894,-0.15407103300094604,0.13638877868652344,0.1497691422700882,0.13452383875846863,0.1492631733417511,0.134965717792511,-0.15710830688476562,0.13928383588790894,-0.15407103300094604,0.13638877868652344,0.1497691422700882,0.13452383875846863,0.1492631733417511,-0.0016772589879110456,-0.013852698728442192,0.019468417391180992,-0.017904143780469894,-0.0474177822470665,0.012228554114699364,-0.049882590770721436,0.04951764643192291,0.30000001192092896,0.30000001192092896,0.30000001192092896,0.30000001192092896,0.0,0.0,1.0,0.0,-0.0,1.0,-0.0,-0.9999998807907104,0.30000001192092896,0.30000001192092896,0.30000001192092896,0.30000001192092896
0.2,0,0.013016348704695702,-0.024022843688726425,0.0038820814806967974,0.28224417567253113,0.0,0.03743591159582138,0.01889442279934883,0.002764298813417554,1,1,1,1,11.135567665100098,2.8916923999786377,2.985776424407959,11.529383659362793,11.135567665100098,2.8916923999786377,2.985776424407959,11.529383659362793,0,0,0,0,0,0.9999979734420776,0.08021669834852219,-0.3180934488773346,0.07891468703746796,-0.3173910081386566,0.2691338360309601,0.04895373061299324,0.26908713579177856,0.0493650957942009,-0.29676899313926697,0.048887819051742554,-0.2975711524486542,0.049497589468955994,0.0,0.0,0.0,0.0,0.0,0.0,-0.009853952564299107,-0.009348776191473007,0.010467028245329857,-0.008330274373292923,-0.01717575639486313,-0.008989975787699223,0.002038495149463415,0.022272368893027306,-0.00024028768530115485,-0.009156537242233753,0.0084902448579669,-0.002443566219881177,0.0,-0.0,0.0,-0.0,0.0,0.0,0.0,0.0,0.0,0.0,0.0,0.0,0.0,-0.0,0.0,-0.0,0.0,0.0,0.0,0.0,0.0,0.0,0.0,0.0,0.134965717792511,-0.15710830688476562,0.13928383588790894,-0.15407103300094604,0.13638877868652344,0.1497691422700882,0.13452383875846863,0.1492631733417511,0.134965717792511,-0.15710830688476562,0.13928383588790894,-0.15407103300094604,0.13638877868652344,0.1497691422700882,0.13452383875846863,0.1492631733417511,-0.0016772589879110456,-0.013852698728442192,0.019468417391180992,-0.017904143780469894,-0.0474177822470665,0.012228554114699364,-0.049882590770721436,0.04951764643192291,0.30000001192092896,0.30000001192092896,0.30000001192092896,0.30000001192092896,0.0,0.0,1.0,0.0,-0.0,1.0,-0.0,-0.9999998807907104,0.30000001192092896,0.30000001192092896,0.30000001192092896,0.30000001192092896
0.25,0,0.01319970190525055,-0.023659981787204742,0.021236876025795937,0.2822675406932831,0.0,0.040659938007593155,0.01982930302619934,0.002884095534682274,1,1,1,1,10.570789337158203,3.4994900226593018,4.008712291717529,10.836610794067383,10.570789337158203,3.4994900226593018,4.008712291717529,10.836610794067383,0,0,0,0,0,0.999998927116394,0.08020981401205063,-0.31810110807418823,0.0789145678281784,-0.3173907995223999,0.2694382667541504,0.04901048541069031,0.2694564163684845,0.049450211226940155,-0.2959713935852051,0.048987533897161484,-0.2968793213367462,0.04960213229060173,0.0,0.0,0.0,0.0,0.0,0.0,0.006595390383154154,-0.013820702210068703,0.017335141077637672,-0.007056096103042364,-0.015386204235255718,-0.012154140509665012,0.002890955191105604,0.019359029829502106,0.0028937566094100475,-0.005554022267460823,0.015649795532226562,-0.00408640643581748,0.0,-0.0,0.0,-0.0,0.0,0.0,0.0,0.0,0.0,0.0,0.0,0.0,0.0,-0.0,0.0,-0.0,0.0,0.0,0.0,0.0,0.0,0.0,0.0,0.0,0.134965717792511,-0.15710830688476562,0.13928383588790894,-0.15407103300094604,0.13638877868652344,0.1497691422700882,0.13452383875846863,0.1492631733417511,0.134965717792511,-0.15710830688476562,0.13928383588790894,-0.15407103300094604,0.13638877868652344,0.1497691422700882,0.13452383875846863,0.1492631733417511,-0.0016772589879110456,-0.013852698728442192,0.019468417391180992,-0.017904143780469894,-0.0474177822470665,0.012228554114699364,-0.049882590770721436,0.04951764643192291,0.30000001192092896,0.30000001192092896,0.30000001192092896,0.30000001192092896,0.0,0.0,1.0,0.0,-0.0,1.0,-0.0,-0.9999998807907104,0.30000001192092896,0.30000001192092896,0.30000001192092896,0.30000001192092896
0.3,0,0.013581688515841961,-0.023410849273204803,0.01740395277738571,0.28230682015419006,0.0,0.03835596889257431,0.020134907215833664,0.003046697936952114,1,1,1,1,10.485687255859375,3.566459894180298,3.844695568084717,10.889389038085938,10.485687255859375,3.566459894180298,3.844695568084717,10.889389038085938,0,0,0,0,0,0.9999992847442627,0.0801989734172821,-0.3181130290031433,0.07890252768993378,-0.31740251183509827,0.26980406045913696,0.04907643049955368,0.26994946599006653,0.04953519627451897,-0.29517650604248047,0.049130555242300034,-0.2961544096469879,0.04970023036003113,0.0,0.0,0.0,0.0,0.0,0.0,-0.005097700748592615,-0.01588059775531292,0.013272873125970364,-0.011753195896744728,-0.014319460839033127,-0.012244937010109425,-0.005447275936603546,0.018869275227189064,-0.0008685794309712946,-0.005879891104996204,0.009308907203376293,-0.004000340588390827,0.0,-0.0,0.0,-0.0,0.0,0.0,0.0,0.0,0.0,0.0,0.0,0.0,0.0,-0.0,0.0,-0.0,0.0,0.0,0.0,0.0,0.0,0.0,0.0,0.0,0.134965717792511,-0.15710830688476562,0.13928383588790894,-0.15407103300094604,0.13638877868652344,0.1497691422700882,0.13452383875846863,0.1492631733417511,0.134965717792511,-0.15710830688476562,0.13928383588790894,-0.15407103300094604,0.13638877868652344,0.1497691422700882,0.13452383875846863,0.1492631733417511,-0.0016772589879110456,-0.013852698728442192,0.019468417391180992,-0.017904143780469894,-0.0474177822470665,0.012228554114699364,-0.049882590770721436,0.04951764643192291,0.30000001192092896,0.30000001192092896,0.30000001192092896,0.30000001192092896,0.0,0.0,1.0,0.0,-0.0,1.0,-0.0,-0.9999998807907104,0.30000001192092896,0.30000001192092896,0.30000001192092896,0.30000001192092896
0.35,0,0.014054040424525738,-0.023187492042779922,0.008401703089475632,0.28229984641075134,0.0,0.03807720169425011,0.020589113235473633,0.00321564800105989,1,1,1,1,9.858565330505371,4.082683563232422,4.325572967529297,10.420578956604004,9.858565330505371,4.082683563232422,4.325572967529297,10.420578956604004,0,0,0,0,0,0.9999995231628418,0.0801876038312912,-0.31812551617622375,0.07888652384281158,-0.31741851568222046,0.2702014446258545,0.04914586618542671,0.27046632766723633,0.04961453750729561,-0.29439765214920044,0.049263082444667816,-0.2954004406929016,0.04978952184319496,0.0,0.0,0.0,0.0,0.0,0.0,-0.006027394440025091,-0.016123272478580475,0.01479302067309618,-0.00982298981398344,-0.013016793876886368,-0.013862453401088715,-0.004041007719933987,0.018305135890841484,0.0015227177646011114,-0.0065590254962444305,0.008826177567243576,-0.001416339771822095,0.0,-0.0,0.0,-0.0,0.0,0.0,0.0,0.0,0.0,0.0,0.0,0.0,0.0,-0.0,0.0,-0.0,0.0,0.0,0.0,0.0,0.0,0.0,0.0,0.0,0.134965717792511,-0.15710830688476562,0.13928383588790894,-0.15407103300094604,0.13638877868652344,0.1497691422700882,0.13452383875846863,0.1492631733417511,0.134965717792511,-0.15710830688476562,0.13928383588790894,-0.15407103300094604,0.13638877868652344,0.1497691422700882,0.13452383875846863,0.1492631733417511,-0.0016772589879110456,-0.013852698728442192,0.019468417391180992,-0.017904143780469894,-0.0474177822470665,0.012228554114699364,-0.049882590770721436,0.04951764643192291,0.30000001192092896,0.30000001192092896,0.30000001192092896,0.30000001192092896,0.0,0.0,1.0,0.0,-0.0,1.0,-0.0,-0.9999998807907104,0.30000001192092896,0.30000001192092896,0.30000001192092896,0.30000001192092896
0.4,0,0.014690288342535496,-0.023027727380394936,0.0076033324003219604,0.2822261452674866,0.0,0.04043780639767647,0.02060125768184662,0.003440412925556302,1,1,1,1,10.194955825805664,3.852424383163452,4.099093437194824,10.556655883789062,10.194955825805664,3.852424383163452,4.099093437194824,10.556655883789062,0,0,0,0,0,0.9999995231628418,0.08017473667860031,-0.31813961267471313,0.07887893915176392,-0.31742653250694275,0.2706605792045593,0.049223992973566055,0.2710447907447815,0.04969676584005356,-0.2935950756072998,0.04938562586903572,-0.29459020495414734,0.049871381372213364,0.0,0.0,0.0,0.0,0.0,0.0,-0.0026092366315424442,-0.018508752807974815,0.015402361750602722,-0.010839133523404598,-0.013084259815514088,-0.014538034796714783,-0.006259148940443993,0.019012993201613426,0.001963547896593809,-0.005958010908216238,0.009710190817713737,-0.003774916287511587,0.0,-0.0,0.0,-0.0,0.0,0.0,0.0,0.0,0.0,0.0,0.0,0.0,0.0,-0.0,0.0,-0.0,0.0,0.0,0.0,0.0,0.0,0.0,0.0,0.0,0.134965717792511,-0.15710830688476562,0.13928383588790894,-0.15407103300094604,0.13638877868652344,0.1497691422700882,0.13452383875846863,0.1492631733417511,0.134965717792511,-0.15710830688476562,0.13928383588790894,-0.15407103300094604,0.13638877868652344,0.1497691422700882,0.13452383875846863,0.1492631733417511,-0.0016772589879110456,-0.013852698728442192,0.019468417391180992,-0.017904143780469894,-0.0474177822470665,0.012228554114699364,-0.049882590770721436,0.04951764643192291,0.30000001192092896,0.30000001192092896,0.30000001192092896,0.30000001192092896,0.0,0.0,1.0,0.0,-0.0,1.0,-0.0,-0.9999998807907104,0.30000001192092896,0.30000001192092896,0.30000001192092896,0.30000001192092896
0.45,0,0.015337272547185421,-0.022904474288225174,0.005827965680509806,0.28216031193733215,0.0,0.04281143471598625,0.020724933594465256,0.0036294881720095873,1,1,1,1,10.17713451385498,3.8326568603515625,4.0276570320129395,10.581562042236328,10.17713451385498,3.8326568603515625,4.0276570320129395,10.581562042236328,0,0,0,0,0,0.9999995231628418,0.08016060292720795,-0.31815487146377563,0.07886599749326706,-0.3174399137496948,0.27113211154937744,0.04930020123720169,0.2716386020183563,0.04977027699351311,-0.2928112745285034,0.049493975937366486,-0.2937697470188141,0.04993797838687897,0.0,0.0,0.0,0.0,0.0,0.0,0.003648995654657483,-0.01966775953769684,0.016984403133392334,-0.009844126179814339,-0.013193187303841114,-0.016781168058514595,-0.006560612469911575,0.020528243854641914,0.0012608009856194258,-0.005348077043890953,0.006873607635498047,-0.0070533729158341885,0.0,-0.0,0.0,-0.0,0.0,0.0,0.0,0.0,0.0,0.0,0.0,0.0,0.0,-0.0,0.0,-0.0,0.0,0.0,0.0,0.0,0.0,0.0,0.0,0.0,0.134965717792511,-0.15710830688476562,0.13928383588790894,-0.15407103300094604,0.13638877868652344,0.1497691422700882,0.13452383875846863,0.1492631733417511,0.134965717792511,-0.15710830688476562,0.13928383588790894,-0.15407103300094604,0.13638877868652344,0.1497691422700882,0.13452383875846863,0.1492631733417511,-0.0016772589879110456,-0.013852698728442192,0.019468417391180992,-0.017904143780469894,-0.0474177822470665,0.012228554114699364,-0.049882590770721436,0.04951764643192291,0.30000001192092896,0.30000001192092896,0.30000001192092896,0.30000001192092896,0.0,0.0,1.0,0.0,-0.0,1.0,-0.0,-0.9999998807907104,0.30000001192092896,0.30000001192092896,0.30000001192092896,0.30000001192092896
0.5,0,0.016034597530961037,-0.022852426394820213,0.004010581411421299,0.28208813071250916,0.0,0.04155993461608887,0.020830679684877396,0.003818090772256255,1,1,1,1,10.218354225158691,3.911592960357666,4.387474536895752,10.349945068359375,10.218354225158691,3.911592960357666,4.387474536895752,10.349945068359375,0,0,0,0,0,0.9999995231628418,0.08014889061450958,-0.31816771626472473,0.07885773479938507,-0.3174484968185425,0.27163299918174744,0.04937625676393509,0.2722628712654114,0.049839086830616,-0.2920158803462982,0.04959217831492424,-0.2929479777812958,0.049993883818387985,0.0,0.0,0.0,0.0,0.0,0.0,-0.0027277772314846516,-0.019985662773251534,0.014999262988567352,-0.01063388492912054,-0.012546040117740631,-0.016155371442437172,-0.00804859958589077,0.019806398078799248,0.001269875792786479,-0.005751598160713911,0.007151301484555006,-0.004582148510962725,0.0,-0.0,0.0,-0.0,0.0,0.0,0.0,0.0,0.0,0.0,0.0,0.0,0.0,-0.0,0.0,-0.0,0.0,0.0,0.0,0.0,0.0,0.0,0.0,0.0,0.134965717792511,-0.15710830688476562,0.13928383588790894,-0.15407103300094604,0.13638877868652344,0.1497691422700882,0.13452383875846863,0.1492631733417511,0.134965717792511,-0.15710830688476562,0.13928383588790894,-0.15407103300094604,0.13638877868652344,0.1497691422700882,0.13452383875846863,0.1492631733417511,-0.0016772589879110456,-0.013852698728442192,0.019468417391180992,-0.017904143780469894,-0.0474177822470665,0.012228554114699364,-0.049882590770721436,0.04951764643192291,0.30000001192092896,0.30000001192092896,0.30000001192092896,0.30000001192092896,0.0,0.0,1.0,0.0,-0.0,1.0,-0.0,-0.9999998807907104,0.30000001192092896,0.30000001192092896,0.30000001192092896,0.30000001192092896
0.55,0,0.016727807000279427,-0.02280762791633606,0.0036854995414614677,0.2820153832435608,0.0,0.041719090193510056,0.02067003771662712,0.003969062119722366,1,1,1,1,10.193528175354004,3.8938863277435303,4.260622024536133,10.573785781860352,10.193528175354004,3.8938863277435303,4.260622024536133,10.573785781860352,0,0,0,0,0,0.9999995231628418,0.08013743162155151,-0.31818002462387085,0.07884223014116287,-0.3174644112586975,0.27214375138282776,0.04944891110062599,0.2728842794895172,0.049899108707904816,-0.2912285327911377,0.04967597872018814,-0.2921248972415924,0.050034962594509125,0.0,0.0,0.0,0.0,0.0,0.0,-0.003499788697808981,-0.02021663449704647,0.014488904736936092,-0.010119067505002022,-0.012476238422095776,-0.01645459420979023,-0.008283964358270168,0.020340152084827423,0.001448740833438933,-0.005941787268966436,0.006440962199121714,-0.004421756602823734,0.0,-0.0,0.0,-0.0,0.0,0.0,0.0,0.0,0.0,0.0,0.0,0.0,0.0,-0.0,0.0,-0.0,0.0,0.0,0.0,0.0,0.0,0.0,0.0,0.0,0.134965717792511,-0.15710830688476562,0.13928383588790894,-0.15407103300094604,0.13638877868652344,0.1497691422700882,0.13452383875846863,0.1492631733417511,0.134965717792511,-0.15710830688476562,0.13928383588790894,-0.15407103300094604,0.13638877868652344,0.1497691422700882,0.13452383875846863,0.1492631733417511,-0.0016772589879110456,-0.013852698728442192,0.019468417391180992,-0.017904143780469894,-0.0474177822470665,0.012228554114699364,-0.049882590770721436,0.04951764643192291,0.30000001192092896,0.30000001192092896,0.30000001192092896,0.30000001192092896,0.0,0.0,1.0,0.0,-0.0,1.0,-0.0,-0.9999998807907104,0.30000001192092896,0.30000001192092896,0.30000001192092896,0.30000001192092896
0.6,0,0.017435800284147263,-0.022796379402279854,0.0018285491969436407,0.28194791078567505,0.0,0.042899444699287415,0.020681004971265793,0.004131522960960865,1,1,1,1,10.126166343688965,4.0218424797058105,4.251471996307373,10.342216491699219,10.126166343688965,4.0218424797058105,4.251471996307373,10.342216491699219,0,0,0,0,0,0.999999463558197,0.08012823015451431,-0.31819018721580505,0.07883168756961823,-0.317475289106369,0.2726677656173706,0.04951734468340874,0.2735224664211273,0.049952346831560135,-0.2904347777366638,0.04974789172410965,-0.291287899017334,0.050060078501701355,0.0,0.0,0.0,0.0,0.0,0.0,-0.000635522126685828,-0.020820442587137222,0.016020970419049263,-0.010625205934047699,-0.012351361103355885,-0.017642779275774956,-0.00775938481092453,0.020095249637961388,0.0013441749615594745,-0.005547283682972193,0.007255134638398886,-0.0048820083029568195,0.0,-0.0,0.0,-0.0,0.0,0.0,0.0,0.0,0.0,0.0,0.0,0.0,0.0,-0.0,0.0,-0.0,0.0,0.0,0.0,0.0,0.0,0.0,0.0,0.0,0.134965717792511,-0.15710830688476562,0.13928383588790894,-0.15407103300094604,0.13638877868652344,0.1497691422700882,0.13452383875846863,0.1492631733417511,0.134965717792511,-0.15710830688476562,0.13928383588790894,-0.15407103300094604,0.13638877868652344,0.1497691422700882,0.13452383875846863,0.1492631733417511,-0.0016772589879110456,-0.013852698728442192,0.019468417391180992,-0.017904143780469894,-0.0474177822470665,0.012228554114699364,-0.049882590770721436,0.04951764643192291,0.30000001192092896,0.30000001192092896,0.30000001192092896,0.30000001192092896,0.0,0.0,1.0,0.0,-0.0,1.0,-0.0,-0.9999998807907104,0.30000001192092896,0.30000001192092896,0.30000001192092896,0.30000001192092896
0.65,0,0.018162256106734276,-0.022812020033597946,-0.0034965763334184885,0.2818816304206848,0.0,0.04369723051786423,0.020844489336013794,0.004290284123271704,1,1,1,1,10.371542930603027,3.9234840869903564,4.144803047180176,10.41141128540039,10.371542930603027,3.9234840869903564,4.144803047180176,10.41141128540039,0,0,0,0,0,0.9999994039535522,0.08011730015277863,-0.31820207834243774,0.07882529497146606,-0.317482054233551,0.2732211649417877,0.04958411678671837,0.2741750478744507,0.049997929483652115,-0.28964197635650635,0.04980767145752907,-0.2904590666294098,0.05007301643490791,0.0,0.0,0.0,0.0,0.0,0.0,-0.0013235112419351935,-0.02187023125588894,0.01511190552264452,-0.0110141197219491,-0.012600674293935299,-0.017279697582125664,-0.00887136161327362,0.020803695544600487,0.0009779901010915637,-0.005366696044802666,0.007345499936491251,-0.005209080874919891,0.0,-0.0,0.0,-0.0,0.0,0.0,0.0,0.0,0.0,0.0,0.0,0.0,0.0,-0.0,0.0,-0.0,0.0,0.0,0.0,0.0,0.0,0.0,0.0,0.0,0.134965717792511,-0.15710830688476562,0.13928383588790894,-0.15407103300094604,0.13638877868652344,0.1497691422700882,0.13452383875846863,0.1492631733417511,0.134965717792511,-0.15710830688476562,0.13928383588790894,-0.15407103300094604,0.13638877868652344,0.1497691422700882,0.13452383875846863,0.1492631733417511,-0.0016772589879110456,-0.013852698728442192,0.019468417391180992,-0.017904143780469894,-0.0474177822470665,0.012228554114699364,-0.049882590770721436,0.04951764643192291,0.30000001192092896,0.30000001192092896,0.30000001192092896,0.30000001192092896,0.0,0.0,1.0,0.0,-0.0,1.0,-0.0,-0.9999998807907104,0.30000001192092896,0.30000001192092896,0.30000001192092896,0.30000001192092896
0.7,0,0.018873224034905434,-0.022840606048703194,-0.001570901949889958,0.2818072736263275,0.0,0.04290805757045746,0.020691387355327606,0.004425265826284885,1,1,1,1,10.480517387390137,3.776002883911133,3.7495617866516113,10.6643705368042,10.480517387390137,3.776002883911133,3.7495617866516113,10.6643705368042,0,0,0,0,0,0.9999994039535522,0.08010793477296829,-0.31821203231811523,0.07881136983633041,-0.3174963593482971,0.2737742066383362,0.0496453195810318,0.2748070955276489,0.05003504082560539,-0.2888606786727905,0.049852773547172546,-0.28962233662605286,0.050070032477378845,0.0,0.0,0.0,0.0,0.0,0.0,-0.00261227716691792,-0.021164653822779655,0.014707238413393497,-0.010654544457793236,-0.012014906853437424,-0.01767617091536522,-0.008795193396508694,0.020560478791594505,0.001515750540420413,-0.005894563626497984,0.0063678366132080555,-0.004693211056292057,0.0,-0.0,0.0,-0.0,0.0,0.0,0.0,0.0,0.0,0.0,0.0,0.0,0.0,-0.0,0.0,-0.0,0.0,0.0,0.0,0.0,0.0,0.0,0.0,0.0,0.134965717792511,-0.15710830688476562,0.13928383588790894,-0.15407103300094604,0.13638877868652344,0.1497691422700882,0.13452383875846863,0.1492631733417511,0.134965717792511,-0.15710830688476562,0.13928383588790894,-0.15407103300094604,0.13638877868652344,0.1497691422700882,0.13452383875846863,0.1492631733417511,-0.0016772589879110456,-0.013852698728442192,0.019468417391180992,-0.017904143780469894,-0.0474177822470665,0.012228554114699364,-0.049882590770721436,0.04951764643192291,0.30000001192092896,0.30000001192092896,0.30000001192092896,0.30000001192092896,0.0,0.0,1.0,0.0,-0.0,1.0,-0.0,-0.9999998807907104,0.30000001192092896,0.30000001192092896,0.30000001192092896,0.30000001192092896
0.75,0,0.019588235765695572,-0.022872231900691986,-0.0033212515991181135,0.28173837065696716,0.0,0.04433858022093773,0.02072906121611595,0.004572680685669184,1,1,1,1,10.407952308654785,3.8984618186950684,3.8543667793273926,10.60055923461914,10.407952308654785,3.8984618186950684,3.8543667793273926,10.60055923461914,0,0,0,0,0,0.9999994039535522,0.08009742200374603,-0.31822317838668823,0.07880210876464844,-0.31750595569610596,0.27433881163597107,0.049699872732162476,0.2754473090171814,0.05006314814090729,-0.28807586431503296,0.049885764718055725,-0.2887958288192749,0.05005514249205589,0.0,0.0,0.0,0.0,0.0,0.0,-0.0027658792678266764,-0.02175752818584442,0.014225841499865055,-0.011534644290804863,-0.013007068075239658,-0.01656121201813221,-0.009743629023432732,0.02184678427875042,0.0011173251550644636,-0.0063444203697144985,0.00797967053949833,-0.005347335245460272,0.0,-0.0,0.0,-0.0,0.0,0.0,0.0,0.0,0.0,0.0,0.0,0.0,0.0,-0.0,0.0,-0.0,0.0,0.0,0.0,0.0,0.0,0.0,0.0,0.0,0.134965717792511,-0.15710830688476562,0.13928383588790894,-0.15407103300094604,0.13638877868652344,0.1497691422700882,0.13452383875846863,0.1492631733417511,0.134965717792511,-0.15710830688476562,0.13928383588790894,-0.15407103300094604,0.13638877868652344,0.1497691422700882,0.13452383875846863,0.1492631733417511,-0.0016772589879110456,-0.013852698728442192,0.019468417391180992,-0.017904143780469894,-0.0474177822470665,0.012228554114699364,-0.049882590770721436,0.04951764643192291,0.30000001192092896,0.30000001192092896,0.30000001192092896,0.30000001192092896,0.0,0.0,1.0,0.0,-0.0,1.0,-0.0,-0.9999998807907104,0.30000001192092896,0.30000001192092896,0.30000001192092896,0.30000001192092896
0.8,0,0.02032119780778885,-0.02292165346443653,-0.0037299690302461386,0.28168633580207825,0.0,0.043486446142196655,0.02072763442993164,0.004721889737993479,1,1,1,1,10.400141716003418,3.9604249000549316,3.8048088550567627,10.58030891418457,10.400141716003418,3.9604249000549316,3.8048088550567627,10.58030891418457,0,0,0,0,0,0.9999993443489075,0.08008737117052078,-0.3182341158390045,0.07879260182380676,-0.3175157904624939,0.2749200761318207,0.04974967986345291,0.276120662689209,0.05008275806903839,-0.2872869074344635,0.049906175583601,-0.2879607379436493,0.050025250762701035,0.0,0.0,0.0,0.0,0.0,0.0,-0.0010473438305780292,-0.021567929536104202,0.014649034477770329,-0.010981694795191288,-0.011799241416156292,-0.018041320145130157,-0.008959425613284111,0.021040190011262894,0.001012164750136435,-0.00574609637260437,0.006202628370374441,-0.005423986352980137,0.0,-0.0,0.0,-0.0,0.0,0.0,0.0,0.0,0.0,0.0,0.0,0.0,0.0,-0.0,0.0,-0.0,0.0,0.0,0.0,0.0,0.0,0.0,0.0,0.0,0.134965717792511,-0.15710830688476562,0.13928383588790894,-0.15407103300094604,0.13638877868652344,0.1497691422700882,0.13452383875846863,0.1492631733417511,0.134965717792511,-0.15710830688476562,0.13928383588790894,-0.15407103300094604,0.13638877868652344,0.1497691422700882,0.13452383875846863,0.1492631733417511,-0.0016772589879110456,-0.013852698728442192,0.019468417391180992,-0.017904143780469894,-0.0474177822470665,0.012228554114699364,-0.049882590770721436,0.04951764643192291,0.30000001192092896,0.30000001192092896,0.30000001192092896,0.30000001192092896,0.0,0.0,1.0,0.0,-0.0,1.0,-0.0,-0.9999998807907104,0.30000001192092896,0.30000001192092896,0.30000001192092896,0.30000001192092896
0.85,0,0.021037045866250992,-0.022961987182497978,-0.003836381481960416,0.2816193103790283,0.0,0.04240812361240387,0.020575448870658875,0.004871207755059004,1,1,1,1,10.327409744262695,4.053600788116455,3.853309392929077,10.4649658203125,10.327409744262695,4.053600788116455,3.853309392929077,10.4649658203125,0,0,0,0,0,0.9999993443489075,0.080077163875103,-0.3182448148727417,0.07878204435110092,-0.31752678751945496,0.2755056321620941,0.04979220777750015,0.2767653167247772,0.050092920660972595,-0.28650400042533875,0.049915023148059845,-0.28712350130081177,0.04998014494776726,0.0,0.0,0.0,0.0,0.0,0.0,-0.0035236761905252934,-0.02025001123547554,0.013683789409697056,-0.011705462820827961,-0.011894740164279938,-0.016984106972813606,-0.009205996058881283,0.020475955680012703,0.0005970228230580688,-0.006581490393728018,0.007026446517556906,-0.0049701533280313015,0.0,-0.0,0.0,-0.0,0.0,0.0,0.0,0.0,0.0,0.0,0.0,0.0,0.0,-0.0,0.0,-0.0,0.0,0.0,0.0,0.0,0.0,0.0,0.0,0.0,0.134965717792511,-0.15710830688476562,0.13928383588790894,-0.15407103300094604,0.13638877868652344,0.1497691422700882,0.13452383875846863,0.1492631733417511,0.134965717792511,-0.15710830688476562,0.13928383588790894,-0.15407103300094604,0.13638877868652344,0.1497691422700882,0.13452383875846863,0.1492631733417511,-0.0016772589879110456,-0.013852698728442192,0.019468417391180992,-0.017904143780469894,-0.0474177822470665,0.012228554114699364,-0.049882590770721436,0.04951764643192291,0.30000001192092896,0.30000001192092896,0.30000001192092896,0.30000001192092896,0.0,0.0,1.0,0.0,-0.0,1.0,-0.0,-0.9999998807907104,0.30000001192092896,0.30000001192092896,0.30000001192092896,0.30000001192092896
0.9,0,0.021776380017399788,-0.023018701002001762,-0.0022651618346571922,0.28157180547714233,0.0,0.04291526973247528,0.020588211715221405,0.005011565517634153,1,1,1,1,10.090238571166992,4.122998237609863,4.049118995666504,10.18099308013916,10.090238571166992,4.122998237609863,4.049118995666504,10.18099308013916,0,0,0,0,0,0.9999992847442627,0.08006801456212997,-0.318254679441452,0.07877639681100845,-0.31753265857696533,0.27611008286476135,0.0498293973505497,0.27744874358177185,0.05009361729025841,-0.28571826219558716,0.04992508143186569,-0.28629201650619507,0.04992342367768288,0.0,0.0,0.0,0.0,0.0,0.0,-0.005483188666403294,-0.020444396883249283,0.012806443497538567,-0.01041487231850624,-0.011182771995663643,-0.017125960439443588,-0.009798217564821243,0.022457944229245186,0.0013473840663209558,-0.007647149730473757,0.004004933871328831,-0.005114293657243252,0.0,-0.0,0.0,-0.0,0.0,0.0,0.0,0.0,0.0,0.0,0.0,0.0,0.0,-0.0,0.0,-0.0,0.0,0.0,0.0,0.0,0.0,0.0,0.0,0.0,0.134965717792511,-0.15710830688476562,0.13928383588790894,-0.15407103300094604,0.13638877868652344,0.1497691422700882,0.13452383875846863,0.1492631733417511,0.134965717792511,-0.15710830688476562,0.13928383588790894,-0.15407103300094604,0.13638877868652344,0.1497691422700882,0.13452383875846863,0.1492631733417511,-0.0016772589879110456,-0.013852698728442192,0.019468417391180992,-0.017904143780469894,-0.0474177822470665,0.012228554114699364,-0.049882590770721436,0.04951764643192291,0.30000001192092896,0.30000001192092896,0.30000001192092896,0.30000001192092896,0.0,0.0,1.0,0.0,-0.0,1.0,-0.0,-0.9999998807907104,0.30000001192092896,0.30000001192092896,0.30000001192092896,0.30000001192092896
0.95,0,0.022494396194815636,-0.02296076901257038,-0.002844183938577771,0.2815361022949219,0.0,0.04313940182328224,0.020744163542985916,0.005177373066544533,1,1,1,1,10.619481086730957,3.6413891315460205,3.393115520477295,11.000673294067383,10.619481086730957,3.6413891315460205,3.393115520477295,11.000673294067383,0,0,0,0,0,0.9999992847442627,0.08005817234516144,-0.31826522946357727,0.07876920700073242,-0.3175402283668518,0.2767167389392853,0.049858517944812775,0.27813440561294556,0.050086650997400284,-0.2849348187446594,0.04996107891201973,-0.2854921817779541,0.04994108900427818,0.0,0.0,0.0,0.0,0.0,0.0,-0.0035937305074185133,-0.020643504336476326,0.011493954807519913,-0.010787338018417358,-0.012298804707825184,-0.016050850972533226,-0.00798770785331726,0.023813238367438316,0.0004914945457130671,-0.007320305332541466,0.007555089425295591,-0.004773798398673534,0.0,-0.0,0.0,-0.0,0.0,0.0,0.0,0.0,0.0,0.0,0.0,0.0,0.0,-0.0,0.0,-0.0,0.0,0.0,0.0,0.0,0.0,0.0,0.0,0.0,0.134965717792511,-0.15710830688476562,0.13928383588790894,-0.15407103300094604,0.13638877868652344,0.1497691422700882,0.13452383875846863,0.1492631733417511,0.134965717792511,-0.15710830688476562,0.13928383588790894,-0.15407103300094604,0.13638877868652344,0.1497691422700882,0.13452383875846863,0.1492631733417511,-0.0016772589879110456,-0.013852698728442192,0.019468417391180992,-0.017904143780469894,-0.0474177822470665,0.012228554114699364,-0.049882590770721436,0.04951764643192291,0.30000001192092896,0.30000001192092896,0.30000001192092896,0.30000001192092896,0.0,0.0,1.0,0.0,-0.0,1.0,-0.0,-0.9999998807907104,0.30000001192092896,0.30000001192092896,0.30000001192092896,0.30000001192092896
1.0,0,0.023197399452328682,-0.022894641384482384,-0.0023653905373066664,0.2814905345439911,0.0,0.04417094588279724,0.020688921213150024,0.005306340288370848,1,1,1,1,10.534554481506348,3.6986606121063232,3.417128086090088,10.967784881591797,10.534554481506348,3.6986606121063232,3.417128086090088,10.967784881591797,0,0,0,0,0,0.9999992847442627,0.08005069196224213,-0.31827312707901,0.07876139879226685,-0.31754833459854126,0.27732133865356445,0.0498778261244297,0.27879598736763,0.05006678029894829,-0.2841690182685852,0.04998694360256195,-0.2847132384777069,0.04997139424085617,0.0,0.0,0.0,0.0,0.0,0.0,-0.002391519257798791,-0.0214682724326849,0.013637734577059746,-0.011858293786644936,-0.011940822005271912,-0.017445500940084457,-0.009894364513456821,0.021998131647706032,0.000701711920555681,-0.006837873719632626,0.00700443284586072,-0.00572742847725749,0.0,-0.0,0.0,-0.0,0.0,0.0,0.0,0.0,0.0,0.0,0.0,0.0,0.0,-0.0,0.0,-0.0,0.0,0.0,0.0,0.0,0.0,0.0,0.0,0.0,0.134965717792511,-0.15710830688476562,0.13928383588790894,-0.15407103300094604,0.13638877868652344,0.1497691422700882,0.13452383875846863,0.1492631733417511,0.134965717792511,-0.15710830688476562,0.13928383588790894,-0.15407103300094604,0.13638877868652344,0.1497691422700882,0.13452383875846863,0.1492631733417511,-0.0016772589879110456,-0.013852698728442192,0.019468417391180992,-0.017904143780469894,-0.0474177822470665,0.012228554114699364,-0.049882590770721436,0.04951764643192291,0.30000001192092896,0.30000001192092896,0.30000001192092896,0.30000001192092896,0.0,0.0,1.0,0.0,-0.0,1.0,-0.0,-0.9999998807907104,0.30000001192092896,0.30000001192092896,0.30000001192092896,0.30000001192092896
1.05,0,0.0239253006875515,-0.022833503782749176,-0.0036268318071961403,0.28145381808280945,0.0,0.04639403149485588,0.020663775503635406,0.005456865765154362,1,1,1,1,10.279510498046875,3.958033561706543,3.7305502891540527,10.778714179992676,10.279510498046875,3.958033561706543,3.7305502891540527,10.778714179992676,0,0,0,0,0,0.9999992847442627,0.08004090189933777,-0.31828343868255615,0.07876010984182358,-0.3175499439239502,0.27794909477233887,0.04989071935415268,0.2794891893863678,0.050038307905197144,-0.2833699584007263,0.049998894333839417,-0.2839282155036926,0.049991361796855927,0.0,0.0,0.0,0.0,0.0,0.0,-0.00037656698259525,-0.022488947957754135,0.013521085493266582,-0.011764902621507645,-0.01261143758893013,-0.016488835215568542,-0.01070802565664053,0.024212617427110672,0.0007453137659467757,-0.0072167362086474895,0.009233610704541206,-0.007452494464814663,0.0,-0.0,0.0,-0.0,0.0,0.0,0.0,0.0,0.0,0.0,0.0,0.0,0.0,-0.0,0.0,-0.0,0.0,0.0,0.0,0.0,0.0,0.0,0.0,0.0,0.134965717792511,-0.15710830688476562,0.13928383588790894,-0.15407103300094604,0.13638877868652344,0.1497691422700882,0.13452383875846863,0.1492631733417511,0.134965717792511,-0.15710830688476562,0.13928383588790894,-0.15407103300094604,0.13638877868652344,0.1497691422700882,0.13452383875846863,0.1492631733417511,-0.0016772589879110456,-0.013852698728442192,0.019468417391180992,-0.017904143780469894,-0.0474177822470665,0.012228554114699364,-0.049882590770721436,0.04951764643192291,0.30000001192092896,0.30000001192092896,0.30000001192092896,0.30000001192092896,0.0,0.0,1.0,0.0,-0.0,1.0,-0.0,-0.9999998807907104,0.30000001192092896,0.30000001192092896,0.30000001192092896,0.30000001192092896
1.1,0,0.02465568669140339,-0.022792859002947807,-0.0034252596087753773,0.2814226746559143,0.0,0.043518707156181335,0.020651426166296005,0.005577284377068281,1,1,1,1,10.908575057983398,3.350048780441284,2.928987503051758,11.416801452636719,10.908575057983398,3.350048780441284,2.928987503051758,11.416801452636719,0,0,0,0,0,0.9999992251396179,0.08003386855125427,-0.31829094886779785,0.07874883711338043,-0.317561537027359,0.2785819172859192,0.04989559203386307,0.28019118309020996,0.05000055581331253,-0.2825844883918762,0.04999785125255585,-0.28313252329826355,0.049997229129076004,0.0,0.0,0.0,0.0,0.0,0.0,-0.004064951092004776,-0.02157997153699398,0.011331849731504917,-0.011503459885716438,-0.010973885655403137,-0.017277657985687256,-0.01078718714416027,0.022543426603078842,-0.00015910813817754388,-0.0065122428350150585,0.005927710328251123,-0.005461966618895531,0.0,-0.0,0.0,-0.0,0.0,0.0,0.0,0.0,0.0,0.0,0.0,0.0,0.0,-0.0,0.0,-0.0,0.0,0.0,0.0,0.0,0.0,0.0,0.0,0.0,0.134965717792511,-0.15710830688476562,0.13928383588790894,-0.15407103300094604,0.13638877868652344,0.1497691422700882,0.13452383875846863,0.1492631733417511,0.134965717792511,-0.15710830688476562,0.13928383588790894,-0.15407103300094604,0.13638877868652344,0.1497691422700882,0.13452383875846863,0.1492631733417511,-0.0016772589879110456,-0.013852698728442192,0.019468417391180992,-0.017904143780469894,-0.0474177822470665,0.012228554114699364,-0.049882590770721436,0.04951764643192291,0.30000001192092896,0.30000001192092896,0.30000001192092896,0.30000001192092896,0.0,0.0,1.0,0.0,-0.0,1.0,-0.0,-0.9999998807907104,0.30000001192092896,0.30000001192092896,0.30000001192092896,0.30000001192092896
1.15,0,0.025395195931196213,-0.022754531353712082,-0.004563798662275076,0.2813880741596222,0.0,0.04403584823012352,0.020786583423614502,0.0056996275670826435,1,1,1,1,11.253137588500977,3.1851768493652344,2.8717310428619385,11.460171699523926,11.253137588500977,3.1851768493652344,2.8717310428619385,11.460171699523926,0,0,0,0,0,0.9999991655349731,0.08002777397632599,-0.3182975649833679,0.07874837517738342,-0.31756240129470825,0.27921807765960693,0.04988931491971016,0.2808956801891327,0.04995008185505867,-0.2817893922328949,0.049987222999334335,-0.28233814239501953,0.049990952014923096,0.0,0.0,0.0,0.0,0.0,0.0,-0.0017531266203150153,-0.02173536643385887,0.011632007546722889,-0.011682964861392975,-0.011148369871079922,-0.01775158755481243,-0.009901382029056549,0.023169441148638725,-1.2227741535753012e-05,-0.006359885912388563,0.00643070787191391,-0.0059827580116689205,0.0,-0.0,0.0,-0.0,0.0,0.0,0.0,0.0,0.0,0.0,0.0,0.0,0.0,-0.0,0.0,-0.0,0.0,0.0,0.0,0.0,0.0,0.0,0.0,0.0,0.134965717792511,-0.15710830688476562,0.13928383588790894,-0.15407103300094604,0.13638877868652344,0.1497691422700882,0.13452383875846863,0.1492631733417511,0.134965717792511,-0.15710830688476562,0.13928383588790894,-0.15407103300094604,0.13638877868652344,0.1497691422700882,0.13452383875846863,0.1492631733417511,-0.0016772589879110456,-0.013852698728442192,0.019468417391180992,-0.017904143780469894,-0.0474177822470665,0.012228554114699364,-0.049882590770721436,0.04951764643192291,0.30000001192092896,0.30000001192092896,0.30000001192092896,0.30000001192092896,0.0,0.0,1.0,0.0,-0.0,1.0,-0.0,-0.9999998807907104,0.30000001192092896,0.30000001192092896,0.30000001192092896,0.30000001192092896
1.2,0,0.02612391486763954,-0.02274566888809204,-0.007607644889503717,0.2813566327095032,0.0,0.04427438601851463,0.020739078521728516,0.005756985861808062,1,1,1,1,10.55324649810791,3.7994003295898438,3.1344780921936035,11.140005111694336,10.55324649810791,3.7994003295898438,3.1344780921936035,11.140005111694336,0,0,0,0,0,0.9999991655349731,0.08002495765686035,-0.31830093264579773,0.07873859256505966,-0.31757238507270813,0.2798568308353424,0.049873679876327515,0.2815953493118286,0.049944330006837845,-0.2809988260269165,0.04996075853705406,-0.28153595328330994,0.04997238144278526,0.0,0.0,0.0,0.0,0.0,0.0,-0.004274959675967693,-0.02239634282886982,0.01029101014137268,-0.011329027824103832,-0.010800796560943127,-0.01749538443982601,-0.011653670109808445,0.023456363007426262,-0.0010427323868498206,-0.00611446937546134,0.0051163421012461185,-0.005717722699046135,0.0,-0.0,0.0,-0.0,0.0,0.0,0.0,0.0,0.0,0.0,0.0,0.0,0.0,-0.0,0.0,-0.0,0.0,0.0,0.0,0.0,0.0,0.0,0.0,0.0,0.134965717792511,-0.15710830688476562,0.13928383588790894,-0.15407103300094604,0.13638877868652344,0.1497691422700882,0.13452383875846863,0.1492631733417511,0.134965717792511,-0.15710830688476562,0.13928383588790894,-0.15407103300094604,0.13638877868652344,0.1497691422700882,0.13452383875846863,0.1492631733417511,-0.0016772589879110456,-0.013852698728442192,0.019468417391180992,-0.017904143780469894,-0.0474177822470665,0.012228554114699364,-0.049882590770721436,0.04951764643192291,0.30000001192092896,0.30000001192092896,0.30000001192092896,0.30000001192092896,0.0,0.0,1.0,0.0,-0.0,1.0,-0.0,-0.9999998807907104,0.30000001192092896,0.30000001192092896,0.30000001192092896,0.30000001192092896
1.25,0,0.026872791349887848,-0.022782810032367706,-0.005458641331642866,0.2813127040863037,0.0,0.04560906067490578,0.020674504339694977,0.005759078543633223,1,1,1,1,10.267010688781738,4.131108283996582,3.3322362899780273,10.879179954528809,10.267010688781738,4.131108283996582,3.3322362899780273,10.879179954528809,0,0,0,0,0,0.9999991655349731,0.08002433180809021,-0.318302184343338,0.07874161005020142,-0.31756946444511414,0.2805139124393463,0.04985060542821884,0.2822951078414917,0.049975670874118805,-0.28019315004348755,0.04992307722568512,-0.2807280421257019,0.049941156059503555,0.0,0.0,0.0,0.0,0.0,0.0,-0.0017948640743270516,-0.023657407611608505,0.012192859314382076,-0.011679601855576038,-0.010511725209653378,-0.018906721845269203,-0.012698750011622906,0.022495144978165627,-0.000390269240597263,-0.005310854408890009,0.005150789860635996,-0.0064864992164075375,0.0,-0.0,0.0,-0.0,0.0,0.0,0.0,0.0,0.0,0.0,0.0,0.0,0.0,-0.0,0.0,-0.0,0.0,0.0,0.0,0.0,0.0,0.0,0.0,0.0,0.134965717792511,-0.15710830688476562,0.13928383588790894,-0.15407103300094604,0.13638877868652344,0.1497691422700882,0.13452383875846863,0.1492631733417511,0.134965717792511,-0.15710830688476562,0.13928383588790894,-0.15407103300094604,0.13638877868652344,0.1497691422700882,0.13452383875846863,0.1492631733417511,-0.0016772589879110456,-0.013852698728442192,0.019468417391180992,-0.017904143780469894,-0.0474177822470665,0.012228554114699364,-0.049882590770721436,0.04951764643192291,0.30000001192092896,0.30000001192092896,0.30000001192092896,0.30000001192092896,0.0,0.0,1.0,0.0,-0.0,1.0,-0.0,-0.9999998807907104,0.30000001192092896,0.30000001192092896,0.30000001192092896,0.30000001192092896
1.3,0,0.027632642537355423,-0.022821173071861267,-0.006358628161251545,0.2812720537185669,1.0,0.0466611385345459,0.017904166132211685,0.005711414385586977,1,1,1,1,10.555059432983398,3.9759700298309326,3.35150146484375,10.854860305786133,10.555059432983398,3.9759700298309326,3.35150146484375,10.854860305786133,0,0,0,0,0,0.9999991655349731,0.08002230525016785,-0.3183046579360962,0.07873989641666412,-0.317571222782135,0.2811879515647888,0.04981619492173195,0.2830081582069397,0.049997542053461075,-0.2794034481048584,0.04987436160445213,-0.2799130082130432,0.04989516735076904,0.0,0.0,0.0,0.0,0.0,0.0,-0.000887066125869751,-0.02370288223028183,0.013097390532493591,-0.011373918503522873,-0.011225344613194466,-0.02001572772860527,-0.01114329881966114,0.023656515404582024,0.00020518345991149545,-0.006247041281312704,0.004772346932440996,-0.006438648793846369,0.0,-0.0,0.0,-0.0,0.0,0.0,0.0,0.0,0.0,0.0,0.0,0.0,0.0,-0.0,0.0,-0.0,0.0,0.0,0.0,0.0,0.0,0.0,0.0,0.0,0.134965717792511,-0.15710830688476562,0.13928383588790894,-0.15407103300094604,0.13638877868652344,0.1497691422700882,0.13452383875846863,0.1492631733417511,0.134965717792511,-0.15710830688476562,0.13928383588790894,-0.15407103300094604,0.13638877868652344,0.1497691422700882,0.13452383875846863,0.1492631733417511,-0.0016772589879110456,-0.013852698728442192,0.019468417391180992,-0.017904143780469894,-0.0474177822470665,0.012228554114699364,-0.049882590770721436,0.04951764643192291,0.30000001192092896,0.30000001192092896,0.30000001192092896,0.30000001192092896,0.0,0.0,1.0,0.0,-0.0,1.0,-0.0,-0.9999998807907104,0.30000001192092896,0.30000001192092896,0.30000001192092896,0.30000001192092896
1.35,0,0.02841339446604252,-0.022879477590322495,-0.006437691394239664,0.2812243402004242,1.0,0.08383312821388245,0.0014611324295401573,0.00562081765383482,1,1,1,1,10.630279541015625,3.9831645488739014,3.340390920639038,10.883631706237793,10.630279541015625,3.9831645488739014,3.340390920639038,10.883631706237793,0,0,0,0,0,0.9999991655349731,0.08002282679080963,-0.3183043599128723,0.07874657958745956,-0.31756454706192017,0.2818945348262787,0.04977045953273773,0.2837313115596771,0.05000728741288185,-0.27860918641090393,0.04981215298175812,-0.2790853679180145,0.04983578622341156,0.0,0.0,0.0,0.0,0.0,0.0,0.0349479503929615,-0.0415022075176239,0.03909730538725853,0.0013947091065347195,-0.02019456773996353,-0.02994152158498764,-0.009071500971913338,0.027121512219309807,0.006617329083383083,-0.00045811571180820465,-0.0075213112868368626,-0.018190760165452957,0.0,-0.0,0.0,-0.0,0.0,0.0,0.0,0.0,0.0,0.0,0.0,0.0,0.0,-0.0,0.0,-0.0,0.0,0.0,0.0,0.0,0.0,0.0,0.0,0.0,0.134965717792511,-0.15710830688476562,0.13928383588790894,-0.15407103300094604,0.13638877868652344,0.1497691422700882,0.13452383875846863,0.1492631733417511,0.134965717792511,-0.15710830688476562,0.13928383588790894,-0.15407103300094604,0.13638877868652344,0.1497691422700882,0.13452383875846863,0.1492631733417511,-0.0016772589879110456,-0.013852698728442192,0.019468417391180992,-0.017904143780469894,-0.0474177822470665,0.012228554114699364,-0.049882590770721436,0.04951764643192291,0.30000001192092896,0.30000001192092896,0.30000001192092896,0.30000001192092896,0.0,0.0,1.0,0.0,-0.0,1.0,-0.0,-0.9999998807907104,0.30000001192092896,0.30000001192092896,0.30000001192092896,0.30000001192092896
1.4,0,0.029204394668340683,-0.022917011752724648,-0.006168130785226822,0.2811748683452606,1.0,0.07424021512269974,0.0015544039197266102,0.005528158508241177,1,1,1,1,10.643121719360352,3.888460397720337,3.671370267868042,10.536566734313965,10.643121719360352,3.888460397720337,3.671370267868042,10.536566734313965,0,0,0,0,0,0.9999991655349731,0.08002256602048874,-0.31830480694770813,0.07874783873558044,-0.3175632357597351,0.28261712193489075,0.04971423000097275,0.28446489572525024,0.05000786855816841,-0.2777949273586273,0.0497405044734478,-0.27826637029647827,0.04978025332093239,0.0,0.0,0.0,0.0,0.0,0.0,0.01419574674218893,-0.04326457530260086,0.030124472454190254,-0.0009437554399482906,-0.01947006583213806,-0.027997946366667747,-0.012833358719944954,0.03049168363213539,0.004468229599297047,-0.0026471507735550404,-0.011049922555685043,-0.011109120212495327,0.0,-0.0,0.0,-0.0,0.0,0.0,0.0,0.0,0.0,0.0,0.0,0.0,0.0,-0.0,0.0,-0.0,0.0,0.0,0.0,0.0,0.0,0.0,0.0,0.0,0.134965717792511,-0.15710830688476562,0.13928383588790894,-0.15407103300094604,0.13638877868652344,0.1497691422700882,0.13452383875846863,0.1492631733417511,0.134965717792511,-0.15710830688476562,0.13928383588790894,-0.15407103300094604,0.13638877868652344,0.1497691422700882,0.13452383875846863,0.1492631733417511,-0.0016772589879110456,-0.013852698728442192,0.019468417391180992,-0.017904143780469894,-0.0474177822470665,0.012228554114699364,-0.049882590770721436,0.04951764643192291,0.30000001192092896,0.30000001192092896,0.30000001192092896,0.30000001192092896,0.0,0.0,1.0,0.0,-0.0,1.0,-0.0,-0.9999998807907104,0.30000001192092896,0.30000001192092896,0.30000001192092896,0.30000001192092896
1.45,0,0.029941895976662636,-0.022828061133623123,-0.008005378767848015,0.2811390459537506,1.0,0.07290530949831009,0.0018016560934484005,0.005288916174322367,1,1,1,1,10.935712814331055,3.4908573627471924,3.319221019744873,10.976285934448242,10.935712814331055,3.4908573627471924,3.319221019744873,10.976285934448242,0,0,0,0,0,0.9999991655349731,0.08002933114767075,-0.31829768419265747,0.07875385880470276,-0.3175572454929352,0.2833368480205536,0.04964855685830116,0.2851744294166565,0.049997374415397644,-0.2769966721534729,0.04965551197528839,-0.27751946449279785,0.04985306039452553,0.0,0.0,0.0,0.0,0.0,0.0,0.018295422196388245,-0.040701430290937424,0.03249769285321236,-5.155988037586212e-05,-0.019658701494336128,-0.028217365965247154,-0.00996040366590023,0.027469452470541,0.006050017196685076,-0.002675297437235713,-0.007945080287754536,-0.01115360576659441,0.0,-0.0,0.0,-0.0,0.0,0.0,0.0,0.0,0.0,0.0,0.0,0.0,0.0,-0.0,0.0,-0.0,0.0,0.0,0.0,0.0,0.0,0.0,0.0,0.0,0.134965717792511,-0.15710830688476562,0.13928383588790894,-0.15407103300094604,0.13638877868652344,0.1497691422700882,0.13452383875846863,0.1492631733417511,0.134965717792511,-0.15710830688476562,0.13928383588790894,-0.15407103300094604,0.13638877868652344,0.1497691422700882,0.13452383875846863,0.1492631733417511,-0.0016772589879110456,-0.013852698728442192,0.019468417391180992,-0.017904143780469894,-0.0474177822470665,0.012228554114699364,-0.049882590770721436,0.04951764643192291,0.30000001192092896,0.30000001192092896,0.30000001192092896,0.30000001192092896,0.0,0.0,1.0,0.0,-0.0,1.0,-0.0,-0.9999998807907104,0.30000001192092896,0.30000001192092896,0.30000001192092896,0.30000001192092896
1.5,0,0.030695021152496338,-0.022777725011110306,-0.011274280026555061,0.2810954451560974,1.0,0.07344776391983032,0.001991087570786476,0.005041360389441252,1,1,1,1,11.327168464660645,3.21472430229187,2.7611536979675293,11.356453895568848,11.327168464660645,3.21472430229187,2.7611536979675293,11.356453895568848,0,0,0,0,0,0.9999991655349731,0.08003625273704529,-0.3182903528213501,0.07876582443714142,-0.31754523515701294,0.2840717136859894,0.04957153648138046,0.28588569164276123,0.04997637867927551,-0.27619510889053345,0.04955583065748215,-0.2767695188522339,0.04991496354341507,0.0,0.0,0.0,0.0,0.0,0.0,0.0188455730676651,-0.04115624725818634,0.03284907713532448,-0.00018195714801549911,-0.01936604455113411,-0.02855161763727665,-0.010807684622704983,0.02677556499838829,0.005924365483224392,-0.0021895754616707563,-0.008235489949584007,-0.011610171757638454,0.0,-0.0,0.0,-0.0,0.0,0.0,0.0,0.0,0.0,0.0,0.0,0.0,0.0,-0.0,0.0,-0.0,0.0,0.0,0.0,0.0,0.0,0.0,0.0,0.0,0.134965717792511,-0.15710830688476562,0.13928383588790894,-0.15407103300094604,0.13638877868652344,0.1497691422700882,0.13452383875846863,0.1492631733417511,0.134965717792511,-0.15710830688476562,0.13928383588790894,-0.15407103300094604,0.13638877868652344,0.1497691422700882,0.13452383875846863,0.1492631733417511,-0.0016772589879110456,-0.013852698728442192,0.019468417391180992,-0.017904143780469894,-0.0474177822470665,0.012228554114699364,-0.049882590770721436,0.04951764643192291,0.30000001192092896,0.30000001192092896,0.30000001192092896,0.30000001192092896,0.0,0.0,1.0,0.0,-0.0,1.0,-0.0,-0.9999998807907104,0.30000001192092896,0.30000001192092896,0.30000001192092896,0.30000001192092896
1.55,0,0.03148492053151131,-0.02278299815952778,-0.011390198022127151,0.2810475826263428,1.0,0.07314412295818329,0.0019506150856614113,0.004751871339976788,1,1,1,1,11.735716819763184,2.9229516983032227,2.5439414978027344,11.551291465759277,11.735716819763184,2.9229516983032227,2.5439414978027344,11.551291465759277,0,0,0,0,0,0.9999991655349731,0.08004522323608398,-0.3182809054851532,0.07877662777900696,-0.31753435730934143,0.2848286032676697,0.049480486661195755,0.2866201400756836,0.04994317889213562,-0.2754017412662506,0.04944354668259621,-0.27600395679473877,0.04996591433882713,0.0,0.0,0.0,0.0,0.0,0.0,0.016888896003365517,-0.041323136538267136,0.03147190436720848,0.00017456430941820145,-0.01905791461467743,-0.028531955555081367,-0.010985721834003925,0.0282273106276989,0.005472246557474136,-0.002562199952080846,-0.010290450416505337,-0.011382758617401123,0.0,-0.0,0.0,-0.0,0.0,0.0,0.0,0.0,0.0,0.0,0.0,0.0,0.0,-0.0,0.0,-0.0,0.0,0.0,0.0,0.0,0.0,0.0,0.0,0.0,0.134965717792511,-0.15710830688476562,0.13928383588790894,-0.15407103300094604,0.13638877868652344,0.1497691422700882,0.13452383875846863,0.1492631733417511,0.134965717792511,-0.15710830688476562,0.13928383588790894,-0.15407103300094604,0.13638877868652344,0.1497691422700882,0.13452383875846863,0.1492631733417511,-0.0016772589879110456,-0.013852698728442192,0.019468417391180992,-0.017904143780469894,-0.0474177822470665,0.012228554114699364,-0.049882590770721436,0.04951764643192291,0.30000001192092896,0.30000001192092896,0.30000001192092896,0.30000001192092896,0.0,0.0,1.0,0.0,-0.0,1.0,-0.0,-0.9999998807907104,0.30000001192092896,0.30000001192092896,0.30000001192092896,0.30000001192092896
1.6,0,0.03226068243384361,-0.02277417667210102,-0.008273066021502018,0.2809995114803314,1.0,0.07332929968833923,0.001881732139736414,0.004457173869013786,1,1,1,1,11.662138938903809,2.717820882797241,2.5068795680999756,11.70192813873291,11.662138938903809,2.717820882797241,2.5068795680999756,11.70192813873291,0,0,0,0,0,0.9999991655349731,0.08005339652299881,-0.3182719945907593,0.07878772169351578,-0.31752312183380127,0.2855934798717499,0.04937814548611641,0.2873443365097046,0.04989967122673988,-0.2746111750602722,0.04931829869747162,-0.275238573551178,0.050005991011857986,0.0,0.0,0.0,0.0,0.0,0.0,0.017113788053393364,-0.04178018495440483,0.03278232365846634,-0.000974671624135226,-0.01924186572432518,-0.029191531240940094,-0.011320032179355621,0.026224564760923386,0.005265295971184969,-0.0018002367578446865,-0.008995400741696358,-0.010627470910549164,0.0,-0.0,0.0,-0.0,0.0,0.0,0.0,0.0,0.0,0.0,0.0,0.0,0.0,-0.0,0.0,-0.0,0.0,0.0,0.0,0.0,0.0,0.0,0.0,0.0,0.134965717792511,-0.15710830688476562,0.13928383588790894,-0.15407103300094604,0.13638877868652344,0.1497691422700882,0.13452383875846863,0.1492631733417511,0.134965717792511,-0.15710830688476562,0.13928383588790894,-0.15407103300094604,0.13638877868652344,0.1497691422700882,0.13452383875846863,0.1492631733417511,-0.0016772589879110456,-0.013852698728442192,0.019468417391180992,-0.017904143780469894,-0.0474177822470665,0.012228554114699364,-0.049882590770721436,0.04951764643192291,0.30000001192092896,0.30000001192092896,0.30000001192092896,0.30000001192092896,0.0,0.0,1.0,0.0,-0.0,1.0,-0.0,-0.9999998807907104,0.30000001192092896,0.30000001192092896,0.30000001192092896,0.30000001192092896
1.65,0,0.03305811062455177,-0.022661609575152397,-0.000566157337743789,0.280954509973526,1.0,0.07410352677106857,0.0017957738600671291,0.004220902454108,1,1,1,1,10.897104263305664,3.626710891723633,3.6346187591552734,10.69328784942627,10.897104263305664,3.626710891723633,3.6346187591552734,10.69328784942627,0,0,0,0,0,0.9999991655349731,0.08005833625793457,-0.31826677918434143,0.07879935204982758,-0.31751129031181335,0.2863757908344269,0.04925677552819252,0.2880980968475342,0.049843285232782364,-0.27382034063339233,0.0492599755525589,-0.2744597792625427,0.05003788322210312,0.0,0.0,0.0,0.0,0.0,0.0,0.017904838547110558,-0.04197126254439354,0.033586740493774414,-0.0007815214921720326,-0.018977347761392593,-0.029817799106240273,-0.011247681453824043,0.025844469666481018,0.0052546970546245575,-0.001540068187750876,-0.009586154483258724,-0.010719927959144115,0.0,-0.0,0.0,-0.0,0.0,0.0,0.0,0.0,0.0,0.0,0.0,0.0,0.0,-0.0,0.0,-0.0,0.0,0.0,0.0,0.0,0.0,0.0,0.0,0.0,0.134965717792511,-0.15710830688476562,0.13928383588790894,-0.15407103300094604,0.13638877868652344,0.1497691422700882,0.13452383875846863,0.1492631733417511,0.134965717792511,-0.15710830688476562,0.13928383588790894,-0.15407103300094604,0.13638877868652344,0.1497691422700882,0.13452383875846863,0.1492631733417511,-0.0016772589879110456,-0.013852698728442192,0.019468417391180992,-0.017904143780469894,-0.0474177822470665,0.012228554114699364,-0.049882590770721436,0.04951764643192291,0.30000001192092896,0.30000001192092896,0.30000001192092896,0.30000001192092896,0.0,0.0,1.0,0.0,-0.0,1.0,-0.0,-0.9999998807907104,0.30000001192092896,0.30000001192092896,0.30000001192092896,0.30000001192092896
1.7,0,0.03385201841592789,-0.02230534516274929,0.001817740616388619,0.2809097468852997,1.0,0.07572853565216064,0.001541506964713335,0.004198396112769842,1,1,1,1,10.311452865600586,4.197141647338867,3.9964733123779297,10.227784156799316,10.311452865600586,4.197141647338867,3.9964733123779297,10.227784156799316,0,0,0,0,0,0.9999989867210388,0.08005524426698685,-0.3182699382305145,0.07879464328289032,-0.3175158202648163,0.28715959191322327,0.04911687225103378,0.2888660430908203,0.04977446794509888,-0.273080050945282,0.04938312619924545,-0.2736666202545166,0.050061505287885666,0.0,0.0,0.0,0.0,0.0,0.0,0.019468704238533974,-0.042330287396907806,0.032957132905721664,-0.0009268053690902889,-0.01974247209727764,-0.028115656226873398,-0.012326597236096859,0.02909129299223423,0.005713453516364098,-0.0030756054911762476,-0.009257537312805653,-0.013060890138149261,0.0,-0.0,0.0,-0.0,0.0,0.0,0.0,0.0,0.0,0.0,0.0,0.0,0.0,-0.0,0.0,-0.0,0.0,0.0,0.0,0.0,0.0,0.0,0.0,0.0,0.134965717792511,-0.15710830688476562,0.13928383588790894,-0.15407103300094604,0.13638877868652344,0.1497691422700882,0.13452383875846863,0.1492631733417511,0.134965717792511,-0.15710830688476562,0.13928383588790894,-0.15407103300094604,0.13638877868652344,0.1497691422700882,0.13452383875846863,0.1492631733417511,-0.0016772589879110456,-0.013852698728442192,0.019468417391180992,-0.017904143780469894,-0.0474177822470665,0.012228554114699364,-0.049882590770721436,0.04951764643192291,0.30000001192092896,0.30000001192092896,0.30000001192092896,0.30000001192092896,0.0,0.0,1.0,0.0,-0.0,1.0,-0.0,-0.9999998807907104,0.30000001192092896,0.30000001192092896,0.30000001192092896,0.30000001192092896
1.75,0,0.034632232040166855,-0.022053612396121025,0.0011516268132254481,0.28085577487945557,1.0,0.07544202357530594,0.0016468544490635395,0.00393344322219491,1,1,1,1,9.14374828338623,5.256019115447998,5.3785786628723145,8.926032066345215,9.14374828338623,5.256019115447998,5.3785786628723145,8.926032066345215,0,0,0,0,0,0.999998927116394,0.08006256073713303,-0.31826263666152954,0.07880272716283798,-0.31750738620758057,0.28793343901634216,0.048974569886922836,0.2896026074886322,0.049833521246910095,-0.2723728120326996,0.04948883876204491,-0.2728669047355652,0.0500684417784214,0.0,0.0,0.0,0.0,0.0,0.0,0.01851942203938961,-0.04263567924499512,0.0326312892138958,-0.0008915790822356939,-0.01949852891266346,-0.02820693328976631,-0.012372185476124287,0.02925228700041771,0.0055950721725821495,-0.0029519121162593365,-0.009372314438223839,-0.012356485240161419,0.0,-0.0,0.0,-0.0,0.0,0.0,0.0,0.0,0.0,0.0,0.0,0.0,0.0,-0.0,0.0,-0.0,0.0,0.0,0.0,0.0,0.0,0.0,0.0,0.0,0.134965717792511,-0.15710830688476562,0.13928383588790894,-0.15407103300094604,0.13638877868652344,0.1497691422700882,0.13452383875846863,0.1492631733417511,0.134965717792511,-0.15710830688476562,0.13928383588790894,-0.15407103300094604,0.13638877868652344,0.1497691422700882,0.13452383875846863,0.1492631733417511,-0.0016772589879110456,-0.013852698728442192,0.019468417391180992,-0.017904143780469894,-0.0474177822470665,0.012228554114699364,-0.049882590770721436,0.04951764643192291,0.30000001192092896,0.30000001192092896,0.30000001192092896,0.30000001192092896,0.0,0.0,1.0,0.0,-0.0,1.0,-0.0,-0.9999998807907104,0.30000001192092896,0.30000001192092896,0.30000001192092896,0.30000001192092896
1.8,0,0.03541146591305733,-0.021844662725925446,-0.002175770001485944,0.28080883622169495,1.0,0.07556252926588058,0.0016412660479545593,0.003705585841089487,1,1,1,1,9.369503021240234,5.2982940673828125,5.467296600341797,8.771988868713379,9.369503021240234,5.2982940673828125,5.467296600341797,8.771988868713379,0,0,0,0,0,0.9999988079071045,0.08006896823644638,-0.3182561695575714,0.07881230860948563,-0.31749746203422546,0.2886977195739746,0.04885149747133255,0.2903421223163605,0.049897175282239914,-0.2716667950153351,0.049587149173021317,-0.2720593810081482,0.050058867782354355,0.0,0.0,0.0,0.0,0.0,0.0,0.01897687278687954,-0.04249092563986778,0.03296028822660446,-0.000796136271674186,-0.019414883106946945,-0.028273316100239754,-0.011984785087406635,0.029244182631373405,0.005803115665912628,-0.003135252743959427,-0.009187215007841587,-0.012409452348947525,0.0,-0.0,0.0,-0.0,0.0,0.0,0.0,0.0,0.0,0.0,0.0,0.0,0.0,-0.0,0.0,-0.0,0.0,0.0,0.0,0.0,0.0,0.0,0.0,0.0,0.134965717792511,-0.15710830688476562,0.13928383588790894,-0.15407103300094604,0.13638877868652344,0.1497691422700882,0.13452383875846863,0.1492631733417511,0.134965717792511,-0.15710830688476562,0.13928383588790894,-0.15407103300094604,0.13638877868652344,0.1497691422700882,0.13452383875846863,0.1492631733417511,-0.0016772589879110456,-0.013852698728442192,0.019468417391180992,-0.017904143780469894,-0.0474177822470665,0.012228554114699364,-0.049882590770721436,0.04951764643192291,0.30000001192092896,0.30000001192092896,0.30000001192092896,0.30000001192092896,0.0,0.0,1.0,0.0,-0.0,1.0,-0.0,-0.9999998807907104,0.30000001192092896,0.30000001192092896,0.30000001192092896,0.30000001192092896
1.8499999999999999,0,0.03602227568626404,-0.021851560100913048,-0.0034623693209141493,0.28086403012275696,1.0,0.07228714227676392,0.0021076747216284275,0.0039302874356508255,1,1,1,1,9.599885940551758,4.575314044952393,4.931919097900391,9.62834358215332,9.599885940551758,4.575314044952393,4.931919097900391,9.62834358215332,0,0,0,0,0,0.999998927116394,0.08005359768867493,-0.3182724416255951,0.07879775762557983,-0.3175126910209656,0.28929123282432556,0.04897027835249901,0.2910224199295044,0.049953605979681015,-0.2710058391094208,0.049668148159980774,-0.2713170647621155,0.05004554241895676,0.0,0.0,0.0,0.0,0.0,0.0,0.01595771126449108,-0.040866345167160034,0.0318416953086853,-0.0006712459726259112,-0.0190652497112751,-0.027488403022289276,-0.01158242765814066,0.02788754366338253,0.005618435330688953,-0.0033452981151640415,-0.00925492774695158,-0.0112696448341012,0.0,-0.0,0.0,-0.0,0.0,0.0,0.0,0.0,0.0,0.0,0.0,0.0,0.0,-0.0,0.0,-0.0,0.0,0.0,0.0,0.0,0.0,0.0,0.0,0.0,0.134965717792511,-0.15710830688476562,0.13928383588790894,-0.15407103300094604,0.13638877868652344,0.1497691422700882,0.13452383875846863,0.1492631733417511,0.134965717792511,-0.15710830688476562,0.13928383588790894,-0.15407103300094604,0.13638877868652344,0.1497691422700882,0.13452383875846863,0.1492631733417511,-0.0016772589879110456,-0.013852698728442192,0.019468417391180992,-0.017904143780469894,-0.0474177822470665,0.012228554114699364,-0.049882590770721436,0.04951764643192291,0.30000001192092896,0.30000001192092896,0.30000001192092896,0.30000001192092896,0.0,0.0,1.0,0.0,-0.0,1.0,-0.0,-0.9999998807907104,0.30000001192092896,0.30000001192092896,0.30000001192092896,0.30000001192092896
1.9,0,0.03667318820953369,-0.021908016875386238,-0.004750527441501617,0.28089970350265503,1.0,0.07353038340806961,0.001623980700969696,0.004147449973970652,1,1,1,1,9.653636932373047,4.37043571472168,4.7662200927734375,9.770416259765625,9.653636932373047,4.37043571472168,4.7662200927734375,9.770416259765625,0,0,0,0,0,0.9999990463256836,0.08003868162631989,-0.3182882070541382,0.07878763973712921,-0.3175233006477356,0.28990375995635986,0.04908480867743492,0.2917124629020691,0.050001781433820724,-0.2703259587287903,0.04974081739783287,-0.27056679129600525,0.050020765513181686,0.0,0.0,0.0,0.0,0.0,0.0,0.01856985315680504,-0.04101753979921341,0.032437555491924286,-0.000707693281583488,-0.01904473453760147,-0.02786797098815441,-0.011631254106760025,0.027863124385476112,0.005543740466237068,-0.0029838697519153357,-0.009045802056789398,-0.012422358617186546,0.0,-0.0,0.0,-0.0,0.0,0.0,0.0,0.0,0.0,0.0,0.0,0.0,0.0,-0.0,0.0,-0.0,0.0,0.0,0.0,0.0,0.0,0.0,0.0,0.0,0.134965717792511,-0.15710830688476562,0.13928383588790894,-0.15407103300094604,0.13638877868652344,0.1497691422700882,0.13452383875846863,0.1492631733417511,0.134965717792511,-0.15710830688476562,0.13928383588790894,-0.15407103300094604,0.13638877868652344,0.1497691422700882,0.13452383875846863,0.1492631733417511,-0.0016772589879110456,-0.013852698728442192,0.019468417391180992,-0.017904143780469894,-0.0474177822470665,0.012228554114699364,-0.049882590770721436,0.04951764643192291,0.30000001192092896,0.30000001192092896,0.30000001192092896,0.30000001192092896,0.0,0.0,1.0,0.0,-0.0,1.0,-0.0,-0.9999998807907104,0.30000001192092896,0.30000001192092896,0.30000001192092896,0.30000001192092896
1.95,0,0.03734753280878067,-0.021993489935994148,-0.00530215771868825,0.2809191942214966,1.0,0.07413886487483978,0.0015726033598184586,0.004361141473054886,1,1,1,1,9.695779800415039,4.542561054229736,4.823256969451904,9.669334411621094,9.695779800415039,4.542561054229736,4.823256969451904,9.669334411621094,0,0,0,0,0,0.9999990463256836,0.08002324402332306,-0.3183043599128723,0.07877522706985474,-0.3175361752510071,0.2905306816101074,0.04919305443763733,0.29240405559539795,0.05003996193408966,-0.26963672041893005,0.04980648308992386,-0.26980915665626526,0.04998292773962021,0.0,0.0,0.0,0.0,0.0,0.0,0.015700746327638626,-0.04226592928171158,0.03156125918030739,-0.0018849821062758565,-0.01954459398984909,-0.027195004746317863,-0.014092412777245045,0.029355712234973907,0.005368492566049099,-0.0037379476707428694,-0.00872151181101799,-0.012775414623320103,0.0,-0.0,0.0,-0.0,0.0,0.0,0.0,0.0,0.0,0.0,0.0,0.0,0.0,-0.0,0.0,-0.0,0.0,0.0,0.0,0.0,0.0,0.0,0.0,0.0,0.134965717792511,-0.15710830688476562,0.13928383588790894,-0.15407103300094604,0.13638877868652344,0.1497691422700882,0.13452383875846863,0.1492631733417511,0.134965717792511,-0.15710830688476562,0.13928383588790894,-0.15407103300094604,0.13638877868652344,0.1497691422700882,0.13452383875846863,0.1492631733417511,-0.0016772589879110456,-0.013852698728442192,0.019468417391180992,-0.017904143780469894,-0.0474177822470665,0.012228554114699364,-0.049882590770721436,0.04951764643192291,0.30000001192092896,0.30000001192092896,0.30000001192092896,0.30000001192092896,0.0,0.0,1.0,0.0,-0.0,1.0,-0.0,-0.9999998807907104,0.30000001192092896,0.30000001192092896,0.30000001192092896,0.30000001192092896
2.0,0,0.03802888095378876,-0.022075265645980835,-0.009563242085278034,0.2809379994869232,1.0,0.07409446686506271,0.001650043297559023,0.004579134285449982,1,1,1,1,9.502103805541992,4.810700416564941,5.252254486083984,9.545797348022461,9.502103805541992,4.810700416564941,5.252254486083984,9.545797348022461,0,0,0,0,0,0.9999990463256836,0.08000770211219788,-0.31832051277160645,0.07876194268465042,-0.3175497055053711,0.2911672294139862,0.04929398000240326,0.2931021451950073,0.050068002194166183,-0.2689394950866699,0.049863144755363464,-0.26905056834220886,0.04993332549929619,0.0,0.0,0.0,0.0,0.0,0.0,0.017371371388435364,-0.041806843131780624,0.03252919018268585,-0.0012015685206279159,-0.018979262560606003,-0.028308819979429245,-0.012568032369017601,0.028043948113918304,0.005509003531187773,-0.0031269926112145185,-0.00934267695993185,-0.012140356004238129,0.0,-0.0,0.0,-0.0,0.0,0.0,0.0,0.0,0.0,0.0,0.0,0.0,0.0,-0.0,0.0,-0.0,0.0,0.0,0.0,0.0,0.0,0.0,0.0,0.0,0.134965717792511,-0.15710830688476562,0.13928383588790894,-0.15407103300094604,0.13638877868652344,0.1497691422700882,0.13452383875846863,0.1492631733417511,0.134965717792511,-0.15710830688476562,0.13928383588790894,-0.15407103300094604,0.13638877868652344,0.1497691422700882,0.13452383875846863,0.1492631733417511,-0.0016772589879110456,-0.013852698728442192,0.019468417391180992,-0.017904143780469894,-0.0474177822470665,0.012228554114699364,-0.049882590770721436,0.04951764643192291,0.30000001192092896,0.30000001192092896,0.30000001192092896,0.30000001192092896,0.0,0.0,1.0,0.0,-0.0,1.0,-0.0,-0.9999998807907104,0.30000001192092896,0.30000001192092896,0.30000001192092896,0.30000001192092896
2.05,0,0.03872166574001312,-0.022191394120454788,-0.0063933865167200565,0.28093576431274414,1.0,0.07375179976224899,0.0015600458718836308,0.004802201874554157,1,1,1,1,9.877416610717773,4.420332908630371,4.664684772491455,9.773397445678711,9.877416610717773,4.420332908630371,4.664684772491455,9.773397445678711,0,0,0,0,0,0.9999991655349731,0.07999272644519806,-0.31833598017692566,0.07875074446201324,-0.3175612986087799,0.29181212186813354,0.04938816279172897,0.2937854826450348,0.05008669197559357,-0.26823729276657104,0.04990897700190544,-0.2682839334011078,0.04987091198563576,0.0,0.0,0.0,0.0,0.0,0.0,0.0172144565731287,-0.04165017977356911,0.03230292722582817,-0.0009936202550306916,-0.01872568391263485,-0.02830815687775612,-0.012324514798820019,0.02806805819272995,0.005422953516244888,-0.003114066319540143,-0.009504244662821293,-0.011943113058805466,0.0,-0.0,0.0,-0.0,0.0,0.0,0.0,0.0,0.0,0.0,0.0,0.0,0.0,-0.0,0.0,-0.0,0.0,0.0,0.0,0.0,0.0,0.0,0.0,0.0,0.134965717792511,-0.15710830688476562,0.13928383588790894,-0.15407103300094604,0.13638877868652344,0.1497691422700882,0.13452383875846863,0.1492631733417511,0.134965717792511,-0.15710830688476562,0.13928383588790894,-0.15407103300094604,0.13638877868652344,0.1497691422700882,0.13452383875846863,0.1492631733417511,-0.0016772589879110456,-0.013852698728442192,0.019468417391180992,-0.017904143780469894,-0.0474177822470665,0.012228554114699364,-0.049882590770721436,0.04951764643192291,0.30000001192092896,0.30000001192092896,0.30000001192092896,0.30000001192092896,0.0,0.0,1.0,0.0,-0.0,1.0,-0.0,-0.9999998807907104,0.30000001192092896,0.30000001192092896,0.30000001192092896,0.30000001192092896
2.1,0,0.03944326564669609,-0.02231246419250965,-0.006773548666387796,0.28093820810317993,1.0,0.07431923598051071,0.0016209585592150688,0.0050298068672418594,1,1,1,1,9.878665924072266,4.456092357635498,4.673748970031738,9.709861755371094,9.878665924072266,4.456092357635498,4.673748970031738,9.709861755371094,0,0,0,0,0,0.9999991655349731,0.07997650653123856,-0.3183527886867523,0.07873724400997162,-0.31757500767707825,0.29247167706489563,0.04947669804096222,0.29450029134750366,0.05009598657488823,-0.2675146460533142,0.04994778707623482,-0.2674967646598816,0.04979534447193146,0.0,0.0,0.0,0.0,0.0,0.0,0.017693255096673965,-0.04182557389140129,0.03211178258061409,-0.0010417929152026772,-0.018890809267759323,-0.028288494795560837,-0.012693521566689014,0.02858654223382473,0.005345329642295837,-0.0031832000240683556,-0.009819887578487396,-0.012574361637234688,0.0,-0.0,0.0,-0.0,0.0,0.0,0.0,0.0,0.0,0.0,0.0,0.0,0.0,-0.0,0.0,-0.0,0.0,0.0,0.0,0.0,0.0,0.0,0.0,0.0,0.134965717792511,-0.15710830688476562,0.13928383588790894,-0.15407103300094604,0.13638877868652344,0.1497691422700882,0.13452383875846863,0.1492631733417511,0.134965717792511,-0.15710830688476562,0.13928383588790894,-0.15407103300094604,0.13638877868652344,0.1497691422700882,0.13452383875846863,0.1492631733417511,-0.0016772589879110456,-0.013852698728442192,0.019468417391180992,-0.017904143780469894,-0.0474177822470665,0.012228554114699364,-0.049882590770721436,0.04951764643192291,0.30000001192092896,0.30000001192092896,0.30000001192092896,0.30000001192092896,0.0,0.0,1.0,0.0,-0.0,1.0,-0.0,-0.9999998807907104,0.30000001192092896,0.30000001192092896,0.30000001192092896,0.30000001192092896
2.15,0,0.04016246646642685,-0.022434521466493607,-0.007339823991060257,0.2809399962425232,1.0,0.0748300701379776,0.0016483524814248085,0.005260840058326721,1,1,1,1,9.919899940490723,4.439639568328857,4.605133056640625,9.747313499450684,9.919899940490723,4.439639568328857,4.605133056640625,9.747313499450684,0,0,0,0,0,0.9999991655349731,0.07996193319559097,-0.3183678388595581,0.07872053235769272,-0.3175920248031616,0.2931326925754547,0.04955679923295975,0.2952136695384979,0.050093259662389755,-0.26679182052612305,0.04997489973902702,-0.2667063772678375,0.04970689117908478,0.0,0.0,0.0,0.0,0.0,0.0,0.017928723245859146,-0.04198936000466347,0.032429393380880356,-0.0014803250087425113,-0.019179770722985268,-0.028062600642442703,-0.013068965636193752,0.02899283543229103,0.005719841457903385,-0.003770763985812664,-0.008721685037016869,-0.013091168366372585,0.0,-0.0,0.0,-0.0,0.0,0.0,0.0,0.0,0.0,0.0,0.0,0.0,0.0,-0.0,0.0,-0.0,0.0,0.0,0.0,0.0,0.0,0.0,0.0,0.0,0.134965717792511,-0.15710830688476562,0.13928383588790894,-0.15407103300094604,0.13638877868652344,0.1497691422700882,0.13452383875846863,0.1492631733417511,0.134965717792511,-0.15710830688476562,0.13928383588790894,-0.15407103300094604,0.13638877868652344,0.1497691422700882,0.13452383875846863,0.1492631733417511,-0.0016772589879110456,-0.013852698728442192,0.019468417391180992,-0.017904143780469894,-0.0474177822470665,0.012228554114699364,-0.049882590770721436,0.04951764643192291,0.30000001192092896,0.30000001192092896,0.30000001192092896,0.30000001192092896,0.0,0.0,1.0,0.0,-0.0,1.0,-0.0,-0.9999998807907104,0.30000001192092896,0.30000001192092896,0.30000001192092896,0.30000001192092896
2.2,0,0.04088670387864113,-0.022551173344254494,-0.008177689276635647,0.2809418737888336,1.0,0.07252473384141922,0.0017115511000156403,0.005477624945342541,1,1,1,1,10.704895973205566,3.654698133468628,3.801286220550537,10.537087440490723,10.704895973205566,3.654698133468628,3.801286220550537,10.537087440490723,0,0,0,0,0,0.9999991655349731,0.07994857430458069,-0.3183816373348236,0.07870712876319885,-0.3176057040691376,0.29380089044570923,0.04962880164384842,0.2959316372871399,0.05007944256067276,-0.26606130599975586,0.049992796033620834,-0.2659239172935486,0.04964151605963707,0.0,0.0,0.0,0.0,0.0,0.0,0.015454456210136414,-0.04114491119980812,0.03152840584516525,-0.0011110370978713036,-0.018077639862895012,-0.028030645102262497,-0.013138843700289726,0.02775026299059391,0.005361110903322697,-0.003446439979597926,-0.010003331117331982,-0.011700739152729511,0.0,-0.0,0.0,-0.0,0.0,0.0,0.0,0.0,0.0,0.0,0.0,0.0,0.0,-0.0,0.0,-0.0,0.0,0.0,0.0,0.0,0.0,0.0,0.0,0.0,0.134965717792511,-0.15710830688476562,0.13928383588790894,-0.15407103300094604,0.13638877868652344,0.1497691422700882,0.13452383875846863,0.1492631733417511,0.134965717792511,-0.15710830688476562,0.13928383588790894,-0.15407103300094604,0.13638877868652344,0.1497691422700882,0.13452383875846863,0.1492631733417511,-0.0016772589879110456,-0.013852698728442192,0.019468417391180992,-0.017904143780469894,-0.0474177822470665,0.012228554114699364,-0.049882590770721436,0.04951764643192291,0.30000001192092896,0.30000001192092896,0.30000001192092896,0.30000001192092896,0.0,0.0,1.0,0.0,-0.0,1.0,-0.0,-0.9999998807907104,0.30000001192092896,0.30000001192092896,0.30000001192092896,0.30000001192092896
2.25,0,0.041537344455718994,-0.02249203249812126,-0.009301058016717434,0.2809673845767975,1.0,0.07233497500419617,0.0017730561085045338,0.005601563956588507,1,1,1,1,11.047219276428223,3.2078487873077393,3.5064351558685303,11.026473999023438,11.047219276428223,3.2078487873077393,3.5064351558685303,11.026473999023438,0,0,0,0,0,0.9999991655349731,0.0799393504858017,-0.31839102506637573,0.07869977504014969,-0.317613422870636,0.2944534122943878,0.04969305172562599,0.29662024974823,0.05005466938018799,-0.26533812284469604,0.050000596791505814,-0.2652527093887329,0.04972977936267853,0.0,0.0,0.0,0.0,0.0,0.0,0.01631888560950756,-0.04103953391313553,0.03114875592291355,-0.0008699216414242983,-0.018956832587718964,-0.02778121456503868,-0.012156395241618156,0.02801496721804142,0.005333269946277142,-0.0032341235782951117,-0.008648118004202843,-0.011546868830919266,0.0,-0.0,0.0,-0.0,0.0,0.0,0.0,0.0,0.0,0.0,0.0,0.0,0.0,-0.0,0.0,-0.0,0.0,0.0,0.0,0.0,0.0,0.0,0.0,0.0,0.134965717792511,-0.15710830688476562,0.13928383588790894,-0.15407103300094604,0.13638877868652344,0.1497691422700882,0.13452383875846863,0.1492631733417511,0.134965717792511,-0.15710830688476562,0.13928383588790894,-0.15407103300094604,0.13638877868652344,0.1497691422700882,0.13452383875846863,0.1492631733417511,-0.0016772589879110456,-0.013852698728442192,0.019468417391180992,-0.017904143780469894,-0.0474177822470665,0.012228554114699364,-0.049882590770721436,0.04951764643192291,0.30000001192092896,0.30000001192092896,0.30000001192092896,0.30000001192092896,0.0,0.0,1.0,0.0,-0.0,1.0,-0.0,-0.9999998807907104,0.30000001192092896,0.30000001192092896,0.30000001192092896,0.30000001192092896
2.3,0,0.04220966994762421,-0.02247156947851181,-0.009055680595338345,0.28093859553337097,1.0,0.07297460734844208,0.0017314665019512177,0.005717726424336433,1,1,1,1,11.424759864807129,2.8062026500701904,3.0248141288757324,11.464120864868164,11.424759864807129,2.8062026500701904,3.0248141288757324,11.464120864868164,0,0,0,0,0,0.9999991655349731,0.07993150502443314,-0.3183988332748413,0.07868991792201996,-0.3176235854625702,0.295114129781723,0.04974832013249397,0.2973140776157379,0.050019338726997375,-0.2646067440509796,0.049997106194496155,-0.2645736336708069,0.049808356910943985,0.0,0.0,0.0,0.0,0.0,0.0,0.017279556021094322,-0.0413556843996048,0.03146149963140488,-0.0008693912532180548,-0.01873300038278103,-0.02833886630833149,-0.012233743444085121,0.027758659794926643,0.005140731111168861,-0.002789159305393696,-0.008917146362364292,-0.01174260675907135,0.0,-0.0,0.0,-0.0,0.0,0.0,0.0,0.0,0.0,0.0,0.0,0.0,0.0,-0.0,0.0,-0.0,0.0,0.0,0.0,0.0,0.0,0.0,0.0,0.0,0.134965717792511,-0.15710830688476562,0.13928383588790894,-0.15407103300094604,0.13638877868652344,0.1497691422700882,0.13452383875846863,0.1492631733417511,0.134965717792511,-0.15710830688476562,0.13928383588790894,-0.15407103300094604,0.13638877868652344,0.1497691422700882,0.13452383875846863,0.1492631733417511,-0.0016772589879110456,-0.013852698728442192,0.019468417391180992,-0.017904143780469894,-0.0474177822470665,0.012228554114699364,-0.049882590770721436,0.04951764643192291,0.30000001192092896,0.30000001192092896,0.30000001192092896,0.30000001192092896,0.0,0.0,1.0,0.0,-0.0,1.0,-0.0,-0.9999998807907104,0.30000001192092896,0.30000001192092896,0.30000001192092896,0.30000001192092896
2.35,0,0.04289820045232773,-0.02247113734483719,-0.008475497364997864,0.28091344237327576,1.0,0.0724560096859932,0.0017242436297237873,0.005825643893331289,1,1,1,1,11.895999908447266,2.2516138553619385,2.4575345516204834,12.041362762451172,11.895999908447266,2.2516138553619385,2.4575345516204834,12.041362762451172,0,0,0,0,0,0.9999991655349731,0.0799238309264183,-0.3184063732624054,0.07868216186761856,-0.31763172149658203,0.2957827150821686,0.049795281141996384,0.29801106452941895,0.04997324198484421,-0.2638654410839081,0.04998200759291649,-0.2638906240463257,0.04987800866365433,0.0,0.0,0.0,0.0,0.0,0.0,0.016789518296718597,-0.04119565710425377,0.03127383440732956,-0.0010928614065051079,-0.01873200759291649,-0.028199607506394386,-0.01231296081095934,0.027452485635876656,0.004774973262101412,-0.002676140982657671,-0.00884904433041811,-0.011490621604025364,0.0,-0.0,0.0,-0.0,0.0,0.0,0.0,0.0,0.0,0.0,0.0,0.0,0.0,-0.0,0.0,-0.0,0.0,0.0,0.0,0.0,0.0,0.0,0.0,0.0,0.134965717792511,-0.15710830688476562,0.13928383588790894,-0.15407103300094604,0.13638877868652344,0.1497691422700882,0.13452383875846863,0.1492631733417511,0.134965717792511,-0.15710830688476562,0.13928383588790894,-0.15407103300094604,0.13638877868652344,0.1497691422700882,0.13452383875846863,0.1492631733417511,-0.0016772589879110456,-0.013852698728442192,0.019468417391180992,-0.017904143780469894,-0.0474177822470665,0.012228554114699364,-0.049882590770721436,0.04951764643192291,0.30000001192092896,0.30000001192092896,0.30000001192092896,0.30000001192092896,0.0,0.0,1.0,0.0,-0.0,1.0,-0.0,-0.9999998807907104,0.30000001192092896,0.30000001192092896,0.30000001192092896,0.30000001192092896
2.4,0,0.04360480234026909,-0.022466914728283882,-0.009090660139918327,0.2809296250343323,1.0,0.07282167673110962,0.0017933747731149197,0.005935865920037031,1,1,1,1,12.261358261108398,2.0708084106445312,2.1456451416015625,12.275701522827148,12.261358261108398,2.0708084106445312,2.1456451416015625,12.275701522827148,0,0,0,0,0,0.9999991655349731,0.07991667836904526,-0.3184134066104889,0.07867556810379028,-0.3176386058330536,0.2964623272418976,0.04983219504356384,0.2987152338027954,0.04991559684276581,-0.26310643553733826,0.04995736479759216,-0.26319950819015503,0.04993918910622597,0.0,0.0,0.0,0.0,0.0,0.0,0.01666548103094101,-0.041369881480932236,0.031165506690740585,-0.0008152847294695675,-0.01861986145377159,-0.028462419286370277,-0.012503801845014095,0.027749208733439445,0.004851507488638163,-0.0026557566598057747,-0.009691818617284298,-0.011582041159272194,0.0,-0.0,0.0,-0.0,0.0,0.0,0.0,0.0,0.0,0.0,0.0,0.0,0.0,-0.0,0.0,-0.0,0.0,0.0,0.0,0.0,0.0,0.0,0.0,0.0,0.134965717792511,-0.15710830688476562,0.13928383588790894,-0.15407103300094604,0.13638877868652344,0.1497691422700882,0.13452383875846863,0.1492631733417511,0.134965717792511,-0.15710830688476562,0.13928383588790894,-0.15407103300094604,0.13638877868652344,0.1497691422700882,0.13452383875846863,0.1492631733417511,-0.0016772589879110456,-0.013852698728442192,0.019468417391180992,-0.017904143780469894,-0.0474177822470665,0.012228554114699364,-0.049882590770721436,0.04951764643192291,0.30000001192092896,0.30000001192092896,0.30000001192092896,0.30000001192092896,0.0,0.0,1.0,0.0,-0.0,1.0,-0.0,-0.9999998807907104,0.30000001192092896,0.30000001192092896,0.30000001192092896,0.30000001192092896
2.45,0,0.04430825263261795,-0.022472333163022995,-0.012477048672735691,0.2787083387374878,1.0,0.0725594237446785,0.001723188441246748,0.0060446918942034245,1,1,1,1,12.84115219116211,1.618056058883667,1.6556581258773804,12.757822036743164,12.84115219116211,1.618056058883667,1.6556581258773804,12.757822036743164,0,0,0,0,0,0.9999991655349731,0.07990993559360504,-0.31842005252838135,0.07866647094488144,-0.3176480829715729,0.2971435785293579,0.04985831305384636,0.2994228005409241,0.049848660826683044,-0.2623482942581177,0.04991990327835083,-0.2625074088573456,0.049990978091955185,0.0,0.0,0.0,0.0,0.0,0.0,0.01656864956021309,-0.041315872222185135,0.03124942258000374,-0.0010588724398985505,-0.018552033230662346,-0.028596019372344017,-0.012439513579010963,0.02732616290450096,0.004660229664295912,-0.0026478590443730354,-0.009164005517959595,-0.011385178193449974,0.0,-0.0,0.0,-0.0,0.0,0.0,0.0,0.0,0.0,0.0,0.0,0.0,0.0,-0.0,0.0,-0.0,0.0,0.0,0.0,0.0,0.0,0.0,0.0,0.0,0.134965717792511,-0.15710830688476562,0.13928383588790894,-0.15407103300094604,0.13638877868652344,0.1497691422700882,0.13452383875846863,0.1492631733417511,0.134965717792511,-0.15710830688476562,0.13928383588790894,-0.15407103300094604,0.13638877868652344,0.1497691422700882,0.13452383875846863,0.1492631733417511,-0.0016772589879110456,-0.013852698728442192,0.019468417391180992,-0.017904143780469894,-0.0474177822470665,0.012228554114699364,-0.049882590770721436,0.04951764643192291,0.30000001192092896,0.30000001192092896,0.30000001192092896,0.30000001192092896,0.0,0.0,1.0,0.0,-0.0,1.0,-0.0,-0.9999998807907104,0.30000001192092896,0.30000001192092896,0.30000001192092896,0.30000001192092896
2.5,0,0.04502790421247482,-0.022458460181951523,-0.010472950525581837,0.27867966890335083,1.0,0.07468688488006592,0.0018638153560459614,0.006163426209241152,1,1,1,1,12.867266654968262,1.5067380666732788,1.4496921300888062,12.935800552368164,12.867266654968262,1.5067380666732788,1.4496921300888062,12.935800552368164,0,0,0,0,0,0.9999991655349731,0.07990109920501709,-0.3184286653995514,0.0786566510796547,-0.3176582455635071,0.2978343963623047,0.0498751737177372,0.30012813210487366,0.04977133870124817,-0.2615862786769867,0.04989399388432503,-0.26180705428123474,0.05003367364406586,0.0,0.0,0.0,0.0,0.0,0.0,0.018322883173823357,-0.04196833446621895,0.031558092683553696,-0.0001714630052447319,-0.01851050555706024,-0.029670363292098045,-0.012731914408504963,0.02815624326467514,0.0047074793837964535,-0.00221774959936738,-0.01126319169998169,-0.012382864952087402,0.0,-0.0,0.0,-0.0,0.0,0.0,0.0,0.0,0.0,0.0,0.0,0.0,0.0,-0.0,0.0,-0.0,0.0,0.0,0.0,0.0,0.0,0.0,0.0,0.0,0.134965717792511,-0.15710830688476562,0.13928383588790894,-0.15407103300094604,0.13638877868652344,0.1497691422700882,0.13452383875846863,0.1492631733417511,0.134965717792511,-0.15710830688476562,0.13928383588790894,-0.15407103300094604,0.13638877868652344,0.1497691422700882,0.13452383875846863,0.1492631733417511,-0.0016772589879110456,-0.013852698728442192,0.019468417391180992,-0.017904143780469894,-0.0474177822470665,0.012228554114699364,-0.049882590770721436,0.04951764643192291,0.30000001192092896,0.30000001192092896,0.30000001192092896,0.30000001192092896,0.0,0.0,1.0,0.0,-0.0,1.0,-0.0,-0.9999998807907104,0.30000001192092896,0.30000001192092896,0.30000001192092896,0.30000001192092896
2.55,0,0.04575782269239426,-0.022384855896234512,-0.010259163565933704,0.27863654494285583,1.0,0.07446542382240295,0.0017338977195322514,0.0063032349571585655,1,1,1,1,13.123917579650879,1.3518805503845215,1.8605456352233887,12.636289596557617,13.123917579650879,1.3518805503845215,1.8605456352233887,12.636289596557617,0,0,0,0,0,0.9999990463256836,0.07989464700222015,-0.31843501329421997,0.0786605030298233,-0.31765466928482056,0.2985224425792694,0.04987899214029312,0.30083125829696655,0.049683038145303726,-0.2607952058315277,0.04988087713718414,-0.2611008286476135,0.0500686913728714,0.0,0.0,0.0,0.0,0.0,0.0,0.020053116604685783,-0.041568972170352936,0.032619260251522064,-0.0013317923294380307,-0.01894763670861721,-0.028953058645129204,-0.011864003725349903,0.027516594156622887,0.005070733837783337,-0.0025751828216016293,-0.007911162450909615,-0.01261196844279766,0.0,-0.0,0.0,-0.0,0.0,0.0,0.0,0.0,0.0,0.0,0.0,0.0,0.0,-0.0,0.0,-0.0,0.0,0.0,0.0,0.0,0.0,0.0,0.0,0.0,0.134965717792511,-0.15710830688476562,0.13928383588790894,-0.15407103300094604,0.13638877868652344,0.1497691422700882,0.13452383875846863,0.1492631733417511,0.134965717792511,-0.15710830688476562,0.13928383588790894,-0.15407103300094604,0.13638877868652344,0.1497691422700882,0.13452383875846863,0.1492631733417511,-0.0016772589879110456,-0.013852698728442192,0.019468417391180992,-0.017904143780469894,-0.0474177822470665,0.012228554114699364,-0.049882590770721436,0.04951764643192291,0.30000001192092896,0.30000001192092896,0.30000001192092896,0.30000001192092896,0.0,0.0,1.0,0.0,-0.0,1.0,-0.0,-0.9999998807907104,0.30000001192092896,0.30000001192092896,0.30000001192092896,0.30000001192092896
2.6,0,0.046472448855638504,-0.022399865090847015,-0.011236624792218208,0.28091007471084595,1.0,0.07395603507757187,0.001671383623033762,0.00626382976770401,1,1,1,1,12.250082015991211,2.051340103149414,2.556467294692993,11.888038635253906,12.250082015991211,2.051340103149414,2.556467294692993,11.888038635253906,0,0,0,0,0,0.9999990463256836,0.07989532500505447,-0.3184341788291931,0.07865879684686661,-0.3176560699939728,0.2992025911808014,0.04991795867681503,0.3015093505382538,0.04971428960561752,-0.26001766324043274,0.04985928162932396,-0.26038479804992676,0.05009150132536888,0.0,0.0,0.0,0.0,0.0,0.0,0.01829713210463524,-0.04106849804520607,0.029815232381224632,-4.511978477239609e-05,-0.018890894949436188,-0.028615323826670647,-0.012616105377674103,0.029831059277057648,0.00443563237786293,-0.0030831973999738693,-0.011316314339637756,-0.01330932229757309,0.0,-0.0,0.0,-0.0,0.0,0.0,0.0,0.0,0.0,0.0,0.0,0.0,0.0,-0.0,0.0,-0.0,0.0,0.0,0.0,0.0,0.0,0.0,0.0,0.0,0.134965717792511,-0.15710830688476562,0.13928383588790894,-0.15407103300094604,0.13638877868652344,0.1497691422700882,0.13452383875846863,0.1492631733417511,0.134965717792511,-0.15710830688476562,0.13928383588790894,-0.15407103300094604,0.13638877868652344,0.1497691422700882,0.13452383875846863,0.1492631733417511,-0.0016772589879110456,-0.013852698728442192,0.019468417391180992,-0.017904143780469894,-0.0474177822470665,0.012228554114699364,-0.049882590770721436,0.04951764643192291,0.30000001192092896,0.30000001192092896,0.30000001192092896,0.30000001192092896,0.0,0.0,1.0,0.0,-0.0,1.0,-0.0,-0.9999998807907104,0.30000001192092896,0.30000001192092896,0.30000001192092896,0.30000001192092896
2.65,0,0.047192513942718506,-0.02250577136874199,-0.014392648823559284,0.2785777747631073,1.0,0.07429339736700058,0.0016883742064237595,0.006152481772005558,1,1,1,1,12.527215957641602,1.8130600452423096,2.2957773208618164,12.10274600982666,12.527215957641602,1.8130600452423096,2.2957773208618164,12.10274600982666,0,0,0,0,0,0.9999991655349731,0.07989870011806488,-0.3184310793876648,0.07866531610488892,-0.31764930486679077,0.29988789558410645,0.04995236173272133,0.3022103011608124,0.04979659989476204,-0.259265273809433,0.04982782155275345,-0.25966259837150574,0.05010027438402176,0.0,0.0,0.0,0.0,0.0,0.0,0.018386876210570335,-0.042051803320646286,0.03061603382229805,-0.0011123097501695156,-0.018786201253533363,-0.028758343309164047,-0.013297614641487598,0.02880759723484516,0.004721189849078655,-0.0026126825250685215,-0.009577170945703983,-0.012922567315399647,0.0,-0.0,0.0,-0.0,0.0,0.0,0.0,0.0,0.0,0.0,0.0,0.0,0.0,-0.0,0.0,-0.0,0.0,0.0,0.0,0.0,0.0,0.0,0.0,0.0,0.134965717792511,-0.15710830688476562,0.13928383588790894,-0.15407103300094604,0.13638877868652344,0.1497691422700882,0.13452383875846863,0.1492631733417511,0.134965717792511,-0.15710830688476562,0.13928383588790894,-0.15407103300094604,0.13638877868652344,0.1497691422700882,0.13452383875846863,0.1492631733417511,-0.0016772589879110456,-0.013852698728442192,0.019468417391180992,-0.017904143780469894,-0.0474177822470665,0.012228554114699364,-0.049882590770721436,0.04951764643192291,0.30000001192092896,0.30000001192092896,0.30000001192092896,0.30000001192092896,0.0,0.0,1.0,0.0,-0.0,1.0,-0.0,-0.9999998807907104,0.30000001192092896,0.30000001192092896,0.30000001192092896,0.30000001192092896
2.7,0,0.047920554876327515,-0.02265107072889805,-0.014232298359274864,0.2808939814567566,1.0,0.07368966192007065,0.0018509933724999428,0.0060287355445325375,1,1,1,1,12.345598220825195,2.245168924331665,2.515186071395874,11.97277545928955,12.345598220825195,2.245168924331665,2.515186071395874,11.97277545928955,0,0,0,0,0,0.9999991655349731,0.07990210503339767,-0.318427711725235,0.07866709679365158,-0.31764742732048035,0.3005825877189636,0.049974773079156876,0.3029194176197052,0.04986979812383652,-0.2585321366786957,0.04978611692786217,-0.2589323818683624,0.05009893700480461,0.0,0.0,0.0,0.0,0.0,0.0,0.017964612692594528,-0.041605208069086075,0.03140740469098091,-0.0015454558888450265,-0.018903013318777084,-0.028835143893957138,-0.01285328809171915,0.027795901522040367,0.004900098312646151,-0.0028804736211895943,-0.008719130419194698,-0.012356857769191265,0.0,-0.0,0.0,-0.0,0.0,0.0,0.0,0.0,0.0,0.0,0.0,0.0,0.0,-0.0,0.0,-0.0,0.0,0.0,0.0,0.0,0.0,0.0,0.0,0.0,0.134965717792511,-0.15710830688476562,0.13928383588790894,-0.15407103300094604,0.13638877868652344,0.1497691422700882,0.13452383875846863,0.1492631733417511,0.134965717792511,-0.15710830688476562,0.13928383588790894,-0.15407103300094604,0.13638877868652344,0.1497691422700882,0.13452383875846863,0.1492631733417511,-0.0016772589879110456,-0.013852698728442192,0.019468417391180992,-0.017904143780469894,-0.0474177822470665,0.012228554114699364,-0.049882590770721436,0.04951764643192291,0.30000001192092896,0.30000001192092896,0.30000001192092896,0.30000001192092896,0.0,0.0,1.0,0.0,-0.0,1.0,-0.0,-0.9999998807907104,0.30000001192092896,0.30000001192092896,0.30000001192092896,0.30000001192092896
2.75,0,0.048670411109924316,-0.022780057042837143,-0.013037767261266708,0.28085556626319885,1.0,0.07697901129722595,0.0014928695745766163,0.005852582864463329,1,1,1,1,12.280962944030762,2.147653818130493,2.5337624549865723,11.775965690612793,12.280962944030762,2.147653818130493,2.5337624549865723,11.775965690612793,0,0,0,0,0,0.9999991655349731,0.07990280538797379,-0.3184266984462738,0.07867522537708282,-0.3176390528678894,0.3013205826282501,0.04998941347002983,0.3036155700683594,0.04993324354290962,-0.2577904760837555,0.04973417893052101,-0.25818967819213867,0.050084639340639114,0.0,0.0,0.0,0.0,0.0,0.0,0.018827928230166435,-0.042986538261175156,0.031584206968545914,-0.00037207824061624706,-0.018868986517190933,-0.03062657080590725,-0.013999954797327518,0.029367294162511826,0.004098440520465374,-0.0024123857729136944,-0.012931852601468563,-0.013543360866606236,0.0,-0.0,0.0,-0.0,0.0,0.0,0.0,0.0,0.0,0.0,0.0,0.0,0.0,-0.0,0.0,-0.0,0.0,0.0,0.0,0.0,0.0,0.0,0.0,0.0,0.134965717792511,-0.15710830688476562,0.13928383588790894,-0.15407103300094604,0.13638877868652344,0.1497691422700882,0.13452383875846863,0.1492631733417511,0.134965717792511,-0.15710830688476562,0.13928383588790894,-0.15407103300094604,0.13638877868652344,0.1497691422700882,0.13452383875846863,0.1492631733417511,-0.0016772589879110456,-0.013852698728442192,0.019468417391180992,-0.017904143780469894,-0.0474177822470665,0.012228554114699364,-0.049882590770721436,0.04951764643192291,0.30000001192092896,0.30000001192092896,0.30000001192092896,0.30000001192092896,0.0,0.0,1.0,0.0,-0.0,1.0,-0.0,-0.9999998807907104,0.30000001192092896,0.30000001192092896,0.30000001192092896,0.30000001192092896
2.8,0,0.049429818987846375,-0.022928189486265182,-0.011895096860826015,0.280825138092041,1.0,0.07200464606285095,0.0017638145945966244,0.005672577768564224,1,1,1,1,12.301590919494629,2.124450445175171,2.557565212249756,11.835037231445312,12.301590919494629,2.124450445175171,2.557565212249756,11.835037231445312,0,0,0,0,0,0.9999991655349731,0.07990169525146484,-0.3184274733066559,0.0786794126033783,-0.3176346719264984,0.30206868052482605,0.049991920590400696,0.30432847142219543,0.04998631402850151,-0.25704607367515564,0.04966927692294121,-0.25743547081947327,0.0500585213303566,0.0,0.0,0.0,0.0,0.0,0.0,0.011495000682771206,-0.04249028116464615,0.029418030753731728,-0.0019944317173212767,-0.01845601573586464,-0.02875557355582714,-0.014339298009872437,0.027909940108656883,0.004770378582179546,-0.003225766820833087,-0.009755074046552181,-0.009864089079201221,0.0,-0.0,0.0,-0.0,0.0,0.0,0.0,0.0,0.0,0.0,0.0,0.0,0.0,-0.0,0.0,-0.0,0.0,0.0,0.0,0.0,0.0,0.0,0.0,0.0,0.134965717792511,-0.15710830688476562,0.13928383588790894,-0.15407103300094604,0.13638877868652344,0.1497691422700882,0.13452383875846863,0.1492631733417511,0.134965717792511,-0.15710830688476562,0.13928383588790894,-0.15407103300094604,0.13638877868652344,0.1497691422700882,0.13452383875846863,0.1492631733417511,-0.0016772589879110456,-0.013852698728442192,0.019468417391180992,-0.017904143780469894,-0.0474177822470665,0.012228554114699364,-0.049882590770721436,0.04951764643192291,0.30000001192092896,0.30000001192092896,0.30000001192092896,0.30000001192092896,0.0,0.0,1.0,0.0,-0.0,1.0,-0.0,-0.9999998807907104,0.30000001192092896,0.30000001192092896,0.30000001192092896,0.30000001192092896
2.85,0,0.05020533502101898,-0.023073801770806313,-0.011298556812107563,0.2807932496070862,1.0,0.07471203058958054,0.0019109947606921196,0.005506316665560007,1,1,1,1,12.207832336425781,2.286466121673584,2.787341833114624,11.583138465881348,12.207832336425781,2.286466121673584,2.787341833114624,11.583138465881348,0,0,0,0,0,0.9999991655349731,0.07990290224552155,-0.3184260427951813,0.07869387418031693,-0.31762009859085083,0.3028317987918854,0.04998144134879112,0.3050537705421448,0.05002951994538307,-0.25628799200057983,0.04959491267800331,-0.25667500495910645,0.050022464245557785,0.0,0.0,0.0,0.0,0.0,0.0,0.019390197470784187,-0.04170549660921097,0.03150494769215584,-0.0013213522033765912,-0.018866244703531265,-0.029574157670140266,-0.012000838294625282,0.028521651402115822,0.004758027382194996,-0.002877075457945466,-0.00959754642099142,-0.012694565579295158,0.0,-0.0,0.0,-0.0,0.0,0.0,0.0,0.0,0.0,0.0,0.0,0.0,0.0,-0.0,0.0,-0.0,0.0,0.0,0.0,0.0,0.0,0.0,0.0,0.0,0.134965717792511,-0.15710830688476562,0.13928383588790894,-0.15407103300094604,0.13638877868652344,0.1497691422700882,0.13452383875846863,0.1492631733417511,0.134965717792511,-0.15710830688476562,0.13928383588790894,-0.15407103300094604,0.13638877868652344,0.1497691422700882,0.13452383875846863,0.1492631733417511,-0.0016772589879110456,-0.013852698728442192,0.019468417391180992,-0.017904143780469894,-0.0474177822470665,0.012228554114699364,-0.049882590770721436,0.04951764643192291,0.30000001192092896,0.30000001192092896,0.30000001192092896,0.30000001192092896,0.0,0.0,1.0,0.0,-0.0,1.0,-0.0,-0.9999998807907104,0.30000001192092896,0.30000001192092896,0.30000001192092896,0.30000001192092896
2.9,0,0.05093676969408989,-0.023199083283543587,-0.00854813028126955,0.2807769775390625,1.0,0.07560330629348755,0.0017167329788208008,0.005351898726075888,1,1,1,1,12.178886413574219,2.33052659034729,2.6983249187469482,11.756925582885742,12.178886413574219,2.33052659034729,2.6983249187469482,11.756925582885742,0,0,0,0,0,0.9999992251396179,0.07990100979804993,-0.3184276521205902,0.07869686186313629,-0.3176170587539673,0.3035871386528015,0.04995984211564064,0.30576178431510925,0.05006125196814537,-0.2555505037307739,0.04950593784451485,-0.25591611862182617,0.04997321218252182,0.0,0.0,0.0,0.0,0.0,0.0,0.018722781911492348,-0.04255124181509018,0.03189689666032791,-0.0015709568979218602,-0.018917279317975044,-0.03000546619296074,-0.013049338012933731,0.028521476313471794,0.004613739438354969,-0.002637183526530862,-0.010136808268725872,-0.012723274528980255,0.0,-0.0,0.0,-0.0,0.0,0.0,0.0,0.0,0.0,0.0,0.0,0.0,0.0,-0.0,0.0,-0.0,0.0,0.0,0.0,0.0,0.0,0.0,0.0,0.0,0.134965717792511,-0.15710830688476562,0.13928383588790894,-0.15407103300094604,0.13638877868652344,0.1497691422700882,0.13452383875846863,0.1492631733417511,0.134965717792511,-0.15710830688476562,0.13928383588790894,-0.15407103300094604,0.13638877868652344,0.1497691422700882,0.13452383875846863,0.1492631733417511,-0.0016772589879110456,-0.013852698728442192,0.019468417391180992,-0.017904143780469894,-0.0474177822470665,0.012228554114699364,-0.049882590770721436,0.04951764643192291,0.30000001192092896,0.30000001192092896,0.30000001192092896,0.30000001192092896,0.0,0.0,1.0,0.0,-0.0,1.0,-0.0,-0.9999998807907104,0.30000001192092896,0.30000001192092896,0.30000001192092896,0.30000001192092896
2.95,0,0.051715537905693054,-0.023336874321103096,-0.012675835750997066,0.28074347972869873,1.0,0.0747251883149147,0.001726868562400341,0.005186273250728846,1,1,1,1,12.35877513885498,2.3228232860565186,2.638920783996582,11.6923189163208,12.35877513885498,2.3228232860565186,2.638920783996582,11.6923189163208,0,0,0,0,0,0.9999992847442627,0.07990173250436783,-0.31842660903930664,0.07870683073997498,-0.31760692596435547,0.3043656349182129,0.0499248243868351,0.30649256706237793,0.05008239299058914,-0.25477585196495056,0.049405746161937714,-0.2551393508911133,0.04991108551621437,0.0,0.0,0.0,0.0,0.0,0.0,0.01710963249206543,-0.042875975370407104,0.03097517229616642,-0.001762626226991415,-0.018404647707939148,-0.02943923883140087,-0.01395691093057394,0.02846365049481392,0.004222067538648844,-0.00248413416557014,-0.010142570361495018,-0.012367455288767815,0.0,-0.0,0.0,-0.0,0.0,0.0,0.0,0.0,0.0,0.0,0.0,0.0,0.0,-0.0,0.0,-0.0,0.0,0.0,0.0,0.0,0.0,0.0,0.0,0.0,0.134965717792511,-0.15710830688476562,0.13928383588790894,-0.15407103300094604,0.13638877868652344,0.1497691422700882,0.13452383875846863,0.1492631733417511,0.134965717792511,-0.15710830688476562,0.13928383588790894,-0.15407103300094604,0.13638877868652344,0.1497691422700882,0.13452383875846863,0.1492631733417511,-0.0016772589879110456,-0.013852698728442192,0.019468417391180992,-0.017904143780469894,-0.0474177822470665,0.012228554114699364,-0.049882590770721436,0.04951764643192291,0.30000001192092896,0.30000001192092896,0.30000001192092896,0.30000001192092896,0.0,0.0,1.0,0.0,-0.0,1.0,-0.0,-0.9999998807907104,0.30000001192092896,0.30000001192092896,0.30000001192092896,0.30000001192092896
3.0,0,0.052472073584795,-0.02344351075589657,-0.013695836998522282,0.28072577714920044,1.0,0.07365959137678146,0.001745058223605156,0.005059218965470791,1,1,1,1,12.137730598449707,2.490936040878296,2.8182506561279297,11.482431411743164,12.137730598449707,2.490936040878296,2.8182506561279297,11.482431411743164,0,0,0,0,0,0.9999992847442627,0.07990135252475739,-0.3184267282485962,0.0787167102098465,-0.3175969421863556,0.30513995885849,0.049878429621458054,0.30722400546073914,0.05009356886148453,-0.2540040910243988,0.04929675906896591,-0.2543662488460541,0.04983854293823242,0.0,0.0,0.0,0.0,0.0,0.0,0.018426373600959778,-0.04178974777460098,0.030972205102443695,-0.001910434104502201,-0.018573570996522903,-0.029026297852396965,-0.012028028257191181,0.028362959623336792,0.004422469530254602,-0.0029024232644587755,-0.008143680170178413,-0.012081281282007694,0.0,-0.0,0.0,-0.0,0.0,0.0,0.0,0.0,0.0,0.0,0.0,0.0,0.0,-0.0,0.0,-0.0,0.0,0.0,0.0,0.0,0.0,0.0,0.0,0.0,0.134965717792511,-0.15710830688476562,0.13928383588790894,-0.15407103300094604,0.13638877868652344,0.1497691422700882,0.13452383875846863,0.1492631733417511,0.134965717792511,-0.15710830688476562,0.13928383588790894,-0.15407103300094604,0.13638877868652344,0.1497691422700882,0.13452383875846863,0.1492631733417511,-0.0016772589879110456,-0.013852698728442192,0.019468417391180992,-0.017904143780469894,-0.0474177822470665,0.012228554114699364,-0.049882590770721436,0.04951764643192291,0.30000001192092896,0.30000001192092896,0.30000001192092896,0.30000001192092896,0.0,0.0,1.0,0.0,-0.0,1.0,-0.0,-0.9999998807907104,0.30000001192092896,0.30000001192092896,0.30000001192092896,0.30000001192092896
3.05,0,0.053283050656318665,-0.023608382791280746,-0.013349548913538456,0.2806856036186218,1.0,0.07563292980194092,0.0017411350272595882,0.0048733060248196125,1,1,1,1,12.17785930633545,2.5040783882141113,2.8711254596710205,11.312763214111328,12.17785930633545,2.5040783882141113,2.8711254596710205,11.312763214111328,0,0,0,0,0,0.9999992847442627,0.0799049437046051,-0.3184228837490082,0.07873006165027618,-0.31758344173431396,0.30594420433044434,0.04981619119644165,0.307975172996521,0.05009148269891739,-0.25322067737579346,0.049172621220350266,-0.2535650134086609,0.049750104546546936,0.0,0.0,0.0,0.0,0.0,0.0,0.017566096037626266,-0.04331115260720253,0.03196529299020767,-0.0017781862989068031,-0.01807105913758278,-0.030572889372706413,-0.013846076093614101,0.027800023555755615,0.00432178657501936,-0.002239203779026866,-0.0107734901830554,-0.01205794420093298,0.0,-0.0,0.0,-0.0,0.0,0.0,0.0,0.0,0.0,0.0,0.0,0.0,0.0,-0.0,0.0,-0.0,0.0,0.0,0.0,0.0,0.0,0.0,0.0,0.0,0.134965717792511,-0.15710830688476562,0.13928383588790894,-0.15407103300094604,0.13638877868652344,0.1497691422700882,0.13452383875846863,0.1492631733417511,0.134965717792511,-0.15710830688476562,0.13928383588790894,-0.15407103300094604,0.13638877868652344,0.1497691422700882,0.13452383875846863,0.1492631733417511,-0.0016772589879110456,-0.013852698728442192,0.019468417391180992,-0.017904143780469894,-0.0474177822470665,0.012228554114699364,-0.049882590770721436,0.04951764643192291,0.30000001192092896,0.30000001192092896,0.30000001192092896,0.30000001192092896,0.0,0.0,1.0,0.0,-0.0,1.0,-0.0,-0.9999998807907104,0.30000001192092896,0.30000001192092896,0.30000001192092896,0.30000001192092896
3.1,0,0.05407031625509262,-0.02376342937350273,-0.015982193872332573,0.2806597650051117,1.0,0.0759178102016449,0.0016782265156507492,0.004667805973440409,1,1,1,1,12.291398048400879,2.4852559566497803,2.6069159507751465,11.45697021484375,12.291398048400879,2.4852559566497803,2.6069159507751465,11.45697021484375,0,0,0,0,0,0.9999993443489075,0.07990912348031998,-0.3184181749820709,0.0787319764494896,-0.3175814151763916,0.30674752593040466,0.04973968490958214,0.30872517824172974,0.05007869750261307,-0.25244924426078796,0.04903167858719826,-0.2527587413787842,0.049646295607089996,0.0,0.0,0.0,0.0,0.0,0.0,0.01870708540081978,-0.04283251613378525,0.032117221504449844,-0.0014773019356653094,-0.01846754364669323,-0.030411291867494583,-0.012781956233084202,0.028744732961058617,0.004662973340600729,-0.0027944380417466164,-0.010312885046005249,-0.012401380576193333,0.0,-0.0,0.0,-0.0,0.0,0.0,0.0,0.0,0.0,0.0,0.0,0.0,0.0,-0.0,0.0,-0.0,0.0,0.0,0.0,0.0,0.0,0.0,0.0,0.0,0.134965717792511,-0.15710830688476562,0.13928383588790894,-0.15407103300094604,0.13638877868652344,0.1497691422700882,0.13452383875846863,0.1492631733417511,0.134965717792511,-0.15710830688476562,0.13928383588790894,-0.15407103300094604,0.13638877868652344,0.1497691422700882,0.13452383875846863,0.1492631733417511,-0.0016772589879110456,-0.013852698728442192,0.019468417391180992,-0.017904143780469894,-0.0474177822470665,0.012228554114699364,-0.049882590770721436,0.04951764643192291,0.30000001192092896,0.30000001192092896,0.30000001192092896,0.30000001192092896,0.0,0.0,1.0,0.0,-0.0,1.0,-0.0,-0.9999998807907104,0.30000001192092896,0.30000001192092896,0.30000001192092896,0.30000001192092896
3.15,0,0.054871831089258194,-0.023922313004732132,-0.015079219825565815,0.2806282937526703,1.0,0.07616135478019714,0.001775309443473816,0.004472237545996904,1,1,1,1,12.091524124145508,2.6600255966186523,2.6342179775238037,11.327224731445312,12.091524124145508,2.6600255966186523,2.6342179775238037,11.327224731445312,0,0,0,0,0,0.9999993443489075,0.07991135120391846,-0.31841549277305603,0.07873759418725967,-0.31757572293281555,0.3075590431690216,0.04965244606137276,0.3094806671142578,0.05005320906639099,-0.2516714632511139,0.0488802008330822,-0.2519451379776001,0.04952767491340637,0.0,0.0,0.0,0.0,0.0,0.0,0.019197072833776474,-0.043138839304447174,0.03245514631271362,-0.0018180779879912734,-0.018119201064109802,-0.03045145608484745,-0.013257019221782684,0.02822095714509487,0.0048282565549016,-0.002716031624004245,-0.009681733325123787,-0.012736967764794827,0.0,-0.0,0.0,-0.0,0.0,0.0,0.0,0.0,0.0,0.0,0.0,0.0,0.0,-0.0,0.0,-0.0,0.0,0.0,0.0,0.0,0.0,0.0,0.0,0.0,0.134965717792511,-0.15710830688476562,0.13928383588790894,-0.15407103300094604,0.13638877868652344,0.1497691422700882,0.13452383875846863,0.1492631733417511,0.134965717792511,-0.15710830688476562,0.13928383588790894,-0.15407103300094604,0.13638877868652344,0.1497691422700882,0.13452383875846863,0.1492631733417511,-0.0016772589879110456,-0.013852698728442192,0.019468417391180992,-0.017904143780469894,-0.0474177822470665,0.012228554114699364,-0.049882590770721436,0.04951764643192291,0.30000001192092896,0.30000001192092896,0.30000001192092896,0.30000001192092896,0.0,0.0,1.0,0.0,-0.0,1.0,-0.0,-0.9999998807907104,0.30000001192092896,0.30000001192092896,0.30000001192092896,0.30000001192092896
3.2,0,0.055675946176052094,-0.02407299354672432,-0.013964498415589333,0.2805987596511841,1.0,0.07479075342416763,0.0017511546611785889,0.0042855991050601006,1,1,1,1,11.725761413574219,2.973900079727173,2.9991002082824707,10.869757652282715,11.725761413574219,2.973900079727173,2.9991002082824707,10.869757652282715,0,0,0,0,0,0.9999994039535522,0.07991497218608856,-0.31841138005256653,0.07874708622694016,-0.3175661563873291,0.3083813190460205,0.04954897239804268,0.31024169921875,0.05001591518521309,-0.25088733434677124,0.04871540889143944,-0.25113195180892944,0.049396708607673645,0.0,0.0,0.0,0.0,0.0,0.0,0.01804337091743946,-0.042892735451459885,0.032113466411828995,-0.0021653820294886827,-0.0180096086114645,-0.02988647297024727,-0.013395177200436592,0.02740967459976673,0.004526997450739145,-0.002474490785971284,-0.00862510222941637,-0.011960996314883232,0.0,-0.0,0.0,-0.0,0.0,0.0,0.0,0.0,0.0,0.0,0.0,0.0,0.0,-0.0,0.0,-0.0,0.0,0.0,0.0,0.0,0.0,0.0,0.0,0.0,0.134965717792511,-0.15710830688476562,0.13928383588790894,-0.15407103300094604,0.13638877868652344,0.1497691422700882,0.13452383875846863,0.1492631733417511,0.134965717792511,-0.15710830688476562,0.13928383588790894,-0.15407103300094604,0.13638877868652344,0.1497691422700882,0.13452383875846863,0.1492631733417511,-0.0016772589879110456,-0.013852698728442192,0.019468417391180992,-0.017904143780469894,-0.0474177822470665,0.012228554114699364,-0.049882590770721436,0.04951764643192291,0.30000001192092896,0.30000001192092896,0.30000001192092896,0.30000001192092896,0.0,0.0,1.0,0.0,-0.0,1.0,-0.0,-0.9999998807907104,0.30000001192092896,0.30000001192092896,0.30000001192092896,0.30000001192092896
3.25,0,0.05647473782300949,-0.02398315817117691,-0.0013025340158492327,0.2805796265602112,1.0,0.07831698656082153,0.0016450714319944382,0.004258143715560436,1,1,1,1,10.411470413208008,4.235902786254883,4.534700870513916,9.536052703857422,10.411470413208008,4.235902786254883,4.534700870513916,9.536052703857422,0,0,0,0,0,0.9999993443489075,0.07991261780261993,-0.3184136748313904,0.07874145358800888,-0.3175716996192932,0.30920299887657166,0.04942883178591728,0.3110259771347046,0.049967508763074875,-0.25016072392463684,0.048737119883298874,-0.25030019879341125,0.04925539717078209,0.0,0.0,0.0,0.0,0.0,0.0,0.01949921064078808,-0.04372801631689072,0.033464279025793076,-0.0016259895637631416,-0.018728043884038925,-0.0301840640604496,-0.013721095398068428,0.030355196446180344,0.005254613701254129,-0.003970985300838947,-0.010971441864967346,-0.013543062843382359,0.0,-0.0,0.0,-0.0,0.0,0.0,0.0,0.0,0.0,0.0,0.0,0.0,0.0,-0.0,0.0,-0.0,0.0,0.0,0.0,0.0,0.0,0.0,0.0,0.0,0.134965717792511,-0.15710830688476562,0.13928383588790894,-0.15407103300094604,0.13638877868652344,0.1497691422700882,0.13452383875846863,0.1492631733417511,0.134965717792511,-0.15710830688476562,0.13928383588790894,-0.15407103300094604,0.13638877868652344,0.1497691422700882,0.13452383875846863,0.1492631733417511,-0.0016772589879110456,-0.013852698728442192,0.019468417391180992,-0.017904143780469894,-0.0474177822470665,0.012228554114699364,-0.049882590770721436,0.04951764643192291,0.30000001192092896,0.30000001192092896,0.30000001192092896,0.30000001192092896,0.0,0.0,1.0,0.0,-0.0,1.0,-0.0,-0.9999998807907104,0.30000001192092896,0.30000001192092896,0.30000001192092896,0.30000001192092896
3.3,0,0.05729151517152786,-0.023827482014894485,-0.001934356871061027,0.2805640399456024,1.0,0.07641482353210449,0.0015458730049431324,0.004311219789087772,1,1,1,1,9.948295593261719,4.802186489105225,5.061551094055176,8.97464656829834,9.948295593261719,4.802186489105225,5.061551094055176,8.97464656829834,0,0,0,0,0,0.9999992847442627,0.07990481704473495,-0.3184218108654022,0.07873405516147614,-0.3175789713859558,0.31002891063690186,0.04929659515619278,0.3118329346179962,0.049908921122550964,-0.24943971633911133,0.04880746454000473,-0.24945922195911407,0.04909657686948776,0.0,0.0,0.0,0.0,0.0,0.0,0.017142854630947113,-0.043474603444337845,0.03149276599287987,-0.0019995525944978,-0.018349556252360344,-0.028996801003813744,-0.014489620923995972,0.030732715502381325,0.004626162350177765,-0.004078785423189402,-0.01079501397907734,-0.013151978142559528,0.0,-0.0,0.0,-0.0,0.0,0.0,0.0,0.0,0.0,0.0,0.0,0.0,0.0,-0.0,0.0,-0.0,0.0,0.0,0.0,0.0,0.0,0.0,0.0,0.0,0.134965717792511,-0.15710830688476562,0.13928383588790894,-0.15407103300094604,0.13638877868652344,0.1497691422700882,0.13452383875846863,0.1492631733417511,0.134965717792511,-0.15710830688476562,0.13928383588790894,-0.15407103300094604,0.13638877868652344,0.1497691422700882,0.13452383875846863,0.1492631733417511,-0.0016772589879110456,-0.013852698728442192,0.019468417391180992,-0.017904143780469894,-0.0474177822470665,0.012228554114699364,-0.049882590770721436,0.04951764643192291,0.30000001192092896,0.30000001192092896,0.30000001192092896,0.30000001192092896,0.0,0.0,1.0,0.0,-0.0,1.0,-0.0,-0.9999998807907104,0.30000001192092896,0.30000001192092896,0.30000001192092896,0.30000001192092896
3.35,0,0.05806182324886322,-0.023629866540431976,-0.0031251756008714437,0.2805674076080322,1.0,0.07551364600658417,0.001319891307502985,0.00438157981261611,1,1,1,1,11.116728782653809,3.292167901992798,3.5861244201660156,10.811856269836426,11.116728782653809,3.292167901992798,3.5861244201660156,10.811856269836426,0,0,0,0,0,0.9999992847442627,0.07989561557769775,-0.3184313178062439,0.0787295401096344,-0.3175835609436035,0.3108213543891907,0.049188751727342606,0.3126184642314911,0.049838706851005554,-0.24872706830501556,0.04886843264102936,-0.2486831694841385,0.049025051295757294,0.0,0.0,0.0,0.0,0.0,0.0,0.01678704284131527,-0.04301066696643829,0.030253149569034576,-0.001670956495217979,-0.018137890845537186,-0.02864604815840721,-0.014161014929413795,0.031428638845682144,0.0043520620092749596,-0.0042006452567875385,-0.010663563385605812,-0.012820830568671227,0.0,-0.0,0.0,-0.0,0.0,0.0,0.0,0.0,0.0,0.0,0.0,0.0,0.0,-0.0,0.0,-0.0,0.0,0.0,0.0,0.0,0.0,0.0,0.0,0.0,0.134965717792511,-0.15710830688476562,0.13928383588790894,-0.15407103300094604,0.13638877868652344,0.1497691422700882,0.13452383875846863,0.1492631733417511,0.134965717792511,-0.15710830688476562,0.13928383588790894,-0.15407103300094604,0.13638877868652344,0.1497691422700882,0.13452383875846863,0.1492631733417511,-0.0016772589879110456,-0.013852698728442192,0.019468417391180992,-0.017904143780469894,-0.0474177822470665,0.012228554114699364,-0.049882590770721436,0.04951764643192291,0.30000001192092896,0.30000001192092896,0.30000001192092896,0.30000001192092896,0.0,0.0,1.0,0.0,-0.0,1.0,-0.0,-0.9999998807907104,0.30000001192092896,0.30000001192092896,0.30000001192092896,0.30000001192092896
3.4,0,0.0586095005273819,-0.02344493567943573,-0.004531077109277248,0.28065410256385803,1.0,0.06926541030406952,0.0019298898987472057,0.004746285732835531,1,1,1,1,11.67946720123291,2.4143128395080566,2.8320698738098145,11.878003120422363,11.67946720123291,2.4143128395080566,2.8320698738098145,11.878003120422363,0,0,0,0,0,0.9999993443489075,0.07987340539693832,-0.3184540271759033,0.07871165871620178,-0.3176019489765167,0.31143873929977417,0.04928554221987724,0.3132886588573456,0.04976939037442207,-0.2480534166097641,0.04891505837440491,-0.24808979034423828,0.04915037006139755,0.0,0.0,0.0,0.0,0.0,0.0,0.012833651155233383,-0.03968072310090065,0.028816908597946167,-0.0009288994478993118,-0.01808968558907509,-0.026862896978855133,-0.01233275793492794,0.028246454894542694,0.004477642010897398,-0.004253651946783066,-0.009016476571559906,-0.010435830801725388,0.0,-0.0,0.0,-0.0,0.0,0.0,0.0,0.0,0.0,0.0,0.0,0.0,0.0,-0.0,0.0,-0.0,0.0,0.0,0.0,0.0,0.0,0.0,0.0,0.0,0.134965717792511,-0.15710830688476562,0.13928383588790894,-0.15407103300094604,0.13638877868652344,0.1497691422700882,0.13452383875846863,0.1492631733417511,0.134965717792511,-0.15710830688476562,0.13928383588790894,-0.15407103300094604,0.13638877868652344,0.1497691422700882,0.13452383875846863,0.1492631733417511,-0.0016772589879110456,-0.013852698728442192,0.019468417391180992,-0.017904143780469894,-0.0474177822470665,0.012228554114699364,-0.049882590770721436,0.04951764643192291,0.30000001192092896,0.30000001192092896,0.30000001192092896,0.30000001192092896,0.0,0.0,1.0,0.0,-0.0,1.0,-0.0,-0.9999998807907104,0.30000001192092896,0.30000001192092896,0.30000001192092896,0.30000001192092896
3.4499999999999997,0,0.05920926481485367,-0.023290473967790604,-0.00692242756485939,0.28070420026779175,1.0,0.07132768630981445,0.0016937833279371262,0.005091514904052019,1,1,1,1,12.187562942504883,2.0080957412719727,2.3773672580718994,12.355661392211914,12.187562942504883,2.0080957412719727,2.3773672580718994,12.355661392211914,0,0,0,0,0,0.9999994039535522,0.07985097914934158,-0.31847667694091797,0.07869689911603928,-0.31761717796325684,0.3120710849761963,0.04937683418393135,0.31396248936653137,0.0496886670589447,-0.24733994901180267,0.048954375088214874,-0.24748794734477997,0.049271129071712494,0.0,0.0,0.0,0.0,0.0,0.0,0.018622176721692085,-0.03955353423953056,0.029546383768320084,-0.0008403005194850266,-0.018244989216327667,-0.027346616610884666,-0.011614084243774414,0.028688104823231697,0.003977111540734768,-0.0035145196598023176,-0.008317972533404827,-0.012911507859826088,0.0,-0.0,0.0,-0.0,0.0,0.0,0.0,0.0,0.0,0.0,0.0,0.0,0.0,-0.0,0.0,-0.0,0.0,0.0,0.0,0.0,0.0,0.0,0.0,0.0,0.134965717792511,-0.15710830688476562,0.13928383588790894,-0.15407103300094604,0.13638877868652344,0.1497691422700882,0.13452383875846863,0.1492631733417511,0.134965717792511,-0.15710830688476562,0.13928383588790894,-0.15407103300094604,0.13638877868652344,0.1497691422700882,0.13452383875846863,0.1492631733417511,-0.0016772589879110456,-0.013852698728442192,0.019468417391180992,-0.017904143780469894,-0.0474177822470665,0.012228554114699364,-0.049882590770721436,0.04951764643192291,0.30000001192092896,0.30000001192092896,0.30000001192092896,0.30000001192092896,0.0,0.0,1.0,0.0,-0.0,1.0,-0.0,-0.9999998807907104,0.30000001192092896,0.30000001192092896,0.30000001192092896,0.30000001192092896
3.5,0,0.05984269827604294,-0.023184759542346,-0.008283527567982674,0.2788091003894806,1.0,0.0706639513373375,0.0016631265170872211,0.00541083887219429,1,1,1,1,12.763450622558594,1.3496458530426025,1.7040857076644897,12.976090431213379,12.763450622558594,1.3496458530426025,1.7040857076644897,12.976090431213379,0,0,0,0,0,0.9999994039535522,0.07983165234327316,-0.31849604845046997,0.07867980748414993,-0.31763479113578796,0.3127155303955078,0.04946180805563927,0.3146381378173828,0.04959545284509659,-0.2466154396533966,0.04898301512002945,-0.24688038229942322,0.049386002123355865,0.0,0.0,0.0,0.0,0.0,0.0,0.015999827533960342,-0.04039708524942398,0.028962383046746254,-0.0017606178298592567,-0.01806413196027279,-0.027946388348937035,-0.012196922674775124,0.028071513399481773,0.0030332221649587154,-0.0028662036638706923,-0.008654601871967316,-0.011276081204414368,0.0,-0.0,0.0,-0.0,0.0,0.0,0.0,0.0,0.0,0.0,0.0,0.0,0.0,-0.0,0.0,-0.0,0.0,0.0,0.0,0.0,0.0,0.0,0.0,0.0,0.134965717792511,-0.15710830688476562,0.13928383588790894,-0.15407103300094604,0.13638877868652344,0.1497691422700882,0.13452383875846863,0.1492631733417511,0.134965717792511,-0.15710830688476562,0.13928383588790894,-0.15407103300094604,0.13638877868652344,0.1497691422700882,0.13452383875846863,0.1492631733417511,-0.0016772589879110456,-0.013852698728442192,0.019468417391180992,-0.017904143780469894,-0.0474177822470665,0.012228554114699364,-0.049882590770721436,0.04951764643192291,0.30000001192092896,0.30000001192092896,0.30000001192092896,0.30000001192092896,0.0,0.0,1.0,0.0,-0.0,1.0,-0.0,-0.9999998807907104,0.30000001192092896,0.30000001192092896,0.30000001192092896,0.30000001192092896
3.55,0,0.060483142733573914,-0.02309957891702652,-0.009161381982266903,0.27881038188934326,1.0,0.07183244824409485,0.0015897485427558422,0.0056940708309412,1,1,1,1,13.160728454589844,0.9687402844429016,1.2990140914916992,13.377330780029297,13.160728454589844,0.9687402844429016,1.2990140914916992,13.377330780029297,0,0,0,0,0,0.9999993443489075,0.07981409132480621,-0.31851324439048767,0.0786762684583664,-0.31763872504234314,0.31336426734924316,0.049539778381586075,0.3152715861797333,0.049489930272102356,-0.2458866685628891,0.049002304673194885,-0.24627861380577087,0.04949108883738518,0.0,0.0,0.0,0.0,0.0,0.0,0.01842544972896576,-0.04043547436594963,0.030422905460000038,-0.002105061197653413,-0.018222274258732796,-0.02845056913793087,-0.011640590615570545,0.02757243998348713,0.003714590100571513,-0.002921557053923607,-0.007349354214966297,-0.01190864946693182,0.0,-0.0,0.0,-0.0,0.0,0.0,0.0,0.0,0.0,0.0,0.0,0.0,0.0,-0.0,0.0,-0.0,0.0,0.0,0.0,0.0,0.0,0.0,0.0,0.0,0.134965717792511,-0.15710830688476562,0.13928383588790894,-0.15407103300094604,0.13638877868652344,0.1497691422700882,0.13452383875846863,0.1492631733417511,0.134965717792511,-0.15710830688476562,0.13928383588790894,-0.15407103300094604,0.13638877868652344,0.1497691422700882,0.13452383875846863,0.1492631733417511,-0.0016772589879110456,-0.013852698728442192,0.019468417391180992,-0.017904143780469894,-0.0474177822470665,0.012228554114699364,-0.049882590770721436,0.04951764643192291,0.30000001192092896,0.30000001192092896,0.30000001192092896,0.30000001192092896,0.0,0.0,1.0,0.0,-0.0,1.0,-0.0,-0.9999998807907104,0.30000001192092896,0.30000001192092896,0.30000001192092896,0.30000001192092896
3.6,0,0.06112102419137955,-0.02301938086748123,-0.011163435876369476,0.2788124978542328,1.0,0.07036374509334564,0.0016131154261529446,0.005944801494479179,1,1,1,1,13.658222198486328,0.5226311683654785,0.9496471881866455,13.79796314239502,13.658222198486328,0.5226311683654785,0.9496471881866455,13.79796314239502,0,0,0,0,0,0.9999992847442627,0.07979544997215271,-0.3185310661792755,0.07865695655345917,-0.31765860319137573,0.31401148438453674,0.049609679728746414,0.3158739507198334,0.049370333552360535,-0.24516606330871582,0.049010735005140305,-0.2456740140914917,0.04958834871649742,0.0,0.0,0.0,0.0,0.0,0.0,0.01767311617732048,-0.039263978600502014,0.028195200487971306,-0.0006982766790315509,-0.017683152109384537,-0.02735075168311596,-0.011227723211050034,0.029415452852845192,0.0036272811703383923,-0.003737542312592268,-0.00840170867741108,-0.012320604175329208,0.0,-0.0,0.0,-0.0,0.0,0.0,0.0,0.0,0.0,0.0,0.0,0.0,0.0,-0.0,0.0,-0.0,0.0,0.0,0.0,0.0,0.0,0.0,0.0,0.0,0.134965717792511,-0.15710830688476562,0.13928383588790894,-0.15407103300094604,0.13638877868652344,0.1497691422700882,0.13452383875846863,0.1492631733417511,0.134965717792511,-0.15710830688476562,0.13928383588790894,-0.15407103300094604,0.13638877868652344,0.1497691422700882,0.13452383875846863,0.1492631733417511,-0.0016772589879110456,-0.013852698728442192,0.019468417391180992,-0.017904143780469894,-0.0474177822470665,0.012228554114699364,-0.049882590770721436,0.04951764643192291,0.30000001192092896,0.30000001192092896,0.30000001192092896,0.30000001192092896,0.0,0.0,1.0,0.0,-0.0,1.0,-0.0,-0.9999998807907104,0.30000001192092896,0.30000001192092896,0.30000001192092896,0.30000001192092896
3.65,0,0.06175999343395233,-0.022937117144465446,-0.010141905397176743,0.2788203954696655,1.0,0.0717240571975708,0.0015403283759951591,0.00617594737559557,1,1,1,1,14.090714454650879,0.0,0.5000537633895874,14.246063232421875,14.090714454650879,0.0,0.5000537633895874,14.246063232421875,0,0,0,0,0,0.9999992847442627,0.07978092133998871,-0.31854447722435,0.0786399096250534,-0.3176760971546173,0.3146645128726959,0.04967234283685684,0.3164530098438263,0.049237869679927826,-0.2444431036710739,0.049009665846824646,-0.24507272243499756,0.049677472561597824,0.0,0.0,0.0,0.0,0.0,0.0,0.018033534288406372,-0.0398046039044857,0.027744777500629425,-0.000987845123745501,-0.01820528693497181,-0.027189072221517563,-0.01198834553360939,0.031015245243906975,0.0034373539965599775,-0.004050889052450657,-0.008803989738225937,-0.013486938551068306,0.0,-0.0,0.0,-0.0,0.0,0.0,0.0,0.0,0.0,0.0,0.0,0.0,0.0,-0.0,0.0,-0.0,0.0,0.0,0.0,0.0,0.0,0.0,0.0,0.0,0.134965717792511,-0.15710830688476562,0.13928383588790894,-0.15407103300094604,0.13638877868652344,0.1497691422700882,0.13452383875846863,0.1492631733417511,0.134965717792511,-0.15710830688476562,0.13928383588790894,-0.15407103300094604,0.13638877868652344,0.1497691422700882,0.13452383875846863,0.1492631733417511,-0.0016772589879110456,-0.013852698728442192,0.019468417391180992,-0.017904143780469894,-0.0474177822470665,0.012228554114699364,-0.049882590770721436,0.04951764643192291,0.30000001192092896,0.30000001192092896,0.30000001192092896,0.30000001192092896,0.0,0.0,1.0,0.0,-0.0,1.0,-0.0,-0.9999998807907104,0.30000001192092896,0.30000001192092896,0.30000001192092896,0.30000001192092896
3.6999999999999997,0,0.06243758648633957,-0.022872984409332275,-0.009978710673749447,0.2788069546222687,1.0,0.0704856663942337,0.001861239317804575,0.006423123646527529,1,1,1,1,14.40447998046875,0.0,0.0,14.815801620483398,14.40447998046875,0.0,0.0,14.815801620483398,0,0,0,0,0,0.9999992251396179,0.07976681739091873,-0.31855762004852295,0.07862327247858047,-0.3176930844783783,0.31533217430114746,0.04972736909985542,0.3170860707759857,0.049109622836112976,-0.24367038905620575,0.0489952489733696,-0.2444567084312439,0.049761898815631866,0.0,0.0,0.0,0.0,0.0,0.0,0.015730472281575203,-0.03968288376927376,0.028763404116034508,-0.0008110271883197129,-0.017659926787018776,-0.027862662449479103,-0.012582072988152504,0.028571289032697678,0.002557914238423109,-0.0030538763385266066,-0.010078349150717258,-0.011738344095647335,0.0,-0.0,0.0,-0.0,0.0,0.0,0.0,0.0,0.0,0.0,0.0,0.0,0.0,-0.0,0.0,-0.0,0.0,0.0,0.0,0.0,0.0,0.0,0.0,0.0,0.134965717792511,-0.15710830688476562,0.13928383588790894,-0.15407103300094604,0.13638877868652344,0.1497691422700882,0.13452383875846863,0.1492631733417511,0.134965717792511,-0.15710830688476562,0.13928383588790894,-0.15407103300094604,0.13638877868652344,0.1497691422700882,0.13452383875846863,0.1492631733417511,-0.0016772589879110456,-0.013852698728442192,0.019468417391180992,-0.017904143780469894,-0.0474177822470665,0.012228554114699364,-0.049882590770721436,0.04951764643192291,0.30000001192092896,0.30000001192092896,0.30000001192092896,0.30000001192092896,0.0,0.0,1.0,0.0,-0.0,1.0,-0.0,-0.9999998807907104,0.30000001192092896,0.30000001192092896,0.30000001192092896,0.30000001192092896
3.75,0,0.06311234831809998,-0.022899014875292778,-0.010315348394215107,0.27880430221557617,1.0,0.07355283945798874,0.00160604203119874,0.006450044456869364,1,1,1,1,13.692630767822266,0.0,1.132899522781372,13.379244804382324,13.692630767822266,0.0,1.132899522781372,13.379244804382324,0,0,0,0,0,0.9999992251396179,0.07975742220878601,-0.3185667395591736,0.07862588763237,-0.31769031286239624,0.315998375415802,0.049776121973991394,0.3177283704280853,0.04911833256483078,-0.24292589724063873,0.04897347837686539,-0.2438436597585678,0.04983561486005783,0.0,0.0,0.0,0.0,0.0,0.0,0.019325770437717438,-0.041178662329912186,0.032066747546195984,-0.0026335911825299263,-0.018854953348636627,-0.02856096439063549,-0.01371436845511198,0.026631027460098267,0.0043334392830729485,-0.0025075653102248907,-0.007182999048382044,-0.012666675262153149,0.0,-0.0,0.0,-0.0,0.0,0.0,0.0,0.0,0.0,0.0,0.0,0.0,0.0,-0.0,0.0,-0.0,0.0,0.0,0.0,0.0,0.0,0.0,0.0,0.0,0.134965717792511,-0.15710830688476562,0.13928383588790894,-0.15407103300094604,0.13638877868652344,0.1497691422700882,0.13452383875846863,0.1492631733417511,0.134965717792511,-0.15710830688476562,0.13928383588790894,-0.15407103300094604,0.13638877868652344,0.1497691422700882,0.13452383875846863,0.1492631733417511,-0.0016772589879110456,-0.013852698728442192,0.019468417391180992,-0.017904143780469894,-0.0474177822470665,0.012228554114699364,-0.049882590770721436,0.04951764643192291,0.30000001192092896,0.30000001192092896,0.30000001192092896,0.30000001192092896,0.0,0.0,1.0,0.0,-0.0,1.0,-0.0,-0.9999998807907104,0.30000001192092896,0.30000001192092896,0.30000001192092896,0.30000001192092896
3.8,0,0.06380929052829742,-0.0230209119617939,-0.01713702455163002,0.2788074314594269,1.0,0.07143507897853851,0.0024618911556899548,0.006288439501076937,1,1,1,1,13.324870109558105,0.7606827616691589,0.6971002221107483,13.680258750915527,13.324870109558105,0.7606827616691589,0.6971002221107483,13.680258750915527,0,0,0,0,0,0.9999992847442627,0.07976505905389786,-0.31855952739715576,0.07864444702863693,-0.3176712393760681,0.3166849911212921,0.04982201009988785,0.3184167146682739,0.049253761768341064,-0.24220100045204163,0.04894411191344261,-0.24320724606513977,0.04989604651927948,0.0,0.0,0.0,0.0,0.0,0.0,0.01704680360853672,-0.03984495624899864,0.02945934236049652,-0.002414123620837927,-0.0196839552372694,-0.027946192771196365,-0.011098209768533707,0.029024185612797737,0.0037118562031537294,-0.00400424562394619,-0.0071692438796162605,-0.011655241250991821,0.0,-0.0,0.0,-0.0,0.0,0.0,0.0,0.0,0.0,0.0,0.0,0.0,0.0,-0.0,0.0,-0.0,0.0,0.0,0.0,0.0,0.0,0.0,0.0,0.0,0.134965717792511,-0.15710830688476562,0.13928383588790894,-0.15407103300094604,0.13638877868652344,0.1497691422700882,0.13452383875846863,0.1492631733417511,0.134965717792511,-0.15710830688476562,0.13928383588790894,-0.15407103300094604,0.13638877868652344,0.1497691422700882,0.13452383875846863,0.1492631733417511,-0.0016772589879110456,-0.013852698728442192,0.019468417391180992,-0.017904143780469894,-0.0474177822470665,0.012228554114699364,-0.049882590770721436,0.04951764643192291,0.30000001192092896,0.30000001192092896,0.30000001192092896,0.30000001192092896,0.0,0.0,1.0,0.0,-0.0,1.0,-0.0,-0.9999998807907104,0.30000001192092896,0.30000001192092896,0.30000001192092896,0.30000001192092896
3.85,0,0.06447277218103409,-0.023132478818297386,-0.016859151422977448,0.27881643176078796,1.0,0.07428298890590668,0.0016221990808844566,0.006064887624233961,1,1,1,1,13.773122787475586,0.46481630206108093,0.9877375960350037,13.4710054397583,13.773122787475586,0.46481630206108093,0.9877375960350037,13.4710054397583,0,0,0,0,0,0.9999992847442627,0.07977432757616043,-0.3185502588748932,0.07865814119577408,-0.3176572918891907,0.3173529803752899,0.049855172634124756,0.31907379627227783,0.049379847943782806,-0.24150735139846802,0.04889891296625137,-0.24251282215118408,0.04994599521160126,0.0,0.0,0.0,0.0,0.0,0.0,0.02115466631948948,-0.04157052934169769,0.030458172783255577,-0.003094289917498827,-0.01890731044113636,-0.029357824474573135,-0.012201757170259953,0.028222251683473587,0.0036482822615653276,-0.002378844888880849,-0.007026276551187038,-0.01311388611793518,0.0,-0.0,0.0,-0.0,0.0,0.0,0.0,0.0,0.0,0.0,0.0,0.0,0.0,-0.0,0.0,-0.0,0.0,0.0,0.0,0.0,0.0,0.0,0.0,0.0,0.134965717792511,-0.15710830688476562,0.13928383588790894,-0.15407103300094604,0.13638877868652344,0.1497691422700882,0.13452383875846863,0.1492631733417511,0.134965717792511,-0.15710830688476562,0.13928383588790894,-0.15407103300094604,0.13638877868652344,0.1497691422700882,0.13452383875846863,0.1492631733417511,-0.0016772589879110456,-0.013852698728442192,0.019468417391180992,-0.017904143780469894,-0.0474177822470665,0.012228554114699364,-0.049882590770721436,0.04951764643192291,0.30000001192092896,0.30000001192092896,0.30000001192092896,0.30000001192092896,0.0,0.0,1.0,0.0,-0.0,1.0,-0.0,-0.9999998807907104,0.30000001192092896,0.30000001192092896,0.30000001192092896,0.30000001192092896
3.9,0,0.06516281515359879,-0.023268239572644234,-0.013276692479848862,0.2788347899913788,1.0,0.07191253453493118,0.0015358240343630314,0.005878053139895201,1,1,1,1,13.349153518676758,0.8117103576660156,0.48665934801101685,14.047204971313477,13.349153518676758,0.8117103576660156,0.48665934801101685,14.047204971313477,0,0,0,0,0,0.9999993443489075,0.07977836579084396,-0.3185465335845947,0.07868197560310364,-0.31763312220573425,0.31804558634757996,0.04988120496273041,0.31975507736206055,0.04949325695633888,-0.2408064305782318,0.0488484688103199,-0.24187862873077393,0.049989618360996246,0.0,0.0,0.0,0.0,0.0,0.0,0.013564137741923332,-0.041479095816612244,0.026819931343197823,-0.002056627534329891,-0.01892569102346897,-0.027946380898356438,-0.014394345693290234,0.030564354732632637,0.0022437837906181812,-0.0033859731629490852,-0.010273202322423458,-0.011864894069731236,0.0,-0.0,0.0,-0.0,0.0,0.0,0.0,0.0,0.0,0.0,0.0,0.0,0.0,-0.0,0.0,-0.0,0.0,0.0,0.0,0.0,0.0,0.0,0.0,0.0,0.134965717792511,-0.15710830688476562,0.13928383588790894,-0.15407103300094604,0.13638877868652344,0.1497691422700882,0.13452383875846863,0.1492631733417511,0.134965717792511,-0.15710830688476562,0.13928383588790894,-0.15407103300094604,0.13638877868652344,0.1497691422700882,0.13452383875846863,0.1492631733417511,-0.0016772589879110456,-0.013852698728442192,0.019468417391180992,-0.017904143780469894,-0.0474177822470665,0.012228554114699364,-0.049882590770721436,0.04951764643192291,0.30000001192092896,0.30000001192092896,0.30000001192092896,0.30000001192092896,0.0,0.0,1.0,0.0,-0.0,1.0,-0.0,-0.9999998807907104,0.30000001192092896,0.30000001192092896,0.30000001192092896,0.30000001192092896
3.9499999999999997,0,0.06586380302906036,-0.023419329896569252,-0.016297807916998863,0.2788386940956116,1.0,0.07584937661886215,0.0016472828574478626,0.0056388285011053085,1,1,1,1,13.60874080657959,0.6653372645378113,0.2878950834274292,14.406597137451172,13.60874080657959,0.6653372645378113,0.2878950834274292,14.406597137451172,0,0,0,0,0,0.9999993443489075,0.07978831231594086,-0.31853654980659485,0.07869041711091995,-0.3176240026950836,0.31873610615730286,0.04989511892199516,0.3204403817653656,0.04959990456700325,-0.24010029435157776,0.048783790320158005,-0.2412225604057312,0.050022803246974945,0.0,0.0,0.0,0.0,0.0,0.0,0.022362375631928444,-0.04199287295341492,0.03236502781510353,-0.003418703330680728,-0.019359206780791283,-0.030311783775687218,-0.012104827910661697,0.02746536210179329,0.0036139669828116894,-0.0022886137012392282,-0.006133830640465021,-0.013419724069535732,0.0,-0.0,0.0,-0.0,0.0,0.0,0.0,0.0,0.0,0.0,0.0,0.0,0.0,-0.0,0.0,-0.0,0.0,0.0,0.0,0.0,0.0,0.0,0.0,0.0,0.134965717792511,-0.15710830688476562,0.13928383588790894,-0.15407103300094604,0.13638877868652344,0.1497691422700882,0.13452383875846863,0.1492631733417511,0.134965717792511,-0.15710830688476562,0.13928383588790894,-0.15407103300094604,0.13638877868652344,0.1497691422700882,0.13452383875846863,0.1492631733417511,-0.0016772589879110456,-0.013852698728442192,0.019468417391180992,-0.017904143780469894,-0.0474177822470665,0.012228554114699364,-0.049882590770721436,0.04951764643192291,0.30000001192092896,0.30000001192092896,0.30000001192092896,0.30000001192092896,0.0,0.0,1.0,0.0,-0.0,1.0,-0.0,-0.9999998807907104,0.30000001192092896,0.30000001192092896,0.30000001192092896,0.30000001192092896
4.0,0,0.06656180322170258,-0.023461144417524338,-0.004707994870841503,0.27885034680366516,1.0,0.07524041086435318,0.0015667146071791649,0.005475184880197048,1,1,1,1,12.653976440429688,1.3475735187530518,1.582018256187439,12.908202171325684,12.653976440429688,1.3475735187530518,1.582018256187439,12.908202171325684,0,0,0,0,0,0.9999994039535522,0.07979226112365723,-0.3185328543186188,0.07870245724916458,-0.31761130690574646,0.3194398880004883,0.049896761775016785,0.32114294171333313,0.04969637095928192,-0.239400252699852,0.04878705367445946,-0.2405625879764557,0.05005502328276634,0.0,0.0,0.0,0.0,0.0,0.0,0.020610446110367775,-0.04144010692834854,0.030338391661643982,-0.0016134544275701046,-0.01814442314207554,-0.030562449246644974,-0.012037983164191246,0.02954859659075737,0.003556294133886695,-0.003250923240557313,-0.010293961502611637,-0.013620872981846333,0.0,-0.0,0.0,-0.0,0.0,0.0,0.0,0.0,0.0,0.0,0.0,0.0,0.0,-0.0,0.0,-0.0,0.0,0.0,0.0,0.0,0.0,0.0,0.0,0.0,0.134965717792511,-0.15710830688476562,0.13928383588790894,-0.15407103300094604,0.13638877868652344,0.1497691422700882,0.13452383875846863,0.1492631733417511,0.134965717792511,-0.15710830688476562,0.13928383588790894,-0.15407103300094604,0.13638877868652344,0.1497691422700882,0.13452383875846863,0.1492631733417511,-0.0016772589879110456,-0.013852698728442192,0.019468417391180992,-0.017904143780469894,-0.0474177822470665,0.012228554114699364,-0.049882590770721436,0.04951764643192291,0.30000001192092896,0.30000001192092896,0.30000001192092896,0.30000001192092896,0.0,0.0,1.0,0.0,-0.0,1.0,-0.0,-0.9999998807907104,0.30000001192092896,0.30000001192092896,0.30000001192092896,0.30000001192092896
4.05,0,0.06728003919124603,-0.023338882252573967,-0.0024153392296284437,0.27881765365600586,1.0,0.07273811101913452,0.0009224689565598965,0.005488802213221788,1,1,1,1,12.641938209533691,1.7381547689437866,2.358490228652954,12.705121994018555,12.641938209533691,1.7381547689437866,2.358490228652954,12.705121994018555,0,0,0,0,0,0.9999993443489075,0.07979126274585724,-0.3185344338417053,0.07871483266353607,-0.3175986111164093,0.320128858089447,0.04992908239364624,0.32185685634613037,0.049785733222961426,-0.23870059847831726,0.048926278948783875,-0.2398318350315094,0.05007752776145935,0.0,0.0,0.0,0.0,0.0,0.0,0.016769040375947952,-0.04082908853888512,0.0270682480186224,-0.00022928602993488312,-0.01843099109828472,-0.027515746653079987,-0.01378802489489317,0.03128685802221298,0.002808348275721073,-0.004067753441631794,-0.01135545875877142,-0.013809447176754475,0.0,-0.0,0.0,-0.0,0.0,0.0,0.0,0.0,0.0,0.0,0.0,0.0,0.0,-0.0,0.0,-0.0,0.0,0.0,0.0,0.0,0.0,0.0,0.0,0.0,0.134965717792511,-0.15710830688476562,0.13928383588790894,-0.15407103300094604,0.13638877868652344,0.1497691422700882,0.13452383875846863,0.1492631733417511,0.134965717792511,-0.15710830688476562,0.13928383588790894,-0.15407103300094604,0.13638877868652344,0.1497691422700882,0.13452383875846863,0.1492631733417511,-0.0016772589879110456,-0.013852698728442192,0.019468417391180992,-0.017904143780469894,-0.0474177822470665,0.012228554114699364,-0.049882590770721436,0.04951764643192291,0.30000001192092896,0.30000001192092896,0.30000001192092896,0.30000001192092896,0.0,0.0,1.0,0.0,-0.0,1.0,-0.0,-0.9999998807907104,0.30000001192092896,0.30000001192092896,0.30000001192092896,0.30000001192092896
4.1,0,0.06800367683172226,-0.023257721215486526,-0.0016752780647948384,0.2805449366569519,1.0,0.06309761106967926,0.001637069508433342,0.005464826710522175,1,1,1,1,12.06615924835205,2.2824513912200928,2.9408860206604004,11.574762344360352,12.06615924835205,2.2824513912200928,2.9408860206604004,11.574762344360352,0,0,0,0,0,0.9999992847442627,0.07979239523410797,-0.3185337781906128,0.07871753722429276,-0.31759536266326904,0.3208222985267639,0.04995545372366905,0.3225777745246887,0.04986216500401497,-0.23803016543388367,0.04905875399708748,-0.239131361246109,0.05008847266435623,0.0,0.0,0.0,0.0,0.0,0.0,0.007312273606657982,-0.037413090467453,0.022839056327939034,-0.0032323412597179413,-0.020371204242110252,-0.022682687267661095,-0.013300793245434761,0.027702106162905693,0.0038179107941687107,-0.005103186704218388,-0.004113032482564449,-0.00804272573441267,0.0,-0.0,0.0,-0.0,0.0,0.0,0.0,0.0,0.0,0.0,0.0,0.0,0.0,-0.0,0.0,-0.0,0.0,0.0,0.0,0.0,0.0,0.0,0.0,0.0,0.134965717792511,-0.15710830688476562,0.13928383588790894,-0.15407103300094604,0.13638877868652344,0.1497691422700882,0.13452383875846863,0.1492631733417511,0.134965717792511,-0.15710830688476562,0.13928383588790894,-0.15407103300094604,0.13638877868652344,0.1497691422700882,0.13452383875846863,0.1492631733417511,-0.0016772589879110456,-0.013852698728442192,0.019468417391180992,-0.017904143780469894,-0.0474177822470665,0.012228554114699364,-0.049882590770721436,0.04951764643192291,0.30000001192092896,0.30000001192092896,0.30000001192092896,0.30000001192092896,0.0,0.0,1.0,0.0,-0.0,1.0,-0.0,-0.9999998807907104,0.30000001192092896,0.30000001192092896,0.30000001192092896,0.30000001192092896
4.15,0,0.0687142014503479,-0.02317492663860321,-0.002770460909232497,0.2805512845516205,1.0,0.07537496834993362,0.0016565993428230286,0.005465357564389706,1,1,1,1,11.735612869262695,2.6504886150360107,2.9594948291778564,11.350850105285645,11.735612869262695,2.6504886150360107,2.9594948291778564,11.350850105285645,0,0,0,0,0,0.9999992847442627,0.07979083061218262,-0.31853577494621277,0.07871808856725693,-0.317594438791275,0.3215170204639435,0.04996960610151291,0.3232952952384949,0.04992866516113281,-0.2373691350221634,0.04917939752340317,-0.23843266069889069,0.050087690353393555,0.0,0.0,0.0,0.0,0.0,0.0,0.02107841894030571,-0.04192192852497101,0.03104139119386673,-0.001868808758445084,-0.01801171898841858,-0.02866113744676113,-0.01320486981421709,0.029738187789916992,0.004596984013915062,-0.0037543487269431353,-0.0083055030554533,-0.014274376444518566,0.0,-0.0,0.0,-0.0,0.0,0.0,0.0,0.0,0.0,0.0,0.0,0.0,0.0,-0.0,0.0,-0.0,0.0,0.0,0.0,0.0,0.0,0.0,0.0,0.0,0.134965717792511,-0.15710830688476562,0.13928383588790894,-0.15407103300094604,0.13638877868652344,0.1497691422700882,0.13452383875846863,0.1492631733417511,0.134965717792511,-0.15710830688476562,0.13928383588790894,-0.15407103300094604,0.13638877868652344,0.1497691422700882,0.13452383875846863,0.1492631733417511,-0.0016772589879110456,-0.013852698728442192,0.019468417391180992,-0.017904143780469894,-0.0474177822470665,0.012228554114699364,-0.049882590770721436,0.04951764643192291,0.30000001192092896,0.30000001192092896,0.30000001192092896,0.30000001192092896,0.0,0.0,1.0,0.0,-0.0,1.0,-0.0,-0.9999998807907104,0.30000001192092896,0.30000001192092896,0.30000001192092896,0.30000001192092896
4.2,0,0.06943221390247345,-0.023093344643712044,-0.00649979617446661,0.2805473804473877,1.0,0.07745827734470367,0.0020112991333007812,0.0054715401493012905,1,1,1,1,11.45602798461914,2.846935272216797,3.1558473110198975,10.388090133666992,11.45602798461914,2.846935272216797,3.1558473110198975,10.388090133666992,0,0,0,0,0,0.9999992847442627,0.07979083806276321,-0.31853631138801575,0.0787244588136673,-0.3175880014896393,0.3222104609012604,0.049972694367170334,0.32401150465011597,0.049986157566308975,-0.2367064505815506,0.04929210990667343,-0.23766788840293884,0.050066057592630386,0.0,0.0,0.0,0.0,0.0,0.0,0.023659583181142807,-0.042301155626773834,0.030783651396632195,-0.0003156573511660099,-0.017976470291614532,-0.02920619212090969,-0.013426857069134712,0.031010013073682785,0.003477157559245825,-0.0032129352912306786,-0.010413100011646748,-0.01593692973256111,0.0,-0.0,0.0,-0.0,0.0,0.0,0.0,0.0,0.0,0.0,0.0,0.0,0.0,-0.0,0.0,-0.0,0.0,0.0,0.0,0.0,0.0,0.0,0.0,0.0,0.134965717792511,-0.15710830688476562,0.13928383588790894,-0.15407103300094604,0.13638877868652344,0.1497691422700882,0.13452383875846863,0.1492631733417511,0.134965717792511,-0.15710830688476562,0.13928383588790894,-0.15407103300094604,0.13638877868652344,0.1497691422700882,0.13452383875846863,0.1492631733417511,-0.0016772589879110456,-0.013852698728442192,0.019468417391180992,-0.017904143780469894,-0.0474177822470665,0.012228554114699364,-0.049882590770721436,0.04951764643192291,0.30000001192092896,0.30000001192092896,0.30000001192092896,0.30000001192092896,0.0,0.0,1.0,0.0,-0.0,1.0,-0.0,-0.9999998807907104,0.30000001192092896,0.30000001192092896,0.30000001192092896,0.30000001192092896
4.25,0,0.07016566395759583,-0.023050768300890923,-0.005437557119876146,0.28055423498153687,1.0,0.07586563378572464,0.001980310305953026,0.005468746181577444,1,1,1,1,11.270896911621094,3.2681884765625,3.3753278255462646,10.976228713989258,11.270896911621094,3.2681884765625,3.3753278255462646,10.976228713989258,0,0,0,0,0,0.9999992251396179,0.07978754490613937,-0.3185400068759918,0.07872121781110764,-0.31759113073349,0.3229323625564575,0.049965258687734604,0.32474926114082336,0.050030115991830826,-0.23604735732078552,0.049395836889743805,-0.23693563044071198,0.05005059018731117,0.0,0.0,0.0,0.0,0.0,0.0,0.017941914498806,-0.04278576746582985,0.02978624403476715,-0.0013260293053463101,-0.01752062328159809,-0.02939625456929207,-0.014315713196992874,0.031217427924275398,0.004160427488386631,-0.004258096218109131,-0.011608685366809368,-0.013903230428695679,0.0,-0.0,0.0,-0.0,0.0,0.0,0.0,0.0,0.0,0.0,0.0,0.0,0.0,-0.0,0.0,-0.0,0.0,0.0,0.0,0.0,0.0,0.0,0.0,0.0,0.134965717792511,-0.15710830688476562,0.13928383588790894,-0.15407103300094604,0.13638877868652344,0.1497691422700882,0.13452383875846863,0.1492631733417511,0.134965717792511,-0.15710830688476562,0.13928383588790894,-0.15407103300094604,0.13638877868652344,0.1497691422700882,0.13452383875846863,0.1492631733417511,-0.0016772589879110456,-0.013852698728442192,0.019468417391180992,-0.017904143780469894,-0.0474177822470665,0.012228554114699364,-0.049882590770721436,0.04951764643192291,0.30000001192092896,0.30000001192092896,0.30000001192092896,0.30000001192092896,0.0,0.0,1.0,0.0,-0.0,1.0,-0.0,-0.9999998807907104,0.30000001192092896,0.30000001192092896,0.30000001192092896,0.30000001192092896
4.3,0,0.07090828567743301,-0.02298911102116108,-0.006049701943993568,0.28053632378578186,1.0,0.07303847372531891,0.001470150426030159,0.005451615434139967,1,1,1,1,10.863072395324707,3.772188663482666,4.0310163497924805,10.312796592712402,10.863072395324707,3.772188663482666,4.0310163497924805,10.312796592712402,0,0,0,0,0,0.9999991655349731,0.07978527247905731,-0.3185424208641052,0.0787227600812912,-0.31758958101272583,0.3236682415008545,0.049944356083869934,0.32547232508659363,0.05006391927599907,-0.23538288474082947,0.049493346363306046,-0.2361682504415512,0.0500146709382534,0.0,0.0,0.0,0.0,0.0,0.0,0.01488263439387083,-0.04253466799855232,0.028998248279094696,-0.0016747073968872428,-0.01690656691789627,-0.029006129130721092,-0.014367463998496532,0.029334519058465958,0.0036586683709174395,-0.003668687306344509,-0.0103917820379138,-0.011457075364887714,0.0,-0.0,0.0,-0.0,0.0,0.0,0.0,0.0,0.0,0.0,0.0,0.0,0.0,-0.0,0.0,-0.0,0.0,0.0,0.0,0.0,0.0,0.0,0.0,0.0,0.134965717792511,-0.15710830688476562,0.13928383588790894,-0.15407103300094604,0.13638877868652344,0.1497691422700882,0.13452383875846863,0.1492631733417511,0.134965717792511,-0.15710830688476562,0.13928383588790894,-0.15407103300094604,0.13638877868652344,0.1497691422700882,0.13452383875846863,0.1492631733417511,-0.0016772589879110456,-0.013852698728442192,0.019468417391180992,-0.017904143780469894,-0.0474177822470665,0.012228554114699364,-0.049882590770721436,0.04951764643192291,0.30000001192092896,0.30000001192092896,0.30000001192092896,0.30000001192092896,0.0,0.0,1.0,0.0,-0.0,1.0,-0.0,-0.9999998807907104,0.30000001192092896,0.30000001192092896,0.30000001192092896,0.30000001192092896
4.35,0,0.07165578007698059,-0.022931238636374474,-0.00601237453520298,0.2805296778678894,1.0,0.07572727650403976,0.0015447256155312061,0.005428217351436615,1,1,1,1,10.659246444702148,3.8348522186279297,3.943467140197754,10.338994026184082,10.659246444702148,3.8348522186279297,3.943467140197754,10.338994026184082,0,0,0,0,0,0.9999991655349731,0.07978088408708572,-0.3185470700263977,0.0787201076745987,-0.3175921142101288,0.3244120180606842,0.04991256073117256,0.32621297240257263,0.05008742958307266,-0.23471777141094208,0.04958046227693558,-0.235386922955513,0.049964308738708496,0.0,0.0,0.0,0.0,0.0,0.0,0.016242219135165215,-0.043060000985860825,0.028345678001642227,-0.000955513387452811,-0.017663756385445595,-0.029016688466072083,-0.01508388388901949,0.032387565821409225,0.003669812111184001,-0.004342491272836924,-0.012680173851549625,-0.013736464083194733,0.0,-0.0,0.0,-0.0,0.0,0.0,0.0,0.0,0.0,0.0,0.0,0.0,0.0,-0.0,0.0,-0.0,0.0,0.0,0.0,0.0,0.0,0.0,0.0,0.0,0.134965717792511,-0.15710830688476562,0.13928383588790894,-0.15407103300094604,0.13638877868652344,0.1497691422700882,0.13452383875846863,0.1492631733417511,0.134965717792511,-0.15710830688476562,0.13928383588790894,-0.15407103300094604,0.13638877868652344,0.1497691422700882,0.13452383875846863,0.1492631733417511,-0.0016772589879110456,-0.013852698728442192,0.019468417391180992,-0.017904143780469894,-0.0474177822470665,0.012228554114699364,-0.049882590770721436,0.04951764643192291,0.30000001192092896,0.30000001192092896,0.30000001192092896,0.30000001192092896,0.0,0.0,1.0,0.0,-0.0,1.0,-0.0,-0.9999998807907104,0.30000001192092896,0.30000001192092896,0.30000001192092896,0.30000001192092896
4.4,0,0.0724061131477356,-0.022880882024765015,-0.004300749860703945,0.2805047333240509,1.0,0.0760381668806076,0.0015089199878275394,0.005414850544184446,1,1,1,1,10.182875633239746,4.332231521606445,4.529139995574951,9.757681846618652,10.182875633239746,4.332231521606445,4.529139995574951,9.757681846618652,0,0,0,0,0,0.9999990463256836,0.07977744936943054,-0.31855055689811707,0.07871417701244354,-0.3175978362560272,0.32516247034072876,0.049868181347846985,0.3269347846508026,0.05010019615292549,-0.2340528666973114,0.049658067524433136,-0.23463571071624756,0.04990098252892494,0.0,0.0,0.0,0.0,0.0,0.0,0.020147409290075302,-0.04276224598288536,0.03094964101910591,-0.001174360397271812,-0.01672249846160412,-0.030555360019207,-0.013837506994605064,0.029015863314270973,0.0035149368923157454,-0.0029150766786187887,-0.011573614552617073,-0.013658175244927406,0.0,-0.0,0.0,-0.0,0.0,0.0,0.0,0.0,0.0,0.0,0.0,0.0,0.0,-0.0,0.0,-0.0,0.0,0.0,0.0,0.0,0.0,0.0,0.0,0.0,0.134965717792511,-0.15710830688476562,0.13928383588790894,-0.15407103300094604,0.13638877868652344,0.1497691422700882,0.13452383875846863,0.1492631733417511,0.134965717792511,-0.15710830688476562,0.13928383588790894,-0.15407103300094604,0.13638877868652344,0.1497691422700882,0.13452383875846863,0.1492631733417511,-0.0016772589879110456,-0.013852698728442192,0.019468417391180992,-0.017904143780469894,-0.0474177822470665,0.012228554114699364,-0.049882590770721436,0.04951764643192291,0.30000001192092896,0.30000001192092896,0.30000001192092896,0.30000001192092896,0.0,0.0,1.0,0.0,-0.0,1.0,-0.0,-0.9999998807907104,0.30000001192092896,0.30000001192092896,0.30000001192092896,0.30000001192092896
4.45,0,0.07316669821739197,-0.022817743942141533,-0.004990509711205959,0.28046947717666626,1.0,0.07316416501998901,0.0016032438725233078,0.005388288293033838,1,1,1,1,10.104288101196289,4.69552755355835,4.916676044464111,9.209249496459961,10.104288101196289,4.69552755355835,4.916676044464111,9.209249496459961,0,0,0,0,0,0.9999990463256836,0.07977508008480072,-0.31855276226997375,0.07871375977993011,-0.3175981938838959,0.3259577453136444,0.049813732504844666,0.3276607394218445,0.050099898129701614,-0.23337776958942413,0.04972703382372856,-0.23384150862693787,0.0498235821723938,0.0,0.0,0.0,0.0,0.0,0.0,0.01518681738525629,-0.04244058206677437,0.029660027474164963,-0.001297786133363843,-0.016420722007751465,-0.029853997752070427,-0.013896078802645206,0.028479941189289093,0.0037747046444565058,-0.0034240325912833214,-0.011132868938148022,-0.011168205179274082,0.0,-0.0,0.0,-0.0,0.0,0.0,0.0,0.0,0.0,0.0,0.0,0.0,0.0,-0.0,0.0,-0.0,0.0,0.0,0.0,0.0,0.0,0.0,0.0,0.0,0.134965717792511,-0.15710830688476562,0.13928383588790894,-0.15407103300094604,0.13638877868652344,0.1497691422700882,0.13452383875846863,0.1492631733417511,0.134965717792511,-0.15710830688476562,0.13928383588790894,-0.15407103300094604,0.13638877868652344,0.1497691422700882,0.13452383875846863,0.1492631733417511,-0.0016772589879110456,-0.013852698728442192,0.019468417391180992,-0.017904143780469894,-0.0474177822470665,0.012228554114699364,-0.049882590770721436,0.04951764643192291,0.30000001192092896,0.30000001192092896,0.30000001192092896,0.30000001192092896,0.0,0.0,1.0,0.0,-0.0,1.0,-0.0,-0.9999998807907104,0.30000001192092896,0.30000001192092896,0.30000001192092896,0.30000001192092896
4.5,0,0.07394269108772278,-0.022777287289500237,-0.00729330675676465,0.28042998909950256,1.0,0.07404018938541412,0.0014370884746313095,0.005362598691135645,1,1,1,1,9.489873886108398,5.096366882324219,5.344682693481445,8.692065238952637,9.489873886108398,5.096366882324219,5.344682693481445,8.692065238952637,0,0,0,0,0,0.999998927116394,0.07977163791656494,-0.3185562193393707,0.07871229946613312,-0.3175995945930481,0.3267260193824768,0.04974428191781044,0.3283921480178833,0.050087861716747284,-0.23269493877887726,0.04978777840733528,-0.23303444683551788,0.049732234328985214,0.0,0.0,0.0,0.0,0.0,0.0,0.016693977639079094,-0.04289596155285835,0.03104826994240284,-0.0018247271655127406,-0.01614277996122837,-0.030525676906108856,-0.013667166233062744,0.027505645528435707,0.004077864345163107,-0.002879429142922163,-0.010604269802570343,-0.011079003103077412,0.0,-0.0,0.0,-0.0,0.0,0.0,0.0,0.0,0.0,0.0,0.0,0.0,0.0,-0.0,0.0,-0.0,0.0,0.0,0.0,0.0,0.0,0.0,0.0,0.0,0.134965717792511,-0.15710830688476562,0.13928383588790894,-0.15407103300094604,0.13638877868652344,0.1497691422700882,0.13452383875846863,0.1492631733417511,0.134965717792511,-0.15710830688476562,0.13928383588790894,-0.15407103300094604,0.13638877868652344,0.1497691422700882,0.13452383875846863,0.1492631733417511,-0.0016772589879110456,-0.013852698728442192,0.019468417391180992,-0.017904143780469894,-0.0474177822470665,0.012228554114699364,-0.049882590770721436,0.04951764643192291,0.30000001192092896,0.30000001192092896,0.30000001192092896,0.30000001192092896,0.0,0.0,1.0,0.0,-0.0,1.0,-0.0,-0.9999998807907104,0.30000001192092896,0.30000001192092896,0.30000001192092896,0.30000001192092896
4.55,0,0.07472434639930725,-0.022719785571098328,-0.0002782624214887619,0.28041231632232666,1.0,0.07630046457052231,0.0011030328460037708,0.005350797437131405,1,1,1,1,9.280076026916504,5.2353596687316895,5.741788864135742,8.57370376586914,9.280076026916504,5.2353596687316895,5.741788864135742,8.57370376586914,0,0,0,0,0,0.999998927116394,0.07976672798395157,-0.318561315536499,0.07871267199516296,-0.31759923696517944,0.32749855518341064,0.04966092109680176,0.32915329933166504,0.0500628836452961,-0.23200789093971252,0.04983960837125778,-0.2322184145450592,0.04962782934308052,0.0,0.0,0.0,0.0,0.0,0.0,0.018241718411445618,-0.04382571950554848,0.030222564935684204,-0.000925467989873141,-0.0164705328643322,-0.029879380017518997,-0.015235495753586292,0.030483940616250038,0.003306625410914421,-0.0031836151611059904,-0.011343241669237614,-0.013373944908380508,0.0,-0.0,0.0,-0.0,0.0,0.0,0.0,0.0,0.0,0.0,0.0,0.0,0.0,-0.0,0.0,-0.0,0.0,0.0,0.0,0.0,0.0,0.0,0.0,0.0,0.134965717792511,-0.15710830688476562,0.13928383588790894,-0.15407103300094604,0.13638877868652344,0.1497691422700882,0.13452383875846863,0.1492631733417511,0.134965717792511,-0.15710830688476562,0.13928383588790894,-0.15407103300094604,0.13638877868652344,0.1497691422700882,0.13452383875846863,0.1492631733417511,-0.0016772589879110456,-0.013852698728442192,0.019468417391180992,-0.017904143780469894,-0.0474177822470665,0.012228554114699364,-0.049882590770721436,0.04951764643192291,0.30000001192092896,0.30000001192092896,0.30000001192092896,0.30000001192092896,0.0,0.0,1.0,0.0,-0.0,1.0,-0.0,-0.9999998807907104,0.30000001192092896,0.30000001192092896,0.30000001192092896,0.30000001192092896
4.6,0,0.0755094364285469,-0.02265828661620617,-0.0024699580390006304,0.2804175019264221,1.0,0.0756460502743721,0.0015652612783014774,0.005361101124435663,1,1,1,1,8.937640190124512,5.6157050132751465,5.736116886138916,8.4038724899292,8.937640190124512,5.6157050132751465,5.736116886138916,8.4038724899292,0,0,0,0,0,0.9999988675117493,0.07976119220256805,-0.31856727600097656,0.07870465517044067,-0.31760716438293457,0.3282769024372101,0.04956645146012306,0.32994481921195984,0.0500258170068264,-0.23130588233470917,0.049878235906362534,-0.23140044510364532,0.04950733482837677,0.0,0.0,0.0,0.0,0.0,0.0,0.018308263272047043,-0.042416658252477646,0.029027657583355904,-0.0014274339191615582,-0.017664698883891106,-0.02832048200070858,-0.014420857653021812,0.03237956389784813,0.0046372730284929276,-0.005155906546860933,-0.01060761883854866,-0.014567753300070763,0.0,-0.0,0.0,-0.0,0.0,0.0,0.0,0.0,0.0,0.0,0.0,0.0,0.0,-0.0,0.0,-0.0,0.0,0.0,0.0,0.0,0.0,0.0,0.0,0.0,0.134965717792511,-0.15710830688476562,0.13928383588790894,-0.15407103300094604,0.13638877868652344,0.1497691422700882,0.13452383875846863,0.1492631733417511,0.134965717792511,-0.15710830688476562,0.13928383588790894,-0.15407103300094604,0.13638877868652344,0.1497691422700882,0.13452383875846863,0.1492631733417511,-0.0016772589879110456,-0.013852698728442192,0.019468417391180992,-0.017904143780469894,-0.0474177822470665,0.012228554114699364,-0.049882590770721436,0.04951764643192291,0.30000001192092896,0.30000001192092896,0.30000001192092896,0.30000001192092896,0.0,0.0,1.0,0.0,-0.0,1.0,-0.0,-0.9999998807907104,0.30000001192092896,0.30000001192092896,0.30000001192092896,0.30000001192092896
4.65,0,0.07629311084747314,-0.02258780598640442,-0.006497293245047331,0.28042837977409363,1.0,0.07781217992305756,0.0014342274516820908,0.005383735056966543,1,1,1,1,8.445629119873047,6.375473499298096,6.392767429351807,7.925154685974121,8.445629119873047,6.375473499298096,6.392767429351807,7.925154685974121,0,0,0,0,0,0.9999988079071045,0.07975485175848007,-0.3185741603374481,0.07869760692119598,-0.31761422753334045,0.32905927300453186,0.04945807531476021,0.3307421803474426,0.04997700825333595,-0.23060369491577148,0.04990699142217636,-0.2305789440870285,0.04937289282679558,0.0,0.0,0.0,0.0,0.0,0.0,0.02068745531141758,-0.04351704940199852,0.030672984197735786,-0.0013466981472447515,-0.017772065475583076,-0.02918628789484501,-0.01442430354654789,0.03246239200234413,0.0040977634489536285,-0.004420108161866665,-0.009912224486470222,-0.015041610226035118,0.0,-0.0,0.0,-0.0,0.0,0.0,0.0,0.0,0.0,0.0,0.0,0.0,0.0,-0.0,0.0,-0.0,0.0,0.0,0.0,0.0,0.0,0.0,0.0,0.0,0.134965717792511,-0.15710830688476562,0.13928383588790894,-0.15407103300094604,0.13638877868652344,0.1497691422700882,0.13452383875846863,0.1492631733417511,0.134965717792511,-0.15710830688476562,0.13928383588790894,-0.15407103300094604,0.13638877868652344,0.1497691422700882,0.13452383875846863,0.1492631733417511,-0.0016772589879110456,-0.013852698728442192,0.019468417391180992,-0.017904143780469894,-0.0474177822470665,0.012228554114699364,-0.049882590770721436,0.04951764643192291,0.30000001192092896,0.30000001192092896,0.30000001192092896,0.30000001192092896,0.0,0.0,1.0,0.0,-0.0,1.0,-0.0,-0.9999998807907104,0.30000001192092896,0.30000001192092896,0.30000001192092896,0.30000001192092896
4.7,0,0.0771019235253334,-0.022535644471645355,-0.0015548465307801962,0.2804248631000519,1.0,0.07639278471469879,0.0013828394003212452,0.005408528260886669,1,1,1,1,8.216065406799316,6.371459484100342,6.414486408233643,7.65426778793335,8.216065406799316,6.371459484100342,6.414486408233643,7.65426778793335,0,0,0,0,0,0.9999987483024597,0.07974885404109955,-0.3185805380344391,0.07869083434343338,-0.3176209628582001,0.32985126972198486,0.04933423176407814,0.3315452039241791,0.04991268739104271,-0.22988899052143097,0.049926888197660446,-0.22974392771720886,0.049223076552152634,0.0,0.0,0.0,0.0,0.0,0.0,0.017110498622059822,-0.04342684522271156,0.02955971099436283,-0.0013645055005326867,-0.017316313460469246,-0.02922874502837658,-0.015050538815557957,0.03224930167198181,0.0038350208196789026,-0.004722415003925562,-0.011530378833413124,-0.013816316612064838,0.0,-0.0,0.0,-0.0,0.0,0.0,0.0,0.0,0.0,0.0,0.0,0.0,0.0,-0.0,0.0,-0.0,0.0,0.0,0.0,0.0,0.0,0.0,0.0,0.0,0.134965717792511,-0.15710830688476562,0.13928383588790894,-0.15407103300094604,0.13638877868652344,0.1497691422700882,0.13452383875846863,0.1492631733417511,0.134965717792511,-0.15710830688476562,0.13928383588790894,-0.15407103300094604,0.13638877868652344,0.1497691422700882,0.13452383875846863,0.1492631733417511,-0.0016772589879110456,-0.013852698728442192,0.019468417391180992,-0.017904143780469894,-0.0474177822470665,0.012228554114699364,-0.049882590770721436,0.04951764643192291,0.30000001192092896,0.30000001192092896,0.30000001192092896,0.30000001192092896,0.0,0.0,1.0,0.0,-0.0,1.0,-0.0,-0.9999998807907104,0.30000001192092896,0.30000001192092896,0.30000001192092896,0.30000001192092896
4.75,0,0.07791812717914581,-0.02247156947851181,0.0015442013973370194,0.2804223299026489,1.0,0.075884610414505,0.0015028617344796658,0.005444991867989302,1,1,1,1,7.842724800109863,6.830539226531982,6.880770206451416,7.1798176765441895,7.842724800109863,6.830539226531982,6.880770206451416,7.1798176765441895,0,0,0,0,0,0.9999986886978149,0.07974228262901306,-0.3185877203941345,0.07868458330631256,-0.31762707233428955,0.33064937591552734,0.04919661581516266,0.33235716819763184,0.04983467981219292,-0.22916336357593536,0.049936387687921524,-0.2289053052663803,0.04905673861503601,0.0,0.0,0.0,0.0,0.0,0.0,0.016289619728922844,-0.0434560552239418,0.02927909791469574,-0.001407490111887455,-0.017181463539600372,-0.028877297416329384,-0.015261567197740078,0.03223785385489464,0.0037604502867907286,-0.004718630108982325,-0.01125752367079258,-0.013454089872539043,0.0,-0.0,0.0,-0.0,0.0,0.0,0.0,0.0,0.0,0.0,0.0,0.0,0.0,-0.0,0.0,-0.0,0.0,0.0,0.0,0.0,0.0,0.0,0.0,0.0,0.134965717792511,-0.15710830688476562,0.13928383588790894,-0.15407103300094604,0.13638877868652344,0.1497691422700882,0.13452383875846863,0.1492631733417511,0.134965717792511,-0.15710830688476562,0.13928383588790894,-0.15407103300094604,0.13638877868652344,0.1497691422700882,0.13452383875846863,0.1492631733417511,-0.0016772589879110456,-0.013852698728442192,0.019468417391180992,-0.017904143780469894,-0.0474177822470665,0.012228554114699364,-0.049882590770721436,0.04951764643192291,0.30000001192092896,0.30000001192092896,0.30000001192092896,0.30000001192092896,0.0,0.0,1.0,0.0,-0.0,1.0,-0.0,-0.9999998807907104,0.30000001192092896,0.30000001192092896,0.30000001192092896,0.30000001192092896
4.8,0,0.07872629165649414,-0.022399866953492165,5.810445509268902e-05,0.2804393768310547,1.0,0.07698221504688263,0.0016227299347519875,0.005503450054675341,1,1,1,1,7.469225883483887,7.250115394592285,7.219729900360107,6.771744251251221,7.469225883483887,7.250115394592285,7.219729900360107,6.771744251251221,0,0,0,0,0,0.9999986290931702,0.07973433285951614,-0.3185963034629822,0.07867579162120819,-0.31763556599617004,0.33144715428352356,0.049046099185943604,0.3331843316555023,0.04974405840039253,-0.22843991219997406,0.049934517592191696,-0.22806701064109802,0.048876482993364334,0.0,0.0,0.0,0.0,0.0,0.0,0.015922723338007927,-0.04342522844672203,0.028741279616951942,-0.0005787447444163263,-0.017238322645425797,-0.029310891404747963,-0.015663670375943184,0.03358360752463341,0.003630406688898802,-0.0053133899345994,-0.013674965128302574,-0.014236153103411198,0.0,-0.0,0.0,-0.0,0.0,0.0,0.0,0.0,0.0,0.0,0.0,0.0,0.0,-0.0,0.0,-0.0,0.0,0.0,0.0,0.0,0.0,0.0,0.0,0.0,0.134965717792511,-0.15710830688476562,0.13928383588790894,-0.15407103300094604,0.13638877868652344,0.1497691422700882,0.13452383875846863,0.1492631733417511,0.134965717792511,-0.15710830688476562,0.13928383588790894,-0.15407103300094604,0.13638877868652344,0.1497691422700882,0.13452383875846863,0.1492631733417511,-0.0016772589879110456,-0.013852698728442192,0.019468417391180992,-0.017904143780469894,-0.0474177822470665,0.012228554114699364,-0.049882590770721436,0.04951764643192291,0.30000001192092896,0.30000001192092896,0.30000001192092896,0.30000001192092896,0.0,0.0,1.0,0.0,-0.0,1.0,-0.0,-0.9999998807907104,0.30000001192092896,0.30000001192092896,0.30000001192092896,0.30000001192092896
4.85,0,0.07956381887197495,-0.022345831617712975,-2.8968672268092632e-05,0.28044018149375916,1.0,0.07356133311986923,0.0015814523212611675,0.005557811353355646,1,1,1,1,7.0868449211120605,7.671519756317139,7.602266788482666,6.371026039123535,7.0868449211120605,7.671519756317139,7.602266788482666,6.371026039123535,0,0,0,0,0,0.9999985098838806,0.07972649484872818,-0.3186047375202179,0.07866717875003815,-0.3176441788673401,0.3322564661502838,0.048879507929086685,0.33401885628700256,0.04963645711541176,-0.22770032286643982,0.04992177337408066,-0.22721581161022186,0.048678088933229446,0.0,0.0,0.0,0.0,0.0,0.0,0.011260944418609142,-0.04311278089880943,0.027569876983761787,-0.0016203667037189007,-0.01694597117602825,-0.027915408834815025,-0.015779851004481316,0.032264936715364456,0.003877940122038126,-0.0054774098098278046,-0.011325313709676266,-0.011543690226972103,0.0,-0.0,0.0,-0.0,0.0,0.0,0.0,0.0,0.0,0.0,0.0,0.0,0.0,-0.0,0.0,-0.0,0.0,0.0,0.0,0.0,0.0,0.0,0.0,0.0,0.134965717792511,-0.15710830688476562,0.13928383588790894,-0.15407103300094604,0.13638877868652344,0.1497691422700882,0.13452383875846863,0.1492631733417511,0.134965717792511,-0.15710830688476562,0.13928383588790894,-0.15407103300094604,0.13638877868652344,0.1497691422700882,0.13452383875846863,0.1492631733417511,-0.0016772589879110456,-0.013852698728442192,0.019468417391180992,-0.017904143780469894,-0.0474177822470665,0.012228554114699364,-0.049882590770721436,0.04951764643192291,0.30000001192092896,0.30000001192092896,0.30000001192092896,0.30000001192092896,0.0,0.0,1.0,0.0,-0.0,1.0,-0.0,-0.9999998807907104,0.30000001192092896,0.30000001192092896,0.30000001192092896,0.30000001192092896
4.9,0,0.08036651462316513,-0.022356335073709488,-0.00042885649600066245,0.28046441078186035,1.0,0.07422096282243729,0.0015291078016161919,0.005729286465793848,1,1,1,1,7.552361488342285,7.3466668128967285,7.436247825622559,6.898713111877441,7.552361488342285,7.3466668128967285,7.436247825622559,6.898713111877441,0,0,0,0,0,0.9999985098838806,0.07971310615539551,-0.31861892342567444,0.0786532610654831,-0.3176577687263489,0.3330328166484833,0.04878345504403114,0.3348427712917328,0.04951810836791992,-0.22696346044540405,0.0498972125351429,-0.22637592256069183,0.04846782982349396,0.0,0.0,0.0,0.0,0.0,0.0,0.014516247436404228,-0.04277266934514046,0.028868794441223145,-0.0016547286650165915,-0.016925889998674393,-0.028233442455530167,-0.015011005103588104,0.031769607216119766,0.0037281112745404243,-0.005173724144697189,-0.010656270198523998,-0.01264553889632225,0.0,-0.0,0.0,-0.0,0.0,0.0,0.0,0.0,0.0,0.0,0.0,0.0,0.0,-0.0,0.0,-0.0,0.0,0.0,0.0,0.0,0.0,0.0,0.0,0.0,0.134965717792511,-0.15710830688476562,0.13928383588790894,-0.15407103300094604,0.13638877868652344,0.1497691422700882,0.13452383875846863,0.1492631733417511,0.134965717792511,-0.15710830688476562,0.13928383588790894,-0.15407103300094604,0.13638877868652344,0.1497691422700882,0.13452383875846863,0.1492631733417511,-0.0016772589879110456,-0.013852698728442192,0.019468417391180992,-0.017904143780469894,-0.0474177822470665,0.012228554114699364,-0.049882590770721436,0.04951764643192291,0.30000001192092896,0.30000001192092896,0.30000001192092896,0.30000001192092896,0.0,0.0,1.0,0.0,-0.0,1.0,-0.0,-0.9999998807907104,0.30000001192092896,0.30000001192092896,0.30000001192092896,0.30000001192092896
4.95,0,0.0810764878988266,-0.022089576348662376,0.0033299883361905813,0.2805139422416687,1.0,0.073988176882267,0.001193392090499401,0.005750812124460936,1,1,1,1,8.24841594696045,6.244470119476318,6.727579593658447,7.507829666137695,8.24841594696045,6.244470119476318,6.727579593658447,7.507829666137695,0,0,0,0,0,0.9999985098838806,0.0797073096036911,-0.31862473487854004,0.07864849269390106,-0.31766289472579956,0.3337867856025696,0.04870675876736641,0.3356296420097351,0.0493902787566185,-0.2262592315673828,0.0499236136674881,-0.22564293444156647,0.04851807281374931,0.0,0.0,0.0,0.0,0.0,0.0,0.015425614081323147,-0.04205723851919174,0.027907252311706543,-0.0005652754916809499,-0.017478246241807938,-0.02777569554746151,-0.014408143237233162,0.03266149014234543,0.003997050225734711,-0.005273185670375824,-0.010902179405093193,-0.013204890303313732,0.0,-0.0,0.0,-0.0,0.0,0.0,0.0,0.0,0.0,0.0,0.0,0.0,0.0,-0.0,0.0,-0.0,0.0,0.0,0.0,0.0,0.0,0.0,0.0,0.0,0.134965717792511,-0.15710830688476562,0.13928383588790894,-0.15407103300094604,0.13638877868652344,0.1497691422700882,0.13452383875846863,0.1492631733417511,0.134965717792511,-0.15710830688476562,0.13928383588790894,-0.15407103300094604,0.13638877868652344,0.1497691422700882,0.13452383875846863,0.1492631733417511,-0.0016772589879110456,-0.013852698728442192,0.019468417391180992,-0.017904143780469894,-0.0474177822470665,0.012228554114699364,-0.049882590770721436,0.04951764643192291,0.30000001192092896,0.30000001192092896,0.30000001192092896,0.30000001192092896,0.0,0.0,1.0,0.0,-0.0,1.0,-0.0,-0.9999998807907104,0.30000001192092896,0.30000001192092896,0.30000001192092896,0.30000001192092896
