time_s,env_id,base_x_m,pitch_rad,pitch_rate_rad_s,margin_m,fsm_phase,action_l2,reward,roll_rad,fl_contact_state,fr_contact_state,rl_contact_state,rr_contact_state,fl_contact_force_n,fr_contact_force_n,rl_contact_force_n,rr_contact_force_n,fl_contact_upward_force_n,fr_contact_upward_force_n,rl_contact_upward_force_n,rr_contact_upward_force_n,fl_full_wheel_on_top,fr_full_wheel_on_top,rl_full_wheel_on_top,rr_full_wheel_on_top,all_wheels_on_top,support_score,fl_wheel_y_m,fr_wheel_y_m,rl_wheel_y_m,rr_wheel_y_m,fl_wheel_x_m,fl_wheel_z_m,fr_wheel_x_m,fr_wheel_z_m,rl_wheel_x_m,rl_wheel_z_m,rr_wheel_x_m,rr_wheel_z_m,fl_load_trim_z_m,fr_load_trim_z_m,fl_unload_trim_m,fr_unload_trim_m,rl_unload_trim_m,rr_unload_trim_m,policy_action_00,policy_action_01,policy_action_02,policy_action_03,policy_action_04,policy_action_05,policy_action_06,policy_action_07,policy_action_08,policy_action_09,policy_action_10,policy_action_11,executed_action_00,executed_action_01,executed_action_02,executed_action_03,executed_action_04,executed_action_05,executed_action_06,executed_action_07,executed_action_08,executed_action_09,executed_action_10,executed_action_11,scaled_wheel_center_residual_m_00,scaled_wheel_center_residual_m_01,scaled_wheel_center_residual_m_02,scaled_wheel_center_residual_m_03,scaled_wheel_center_residual_m_04,scaled_wheel_center_residual_m_05,scaled_wheel_center_residual_m_06,scaled_wheel_center_residual_m_07,scaled_wheel_speed_residual_rad_s_00,scaled_wheel_speed_residual_rad_s_01,scaled_wheel_speed_residual_rad_s_02,scaled_wheel_speed_residual_rad_s_03,requested_wheel_center_target_m_00,requested_wheel_center_target_m_01,requested_wheel_center_target_m_02,requested_wheel_center_target_m_03,requested_wheel_center_target_m_04,requested_wheel_center_target_m_05,requested_wheel_center_target_m_06,requested_wheel_center_target_m_07,final_wheel_center_target_m_00,final_wheel_center_target_m_01,final_wheel_center_target_m_02,final_wheel_center_target_m_03,final_wheel_center_target_m_04,final_wheel_center_target_m_05,final_wheel_center_target_m_06,final_wheel_center_target_m_07,final_servo_target_rad_00,final_servo_target_rad_01,final_servo_target_rad_02,final_servo_target_rad_03,final_servo_target_rad_04,final_servo_target_rad_05,final_servo_target_rad_06,final_servo_target_rad_07,final_wheel_target_rad_s_00,final_wheel_target_rad_s_01,final_wheel_target_rad_s_02,final_wheel_target_rad_s_03,reference_00,reference_01,reference_02,reference_03,reference_04,reference_05,reference_06,reference_07,reference_08,reference_09,reference_10,reference_11
0.0,0,0.023341462016105652,-0.013022538274526596,0.11482547223567963,0.2811872363090515,0.0,0.21499387919902802,-1.7035406827926636,0.0011024805717170238,1,1,1,1,12.714151382446289,3.8829269409179688,7.918721675872803,0.0,12.714151382446289,3.8829269409179688,7.918721675872803,0.0,0,0,0,0,0,0.9998812675476074,0.08114944398403168,-0.3171718716621399,0.07888796180486679,-0.31741735339164734,0.2740977704524994,0.03834109753370285,0.2775287330150604,0.03980577737092972,-0.2972661554813385,0.048968832939863205,-0.29712435603141785,0.0495038703083992,0.0,0.0,0.0,0.0,0.0,0.0,-0.054872963577508926,0.026211291551589966,-0.07050476223230362,0.05405135452747345,-0.0375257208943367,-0.0769231766462326,-0.04733583703637123,-0.05702763423323631,0.025416692718863487,0.043371669948101044,0.09049540013074875,0.10534282773733139,0.0,0.0,0.0,0.0,0.0,0.0,0.0,0.0,0.0,0.0,0.0,0.0,0.0,0.0,0.0,0.0,0.0,0.0,0.0,0.0,0.0,0.0,0.0,0.0,0.134965717792511,-0.15710830688476562,0.13928383588790894,-0.15407103300094604,0.13638877868652344,0.1497691422700882,0.13452383875846863,0.1492631733417511,0.134965717792511,-0.15710830688476562,0.13928383588790894,-0.15407103300094604,0.13638877868652344,0.1497691422700882,0.13452383875846863,0.1492631733417511,-0.0016772589879110456,-0.013852698728442192,0.019468417391180992,-0.017904143780469894,-0.0474177822470665,0.012228554114699364,-0.049882590770721436,0.04951764643192291,0.30000001192092896,0.30000001192092896,0.30000001192092896,0.30000001192092896,0.0,0.0,1.0,0.0,-0.0,1.0,-0.0,-0.9999998807907104,0.30000001192092896,0.30000001192092896,0.30000001192092896,0.30000001192092896
0.05,0,0.015613473020493984,-0.027147985994815826,0.1287631094455719,0.280522882938385,0.0,0.07632481306791306,-0.2193458080291748,0.001684659393504262,1,1,1,1,10.909892082214355,0.0,1.8495811223983765,15.111153602600098,10.909892082214355,0.0,1.8495811223983765,15.111153602600098,0,0,0,0,0,0.9999781250953674,0.08024583756923676,-0.31807202100753784,0.07896853238344193,-0.3173377811908722,0.26898178458213806,0.04895831644535065,0.27024412155151367,0.04988231137394905,-0.2985769510269165,0.049220677465200424,-0.29888078570365906,0.04926459491252899,0.0,0.0,0.0,0.0,0.0,0.0,0.022557560354471207,-0.014440951868891716,0.02605718933045864,-0.007554696872830391,0.0012667186092585325,-0.01720752753317356,0.026581907644867897,0.0526486374437809,0.016876447945833206,-0.009526113979518414,-0.01455596275627613,0.002902363892644644,-0.04709714651107788,-0.07903022319078445,0.06423559039831161,-0.11433417350053787,-0.00985903199762106,0.01266885083168745,0.05333176255226135,0.09747136384248734,0.09550400078296661,0.024719053879380226,-0.1033046692609787,-0.07867980748414993,-0.0007064571836963296,-0.001580604468472302,0.0009635338210500777,-0.0022866835352033377,-0.00014788548287469894,0.000253377016633749,0.0007999764056876302,0.0019494271837174892,0.019100800156593323,0.004943810869008303,-0.02066093496978283,-0.015735961496829987,0.13425925374031067,-0.15868891775608063,0.1402473747730255,-0.15635772049427032,0.1362408995628357,0.15002252161502838,0.13532382249832153,0.15121260285377502,0.13425926864147186,-0.15868890285491943,0.1402473747730255,-0.15635772049427032,0.1362408995628357,0.1500225067138672,0.13532382249832153,0.15121258795261383,-0.012763299979269505,-0.0071866512298583984,0.004319548606872559,0.0032134056091308594,-0.04562324285507202,0.011456012725830078,-0.037074267864227295,0.032127976417541504,0.3191007971763611,0.30494382977485657,0.279339075088501,0.28426405787467957,0.0,0.0,1.0,0.0,-0.0,1.0,-0.0,-0.9999998807907104,0.30000001192092896,0.30000001192092896,0.30000001192092896,0.30000001192092896
0.1,0,0.013556587509810925,-0.024853631854057312,0.025537606328725815,0.28174808621406555,0.0,0.14238248765468597,-0.04054642841219902,0.0019326172769069672,1,1,1,1,10.502859115600586,3.1551356315612793,3.8574399948120117,11.074472427368164,10.502859115600586,3.1551356315612793,3.8574399948120117,11.074472427368164,0,0,0,0,0,0.9999914169311523,0.08024119585752487,-0.31806814670562744,0.0789618194103241,-0.3173430562019348,0.26873430609703064,0.048907939344644547,0.2687590420246124,0.049214188009500504,-0.2982009947299957,0.049182962626218796,-0.29877904057502747,0.049278028309345245,0.0,0.0,0.0,0.0,0.0,0.0,0.03493314981460571,-0.027564074844121933,0.020602067932486534,-0.04731517285108566,-0.057600051164627075,-0.03935645893216133,0.014904052950441837,0.0481635145843029,-0.04619656875729561,-0.07606786489486694,-0.014147233217954636,0.010018025524914265,-0.012099916115403175,-0.017692066729068756,0.03340376168489456,-0.05407154560089111,-0.04805808514356613,0.02442554570734501,0.004591015167534351,0.07935629785060883,-0.006664697080850601,-0.042164549231529236,-0.049703579396009445,-0.02541612647473812,-0.0001814987335819751,-0.0003538413147907704,0.0005010564345866442,-0.0010814309353008866,-0.0007208712631836534,0.0004885108792223036,6.886522896820679e-05,0.001587125938385725,-0.0013329394860193133,-0.008432909846305847,-0.009940716437995434,-0.005083225201815367,0.13478422164916992,-0.15746214985847473,0.13978488743305206,-0.15515246987342834,0.13566790521144867,0.1502576470375061,0.1345926970243454,0.1508502960205078,0.13478420674800873,-0.15746213495731354,0.13978490233421326,-0.15515246987342834,0.13566789031028748,0.1502576321363449,0.1345926970243454,0.150850310921669,-0.0041711716912686825,-0.012507200241088867,0.012322723865509033,-0.007673144340515137,-0.04373490810394287,0.013302922248840332,-0.03913170099258423,0.03877842426300049,0.2986670732498169,0.2915670871734619,0.29005929827690125,0.2949167788028717,0.0,0.0,1.0,0.0,-0.0,1.0,-0.0,-0.9999998807907104,0.30000001192092896,0.30000001192092896,0.30000001192092896,0.30000001192092896
0.15,0,0.012800355441868305,-0.024767309427261353,0.020794140174984932,0.2822321951389313,0.0,0.10884182155132294,-0.01034862082451582,0.001435362151823938,1,1,1,1,11.784502029418945,1.9494835138320923,2.631962776184082,12.142495155334473,11.784502029418945,1.9494835138320923,2.631962776184082,12.142495155334473,0,0,0,0,0,0.9999970197677612,0.08026491850614548,-0.3180413842201233,0.07898008823394775,-0.3173198997974396,0.2687672972679138,0.04892461374402046,0.26836809515953064,0.049287185072898865,-0.2970346212387085,0.04912015423178673,-0.2983671724796295,0.049338147044181824,0.0,0.0,0.0,0.0,0.0,0.0,0.025172781199216843,-0.02495872788131237,0.008126446045935154,-0.028455952182412148,-0.03911476209759712,-0.05311819165945053,0.016417862847447395,0.028985533863306046,-0.03155246749520302,-0.04960118606686592,0.00823574885725975,0.027005119249224663,0.029083646833896637,-0.02940363436937332,0.020134123042225838,-0.04853479564189911,-0.04044950380921364,-0.045163851231336594,0.03381843492388725,0.0416000671684742,-0.02807752974331379,-0.04254832863807678,-0.006719957105815411,0.0018278664210811257,0.00043625468970276415,-0.0005880726967006922,0.00030201184563338757,-0.0009706958662718534,-0.0006067425711080432,-0.0009032770176418126,0.0005072765052318573,0.0008320013293996453,-0.0056155058555305,-0.008509665727615356,-0.0013439914910122752,0.0003655733016785234,0.13540197908878326,-0.15769638121128082,0.13958585262298584,-0.15504172444343567,0.13578203320503235,0.14886586368083954,0.13503111898899078,0.15009517967700958,0.13540197908878326,-0.15769638121128082,0.13958585262298584,-0.15504173934459686,0.13578203320503235,0.14886584877967834,0.13503113389015198,0.15009519457817078,-0.005414345767349005,-0.007313370704650879,0.013002932071685791,-0.009613275527954102,-0.05325651168823242,0.021661043167114258,-0.04450756311416626,0.04114353656768799,0.29438450932502747,0.2914903461933136,0.29865601658821106,0.3003655970096588,0.0,0.0,1.0,0.0,-0.0,1.0,-0.0,-0.9999998807907104,0.30000001192092896,0.30000001192092896,0.30000001192092896,0.30000001192092896
0.2,0,0.01287565566599369,-0.02478080615401268,-0.01430082693696022,0.28232672810554504,0.0,0.10955915600061417,0.012567377649247646,0.001636730507016182,1,1,1,1,12.141547203063965,1.8269139528274536,2.2461915016174316,12.511215209960938,12.141547203063965,1.8269139528274536,2.2461915016174316,12.511215209960938,0,0,0,0,0,0.9999984502792358,0.08025377988815308,-0.31805214285850525,0.07896677404642105,-0.31733211874961853,0.2690434157848358,0.048974890261888504,0.26852869987487793,0.04938657954335213,-0.29613685607910156,0.04901968315243721,-0.29772600531578064,0.04944382607936859,0.0,0.0,0.0,0.0,0.0,0.0,0.031209804117679596,-0.017485473304986954,0.004248584154993296,-0.02547537162899971,-0.03531176596879959,-0.06386119872331619,0.024880141019821167,0.01351170428097248,-0.034132786095142365,-0.03732302039861679,0.024385172873735428,0.027873266488313675,0.030362242832779884,-0.027125626802444458,0.008601056411862373,-0.03179701417684555,-0.036453139036893845,-0.05762239545583725,0.02076680399477482,0.027794335037469864,-0.03389041870832443,-0.05033845826983452,0.007658879738301039,0.02411229908466339,0.0004554336192086339,-0.0005425125127658248,0.0001290158397750929,-0.0006359402905218303,-0.0005467970622703433,-0.0011524478904902935,0.00031150205177254975,0.0005558867123909295,-0.0067780837416648865,-0.010067692026495934,0.0015317759243771434,0.004822460003197193,0.13542115688323975,-0.15765081346035004,0.13941285014152527,-0.15470696985721588,0.1358419805765152,0.1486167013645172,0.134835347533226,0.14981906116008759,0.13542117178440094,-0.15765081346035004,0.13941285014152527,-0.15470698475837708,0.1358419507741928,0.1486167013645172,0.1348353624343872,0.14981907606124878,-0.005095997359603643,-0.007511258125305176,0.015207946300506592,-0.012891292572021484,-0.05498218536376953,0.022916316986083984,-0.04627680778503418,0.044086575508117676,0.29322192072868347,0.2899323105812073,0.3015317916870117,0.30482247471809387,0.0,0.0,1.0,0.0,-0.0,1.0,-0.0,-0.9999998807907104,0.30000001192092896,0.30000001192092896,0.30000001192092896,0.30000001192092896
0.25,0,0.013271976262331009,-0.024864206090569496,0.004206848330795765,0.28227201104164124,0.0,0.12482994049787521,0.01060333289206028,0.001831201370805502,1,1,1,1,11.28863525390625,2.67608380317688,3.9310789108276367,11.993420600891113,11.28863525390625,2.67608380317688,3.9310789108276367,11.993420600891113,0,0,0,0,0,0.999998927116394,0.08024232089519501,-0.31806397438049316,0.0789569690823555,-0.3173425793647766,0.26942116022109985,0.049045760184526443,0.26893818378448486,0.04948326572775841,-0.2954040467739105,0.04890270531177521,-0.2969959080219269,0.049558475613594055,0.0,0.0,0.0,0.0,0.0,0.0,0.03236052393913269,-0.019330376759171486,0.0038311134558171034,-0.031431470066308975,-0.04321422055363655,-0.06639447808265686,0.022530987858772278,0.012100117281079292,-0.045904867351055145,-0.050617724657058716,0.025327300652861595,0.03030502423644066,0.03163689747452736,-0.021374884992837906,0.005770866759121418,-0.03265470638871193,-0.03756576403975487,-0.06592205911874771,0.02864966355264187,0.014030997641384602,-0.03636737912893295,-0.040766000747680664,0.021350273862481117,0.024464581161737442,0.000474553438834846,-0.00042749769636429846,8.656299905851483e-05,-0.0006530940881930292,-0.0005634864210151136,-0.0013184411218389869,0.00042974494863301516,0.00028061994817107916,-0.007273476105183363,-0.008153200149536133,0.004270054865628481,0.004892916418612003,0.13544027507305145,-0.15753580629825592,0.139370396733284,-0.15472412109375,0.1358252912759781,0.14845070242881775,0.1349535882472992,0.14954379200935364,0.13544028997421265,-0.15753580629825592,0.1393704116344452,-0.15472412109375,0.1358252763748169,0.14845070242881775,0.1349536031484604,0.14954379200935364,-0.004308321978896856,-0.008181452751159668,0.01507645845413208,-0.013032078742980957,-0.056103289127349854,0.024085164070129395,-0.04821401834487915,0.04518282413482666,0.2927265465259552,0.2918468117713928,0.30427005887031555,0.3048929274082184,0.0,0.0,1.0,0.0,-0.0,1.0,-0.0,-0.9999998807907104,0.30000001192092896,0.30000001192092896,0.30000001192092896,0.30000001192092896
0.3,0,0.013822594657540321,-0.024775367230176926,-0.00046430242946371436,0.2821366786956787,0.0,0.1127634048461914,0.00940011627972126,0.002167160389944911,1,1,1,1,11.227704048156738,2.7082767486572266,2.9206478595733643,11.7500581741333,11.227704048156738,2.7082767486572266,2.9206478595733643,11.7500581741333,0,0,0,0,0,0.9999990463256836,0.08022435754537582,-0.31808340549468994,0.07894061505794525,-0.31735989451408386,0.26986223459243774,0.04912058636546135,0.2695348560810089,0.04957681521773338,-0.29470095038414,0.04903658851981163,-0.2962145507335663,0.049667373299598694,0.0,0.0,0.0,0.0,0.0,0.0,0.0319536067545414,-0.019046243280172348,0.004547546152025461,-0.02881862036883831,-0.03591728210449219,-0.06419995427131653,0.026280459016561508,0.012951424345374107,-0.03765689581632614,-0.041598524898290634,0.02168043702840805,0.02433088794350624,0.03310316056013107,-0.02332904003560543,0.008864087052643299,-0.032806191593408585,-0.03075108677148819,-0.06308304518461227,0.03352837264537811,0.015710650011897087,-0.03216956555843353,-0.035325270146131516,0.014811119996011257,0.015394310466945171,0.0004965473781339824,-0.0004665807937271893,0.00013296130055096,-0.0006561237969435751,-0.00046126628876663744,-0.0012616608291864395,0.0005029255989938974,0.0003142129862681031,-0.006433913018554449,-0.007065054029226303,0.0029622239526361227,0.0030788620933890343,0.13546226918697357,-0.15757489204406738,0.13941679894924164,-0.15472716093063354,0.13592751324176788,0.1485074758529663,0.13502676784992218,0.14957737922668457,0.13546226918697357,-0.15757489204406738,0.13941679894924164,-0.15472714602947235,0.13592752814292908,0.1485074758529663,0.135026752948761,0.14957739412784576,-0.004560747649520636,-0.007787346839904785,0.01507270336151123,-0.012732744216918945,-0.05576884746551514,0.023116111755371094,-0.04802560806274414,0.04453599452972412,0.29356610774993896,0.29293495416641235,0.3029622435569763,0.30307886004447937,0.0,0.0,1.0,0.0,-0.0,1.0,-0.0,-0.9999998807907104,0.30000001192092896,0.30000001192092896,0.30000001192092896,0.30000001192092896
0.35,0,0.014412580989301205,-0.02467033639550209,0.0011906010331586003,0.28198981285095215,0.0,0.11445127427577972,0.007951915264129639,0.0024362020194530487,1,1,1,1,11.163049697875977,2.899963617324829,3.2175374031066895,11.506235122680664,11.163049697875977,2.899963617324829,3.2175374031066895,11.506235122680664,0,0,0,0,0,0.9999991655349731,0.08020703494548798,-0.3181018829345703,0.07892411947250366,-0.3173772096633911,0.27032339572906494,0.049199096858501434,0.2701191306114197,0.04966360703110695,-0.2939966022968292,0.04916408285498619,-0.2954255938529968,0.04976389929652214,0.0,0.0,0.0,0.0,0.0,0.0,0.031138746067881584,-0.016757894307374954,0.0031297258101403713,-0.028470858931541443,-0.03840598464012146,-0.06177039444446564,0.023662567138671875,0.012898802757263184,-0.041002485901117325,-0.04583829641342163,0.023365473374724388,0.02613551914691925,0.030002521350979805,-0.017636453732848167,0.003548901993781328,-0.02806985378265381,-0.036171890795230865,-0.06215580180287361,0.024935686960816383,0.012701468542218208,-0.03749966248869896,-0.04156632348895073,0.02275700680911541,0.025207292288541794,0.00045003779814578593,-0.0003527290537022054,5.323352888808586e-05,-0.0005613970570266247,-0.0005425783456303179,-0.0012431159848347306,0.00037403529859147966,0.0002540293789934367,-0.007499932777136564,-0.008313264697790146,0.004551401361823082,0.005041458643972874,0.13541576266288757,-0.1574610322713852,0.13933706283569336,-0.15463243424892426,0.13584619760513306,0.14852602779865265,0.1348978728055954,0.1495172083377838,0.13541574776172638,-0.1574610322713852,0.13933706283569336,-0.15463243424892426,0.13584619760513306,0.14852601289749146,0.1348978728055954,0.1495172083377838,-0.0038159280084073544,-0.008832931518554688,0.015685319900512695,-0.013844490051269531,-0.055601418018341064,0.023476243019104004,-0.04836404323577881,0.04568171501159668,0.2925000786781311,0.2916867434978485,0.3045514225959778,0.30504146218299866,0.0,0.0,1.0,0.0,-0.0,1.0,-0.0,-0.9999998807907104,0.30000001192092896,0.30000001192092896,0.30000001192092896,0.30000001192092896
0.4,0,0.015033147297799587,-0.024561556056141853,-0.0021027023904025555,0.2818346619606018,0.0,0.11890539526939392,0.002426975406706333,0.0026513782795518637,1,1,1,1,11.211527824401855,2.812788486480713,3.1401848793029785,11.409783363342285,11.211527824401855,2.812788486480713,3.1401848793029785,11.409783363342285,0,0,0,0,0,0.9999992251396179,0.08019440621137619,-0.3181157112121582,0.07890909910202026,-0.3173930048942566,0.2708036005496979,0.04927807301282883,0.270732045173645,0.04974225163459778,-0.2932892143726349,0.04928436875343323,-0.2946281433105469,0.049847107380628586,0.0,0.0,0.0,0.0,0.0,0.0,0.03079155832529068,-0.014582952484488487,0.0009049794171005487,-0.02694218046963215,-0.04183820262551308,-0.06271963566541672,0.019818052649497986,0.010650868527591228,-0.045506056398153305,-0.04890967905521393,0.026672136038541794,0.02977020852267742,0.031390462070703506,-0.015491914935410023,0.0017793443985283375,-0.027219027280807495,-0.040577150881290436,-0.06306333094835281,0.020906195044517517,0.011140561662614346,-0.04391523078083992,-0.047626081854104996,0.025237666442990303,0.028497768566012383,0.0004708569322247058,-0.0003098383022006601,2.6690166123444214e-05,-0.0005443805130198598,-0.0006086572539061308,-0.0012612666469067335,0.0003135929291602224,0.00022281122801359743,-0.008783046156167984,-0.009525216184556484,0.005047533195465803,0.005699553992599249,0.13543657958507538,-0.1574181467294693,0.13931052386760712,-0.15461541712284088,0.13578012585639954,0.14850787818431854,0.13483743369579315,0.1494859904050827,0.13543657958507538,-0.1574181467294693,0.13931050896644592,-0.15461541712284088,0.13578012585639954,0.14850787818431854,0.13483744859695435,0.1494860053062439,-0.0035148649476468563,-0.00900256633758545,0.015790820121765137,-0.014117598533630371,-0.0556911826133728,0.023982882499694824,-0.048542916774749756,0.04623818397521973,0.29121696949005127,0.2904748022556305,0.30504754185676575,0.30569955706596375,0.0,0.0,1.0,0.0,-0.0,1.0,-0.0,-0.9999998807907104,0.30000001192092896,0.30000001192092896,0.30000001192092896,0.30000001192092896
0.45,0,0.0156947523355484,-0.024451730772852898,0.0002764891250990331,0.2817229926586151,0.0,0.12211357057094574,0.007326754741370678,0.00282374769449234,1,1,1,1,10.695856094360352,3.4219324588775635,3.7050459384918213,10.961884498596191,10.695856094360352,3.4219324588775635,3.7050459384918213,10.961884498596191,0,0,0,0,0,0.9999992847442627,0.08018389344215393,-0.31812727451324463,0.078901506960392,-0.3174014687538147,0.2713046669960022,0.04935725778341293,0.271362841129303,0.04981193318963051,-0.29256290197372437,0.04939490184187889,-0.29379794001579285,0.04991789162158966,0.0,0.0,0.0,0.0,0.0,0.0,0.0312582291662693,-0.013446935452520847,-0.00015983358025550842,-0.026094218716025352,-0.04311705380678177,-0.0633944571018219,0.019105292856693268,0.009461948648095131,-0.04807911068201065,-0.05077345669269562,0.02905735746026039,0.03172604367136955,0.01905328594148159,-0.009432351216673851,-0.0041762711480259895,-0.025319788604974747,-0.040175460278987885,-0.05323990806937218,0.006054319441318512,0.01015589851886034,-0.034247420728206635,-0.04292481020092964,0.025861160829663277,0.03404511883854866,0.00028579929494298995,-0.00018864702724386007,-6.264406692935154e-05,-0.0005063957651145756,-0.0006026318878866732,-0.0010647980961948633,9.081479220185429e-05,0.00020311796106398106,-0.0068494840525090694,-0.008584962226450443,0.005172232165932655,0.006809023674577475,0.13525152206420898,-0.15729695558547974,0.13922119140625,-0.15457743406295776,0.13578614592552185,0.14870434999465942,0.13461464643478394,0.14946629106998444,0.13525152206420898,-0.15729694068431854,0.13922119140625,-0.15457741916179657,0.13578614592552185,0.14870436489582062,0.13461466133594513,0.14946629106998444,-0.0027954368852078915,-0.010906219482421875,0.016015291213989258,-0.0149078369140625,-0.05435734987258911,0.022679805755615234,-0.04855233430862427,0.047669291496276855,0.29315051436424255,0.2914150357246399,0.30517223477363586,0.30680903792381287,0.0,0.0,1.0,0.0,-0.0,1.0,-0.0,-0.9999998807907104,0.30000001192092896,0.30000001192092896,0.30000001192092896,0.30000001192092896
0.5,0,0.016398705542087555,-0.024449028074741364,-0.0033610572572797537,0.2816545367240906,0.0,0.12198669463396072,0.006662420928478241,0.0029787030071020126,1,1,1,1,11.050915718078613,3.078803300857544,3.2119522094726562,11.323691368103027,11.050915718078613,3.078803300857544,3.2119522094726562,11.323691368103027,0,0,0,0,0,0.9999991655349731,0.08017260581254959,-0.3181394934654236,0.07889514416456223,-0.31740862131118774,0.27183058857917786,0.0494341105222702,0.271991491317749,0.04987647756934166,-0.29182878136634827,0.04949723929166794,-0.2929592430591583,0.049972329288721085,0.0,0.0,0.0,0.0,0.0,0.0,0.034567464143037796,-0.017375249415636063,0.003063214709982276,-0.02971682883799076,-0.03990740329027176,-0.06674497574567795,0.02490711770951748,0.009155038744211197,-0.047014400362968445,-0.047091156244277954,0.025504933670163155,0.025717077776789665,0.032256681472063065,-0.012131494469940662,-0.0010828538797795773,-0.02592427469789982,-0.04507802426815033,-0.06456969678401947,0.01775173284113407,0.008085035718977451,-0.05150635913014412,-0.05300615727901459,0.031026653945446014,0.03333789110183716,0.00048385022091679275,-0.00024262988881673664,-1.6242807760136202e-05,-0.0005184854962863028,-0.0006761703407391906,-0.0012913938844576478,0.00026627597981132567,0.00016170070739462972,-0.010301272384822369,-0.010601231828331947,0.006205331068485975,0.006667578127235174,0.1354495733976364,-0.15735094249248505,0.13926759362220764,-0.15458951890468597,0.1357126086950302,0.14847774803638458,0.1347901076078415,0.14942488074302673,0.1354495882987976,-0.15735094249248505,0.13926759362220764,-0.15458951890468597,0.13571259379386902,0.1484777331352234,0.13479012250900269,0.14942489564418793,-0.0030535846017301083,-0.009382963180541992,0.015950441360473633,-0.014548301696777344,-0.055861592292785645,0.024575114250183105,-0.04893225431442261,0.04691171646118164,0.2896987497806549,0.28939878940582275,0.3062053322792053,0.30666759610176086,0.0,0.0,1.0,0.0,-0.0,1.0,-0.0,-0.9999998807907104,0.30000001192092896,0.30000001192092896,0.30000001192092896,0.30000001192092896
0.55,0,0.01707802340388298,-0.024463998153805733,-0.005027822684496641,0.28162264823913574,0.0,0.1251770406961441,0.006370377726852894,0.0031164318788796663,1,1,1,1,11.310250282287598,2.87553071975708,3.000309944152832,11.529746055603027,11.310250282287598,2.87553071975708,3.000309944152832,11.529746055603027,0,0,0,0,0,0.9999992251396179,0.08016378432512283,-0.318149209022522,0.07888717949390411,-0.3174172043800354,0.27236106991767883,0.04950648546218872,0.27263736724853516,0.049930065870285034,-0.2911006808280945,0.049589455127716064,-0.29214227199554443,0.05001303553581238,0.0,0.0,0.0,0.0,0.0,0.0,0.03419646993279457,-0.01635904237627983,0.0012772881891578436,-0.029381949454545975,-0.04251285269856453,-0.06687261909246445,0.022450994700193405,0.00886187981814146,-0.04891342669725418,-0.050244685262441635,0.027569929137825966,0.028780575841665268,0.03149973601102829,-0.013687300495803356,-0.00016860105097293854,-0.027914980426430702,-0.044858869165182114,-0.06364776939153671,0.01861697994172573,0.009553511627018452,-0.050488196313381195,-0.05331079661846161,0.0290613304823637,0.03168756887316704,0.0004724960308521986,-0.0002737460017669946,-2.529015773689025e-06,-0.0005582995945587754,-0.0006728830048814416,-0.001272955327294767,0.0002792546874843538,0.00019107022671960294,-0.010097639635205269,-0.010662159882485867,0.0058122663758695126,0.00633751368150115,0.1354382187128067,-0.1573820561170578,0.13928130269050598,-0.15462933480739594,0.13571590185165405,0.14849618077278137,0.13480308651924133,0.1494542509317398,0.1354382336139679,-0.157382071018219,0.13928131759166718,-0.15462933480739594,0.13571588695049286,0.14849616587162018,0.13480308651924133,0.1494542509317398,-0.003270068671554327,-0.009238004684448242,0.015685856342315674,-0.014200329780578613,-0.05573779344558716,0.0244368314743042,-0.04873967170715332,0.046645164489746094,0.28990235924720764,0.2893378436565399,0.305812269449234,0.30633753538131714,0.0,0.0,1.0,0.0,-0.0,1.0,-0.0,-0.9999998807907104,0.30000001192092896,0.30000001192092896,0.30000001192092896,0.30000001192092896
0.6,0,0.017773251980543137,-0.024459509178996086,-0.002539143431931734,0.2815568447113037,0.0,0.12522517144680023,0.007189067080616951,0.0032516245264559984,1,1,1,1,11.103996276855469,3.0337023735046387,3.212550163269043,11.29683780670166,11.103996276855469,3.0337023735046387,3.212550163269043,11.29683780670166,0,0,0,0,0,0.9999991655349731,0.08015338331460953,-0.3181603252887726,0.07888354361057281,-0.31742146611213684,0.2729063928127289,0.0495755672454834,0.2732626497745514,0.04997759684920311,-0.2903647720813751,0.049671195447444916,-0.2913115620613098,0.05003946274518967,0.0,0.0,0.0,0.0,0.0,0.0,0.03301464021205902,-0.016784068197011948,0.0028279032558202744,-0.03229692950844765,-0.04405125230550766,-0.06337946653366089,0.02241925150156021,0.01206857431679964,-0.05103634297847748,-0.05249825492501259,0.024939309805631638,0.025886250659823418,0.031117264181375504,-0.012014451436698437,-0.0007844663341529667,-0.02690749242901802,-0.045462317764759064,-0.06173965334892273,0.01765359565615654,0.009526184760034084,-0.05157860368490219,-0.053850624710321426,0.029880685731768608,0.03165527433156967,0.00046675893827341497,-0.00024028902407735586,-1.1766995157813653e-05,-0.0005381498485803604,-0.0006819347618147731,-0.0012347929878160357,0.00026480393717065454,0.00019052368588745594,-0.010315720923244953,-0.010770125314593315,0.005976137239485979,0.006331054959446192,0.13543248176574707,-0.1573486030101776,0.1392720639705658,-0.15460918843746185,0.1357068419456482,0.14853434264659882,0.1347886472940445,0.14945369958877563,0.13543248176574707,-0.1573486030101776,0.1392720639705658,-0.15460920333862305,0.135706827044487,0.14853432774543762,0.1347886621952057,0.14945369958877563,-0.0030469088815152645,-0.0094987154006958,0.015818893909454346,-0.014390230178833008,-0.0554734468460083,0.024244189262390137,-0.04873543977737427,0.04673326015472412,0.2896842956542969,0.2892298996448517,0.30597615242004395,0.306331068277359,0.0,0.0,1.0,0.0,-0.0,1.0,-0.0,-0.9999998807907104,0.30000001192092896,0.30000001192092896,0.30000001192092896,0.30000001192092896
0.65,0,0.01846388541162014,-0.0244663804769516,-0.005306537728756666,0.28151074051856995,0.0,0.13120488822460175,0.007354056462645531,0.0033616102300584316,1,1,1,1,11.253538131713867,2.901411533355713,3.071570634841919,11.377479553222656,11.253538131713867,2.901411533355713,3.071570634841919,11.377479553222656,0,0,0,0,0,0.9999991655349731,0.08014611154794693,-0.31816816329956055,0.07887933403253555,-0.31742632389068604,0.2734600901603699,0.04963953420519829,0.273905485868454,0.05001391842961311,-0.28963083028793335,0.04974105581641197,-0.2904820144176483,0.0500514917075634,0.0,0.0,0.0,0.0,0.0,0.0,0.03397553414106369,-0.01589145138859749,0.0019247070886194706,-0.03272159397602081,-0.04721200838685036,-0.06463945657014847,0.020714888349175453,0.010656127706170082,-0.055556148290634155,-0.056432392448186874,0.02698393352329731,0.028005583211779594,0.031884003430604935,-0.012034701183438301,-0.0009632540750317276,-0.028844935819506645,-0.04927336424589157,-0.06282005459070206,0.015468438155949116,0.009644385427236557,-0.05580641329288483,-0.058158114552497864,0.030031150206923485,0.03270772844552994,0.0004782600444741547,-0.00024069401843007654,-1.4448810361500364e-05,-0.0005768986884504557,-0.0007391004473902285,-0.0012564010685309768,0.000232026563026011,0.00019288770272396505,-0.011161282658576965,-0.011631622910499573,0.006006230134516954,0.00654154596850276,0.13544397056102753,-0.15734900534152985,0.1392693817615509,-0.15464793145656586,0.1356496810913086,0.14851273596286774,0.13475586473941803,0.14945605397224426,0.13544400036334991,-0.15734900534152985,0.1392693817615509,-0.15464794635772705,0.1356496810913086,0.14851273596286774,0.13475587964057922,0.14945605397224426,-0.003043451812118292,-0.009428858757019043,0.015555500984191895,-0.01414787769317627,-0.055590927600860596,0.024720191955566406,-0.04870116710662842,0.04690980911254883,0.2888387441635132,0.2883684039115906,0.3060062527656555,0.3065415620803833,0.0,0.0,1.0,0.0,-0.0,1.0,-0.0,-0.9999998807907104,0.30000001192092896,0.30000001192092896,0.30000001192092896,0.30000001192092896
0.7,0,0.019161606207489967,-0.024463487789034843,-0.004071672447025776,0.28145378828048706,0.0,0.12951257824897766,0.007270104251801968,0.003473112592473626,1,1,1,1,11.336563110351562,3.021660566329956,3.0951290130615234,11.540355682373047,11.336563110351562,3.021660566329956,3.0951290130615234,11.540355682373047,0,0,0,0,0,0.9999991655349731,0.08013719320297241,-0.3181776702404022,0.07887328416109085,-0.3174329102039337,0.2740260362625122,0.04969834163784981,0.27454373240470886,0.05004148930311203,-0.2888956367969513,0.049801185727119446,-0.2896573543548584,0.05005073547363281,0.0,0.0,0.0,0.0,0.0,0.0,0.031040433794260025,-0.013286808505654335,0.0002877255901694298,-0.031660277396440506,-0.04818931594491005,-0.05988645553588867,0.018446708098053932,0.012358293868601322,-0.05584185570478439,-0.05855513736605644,0.028348978608846664,0.02964313142001629,0.03262732923030853,-0.011882350780069828,-0.0011289766989648342,-0.0288773775100708,-0.04916100203990936,-0.06313470751047134,0.01603776589035988,0.009349039755761623,-0.057024579495191574,-0.058920424431562424,0.030668534338474274,0.03274065628647804,0.000489409954752773,-0.00023764700745232403,-1.6934649465838447e-05,-0.0005775475292466581,-0.0007374149863608181,-0.0012626941315829754,0.00024056648544501513,0.00018698078929446638,-0.0114049157127738,-0.011784085072577,0.006133706774562597,0.006548131350427866,0.13545513153076172,-0.1573459506034851,0.13926690816879272,-0.1546485871076584,0.1356513649225235,0.14850644767284393,0.1347644031047821,0.1494501531124115,0.13545513153076172,-0.1573459655046463,0.13926687836647034,-0.1546485871076584,0.1356513798236847,0.14850646257400513,0.1347644031047821,0.1494501680135727,-0.003016927745193243,-0.009384393692016602,0.015550196170806885,-0.014158487319946289,-0.05563455820083618,0.024750709533691406,-0.04874598979949951,0.04689812660217285,0.2885951101779938,0.2882159352302551,0.3061337172985077,0.306548148393631,0.0,0.0,1.0,0.0,-0.0,1.0,-0.0,-0.9999998807907104,0.30000001192092896,0.30000001192092896,0.30000001192092896,0.30000001192092896
0.75,0,0.01985418051481247,-0.024453630670905113,-0.005269745830446482,0.2813970148563385,0.0,0.13395674526691437,0.007439984008669853,0.0035958646330982447,1,1,1,1,11.265685081481934,2.8669545650482178,3.0548934936523438,11.501202583312988,11.265685081481934,2.8669545650482178,3.0548934936523438,11.501202583312988,0,0,0,0,0,0.9999991655349731,0.0801282674074173,-0.3181871473789215,0.07886561751365662,-0.31744128465652466,0.27459803223609924,0.049752432852983475,0.2751803398132324,0.05005901679396629,-0.2881608307361603,0.049848657101392746,-0.28881797194480896,0.05003472417593002,0.0,0.0,0.0,0.0,0.0,0.0,0.03269360959529877,-0.011520999483764172,-0.0017947143642231822,-0.029523976147174835,-0.049889277666807175,-0.06392838805913925,0.016494978219270706,0.0082158874720335,-0.05798424035310745,-0.058970943093299866,0.03202749043703079,0.032970428466796875,0.031083352863788605,-0.009514694102108479,-0.003279868746176362,-0.027129007503390312,-0.05171656608581543,-0.06189795956015587,0.012267728336155415,0.00861124973744154,-0.059355564415454865,-0.06110350415110588,0.0330517441034317,0.0358138233423233,0.00046625029062852263,-0.00019029388204216957,-4.919803177472204e-05,-0.0005425801500678062,-0.0007757484563626349,-0.001237959135323763,0.000184015923878178,0.00017222498718183488,-0.011871113441884518,-0.012220701202750206,0.00661034882068634,0.007162764668464661,0.13543197512626648,-0.15729859471321106,0.13923463225364685,-0.15461361408233643,0.13561302423477173,0.14853118360042572,0.13470785319805145,0.1494354009628296,0.13543199002742767,-0.15729859471321106,0.13923463225364685,-0.15461361408233643,0.13561300933361053,0.14853118360042572,0.13470786809921265,0.14943541586399078,-0.0027090697549283504,-0.009841203689575195,0.01577526330947876,-0.014585733413696289,-0.05544638633728027,0.02481710910797119,-0.04881471395492554,0.04732465744018555,0.28812891244888306,0.287779301404953,0.3066103458404541,0.3071627616882324,0.0,0.0,1.0,0.0,-0.0,1.0,-0.0,-0.9999998807907104,0.30000001192092896,0.30000001192092896,0.30000001192092896,0.30000001192092896
0.8,0,0.02059418521821499,-0.024470556527376175,-0.008409284986555576,0.2813315689563751,0.0,0.14389634132385254,0.007410163059830666,0.0037767996545881033,1,1,1,1,11.471480369567871,2.955839157104492,3.112675905227661,11.28108024597168,11.471480369567871,2.955839157104492,3.112675905227661,11.28108024597168,0,0,0,0,0,0.9999991655349731,0.08011714369058609,-0.31819894909858704,0.07886594533920288,-0.3174414336681366,0.27519798278808594,0.04979844391345978,0.2758461534976959,0.05007002502679825,-0.28738343715667725,0.04988860711455345,-0.2879813611507416,0.05000675842165947,0.0,0.0,0.0,0.0,0.0,0.0,0.03348400071263313,-0.009626100771129131,-0.003053884720429778,-0.0296157393604517,-0.05568297207355499,-0.06398501247167587,0.013460286892950535,0.008091961033642292,-0.0658041462302208,-0.06550337374210358,0.035021767020225525,0.03629274293780327,0.03356104716658592,-0.010364128276705742,-0.002594397170469165,-0.028206393122673035,-0.05033671855926514,-0.06394389271736145,0.01598876342177391,0.007782332133501768,-0.06015648692846298,-0.060510165989398956,0.03389117494225502,0.034461669623851776,0.0005034157074987888,-0.00020728255913127214,-3.8915957702556625e-05,-0.00056412786943838,-0.0007550507434643805,-0.0012788778403773904,0.00023983143910299987,0.0001556466449983418,-0.012031297199428082,-0.012102033011615276,0.0067782350815832615,0.006892334204167128,0.13546913862228394,-0.15731558203697205,0.1392449140548706,-0.15463516116142273,0.13563372194766998,0.14849026501178741,0.1347636729478836,0.14941881597042084,0.13546913862228394,-0.15731558203697205,0.1392449140548706,-0.15463516116142273,0.13563372194766998,0.14849026501178741,0.1347636729478836,0.14941881597042084,-0.002804079558700323,-0.009508609771728516,0.015633046627044678,-0.014380097389221191,-0.05573558807373047,0.024959087371826172,-0.04895883798599243,0.04710578918457031,0.2879687249660492,0.2878979742527008,0.3067782521247864,0.3068923354148865,0.0,0.0,1.0,0.0,-0.0,1.0,-0.0,-0.9999998807907104,0.30000001192092896,0.30000001192092896,0.30000001192092896,0.30000001192092896
0.85,0,0.021309038624167442,-0.024500519037246704,-0.005091057624667883,0.2812752425670624,0.0,0.13825355470180511,0.007029500789940357,0.0038859823253005743,1,1,1,1,11.433100700378418,2.867149829864502,3.0220744609832764,11.519862174987793,11.433100700378418,2.867149829864502,3.0220744609832764,11.519862174987793,0,0,0,0,0,0.9999991655349731,0.08010852336883545,-0.3182079792022705,0.07885771989822388,-0.31745004653930664,0.27579572796821594,0.049838073551654816,0.27650099992752075,0.05007023736834526,-0.28663623332977295,0.04991263151168823,-0.28713861107826233,0.04996144399046898,0.0,0.0,0.0,0.0,0.0,0.0,0.03379472717642784,-0.010819454677402973,-0.0023714054841548204,-0.029676545411348343,-0.051598962396383286,-0.06435301154851913,0.01595822535455227,0.007869926281273365,-0.06186079606413841,-0.06151033565402031,0.03337174654006958,0.03353005275130272,0.0321570448577404,-0.010263492353260517,-0.0018436384852975607,-0.030476922169327736,-0.0526789054274559,-0.06063497066497803,0.014879011549055576,0.010826285928487778,-0.062019579112529755,-0.06382327526807785,0.03217683359980583,0.03347565606236458,0.0004823556519113481,-0.00020526984008029103,-2.7654576115310192e-05,-0.0006095384014770389,-0.0007901835488155484,-0.0012126993387937546,0.00022318516857922077,0.00021652571740560234,-0.012403915636241436,-0.01276465505361557,0.006435366813093424,0.006695131305605173,0.13544806838035583,-0.15731357038021088,0.13925617933273315,-0.15468056499958038,0.13559859991073608,0.1485564410686493,0.13474702835083008,0.1494797021150589,0.13544806838035583,-0.15731357038021088,0.13925620913505554,-0.1546805500984192,0.13559861481189728,0.1485564261674881,0.13474702835083008,0.1494796872138977,-0.0028016953729093075,-0.009645462036132812,0.015329718589782715,-0.014009356498718262,-0.0552670955657959,0.02473914623260498,-0.04853546619415283,0.04680812358856201,0.28759610652923584,0.2872353494167328,0.30643537640571594,0.3066951334476471,0.0,0.0,1.0,0.0,-0.0,1.0,-0.0,-0.9999998807907104,0.30000001192092896,0.30000001192092896,0.30000001192092896,0.30000001192092896
0.9,0,0.02203461341559887,-0.024534551426768303,-0.0055671678856015205,0.2812207341194153,0.0,0.1409071385860443,0.007023272104561329,0.004029390402138233,1,1,1,1,11.391300201416016,3.069915771484375,2.945908546447754,11.467379570007324,11.391300201416016,3.069915771484375,2.945908546447754,11.467379570007324,0,0,0,0,0,0.9999991655349731,0.08009801059961319,-0.31821900606155396,0.07885380834341049,-0.31745457649230957,0.27640724182128906,0.0498712919652462,0.2771672308444977,0.05006111413240433,-0.2858761250972748,0.049927398562431335,-0.2862890660762787,0.0499032586812973,0.0,0.0,0.0,0.0,0.0,0.0,0.03237418457865715,-0.008325916714966297,-0.0038981165271252394,-0.02865331992506981,-0.054170019924640656,-0.06136449798941612,0.012888146564364433,0.009108638390898705,-0.06380560994148254,-0.06559218466281891,0.035158079117536545,0.03664093464612961,0.03274858370423317,-0.008893000893294811,-0.003793549258261919,-0.029455944895744324,-0.05485529452562332,-0.06301446259021759,0.013644740916788578,0.007901160046458244,-0.06491921842098236,-0.06429366022348404,0.035481929779052734,0.035679787397384644,0.0004912287695333362,-0.00017786001262720674,-5.6903238146333024e-05,-0.0005891188629902899,-0.0008228293736465275,-0.0012602892238646746,0.0002046711160801351,0.00015802319103386253,-0.012983843684196472,-0.012858732603490353,0.007096386048942804,0.007135957479476929,0.13545694947242737,-0.1572861671447754,0.13922692835330963,-0.1546601504087448,0.13556595146656036,0.14850884675979614,0.13472850620746613,0.14942120015621185,0.13545694947242737,-0.1572861671447754,0.13922694325447083,-0.1546601504087448,0.13556593656539917,0.14850886166095734,0.13472849130630493,0.14942120015621185,-0.0026117353700101376,-0.009779572486877441,0.015457212924957275,-0.014321446418762207,-0.055573880672454834,0.0252382755279541,-0.04892289638519287,0.04729604721069336,0.2870161533355713,0.2871412932872772,0.307096391916275,0.3071359694004059,0.0,0.0,1.0,0.0,-0.0,1.0,-0.0,-0.9999998807907104,0.30000001192092896,0.30000001192092896,0.30000001192092896,0.30000001192092896
0.95,0,0.02273574098944664,-0.02451082319021225,-0.008311913348734379,0.28118789196014404,0.0,0.14080914855003357,0.0076006073504686356,0.004147657193243504,1,1,1,1,11.925004959106445,2.421020269393921,2.0570313930511475,12.561175346374512,11.925004959106445,2.421020269393921,2.0570313930511475,12.561175346374512,0,0,0,0,0,0.9999991655349731,0.08009102940559387,-0.31822630763053894,0.0788521096110344,-0.31745684146881104,0.27701905369758606,0.04989439621567726,0.2778376340866089,0.05004124715924263,-0.28511863946914673,0.049933724105358124,-0.2854989171028137,0.04993388429284096,0.0,0.0,0.0,0.0,0.0,0.0,0.032182320952415466,-0.007957718335092068,-0.004409171175211668,-0.0287843756377697,-0.05467677116394043,-0.06251530349254608,0.012069632299244404,0.007261716760694981,-0.06430457532405853,-0.064088374376297,0.03542844578623772,0.03586800768971443,0.03427017480134964,-0.011155701242387295,-0.0024367745500057936,-0.030333390459418297,-0.05197522044181824,-0.06535802036523819,0.016300462186336517,0.007406244520097971,-0.06291187554597855,-0.0611918643116951,0.03355579823255539,0.032928645610809326,0.0005140526336617768,-0.00022311402426566929,-3.6551617085933685e-05,-0.0006066677742637694,-0.0007796282880008221,-0.001307160360738635,0.00024450692581012845,0.00014812489098403603,-0.012582375667989254,-0.012238373048603535,0.006711159832775593,0.00658572930842638,0.13547976315021515,-0.1573314219713211,0.13924728333950043,-0.15467770397663116,0.13560914993286133,0.1484619826078415,0.13476835191249847,0.14941129088401794,0.13547976315021515,-0.1573314219713211,0.13924728333950043,-0.15467770397663116,0.13560913503170013,0.1484619826078415,0.13476836681365967,0.14941129088401794,-0.0029054670594632626,-0.009339094161987305,0.01534581184387207,-0.014081954956054688,-0.05591529607772827,0.025286197662353516,-0.049012601375579834,0.04712724685668945,0.2874176502227783,0.2877616286277771,0.3067111670970917,0.30658572912216187,0.0,0.0,1.0,0.0,-0.0,1.0,-0.0,-0.9999998807907104,0.30000001192092896,0.30000001192092896,0.30000001192092896,0.30000001192092896
1.0,0,0.023430680856108665,-0.02446129359304905,-0.0037389486096799374,0.281155526638031,0.0,0.1489272266626358,0.009622529149055481,0.004258233122527599,1,1,1,1,11.569515228271484,2.6529359817504883,2.3051226139068604,12.200888633728027,11.569515228271484,2.6529359817504883,2.3051226139068604,12.200888633728027,0,0,0,0,0,0.9999991655349731,0.0800832211971283,-0.3182346522808075,0.07885513454675674,-0.3174542486667633,0.2776299715042114,0.04991238936781883,0.2785035967826843,0.05001220479607582,-0.2843641936779022,0.04993802681565285,-0.284720242023468,0.04996678605675697,0.0,0.0,0.0,0.0,0.0,0.0,0.03259763494133949,-0.008863062597811222,-0.002624013926833868,-0.032773230224847794,-0.059301648288965225,-0.05971642583608627,0.0098919328302145,0.011682313866913319,-0.07032452523708344,-0.07289066165685654,0.03314083814620972,0.03582208603620529,0.03280412778258324,-0.008245141245424747,-0.004300054628401995,-0.030067382380366325,-0.056050438433885574,-0.06233852356672287,0.013288578018546104,0.007857494987547398,-0.06661238521337509,-0.06588443368673325,0.03640047833323479,0.03602193668484688,0.0004920618957839906,-0.00016490282723680139,-6.450081855291501e-05,-0.0006013476522639394,-0.0008407565765082836,-0.0012467704946175218,0.00019932867144234478,0.00015714990149717778,-0.013322477228939533,-0.013176887296140194,0.00728009594604373,0.007204387336969376,0.13545778393745422,-0.15727320313453674,0.13921932876110077,-0.15467238426208496,0.13554802536964417,0.14852237701416016,0.13472317159175873,0.14942032098770142,0.13545779883861542,-0.15727320313453674,0.13921931385993958,-0.15467238426208496,0.13554804027080536,0.14852237701416016,0.13472318649291992,0.14942032098770142,-0.002523580100387335,-0.009862661361694336,0.015371501445770264,-0.014285445213317871,-0.055472493171691895,0.02525651454925537,-0.04892599582672119,0.0473330020904541,0.2866775393486023,0.2868231236934662,0.3072800934314728,0.30720439553260803,0.0,0.0,1.0,0.0,-0.0,1.0,-0.0,-0.9999998807907104,0.30000001192092896,0.30000001192092896,0.30000001192092896,0.30000001192092896
1.05,0,0.0241417046636343,-0.024365564808249474,-0.0040785642340779305,0.28111371397972107,0.0,0.14132769405841827,0.007082168944180012,0.004338856320828199,1,1,1,1,11.717004776000977,2.6587727069854736,2.1615447998046875,12.18034839630127,11.717004776000977,2.6587727069854736,2.1615447998046875,12.18034839630127,0,0,0,0,0,0.9999991655349731,0.08007650822401047,-0.31824153661727905,0.07885241508483887,-0.31745731830596924,0.27825960516929626,0.04992033168673515,0.2791786789894104,0.04997148737311363,-0.28361132740974426,0.04997234046459198,-0.2839299142360687,0.04998559504747391,0.0,0.0,0.0,0.0,0.0,0.0,0.03081759810447693,-0.007458698004484177,-0.0037044507917016745,-0.030908284708857536,-0.05637475475668907,-0.05850252881646156,0.011489254422485828,0.01045362651348114,-0.0659637600183487,-0.06694331765174866,0.033960383385419846,0.03422343730926514,0.031107930466532707,-0.01002887450158596,-0.0021751041058450937,-0.03253764286637306,-0.05476108565926552,-0.05961713194847107,0.013115155510604382,0.011405101977288723,-0.06326671689748764,-0.06412237137556076,0.030366243794560432,0.03116816096007824,0.0004666189488489181,-0.00020057748770341277,-3.262656173319556e-05,-0.0006507528596557677,-0.0008214162662625313,-0.0011923426063731313,0.00019672732742037624,0.00022810202790424228,-0.012653343379497528,-0.012824474833905697,0.006073249038308859,0.00623363209888339,0.13543233275413513,-0.157308891415596,0.1392512023448944,-0.15472178161144257,0.13556736707687378,0.1485767960548401,0.1347205638885498,0.14949128031730652,0.13543231785297394,-0.1573089063167572,0.1392512172460556,-0.15472178161144257,0.13556735217571259,0.1485767960548401,0.1347205638885498,0.14949126541614532,-0.002778568770736456,-0.009769201278686523,0.015048682689666748,-0.013764142990112305,-0.055112242698669434,0.024791717529296875,-0.04844188690185547,0.046887755393981934,0.28734666109085083,0.2871755361557007,0.30607324838638306,0.30623364448547363,0.0,0.0,1.0,0.0,-0.0,1.0,-0.0,-0.9999998807907104,0.30000001192092896,0.30000001192092896,0.30000001192092896,0.30000001192092896
1.1,0,0.024882474914193153,-0.024290906265378,-0.0077020106837153435,0.2810637056827545,0.0,0.14287450909614563,0.00697222538292408,0.00441222358494997,1,1,1,1,11.99344539642334,2.396068572998047,1.9745681285858154,12.244673728942871,11.99344539642334,2.396068572998047,1.9745681285858154,12.244673728942871,0,0,0,0,0,0.9999990463256836,0.08007205277681351,-0.31824636459350586,0.07885532826185226,-0.3174545168876648,0.27890461683273315,0.04991839453577995,0.27986934781074524,0.04991931840777397,-0.28283682465553284,0.049994487315416336,-0.28313347697257996,0.049992773681879044,0.0,0.0,0.0,0.0,0.0,0.0,0.03259759023785591,-0.008088096044957638,-0.003201019251719117,-0.032143596559762955,-0.05631447583436966,-0.05968797579407692,0.01218265201896429,0.01026322040706873,-0.06733696907758713,-0.06767381727695465,0.032808031886816025,0.03261202573776245,0.03321924805641174,-0.010414540767669678,-0.0016594178741797805,-0.0339425653219223,-0.05562756583094597,-0.06120206043124199,0.014188996516168118,0.010873395018279552,-0.06713491678237915,-0.0661061480641365,0.03176009654998779,0.031013360247015953,0.0004982887185178697,-0.0002082908176817,-2.4891267457860522e-05,-0.0006788512691855431,-0.0008344134548678994,-0.0012240412179380655,0.0002128349442500621,0.00021746789570897818,-0.01342698372900486,-0.013221229426562786,0.0063520194962620735,0.006202672142535448,0.13546401262283325,-0.15731659531593323,0.1392589509487152,-0.15474988520145416,0.13555435836315155,0.14854510128498077,0.13473667204380035,0.1494806408882141,0.13546401262283325,-0.15731659531593323,0.1392589658498764,-0.15474987030029297,0.13555437326431274,0.14854508638381958,0.13473665714263916,0.1494806557893753,-0.002813675906509161,-0.009531736373901367,0.014861345291137695,-0.01353001594543457,-0.05532115697860718,0.025072693824768066,-0.048523128032684326,0.04686248302459717,0.28657302260398865,0.2867787778377533,0.30635201930999756,0.3062026798725128,0.0,0.0,1.0,0.0,-0.0,1.0,-0.0,-0.9999998807907104,0.30000001192092896,0.30000001192092896,0.30000001192092896,0.30000001192092896
1.15,0,0.025587793439626694,-0.024242743849754333,-0.0087298434227705,0.2810441255569458,0.0,0.1510414481163025,0.008122190833091736,0.004387046210467815,1,1,1,1,11.343879699707031,3.04233455657959,2.52738094329834,11.825568199157715,11.343879699707031,3.04233455657959,2.52738094329834,11.825568199157715,0,0,0,0,0,0.9999990463256836,0.08007334917783737,-0.31824547052383423,0.07885004580020905,-0.31746000051498413,0.2795366644859314,0.04990732669830322,0.2805629074573517,0.04994518309831619,-0.2820776402950287,0.050003428012132645,-0.2823372185230255,0.0499882847070694,0.0,0.0,0.0,0.0,0.0,0.0,0.03257090598344803,-0.0047269174829125404,-0.006133643444627523,-0.02885911799967289,-0.06023690104484558,-0.059715066105127335,0.008217000402510166,0.008268622681498528,-0.07333166897296906,-0.07212023437023163,0.03847815841436386,0.038342490792274475,0.03384677320718765,-0.010829105973243713,-0.0006383852451108396,-0.03590724989771843,-0.05600181594491005,-0.05989760532975197,0.015378694981336594,0.012217086739838123,-0.06876828521490097,-0.0684175044298172,0.030595798045396805,0.029357271268963814,0.0005077015957795084,-0.00021658212062902749,-9.575778676662594e-06,-0.0007181449909694493,-0.0008400272345170379,-0.0011979520786553621,0.00023068042355589569,0.00024434173246845603,-0.013753657229244709,-0.013683500699698925,0.0061191595159471035,0.005871454253792763,0.13547341525554657,-0.1573248952627182,0.1392742544412613,-0.15478917956352234,0.13554875552654266,0.1485711932182312,0.13475452363491058,0.14950750768184662,0.13547343015670776,-0.1573249101638794,0.1392742544412613,-0.15478919446468353,0.13554874062538147,0.1485711932182312,0.1347545087337494,0.14950750768184662,-0.0028647570870816708,-0.009420394897460938,0.014600753784179688,-0.013175606727600098,-0.055140674114227295,0.02493739128112793,-0.04835045337677002,0.04658377170562744,0.2862463593482971,0.28631651401519775,0.3061191737651825,0.30587145686149597,0.0,0.0,1.0,0.0,-0.0,1.0,-0.0,-0.9999998807907104,0.30000001192092896,0.30000001192092896,0.30000001192092896,0.30000001192092896
1.2,0,0.026307767257094383,-0.0241906326264143,-0.008135710842907429,0.28101518750190735,0.0,0.15614400804042816,0.006478552706539631,0.004359855316579342,1,1,1,1,11.090593338012695,3.3241705894470215,2.7009432315826416,11.60988712310791,11.090593338012695,3.3241705894470215,2.7009432315826416,11.60988712310791,0,0,0,0,0,0.9999990463256836,0.08007342368364334,-0.31824588775634766,0.07885303348302841,-0.31745749711990356,0.28018179535865784,0.04988787695765495,0.28125712275505066,0.049975309520959854,-0.2813405990600586,0.050001781433820724,-0.28152996301651,0.04997074976563454,0.0,0.0,0.0,0.0,0.0,0.0,0.03417200222611427,-0.005637690890580416,-0.005927918013185263,-0.030417827889323235,-0.061779554933309555,-0.061485014855861664,0.008910718373954296,0.008489546366035938,-0.07660187035799026,-0.07472777366638184,0.03904872015118599,0.038672659546136856,0.03248407319188118,-0.006025536917150021,-0.005986151285469532,-0.03084060549736023,-0.06022634729743004,-0.06007351353764534,0.01000251341611147,0.008807958103716373,-0.07389833778142929,-0.07274045795202255,0.038144294172525406,0.03740017116069794,0.0004872610734310001,-0.00012051073281327263,-8.979226549854502e-05,-0.0006168120889924467,-0.0009033951791934669,-0.001201470266096294,0.00015003769658505917,0.00017615915567148477,-0.014779667370021343,-0.014548092149198055,0.007628859020769596,0.00748003413900733,0.1354529857635498,-0.15722881257534027,0.1391940414905548,-0.15468785166740417,0.13548538088798523,0.14856767654418945,0.13467387855052948,0.14943933486938477,0.1354529857635498,-0.15722881257534027,0.13919402658939362,-0.15468786656856537,0.13548538088798523,0.14856767654418945,0.13467389345169067,0.14943933486938477,-0.002226033713668585,-0.010191917419433594,0.01525735855102539,-0.01433408260345459,-0.055131375789642334,0.025333046913146973,-0.04876899719238281,0.04749786853790283,0.28522035479545593,0.2854519188404083,0.307628870010376,0.3074800372123718,0.0,0.0,1.0,0.0,-0.0,1.0,-0.0,-0.9999998807907104,0.30000001192092896,0.30000001192092896,0.30000001192092896,0.30000001192092896
1.25,0,0.027056531980633736,-0.02414676547050476,-0.008079797960817814,0.28097137808799744,0.0,0.15294863283634186,0.0057716574519872665,0.004332380834966898,1,1,1,1,10.942937850952148,3.6256563663482666,2.9628427028656006,11.303443908691406,10.942937850952148,3.6256563663482666,2.9628427028656006,11.303443908691406,0,0,0,0,0,0.9999990463256836,0.080071359872818,-0.31824833154678345,0.07885076850652695,-0.31745994091033936,0.280862957239151,0.0498579740524292,0.28196316957473755,0.0499952957034111,-0.2805851101875305,0.04999097064137459,-0.28070521354675293,0.04993858560919762,0.0,0.0,0.0,0.0,0.0,0.0,0.030240701511502266,-0.0015790760517120361,-0.008773013949394226,-0.026864731684327126,-0.061193518340587616,-0.056642796844244,0.007089963648468256,0.008566710166633129,-0.07467171549797058,-0.07411422580480576,0.042438823729753494,0.04160606116056442,0.03256366029381752,-0.003925698343664408,-0.007447917014360428,-0.028317464515566826,-0.06062893196940422,-0.060630351305007935,0.008429508656263351,0.007034982088953257,-0.0749831274151802,-0.07261691987514496,0.04085414484143257,0.0397806391119957,0.0004884548834525049,-7.85139636718668e-05,-0.00011171874939464033,-0.0005663493066094816,-0.0009094339329749346,-0.0012126070214435458,0.0001264426246052608,0.0001406996452715248,-0.014996625483036041,-0.014523384161293507,0.00817082915455103,0.007956127636134624,0.1354541778564453,-0.157186821103096,0.13917212188243866,-0.1546373814344406,0.13547934591770172,0.14855653047561646,0.13465027511119843,0.1494038701057434,0.1354541927576065,-0.1571868360042572,0.13917212188243866,-0.1546373814344406,0.13547933101654053,0.14855653047561646,0.13465029001235962,0.14940385520458221,-0.0019414810230955482,-0.010469794273376465,0.015591084957122803,-0.01480257511138916,-0.05520409345626831,0.025440454483032227,-0.04899698495864868,0.047865986824035645,0.2850033938884735,0.2854766249656677,0.3081708550453186,0.30795612931251526,0.0,0.0,1.0,0.0,-0.0,1.0,-0.0,-0.9999998807907104,0.30000001192092896,0.30000001192092896,0.30000001192092896,0.30000001192092896
1.3,0,0.02782314456999302,-0.024104943498969078,-0.007985942997038364,0.28092116117477417,1.0,0.15882347524166107,-1.9960769414901733,0.0042954846285283566,1,1,1,1,10.543858528137207,3.7248501777648926,3.0454390048980713,11.157442092895508,10.543858528137207,3.7248501777648926,3.0454390048980713,11.157442092895508,0,0,0,0,0,0.9999990463256836,0.08006700873374939,-0.31825292110443115,0.07884823530912399,-0.317462682723999,0.28155723214149475,0.049818553030490875,0.2826788127422333,0.050005972385406494,-0.2798122465610504,0.04996681958436966,-0.2798699140548706,0.04989142715930939,0.0,0.0,0.0,0.0,0.0,0.0,0.033482421189546585,-0.002544829621911049,-0.008275340311229229,-0.02843652479350567,-0.06302527338266373,-0.06131662055850029,0.007349428255110979,0.006089216098189354,-0.0789044052362442,-0.07527924329042435,0.04276293143630028,0.04093513265252113,0.03383014351129532,-0.0030853617936372757,-0.008081948384642601,-0.027813702821731567,-0.062044136226177216,-0.06186844781041145,0.007795382756739855,0.006073386408388615,-0.07775488495826721,-0.07430531829595566,0.04273732006549835,0.04119063541293144,0.0005074521177448332,-6.170723645482212e-05,-0.00012122922635171562,-0.0005562740261666477,-0.0009306620340794325,-0.0012373689096421003,0.00011693073611240834,0.00012146772496635094,-0.015550977550446987,-0.014861064031720161,0.0085474643856287,0.008238127455115318,0.13547317683696747,-0.15717001259326935,0.1391626000404358,-0.15462730824947357,0.1354581117630005,0.14853177964687347,0.13464076817035675,0.14938464760780334,0.13547316193580627,-0.15717001259326935,0.13916261494159698,-0.15462729334831238,0.1354581117630005,0.14853177964687347,0.13464076817035675,0.14938464760780334,-0.0018176821758970618,-0.010472774505615234,0.015655815601348877,-0.014927029609680176,-0.055361390113830566,0.02572500705718994,-0.04912227392196655,0.04804635047912598,0.28444904088974,0.28513893485069275,0.3085474669933319,0.30823814868927,0.0,0.0,1.0,0.0,-0.0,1.0,-0.0,-0.9999998807907104,0.30000001192092896,0.30000001192092896,0.30000001192092896,0.30000001192092896
1.35,0,0.02869817428290844,-0.024924350902438164,-0.014257310889661312,0.2797818183898926,1.0,0.34615039825439453,-0.037416230887174606,0.004440174903720617,1,1,1,1,15.62640380859375,0.0,0.0,15.897866249084473,15.62640380859375,0.0,0.0,15.897866249084473,0,0,0,0,0,0.999998927116394,0.08005401492118835,-0.3182673454284668,0.0788361206650734,-0.3174753189086914,0.2823256552219391,0.04975569620728493,0.2835293710231781,0.050089336931705475,-0.27921202778816223,0.05014104023575783,-0.2790757119655609,0.049843449145555496,0.0,0.0,0.0,0.0,0.0,0.0,0.10616527497768402,-0.11677748709917068,0.03827597573399544,-0.05954575166106224,0.09708598256111145,-0.19612492620944977,0.18467672169208527,-0.029838262125849724,0.05236886814236641,0.06218758225440979,0.004707931540906429,-0.019566679373383522,0.10573760420084,-0.11688696593046188,0.03738328441977501,-0.058900728821754456,0.09977846592664719,-0.19763974845409393,0.1868717223405838,-0.031914472579956055,0.05420369654893875,0.06604114919900894,0.006107785739004612,-0.020472373813390732,0.0015860639978200197,-0.002337739337235689,0.0005607492639683187,-0.0011780145578086376,0.0014966769376769662,-0.003952794708311558,0.0028030758257955313,-0.000638289435300976,0.010840739123523235,0.013208230026066303,0.0012215571478009224,-0.004094474948942661,0.13655178248882294,-0.15944604575634003,0.13984458148479462,-0.15524904429912567,0.1378854513168335,0.14581634104251862,0.1373269110918045,0.14862488210201263,0.13655176758766174,-0.15944604575634003,0.1398445963859558,-0.15524902939796448,0.1378854513168335,0.14581632614135742,0.1373268961906433,0.14862486720085144,-0.016649046912789345,0.011389732360839844,0.011689484119415283,-0.006666779518127441,-0.07499587535858154,0.028674006462097168,-0.055642902851104736,0.03710818290710449,0.31084075570106506,0.3132082521915436,0.3012215793132782,0.29590553045272827,0.0,0.0,1.0,0.0,-0.0,1.0,-0.0,-0.9999998807907104,0.30000001192092896,0.30000001192092896,0.30000001192092896,0.30000001192092896
1.4,0,0.02962304651737213,-0.025386137887835503,0.03894573450088501,0.27976787090301514,1.0,0.3662077486515045,-0.036143455654382706,0.005212413612753153,1,1,1,1,13.914340019226074,0.3949124217033386,0.0,14.241475105285645,13.914340019226074,0.3949124217033386,0.0,14.241475105285645,0,0,0,0,0,0.9999987483024597,0.08001120388507843,-0.31831252574920654,0.07879776507616043,-0.31751325726509094,0.28317758440971375,0.049664195626974106,0.2844680845737457,0.049995481967926025,-0.2784470319747925,0.05039713531732559,-0.27832022309303284,0.04977484792470932,0.0,0.0,0.0,0.0,0.0,0.0,0.10540886223316193,-0.12451127171516418,0.04334719851613045,-0.048086944967508316,0.12451546639204025,-0.1787918508052826,0.1965668797492981,-0.013578901067376137,0.09020262211561203,0.08436807990074158,-0.019354544579982758,-0.037149157375097275,0.10189756751060486,-0.1344042420387268,0.04992425814270973,-0.0587971955537796,0.13767009973526,-0.1817198544740677,0.2207646667957306,-0.013714463450014591,0.09252351522445679,0.0980132594704628,-0.01825414039194584,-0.04972268268465996,0.0015284634428098798,-0.002688084729015827,0.000748863851185888,-0.001175943878479302,0.002065051347017288,-0.003634396940469742,0.003311469918116927,-0.0002742892538663,0.018504703417420387,0.01960265263915062,-0.003650828031823039,-0.009944536723196507,0.13649417459964752,-0.15979638695716858,0.14003269374370575,-0.15524697303771973,0.13845382630825043,0.14613474905490875,0.1378353089094162,0.14898888766765594,0.134965717792511,-0.15710830688476562,0.13928383588790894,-0.15407103300094604,0.13638877868652344,0.1497691422700882,0.13452383875846863,0.1492631733417511,-0.0016772589879110456,-0.013852698728442192,0.019468417391180992,-0.017904143780469894,-0.0474177822470665,0.012228554114699364,-0.049882590770721436,0.04951764643192291,0.3185047209262848,0.3196026682853699,0.2963491976261139,0.2900554835796356,0.0,0.0,1.0,0.0,-0.0,1.0,-0.0,-0.9999998807907104,0.30000001192092896,0.30000001192092896,0.30000001192092896,0.30000001192092896
1.45,0,0.030458709225058556,-0.025492990389466286,0.05083059147000313,0.27980536222457886,1.0,0.3465113341808319,-0.036648064851760864,0.00553228659555316,1,1,1,1,14.06581974029541,0.3860839605331421,0.0,14.221552848815918,14.06581974029541,0.3860839605331421,0.0,14.221552848815918,0,0,0,0,0,0.9999986290931702,0.07999023050069809,-0.31833475828170776,0.07877589762210846,-0.31753405928611755,0.2840334177017212,0.04956377297639847,0.28533169627189636,0.04997149854898453,-0.2776128649711609,0.05051922798156738,-0.27767413854599,0.04984593018889427,0.0,0.0,0.0,0.0,0.0,0.0,0.11219082027673721,-0.12000562250614166,0.03711862489581108,-0.04328770935535431,0.10654034465551376,-0.18682391941547394,0.18442998826503754,-0.020167458802461624,0.06604759395122528,0.06524540483951569,-0.007790459785610437,-0.021800264716148376,0.11381756514310837,-0.09487269818782806,0.02211093343794346,-0.03751222416758537,0.06527764350175858,-0.19651740789413452,0.14199605584144592,-0.036164648830890656,0.02447398751974106,0.030626999214291573,0.015311305411159992,0.008471558801829815,0.0017072634072974324,-0.0018974539125338197,0.00033166399225592613,-0.0007502444786950946,0.0009791646152734756,-0.0039303479716181755,0.0021299407817423344,-0.0007232929347082973,0.004894797690212727,0.0061253998428583145,0.0030622610356658697,0.0016943117370828986,0.1366729885339737,-0.1590057611465454,0.1396155059337616,-0.1548212766647339,0.13736794888973236,0.14583879709243774,0.13665378093719482,0.14853988587856293,0.134965717792511,-0.15710830688476562,0.13928383588790894,-0.15407103300094604,0.13638877868652344,0.1497691422700882,0.13452383875846863,0.1492631733417511,-0.0016772589879110456,-0.013852698728442192,0.019468417391180992,-0.017904143780469894,-0.0474177822470665,0.012228554114699364,-0.049882590770721436,0.04951764643192291,0.3048948049545288,0.3061254024505615,0.3030622601509094,0.3016943335533142,0.0,0.0,1.0,0.0,-0.0,1.0,-0.0,-0.9999998807907104,0.30000001192092896,0.30000001192092896,0.30000001192092896,0.30000001192092896
1.5,0,0.03130210563540459,-0.025507155805826187,0.048383068293333054,0.27983686327934265,1.0,0.3459254205226898,-0.03537781909108162,0.005629498511552811,1,1,1,1,13.893854141235352,0.46480289101600647,0.0,13.759908676147461,13.893854141235352,0.46480289101600647,0.0,13.759908676147461,0,0,0,0,0,0.9999985694885254,0.07997965812683105,-0.3183459937572479,0.07876551151275635,-0.31754377484321594,0.2848984897136688,0.049449723213911057,0.28618937730789185,0.04993636533617973,-0.2767726182937622,0.05054469779133797,-0.27699464559555054,0.04990978538990021,0.0,0.0,0.0,0.0,0.0,0.0,0.11334030330181122,-0.11951587349176407,0.03719209507107735,-0.044089511036872864,0.10538986325263977,-0.188516765832901,0.18378165364265442,-0.02137932740151882,0.06298457831144333,0.062543585896492,-0.0060717142187058926,-0.020327690988779068,0.12114637345075607,-0.09521548449993134,0.023989595472812653,-0.039499085396528244,0.06059388443827629,-0.19831928610801697,0.14426209032535553,-0.03436949476599693,0.013211661018431187,0.020313605666160583,0.018280336633324623,0.010205628350377083,0.0018171955598518252,-0.0019043096108362079,0.0003598439216148108,-0.0007899816846475005,0.000908908259589225,-0.0039663854986429214,0.0021639312617480755,-0.0006873898673802614,0.0026423323433846235,0.004062721040099859,0.003656067419797182,0.0020411256700754166,0.1367829144001007,-0.15901261568069458,0.13964368402957916,-0.15486101806163788,0.13729768991470337,0.14580275118350983,0.136687770485878,0.1485757827758789,0.134965717792511,-0.15710830688476562,0.13928383588790894,-0.15407103300094604,0.13638877868652344,0.1497691422700882,0.13452383875846863,0.1492631733417511,-0.0016772589879110456,-0.013852698728442192,0.019468417391180992,-0.017904143780469894,-0.0474177822470665,0.012228554114699364,-0.049882590770721436,0.04951764643192291,0.3026423454284668,0.30406272411346436,0.30365607142448425,0.3020411431789398,0.0,0.0,1.0,0.0,-0.0,1.0,-0.0,-0.9999998807907104,0.30000001192092896,0.30000001192092896,0.30000001192092896,0.30000001192092896
1.55,0,0.03213900327682495,-0.025502122938632965,0.05010569840669632,0.2798806428909302,1.0,0.34367260336875916,-0.03580693155527115,0.005574278067797422,1,1,1,1,13.888129234313965,0.4809425175189972,0.0,13.734766006469727,13.888129234313965,0.4809425175189972,0.0,13.734766006469727,0,0,0,0,0,0.9999984502792358,0.0799761712551117,-0.31834954023361206,0.07876403629779816,-0.31754493713378906,0.2857707440853119,0.04932243004441261,0.2870219349861145,0.04988835006952286,-0.2759542167186737,0.050504542887210846,-0.27630168199539185,0.04996449127793312,0.0,0.0,0.0,0.0,0.0,0.0,0.1132502481341362,-0.11868654936552048,0.03683457896113396,-0.044282253831624985,0.10363349318504333,-0.18830738961696625,0.1827802062034607,-0.021702000871300697,0.06098632887005806,0.060666773468256,-0.00517016276717186,-0.019374478608369827,0.12088794261217117,-0.09399566799402237,0.02265588566660881,-0.03955526277422905,0.056386351585388184,-0.2022617608308792,0.14028805494308472,-0.0386512391269207,0.009860623627901077,0.018948666751384735,0.021385904401540756,0.013710499741137028,0.0018133190460503101,-0.00187991326674819,0.0003398382687009871,-0.0007911052089184523,0.000845795264467597,-0.004045234993100166,0.0021043207962065935,-0.000773024745285511,0.0019721246790140867,0.0037897333968430758,0.004277180880308151,0.002742100041359663,0.1367790400981903,-0.15898822247982025,0.13962367177009583,-0.15486213564872742,0.13723456859588623,0.14572390913963318,0.1366281658411026,0.14849014580249786,0.134965717792511,-0.15710830688476562,0.13928383588790894,-0.15407103300094604,0.13638877868652344,0.1497691422700882,0.13452383875846863,0.1492631733417511,-0.0016772589879110456,-0.013852698728442192,0.019468417391180992,-0.017904143780469894,-0.0474177822470665,0.012228554114699364,-0.049882590770721436,0.04951764643192291,0.3019721508026123,0.30378973484039307,0.3042771816253662,0.3027421236038208,0.0,0.0,1.0,0.0,-0.0,1.0,-0.0,-0.9999998807907104,0.30000001192092896,0.30000001192092896,0.30000001192092896,0.30000001192092896
1.6,0,0.032984018325805664,-0.025462759658694267,0.0515889935195446,0.27992480993270874,1.0,0.3400593400001526,-0.03648531064391136,0.005422527436167002,1,1,1,1,14.096796989440918,0.3692548871040344,0.0,13.953584671020508,14.096796989440918,0.3692548871040344,0.0,13.953584671020508,0,0,0,0,0,0.9999983906745911,0.07997792214155197,-0.3183475136756897,0.07876638323068619,-0.31754225492477417,0.28665491938591003,0.04917833209037781,0.2878548502922058,0.04982759803533554,-0.2751241624355316,0.05041951686143875,-0.27558988332748413,0.050009578466415405,0.0,0.0,0.0,0.0,0.0,0.0,0.11206354945898056,-0.11731762439012527,0.036148495972156525,-0.043701041489839554,0.10287470370531082,-0.18611307442188263,0.18137235939502716,-0.020854277536273003,0.06034402921795845,0.059491269290447235,-0.004667126573622227,-0.018646549433469772,0.1220586821436882,-0.0940367728471756,0.023186393082141876,-0.04068034887313843,0.05442751199007034,-0.20315741002559662,0.1397259533405304,-0.03902648389339447,0.0069616008549928665,0.0167565755546093,0.021391889080405235,0.013430428691208363,0.0018308801809325814,-0.0018807353917509317,0.00034779589623212814,-0.0008136069518513978,0.0008164126775227487,-0.0040631480515003204,0.002095889300107956,-0.0007805296336300671,0.001392320147715509,0.0033513151574879885,0.0042783780954778194,0.0026860858779400587,0.13679659366607666,-0.1589890420436859,0.13963162899017334,-0.15488463640213013,0.13720519840717316,0.14570599794387817,0.13661973178386688,0.14848265051841736,0.134965717792511,-0.15710830688476562,0.13928383588790894,-0.15407103300094604,0.13638877868652344,0.1497691422700882,0.13452383875846863,0.1492631733417511,-0.0016772589879110456,-0.013852698728442192,0.019468417391180992,-0.017904143780469894,-0.0474177822470665,0.012228554114699364,-0.049882590770721436,0.04951764643192291,0.3013923466205597,0.3033513128757477,0.3042784035205841,0.30268609523773193,0.0,0.0,1.0,0.0,-0.0,1.0,-0.0,-0.9999998807907104,0.30000001192092896,0.30000001192092896,0.30000001192092896,0.30000001192092896
1.65,0,0.033826373517513275,-0.025478381663560867,0.04703022912144661,0.27998048067092896,1.0,0.3407077193260193,-0.03415622562170029,0.005086209625005722,1,1,1,1,14.159953117370605,0.3238762617111206,0.0,14.003975868225098,14.159953117370605,0.3238762617111206,0.0,14.003975868225098,0,0,0,0,0,0.9999983310699463,0.07998782396316528,-0.3183369040489197,0.07877907902002335,-0.3175292909145355,0.2875453233718872,0.04902157932519913,0.288673460483551,0.04980296641588211,-0.274284690618515,0.05025762692093849,-0.2748692035675049,0.05004091188311577,0.0,0.0,0.0,0.0,0.0,0.0,0.11285989731550217,-0.11736558377742767,0.03663157671689987,-0.044596005231142044,0.10268760472536087,-0.1865074783563614,0.18176306784152985,-0.020811818540096283,0.0596504807472229,0.05897768586874008,-0.00498115224763751,-0.019415628165006638,0.12186689674854279,-0.09272628277540207,0.022250840440392494,-0.04002392292022705,0.052663784474134445,-0.20281922817230225,0.13774603605270386,-0.03935784101486206,0.004825449548661709,0.01475552935153246,0.022593999281525612,0.014977523125708103,0.001828003441914916,-0.0018545256461948156,0.0003337626112625003,-0.0008004784467630088,0.0007899567717686296,-0.0040563843213021755,0.0020661905873566866,-0.000787156808655709,0.0009650899446569383,0.002951105823740363,0.00451879994943738,0.002995504764840007,0.13679371774196625,-0.15896283090114594,0.13961759209632874,-0.15487150847911835,0.13717873394489288,0.14571276307106018,0.13659003376960754,0.1484760195016861,0.134965717792511,-0.15710830688476562,0.13928383588790894,-0.15407103300094604,0.13638877868652344,0.1497691422700882,0.13452383875846863,0.1492631733417511,-0.0016772589879110456,-0.013852698728442192,0.019468417391180992,-0.017904143780469894,-0.0474177822470665,0.012228554114699364,-0.049882590770721436,0.04951764643192291,0.3009651005268097,0.3029511272907257,0.30451881885528564,0.302995502948761,0.0,0.0,1.0,0.0,-0.0,1.0,-0.0,-0.9999998807907104,0.30000001192092896,0.30000001192092896,0.30000001192092896,0.30000001192092896
1.7,0,0.034652456641197205,-0.025677675381302834,0.04723105579614639,0.28006088733673096,1.0,0.3402358889579773,-0.03374498710036278,0.004461775068193674,1,1,1,1,14.192761421203613,0.30413246154785156,0.0,14.062957763671875,14.192761421203613,0.30413246154785156,0.0,14.062957763671875,0,0,0,0,0,0.9999984502792358,0.08001118153333664,-0.3183123767375946,0.07880519330501556,-0.3175027072429657,0.2884351909160614,0.048854805529117584,0.2894846200942993,0.04986913874745369,-0.2734507620334625,0.04997289553284645,-0.2741476893424988,0.0500568151473999,0.0,0.0,0.0,0.0,0.0,0.0,0.11348060518503189,-0.11715559661388397,0.03616384044289589,-0.04470480978488922,0.1013307049870491,-0.18781757354736328,0.18126921355724335,-0.02172812446951866,0.057884421199560165,0.05739830806851387,-0.0035570464096963406,-0.01786121167242527,0.12033700942993164,-0.0904703289270401,0.019491149112582207,-0.03772597387433052,0.049871284514665604,-0.2025449573993683,0.13369008898735046,-0.04033061861991882,0.002714112401008606,0.012212828733026981,0.025264568626880646,0.019349168986082077,0.0018050550715997815,-0.0018094065599143505,0.0002923672436736524,-0.0007545194821432233,0.0007480692584067583,-0.00405089883133769,0.0020053512416779995,-0.00080661237007007,0.000542822468560189,0.0024425657466053963,0.005052913911640644,0.003869833890348673,0.13677076995372772,-0.15891771018505096,0.13957619667053223,-0.15482555329799652,0.13713684678077698,0.14571824669837952,0.13652919232845306,0.14845655858516693,0.134965717792511,-0.15710830688476562,0.13928383588790894,-0.15407103300094604,0.13638877868652344,0.1497691422700882,0.13452383875846863,0.1492631733417511,-0.0016772589879110456,-0.013852698728442192,0.019468417391180992,-0.017904143780469894,-0.0474177822470665,0.012228554114699364,-0.049882590770721436,0.04951764643192291,0.30054283142089844,0.3024425804615021,0.3050529360771179,0.3038698434829712,0.0,0.0,1.0,0.0,-0.0,1.0,-0.0,-0.9999998807907104,0.30000001192092896,0.30000001192092896,0.30000001192092896,0.30000001192092896
1.75,0,0.03520558774471283,-0.025817163288593292,0.05038144811987877,0.28015097975730896,1.0,0.3356093168258667,-0.02236398309469223,0.004384743049740791,1,1,1,1,14.179781913757324,0.0,0.0,14.49201488494873,14.179781913757324,0.0,0.0,14.49201488494873,0,0,0,0,0,0.9999986290931702,0.08000928908586502,-0.3183135986328125,0.07880469411611557,-0.31750380992889404,0.2890825569629669,0.04893313720822334,0.2900627553462982,0.04993758723139763,-0.2728939354419708,0.04994840547442436,-0.27350717782974243,0.05007137358188629,0.0,0.0,0.0,0.0,0.0,0.0,0.11280261725187302,-0.11678566783666611,0.034888919442892075,-0.043099794536828995,0.09625859558582306,-0.18903781473636627,0.17723412811756134,-0.022576192393898964,0.05524810031056404,0.05495272949337959,-0.002857278333976865,-0.013875089585781097,0.12124525010585785,-0.09070108830928802,0.020110279321670532,-0.038456521928310394,0.04964093863964081,-0.20290467143058777,0.13443847000598907,-0.04035266488790512,0.0017658036667853594,0.011807100847363472,0.024988273158669472,0.018386784940958023,0.0018186786910519004,-0.0018140217289328575,0.00030165418866090477,-0.0007691304199397564,0.0007446140516549349,-0.004058093298226595,0.002016576938331127,-0.0008070532931014895,0.00035316075081937015,0.0023614203091710806,0.004997654817998409,0.0036773569881916046,0.1367843896150589,-0.15892232954502106,0.1395854949951172,-0.1548401564359665,0.13713338971138,0.1457110494375229,0.13654041290283203,0.1484561264514923,0.134965717792511,-0.15710830688476562,0.13928383588790894,-0.15407103300094604,0.13638877868652344,0.1497691422700882,0.13452383875846863,0.1492631733417511,-0.0016772589879110456,-0.013852698728442192,0.019468417391180992,-0.017904143780469894,-0.0474177822470665,0.012228554114699364,-0.049882590770721436,0.04951764643192291,0.30035316944122314,0.3023614287376404,0.30499765276908875,0.30367738008499146,0.0,0.0,1.0,0.0,-0.0,1.0,-0.0,-0.9999998807907104,0.30000001192092896,0.30000001192092896,0.30000001192092896,0.30000001192092896
1.8,0,0.03562868759036064,-0.02635015733540058,0.03862955421209335,0.2803010046482086,1.0,0.33067765831947327,-0.020433012396097183,0.0038117431104183197,1,1,1,1,14.346205711364746,0.0,0.0,14.847685813903809,14.346205711364746,0.0,0.0,14.847685813903809,0,0,0,0,0,0.999998927116394,0.08003109693527222,-0.3182901442050934,0.07882685214281082,-0.3174822926521301,0.28964099287986755,0.04905389994382858,0.29050496220588684,0.05023736134171486,-0.2724640369415283,0.04976251721382141,-0.27291420102119446,0.0500682108104229,0.0,0.0,0.0,0.0,0.0,0.0,0.1141253113746643,-0.11432947963476181,0.032184746116399765,-0.039613500237464905,0.09101970493793488,-0.19192858040332794,0.1732427030801773,-0.026360807940363884,0.04773543402552605,0.04977782815694809,0.003788088448345661,-0.006846210919320583,0.12044781446456909,-0.08937530964612961,0.020263735204935074,-0.03639965504407883,0.047724220901727676,-0.19920746982097626,0.1336393654346466,-0.037564851343631744,0.0015046163462102413,0.010414048098027706,0.02516663260757923,0.020154306665062904,0.0018067171331495047,-0.001787506160326302,0.00030395601061172783,-0.0007279930869117379,0.0007158633088693023,-0.00398414907976985,0.0020045903511345387,-0.0007512969896197319,0.00030092327506281435,0.0020828095730394125,0.005033326800912619,0.004030861426144838,0.13677243888378143,-0.1588958203792572,0.13958778977394104,-0.15479902923107147,0.13710464537143707,0.14578498899936676,0.13652843236923218,0.1485118716955185,0.134965717792511,-0.15710830688476562,0.13928383588790894,-0.15407103300094604,0.13638877868652344,0.1497691422700882,0.13452383875846863,0.1492631733417511,-0.0016772589879110456,-0.013852698728442192,0.019468417391180992,-0.017904143780469894,-0.0474177822470665,0.012228554114699364,-0.049882590770721436,0.04951764643192291,0.3003009259700775,0.3020828068256378,0.3050333261489868,0.3040308654308319,0.0,0.0,1.0,0.0,-0.0,1.0,-0.0,-0.9999998807907104,0.30000001192092896,0.30000001192092896,0.30000001192092896,0.30000001192092896
1.8499999999999999,0,0.03607854247093201,-0.027181481942534447,0.051307715475559235,0.2804529666900635,1.0,0.3287368416786194,-0.01668429747223854,0.0028440651949495077,1,1,1,1,13.650428771972656,0.0,1.4992884397506714,13.444007873535156,13.650428771972656,0.0,1.4992884397506714,13.444007873535156,0,0,0,0,0,0.9999992847442627,0.08007023483514786,-0.318248987197876,0.07886894792318344,-0.31744059920310974,0.29020288586616516,0.049177296459674835,0.2909679710865021,0.0507197268307209,-0.27203139662742615,0.04944409430027008,-0.2723099887371063,0.05004671961069107,0.0,0.0,0.0,0.0,0.0,0.0,0.11547569185495377,-0.1127585768699646,0.029687590897083282,-0.03718554601073265,0.08658378571271896,-0.1956074833869934,0.17108431458473206,-0.029555294662714005,0.04131419211626053,0.045269425958395004,0.009793372824788094,-0.00040485357749275863,0.11832089722156525,-0.08478308469057083,0.015629565343260765,-0.030338678508996964,0.04264456406235695,-0.1979631632566452,0.12794123589992523,-0.03992544859647751,-0.00505495723336935,0.006213483866304159,0.0325683057308197,0.028197379782795906,0.0017748133977875113,-0.0016956616891548038,0.0002344434760743752,-0.0006067735375836492,0.000639668432995677,-0.00395926320925355,0.0019191184546798468,-0.0007985089323483407,-0.0010109915165230632,0.0012426967732608318,0.006513661239296198,0.005639476235955954,0.1367405354976654,-0.15880396962165833,0.13951827585697174,-0.15467780828475952,0.13702844083309174,0.14580987393856049,0.13644295930862427,0.14846466481685638,0.134965717792511,-0.15710830688476562,0.13928383588790894,-0.15407103300094604,0.13638877868652344,0.1497691422700882,0.13452383875846863,0.1492631733417511,-0.0016772589879110456,-0.013852698728442192,0.019468417391180992,-0.017904143780469894,-0.0474177822470665,0.012228554114699364,-0.049882590770721436,0.04951764643192291,0.29898902773857117,0.3012427091598511,0.3065136671066284,0.30563947558403015,0.0,0.0,1.0,0.0,-0.0,1.0,-0.0,-0.9999998807907104,0.30000001192092896,0.30000001192092896,0.30000001192092896,0.30000001192092896
1.9,0,0.03661516308784485,-0.02717067301273346,0.05388994142413139,0.2805115282535553,1.0,0.3314097821712494,-0.02575831487774849,0.0030357004143297672,1,1,1,1,13.292619705200195,0.0,0.7135352492332458,13.535481452941895,13.292619705200195,0.0,0.7135352492332458,13.535481452941895,0,0,0,0,0,0.9999993443489075,0.08005796372890472,-0.31826093792915344,0.07885513454675674,-0.31745555996894836,0.2908051908016205,0.049277953803539276,0.2914848029613495,0.050732214003801346,-0.27156341075897217,0.04955492541193962,-0.2716590166091919,0.05003431811928749,0.0,0.0,0.0,0.0,0.0,0.0,0.11481586843729019,-0.1128145232796669,0.030542192980647087,-0.03644741699099541,0.0907740518450737,-0.19424980878829956,0.17379935085773468,-0.02931312844157219,0.04514443129301071,0.0499582476913929,0.008803639560937881,-0.0034155212342739105,0.12183284014463425,-0.08988472074270248,0.02014339528977871,-0.03617801144719124,0.04450433328747749,-0.2023884654045105,0.1326807290315628,-0.038152288645505905,-0.0015745795099064708,0.006539124064147472,0.027761412784457207,0.024387456476688385,0.0018274926114827394,-0.001797694363631308,0.0003021509328391403,-0.0007235602242872119,0.0006675649783574045,-0.004047769121825695,0.0019902109634131193,-0.000763045740313828,-0.00031491590198129416,0.0013078248593956232,0.005552282556891441,0.0048774913884699345,0.13679321110248566,-0.1589059978723526,0.13958598673343658,-0.1547945886850357,0.1370563507080078,0.14572137594223022,0.13651405274868011,0.14850012958049774,0.134965717792511,-0.15710830688476562,0.13928383588790894,-0.15407103300094604,0.13638877868652344,0.1497691422700882,0.13452383875846863,0.1492631733417511,-0.0016772589879110456,-0.013852698728442192,0.019468417391180992,-0.017904143780469894,-0.0474177822470665,0.012228554114699364,-0.049882590770721436,0.04951764643192291,0.2996850907802582,0.3013078272342682,0.30555230379104614,0.30487748980522156,0.0,0.0,1.0,0.0,-0.0,1.0,-0.0,-0.9999998807907104,0.30000001192092896,0.30000001192092896,0.30000001192092896,0.30000001192092896
1.95,0,0.03731239587068558,-0.027140367776155472,0.055685125291347504,0.28047120571136475,1.0,0.33771124482154846,-0.029616374522447586,0.003390899859368801,1,1,1,1,13.841873168945312,0.0,0.7321645021438599,13.942840576171875,13.841873168945312,0.0,0.7321645021438599,13.942840576171875,0,0,0,0,0,0.9999993443489075,0.08003979921340942,-0.318279892206192,0.07883699238300323,-0.3174736797809601,0.291464626789093,0.049376893788576126,0.29217663407325745,0.050710637122392654,-0.27081385254859924,0.0496460497379303,-0.2709604799747467,0.05002596229314804,0.0,0.0,0.0,0.0,0.0,0.0,0.11648789048194885,-0.11569172888994217,0.03320544213056564,-0.04076286777853966,0.09484604746103287,-0.19419486820697784,0.17807939648628235,-0.026543177664279938,0.049163587391376495,0.051837753504514694,0.0032325577922165394,-0.009579623118042946,0.12346229702234268,-0.09165213257074356,0.022364400327205658,-0.0365990549325943,0.053751736879348755,-0.20376183092594147,0.13948890566825867,-0.03955848887562752,0.00516813388094306,0.015213895589113235,0.02599610574543476,0.01826534792780876,0.00185193435754627,-0.0018330425955355167,0.000335466000251472,-0.0007319810683839023,0.000806276046205312,-0.004075236618518829,0.002092333510518074,-0.0007911697612144053,0.001033626846037805,0.003042779164388776,0.005199221428483725,0.0036530697252601385,0.13681764900684357,-0.1589413434267044,0.13961930572986603,-0.15480300784111023,0.13719505071640015,0.14569389820098877,0.13661617040634155,0.14847199618816376,0.134965717792511,-0.15710830688476562,0.13928383588790894,-0.15407103300094604,0.13638877868652344,0.1497691422700882,0.13452383875846863,0.1492631733417511,-0.0016772589879110456,-0.013852698728442192,0.019468417391180992,-0.017904143780469894,-0.0474177822470665,0.012228554114699364,-0.049882590770721436,0.04951764643192291,0.3010336458683014,0.30304279923439026,0.3051992356777191,0.3036530911922455,0.0,0.0,1.0,0.0,-0.0,1.0,-0.0,-0.9999998807907104,0.30000001192092896,0.30000001192092896,0.30000001192092896,0.30000001192092896
2.0,0,0.0380583330988884,-0.027135126292705536,0.04873389005661011,0.2804100215435028,1.0,0.34000393748283386,-0.0293985977768898,0.0037741714622825384,1,1,1,1,14.384848594665527,0.0,0.0,14.612424850463867,14.384848594665527,0.0,0.0,14.612424850463867,0,0,0,0,0,0.9999992847442627,0.08001912385225296,-0.31830158829689026,0.0788147822022438,-0.317495733499527,0.2921464145183563,0.049469076097011566,0.29293105006217957,0.050672806799411774,-0.27003252506256104,0.04972781613469124,-0.2702428996562958,0.0500045083463192,0.0,0.0,0.0,0.0,0.0,0.0,0.1165618747472763,-0.11713531613349915,0.03454717621207237,-0.04275589436292648,0.09679004549980164,-0.1929696649312973,0.18017397820949554,-0.024652034044265747,0.05123132839798927,0.0529690757393837,0.0003302418626844883,-0.012934188358485699,0.12149778753519058,-0.08987485617399216,0.020257579162716866,-0.03651610389351845,0.04994351044297218,-0.20059700310230255,0.1358550786972046,-0.03795204311609268,0.0016200265381485224,0.011238562874495983,0.026045847684144974,0.019449997693300247,0.001822466729208827,-0.0017974970396608114,0.0003038636932615191,-0.0007303220336325467,0.0007491526193916798,-0.004011939745396376,0.0020378262270241976,-0.0007590408204123378,0.00032400531927123666,0.0022477125748991966,0.005209169816225767,0.003889999585226178,0.13678818941116333,-0.15890580415725708,0.13958770036697388,-0.1548013538122177,0.13713793456554413,0.14575719833374023,0.13656166195869446,0.1485041379928589,0.134965717792511,-0.15710830688476562,0.13928383588790894,-0.15407103300094604,0.13638877868652344,0.1497691422700882,0.13452383875846863,0.1492631733417511,-0.0016772589879110456,-0.013852698728442192,0.019468417391180992,-0.017904143780469894,-0.0474177822470665,0.012228554114699364,-0.049882590770721436,0.04951764643192291,0.300324022769928,0.3022477328777313,0.3052091896533966,0.30389001965522766,0.0,0.0,1.0,0.0,-0.0,1.0,-0.0,-0.9999998807907104,0.30000001192092896,0.30000001192092896,0.30000001192092896,0.30000001192092896
2.05,0,0.03880546614527702,-0.02718825824558735,0.05650217831134796,0.28036051988601685,1.0,0.3393152356147766,-0.030837424099445343,0.004068438429385424,1,1,1,1,13.931038856506348,0.0,0.6054695844650269,14.002625465393066,13.931038856506348,0.0,0.6054695844650269,14.002625465393066,0,0,0,0,0,0.9999992847442627,0.08000027388334274,-0.3183213174343109,0.07879585027694702,-0.3175145387649536,0.2928376793861389,0.049556028097867966,0.2936926484107971,0.05066777765750885,-0.26925748586654663,0.04979700595140457,-0.2695181965827942,0.049964383244514465,0.0,0.0,0.0,0.0,0.0,0.0,0.11701007187366486,-0.11678247153759003,0.033919379115104675,-0.04243331775069237,0.09558312594890594,-0.19389204680919647,0.17952126264572144,-0.025578930974006653,0.049374599009752274,0.05166434124112129,0.0018307643476873636,-0.011462251655757427,0.12028010934591293,-0.08777190744876862,0.01889704167842865,-0.03439550846815109,0.048867981880903244,-0.19861739873886108,0.13451358675956726,-0.03834252804517746,0.0006403961451724172,0.011427497491240501,0.027802495285868645,0.02062276564538479,0.0018042016308754683,-0.001755438162945211,0.0002834556216839701,-0.000687910127453506,0.0007330197258852422,-0.00397234782576561,0.002017703838646412,-0.0007668505422770977,0.00012807923485524952,0.0022854995913803577,0.005560499150305986,0.00412455340847373,0.13676992058753967,-0.15886373817920685,0.1395672857761383,-0.15475894510746002,0.1371217966079712,0.1457967907190323,0.13654154539108276,0.1484963297843933,0.134965717792511,-0.15710830688476562,0.13928383588790894,-0.15407103300094604,0.13638877868652344,0.1497691422700882,0.13452383875846863,0.1492631733417511,-0.0016772589879110456,-0.013852698728442192,0.019468417391180992,-0.017904143780469894,-0.0474177822470665,0.012228554114699364,-0.049882590770721436,0.04951764643192291,0.30012810230255127,0.3022855222225189,0.30556049942970276,0.3041245639324188,0.0,0.0,1.0,0.0,-0.0,1.0,-0.0,-0.9999998807907104,0.30000001192092896,0.30000001192092896,0.30000001192092896,0.30000001192092896
2.1,0,0.03957326337695122,-0.026961689814925194,0.05505632981657982,0.280295193195343,1.0,0.34140530228614807,-0.0328851081430912,0.004743925295770168,1,1,1,1,14.449169158935547,0.0,0.0,14.647700309753418,14.449169158935547,0.0,0.0,14.647700309753418,0,0,0,0,0,0.9999991655349731,0.07996588945388794,-0.3183567523956299,0.07875911891460419,-0.31755125522613525,0.29354944825172424,0.049626026302576065,0.2944537103176117,0.05048441141843796,-0.26849696040153503,0.05000392720103264,-0.2687757909297943,0.04992333799600601,0.0,0.0,0.0,0.0,0.0,0.0,0.1164536401629448,-0.11757844686508179,0.03581218421459198,-0.0442839115858078,0.09829474240541458,-0.19163328409194946,0.18152302503585815,-0.023672042414546013,0.05293890833854675,0.05449754372239113,-0.0017346438253298402,-0.01600600592792034,0.12342910468578339,-0.08963596820831299,0.020829608663916588,-0.0383693091571331,0.047611840069293976,-0.20138271152973175,0.13634532690048218,-0.03813053295016289,-0.0015260563232004642,0.008849846199154854,0.026459507644176483,0.018788937479257584,0.001851436565630138,-0.001792719354853034,0.00031244411366060376,-0.0007673861691728234,0.0007141775568015873,-0.004027653951197863,0.0020451799500733614,-0.0007626106380484998,-0.00030521125881932676,0.0017699692398309708,0.005291901528835297,0.003757787635549903,0.13681715726852417,-0.15890102088451385,0.13959628343582153,-0.1548384130001068,0.13710296154022217,0.14574149250984192,0.13656902313232422,0.14850056171417236,0.134965717792511,-0.15710830688476562,0.13928383588790894,-0.15407103300094604,0.13638877868652344,0.1497691422700882,0.13452383875846863,0.1492631733417511,-0.0016772589879110456,-0.013852698728442192,0.019468417391180992,-0.017904143780469894,-0.0474177822470665,0.012228554114699364,-0.049882590770721436,0.04951764643192291,0.29969480633735657,0.3017699718475342,0.30529192090034485,0.30375778675079346,0.0,0.0,1.0,0.0,-0.0,1.0,-0.0,-0.9999998807907104,0.30000001192092896,0.30000001192092896,0.30000001192092896,0.30000001192092896
2.15,0,0.04035157337784767,-0.02673453651368618,0.057689253240823746,0.2802261412143707,1.0,0.34283679723739624,-0.035253047943115234,0.00538712227717042,1,1,1,1,14.453484535217285,0.0,0.0,14.666864395141602,14.453484535217285,0.0,0.0,14.666864395141602,0,0,0,0,0,0.9999989867210388,0.07993186265230179,-0.3183918297290802,0.07872140407562256,-0.3175886869430542,0.29426994919776917,0.049688249826431274,0.29524245858192444,0.05030520632863045,-0.267723947763443,0.05020914971828461,-0.26801368594169617,0.04986665025353432,0.0,0.0,0.0,0.0,0.0,0.0,0.11681705713272095,-0.1182422935962677,0.03696635365486145,-0.04590404033660889,0.09954904019832611,-0.19046249985694885,0.18286649882793427,-0.022256016731262207,0.05396741256117821,0.05504437908530235,-0.003989542834460735,-0.018872272223234177,0.12115675956010818,-0.08873162418603897,0.020730992779135704,-0.036526065319776535,0.05114235356450081,-0.19729050993919373,0.13696418702602386,-0.0369533933699131,0.0018279036739841104,0.012408646754920483,0.025017037987709045,0.01652924343943596,0.0018173513235524297,-0.0017746324883773923,0.0003109648823738098,-0.0007305212784558535,0.0007671352941542864,-0.003945810254663229,0.0020544626750051975,-0.000739067851100117,0.00036558075225912035,0.0024817294906824827,0.005003407597541809,0.0033058486878871918,0.13678306341171265,-0.15888294577598572,0.13959479331970215,-0.15480154752731323,0.1371559202671051,0.14582332968711853,0.13657830655574799,0.14852410554885864,0.134965717792511,-0.15710830688476562,0.13928383588790894,-0.15407103300094604,0.13638877868652344,0.1497691422700882,0.13452383875846863,0.1492631733417511,-0.0016772589879110456,-0.013852698728442192,0.019468417391180992,-0.017904143780469894,-0.0474177822470665,0.012228554114699364,-0.049882590770721436,0.04951764643192291,0.3003655970096588,0.3024817407131195,0.30500340461730957,0.30330586433410645,0.0,0.0,1.0,0.0,-0.0,1.0,-0.0,-0.9999998807907104,0.30000001192092896,0.30000001192092896,0.30000001192092896,0.30000001192092896
2.2,0,0.04115772247314453,-0.02633138746023178,0.05485368147492409,0.2801196575164795,1.0,0.3438687324523926,-0.037667255848646164,0.006276956759393215,1,1,1,1,13.809150695800781,0.5875779986381531,0.0,14.232237815856934,13.809150695800781,0.5875779986381531,0.0,14.232237815856934,0,0,0,0,0,0.9999986886978149,0.07988603413105011,-0.31843867897987366,0.0786728784441948,-0.3176365792751312,0.2949885129928589,0.04973703622817993,0.29604682326316833,0.05002675577998161,-0.26693466305732727,0.050511445850133896,-0.26723188161849976,0.049800995737314224,0.0,0.0,0.0,0.0,0.0,0.0,0.11620139330625534,-0.11874861270189285,0.038400426506996155,-0.047548212110996246,0.10141733288764954,-0.18813951313495636,0.18397970497608185,-0.020367305725812912,0.05645250529050827,0.05673321336507797,-0.0070314956828951836,-0.02249423786997795,0.12200618535280228,-0.0894971489906311,0.02201048843562603,-0.03755960240960121,0.05374549329280853,-0.1966438740491867,0.13946406543254852,-0.03604692593216896,0.0035543052945286036,0.014083650894463062,0.023156151175498962,0.01344186533242464,0.001830092747695744,-0.0017899429658427835,0.0003301573160570115,-0.0007511920412071049,0.0008061823900789022,-0.003932877443730831,0.002091960981488228,-0.0007209384930320084,0.0007108610589057207,0.0028167301788926125,0.004631230141967535,0.0026883732061833143,0.1367958039045334,-0.1588982492685318,0.13961398601531982,-0.1548222303390503,0.13719496130943298,0.1458362638950348,0.1366157978773117,0.14854224026203156,0.134965717792511,-0.15710830688476562,0.13928383588790894,-0.15407103300094604,0.13638877868652344,0.1497691422700882,0.13452383875846863,0.1492631733417511,-0.0016772589879110456,-0.013852698728442192,0.019468417391180992,-0.017904143780469894,-0.0474177822470665,0.012228554114699364,-0.049882590770721436,0.04951764643192291,0.30071088671684265,0.3028167486190796,0.30463123321533203,0.3026883900165558,0.0,0.0,1.0,0.0,-0.0,1.0,-0.0,-0.9999998807907104,0.30000001192092896,0.30000001192092896,0.30000001192092896,0.30000001192092896
2.25,0,0.04199759662151337,-0.02637551538646221,0.04907579347491264,0.2800440490245819,1.0,0.34529030323028564,-0.03405585139989853,0.006619749125093222,1,1,1,1,14.093890190124512,0.3675309717655182,0.0,13.925738334655762,14.093890190124512,0.3675309717655182,0.0,13.925738334655762,0,0,0,0,0,0.9999986290931702,0.07986655831336975,-0.31845930218696594,0.07865035533905029,-0.31765851378440857,0.2957444190979004,0.04978466406464577,0.2969338297843933,0.04998178407549858,-0.26609641313552856,0.050575945526361465,-0.26643574237823486,0.049709681421518326,0.0,0.0,0.0,0.0,0.0,0.0,0.1162772923707962,-0.11936630308628082,0.03950665146112442,-0.04918089136481285,0.10258860886096954,-0.18697302043437958,0.18522460758686066,-0.018959105014801025,0.05760360509157181,0.05742065608501434,-0.008991079404950142,-0.025100965052843094,0.12235637754201889,-0.09046497195959091,0.02304895780980587,-0.0395592637360096,0.05423080176115036,-0.19677770137786865,0.14000204205513,-0.03575117886066437,0.0033831223845481873,0.014188078232109547,0.02143881283700466,0.011121290735900402,0.001835345639847219,-0.001809299341402948,0.00034573435550555587,-0.0007911852444522083,0.0008134620147757232,-0.003935554064810276,0.0021000306587666273,-0.0007150235469453037,0.0006766244769096375,0.0028376157861202955,0.004287762567400932,0.0022242581471800804,0.13680106401443481,-0.1589176058769226,0.1396295726299286,-0.15486222505569458,0.13720224797725677,0.1458335816860199,0.13662387430667877,0.1485481560230255,0.134965717792511,-0.15710830688476562,0.13928383588790894,-0.15407103300094604,0.13638877868652344,0.1497691422700882,0.13452383875846863,0.1492631733417511,-0.0016772589879110456,-0.013852698728442192,0.019468417391180992,-0.017904143780469894,-0.0474177822470665,0.012228554114699364,-0.049882590770721436,0.04951764643192291,0.3006766438484192,0.30283764004707336,0.30428776144981384,0.3022242784500122,0.0,0.0,1.0,0.0,-0.0,1.0,-0.0,-0.9999998807907104,0.30000001192092896,0.30000001192092896,0.30000001192092896,0.30000001192092896
2.3,0,0.04272506386041641,-0.026310434564948082,0.057754795998334885,0.2800365090370178,1.0,0.3405355215072632,-0.026605740189552307,0.006846538279205561,1,1,1,1,13.885549545288086,0.1148967370390892,0.0,14.1360445022583,13.885549545288086,0.1148967370390892,0.0,14.1360445022583,0,0,0,0,0,0.9999985694885254,0.07985339313745499,-0.3184725046157837,0.07864005118608475,-0.3176684081554413,0.29646769165992737,0.04982156679034233,0.2976587116718292,0.04992067441344261,-0.2653604745864868,0.050651855766773224,-0.2657163441181183,0.04969335347414017,0.0,0.0,0.0,0.0,0.0,0.0,0.11458172649145126,-0.11903559416532516,0.038066308945417404,-0.04976329579949379,0.09940163046121597,-0.18740496039390564,0.1800631880760193,-0.020758869126439095,0.057291507720947266,0.054931435734033585,-0.009266276843845844,-0.022359615191817284,0.12504741549491882,-0.09130154550075531,0.022732671350240707,-0.041472382843494415,0.050665926188230515,-0.20276406407356262,0.13858482241630554,-0.0384073331952095,0.0005220986786298454,0.01085639651864767,0.022603441029787064,0.013859632425010204,0.0018757111392915249,-0.0018260309007018805,0.00034099005279131234,-0.0008294476429000497,0.0007599888485856354,-0.0040552811697125435,0.0020787722896784544,-0.0007681466522626579,0.00010441973427077755,0.0021712793968617916,0.004520688205957413,0.0027719265781342983,0.13684143126010895,-0.1589343398809433,0.13962481915950775,-0.1549004763364792,0.13714876770973206,0.14571386575698853,0.13660261034965515,0.14849503338336945,0.134965717792511,-0.15710830688476562,0.13928383588790894,-0.15407103300094604,0.13638877868652344,0.1497691422700882,0.13452383875846863,0.1492631733417511,-0.0016772589879110456,-0.013852698728442192,0.019468417391180992,-0.017904143780469894,-0.0474177822470665,0.012228554114699364,-0.049882590770721436,0.04951764643192291,0.30010443925857544,0.3021712899208069,0.30452069640159607,0.3027719259262085,0.0,0.0,1.0,0.0,-0.0,1.0,-0.0,-0.9999998807907104,0.30000001192092896,0.30000001192092896,0.30000001192092896,0.30000001192092896
2.35,0,0.043245408684015274,-0.02620186284184456,0.05081160366535187,0.2801554203033447,1.0,0.33183497190475464,-0.027734454721212387,0.006753853987902403,1,1,1,1,14.338797569274902,0.0,0.0,14.819403648376465,14.338797569274902,0.0,0.0,14.819403648376465,0,0,0,0,0,0.9999986886978149,0.0798545703291893,-0.3184698522090912,0.07863631844520569,-0.3176725506782532,0.29712778329849243,0.049849703907966614,0.2981683015823364,0.04991421848535538,-0.2648352086544037,0.050686951726675034,-0.2651413679122925,0.04976622015237808,0.0,0.0,0.0,0.0,0.0,0.0,0.11515288054943085,-0.11513049155473709,0.033871620893478394,-0.04450036585330963,0.09220588207244873,-0.18949340283870697,0.17545241117477417,-0.023670190945267677,0.04735308885574341,0.04815594106912613,-0.00014303019270300865,-0.012523552402853966,0.1213034838438034,-0.08925177156925201,0.019749242812395096,-0.04146105796098709,0.04382617026567459,-0.20068354904651642,0.1320824921131134,-0.03826139494776726,-0.004278984852135181,0.004204839002341032,0.024878980591893196,0.018730463460087776,0.0018195522716268897,-0.0017850353615358472,0.00029623863520100713,-0.0008292211568914354,0.000657392549328506,-0.004013671074062586,0.0019812374375760555,-0.000765227887313813,-0.0008557969704270363,0.0008409678121097386,0.004975796211510897,0.0037460927851498127,0.13678526878356934,-0.15889334678649902,0.13958007097244263,-0.15490025281906128,0.13704617321491241,0.14575546979904175,0.13650508224964142,0.14849793910980225,0.134965717792511,-0.15710830688476562,0.13928383588790894,-0.15407103300094604,0.13638877868652344,0.1497691422700882,0.13452383875846863,0.1492631733417511,-0.0016772589879110456,-0.013852698728442192,0.019468417391180992,-0.017904143780469894,-0.0474177822470665,0.012228554114699364,-0.049882590770721436,0.04951764643192291,0.2991442084312439,0.30084097385406494,0.30497580766677856,0.3037461042404175,0.0,0.0,1.0,0.0,-0.0,1.0,-0.0,-0.9999998807907104,0.30000001192092896,0.30000001192092896,0.30000001192092896,0.30000001192092896
2.4,0,0.04380450025200844,-0.026489881798624992,0.0380694717168808,0.28025734424591064,1.0,0.3293207883834839,-0.0260462686419487,0.006195989437401295,1,1,1,1,14.199220657348633,0.0,0.0,14.871904373168945,14.199220657348633,0.0,0.0,14.871904373168945,0,0,0,0,0,0.9999988675117493,0.0798770859837532,-0.31844621896743774,0.07866063714027405,-0.3176489472389221,0.2977760136127472,0.04987538605928421,0.29869508743286133,0.050116922706365585,-0.2642608880996704,0.05050346627831459,-0.26455211639404297,0.049824461340904236,0.0,0.0,0.0,0.0,0.0,0.0,0.11626426875591278,-0.11352736502885818,0.0317494235932827,-0.04235836863517761,0.08817244321107864,-0.19264577329158783,0.1727972775697708,-0.02660677209496498,0.04197446629405022,0.0442536436021328,0.004809814039617777,-0.006864474155008793,0.12055810540914536,-0.0850629210472107,0.017795110121369362,-0.03465268015861511,0.043562185019254684,-0.19589999318122864,0.12987107038497925,-0.037650223821401596,-0.00657194247469306,0.003901571501046419,0.02883997932076454,0.02251633070409298,0.0018083715112879872,-0.0017012583557516336,0.00026692665414884686,-0.0006930535892024636,0.0006534327403642237,-0.003917999565601349,0.0019480660557746887,-0.0007530044531449676,-0.0013143884716555476,0.0007803143234923482,0.005767995957285166,0.004503266420215368,0.13677409291267395,-0.1588095724582672,0.13955076038837433,-0.1547640860080719,0.13704220950603485,0.14585113525390625,0.13647189736366272,0.1485101729631424,0.134965717792511,-0.15710830688476562,0.13928383588790894,-0.15407103300094604,0.13638877868652344,0.1497691422700882,0.13452383875846863,0.1492631733417511,-0.0016772589879110456,-0.013852698728442192,0.019468417391180992,-0.017904143780469894,-0.0474177822470665,0.012228554114699364,-0.049882590770721436,0.04951764643192291,0.29868561029434204,0.300780326128006,0.3057680130004883,0.30450329184532166,0.0,0.0,1.0,0.0,-0.0,1.0,-0.0,-0.9999998807907104,0.30000001192092896,0.30000001192092896,0.30000001192092896,0.30000001192092896
2.45,0,0.04436030238866806,-0.027216322720050812,0.03755291551351547,0.28039219975471497,1.0,0.32821518182754517,-0.02112102508544922,0.00516287237405777,1,1,1,1,14.448893547058105,0.0,0.0,14.666281700134277,14.448893547058105,0.0,0.0,14.666281700134277,0,0,0,0,0,0.9999992251396179,0.07992187142372131,-0.3184003233909607,0.07871139049530029,-0.31759896874427795,0.2984248697757721,0.0499049536883831,0.2992505431175232,0.05054006353020668,-0.263703852891922,0.05012352019548416,-0.26396453380584717,0.04986397549510002,0.0,0.0,0.0,0.0,0.0,0.0,0.1163080483675003,-0.11250361055135727,0.030615143477916718,-0.04060165211558342,0.08605165034532547,-0.19424176216125488,0.17184674739837646,-0.028572790324687958,0.039017338305711746,0.04317853972315788,0.008509832434356213,-0.0036311009898781776,0.1197119727730751,-0.08355413377285004,0.01574302650988102,-0.032388463616371155,0.042057063430547714,-0.19704698026180267,0.12966899573802948,-0.04084710031747818,-0.010425960645079613,0.0032999678514897823,0.034307513386011124,0.026174869388341904,0.0017956795636564493,-0.0016710826894268394,0.00023614539531990886,-0.0006477692513726652,0.0006308559095486999,-0.00394093943759799,0.0019450349500402808,-0.0008169419597834349,-0.0020851921290159225,0.0006599935586564243,0.006861502770334482,0.005234973970800638,0.1367613971233368,-0.15877938270568848,0.13951997458934784,-0.1547188013792038,0.13701963424682617,0.14582820236682892,0.13646887242794037,0.1484462320804596,0.134965717792511,-0.15710830688476562,0.13928383588790894,-0.15407103300094604,0.13638877868652344,0.1497691422700882,0.13452383875846863,0.1492631733417511,-0.0016772589879110456,-0.013852698728442192,0.019468417391180992,-0.017904143780469894,-0.0474177822470665,0.012228554114699364,-0.049882590770721436,0.04951764643192291,0.2979148328304291,0.30066001415252686,0.3068615198135376,0.30523499846458435,0.0,0.0,1.0,0.0,-0.0,1.0,-0.0,-0.9999998807907104,0.30000001192092896,0.30000001192092896,0.30000001192092896,0.30000001192092896
2.5,0,0.04497416689991951,-0.027661332860589027,0.04745395854115486,0.28047049045562744,1.0,0.32662996649742126,-0.017768263816833496,0.0044158087112009525,1,1,1,1,13.975125312805176,0.0,1.274817943572998,13.461236000061035,13.975125312805176,0.0,1.274817943572998,13.461236000061035,0,0,0,0,0,0.9999993443489075,0.07995381206274033,-0.3183673620223999,0.07875047624111176,-0.31756001710891724,0.29908424615859985,0.04992615059018135,0.29985812306404114,0.05083661526441574,-0.2631678879261017,0.049940068274736404,-0.26333725452423096,0.049897558987140656,0.0,0.0,0.0,0.0,0.0,0.0,0.11501946300268173,-0.10911835730075836,0.02447604201734066,-0.0314997099339962,0.08653789013624191,-0.19900944828987122,0.1669618785381317,-0.03672710061073303,0.03700476884841919,0.04383993148803711,0.01760486140847206,0.0062930164858698845,0.11910597234964371,-0.0821281298995018,0.013992764987051487,-0.03172839432954788,0.03599084913730621,-0.1979796588420868,0.12428681552410126,-0.04051874205470085,-0.013564350083470345,-0.001184981781989336,0.035681113600730896,0.030924059450626373,0.0017865895060822368,-0.001642562565393746,0.00020989147014915943,-0.0006345678702928126,0.000539862725418061,-0.0039595928974449635,0.0018643022049218416,-0.0008103747968561947,-0.002712870016694069,-0.0002369963622186333,0.007136222906410694,0.006184812169522047,0.13675230741500854,-0.15875087678432465,0.13949373364448547,-0.15470559895038605,0.13692864775657654,0.14580954611301422,0.1363881379365921,0.14845280349254608,0.134965717792511,-0.15710830688476562,0.13928383588790894,-0.15407103300094604,0.13638877868652344,0.1497691422700882,0.13452383875846863,0.1492631733417511,-0.0016772589879110456,-0.013852698728442192,0.019468417391180992,-0.017904143780469894,-0.0474177822470665,0.012228554114699364,-0.049882590770721436,0.04951764643192291,0.29728713631629944,0.299763023853302,0.3071362376213074,0.3061848282814026,0.0,0.0,1.0,0.0,-0.0,1.0,-0.0,-0.9999998807907104,0.30000001192092896,0.30000001192092896,0.30000001192092896,0.30000001192092896
2.55,0,0.04548479616641998,-0.026319004595279694,0.031869787722826004,0.2804754972457886,1.0,0.306392103433609,-0.021340366452932358,0.004965567961335182,1,1,1,1,14.10943603515625,0.0,0.6075108647346497,13.91229248046875,14.10943603515625,0.0,0.6075108647346497,13.91229248046875,0,0,0,0,0,0.9999992847442627,0.0799204558134079,-0.31839704513549805,0.07869993150234222,-0.31761109828948975,0.29972511529922485,0.04995621740818024,0.30019330978393555,0.05023074895143509,-0.26233333349227905,0.04990630969405174,-0.2626510560512543,0.04996159300208092,0.0,0.0,0.0,0.0,0.0,0.0,0.1259009689092636,-0.09070838242769241,0.021660739555954933,-0.03980431333184242,0.049062103033065796,-0.2056521475315094,0.14124031364917755,-0.041387028992176056,-0.002727765589952469,0.010028611868619919,0.030003158375620842,0.019330676645040512,0.12563133239746094,-0.09024552255868912,0.02255425788462162,-0.04383888468146324,0.0378347709774971,-0.2035176157951355,0.13378214836120605,-0.03784467279911041,-0.012166067026555538,-0.0031343416776508093,0.028515927493572235,0.02248392440378666,0.0018844699952751398,-0.0018049103673547506,0.0003383138682693243,-0.000876777688972652,0.0005675215506926179,-0.0040703522972762585,0.0020067321602255106,-0.0007568934233859181,-0.0024332134053111076,-0.0006268683355301619,0.005703185684978962,0.004496784880757332,0.13685019314289093,-0.15891321003437042,0.13962215185165405,-0.15494781732559204,0.13695630431175232,0.14569878578186035,0.1365305781364441,0.1485062837600708,0.134965717792511,-0.15710830688476562,0.13928383588790894,-0.15407103300094604,0.13638877868652344,0.1497691422700882,0.13452383875846863,0.1492631733417511,-0.0016772589879110456,-0.013852698728442192,0.019468417391180992,-0.017904143780469894,-0.0474177822470665,0.012228554114699364,-0.049882590770721436,0.04951764643192291,0.29756680130958557,0.29937314987182617,0.30570319294929504,0.30449679493904114,0.0,0.0,1.0,0.0,-0.0,1.0,-0.0,-0.9999998807907104,0.30000001192092896,0.30000001192092896,0.30000001192092896,0.30000001192092896
2.6,0,0.046136826276779175,-0.025483885779976845,0.024306314066052437,0.2804461121559143,1.0,0.30952656269073486,-0.021524596959352493,0.005281804129481316,1,1,1,1,13.427896499633789,0.35892295837402344,1.292386531829834,12.7741117477417,13.427896499633789,0.35892295837402344,1.292386531829834,12.7741117477417,0,0,0,0,0,0.9999991655349731,0.07989910244941711,-0.31841668486595154,0.07869312167167664,-0.31761807203292847,0.3004167079925537,0.04997634515166283,0.30077317357063293,0.04990296810865402,-0.2614903450012207,0.04990019649267197,-0.2619498074054718,0.05001475661993027,0.0,0.0,0.0,0.0,0.0,0.0,0.12701289355754852,-0.09331350773572922,0.022008981555700302,-0.040196485817432404,0.05024097114801407,-0.20703545212745667,0.14356444776058197,-0.038735803216695786,-0.001905551878735423,0.009426395408809185,0.02941623516380787,0.02024867571890354,0.11566109955310822,-0.09254655241966248,0.025104161351919174,-0.043743666261434555,0.059560053050518036,-0.19088304042816162,0.14753663539886475,-0.03335396200418472,0.013941824436187744,0.02432280220091343,0.016682950779795647,0.0021543188486248255,0.0017349164700135589,-0.0018509309738874435,0.0003765624132938683,-0.000874873308930546,0.0008934007491916418,-0.0038176607340574265,0.0022130494471639395,-0.0006670792354270816,0.002788364887237549,0.004864560440182686,0.003336590249091387,0.00043086378718726337,0.13670063018798828,-0.15895923972129822,0.13966040313243866,-0.15494590997695923,0.13728217780590057,0.14595147967338562,0.1367368847131729,0.14859609305858612,0.134965717792511,-0.15710830688476562,0.13928383588790894,-0.15407103300094604,0.13638877868652344,0.1497691422700882,0.13452383875846863,0.1492631733417511,-0.0016772589879110456,-0.013852698728442192,0.019468417391180992,-0.017904143780469894,-0.0474177822470665,0.012228554114699364,-0.049882590770721436,0.04951764643192291,0.3027883768081665,0.3048645853996277,0.30333659052848816,0.30043086409568787,0.0,0.0,1.0,0.0,-0.0,1.0,-0.0,-0.9999998807907104,0.30000001192092896,0.30000001192092896,0.30000001192092896,0.30000001192092896
2.65,0,0.0468050092458725,-0.025174124166369438,0.015288484282791615,0.2807849943637848,1.0,0.3123268783092499,-0.017961163073778152,0.005117564927786589,1,1,1,1,10.780535697937012,3.442195177078247,3.7484352588653564,10.534955024719238,10.780535697937012,3.442195177078247,3.7484352588653564,10.534955024719238,0,0,0,0,0,0.9999992251396179,0.0799006000161171,-0.31841519474983215,0.07869691401720047,-0.3176141679286957,0.3010850250720978,0.04998970031738281,0.3014528751373291,0.04996521770954132,-0.26076433062553406,0.04989161342382431,-0.26122918725013733,0.05004466697573662,0.0,0.0,0.0,0.0,0.0,0.0,0.1259114295244217,-0.09309317171573639,0.020478758960962296,-0.0365016907453537,0.05613543838262558,-0.20770297944545746,0.14684225618839264,-0.04215433448553085,0.0033993672113865614,0.016634806990623474,0.031142717227339745,0.019667282700538635,0.11035366356372833,-0.09039449691772461,0.02272276021540165,-0.0428578220307827,0.05769621580839157,-0.18644823133945465,0.1439555287361145,-0.03332396596670151,0.011550148017704487,0.021129406988620758,0.021712610498070717,0.007925852201879025,0.0016553049208596349,-0.0018078899011015892,0.00034084139042533934,-0.0008571564103476703,0.000865443202201277,-0.0037289645988494158,0.0021593328565359116,-0.0006664792890660465,0.002310029696673155,0.004225881304591894,0.004342522006481886,0.001585170510224998,0.13662102818489075,-0.1589161902666092,0.1396246701478958,-0.15492819249629974,0.13725422322750092,0.1460401713848114,0.1366831660270691,0.14859668910503387,0.134965717792511,-0.15710830688476562,0.13928383588790894,-0.15407103300094604,0.13638877868652344,0.1497691422700882,0.13452383875846863,0.1492631733417511,-0.0016772589879110456,-0.013852698728442192,0.019468417391180992,-0.017904143780469894,-0.0474177822470665,0.012228554114699364,-0.049882590770721436,0.04951764643192291,0.302310049533844,0.304225891828537,0.3043425381183624,0.3015851676464081,0.0,0.0,1.0,0.0,-0.0,1.0,-0.0,-0.9999998807907104,0.30000001192092896,0.30000001192092896,0.30000001192092896,0.30000001192092896
2.7,0,0.04750484600663185,-0.025039872154593468,0.013223088346421719,0.28078946471214294,1.0,0.311197966337204,-0.017659198492765427,0.0049945819191634655,1,1,1,1,10.961374282836914,3.0751988887786865,3.552274465560913,10.597389221191406,10.961374282836914,3.0751988887786865,3.552274465560913,10.597389221191406,0,0,0,0,0,0.9999992847442627,0.0799013003706932,-0.3184146583080292,0.07870132476091385,-0.317609578371048,0.30177411437034607,0.049995530396699905,0.3021704852581024,0.05001259222626686,-0.26002371311187744,0.04986662417650223,-0.2605070173740387,0.050066620111465454,0.0,0.0,0.0,0.0,0.0,0.0,0.12581755220890045,-0.09394558519124985,0.020286697894334793,-0.03613472729921341,0.05736156925559044,-0.20661698281764984,0.1460784524679184,-0.040180180221796036,0.003944368101656437,0.015113689005374908,0.02974860928952694,0.02019467018544674,0.11447617411613464,-0.09738914668560028,0.02875867672264576,-0.05000193044543266,0.06502313911914825,-0.19514213502407074,0.15610367059707642,-0.03681516647338867,0.020445045083761215,0.03314967826008797,0.017965860664844513,-0.0017192777013406157,0.001717142527922988,-0.0019477829337120056,0.00043138014734722674,-0.001000038580968976,0.0009753470658324659,-0.0039028425235301256,0.0023415549658238888,-0.0007363033364526927,0.004089009016752243,0.006629935931414366,0.0035931721795350313,-0.0003438555577304214,0.13668285310268402,-0.15905609726905823,0.13971520960330963,-0.15507106482982635,0.13736411929130554,0.1458663046360016,0.13686539232730865,0.1485268771648407,0.134965717792511,-0.15710830688476562,0.13928383588790894,-0.15407103300094604,0.13638877868652344,0.1497691422700882,0.13452383875846863,0.1492631733417511,-0.0016772589879110456,-0.013852698728442192,0.019468417391180992,-0.017904143780469894,-0.0474177822470665,0.012228554114699364,-0.049882590770721436,0.04951764643192291,0.3040890097618103,0.3066299557685852,0.3035931885242462,0.2996561527252197,0.0,0.0,1.0,0.0,-0.0,1.0,-0.0,-0.9999998807907104,0.30000001192092896,0.30000001192092896,0.30000001192092896,0.30000001192092896
2.75,0,0.04821751266717911,-0.024985507130622864,0.010950827039778233,0.28078776597976685,1.0,0.3187263011932373,-0.01963271200656891,0.004889385774731636,1,1,1,1,11.126282691955566,3.408607244491577,3.736734390258789,10.53985595703125,11.126282691955566,3.408607244491577,3.736734390258789,10.53985595703125,0,0,0,0,0,0.9999992251396179,0.07991024106740952,-0.31840622425079346,0.07870632410049438,-0.3176044523715973,0.3024040758609772,0.04998673126101494,0.30288371443748474,0.050048358738422394,-0.25927722454071045,0.049828626215457916,-0.2597767114639282,0.05007871612906456,0.0,0.0,0.0,0.0,0.0,0.0,0.12667176127433777,-0.09512278437614441,0.021637069061398506,-0.036128390580415726,0.06344137340784073,-0.20846576988697052,0.15356896817684174,-0.042597696185112,0.010224046185612679,0.024173595011234283,0.030121687799692154,0.015555470250546932,0.11591098457574844,-0.09942890703678131,0.029559046030044556,-0.05235488340258598,0.06482420116662979,-0.19742907583713531,0.157815083861351,-0.03661714866757393,0.020717985928058624,0.03222203627228737,0.016917912289500237,-0.0021546108182519674,0.0017386646941304207,-0.0019885781221091747,0.0004433856811374426,-0.0010470976121723652,0.0009723629918880761,-0.003948581404983997,0.0023672261741012335,-0.0007323429454118013,0.004143597092479467,0.006444407161325216,0.0033835824579000473,-0.0004309221694711596,0.13670438528060913,-0.1590968817472458,0.13972721993923187,-0.15511813759803772,0.13736113905906677,0.14582055807113647,0.13689106702804565,0.14853082597255707,0.134965717792511,-0.15710830688476562,0.13928383588790894,-0.15407103300094604,0.13638877868652344,0.1497691422700882,0.13452383875846863,0.1492631733417511,-0.0016772589879110456,-0.013852698728442192,0.019468417391180992,-0.017904143780469894,-0.0474177822470665,0.012228554114699364,-0.049882590770721436,0.04951764643192291,0.30414360761642456,0.3064444065093994,0.30338358879089355,0.29956910014152527,0.0,0.0,1.0,0.0,-0.0,1.0,-0.0,-0.9999998807907104,0.30000001192092896,0.30000001192092896,0.30000001192092896,0.30000001192092896
2.8,0,0.04896504431962967,-0.024958396330475807,0.01579841412603855,0.2807949483394623,1.0,0.3168635666370392,-0.01914859190583229,0.004781670868396759,1,1,1,1,11.441242218017578,3.0821025371551514,3.545365333557129,10.713057518005371,11.441242218017578,3.0821025371551514,3.545365333557129,10.713057518005371,0,0,0,0,0,0.9999992847442627,0.079908087849617,-0.31840863823890686,0.07871687412261963,-0.3175937533378601,0.30313464999198914,0.04996887594461441,0.30363956093788147,0.05007284879684448,-0.25849640369415283,0.04978093132376671,-0.2590335011482239,0.05008114129304886,0.0,0.0,0.0,0.0,0.0,0.0,0.12736772000789642,-0.09517388790845871,0.021327627822756767,-0.03646106645464897,0.06179241091012955,-0.20824918150901794,0.15110217034816742,-0.041280005127191544,0.0072977133095264435,0.020013052970170975,0.029526451602578163,0.017033111304044724,0.11621521413326263,-0.09896039962768555,0.02942437306046486,-0.0512351356446743,0.06661584973335266,-0.19722649455070496,0.159563809633255,-0.037064697593450546,0.02081066556274891,0.03400038182735443,0.018274415284395218,-0.002633975585922599,0.0017432281747460365,-0.0019792078528553247,0.0004413655842654407,-0.001024702680297196,0.0009992377599701285,-0.003944529686123133,0.002393457107245922,-0.0007412939448840916,0.004162133205682039,0.006800076458603144,0.003654883010312915,-0.0005267951055429876,0.13670894503593445,-0.15908750891685486,0.1397252082824707,-0.15509574115276337,0.13738802075386047,0.1458246111869812,0.13691729307174683,0.14852188527584076,0.134965717792511,-0.15710830688476562,0.13928383588790894,-0.15407103300094604,0.13638877868652344,0.1497691422700882,0.13452383875846863,0.1492631733417511,-0.0016772589879110456,-0.013852698728442192,0.019468417391180992,-0.017904143780469894,-0.0474177822470665,0.012228554114699364,-0.049882590770721436,0.04951764643192291,0.3041621446609497,0.30680009722709656,0.30365490913391113,0.29947322607040405,0.0,0.0,1.0,0.0,-0.0,1.0,-0.0,-0.9999998807907104,0.30000001192092896,0.30000001192092896,0.30000001192092896,0.30000001192092896
2.85,0,0.049730926752090454,-0.02499845065176487,0.009325871244072914,0.2807888686656952,1.0,0.31556040048599243,-0.018455082550644875,0.004652605392038822,1,1,1,1,11.423754692077637,3.063319444656372,3.1647939682006836,10.954094886779785,11.423754692077637,3.063319444656372,3.1647939682006836,10.954094886779785,0,0,0,0,0,0.9999992847442627,0.07990341633558273,-0.3184133470058441,0.07870703935623169,-0.3176034986972809,0.30387720465660095,0.04994187876582146,0.3043957054615021,0.05008627846837044,-0.2577206790447235,0.04971524700522423,-0.258271723985672,0.05006837099790573,0.0,0.0,0.0,0.0,0.0,0.0,0.12739621102809906,-0.0955430343747139,0.020766058936715126,-0.03596394509077072,0.06189005821943283,-0.2079431414604187,0.14931297302246094,-0.04072191193699837,0.006177897099405527,0.017456818372011185,0.028478015214204788,0.01783781126141548,0.11765750497579575,-0.1000165343284607,0.02949531562626362,-0.05467492714524269,0.06088236719369888,-0.19844184815883636,0.15663516521453857,-0.035848330706357956,0.015244138427078724,0.02604108303785324,0.017009740695357323,-0.0010250256163999438,0.0017648625653237104,-0.002000330714508891,0.0004424297367222607,-0.0010934985475614667,0.0009132354753091931,-0.003968836739659309,0.002349527319893241,-0.0007169665768742561,0.003048827638849616,0.005208216607570648,0.0034019481390714645,-0.0002050051261903718,0.13673058152198792,-0.15910863876342773,0.13972626626491547,-0.15516452491283417,0.13730201125144958,0.14580030739307404,0.13687336444854736,0.14854620397090912,0.134965717792511,-0.15710830688476562,0.13928383588790894,-0.15407103300094604,0.13638877868652344,0.1497691422700882,0.13452383875846863,0.1492631733417511,-0.0016772589879110456,-0.013852698728442192,0.019468417391180992,-0.017904143780469894,-0.0474177822470665,0.012228554114699364,-0.049882590770721436,0.04951764643192291,0.30304884910583496,0.3052082359790802,0.3034019470214844,0.299795001745224,0.0,0.0,1.0,0.0,-0.0,1.0,-0.0,-0.9999998807907104,0.30000001192092896,0.30000001192092896,0.30000001192092896,0.30000001192092896
2.9,0,0.05049646645784378,-0.02502768114209175,0.009216480888426304,0.28078773617744446,1.0,0.32026904821395874,-0.021963000297546387,0.004545351956039667,1,1,1,1,11.204029083251953,3.203124761581421,3.3351287841796875,10.786495208740234,11.204029083251953,3.203124761581421,3.3351287841796875,10.786495208740234,0,0,0,0,0,0.9999992847442627,0.07989746332168579,-0.31841933727264404,0.07871776819229126,-0.3175926208496094,0.3046269118785858,0.04990467429161072,0.3051549196243286,0.05008719861507416,-0.2569352090358734,0.04964125528931618,-0.2575113773345947,0.05004563927650452,0.0,0.0,0.0,0.0,0.0,0.0,0.12579530477523804,-0.09373129159212112,0.017624396830797195,-0.034626249223947525,0.06337443739175797,-0.2115955948829651,0.15309463441371918,-0.04707968980073929,0.0037289918400347233,0.021347669884562492,0.035290319472551346,0.017150310799479485,0.11866313219070435,-0.09937016665935516,0.027110276743769646,-0.04971816763281822,0.0653361976146698,-0.202738955616951,0.15802155435085297,-0.040301740169525146,0.018464528024196625,0.03108852356672287,0.020527740940451622,0.001425786642357707,0.0017799469642341137,-0.0019874032586812973,0.0004066541441716254,-0.000994363334029913,0.0009800429688766599,-0.004054779186844826,0.0023703232873231173,-0.0008060347754508257,0.0036929056514054537,0.0062177046202123165,0.004105548374354839,0.0002851573226507753,0.1367456614971161,-0.15909570455551147,0.13969048857688904,-0.1550654023885727,0.1373688280582428,0.14571435749530792,0.13689416646957397,0.1484571397304535,0.134965717792511,-0.15710830688476562,0.13928383588790894,-0.15407103300094604,0.13638877868652344,0.1497691422700882,0.13452383875846863,0.1492631733417511,-0.0016772589879110456,-0.013852698728442192,0.019468417391180992,-0.017904143780469894,-0.0474177822470665,0.012228554114699364,-0.049882590770721436,0.04951764643192291,0.30369290709495544,0.3062177300453186,0.3041055500507355,0.3002851605415344,0.0,0.0,1.0,0.0,-0.0,1.0,-0.0,-0.9999998807907104,0.30000001192092896,0.30000001192092896,0.30000001192092896,0.30000001192092896
2.95,0,0.05130676552653313,-0.025104375556111336,0.008472356013953686,0.28078314661979675,1.0,0.3179417550563812,-0.020164350047707558,0.004421395715326071,1,1,1,1,11.56066608428955,3.0347163677215576,3.1555182933807373,10.902727127075195,11.56066608428955,3.0347163677215576,3.1555182933807373,10.902727127075195,0,0,0,0,0,0.9999992847442627,0.0798943042755127,-0.3184226453304291,0.07872359454631805,-0.31758660078048706,0.3054066598415375,0.0498475506901741,0.3059481680393219,0.05007624626159668,-0.25613293051719666,0.049551788717508316,-0.256734162569046,0.050012752413749695,0.0,0.0,0.0,0.0,0.0,0.0,0.12836953997612,-0.095493845641613,0.021109484136104584,-0.035783424973487854,0.06301990896463394,-0.2089286744594574,0.1511409431695938,-0.041757307946681976,0.006935842800885439,0.0193248949944973,0.029110658913850784,0.01685614138841629,0.11771372705698013,-0.10013499110937119,0.02905300259590149,-0.052036236971616745,0.06594638526439667,-0.20062601566314697,0.16000373661518097,-0.03799523785710335,0.020602546632289886,0.0334320142865181,0.018959015607833862,-0.0013588046422228217,0.0017657058779150248,-0.0020026997663080692,0.0004357950238045305,-0.0010407246882095933,0.0009891957743093371,-0.004012520425021648,0.00240005599334836,-0.0007599047385156155,0.00412050960585475,0.006686402950435877,0.0037918032612651587,-0.0002717609459068626,0.13673143088817596,-0.15911100804805756,0.1397196352481842,-0.15511175990104675,0.13737797737121582,0.14575661718845367,0.1369238942861557,0.14850327372550964,0.134965717792511,-0.15710830688476562,0.13928383588790894,-0.15407103300094604,0.13638877868652344,0.1497691422700882,0.13452383875846863,0.1492631733417511,-0.0016772589879110456,-0.013852698728442192,0.019468417391180992,-0.017904143780469894,-0.0474177822470665,0.012228554114699364,-0.049882590770721436,0.04951764643192291,0.3041205108165741,0.3066864013671875,0.3037918210029602,0.29972824454307556,0.0,0.0,1.0,0.0,-0.0,1.0,-0.0,-0.9999998807907104,0.30000001192092896,0.30000001192092896,0.30000001192092896,0.30000001192092896
3.0,0,0.052212029695510864,-0.025200344622135162,0.01435003336519003,0.2807658612728119,1.0,0.3201258182525635,-0.0171421617269516,0.00429402245208621,1,1,1,1,11.340927124023438,3.4890756607055664,3.0364623069763184,10.58986759185791,11.340927124023438,3.4890756607055664,3.0364623069763184,10.58986759185791,0,0,0,0,0,0.9999991655349731,0.07988904416561127,-0.3184281289577484,0.07871490716934204,-0.31759464740753174,0.3062213957309723,0.0497773103415966,0.3068171739578247,0.05006279796361923,-0.2552148103713989,0.049441345036029816,-0.2559109330177307,0.04997069016098976,0.0,0.0,0.0,0.0,0.0,0.0,0.12951825559139252,-0.09764610230922699,0.025333000347018242,-0.03930172324180603,0.06690093874931335,-0.2054215520620346,0.15716315805912018,-0.037015654146671295,0.007969162426888943,0.021045444533228874,0.02526654303073883,0.009769652038812637,0.1168646514415741,-0.09873689711093903,0.028319237753748894,-0.05220929905772209,0.06368822604417801,-0.1990540623664856,0.15793739259243011,-0.038039594888687134,0.01824939250946045,0.030695728957653046,0.01908440701663494,-0.0008710063993930817,0.0017529696924611926,-0.0019747379701584578,0.0004247885663062334,-0.0010441859485581517,0.0009553233976475894,-0.003981081303209066,0.002369060879573226,-0.0007607918814755976,0.0036498785484582186,0.006139145698398352,0.003816881449893117,-0.00017420128278899938,0.13671869039535522,-0.1590830385684967,0.13970862329006195,-0.15511521697044373,0.1373441070318222,0.1457880586385727,0.1368928998708725,0.148502379655838,0.134965717792511,-0.15710830688476562,0.13928383588790894,-0.15407103300094604,0.13638877868652344,0.1497691422700882,0.13452383875846863,0.1492631733417511,-0.0016772589879110456,-0.013852698728442192,0.019468417391180992,-0.017904143780469894,-0.0474177822470665,0.012228554114699364,-0.049882590770721436,0.04951764643192291,0.30364990234375,0.30613917112350464,0.30381688475608826,0.2998258173465729,0.0,0.0,1.0,0.0,-0.0,1.0,-0.0,-0.9999998807907104,0.30000001192092896,0.30000001192092896,0.30000001192092896,0.30000001192092896
3.05,0,0.05298301577568054,-0.025237957015633583,0.006113441661000252,0.2807515561580658,1.0,0.3184719383716583,-0.018584270030260086,0.004206788260489702,1,1,1,1,11.467470169067383,3.3748602867126465,3.4204297065734863,10.649003028869629,11.467470169067383,3.3748602867126465,3.4204297065734863,10.649003028869629,0,0,0,0,0,0.9999991655349731,0.07989247888326645,-0.31842464208602905,0.07872428745031357,-0.317585289478302,0.3069995045661926,0.04969778284430504,0.3075712025165558,0.05001680925488472,-0.25443392992019653,0.04933451488614082,-0.25512704253196716,0.04990088567137718,0.0,0.0,0.0,0.0,0.0,0.0,0.12773893773555756,-0.09609254449605942,0.022536491975188255,-0.037695471197366714,0.06687835603952408,-0.20585119724273682,0.15546676516532898,-0.03855373337864876,0.010260587558150291,0.022560277953743935,0.026236485689878464,0.011755833402276039,0.11592219024896622,-0.1009654551744461,0.028905045241117477,-0.0555473193526268,0.06404085457324982,-0.20022891461849213,0.15884128212928772,-0.0363617017865181,0.023347238078713417,0.03256992623209953,0.016019215807318687,-0.0024111869279295206,0.0017388327978551388,-0.0020193089731037617,0.0004335756821092218,-0.0011109464103356004,0.0009606127860024571,-0.004004578106105328,0.002382619073614478,-0.0007272340008057654,0.004669447895139456,0.006513985339552164,0.003203843254595995,-0.0004822374030482024,0.13670454919338226,-0.1591276228427887,0.13971741497516632,-0.15518197417259216,0.13734939694404602,0.14576455950737,0.1369064599275589,0.14853593707084656,0.134965717792511,-0.15710830688476562,0.13928383588790894,-0.15407103300094604,0.13638877868652344,0.1497691422700882,0.13452383875846863,0.1492631733417511,-0.0016772589879110456,-0.013852698728442192,0.019468417391180992,-0.017904143780469894,-0.0474177822470665,0.012228554114699364,-0.049882590770721436,0.04951764643192291,0.30466946959495544,0.3065139949321747,0.30320385098457336,0.29951778054237366,0.0,0.0,1.0,0.0,-0.0,1.0,-0.0,-0.9999998807907104,0.30000001192092896,0.30000001192092896,0.30000001192092896,0.30000001192092896
3.1,0,0.05384550988674164,-0.02532762661576271,0.00645466847345233,0.2807684540748596,1.0,0.3208424150943756,-0.019064679741859436,0.004102941136807203,1,1,1,1,11.519195556640625,3.3062903881073,3.078371047973633,10.568221092224121,11.519195556640625,3.3062903881073,3.078371047973633,10.568221092224121,0,0,0,0,0,0.9999991655349731,0.07989029586315155,-0.3184271454811096,0.07873252779245377,-0.3175768256187439,0.30782559514045715,0.04960072785615921,0.30843761563301086,0.04997069388628006,-0.2535761892795563,0.04920664802193642,-0.25430622696876526,0.04982489347457886,0.0,0.0,0.0,0.0,0.0,0.0,0.12977220118045807,-0.09637349098920822,0.022714242339134216,-0.03769499808549881,0.06504500657320023,-0.20883281528949738,0.15476113557815552,-0.0406089685857296,0.007548985071480274,0.02053908072412014,0.02785496599972248,0.013322296552360058,0.11855464428663254,-0.09781013429164886,0.027319010347127914,-0.050924401730298996,0.06308961659669876,-0.20066121220588684,0.1574515700340271,-0.039467036724090576,0.015787776559591293,0.029079465195536613,0.021060103550553322,0.0009497715509496629,0.001778319594450295,-0.001956202555447817,0.0004097851342521608,-0.0010184879647567868,0.000946344225667417,-0.00401322403922677,0.0023617735132575035,-0.0007893407018855214,0.0031575553584843874,0.005815892945975065,0.004212020896375179,0.00018995431310031563,0.13674403727054596,-0.15906451642513275,0.13969361782073975,-0.15508952736854553,0.13733512163162231,0.14575591683387756,0.1368856132030487,0.1484738290309906,0.134965717792511,-0.15710830688476562,0.13928383588790894,-0.15407103300094604,0.13638877868652344,0.1497691422700882,0.13452383875846863,0.1492631733417511,-0.0016772589879110456,-0.013852698728442192,0.019468417391180992,-0.017904143780469894,-0.0474177822470665,0.012228554114699364,-0.049882590770721436,0.04951764643192291,0.3031575679779053,0.3058159053325653,0.3042120337486267,0.3001899719238281,0.0,0.0,1.0,0.0,-0.0,1.0,-0.0,-0.9999998807907104,0.30000001192092896,0.30000001192092896,0.30000001192092896,0.30000001192092896
3.15,0,0.0546906404197216,-0.025393247604370117,0.0068609630689024925,0.2807767689228058,1.0,0.3144508898258209,-0.019329864531755447,0.0039968169294297695,1,1,1,1,11.37979507446289,3.5431132316589355,3.3201797008514404,10.319628715515137,11.37979507446289,3.5431132316589355,3.3201797008514404,10.319628715515137,0,0,0,0,0,0.9999991655349731,0.0798899233341217,-0.31842759251594543,0.0787288248538971,-0.3175804316997528,0.30865222215652466,0.04948943853378296,0.30928534269332886,0.04991190880537033,-0.25272589921951294,0.04906513914465904,-0.2534770667552948,0.04973490908741951,0.0,0.0,0.0,0.0,0.0,0.0,0.12550042569637299,-0.09509342908859253,0.022655263543128967,-0.03757508099079132,0.06768612563610077,-0.20249660313129425,0.15411676466464996,-0.038041114807128906,0.011985141783952713,0.024193843826651573,0.023882921785116196,0.008736835792660713,0.1191224530339241,-0.0987134501338005,0.02765766903758049,-0.05343346297740936,0.06065312772989273,-0.20173798501491547,0.15682260692119598,-0.03870164602994919,0.013777428306639194,0.026118019595742226,0.02030360884964466,0.0011002582032233477,0.0017868367722257972,-0.001974269049242139,0.0004148650332354009,-0.0010686692548915744,0.000909796915948391,-0.004034759476780891,0.002352338982746005,-0.0007740329019725323,0.0027554857078939676,0.005223603919148445,0.004060721956193447,0.00022005164646543562,0.13675256073474884,-0.1590825766324997,0.13969869911670685,-0.15513969957828522,0.1372985690832138,0.14573438465595245,0.136876180768013,0.14848914742469788,0.134965717792511,-0.15710830688476562,0.13928383588790894,-0.15407103300094604,0.13638877868652344,0.1497691422700882,0.13452383875846863,0.1492631733417511,-0.0016772589879110456,-0.013852698728442192,0.019468417391180992,-0.017904143780469894,-0.0474177822470665,0.012228554114699364,-0.049882590770721436,0.04951764643192291,0.3027555048465729,0.30522361397743225,0.3040607273578644,0.3002200722694397,0.0,0.0,1.0,0.0,-0.0,1.0,-0.0,-0.9999998807907104,0.30000001192092896,0.30000001192092896,0.30000001192092896,0.30000001192092896
3.2,0,0.055603884160518646,-0.02547840215265751,0.004700459074229002,0.2807978093624115,1.0,0.31433165073394775,-0.021545644849538803,0.00390989612787962,1,1,1,1,10.707049369812012,4.036248207092285,3.239051580429077,9.827579498291016,10.707049369812012,4.036248207092285,3.239051580429077,9.827579498291016,0,0,0,0,0,0.9999991655349731,0.07989097386598587,-0.31842702627182007,0.07872521132230759,-0.3175835609436035,0.3095133900642395,0.049357593059539795,0.3102092146873474,0.04984151944518089,-0.2517944574356079,0.04891248419880867,-0.2526189088821411,0.049628447741270065,0.0,0.0,0.0,0.0,0.0,0.0,0.12861254811286926,-0.0939553901553154,0.02162540704011917,-0.03680549934506416,0.05948173627257347,-0.2069074958562851,0.14899291098117828,-0.040959589183330536,0.0021844464354217052,0.014640404842793941,0.029662542045116425,0.016998032107949257,0.11957988142967224,-0.09815310686826706,0.02705896645784378,-0.053070005029439926,0.05922441557049751,-0.2025517374277115,0.15591637790203094,-0.039496973156929016,0.011810642667114735,0.024604089558124542,0.021652057766914368,0.00253274105489254,0.0017936981748789549,-0.0019630619790405035,0.00040588449337519705,-0.001061400049366057,0.0008883661939762533,-0.004051034804433584,0.002338745631277561,-0.0007899394258856773,0.0023621285799890757,0.0049208179116249084,0.0043304115533828735,0.000506548210978508,0.136759415268898,-0.15907137095928192,0.13968971371650696,-0.15513242781162262,0.13727714121341705,0.14571811258792877,0.1368625909090042,0.14847323298454285,0.134965717792511,-0.15710830688476562,0.13928383588790894,-0.15407103300094604,0.13638877868652344,0.1497691422700882,0.13452383875846863,0.1492631733417511,-0.0016772589879110456,-0.013852698728442192,0.019468417391180992,-0.017904143780469894,-0.0474177822470665,0.012228554114699364,-0.049882590770721436,0.04951764643192291,0.3023621439933777,0.30492082238197327,0.30433040857315063,0.3005065619945526,0.0,0.0,1.0,0.0,-0.0,1.0,-0.0,-0.9999998807907104,0.30000001192092896,0.30000001192092896,0.30000001192092896,0.30000001192092896
3.25,0,0.05654015392065048,-0.025544600561261177,0.007084432058036327,0.2808113694190979,1.0,0.32260650396347046,-0.018138255923986435,0.0038230782374739647,1,1,1,1,11.3631010055542,3.6920664310455322,3.4185523986816406,10.366453170776367,11.3631010055542,3.6920664310455322,3.4185523986816406,10.366453170776367,0,0,0,0,0,0.9999991655349731,0.079889677464962,-0.3184288442134857,0.07872433215379715,-0.31758400797843933,0.31038957834243774,0.049208275973796844,0.31114712357521057,0.04975912347435951,-0.25085312128067017,0.0487452857196331,-0.2517402470111847,0.0495009683072567,0.0,0.0,0.0,0.0,0.0,0.0,0.13182681798934937,-0.09659529477357864,0.023418419063091278,-0.039773136377334595,0.06380845606327057,-0.20982250571250916,0.15577638149261475,-0.040302496403455734,0.0046445457264781,0.018014393746852875,0.027523990720510483,0.012018092907965183,0.1192966029047966,-0.09745708853006363,0.02666545659303665,-0.051917992532253265,0.06166062131524086,-0.20129790902137756,0.15698593854904175,-0.039346665143966675,0.012770355679094791,0.02620523050427437,0.021770663559436798,0.0015042801387608051,0.0017894490156322718,-0.0019491417333483696,0.00039998182910494506,-0.001038359827362001,0.0009249093127436936,-0.004025958012789488,0.0023547890596091747,-0.0007869332912378013,0.0025540711358189583,0.005241046193987131,0.004354132805019617,0.0003008560452144593,0.13675516843795776,-0.15905745327472687,0.1396838128566742,-0.15510939061641693,0.13731369376182556,0.14574319124221802,0.1368786245584488,0.148476243019104,0.134965717792511,-0.15710830688476562,0.13928383588790894,-0.15407103300094604,0.13638877868652344,0.1497691422700882,0.13452383875846863,0.1492631733417511,-0.0016772589879110456,-0.013852698728442192,0.019468417391180992,-0.017904143780469894,-0.0474177822470665,0.012228554114699364,-0.049882590770721436,0.04951764643192291,0.30255407094955444,0.30524104833602905,0.30435413122177124,0.30030086636543274,0.0,0.0,1.0,0.0,-0.0,1.0,-0.0,-0.9999998807907104,0.30000001192092896,0.30000001192092896,0.30000001192092896,0.30000001192092896
3.3,0,0.05724194645881653,-0.02557760663330555,0.015420708805322647,0.28085505962371826,1.0,0.31085625290870667,-0.01638641580939293,0.004283321090042591,1,1,1,1,11.117273330688477,3.427779197692871,3.399420976638794,10.855293273925781,11.117273330688477,3.427779197692871,3.399420976638794,10.855293273925781,0,0,0,0,0,0.9999992251396179,0.07986357063055038,-0.31845593452453613,0.07869911938905716,-0.31760990619659424,0.31105533242225647,0.04925740137696266,0.3119036853313446,0.04967708885669708,-0.25006356835365295,0.04872756823897362,-0.2509324252605438,0.04937942698597908,0.0,0.0,0.0,0.0,0.0,0.0,0.1278110146522522,-0.09396940469741821,0.02215476892888546,-0.040210139006376266,0.05679184943437576,-0.20376349985599518,0.14919912815093994,-0.035967275500297546,0.0027101377490907907,0.01368216797709465,0.025821544229984283,0.01406487450003624,0.11949916183948517,-0.09674962610006332,0.024794073775410652,-0.05107538774609566,0.05808638036251068,-0.20458762347698212,0.15401799976825714,-0.041501082479953766,0.010567620396614075,0.023821502923965454,0.024597017094492912,0.00613133842125535,0.001792487339116633,-0.0019349924987182021,0.00037191109731793404,-0.0010215077782049775,0.0008712956914678216,-0.004091752227395773,0.0023102699778974056,-0.0008300216286443174,0.0021135241258889437,0.004764300771057606,0.004919403698295355,0.0012262676609680057,0.1367582082748413,-0.1590432971715927,0.13965575397014618,-0.1550925374031067,0.1372600793838501,0.145677387714386,0.13683411478996277,0.1484331488609314,0.134965717792511,-0.15710830688476562,0.13928383588790894,-0.15407103300094604,0.13638877868652344,0.1497691422700882,0.13452383875846863,0.1492631733417511,-0.0016772589879110456,-0.013852698728442192,0.019468417391180992,-0.017904143780469894,-0.0474177822470665,0.012228554114699364,-0.049882590770721436,0.04951764643192291,0.30211353302001953,0.3047643005847931,0.30491942167282104,0.30122628808021545,0.0,0.0,1.0,0.0,-0.0,1.0,-0.0,-0.9999998807907104,0.30000001192092896,0.30000001192092896,0.30000001192092896,0.30000001192092896
3.35,0,0.05795743316411972,-0.02559507079422474,0.014763056300580502,0.2809026539325714,1.0,0.3125055134296417,-0.018628962337970734,0.004871421959251165,1,1,1,1,10.962809562683105,3.6021687984466553,3.469784736633301,10.65158462524414,10.962809562683105,3.6021687984466553,3.469784736633301,10.65158462524414,0,0,0,0,0,0.9999992847442627,0.07983147352933884,-0.3184891939163208,0.07867628335952759,-0.3176334798336029,0.3117124140262604,0.049350135028362274,0.3126727044582367,0.049587104469537735,-0.2492932230234146,0.04880141466856003,-0.25012674927711487,0.04924824833869934,0.0,0.0,0.0,0.0,0.0,0.0,0.12881405651569366,-0.09463932365179062,0.02421675994992256,-0.04018797352910042,0.061681099236011505,-0.20123939216136932,0.15314872562885284,-0.03480084240436554,0.005082365125417709,0.017311392351984978,0.0232260599732399,0.008721546269953251,0.1191384494304657,-0.09950103610754013,0.03173641487956047,-0.0538291409611702,0.06735716015100479,-0.19615353643894196,0.162804514169693,-0.03350707143545151,0.021010365337133408,0.03288399800658226,0.014255671761929989,-0.0074454001151025295,0.0017870767042040825,-0.001990020740777254,0.00047604620340280235,-0.001076582819223404,0.0010103574022650719,-0.00392307061702013,0.0024420677218586206,-0.0006701414240524173,0.004202072974294424,0.006576799787580967,0.0028511343989521265,-0.001489080023020506,0.13675279915332794,-0.1590983271598816,0.1397598832845688,-0.15514761209487915,0.13739913702011108,0.14584606885910034,0.13696590065956116,0.14859303832054138,0.134965717792511,-0.15710830688476562,0.13928383588790894,-0.15407103300094604,0.13638877868652344,0.1497691422700882,0.13452383875846863,0.1492631733417511,-0.0016772589879110456,-0.013852698728442192,0.019468417391180992,-0.017904143780469894,-0.0474177822470665,0.012228554114699364,-0.049882590770721436,0.04951764643192291,0.3042020797729492,0.30657681822776794,0.302851140499115,0.29851093888282776,0.0,0.0,1.0,0.0,-0.0,1.0,-0.0,-0.9999998807907104,0.30000001192092896,0.30000001192092896,0.30000001192092896,0.30000001192092896
3.4,0,0.05871687829494476,-0.02560526318848133,0.012148856185376644,0.28093191981315613,1.0,0.3139055073261261,-0.020503338426351547,0.005470799282193184,1,1,1,1,10.538543701171875,3.9739186763763428,3.570533514022827,10.236681938171387,10.538543701171875,3.9739186763763428,3.570533514022827,10.236681938171387,0,0,0,0,0,0.9999992251396179,0.07979878038167953,-0.31852298974990845,0.07864061743021011,-0.31766945123672485,0.31239259243011475,0.04943620413541794,0.31346625089645386,0.049483682960271835,-0.24846898019313812,0.048862673342227936,-0.24930058419704437,0.0491003692150116,0.0,0.0,0.0,0.0,0.0,0.0,0.12960422039031982,-0.09558991342782974,0.025073599070310593,-0.041917990893125534,0.0626310184597969,-0.20126694440841675,0.15432262420654297,-0.03387007489800453,0.00560413021594286,0.017043214291334152,0.02133413963019848,0.006743691861629486,0.11789431422948837,-0.09852965176105499,0.030257951468229294,-0.05312089994549751,0.0662064254283905,-0.1957705020904541,0.1598237156867981,-0.03349032625555992,0.020009759813547134,0.03141364827752113,0.015278561972081661,-0.005009972490370274,0.0017684146296232939,-0.001970592886209488,0.000453869259217754,-0.0010624179849401116,0.0009930963860824704,-0.0039154100231826305,0.0023973556235432625,-0.0006698064971715212,0.004001952242106199,0.006282729562371969,0.003055712440982461,-0.0010019944747909904,0.13673412799835205,-0.15907889604568481,0.13973771035671234,-0.155133455991745,0.1373818814754486,0.14585372805595398,0.13692119717597961,0.14859336614608765,0.134965717792511,-0.15710830688476562,0.13928383588790894,-0.15407103300094604,0.13638877868652344,0.1497691422700882,0.13452383875846863,0.1492631733417511,-0.0016772589879110456,-0.013852698728442192,0.019468417391180992,-0.017904143780469894,-0.0474177822470665,0.012228554114699364,-0.049882590770721436,0.04951764643192291,0.30400195717811584,0.30628272891044617,0.3030557334423065,0.29899802803993225,0.0,0.0,1.0,0.0,-0.0,1.0,-0.0,-0.9999998807907104,0.30000001192092896,0.30000001192092896,0.30000001192092896,0.30000001192092896
3.4499999999999997,0,0.05941232293844223,-0.02552920952439308,0.01753827929496765,0.28093817830085754,1.0,0.3144100606441498,-0.019771788269281387,0.005983693525195122,1,1,1,1,11.161089897155762,2.593445301055908,2.7998363971710205,11.397262573242188,11.161089897155762,2.593445301055908,2.7998363971710205,11.397262573242188,0,0,0,0,0,0.9999991655349731,0.07976850867271423,-0.318553626537323,0.07861598581075668,-0.31769442558288574,0.3130604326725006,0.049518194049596786,0.3141794204711914,0.049368586391210556,-0.2476719319820404,0.04891310632228851,-0.24858160316944122,0.049057357013225555,0.0,0.0,0.0,0.0,0.0,0.0,0.12995506823062897,-0.09649805724620819,0.024284571409225464,-0.0437457375228405,0.058934081345796585,-0.20513376593589783,0.15007321536540985,-0.03646424040198326,0.004699519369751215,0.01398784015327692,0.02086675353348255,0.009602258913218975,0.11803349107503891,-0.09823314845561981,0.03015100583434105,-0.052725061774253845,0.06756345182657242,-0.19544467329978943,0.16056719422340393,-0.0340409092605114,0.020537544041872025,0.03226184844970703,0.015244973823428154,-0.005849623586982489,0.0017705023055896163,-0.0019646629225462675,0.0004522650851868093,-0.001054501160979271,0.0010134517215192318,-0.003908893559128046,0.0024085077457129955,-0.00068081816425547,0.004107508808374405,0.006452369969338179,0.0030489948112517595,-0.001169924740679562,0.1367362141609192,-0.15907296538352966,0.1397361010313034,-0.15512552857398987,0.1374022364616394,0.14586025476455688,0.1369323432445526,0.1485823541879654,0.134965717792511,-0.15710830688476562,0.13928383588790894,-0.15407103300094604,0.13638877868652344,0.1497691422700882,0.13452383875846863,0.1492631733417511,-0.0016772589879110456,-0.013852698728442192,0.019468417391180992,-0.017904143780469894,-0.0474177822470665,0.012228554114699364,-0.049882590770721436,0.04951764643192291,0.30410751700401306,0.3064523935317993,0.3030489981174469,0.2988300919532776,0.0,0.0,1.0,0.0,-0.0,1.0,-0.0,-0.9999998807907104,0.30000001192092896,0.30000001192092896,0.30000001192092896,0.30000001192092896
3.5,0,0.05985172837972641,-0.025346878916025162,0.007203311659395695,0.2799372673034668,1.0,0.29569554328918457,-0.01254942175000906,0.006117098964750767,1,1,1,1,13.971854209899902,0.0,0.22330479323863983,14.239286422729492,13.971854209899902,0.0,0.22330479323863983,14.239286422729492,0,0,0,0,0,0.9999992847442627,0.07974972575902939,-0.3185702860355377,0.07860390841960907,-0.3177071511745453,0.3136456310749054,0.04958689957857132,0.3145557940006256,0.04926781356334686,-0.24714741110801697,0.048949453979730606,-0.24806316196918488,0.049164820462465286,0.0,0.0,0.0,0.0,0.0,0.0,0.12414201349020004,-0.08846481144428253,0.01731882058084011,-0.035599078983068466,0.045338958501815796,-0.1983942985534668,0.13590560853481293,-0.03559989109635353,-0.007413330487906933,0.0018589285900816321,0.029566947370767593,0.023347964510321617,0.11541111767292023,-0.10126695781946182,0.03353150933980942,-0.05888037011027336,0.06613282859325409,-0.19189293682575226,0.15897482633590698,-0.030093004927039146,0.023090265691280365,0.032338663935661316,0.007374710403382778,-0.012213127687573433,0.0017311667324975133,-0.0020253390539437532,0.0005029726307839155,-0.001177607337012887,0.0009919924195855856,-0.003837858559563756,0.002384622348472476,-0.0006018601125106215,0.004618053324520588,0.006467733066529036,0.0014749420806765556,-0.0024426255840808153,0.13669688999652863,-0.159133642911911,0.13978680968284607,-0.15524864196777344,0.13738076388835907,0.14593128859996796,0.13690845668315887,0.1486613154411316,0.134965717792511,-0.15710830688476562,0.13928383588790894,-0.15407103300094604,0.13638877868652344,0.1497691422700882,0.13452383875846863,0.1492631733417511,-0.0016772589879110456,-0.013852698728442192,0.019468417391180992,-0.017904143780469894,-0.0474177822470665,0.012228554114699364,-0.049882590770721436,0.04951764643192291,0.30461806058883667,0.306467741727829,0.3014749586582184,0.29755738377571106,0.0,0.0,1.0,0.0,-0.0,1.0,-0.0,-0.9999998807907104,0.30000001192092896,0.30000001192092896,0.30000001192092896,0.30000001192092896
3.55,0,0.060303185135126114,-0.025215325877070427,0.007853439077734947,0.28004971146583557,1.0,0.3024502694606781,-0.015521176159381866,0.006067997310310602,1,1,1,1,14.37109375,0.0,0.32707679271698,14.612853050231934,14.37109375,0.0,0.32707679271698,14.612853050231934,0,0,0,0,0,0.9999992847442627,0.07974442839622498,-0.3185737133026123,0.07861404120922089,-0.3176976442337036,0.3142282962799072,0.0496506504714489,0.31492650508880615,0.049245141446590424,-0.24664510786533356,0.04898040369153023,-0.24753040075302124,0.04926801845431328,0.0,0.0,0.0,0.0,0.0,0.0,0.12543877959251404,-0.09123697876930237,0.02315949648618698,-0.04056480899453163,0.05110614001750946,-0.19826650619506836,0.1450696438550949,-0.03386242315173149,-0.002876565558835864,0.00884330365806818,0.027844376862049103,0.01612822525203228,0.11358880996704102,-0.09022719413042068,0.021746566519141197,-0.040845196694135666,0.055745724588632584,-0.19109587371349335,0.1456928849220276,-0.03588027507066727,0.008867194876074791,0.02171912230551243,0.025789961218833923,0.010747987776994705,0.0017038320656865835,-0.0018045438919216394,0.00032619849662296474,-0.0008169038919731975,0.0008361858781427145,-0.0038219173438847065,0.002185393124818802,-0.0007176054641604424,0.0017734389984980226,0.004343824461102486,0.005157992243766785,0.0021495975088328123,0.13666954636573792,-0.15891285240650177,0.13961003720760345,-0.15488792955875397,0.1372249573469162,0.14594721794128418,0.13670922815799713,0.14854556322097778,0.134965717792511,-0.15710830688476562,0.13928383588790894,-0.15407103300094604,0.13638877868652344,0.1497691422700882,0.13452383875846863,0.1492631733417511,-0.0016772589879110456,-0.013852698728442192,0.019468417391180992,-0.017904143780469894,-0.0474177822470665,0.012228554114699364,-0.049882590770721436,0.04951764643192291,0.30177345871925354,0.3043438494205475,0.30515801906585693,0.30214962363243103,0.0,0.0,1.0,0.0,-0.0,1.0,-0.0,-0.9999998807907104,0.30000001192092896,0.30000001192092896,0.30000001192092896,0.30000001192092896
3.6,0,0.06078970432281494,-0.0252445749938488,0.013192287646234035,0.280132532119751,1.0,0.3012009561061859,-0.01610850915312767,0.005896030925214291,1,1,1,1,13.9735689163208,0.0,0.438511461019516,14.652036666870117,13.9735689163208,0.0,0.438511461019516,14.652036666870117,0,0,0,0,0,0.9999994039535522,0.07974530011415482,-0.31857165694236755,0.07859287410974503,-0.31771910190582275,0.314807653427124,0.04970938339829445,0.31537696719169617,0.04932156950235367,-0.24615541100502014,0.04899143800139427,-0.24697797000408173,0.049362823367118835,0.0,0.0,0.0,0.0,0.0,0.0,0.12432900071144104,-0.08853226155042648,0.01838318258523941,-0.03451545536518097,0.04945068061351776,-0.20127864181995392,0.14049239456653595,-0.03868325799703598,-0.0034456001594662666,0.009526660665869713,0.03288659453392029,0.022802989929914474,0.11080813407897949,-0.09088008850812912,0.023419750854372978,-0.04409640654921532,0.054848652333021164,-0.18387089669704437,0.146073579788208,-0.02937130071222782,0.006050778087228537,0.017656898126006126,0.02124110981822014,0.006319351028650999,0.0016621219692751765,-0.0018176017329096794,0.00035129624302498996,-0.0008819281356409192,0.0008227297803387046,-0.0036774177569895983,0.0021911037620157003,-0.0005874260095879436,0.001210155664011836,0.0035313796252012253,0.00424822187051177,0.001263870275579393,0.13662783801555634,-0.15892590582370758,0.1396351307630539,-0.15495295822620392,0.13721150159835815,0.14609172940254211,0.13671493530273438,0.14867575466632843,0.134965717792511,-0.15710830688476562,0.13928383588790894,-0.15407103300094604,0.13638877868652344,0.1497691422700882,0.13452383875846863,0.1492631733417511,-0.0016772589879110456,-0.013852698728442192,0.019468417391180992,-0.017904143780469894,-0.0474177822470665,0.012228554114699364,-0.049882590770721436,0.04951764643192291,0.3012101650238037,0.30353137850761414,0.30424824357032776,0.30126386880874634,0.0,0.0,1.0,0.0,-0.0,1.0,-0.0,-0.9999998807907104,0.30000001192092896,0.30000001192092896,0.30000001192092896,0.30000001192092896
3.65,0,0.06135265529155731,-0.025290684774518013,0.009615873917937279,0.2801834046840668,1.0,0.30348414182662964,-0.017108988016843796,0.005727035459131002,1,1,1,1,13.85103988647461,0.0,0.32652169466018677,14.465243339538574,13.85103988647461,0.0,0.32652169466018677,14.465243339538574,0,0,0,0,0,0.9999994039535522,0.07974310219287872,-0.31857338547706604,0.07858952134847641,-0.3177226781845093,0.31542080640792847,0.04976433143019676,0.31591787934303284,0.04942052438855171,-0.24559913575649261,0.048999715596437454,-0.24640494585037231,0.049456704407930374,0.0,0.0,0.0,0.0,0.0,0.0,0.1250630021095276,-0.08888033032417297,0.018597792834043503,-0.03464311361312866,0.050982922315597534,-0.20221859216690063,0.1424439251422882,-0.039025407284498215,-0.0022496047895401716,0.011385885067284107,0.03311799466609955,0.02190360054373741,0.11608612537384033,-0.08956189453601837,0.019394181668758392,-0.03700921684503555,0.05898217856884003,-0.19558075070381165,0.1482228934764862,-0.04114660620689392,0.00833298172801733,0.025267742574214935,0.029476342722773552,0.011344163678586483,0.0017412918386980891,-0.0017912378534674644,0.00029091272153891623,-0.0007401843322440982,0.000884732638951391,-0.0039116148836910725,0.0022233433555811644,-0.0008229321101680398,0.0016665963921695948,0.0050535486079752445,0.005895268637686968,0.002268832875415683,0.13670700788497925,-0.15889954566955566,0.13957475125789642,-0.15481121838092804,0.13727350533008575,0.1458575278520584,0.13674718141555786,0.14844024181365967,0.134965717792511,-0.15710830688476562,0.13928383588790894,-0.15407103300094604,0.13638877868652344,0.1497691422700882,0.13452383875846863,0.1492631733417511,-0.0016772589879110456,-0.013852698728442192,0.019468417391180992,-0.017904143780469894,-0.0474177822470665,0.012228554114699364,-0.049882590770721436,0.04951764643192291,0.30166661739349365,0.30505356192588806,0.30589526891708374,0.3022688329219818,0.0,0.0,1.0,0.0,-0.0,1.0,-0.0,-0.9999998807907104,0.30000001192092896,0.30000001192092896,0.30000001192092896,0.30000001192092896
3.6999999999999997,0,0.06193230301141739,-0.02537478879094124,0.013632729649543762,0.2802181839942932,1.0,0.30230599641799927,-0.020129963755607605,0.005526010412722826,1,1,1,1,13.859554290771484,0.0,0.37370431423187256,14.53146743774414,13.859554290771484,0.0,0.37370431423187256,14.53146743774414,0,0,0,0,0,0.999999463558197,0.07974863052368164,-0.3185674548149109,0.07857783138751984,-0.3177343010902405,0.31603512167930603,0.04981072247028351,0.3164978325366974,0.04953808709979057,-0.245023712515831,0.048994991928339005,-0.24581415951251984,0.04954471439123154,0.0,0.0,0.0,0.0,0.0,0.0,0.12522751092910767,-0.08833301067352295,0.017415441572666168,-0.03368540108203888,0.04910345748066902,-0.20239725708961487,0.14023876190185547,-0.039509356021881104,-0.005017729476094246,0.008304852060973644,0.03427537903189659,0.02436419203877449,0.11620993167161942,-0.0912070944905281,0.021606532856822014,-0.03870830312371254,0.06353627890348434,-0.1955990195274353,0.15402834117412567,-0.03968735784292221,0.014427024871110916,0.031966518610715866,0.027278238907456398,0.006470447406172752,0.0017431488959118724,-0.0018241418292745948,0.0003240979858674109,-0.0007741660228930414,0.0009530441602692008,-0.003911980427801609,0.002310425043106079,-0.0007937471382319927,0.0028854049742221832,0.006393303629010916,0.005455648060888052,0.0012940894812345505,0.13670887053012848,-0.15893244743347168,0.13960793614387512,-0.15484519302845,0.13734182715415955,0.14585715532302856,0.1368342638015747,0.14846943318843842,0.134965717792511,-0.15710830688476562,0.13928383588790894,-0.15407103300094604,0.13638877868652344,0.1497691422700882,0.13452383875846863,0.1492631733417511,-0.0016772589879110456,-0.013852698728442192,0.019468417391180992,-0.017904143780469894,-0.0474177822470665,0.012228554114699364,-0.049882590770721436,0.04951764643192291,0.30288541316986084,0.3063933253288269,0.30545565485954285,0.30129408836364746,0.0,0.0,1.0,0.0,-0.0,1.0,-0.0,-0.9999998807907104,0.30000001192092896,0.30000001192092896,0.30000001192092896,0.30000001192092896
3.75,0,0.06255538761615753,-0.025467684492468834,0.012535522691905499,0.280236154794693,1.0,0.3024054169654846,-0.021147802472114563,0.0053199101239442825,1,1,1,1,13.820919036865234,0.0,0.37932735681533813,14.383983612060547,13.820919036865234,0.0,0.37932735681533813,14.383983612060547,0,0,0,0,0,0.9999995231628418,0.079752117395401,-0.31856387853622437,0.07858041673898697,-0.3177315592765808,0.316669225692749,0.0498504675924778,0.31712013483047485,0.04965413734316826,-0.2443988025188446,0.048979565501213074,-0.24521662294864655,0.049629099667072296,0.0,0.0,0.0,0.0,0.0,0.0,0.12523676455020905,-0.08827941864728928,0.017507120966911316,-0.034412384033203125,0.049428872764110565,-0.20194415748119354,0.1413150131702423,-0.03896496817469597,-0.0048128766939044,0.008991898968815804,0.03386460989713669,0.02274058386683464,0.11651171743869781,-0.08955396711826324,0.019364725798368454,-0.03617703542113304,0.06182136759161949,-0.19585257768630981,0.15083511173725128,-0.04084903001785278,0.010837635025382042,0.02879001758992672,0.029628660529851913,0.009789776988327503,0.0017476757057011127,-0.0017910792957991362,0.0002904708671849221,-0.000723540666513145,0.0009273205068893731,-0.00391705147922039,0.0022625266574323177,-0.0008169806096702814,0.002167527098208666,0.005758003797382116,0.00592573219910264,0.001957955537363887,0.1367134004831314,-0.15889938175678253,0.1395743042230606,-0.1547945737838745,0.13731609284877777,0.14585208892822266,0.13678637146949768,0.148446187376976,0.134965717792511,-0.15710830688476562,0.13928383588790894,-0.15407103300094604,0.13638877868652344,0.1497691422700882,0.13452383875846863,0.1492631733417511,-0.0016772589879110456,-0.013852698728442192,0.019468417391180992,-0.017904143780469894,-0.0474177822470665,0.012228554114699364,-0.049882590770721436,0.04951764643192291,0.30216753482818604,0.3057580292224884,0.30592575669288635,0.30195796489715576,0.0,0.0,1.0,0.0,-0.0,1.0,-0.0,-0.9999998807907104,0.30000001192092896,0.30000001192092896,0.30000001192092896,0.30000001192092896
3.8,0,0.0632067322731018,-0.02557039074599743,0.014773732051253319,0.2802412807941437,1.0,0.30239441990852356,-0.031996287405490875,0.005121511872857809,1,1,1,1,13.840749740600586,0.0,0.256910502910614,14.416679382324219,13.840749740600586,0.0,0.256910502910614,14.416679382324219,0,0,0,0,0,0.9999995231628418,0.0797472596168518,-0.3185688853263855,0.078581802546978,-0.3177298307418823,0.31731539964675903,0.04988125339150429,0.31777092814445496,0.04976706951856613,-0.24373340606689453,0.048951297998428345,-0.2446088194847107,0.049707379192113876,0.0,0.0,0.0,0.0,0.0,0.0,0.12613333761692047,-0.08732275664806366,0.015805033966898918,-0.03374682366847992,0.046294402331113815,-0.2035924792289734,0.13851885497570038,-0.040706053376197815,-0.009368869476020336,0.004855820909142494,0.0360565185546875,0.02588258683681488,0.11802446097135544,-0.09105847030878067,0.021217690780758858,-0.03838858753442764,0.061682138592004776,-0.19632552564144135,0.1521264612674713,-0.03896351531147957,0.01120014488697052,0.02805672585964203,0.027827979996800423,0.008767657913267612,0.0017703669145703316,-0.0018211693968623877,0.0003182653454132378,-0.0007677717367187142,0.0009252320742234588,-0.003926510456949472,0.0022818967700004578,-0.0007792703108862042,0.0022400289308279753,0.005611345171928406,0.005565596278756857,0.0017535316292196512,0.13673608005046844,-0.1589294821023941,0.13960209488868713,-0.15483880043029785,0.13731400668621063,0.14584262669086456,0.13680574297904968,0.14848390221595764,0.134965717792511,-0.15710830688476562,0.13928383588790894,-0.15407103300094604,0.13638877868652344,0.1497691422700882,0.13452383875846863,0.1492631733417511,-0.0016772589879110456,-0.013852698728442192,0.019468417391180992,-0.017904143780469894,-0.0474177822470665,0.012228554114699364,-0.049882590770721436,0.04951764643192291,0.3022400438785553,0.30561137199401855,0.30556559562683105,0.30175355076789856,0.0,0.0,1.0,0.0,-0.0,1.0,-0.0,-0.9999998807907104,0.30000001192092896,0.30000001192092896,0.30000001192092896,0.30000001192092896
3.85,0,0.06391263753175735,-0.02568187192082405,0.013371394947171211,0.2802189588546753,1.0,0.3095290958881378,-0.019288431853055954,0.004926616791635752,1,1,1,1,13.848673820495605,0.0,0.36354634165763855,14.390599250793457,13.848673820495605,0.0,0.36354634165763855,14.390599250793457,0,0,0,0,0,0.9999995231628418,0.07975839078426361,-0.3185579478740692,0.07856478542089462,-0.3177463114261627,0.31799283623695374,0.049902454018592834,0.3184981346130371,0.04988313838839531,-0.24301579594612122,0.04891303554177284,-0.2439541220664978,0.04978177323937416,0.0,0.0,0.0,0.0,0.0,0.0,0.1281830072402954,-0.08908341825008392,0.017353972420096397,-0.03465941548347473,0.05092611908912659,-0.20666439831256866,0.14426296949386597,-0.04274700954556465,-0.0061104088090360165,0.009292508475482464,0.036396224051713943,0.023408589884638786,0.10664371401071548,-0.0872817263007164,0.012514865025877953,-0.03440093249082565,0.06671325862407684,-0.19430114328861237,0.13660098612308502,-0.04659891873598099,0.026269033551216125,0.04099287837743759,0.028733283281326294,0.015375670976936817,0.001599655719473958,-0.0017456344794481993,0.00018772296607494354,-0.0006880186265334487,0.0010006988886743784,-0.00388602283783257,0.0020490146707743406,-0.0009319783421233296,0.005253806710243225,0.008198576048016548,0.005746656563133001,0.003075134241953492,0.13656537234783173,-0.1588539481163025,0.13947156071662903,-0.15475904941558838,0.13738948106765747,0.14588311314582825,0.13657285273075104,0.1483311951160431,0.134965717792511,-0.15710830688476562,0.13928383588790894,-0.15407103300094604,0.13638877868652344,0.1497691422700882,0.13452383875846863,0.1492631733417511,-0.0016772589879110456,-0.013852698728442192,0.019468417391180992,-0.017904143780469894,-0.0474177822470665,0.012228554114699364,-0.049882590770721436,0.04951764643192291,0.305253803730011,0.30819860100746155,0.3057466745376587,0.3030751347541809,0.0,0.0,1.0,0.0,-0.0,1.0,-0.0,-0.9999998807907104,0.30000001192092896,0.30000001192092896,0.30000001192092896,0.30000001192092896
3.9,0,0.0645611435174942,-0.025796521455049515,0.011601810343563557,0.28023141622543335,1.0,0.3013377785682678,-0.029224909842014313,0.004691545385867357,1,1,1,1,13.846004486083984,0.0,0.16469627618789673,14.484207153320312,13.846004486083984,0.0,0.16469627618789673,14.484207153320312,0,0,0,0,0,0.9999995827674866,0.07976540178060532,-0.3185510039329529,0.07857146859169006,-0.3177392780780792,0.318645179271698,0.049915194511413574,0.31914931535720825,0.04999120533466339,-0.2423621118068695,0.048863545060157776,-0.243330717086792,0.04984268918633461,0.0,0.0,0.0,0.0,0.0,0.0,0.12656334042549133,-0.08656638860702515,0.014797034673392773,-0.0329899862408638,0.04424670338630676,-0.20377811789512634,0.1361449807882309,-0.04099860042333603,-0.01235108356922865,0.0013281997526064515,0.03676197677850723,0.02792421355843544,0.1180000826716423,-0.08886323124170303,0.018332503736019135,-0.036514293402433395,0.05947341024875641,-0.19901828467845917,0.15046648681163788,-0.04325612634420395,0.007856298238039017,0.02700887620449066,0.03259231895208359,0.012154891155660152,0.0017700012540444732,-0.0017772646388038993,0.0002749875420704484,-0.0007302858284674585,0.0008921011467464268,-0.003980365581810474,0.002256997162476182,-0.0008651225361973047,0.001571259694173932,0.005401775240898132,0.00651846406981349,0.0024309782311320305,0.1367357224225998,-0.15888556838035583,0.1395588219165802,-0.15480132400989532,0.1372808814048767,0.14578877389431,0.13678084313869476,0.14839805662631989,0.134965717792511,-0.15710830688476562,0.13928383588790894,-0.15407103300094604,0.13638877868652344,0.1497691422700882,0.13452383875846863,0.1492631733417511,-0.0016772589879110456,-0.013852698728442192,0.019468417391180992,-0.017904143780469894,-0.0474177822470665,0.012228554114699364,-0.049882590770721436,0.04951764643192291,0.3015712797641754,0.3054018020629883,0.30651846528053284,0.30243098735809326,0.0,0.0,1.0,0.0,-0.0,1.0,-0.0,-0.9999998807907104,0.30000001192092896,0.30000001192092896,0.30000001192092896,0.30000001192092896
3.9499999999999997,0,0.06534229964017868,-0.025940971449017525,0.006948754191398621,0.28017377853393555,1.0,0.31159332394599915,-0.016849905252456665,0.004477470647543669,1,1,1,1,13.967216491699219,0.0,0.11640556156635284,14.2930326461792,13.967216491699219,0.0,0.11640556156635284,14.2930326461792,0,0,0,0,0,0.9999995231628418,0.07977227866649628,-0.31854453682899475,0.0785563737154007,-0.31775376200675964,0.3193526566028595,0.049917615950107574,0.31994619965553284,0.05009317398071289,-0.2415769100189209,0.04880262166261673,-0.2426430732011795,0.04990379139780998,0.0,0.0,0.0,0.0,0.0,0.0,0.12931394577026367,-0.08940000087022781,0.017125466838479042,-0.03482697531580925,0.05035784840583801,-0.20914553105831146,0.14367058873176575,-0.04319771006703377,-0.005996751599013805,0.00834095198661089,0.036828815937042236,0.02495633438229561,0.10885532200336456,-0.08630590885877609,0.012378297746181488,-0.033189576119184494,0.06612373888492584,-0.19681377708911896,0.1388288140296936,-0.04919331148266792,0.023849422112107277,0.04104197025299072,0.03194333240389824,0.016087602823972702,0.0016328297788277268,-0.0017261181492358446,0.00018567446386441588,-0.0006637914921157062,0.0009918560972437263,-0.003936275374144316,0.0020824321545660496,-0.0009838661644607782,0.004769884515553713,0.008208394050598145,0.006388666573911905,0.003217520657926798,0.13659854233264923,-0.15883442759513855,0.13946950435638428,-0.15473482012748718,0.13738062977790833,0.1458328664302826,0.13660627603530884,0.1482793092727661,0.134965717792511,-0.15710830688476562,0.13928383588790894,-0.15407103300094604,0.13638877868652344,0.1497691422700882,0.13452383875846863,0.1492631733417511,-0.0016772589879110456,-0.013852698728442192,0.019468417391180992,-0.017904143780469894,-0.0474177822470665,0.012228554114699364,-0.049882590770721436,0.04951764643192291,0.304769903421402,0.3082084059715271,0.3063886761665344,0.3032175302505493,0.0,0.0,1.0,0.0,-0.0,1.0,-0.0,-0.9999998807907104,0.30000001192092896,0.30000001192092896,0.30000001192092896,0.30000001192092896
4.0,0,0.0659695565700531,-0.026111317798495293,-0.002570304786786437,0.280219167470932,1.0,0.3044002652168274,-0.019481809809803963,0.004094806499779224,1,1,1,1,14.082444190979004,0.0,0.7911221385002136,14.135443687438965,14.082444190979004,0.0,0.7911221385002136,14.135443687438965,0,0,0,0,0,0.9999995827674866,0.07977307587862015,-0.3185434341430664,0.07857552170753479,-0.31773409247398376,0.3200109302997589,0.049944739788770676,0.32055896520614624,0.05024737864732742,-0.24096007645130157,0.04873033985495567,-0.24201983213424683,0.04995613172650337,0.0,0.0,0.0,0.0,0.0,0.0,0.12748585641384125,-0.08674801141023636,0.015306858345866203,-0.03387463465332985,0.044387176632881165,-0.20591729879379272,0.13787516951560974,-0.04272306337952614,-0.010967444628477097,0.0030446124728769064,0.03742662072181702,0.02761499024927616,0.11815919727087021,-0.0904841274023056,0.02078593708574772,-0.04009847715497017,0.05864192172884941,-0.19781465828418732,0.15161949396133423,-0.040244802832603455,0.008747083134949207,0.02585490234196186,0.029495520517230034,0.010088497772812843,0.0017723878845572472,-0.0018096824642270803,0.0003117890446446836,-0.0008019695524126291,0.0008796288166195154,-0.003956293221563101,0.0022742922883480787,-0.0008048960589803755,0.0017494166968390346,0.005170980468392372,0.005899104289710522,0.002017699647694826,0.1367381066083908,-0.15891799330711365,0.139595627784729,-0.15487299859523773,0.13726840913295746,0.14581285417079926,0.13679812848567963,0.14845827221870422,0.134965717792511,-0.15710830688476562,0.13928383588790894,-0.15407103300094604,0.13638877868652344,0.1497691422700882,0.13452383875846863,0.1492631733417511,-0.0016772589879110456,-0.013852698728442192,0.019468417391180992,-0.017904143780469894,-0.0474177822470665,0.012228554114699364,-0.049882590770721436,0.04951764643192291,0.30174943804740906,0.3051709830760956,0.30589911341667175,0.3020177185535431,0.0,0.0,1.0,0.0,-0.0,1.0,-0.0,-0.9999998807907104,0.30000001192092896,0.30000001192092896,0.30000001192092896,0.30000001192092896
4.05,0,0.06659365445375443,-0.02587263099849224,0.012549988925457,0.280235230922699,1.0,0.3085837960243225,-0.01819566823542118,0.0041823661886155605,1,1,1,1,14.442741394042969,0.0,0.5854873061180115,14.094048500061035,14.442741394042969,0.0,0.5854873061180115,14.094048500061035,0,0,0,0,0,0.9999995827674866,0.07975107431411743,-0.3185651898384094,0.07860279828310013,-0.3177071213722229,0.32065683603286743,0.049967583268880844,0.32114821672439575,0.050188370048999786,-0.2403871864080429,0.04889833927154541,-0.2413746565580368,0.0499936081469059,0.0,0.0,0.0,0.0,0.0,0.0,0.12926895916461945,-0.09228701889514923,0.025641750544309616,-0.04423179477453232,0.051240403205156326,-0.19987329840660095,0.15067245066165924,-0.03332426771521568,-0.004920213017612696,0.008349710144102573,0.027587082237005234,0.011834932491183281,0.116558738052845,-0.08758864551782608,0.019820572808384895,-0.03673264756798744,0.057191673666238785,-0.1916125863790512,0.15113544464111328,-0.03743262216448784,0.003735177917405963,0.022958673536777496,0.03168075159192085,0.010453379712998867,0.0017483810661360621,-0.0017517728265374899,0.00029730857932008803,-0.0007346529164351523,0.0008578751003369689,-0.0038322515320032835,0.0022670316975563765,-0.0007486524409614503,0.000747035606764257,0.004591734614223242,0.006336150225251913,0.002090675989165902,0.13671410083770752,-0.15886007249355316,0.13958114385604858,-0.15480569005012512,0.13724665343761444,0.14593689143657684,0.13679087162017822,0.148514524102211,0.134965717792511,-0.15710830688476562,0.13928383588790894,-0.15407103300094604,0.13638877868652344,0.1497691422700882,0.13452383875846863,0.1492631733417511,-0.0016772589879110456,-0.013852698728442192,0.019468417391180992,-0.017904143780469894,-0.0474177822470665,0.012228554114699364,-0.049882590770721436,0.04951764643192291,0.3007470369338989,0.30459174513816833,0.3063361644744873,0.30209067463874817,0.0,0.0,1.0,0.0,-0.0,1.0,-0.0,-0.9999998807907104,0.30000001192092896,0.30000001192092896,0.30000001192092896,0.30000001192092896
4.1,0,0.0672057718038559,-0.025622539222240448,0.013302925042808056,0.28024837374687195,1.0,0.30396783351898193,-0.020180296152830124,0.004362854175269604,1,1,1,1,14.51204776763916,0.0,0.565163254737854,14.169023513793945,14.51204776763916,0.0,0.565163254737854,14.169023513793945,0,0,0,0,0,0.9999995231628418,0.07972659170627594,-0.3185891807079315,0.07858628034591675,-0.3177241384983063,0.3212975561618805,0.049979306757450104,0.32173630595207214,0.05009562149643898,-0.23982158303260803,0.0490511991083622,-0.240729421377182,0.0500311516225338,0.0,0.0,0.0,0.0,0.0,0.0,0.12673503160476685,-0.0897229015827179,0.02261360175907612,-0.040550362318754196,0.05104627460241318,-0.19874277710914612,0.14690175652503967,-0.03479931131005287,-0.005002439022064209,0.00910226535052061,0.02991618774831295,0.015178762376308441,0.11233875900506973,-0.08980876952409744,0.024574199691414833,-0.04588409513235092,0.05534130334854126,-0.18247254192829132,0.14841492474079132,-0.02818956784904003,0.004966800566762686,0.01790791004896164,0.020829590037465096,0.002849097829312086,0.0016850813990458846,-0.0017961753765121102,0.00036861299304291606,-0.000917681900318712,0.0008301195339299738,-0.0036494508385658264,0.00222622393630445,-0.0005637913709506392,0.0009933601832017303,0.0035815821029245853,0.0041659181006252766,0.0005698195891454816,0.13665080070495605,-0.15890447795391083,0.13965244591236115,-0.15498872101306915,0.1372188925743103,0.14611968398094177,0.13675005733966827,0.14869938790798187,0.134965717792511,-0.15710830688476562,0.13928383588790894,-0.15407103300094604,0.13638877868652344,0.1497691422700882,0.13452383875846863,0.1492631733417511,-0.0016772589879110456,-0.013852698728442192,0.019468417391180992,-0.017904143780469894,-0.0474177822470665,0.012228554114699364,-0.049882590770721436,0.04951764643192291,0.3009933829307556,0.3035815954208374,0.30416592955589294,0.3005698323249817,0.0,0.0,1.0,0.0,-0.0,1.0,-0.0,-0.9999998807907104,0.30000001192092896,0.30000001192092896,0.30000001192092896,0.30000001192092896
4.15,0,0.06784498691558838,-0.025438735261559486,0.018102729693055153,0.28025221824645996,1.0,0.3047071099281311,-0.02035936340689659,0.004458986222743988,1,1,1,1,13.274590492248535,0.20959734916687012,1.613407015800476,12.577136993408203,13.274590492248535,0.20959734916687012,1.613407015800476,12.577136993408203,0,0,0,0,0,0.999999463558197,0.07971342653036118,-0.31860238313674927,0.07858330756425858,-0.3177274465560913,0.3219483494758606,0.04998008906841278,0.32237696647644043,0.05006203055381775,-0.2392609715461731,0.04919891431927681,-0.24007567763328552,0.05005662143230438,0.0,0.0,0.0,0.0,0.0,0.0,0.12623241543769836,-0.08943120390176773,0.02229119837284088,-0.03943701088428497,0.053965143859386444,-0.19887018203735352,0.14798128604888916,-0.03569856658577919,-0.0007001106860116124,0.013203085400164127,0.029361024498939514,0.013797523453831673,0.11394604295492172,-0.09007211029529572,0.024290867149829865,-0.04585195705294609,0.055188924074172974,-0.18307368457317352,0.1479855179786682,-0.028317730873823166,0.002692206297069788,0.015123626217246056,0.020275220274925232,0.0025633478071540594,0.0017091906629502773,-0.0018014421220868826,0.0003643629897851497,-0.0009170391131192446,0.0008278338355012238,-0.0036614735145121813,0.0022197826765477657,-0.0005663546035066247,0.0005384412943385541,0.003024725243449211,0.004055044148117304,0.0005126695614308119,0.1366749107837677,-0.15890975296497345,0.1396481990814209,-0.15498806536197662,0.13721661269664764,0.14610767364501953,0.13674362003803253,0.14869682490825653,0.134965717792511,-0.15710830688476562,0.13928383588790894,-0.15407103300094604,0.13638877868652344,0.1497691422700882,0.13452383875846863,0.1492631733417511,-0.0016772589879110456,-0.013852698728442192,0.019468417391180992,-0.017904143780469894,-0.0474177822470665,0.012228554114699364,-0.049882590770721436,0.04951764643192291,0.30053845047950745,0.3030247390270233,0.3040550649166107,0.3005126714706421,0.0,0.0,1.0,0.0,-0.0,1.0,-0.0,-0.9999998807907104,0.30000001192092896,0.30000001192092896,0.30000001192092896,0.30000001192092896
4.2,0,0.068539559841156,-0.025302888825535774,0.024698520079255104,0.2806851267814636,1.0,0.3045768439769745,-0.01953064650297165,0.004492844454944134,1,1,1,1,10.62024211883545,3.5767269134521484,4.152835369110107,10.42277717590332,10.62024211883545,3.5767269134521484,4.152835369110107,10.42277717590332,0,0,0,0,0,0.9999994039535522,0.07970389723777771,-0.31861212849617004,0.0785733312368393,-0.31773728132247925,0.32263800501823425,0.0499718151986599,0.3230802118778229,0.05008188635110855,-0.23862487077713013,0.049329183995723724,-0.2394038438796997,0.050071533769369125,0.0,0.0,0.0,0.0,0.0,0.0,0.12625333666801453,-0.0887400284409523,0.021516721695661545,-0.037696756422519684,0.056547489017248154,-0.19806814193725586,0.14856040477752686,-0.03607301041483879,-0.00027645169757306576,0.014871031045913696,0.02959471195936203,0.013084416277706623,0.11498548090457916,-0.09231188893318176,0.028249746188521385,-0.05436849221587181,0.05549110099673271,-0.18253718316555023,0.15280035138130188,-0.026186956092715263,0.004095822107046843,0.014634078368544579,0.01773075759410858,-0.002588115632534027,0.0017247821670025587,-0.0018462376901879907,0.00042374618351459503,-0.0010873698629438877,0.0008323665242642164,-0.0036507435142993927,0.0022920051123946905,-0.0005237390869297087,0.0008191644446924329,0.002926815766841173,0.003546151565387845,-0.0005176231497898698,0.13669049739837646,-0.15895454585552216,0.13970758020877838,-0.1551584005355835,0.13722114264965057,0.1461184024810791,0.1368158459663391,0.14873942732810974,0.134965717792511,-0.15710830688476562,0.13928383588790894,-0.15407103300094604,0.13638877868652344,0.1497691422700882,0.13452383875846863,0.1492631733417511,-0.0016772589879110456,-0.013852698728442192,0.019468417391180992,-0.017904143780469894,-0.0474177822470665,0.012228554114699364,-0.049882590770721436,0.04951764643192291,0.30081918835639954,0.30292683839797974,0.30354616045951843,0.2994823753833771,0.0,0.0,1.0,0.0,-0.0,1.0,-0.0,-0.9999998807907104,0.30000001192092896,0.30000001192092896,0.30000001192092896,0.30000001192092896
4.25,0,0.06927992403507233,-0.02518363483250141,0.019240297377109528,0.2807033360004425,1.0,0.313547819852829,-0.0201518926769495,0.004551777616143227,1,1,1,1,10.644872665405273,3.7655985355377197,3.7460215091705322,10.157609939575195,10.644872665405273,3.7655985355377197,3.7460215091705322,10.157609939575195,0,0,0,0,0,0.9999993443489075,0.07969431579113007,-0.3186223804950714,0.07858697324991226,-0.3177233636379242,0.3233470022678375,0.049953896552324295,0.32383546233177185,0.05008738860487938,-0.23793627321720123,0.04944493994116783,-0.2387133091688156,0.050076406449079514,0.0,0.0,0.0,0.0,0.0,0.0,0.12855690717697144,-0.09133423119783401,0.022719530388712883,-0.03914804756641388,0.061716608703136444,-0.20271876454353333,0.15379340946674347,-0.038705792278051376,0.004690713249146938,0.020092934370040894,0.028558777645230293,0.009946993552148342,0.11671663075685501,-0.09594270586967468,0.030774127691984177,-0.05710668861865997,0.060807354748249054,-0.18862959742546082,0.1572398990392685,-0.029514217749238014,0.012620378285646439,0.024088701233267784,0.013768881559371948,-0.008548570796847343,0.0017507494194433093,-0.0019188540754839778,0.00046161189675331116,-0.0011421337258070707,0.0009121103212237358,-0.0037725919391959906,0.0023585984017699957,-0.0005902843549847603,0.002524075796827674,0.004817740526050329,0.002753776265308261,-0.001709714182652533,0.13671647012233734,-0.15902715921401978,0.13974544405937195,-0.1552131623029709,0.13730089366436005,0.145996555685997,0.13688243925571442,0.1486728936433792,0.134965717792511,-0.15710830688476562,0.13928383588790894,-0.15407103300094604,0.13638877868652344,0.1497691422700882,0.13452383875846863,0.1492631733417511,-0.0016772589879110456,-0.013852698728442192,0.019468417391180992,-0.017904143780469894,-0.0474177822470665,0.012228554114699364,-0.049882590770721436,0.04951764643192291,0.3025240898132324,0.3048177659511566,0.3027537763118744,0.29829031229019165,0.0,0.0,1.0,0.0,-0.0,1.0,-0.0,-0.9999998807907104,0.30000001192092896,0.30000001192092896,0.30000001192092896,0.30000001192092896
4.3,0,0.07004470378160477,-0.02506689913570881,0.02162436582148075,0.28071555495262146,1.0,0.3127938508987427,-0.021305087953805923,0.0045816246420145035,1,1,1,1,10.760225296020508,3.49461030960083,3.521465539932251,10.81336498260498,10.760225296020508,3.49461030960083,3.521465539932251,10.81336498260498,0,0,0,0,0,0.9999992847442627,0.0796886757016182,-0.3186285197734833,0.07857934385538101,-0.31773096323013306,0.3240835964679718,0.04992563650012016,0.3246157169342041,0.05008181929588318,-0.23723427951335907,0.04954982176423073,-0.2379496842622757,0.05006842687726021,0.0,0.0,0.0,0.0,0.0,0.0,0.12947487831115723,-0.09059282392263412,0.02217100001871586,-0.03894132375717163,0.060149479657411575,-0.20306184887886047,0.1523798406124115,-0.03875270485877991,0.002112113870680332,0.017711762338876724,0.029179919511079788,0.010867595672607422,0.11992226541042328,-0.09683183580636978,0.030615413561463356,-0.0575731061398983,0.06016140058636665,-0.19231927394866943,0.1588042676448822,-0.031314533203840256,0.008828009478747845,0.021251503378152847,0.015541350468993187,-0.007123266812413931,0.001798833953216672,-0.001936636632308364,0.00045923120342195034,-0.001151462085545063,0.0009024210157804191,-0.003846385283395648,0.0023820640053600073,-0.0006262906244955957,0.0017656019190326333,0.004250300582498312,0.0031082702334970236,-0.0014246533391997218,0.1367645561695099,-0.15904493629932404,0.13974305987358093,-0.15522249042987823,0.13729119300842285,0.14592275023460388,0.13690590858459473,0.14863687753677368,0.134965717792511,-0.15710830688476562,0.13928383588790894,-0.15407103300094604,0.13638877868652344,0.1497691422700882,0.13452383875846863,0.1492631733417511,-0.0016772589879110456,-0.013852698728442192,0.019468417391180992,-0.017904143780469894,-0.0474177822470665,0.012228554114699364,-0.049882590770721436,0.04951764643192291,0.3017656207084656,0.3042502999305725,0.303108274936676,0.29857537150382996,0.0,0.0,1.0,0.0,-0.0,1.0,-0.0,-0.9999998807907104,0.30000001192092896,0.30000001192092896,0.30000001192092896,0.30000001192092896
4.35,0,0.0708082914352417,-0.02493547648191452,0.02013583853840828,0.2807163596153259,1.0,0.31744781136512756,-0.022426575422286987,0.004598782863467932,1,1,1,1,10.986040115356445,3.6534337997436523,3.8237457275390625,10.605630874633789,10.986040115356445,3.6534337997436523,3.8237457275390625,10.605630874633789,0,0,0,0,0,0.9999992847442627,0.07968347519636154,-0.318634033203125,0.07857619225978851,-0.31773415207862854,0.32482460141181946,0.04988224431872368,0.32538482546806335,0.05006256327033043,-0.23652949929237366,0.049643438309431076,-0.23717057704925537,0.050050798803567886,0.0,0.0,0.0,0.0,0.0,0.0,0.13196778297424316,-0.0922505110502243,0.023006010800600052,-0.04105983301997185,0.059560131281614304,-0.2064342498779297,0.15377742052078247,-0.040041059255599976,-0.00013158493675291538,0.01571214385330677,0.02930665761232376,0.010640417225658894,0.11992197483778,-0.09442353993654251,0.026881568133831024,-0.05265573039650917,0.06046682596206665,-0.19523809850215912,0.15668652951717377,-0.03587004914879799,0.009360557422041893,0.023207414895296097,0.020026057958602905,-0.0029038158245384693,0.0017988295294344425,-0.0018884707242250443,0.00040322350105270743,-0.0010531145380809903,0.0009070023661479354,-0.003904761979356408,0.0023502979893237352,-0.0007174009806476533,0.0018721114611253142,0.004641483072191477,0.0040052118711173534,-0.0005807631532661617,0.1367645412683487,-0.15899677574634552,0.13968706130981445,-0.15512414276599884,0.13729578256607056,0.14586438238620758,0.13687413930892944,0.1485457718372345,0.134965717792511,-0.15710830688476562,0.13928383588790894,-0.15407103300094604,0.13638877868652344,0.1497691422700882,0.13452383875846863,0.1492631733417511,-0.0016772589879110456,-0.013852698728442192,0.019468417391180992,-0.017904143780469894,-0.0474177822470665,0.012228554114699364,-0.049882590770721436,0.04951764643192291,0.3018721342086792,0.3046414852142334,0.3040052354335785,0.29941925406455994,0.0,0.0,1.0,0.0,-0.0,1.0,-0.0,-0.9999998807907104,0.30000001192092896,0.30000001192092896,0.30000001192092896,0.30000001192092896
4.4,0,0.0716363787651062,-0.024825770407915115,0.015475976280868053,0.280740886926651,1.0,0.3105582594871521,-0.020791485905647278,0.004678527358919382,1,1,1,1,10.638577461242676,3.911344051361084,4.06304407119751,10.057244300842285,10.638577461242676,3.911344051361084,4.06304407119751,10.057244300842285,0,0,0,0,0,0.9999991655349731,0.07967575639486313,-0.3186427056789398,0.07857497781515121,-0.3177351653575897,0.3255985677242279,0.049826059490442276,0.3262357711791992,0.050034552812576294,-0.2357528954744339,0.04972368851304054,-0.23638272285461426,0.05002196878194809,0.0,0.0,0.0,0.0,0.0,0.0,0.13142403960227966,-0.0923033207654953,0.022481977939605713,-0.043973859399557114,0.05218925327062607,-0.20385000109672546,0.14695048332214355,-0.035980358719825745,-0.00888738315552473,0.003216968849301338,0.027663342654705048,0.01389071624726057,0.12353449314832687,-0.09857022762298584,0.031000088900327682,-0.05774831026792526,0.06262277811765671,-0.19938290119171143,0.16196060180664062,-0.03635163605213165,0.009633108042180538,0.025240952149033546,0.0162583589553833,-0.009070501662790775,0.0018530173692852259,-0.0019714045338332653,0.00046500132884830236,-0.0011549661867320538,0.0009393416694365442,-0.003987657837569714,0.0024294089525938034,-0.0007270327187143266,0.0019266216550022364,0.005048190709203482,0.00325167179107666,-0.0018141003092750907,0.13681873679161072,-0.15907971560955048,0.13974884152412415,-0.1552259922027588,0.1373281180858612,0.1457814872264862,0.13695324957370758,0.14853614568710327,0.134965717792511,-0.15710830688476562,0.13928383588790894,-0.15407103300094604,0.13638877868652344,0.1497691422700882,0.13452383875846863,0.1492631733417511,-0.0016772589879110456,-0.013852698728442192,0.019468417391180992,-0.017904143780469894,-0.0474177822470665,0.012228554114699364,-0.049882590770721436,0.04951764643192291,0.3019266426563263,0.3050481975078583,0.3032516837120056,0.29818591475486755,0.0,0.0,1.0,0.0,-0.0,1.0,-0.0,-0.9999998807907104,0.30000001192092896,0.30000001192092896,0.30000001192092896,0.30000001192092896
4.45,0,0.07242549955844879,-0.024701546877622604,0.016440900042653084,0.28076133131980896,1.0,0.3147251009941101,-0.0189273152500391,0.004716021008789539,1,1,1,1,10.458351135253906,4.086854457855225,4.288327217102051,9.883020401000977,10.458351135253906,4.086854457855225,4.288327217102051,9.883020401000977,0,0,0,0,0,0.9999990463256836,0.07966843247413635,-0.31865057349205017,0.07857877016067505,-0.3177313208580017,0.3263538181781769,0.0497567355632782,0.32704657316207886,0.04999368265271187,-0.23502884805202484,0.04979434981942177,-0.23560096323490143,0.04997972026467323,0.0,0.0,0.0,0.0,0.0,0.0,0.13071848452091217,-0.0963556095957756,0.028519820421934128,-0.05225900188088417,0.05650195851922035,-0.20118293166160583,0.15475060045719147,-0.0317302905023098,-0.0014663116307929158,0.009483207017183304,0.020361844450235367,0.0027373176999390125,0.11812716722488403,-0.09447118639945984,0.02829170599579811,-0.05441148579120636,0.0613333098590374,-0.19211146235466003,0.15685196220874786,-0.03333190083503723,0.011144050396978855,0.02389572374522686,0.017589367926120758,-0.0051848990842700005,0.0017719074385240674,-0.0018894237000495195,0.00042437558295205235,-0.0010882297065109015,0.0009199996129609644,-0.0038422292564064264,0.0023527792654931545,-0.0006666380213573575,0.0022288102190941572,0.0047791446559131145,0.0035178735852241516,-0.0010369798401370645,0.1367376297712326,-0.15899772942066193,0.13970820605754852,-0.15515926480293274,0.1373087763786316,0.14592690765857697,0.13687661290168762,0.14859654009342194,0.134965717792511,-0.15710830688476562,0.13928383588790894,-0.15407103300094604,0.13638877868652344,0.1497691422700882,0.13452383875846863,0.1492631733417511,-0.0016772589879110456,-0.013852698728442192,0.019468417391180992,-0.017904143780469894,-0.0474177822470665,0.012228554114699364,-0.049882590770721436,0.04951764643192291,0.30222880840301514,0.30477914214134216,0.3035178780555725,0.2989630401134491,0.0,0.0,1.0,0.0,-0.0,1.0,-0.0,-0.9999998807907104,0.30000001192092896,0.30000001192092896,0.30000001192092896,0.30000001192092896
4.5,0,0.0732324868440628,-0.024575253948569298,0.01799721084535122,0.2807869613170624,1.0,0.31428563594818115,-0.02014978975057602,0.004761615302413702,1,1,1,1,10.042488098144531,4.504428863525391,4.768357276916504,9.422733306884766,10.042488098144531,4.504428863525391,4.768357276916504,9.422733306884766,0,0,0,0,0,0.9999990463256836,0.07966156303882599,-0.3186580538749695,0.07857531309127808,-0.31773465871810913,0.3271389901638031,0.049673840403556824,0.32788217067718506,0.0499408021569252,-0.2342892289161682,0.049851879477500916,-0.2348119616508484,0.04992428794503212,0.0,0.0,0.0,0.0,0.0,0.0,0.13002650439739227,-0.09592906385660172,0.02936365455389023,-0.05355290696024895,0.05579435080289841,-0.20066022872924805,0.15502868592739105,-0.03165740147233009,-0.0002637479919940233,0.011609857901930809,0.019667861983180046,0.0008567771874368191,0.11665603518486023,-0.09340578317642212,0.028016064316034317,-0.054421257227659225,0.06077060103416443,-0.19005566835403442,0.15600880980491638,-0.03269362822175026,0.010597948916256428,0.023941252380609512,0.017749987542629242,-0.005591095890849829,0.0017498404486104846,-0.0018681156216189265,0.0004202409472782165,-0.0010884251678362489,0.0009115589782595634,-0.0038011132273823023,0.00234013213776052,-0.0006538725574500859,0.0021195898298174143,0.004788250662386417,0.0035499974619597197,-0.0011182192247360945,0.13671556115150452,-0.15897642076015472,0.13970407843589783,-0.15515945851802826,0.13730034232139587,0.14596803486347198,0.13686397671699524,0.14860929548740387,0.134965717792511,-0.15710830688476562,0.13928383588790894,-0.15407103300094604,0.13638877868652344,0.1497691422700882,0.13452383875846863,0.1492631733417511,-0.0016772589879110456,-0.013852698728442192,0.019468417391180992,-0.017904143780469894,-0.0474177822470665,0.012228554114699364,-0.049882590770721436,0.04951764643192291,0.3021196126937866,0.3047882616519928,0.30355000495910645,0.29888179898262024,0.0,0.0,1.0,0.0,-0.0,1.0,-0.0,-0.9999998807907104,0.30000001192092896,0.30000001192092896,0.30000001192092896,0.30000001192092896
4.55,0,0.07407793402671814,-0.024448947980999947,0.016871877014636993,0.2808000445365906,1.0,0.31449994444847107,-0.01790590025484562,0.004815041087567806,1,1,1,1,9.929630279541016,4.657858371734619,4.816695690155029,9.348246574401855,9.929630279541016,4.657858371734619,4.816695690155029,9.348246574401855,0,0,0,0,0,0.999998927116394,0.07965417206287384,-0.31866616010665894,0.07857184112071991,-0.3177379369735718,0.3279418647289276,0.049575015902519226,0.3287413716316223,0.049875177443027496,-0.23349696397781372,0.049893781542778015,-0.23399579524993896,0.049853336066007614,0.0,0.0,0.0,0.0,0.0,0.0,0.1303272396326065,-0.09470190852880478,0.02785215526819229,-0.05193145573139191,0.05605599656701088,-0.20159684121608734,0.15474210679531097,-0.03362380340695381,-0.0012485906481742859,0.011112360283732414,0.022159168496727943,0.0029396701138466597,0.11689973622560501,-0.0945390984416008,0.028313573449850082,-0.05775124952197075,0.05933564156293869,-0.19057512283325195,0.15376822650432587,-0.0328422412276268,0.009996932931244373,0.022046729922294617,0.015433741733431816,-0.006506808567792177,0.0017534960061311722,-0.0018907819176092744,0.00042470358312129974,-0.0011550249764695764,0.000890034600161016,-0.0038115023635327816,0.0023065232671797276,-0.0006568448152393103,0.0019993865862488747,0.004409346263855696,0.0030867483001202345,-0.0013013617135584354,0.136719211935997,-0.15899908542633057,0.1397085338830948,-0.15522605180740356,0.13727881014347076,0.14595763385295868,0.13683035969734192,0.1486063301563263,0.134965717792511,-0.15710830688476562,0.13928383588790894,-0.15407103300094604,0.13638877868652344,0.1497691422700882,0.13452383875846863,0.1492631733417511,-0.0016772589879110456,-0.013852698728442192,0.019468417391180992,-0.017904143780469894,-0.0474177822470665,0.012228554114699364,-0.049882590770721436,0.04951764643192291,0.30199939012527466,0.30440935492515564,0.3030867576599121,0.29869866371154785,0.0,0.0,1.0,0.0,-0.0,1.0,-0.0,-0.9999998807907104,0.30000001192092896,0.30000001192092896,0.30000001192092896,0.30000001192092896
4.6,0,0.07492370158433914,-0.024310393258929253,0.018216822296380997,0.2808067202568054,1.0,0.31363895535469055,-0.02070028707385063,0.004881706088781357,1,1,1,1,9.534942626953125,5.087091445922852,5.219562530517578,8.855049133300781,9.534942626953125,5.087091445922852,5.219562530517578,8.855049133300781,0,0,0,0,0,0.9999988079071045,0.0796455591917038,-0.31867533922195435,0.07856614142656326,-0.31774330139160156,0.32875335216522217,0.0494617223739624,0.3295964002609253,0.04979730397462845,-0.23269978165626526,0.04992394894361496,-0.23317407071590424,0.04976808652281761,0.0,0.0,0.0,0.0,0.0,0.0,0.13011322915554047,-0.09358841180801392,0.026903126388788223,-0.05102858692407608,0.055705726146698,-0.20158028602600098,0.15405207872390747,-0.03461442142724991,-0.002000258769840002,0.010640496388077736,0.023485958576202393,0.004085398744791746,0.12012208253145218,-0.09474996477365494,0.02859082818031311,-0.05721369758248329,0.05931186303496361,-0.19444745779037476,0.1582948863506317,-0.034820809960365295,0.006474670954048634,0.020874103531241417,0.018525056540966034,-0.006553362589329481,0.0018018311820924282,-0.0018949992954730988,0.00042886240407824516,-0.001144273905083537,0.0008896779036149383,-0.003888949053362012,0.0023744232021272182,-0.0006964161875657737,0.0012949341908097267,0.004174820613116026,0.003705011447891593,-0.0013106724945828319,0.13676755130290985,-0.15900330245494843,0.13971269130706787,-0.1552153080701828,0.1372784525156021,0.14588019251823425,0.13689826428890228,0.14856675267219543,0.134965717792511,-0.15710830688476562,0.13928383588790894,-0.15407103300094604,0.13638877868652344,0.1497691422700882,0.13452383875846863,0.1492631733417511,-0.0016772589879110456,-0.013852698728442192,0.019468417391180992,-0.017904143780469894,-0.0474177822470665,0.012228554114699364,-0.049882590770721436,0.04951764643192291,0.3012949526309967,0.30417484045028687,0.30370503664016724,0.2986893355846405,0.0,0.0,1.0,0.0,-0.0,1.0,-0.0,-0.9999998807907104,0.30000001192092896,0.30000001192092896,0.30000001192092896,0.30000001192092896
4.65,0,0.07580888271331787,-0.024170828983187675,0.01755181886255741,0.2808082699775696,1.0,0.3147229850292206,-0.019101902842521667,0.004968573804944754,1,1,1,1,9.240550994873047,5.444944381713867,5.480037212371826,8.584051132202148,9.240550994873047,5.444944381713867,5.480037212371826,8.584051132202148,0,0,0,0,0,0.9999986886978149,0.07963653653860092,-0.31868523359298706,0.07856142520904541,-0.31774765253067017,0.32958558201789856,0.04933150112628937,0.33048316836357117,0.04970669746398926,-0.23185637593269348,0.0499415323138237,-0.23232845962047577,0.04966657981276512,0.0,0.0,0.0,0.0,0.0,0.0,0.13059325516223907,-0.09323304146528244,0.026003804057836533,-0.05086584389209747,0.05493876338005066,-0.2032323181629181,0.15384425222873688,-0.036014169454574585,-0.0029113111086189747,0.009963581338524818,0.024840204045176506,0.005339938681572676,0.11803503334522247,-0.09391162544488907,0.027470940724015236,-0.05684972554445267,0.05889158695936203,-0.19242000579833984,0.15406160056591034,-0.03432829678058624,0.008271250873804092,0.02127241902053356,0.017496207728981972,-0.005084633827209473,0.0017705254722386599,-0.0018782324623316526,0.0004120641096960753,-0.0011369944550096989,0.0008833737811073661,-0.003848399966955185,0.0023109239991754293,-0.0006865659379400313,0.0016542501980438828,0.004254484083503485,0.0034992415457963943,-0.0010169268352910876,0.13673624396324158,-0.15898653864860535,0.1396958976984024,-0.155208021402359,0.13727214932441711,0.1459207385778427,0.1368347555398941,0.14857660233974457,0.134965717792511,-0.15710830688476562,0.13928383588790894,-0.15407103300094604,0.13638877868652344,0.1497691422700882,0.13452383875846863,0.1492631733417511,-0.0016772589879110456,-0.013852698728442192,0.019468417391180992,-0.017904143780469894,-0.0474177822470665,0.012228554114699364,-0.049882590770721436,0.04951764643192291,0.30165424942970276,0.3042545020580292,0.3034992516040802,0.298983097076416,0.0,0.0,1.0,0.0,-0.0,1.0,-0.0,-0.9999998807907104,0.30000001192092896,0.30000001192092896,0.30000001192092896,0.30000001192092896
4.7,0,0.07669471949338913,-0.024036044254899025,0.02006387896835804,0.28081417083740234,1.0,0.31439557671546936,-0.01892799139022827,0.005062612239271402,1,1,1,1,8.894083023071289,5.84971809387207,5.780710220336914,8.308768272399902,8.894083023071289,5.84971809387207,5.780710220336914,8.308768272399902,0,0,0,0,0,0.9999985694885254,0.07962639629840851,-0.3186962306499481,0.07855880260467529,-0.3177499771118164,0.3304252624511719,0.04918494448065758,0.3313748836517334,0.049602895975112915,-0.23101936280727386,0.04994606971740723,-0.2314750999212265,0.04954896494746208,0.0,0.0,0.0,0.0,0.0,0.0,0.1302322894334793,-0.09286303073167801,0.02573831006884575,-0.05069556087255478,0.05520568788051605,-0.20296023786067963,0.15398873388767242,-0.036254748702049255,-0.0022554548922926188,0.010763467289507389,0.024815334007143974,0.004888055846095085,0.11936700344085693,-0.09379305690526962,0.026999827474355698,-0.056440986692905426,0.059067413210868835,-0.1950085163116455,0.1563863903284073,-0.03640860691666603,0.006561819463968277,0.021467410027980804,0.02014766074717045,-0.004592015873640776,0.001790505019016564,-0.001875861082226038,0.0004049974086228758,-0.0011288196546956897,0.0008860111702233553,-0.00390017032623291,0.0023457957431674004,-0.0007281721336767077,0.0013123638927936554,0.004293482284992933,0.004029532428830862,-0.0009184032096527517,0.13675622642040253,-0.15898416936397552,0.13968883454799652,-0.15519985556602478,0.13727478682994843,0.14586897194385529,0.1368696391582489,0.14853499829769135,0.134965717792511,-0.15710830688476562,0.13928383588790894,-0.15407103300094604,0.13638877868652344,0.1497691422700882,0.13452383875846863,0.1492631733417511,-0.0016772589879110456,-0.013852698728442192,0.019468417391180992,-0.017904143780469894,-0.0474177822470665,0.012228554114699364,-0.049882590770721436,0.04951764643192291,0.3013123869895935,0.3042934834957123,0.30402955412864685,0.29908162355422974,0.0,0.0,1.0,0.0,-0.0,1.0,-0.0,-0.9999998807907104,0.30000001192092896,0.30000001192092896,0.30000001192092896,0.30000001192092896
4.75,0,0.07758842408657074,-0.02392996847629547,0.016632314771413803,0.28081780672073364,1.0,0.3138939440250397,-0.01911032944917679,0.00511572603136301,1,1,1,1,8.738468170166016,6.041433334350586,5.972166061401367,8.010476112365723,8.738468170166016,6.041433334350586,5.972166061401367,8.010476112365723,0,0,0,0,0,0.9999985098838806,0.07961850613355637,-0.3187047243118286,0.07854901999235153,-0.31775951385498047,0.33127641677856445,0.049022186547517776,0.3322712182998657,0.04948471114039421,-0.23019492626190186,0.04993632435798645,-0.23060235381126404,0.049414537847042084,0.0,0.0,0.0,0.0,0.0,0.0,0.13011816143989563,-0.09210982173681259,0.024995265528559685,-0.04954558238387108,0.055181778967380524,-0.20315603911876678,0.15346570312976837,-0.036654647439718246,-0.002349456772208214,0.010848380625247955,0.025770055130124092,0.00591052882373333,0.12012402713298798,-0.09341616928577423,0.027535773813724518,-0.056416045874357224,0.05733222886919975,-0.19442465901374817,0.1563083976507187,-0.03507128357887268,0.0046814908273518085,0.01926787570118904,0.020042959600687027,-0.004373572766780853,0.0018018604023382068,-0.0018683233065530658,0.0004130365850869566,-0.001128320931456983,0.0008599834400229156,-0.0038884931709617376,0.0023446260020136833,-0.0007014256552793086,0.0009362981654703617,0.0038535750936716795,0.00400859210640192,-0.000874714576639235,0.13676758110523224,-0.15897662937641144,0.13969686627388,-0.1551993489265442,0.13724876940250397,0.14588065445423126,0.1368684619665146,0.1485617458820343,0.134965717792511,-0.15710830688476562,0.13928383588790894,-0.15407103300094604,0.13638877868652344,0.1497691422700882,0.13452383875846863,0.1492631733417511,-0.0016772589879110456,-0.013852698728442192,0.019468417391180992,-0.017904143780469894,-0.0474177822470665,0.012228554114699364,-0.049882590770721436,0.04951764643192291,0.3009363114833832,0.3038536012172699,0.3040086030960083,0.2991252839565277,0.0,0.0,1.0,0.0,-0.0,1.0,-0.0,-0.9999998807907104,0.30000001192092896,0.30000001192092896,0.30000001192092896,0.30000001192092896
4.8,0,0.07847919315099716,-0.023801742121577263,0.017978502437472343,0.28084835410118103,1.0,0.31394389271736145,-0.01911628060042858,0.005151915363967419,1,1,1,1,8.351984977722168,6.423892974853516,6.372705459594727,7.6004204750061035,8.351984977722168,6.423892974853516,6.372705459594727,7.6004204750061035,0,0,0,0,0,0.9999983906745911,0.0796113833785057,-0.3187127113342285,0.0785486027598381,-0.3177596926689148,0.33212873339653015,0.04884318634867668,0.33319389820098877,0.04935489594936371,-0.22937829792499542,0.04991530627012253,-0.22972740232944489,0.049261536449193954,0.0,0.0,0.0,0.0,0.0,0.0,0.13001663982868195,-0.09248534590005875,0.024998899549245834,-0.05175505951046944,0.053637854754924774,-0.2035149335861206,0.15304705500602722,-0.03666175901889801,-0.003430795157328248,0.009157600812613964,0.02479574829339981,0.005106600467115641,0.12121501564979553,-0.09368772804737091,0.0276339091360569,-0.056270282715559006,0.058376554399728775,-0.19571073353290558,0.15789470076560974,-0.03585556894540787,0.004473954439163208,0.01974337548017502,0.020819783210754395,-0.004469560459256172,0.0018182251369580626,-0.0018737545469775796,0.00041450862772762775,-0.001125405658967793,0.000875648285727948,-0.003914214670658112,0.002368420362472534,-0.0007171113393269479,0.0008947909227572381,0.003948675002902746,0.004163956735283136,-0.0008939121034927666,0.13678394258022308,-0.1589820683002472,0.1396983414888382,-0.1551964432001114,0.1372644305229187,0.1458549201488495,0.13689225912094116,0.14854605495929718,0.134965717792511,-0.15710830688476562,0.13928383588790894,-0.15407103300094604,0.13638877868652344,0.1497691422700882,0.13452383875846863,0.1492631733417511,-0.0016772589879110456,-0.013852698728442192,0.019468417391180992,-0.017904143780469894,-0.0474177822470665,0.012228554114699364,-0.049882590770721436,0.04951764643192291,0.3008947968482971,0.30394870042800903,0.30416396260261536,0.29910609126091003,0.0,0.0,1.0,0.0,-0.0,1.0,-0.0,-0.9999998807907104,0.30000001192092896,0.30000001192092896,0.30000001192092896,0.30000001192092896
4.85,0,0.07930824160575867,-0.02375992387533188,0.019090335816144943,0.28088587522506714,1.0,0.31560835242271423,-0.018469057977199554,0.005386973265558481,1,1,1,1,8.563175201416016,6.142963409423828,6.411066055297852,7.650147914886475,8.563175201416016,6.142963409423828,6.411066055297852,7.650147914886475,0,0,0,0,0,0.9999983310699463,0.07959480583667755,-0.31873008608818054,0.07853394746780396,-0.31777429580688477,0.3329242467880249,0.04876602813601494,0.33406195044517517,0.04921865463256836,-0.22859446704387665,0.049918122589588165,-0.22887174785137177,0.04910009354352951,0.0,0.0,0.0,0.0,0.0,0.0,0.1305082142353058,-0.09401383250951767,0.027713030576705933,-0.053355272859334946,0.05647818371653557,-0.20174133777618408,0.15625211596488953,-0.034647367894649506,-0.00019655912183225155,0.012129368260502815,0.021688172593712807,0.0008916589431464672,0.12128984928131104,-0.09303466975688934,0.027175582945346832,-0.055476587265729904,0.0585387647151947,-0.19592387974262238,0.1579810380935669,-0.036419548094272614,0.004272897262126207,0.020359087735414505,0.021854525431990623,-0.004039338324218988,0.0018193477299064398,-0.0018606933299452066,0.0004076337208971381,-0.0011095317313447595,0.0008780814241617918,-0.003918477334082127,0.0023697155993431807,-0.0007283909362740815,0.0008545794407837093,0.004071817733347416,0.004370904993265867,-0.0008078676764853299,0.13678506016731262,-0.1589689999818802,0.13969147205352783,-0.15518055856227875,0.1372668594121933,0.14585065841674805,0.13689355552196503,0.14853478968143463,0.134965717792511,-0.15710830688476562,0.13928383588790894,-0.15407103300094604,0.13638877868652344,0.1497691422700882,0.13452383875846863,0.1492631733417511,-0.0016772589879110456,-0.013852698728442192,0.019468417391180992,-0.017904143780469894,-0.0474177822470665,0.012228554114699364,-0.049882590770721436,0.04951764643192291,0.3008545935153961,0.304071843624115,0.3043709099292755,0.2991921305656433,0.0,0.0,1.0,0.0,-0.0,1.0,-0.0,-0.9999998807907104,0.30000001192092896,0.30000001192092896,0.30000001192092896,0.30000001192092896
4.9,0,0.080141082406044,-0.02366606704890728,0.019651010632514954,0.28093084692955017,1.0,0.3155307173728943,-0.018390357494354248,0.005654620472341776,1,1,1,1,8.318598747253418,6.405527114868164,6.644630432128906,7.359248638153076,8.318598747253418,6.405527114868164,6.644630432128906,7.359248638153076,0,0,0,0,0,0.9999982714653015,0.07957685738801956,-0.31874898076057434,0.07851823419332504,-0.31778988242149353,0.3337278664112091,0.048679426312446594,0.3349440097808838,0.04907030612230301,-0.2278342992067337,0.04995664581656456,-0.22801212966442108,0.048922982066869736,0.0,0.0,0.0,0.0,0.0,0.0,0.13080774247646332,-0.09392822533845901,0.027428368106484413,-0.05428086966276169,0.05459706112742424,-0.2024686485528946,0.15552692115306854,-0.034580688923597336,-0.002133047441020608,0.009806021116673946,0.02159993164241314,0.0012736348435282707,0.12095373868942261,-0.09390119463205338,0.028907207772135735,-0.056353118270635605,0.06128965690732002,-0.19384324550628662,0.16016463935375214,-0.03428725525736809,0.007531113922595978,0.02291220985352993,0.01885787956416607,-0.007588027510792017,0.0018143060151487589,-0.0018780238460749388,0.0004336081037763506,-0.001127062365412712,0.0009193448349833488,-0.0038768649101257324,0.002402469515800476,-0.0006857450935058296,0.0015062227612361312,0.0045824418775737286,0.003771575866267085,-0.0015176055021584034,0.1367800235748291,-0.15898633003234863,0.1397174447774887,-0.1551980972290039,0.13730812072753906,0.14589227735996246,0.1369263082742691,0.14857742190361023,0.134965717792511,-0.15710830688476562,0.13928383588790894,-0.15407103300094604,0.13638877868652344,0.1497691422700882,0.13452383875846863,0.1492631733417511,-0.0016772589879110456,-0.013852698728442192,0.019468417391180992,-0.017904143780469894,-0.0474177822470665,0.012228554114699364,-0.049882590770721436,0.04951764643192291,0.3015062212944031,0.3045824468135834,0.30377158522605896,0.29848241806030273,0.0,0.0,1.0,0.0,-0.0,1.0,-0.0,-0.9999998807907104,0.30000001192092896,0.30000001192092896,0.30000001192092896,0.30000001192092896
4.95,0,0.0809856504201889,-0.023598764091730118,0.018367091193795204,0.2809695899486542,1.0,0.31501704454421997,-0.018435589969158173,0.0059219286777079105,1,1,1,1,8.098673820495605,6.635862827301025,6.756332874298096,7.052512168884277,8.098673820495605,6.635862827301025,6.756332874298096,7.052512168884277,0,0,0,0,0,0.9999982118606567,0.07955875992774963,-0.31876787543296814,0.07849453389644623,-0.31781333684921265,0.3345421254634857,0.04857868701219559,0.33582934737205505,0.04890831559896469,-0.22707624733448029,0.04998068884015083,-0.22714269161224365,0.04872831329703331,0.0,0.0,0.0,0.0,0.0,0.0,0.13092204928398132,-0.09431956708431244,0.027836991474032402,-0.05548759549856186,0.053361933678388596,-0.20203202962875366,0.1550799459218979,-0.03371714428067207,-0.0035653170198202133,0.007521577645093203,0.020594201982021332,0.0008527575992047787,0.12157924473285675,-0.09382517635822296,0.029164496809244156,-0.05696975439786911,0.06071002036333084,-0.19381634891033173,0.1602102369070053,-0.03416602313518524,0.006510808598250151,0.02198607474565506,0.018523981794714928,-0.008210948668420315,0.0018236886244267225,-0.001876503461971879,0.00043746744631789625,-0.001139395055361092,0.0009106502984650433,-0.0038763268385082483,0.002403153572231531,-0.0006833204533904791,0.0013021617196500301,0.0043972148559987545,0.003704796312376857,-0.001642189803533256,0.13678941130638123,-0.15898481011390686,0.13972130417823792,-0.1552104353904724,0.13729943335056305,0.14589281380176544,0.13692699372768402,0.14857985079288483,0.134965717792511,-0.15710830688476562,0.13928383588790894,-0.15407103300094604,0.13638877868652344,0.1497691422700882,0.13452383875846863,0.1492631733417511,-0.0016772589879110456,-0.013852698728442192,0.019468417391180992,-0.017904143780469894,-0.0474177822470665,0.012228554114699364,-0.049882590770721436,0.04951764643192291,0.3013021647930145,0.30439722537994385,0.30370479822158813,0.2983578145503998,0.0,0.0,1.0,0.0,-0.0,1.0,-0.0,-0.9999998807907104,0.30000001192092896,0.30000001192092896,0.30000001192092896,0.30000001192092896
