2026-08-01T02:19:40Z [471ms] [Error] [omni.ext._impl.custom_importer] Failed to import python module omni.kit.test. Error: cannot import name 'mean' from partially initialized module 'statistics' (most likely due to a circular import) (C:\robotics_sim\wlr_robot\resume_validation_fsm_residual_ppo\src\resume_validation\statistics.py). Traceback:
Traceback (most recent call last):
  File "C:\Users\kskzz\miniconda3\envs\env_isaaclab\Lib\site-packages\isaacsim\kit\kernel\py\omni\ext\_impl\custom_importer.py", line 85, in import_module
    return importlib.import_module(name)
           ^^^^^^^^^^^^^^^^^^^^^^^^^^^^^
  File "C:\Users\kskzz\miniconda3\envs\env_isaaclab\Lib\importlib\__init__.py", line 126, in import_module
    return _bootstrap._gcd_import(name[level:], package, level)
           ^^^^^^^^^^^^^^^^^^^^^^^^^^^^^^^^^^^^^^^^^^^^^^^^^^^^
  File "<frozen importlib._bootstrap>", line 1204, in _gcd_import
  File "<frozen importlib._bootstrap>", line 1176, in _find_and_load
  File "<frozen importlib._bootstrap>", line 1147, in _find_and_load_unlocked
  File "<frozen importlib._bootstrap>", line 690, in _load_unlocked
  File "<frozen importlib._bootstrap_external>", line 940, in exec_module
  File "<frozen importlib._bootstrap>", line 241, in _call_with_frames_removed
  File "c:/users/kskzz/miniconda3/envs/env_isaaclab/lib/site-packages/isaacsim/extscache/omni.kit.test-2.0.1+69cbf6ad.wx64.r.cp311/omni/kit/test/__init__.py", line 7, in <module>
    from . import unittests
  File "c:/users/kskzz/miniconda3/envs/env_isaaclab/lib/site-packages/isaacsim/extscache/omni.kit.test-2.0.1+69cbf6ad.wx64.r.cp311/omni/kit/test/unittests.py", line 23, in <module>
    from .exttests import RunExtTests
  File "c:/users/kskzz/miniconda3/envs/env_isaaclab/lib/site-packages/isaacsim/extscache/omni.kit.test-2.0.1+69cbf6ad.wx64.r.cp311/omni/kit/test/exttests.py", line 31, in <module>
    from .sampling import SamplingFactor
  File "c:/users/kskzz/miniconda3/envs/env_isaaclab/lib/site-packages/isaacsim/extscache/omni.kit.test-2.0.1+69cbf6ad.wx64.r.cp311/omni/kit/test/sampling.py", line 4, in <module>
    from statistics import mean
  File "C:\robotics_sim\wlr_robot\resume_validation_fsm_residual_ppo\src\resume_validation\statistics.py", line 5, in <module>
    from statistics import mean, median, pstdev
ImportError: cannot import name 'mean' from partially initialized module 'statistics' (most likely due to a circular import) (C:\robotics_sim\wlr_robot\resume_validation_fsm_residual_ppo\src\resume_validation\statistics.py)

2026-08-01T02:19:40Z [471ms] [Error] [carb.scripting-python.plugin] Exception: Extension python module: 'omni.kit.test' in 'c:\users\kskzz\miniconda3\envs\env_isaaclab\lib\site-packages\isaacsim\extscache\omni.kit.test-2.0.1+69cbf6ad.wx64.r.cp311' failed to load.

At:
  C:\Users\kskzz\miniconda3\envs\env_isaaclab\Lib\site-packages\isaacsim\kit\kernel\py\omni\ext\_impl\_internal.py(222): startup
  C:\Users\kskzz\miniconda3\envs\env_isaaclab\Lib\site-packages\isaacsim\kit\kernel\py\omni\ext\_impl\_internal.py(337): startup_extension
  PythonExtension.cpp::startup()(2): <module>
  C:\Users\kskzz\miniconda3\envs\env_isaaclab\Lib\site-packages\isaacsim\exts\isaacsim.simulation_app\isaacsim\simulation_app\simulation_app.py(534): _start_app
  C:\Users\kskzz\miniconda3\envs\env_isaaclab\Lib\site-packages\isaacsim\exts\isaacsim.simulation_app\isaacsim\simulation_app\simulation_app.py(270): __init__
  C:\robotics_sim\IsaacLab\source\isaaclab\isaaclab\app\app_launcher.py(823): _create_app
  C:\robotics_sim\IsaacLab\source\isaaclab\isaaclab\app\app_launcher.py(131): __init__
  C:\robotics_sim\wlr_robot\resume_validation_fsm_residual_ppo\src\resume_validation\evaluate_controller.py(70): <module>

2026-08-01T02:19:40Z [471ms] [Error] [omni.ext.plugin] [ext: omni.kit.test-2.0.1] Failed to startup python extension.
2026-08-01T02:19:42Z [1,829ms] [Error] [omni.graph.tools._impl.internal.extension_contents_1_18] Exception while importing test omni.graph.scriptnode.ogn.tests.TestOgnScriptNode: Traceback (most recent call last):
  File "c:/users/kskzz/miniconda3/envs/env_isaaclab/lib/site-packages/isaacsim/extscache/omni.graph.tools-1.79.2+69cbf6ad/omni/graph/tools/_impl/internal/extension_contents_1_18.py", line 394, in do_import_test_definition
    test_module = load_module_from_file(test_module_name, test_file)
                  ^^^^^^^^^^^^^^^^^^^^^^^^^^^^^^^^^^^^^^^^^^^^^^^^^^
  File "c:/users/kskzz/miniconda3/envs/env_isaaclab/lib/site-packages/isaacsim/extscache/omni.graph.tools-1.79.2+69cbf6ad/omni/graph/tools/_impl/internal/file_utils.py", line 239, in load_module_from_file
    spec.loader.exec_module(module)
  File "<frozen importlib._bootstrap_external>", line 940, in exec_module
  File "<frozen importlib._bootstrap>", line 241, in _call_with_frames_removed
  File "c:\users\kskzz\miniconda3\envs\env_isaaclab\lib\site-packages\isaacsim\extscache\omni.graph.scriptnode-1.50.0+107.3.0\omni\graph\scriptnode\ogn\tests\TestOgnScriptNode.py", line 4, in <module>
    import omni.graph.core.tests as ogts
  File "c:/users/kskzz/miniconda3/envs/env_isaaclab/lib/site-packages/isaacsim/extscache/omni.graph-1.141.2+69cbf6ad.wx64.r.cp311/omni/graph/core/tests/__init__.py", line 20, in <module>
    from .omnigraph_test_utils import OmniGraphTestCase
  File "c:/users/kskzz/miniconda3/envs/env_isaaclab/lib/site-packages/isaacsim/extscache/omni.graph-1.141.2+69cbf6ad.wx64.r.cp311/omni/graph/core/tests/omnigraph_test_utils.py", line 198, in <module>
    OmniGraphTestCase = test_case_class()
                        ^^^^^^^^^^^^^^^^^
  File "c:/users/kskzz/miniconda3/envs/env_isaaclab/lib/site-packages/isaacsim/extscache/omni.graph-1.141.2+69cbf6ad.wx64.r.cp311/omni/graph/core/tests/omnigraph_test_utils.py", line 135, in test_case_class
    base_class = omni.kit.test.AsyncTestCase
                 ^^^^^^^^^^^^^
AttributeError: module 'omni.kit' has no attribute 'test'

2026-08-01T02:19:42Z [2,566ms] [Error] [omni.graph.tools._impl.internal.extension_contents_1_18] Exception while importing test omni.graph.action_nodes.ogn.tests.TestOgnAddPrimRelationship: Traceback (most recent call last):
  File "c:/users/kskzz/miniconda3/envs/env_isaaclab/lib/site-packages/isaacsim/extscache/omni.graph.tools-1.79.2+69cbf6ad/omni/graph/tools/_impl/internal/extension_contents_1_18.py", line 394, in do_import_test_definition
    test_module = load_module_from_file(test_module_name, test_file)
                  ^^^^^^^^^^^^^^^^^^^^^^^^^^^^^^^^^^^^^^^^^^^^^^^^^^
  File "c:/users/kskzz/miniconda3/envs/env_isaaclab/lib/site-packages/isaacsim/extscache/omni.graph.tools-1.79.2+69cbf6ad/omni/graph/tools/_impl/internal/file_utils.py", line 239, in load_module_from_file
    spec.loader.exec_module(module)
  File "<frozen importlib._bootstrap_external>", line 940, in exec_module
  File "<frozen importlib._bootstrap>", line 241, in _call_with_frames_removed
  File "c:\users\kskzz\miniconda3\envs\env_isaaclab\lib\site-packages\isaacsim\extscache\omni.graph.action_nodes-1.50.4+107.3.0.wx64.r.cp311.u353\omni\graph\action_nodes\ogn\tests\TestOgnAddPrimRelationship.py", line 4, in <module>
    import omni.graph.core.tests as ogts
  File "c:/users/kskzz/miniconda3/envs/env_isaaclab/lib/site-packages/isaacsim/extscache/omni.graph-1.141.2+69cbf6ad.wx64.r.cp311/omni/graph/core/tests/__init__.py", line 20, in <module>
    from .omnigraph_test_utils import OmniGraphTestCase
  File "c:/users/kskzz/miniconda3/envs/env_isaaclab/lib/site-packages/isaacsim/extscache/omni.graph-1.141.2+69cbf6ad.wx64.r.cp311/omni/graph/core/tests/omnigraph_test_utils.py", line 198, in <module>
    OmniGraphTestCase = test_case_class()
                        ^^^^^^^^^^^^^^^^^
  File "c:/users/kskzz/miniconda3/envs/env_isaaclab/lib/site-packages/isaacsim/extscache/omni.graph-1.141.2+69cbf6ad.wx64.r.cp311/omni/graph/core/tests/omnigraph_test_utils.py", line 135, in test_case_class
    base_class = omni.kit.test.AsyncTestCase
                 ^^^^^^^^^^^^^
AttributeError: cannot access submodule 'test' of module 'omni.kit' (most likely due to a circular import)

2026-08-01T02:19:42Z [2,567ms] [Error] [omni.graph.tools._impl.internal.extension_contents_1_18] Exception while importing test omni.graph.action_nodes.ogn.tests.TestOgnBranch: Traceback (most recent call last):
  File "c:/users/kskzz/miniconda3/envs/env_isaaclab/lib/site-packages/isaacsim/extscache/omni.graph.tools-1.79.2+69cbf6ad/omni/graph/tools/_impl/internal/extension_contents_1_18.py", line 394, in do_import_test_definition
    test_module = load_module_from_file(test_module_name, test_file)
                  ^^^^^^^^^^^^^^^^^^^^^^^^^^^^^^^^^^^^^^^^^^^^^^^^^^
  File "c:/users/kskzz/miniconda3/envs/env_isaaclab/lib/site-packages/isaacsim/extscache/omni.graph.tools-1.79.2+69cbf6ad/omni/graph/tools/_impl/internal/file_utils.py", line 239, in load_module_from_file
    spec.loader.exec_module(module)
  File "<frozen importlib._bootstrap_external>", line 940, in exec_module
  File "<frozen importlib._bootstrap>", line 241, in _call_with_frames_removed
  File "c:\users\kskzz\miniconda3\envs\env_isaaclab\lib\site-packages\isaacsim\extscache\omni.graph.action_nodes-1.50.4+107.3.0.wx64.r.cp311.u353\omni\graph\action_nodes\ogn\tests\TestOgnBranch.py", line 4, in <module>
    import omni.graph.core.tests as ogts
ImportError: cannot import name 'tests' from 'omni.graph.core' (c:/users/kskzz/miniconda3/envs/env_isaaclab/lib/site-packages/isaacsim/extscache/omni.graph-1.141.2+69cbf6ad.wx64.r.cp311/omni/graph/core/__init__.py)

2026-08-01T02:19:42Z [2,568ms] [Error] [omni.graph.tools._impl.internal.extension_contents_1_18] Exception while importing test omni.graph.action_nodes.ogn.tests.TestOgnSwitchToken: Traceback (most recent call last):
  File "c:/users/kskzz/miniconda3/envs/env_isaaclab/lib/site-packages/isaacsim/extscache/omni.graph.tools-1.79.2+69cbf6ad/omni/graph/tools/_impl/internal/extension_contents_1_18.py", line 394, in do_import_test_definition
    test_module = load_module_from_file(test_module_name, test_file)
                  ^^^^^^^^^^^^^^^^^^^^^^^^^^^^^^^^^^^^^^^^^^^^^^^^^^
  File "c:/users/kskzz/miniconda3/envs/env_isaaclab/lib/site-packages/isaacsim/extscache/omni.graph.tools-1.79.2+69cbf6ad/omni/graph/tools/_impl/internal/file_utils.py", line 239, in load_module_from_file
    spec.loader.exec_module(module)
  File "<frozen importlib._bootstrap_external>", line 940, in exec_module
  File "<frozen importlib._bootstrap>", line 241, in _call_with_frames_removed
  File "c:\users\kskzz\miniconda3\envs\env_isaaclab\lib\site-packages\isaacsim\extscache\omni.graph.action_nodes-1.50.4+107.3.0.wx64.r.cp311.u353\omni\graph\action_nodes\ogn\tests\TestOgnSwitchToken.py", line 4, in <module>
    import omni.graph.core.tests as ogts
ImportError: cannot import name 'tests' from 'omni.graph.core' (c:/users/kskzz/miniconda3/envs/env_isaaclab/lib/site-packages/isaacsim/extscache/omni.graph-1.141.2+69cbf6ad.wx64.r.cp311/omni/graph/core/__init__.py)

2026-08-01T02:19:42Z [2,591ms] [Error] [omni.graph.tools._impl.internal.extension_contents_1_18] Exception while importing test omni.graph.action_nodes.ogn.tests.TestOgnSyncGate: Traceback (most recent call last):
  File "c:/users/kskzz/miniconda3/envs/env_isaaclab/lib/site-packages/isaacsim/extscache/omni.graph.tools-1.79.2+69cbf6ad/omni/graph/tools/_impl/internal/extension_contents_1_18.py", line 394, in do_import_test_definition
    test_module = load_module_from_file(test_module_name, test_file)
                  ^^^^^^^^^^^^^^^^^^^^^^^^^^^^^^^^^^^^^^^^^^^^^^^^^^
  File "c:/users/kskzz/miniconda3/envs/env_isaaclab/lib/site-packages/isaacsim/extscache/omni.graph.tools-1.79.2+69cbf6ad/omni/graph/tools/_impl/internal/file_utils.py", line 239, in load_module_from_file
    spec.loader.exec_module(module)
  File "<frozen importlib._bootstrap_external>", line 940, in exec_module
  File "<frozen importlib._bootstrap>", line 241, in _call_with_frames_removed
  File "c:\users\kskzz\miniconda3\envs\env_isaaclab\lib\site-packages\isaacsim\extscache\omni.graph.action_nodes-1.50.4+107.3.0.wx64.r.cp311.u353\omni\graph\action_nodes\ogn\tests\TestOgnSyncGate.py", line 4, in <module>
    import omni.graph.core.tests as ogts
  File "c:/users/kskzz/miniconda3/envs/env_isaaclab/lib/site-packages/isaacsim/extscache/omni.graph-1.141.2+69cbf6ad.wx64.r.cp311/omni/graph/core/tests/__init__.py", line 20, in <module>
    from .omnigraph_test_utils import OmniGraphTestCase
  File "c:/users/kskzz/miniconda3/envs/env_isaaclab/lib/site-packages/isaacsim/extscache/omni.graph-1.141.2+69cbf6ad.wx64.r.cp311/omni/graph/core/tests/omnigraph_test_utils.py", line 198, in <module>
    OmniGraphTestCase = test_case_class()
                        ^^^^^^^^^^^^^^^^^
  File "c:/users/kskzz/miniconda3/envs/env_isaaclab/lib/site-packages/isaacsim/extscache/omni.graph-1.141.2+69cbf6ad.wx64.r.cp311/omni/graph/core/tests/omnigraph_test_utils.py", line 135, in test_case_class
    base_class = omni.kit.test.AsyncTestCase
                 ^^^^^^^^^^^^^
AttributeError: cannot access submodule 'test' of module 'omni.kit' (most likely due to a circular import)

2026-08-01T02:19:42Z [2,597ms] [Error] [omni.graph.tools._impl.internal.extension_contents_1_18] Exception while importing test omni.graph.action_nodes.ogn.tests.TestOgnOnClosing: Traceback (most recent call last):
  File "c:/users/kskzz/miniconda3/envs/env_isaaclab/lib/site-packages/isaacsim/extscache/omni.graph.tools-1.79.2+69cbf6ad/omni/graph/tools/_impl/internal/extension_contents_1_18.py", line 394, in do_import_test_definition
    test_module = load_module_from_file(test_module_name, test_file)
                  ^^^^^^^^^^^^^^^^^^^^^^^^^^^^^^^^^^^^^^^^^^^^^^^^^^
  File "c:/users/kskzz/miniconda3/envs/env_isaaclab/lib/site-packages/isaacsim/extscache/omni.graph.tools-1.79.2+69cbf6ad/omni/graph/tools/_impl/internal/file_utils.py", line 239, in load_module_from_file
    spec.loader.exec_module(module)
  File "<frozen importlib._bootstrap_external>", line 940, in exec_module
  File "<frozen importlib._bootstrap>", line 241, in _call_with_frames_removed
  File "c:\users\kskzz\miniconda3\envs\env_isaaclab\lib\site-packages\isaacsim\extscache\omni.graph.action_nodes-1.50.4+107.3.0.wx64.r.cp311.u353\omni\graph\action_nodes\ogn\tests\TestOgnOnClosing.py", line 4, in <module>
    import omni.graph.core.tests as ogts
ImportError: cannot import name 'tests' from 'omni.graph.core' (c:/users/kskzz/miniconda3/envs/env_isaaclab/lib/site-packages/isaacsim/extscache/omni.graph-1.141.2+69cbf6ad.wx64.r.cp311/omni/graph/core/__init__.py)

2026-08-01T02:19:42Z [2,598ms] [Error] [omni.graph.tools._impl.internal.extension_contents_1_18] Exception while importing test omni.graph.action_nodes.ogn.tests.TestOgnOnce: Traceback (most recent call last):
  File "c:/users/kskzz/miniconda3/envs/env_isaaclab/lib/site-packages/isaacsim/extscache/omni.graph.tools-1.79.2+69cbf6ad/omni/graph/tools/_impl/internal/extension_contents_1_18.py", line 394, in do_import_test_definition
    test_module = load_module_from_file(test_module_name, test_file)
                  ^^^^^^^^^^^^^^^^^^^^^^^^^^^^^^^^^^^^^^^^^^^^^^^^^^
  File "c:/users/kskzz/miniconda3/envs/env_isaaclab/lib/site-packages/isaacsim/extscache/omni.graph.tools-1.79.2+69cbf6ad/omni/graph/tools/_impl/internal/file_utils.py", line 239, in load_module_from_file
    spec.loader.exec_module(module)
  File "<frozen importlib._bootstrap_external>", line 940, in exec_module
  File "<frozen importlib._bootstrap>", line 241, in _call_with_frames_removed
  File "c:\users\kskzz\miniconda3\envs\env_isaaclab\lib\site-packages\isaacsim\extscache\omni.graph.action_nodes-1.50.4+107.3.0.wx64.r.cp311.u353\omni\graph\action_nodes\ogn\tests\TestOgnOnce.py", line 4, in <module>
    import omni.graph.core.tests as ogts
ImportError: cannot import name 'tests' from 'omni.graph.core' (c:/users/kskzz/miniconda3/envs/env_isaaclab/lib/site-packages/isaacsim/extscache/omni.graph-1.141.2+69cbf6ad.wx64.r.cp311/omni/graph/core/__init__.py)

2026-08-01T02:19:42Z [2,599ms] [Error] [omni.graph.tools._impl.internal.extension_contents_1_18] Exception while importing test omni.graph.action_nodes.ogn.tests.TestOgnOnCustomEvent: Traceback (most recent call last):
  File "c:/users/kskzz/miniconda3/envs/env_isaaclab/lib/site-packages/isaacsim/extscache/omni.graph.tools-1.79.2+69cbf6ad/omni/graph/tools/_impl/internal/extension_contents_1_18.py", line 394, in do_import_test_definition
    test_module = load_module_from_file(test_module_name, test_file)
                  ^^^^^^^^^^^^^^^^^^^^^^^^^^^^^^^^^^^^^^^^^^^^^^^^^^
  File "c:/users/kskzz/miniconda3/envs/env_isaaclab/lib/site-packages/isaacsim/extscache/omni.graph.tools-1.79.2+69cbf6ad/omni/graph/tools/_impl/internal/file_utils.py", line 239, in load_module_from_file
    spec.loader.exec_module(module)
  File "<frozen importlib._bootstrap_external>", line 940, in exec_module
  File "<frozen importlib._bootstrap>", line 241, in _call_with_frames_removed
  File "c:\users\kskzz\miniconda3\envs\env_isaaclab\lib\site-packages\isaacsim\extscache\omni.graph.action_nodes-1.50.4+107.3.0.wx64.r.cp311.u353\omni\graph\action_nodes\ogn\tests\TestOgnOnCustomEvent.py", line 4, in <module>
    import omni.graph.core.tests as ogts
ImportError: cannot import name 'tests' from 'omni.graph.core' (c:/users/kskzz/miniconda3/envs/env_isaaclab/lib/site-packages/isaacsim/extscache/omni.graph-1.141.2+69cbf6ad.wx64.r.cp311/omni/graph/core/__init__.py)

2026-08-01T02:19:42Z [2,599ms] [Error] [omni.graph.tools._impl.internal.extension_contents_1_18] Exception while importing test omni.graph.action_nodes.ogn.tests.TestOgnForEach: Traceback (most recent call last):
  File "c:/users/kskzz/miniconda3/envs/env_isaaclab/lib/site-packages/isaacsim/extscache/omni.graph.tools-1.79.2+69cbf6ad/omni/graph/tools/_impl/internal/extension_contents_1_18.py", line 394, in do_import_test_definition
    test_module = load_module_from_file(test_module_name, test_file)
                  ^^^^^^^^^^^^^^^^^^^^^^^^^^^^^^^^^^^^^^^^^^^^^^^^^^
  File "c:/users/kskzz/miniconda3/envs/env_isaaclab/lib/site-packages/isaacsim/extscache/omni.graph.tools-1.79.2+69cbf6ad/omni/graph/tools/_impl/internal/file_utils.py", line 239, in load_module_from_file
    spec.loader.exec_module(module)
  File "<frozen importlib._bootstrap_external>", line 940, in exec_module
  File "<frozen importlib._bootstrap>", line 241, in _call_with_frames_removed
  File "c:\users\kskzz\miniconda3\envs\env_isaaclab\lib\site-packages\isaacsim\extscache\omni.graph.action_nodes-1.50.4+107.3.0.wx64.r.cp311.u353\omni\graph\action_nodes\ogn\tests\TestOgnForEach.py", line 4, in <module>
    import omni.graph.core.tests as ogts
  File "c:/users/kskzz/miniconda3/envs/env_isaaclab/lib/site-packages/isaacsim/extscache/omni.graph-1.141.2+69cbf6ad.wx64.r.cp311/omni/graph/core/tests/__init__.py", line 20, in <module>
    from .omnigraph_test_utils import OmniGraphTestCase
  File "c:/users/kskzz/miniconda3/envs/env_isaaclab/lib/site-packages/isaacsim/extscache/omni.graph-1.141.2+69cbf6ad.wx64.r.cp311/omni/graph/core/tests/omnigraph_test_utils.py", line 198, in <module>
    OmniGraphTestCase = test_case_class()
                        ^^^^^^^^^^^^^^^^^
  File "c:/users/kskzz/miniconda3/envs/env_isaaclab/lib/site-packages/isaacsim/extscache/omni.graph-1.141.2+69cbf6ad.wx64.r.cp311/omni/graph/core/tests/omnigraph_test_utils.py", line 135, in test_case_class
    base_class = omni.kit.test.AsyncTestCase
                 ^^^^^^^^^^^^^
AttributeError: cannot access submodule 'test' of module 'omni.kit' (most likely due to a circular import)

2026-08-01T02:19:42Z [2,600ms] [Error] [omni.graph.tools._impl.internal.extension_contents_1_18] Exception while importing test omni.graph.action_nodes.ogn.tests.TestOgnMultisequence: Traceback (most recent call last):
  File "c:/users/kskzz/miniconda3/envs/env_isaaclab/lib/site-packages/isaacsim/extscache/omni.graph.tools-1.79.2+69cbf6ad/omni/graph/tools/_impl/internal/extension_contents_1_18.py", line 394, in do_import_test_definition
    test_module = load_module_from_file(test_module_name, test_file)
                  ^^^^^^^^^^^^^^^^^^^^^^^^^^^^^^^^^^^^^^^^^^^^^^^^^^
  File "c:/users/kskzz/miniconda3/envs/env_isaaclab/lib/site-packages/isaacsim/extscache/omni.graph.tools-1.79.2+69cbf6ad/omni/graph/tools/_impl/internal/file_utils.py", line 239, in load_module_from_file
    spec.loader.exec_module(module)
  File "<frozen importlib._bootstrap_external>", line 940, in exec_module
  File "<frozen importlib._bootstrap>", line 241, in _call_with_frames_removed
  File "c:\users\kskzz\miniconda3\envs\env_isaaclab\lib\site-packages\isaacsim\extscache\omni.graph.action_nodes-1.50.4+107.3.0.wx64.r.cp311.u353\omni\graph\action_nodes\ogn\tests\TestOgnMultisequence.py", line 4, in <module>
    import omni.graph.core.tests as ogts
ImportError: cannot import name 'tests' from 'omni.graph.core' (c:/users/kskzz/miniconda3/envs/env_isaaclab/lib/site-packages/isaacsim/extscache/omni.graph-1.141.2+69cbf6ad.wx64.r.cp311/omni/graph/core/__init__.py)

2026-08-01T02:19:42Z [2,601ms] [Error] [omni.graph.tools._impl.internal.extension_contents_1_18] Exception while importing test omni.graph.action_nodes.ogn.tests.TestOgnMultigate: Traceback (most recent call last):
  File "c:/users/kskzz/miniconda3/envs/env_isaaclab/lib/site-packages/isaacsim/extscache/omni.graph.tools-1.79.2+69cbf6ad/omni/graph/tools/_impl/internal/extension_contents_1_18.py", line 394, in do_import_test_definition
    test_module = load_module_from_file(test_module_name, test_file)
                  ^^^^^^^^^^^^^^^^^^^^^^^^^^^^^^^^^^^^^^^^^^^^^^^^^^
  File "c:/users/kskzz/miniconda3/envs/env_isaaclab/lib/site-packages/isaacsim/extscache/omni.graph.tools-1.79.2+69cbf6ad/omni/graph/tools/_impl/internal/file_utils.py", line 239, in load_module_from_file
    spec.loader.exec_module(module)
  File "<frozen importlib._bootstrap_external>", line 940, in exec_module
  File "<frozen importlib._bootstrap>", line 241, in _call_with_frames_removed
  File "c:\users\kskzz\miniconda3\envs\env_isaaclab\lib\site-packages\isaacsim\extscache\omni.graph.action_nodes-1.50.4+107.3.0.wx64.r.cp311.u353\omni\graph\action_nodes\ogn\tests\TestOgnMultigate.py", line 4, in <module>
    import omni.graph.core.tests as ogts
ImportError: cannot import name 'tests' from 'omni.graph.core' (c:/users/kskzz/miniconda3/envs/env_isaaclab/lib/site-packages/isaacsim/extscache/omni.graph-1.141.2+69cbf6ad.wx64.r.cp311/omni/graph/core/__init__.py)

2026-08-01T02:19:42Z [2,601ms] [Error] [omni.graph.tools._impl.internal.extension_contents_1_18] Exception while importing test omni.graph.action_nodes.ogn.tests.TestOgnOnImpulseEvent: Traceback (most recent call last):
  File "c:/users/kskzz/miniconda3/envs/env_isaaclab/lib/site-packages/isaacsim/extscache/omni.graph.tools-1.79.2+69cbf6ad/omni/graph/tools/_impl/internal/extension_contents_1_18.py", line 394, in do_import_test_definition
    test_module = load_module_from_file(test_module_name, test_file)
                  ^^^^^^^^^^^^^^^^^^^^^^^^^^^^^^^^^^^^^^^^^^^^^^^^^^
  File "c:/users/kskzz/miniconda3/envs/env_isaaclab/lib/site-packages/isaacsim/extscache/omni.graph.tools-1.79.2+69cbf6ad/omni/graph/tools/_impl/internal/file_utils.py", line 239, in load_module_from_file
    spec.loader.exec_module(module)
  File "<frozen importlib._bootstrap_external>", line 940, in exec_module
  File "<frozen importlib._bootstrap>", line 241, in _call_with_frames_removed
  File "c:\users\kskzz\miniconda3\envs\env_isaaclab\lib\site-packages\isaacsim\extscache\omni.graph.action_nodes-1.50.4+107.3.0.wx64.r.cp311.u353\omni\graph\action_nodes\ogn\tests\TestOgnOnImpulseEvent.py", line 4, in <module>
    import omni.graph.core.tests as ogts
ImportError: cannot import name 'tests' from 'omni.graph.core' (c:/users/kskzz/miniconda3/envs/env_isaaclab/lib/site-packages/isaacsim/extscache/omni.graph-1.141.2+69cbf6ad.wx64.r.cp311/omni/graph/core/__init__.py)

2026-08-01T02:19:42Z [2,602ms] [Error] [omni.graph.tools._impl.internal.extension_contents_1_18] Exception while importing test omni.graph.action_nodes.ogn.tests.TestOgnOnLoaded: Traceback (most recent call last):
  File "c:/users/kskzz/miniconda3/envs/env_isaaclab/lib/site-packages/isaacsim/extscache/omni.graph.tools-1.79.2+69cbf6ad/omni/graph/tools/_impl/internal/extension_contents_1_18.py", line 394, in do_import_test_definition
    test_module = load_module_from_file(test_module_name, test_file)
                  ^^^^^^^^^^^^^^^^^^^^^^^^^^^^^^^^^^^^^^^^^^^^^^^^^^
  File "c:/users/kskzz/miniconda3/envs/env_isaaclab/lib/site-packages/isaacsim/extscache/omni.graph.tools-1.79.2+69cbf6ad/omni/graph/tools/_impl/internal/file_utils.py", line 239, in load_module_from_file
    spec.loader.exec_module(module)
  File "<frozen importlib._bootstrap_external>", line 940, in exec_module
  File "<frozen importlib._bootstrap>", line 241, in _call_with_frames_removed
  File "c:\users\kskzz\miniconda3\envs\env_isaaclab\lib\site-packages\isaacsim\extscache\omni.graph.action_nodes-1.50.4+107.3.0.wx64.r.cp311.u353\omni\graph\action_nodes\ogn\tests\TestOgnOnLoaded.py", line 4, in <module>
    import omni.graph.core.tests as ogts
ImportError: cannot import name 'tests' from 'omni.graph.core' (c:/users/kskzz/miniconda3/envs/env_isaaclab/lib/site-packages/isaacsim/extscache/omni.graph-1.141.2+69cbf6ad.wx64.r.cp311/omni/graph/core/__init__.py)

2026-08-01T02:19:42Z [2,602ms] [Error] [omni.graph.tools._impl.internal.extension_contents_1_18] Exception while importing test omni.graph.action_nodes.ogn.tests.TestOgnGate: Traceback (most recent call last):
  File "c:/users/kskzz/miniconda3/envs/env_isaaclab/lib/site-packages/isaacsim/extscache/omni.graph.tools-1.79.2+69cbf6ad/omni/graph/tools/_impl/internal/extension_contents_1_18.py", line 394, in do_import_test_definition
    test_module = load_module_from_file(test_module_name, test_file)
                  ^^^^^^^^^^^^^^^^^^^^^^^^^^^^^^^^^^^^^^^^^^^^^^^^^^
  File "c:/users/kskzz/miniconda3/envs/env_isaaclab/lib/site-packages/isaacsim/extscache/omni.graph.tools-1.79.2+69cbf6ad/omni/graph/tools/_impl/internal/file_utils.py", line 239, in load_module_from_file
    spec.loader.exec_module(module)
  File "<frozen importlib._bootstrap_external>", line 940, in exec_module
  File "<frozen importlib._bootstrap>", line 241, in _call_with_frames_removed
  File "c:\users\kskzz\miniconda3\envs\env_isaaclab\lib\site-packages\isaacsim\extscache\omni.graph.action_nodes-1.50.4+107.3.0.wx64.r.cp311.u353\omni\graph\action_nodes\ogn\tests\TestOgnGate.py", line 4, in <module>
    import omni.graph.core.tests as ogts
ImportError: cannot import name 'tests' from 'omni.graph.core' (c:/users/kskzz/miniconda3/envs/env_isaaclab/lib/site-packages/isaacsim/extscache/omni.graph-1.141.2+69cbf6ad.wx64.r.cp311/omni/graph/core/__init__.py)

2026-08-01T02:19:42Z [2,603ms] [Error] [omni.graph.tools._impl.internal.extension_contents_1_18] Exception while importing test omni.graph.action_nodes.ogn.tests.TestOgnOnKeyboardInput: Traceback (most recent call last):
  File "c:/users/kskzz/miniconda3/envs/env_isaaclab/lib/site-packages/isaacsim/extscache/omni.graph.tools-1.79.2+69cbf6ad/omni/graph/tools/_impl/internal/extension_contents_1_18.py", line 394, in do_import_test_definition
    test_module = load_module_from_file(test_module_name, test_file)
                  ^^^^^^^^^^^^^^^^^^^^^^^^^^^^^^^^^^^^^^^^^^^^^^^^^^
  File "c:/users/kskzz/miniconda3/envs/env_isaaclab/lib/site-packages/isaacsim/extscache/omni.graph.tools-1.79.2+69cbf6ad/omni/graph/tools/_impl/internal/file_utils.py", line 239, in load_module_from_file
    spec.loader.exec_module(module)
  File "<frozen importlib._bootstrap_external>", line 940, in exec_module
  File "<frozen importlib._bootstrap>", line 241, in _call_with_frames_removed
  File "c:\users\kskzz\miniconda3\envs\env_isaaclab\lib\site-packages\isaacsim\extscache\omni.graph.action_nodes-1.50.4+107.3.0.wx64.r.cp311.u353\omni\graph\action_nodes\ogn\tests\TestOgnOnKeyboardInput.py", line 4, in <module>
    import omni.graph.core.tests as ogts
ImportError: cannot import name 'tests' from 'omni.graph.core' (c:/users/kskzz/miniconda3/envs/env_isaaclab/lib/site-packages/isaacsim/extscache/omni.graph-1.141.2+69cbf6ad.wx64.r.cp311/omni/graph/core/__init__.py)

2026-08-01T02:19:42Z [2,604ms] [Error] [omni.graph.tools._impl.internal.extension_contents_1_18] Exception while importing test omni.graph.action_nodes.ogn.tests.TestOgnForEachTarget: Traceback (most recent call last):
  File "c:/users/kskzz/miniconda3/envs/env_isaaclab/lib/site-packages/isaacsim/extscache/omni.graph.tools-1.79.2+69cbf6ad/omni/graph/tools/_impl/internal/extension_contents_1_18.py", line 394, in do_import_test_definition
    test_module = load_module_from_file(test_module_name, test_file)
                  ^^^^^^^^^^^^^^^^^^^^^^^^^^^^^^^^^^^^^^^^^^^^^^^^^^
  File "c:/users/kskzz/miniconda3/envs/env_isaaclab/lib/site-packages/isaacsim/extscache/omni.graph.tools-1.79.2+69cbf6ad/omni/graph/tools/_impl/internal/file_utils.py", line 239, in load_module_from_file
    spec.loader.exec_module(module)
  File "<frozen importlib._bootstrap_external>", line 940, in exec_module
  File "<frozen importlib._bootstrap>", line 241, in _call_with_frames_removed
  File "c:\users\kskzz\miniconda3\envs\env_isaaclab\lib\site-packages\isaacsim\extscache\omni.graph.action_nodes-1.50.4+107.3.0.wx64.r.cp311.u353\omni\graph\action_nodes\ogn\tests\TestOgnForEachTarget.py", line 4, in <module>
    import omni.graph.core.tests as ogts
ImportError: cannot import name 'tests' from 'omni.graph.core' (c:/users/kskzz/miniconda3/envs/env_isaaclab/lib/site-packages/isaacsim/extscache/omni.graph-1.141.2+69cbf6ad.wx64.r.cp311/omni/graph/core/__init__.py)

2026-08-01T02:19:42Z [2,605ms] [Error] [omni.graph.tools._impl.internal.extension_contents_1_18] Exception while importing test omni.graph.action_nodes.ogn.tests.TestOgnOnMessageBusEvent: Traceback (most recent call last):
  File "c:/users/kskzz/miniconda3/envs/env_isaaclab/lib/site-packages/isaacsim/extscache/omni.graph.tools-1.79.2+69cbf6ad/omni/graph/tools/_impl/internal/extension_contents_1_18.py", line 394, in do_import_test_definition
    test_module = load_module_from_file(test_module_name, test_file)
                  ^^^^^^^^^^^^^^^^^^^^^^^^^^^^^^^^^^^^^^^^^^^^^^^^^^
  File "c:/users/kskzz/miniconda3/envs/env_isaaclab/lib/site-packages/isaacsim/extscache/omni.graph.tools-1.79.2+69cbf6ad/omni/graph/tools/_impl/internal/file_utils.py", line 239, in load_module_from_file
    spec.loader.exec_module(module)
  File "<frozen importlib._bootstrap_external>", line 940, in exec_module
  File "<frozen importlib._bootstrap>", line 241, in _call_with_frames_removed
  File "c:\users\kskzz\miniconda3\envs\env_isaaclab\lib\site-packages\isaacsim\extscache\omni.graph.action_nodes-1.50.4+107.3.0.wx64.r.cp311.u353\omni\graph\action_nodes\ogn\tests\TestOgnOnMessageBusEvent.py", line 4, in <module>
    import omni.graph.core.tests as ogts
ImportError: cannot import name 'tests' from 'omni.graph.core' (c:/users/kskzz/miniconda3/envs/env_isaaclab/lib/site-packages/isaacsim/extscache/omni.graph-1.141.2+69cbf6ad.wx64.r.cp311/omni/graph/core/__init__.py)

2026-08-01T02:19:42Z [2,606ms] [Error] [omni.graph.tools._impl.internal.extension_contents_1_18] Exception while importing test omni.graph.action_nodes.ogn.tests.TestOgnOnObjectChange: Traceback (most recent call last):
  File "c:/users/kskzz/miniconda3/envs/env_isaaclab/lib/site-packages/isaacsim/extscache/omni.graph.tools-1.79.2+69cbf6ad/omni/graph/tools/_impl/internal/extension_contents_1_18.py", line 394, in do_import_test_definition
    test_module = load_module_from_file(test_module_name, test_file)
                  ^^^^^^^^^^^^^^^^^^^^^^^^^^^^^^^^^^^^^^^^^^^^^^^^^^
  File "c:/users/kskzz/miniconda3/envs/env_isaaclab/lib/site-packages/isaacsim/extscache/omni.graph.tools-1.79.2+69cbf6ad/omni/graph/tools/_impl/internal/file_utils.py", line 239, in load_module_from_file
    spec.loader.exec_module(module)
  File "<frozen importlib._bootstrap_external>", line 940, in exec_module
  File "<frozen importlib._bootstrap>", line 241, in _call_with_frames_removed
  File "c:\users\kskzz\miniconda3\envs\env_isaaclab\lib\site-packages\isaacsim\extscache\omni.graph.action_nodes-1.50.4+107.3.0.wx64.r.cp311.u353\omni\graph\action_nodes\ogn\tests\TestOgnOnObjectChange.py", line 2, in <module>
    import omni.kit.test
  File "c:/users/kskzz/miniconda3/envs/env_isaaclab/lib/site-packages/isaacsim/extscache/omni.kit.test-2.0.1+69cbf6ad.wx64.r.cp311/omni/kit/test/__init__.py", line 7, in <module>
    from . import unittests
  File "c:/users/kskzz/miniconda3/envs/env_isaaclab/lib/site-packages/isaacsim/extscache/omni.kit.test-2.0.1+69cbf6ad.wx64.r.cp311/omni/kit/test/unittests.py", line 23, in <module>
    from .exttests import RunExtTests
  File "c:/users/kskzz/miniconda3/envs/env_isaaclab/lib/site-packages/isaacsim/extscache/omni.kit.test-2.0.1+69cbf6ad.wx64.r.cp311/omni/kit/test/exttests.py", line 31, in <module>
    from .sampling import SamplingFactor
  File "c:/users/kskzz/miniconda3/envs/env_isaaclab/lib/site-packages/isaacsim/extscache/omni.kit.test-2.0.1+69cbf6ad.wx64.r.cp311/omni/kit/test/sampling.py", line 4, in <module>
    from statistics import mean
  File "C:\robotics_sim\wlr_robot\resume_validation_fsm_residual_ppo\src\resume_validation\statistics.py", line 5, in <module>
    from statistics import mean, median, pstdev
ImportError: cannot import name 'mean' from partially initialized module 'statistics' (most likely due to a circular import) (C:\robotics_sim\wlr_robot\resume_validation_fsm_residual_ppo\src\resume_validation\statistics.py)

2026-08-01T02:19:42Z [2,610ms] [Error] [omni.graph.tools._impl.internal.extension_contents_1_18] Exception while importing test omni.graph.action_nodes.ogn.tests.TestOgnOnMouseInput: Traceback (most recent call last):
  File "c:/users/kskzz/miniconda3/envs/env_isaaclab/lib/site-packages/isaacsim/extscache/omni.graph.tools-1.79.2+69cbf6ad/omni/graph/tools/_impl/internal/extension_contents_1_18.py", line 394, in do_import_test_definition
    test_module = load_module_from_file(test_module_name, test_file)
                  ^^^^^^^^^^^^^^^^^^^^^^^^^^^^^^^^^^^^^^^^^^^^^^^^^^
  File "c:/users/kskzz/miniconda3/envs/env_isaaclab/lib/site-packages/isaacsim/extscache/omni.graph.tools-1.79.2+69cbf6ad/omni/graph/tools/_impl/internal/file_utils.py", line 239, in load_module_from_file
    spec.loader.exec_module(module)
  File "<frozen importlib._bootstrap_external>", line 940, in exec_module
  File "<frozen importlib._bootstrap>", line 241, in _call_with_frames_removed
  File "c:\users\kskzz\miniconda3\envs\env_isaaclab\lib\site-packages\isaacsim\extscache\omni.graph.action_nodes-1.50.4+107.3.0.wx64.r.cp311.u353\omni\graph\action_nodes\ogn\tests\TestOgnOnMouseInput.py", line 4, in <module>
    import omni.graph.core.tests as ogts
  File "c:/users/kskzz/miniconda3/envs/env_isaaclab/lib/site-packages/isaacsim/extscache/omni.graph-1.141.2+69cbf6ad.wx64.r.cp311/omni/graph/core/tests/__init__.py", line 20, in <module>
    from .omnigraph_test_utils import OmniGraphTestCase
  File "c:/users/kskzz/miniconda3/envs/env_isaaclab/lib/site-packages/isaacsim/extscache/omni.graph-1.141.2+69cbf6ad.wx64.r.cp311/omni/graph/core/tests/omnigraph_test_utils.py", line 198, in <module>
    OmniGraphTestCase = test_case_class()
                        ^^^^^^^^^^^^^^^^^
  File "c:/users/kskzz/miniconda3/envs/env_isaaclab/lib/site-packages/isaacsim/extscache/omni.graph-1.141.2+69cbf6ad.wx64.r.cp311/omni/graph/core/tests/omnigraph_test_utils.py", line 135, in test_case_class
    base_class = omni.kit.test.AsyncTestCase
                 ^^^^^^^^^^^^^
AttributeError: cannot access submodule 'test' of module 'omni.kit' (most likely due to a circular import)

2026-08-01T02:19:42Z [2,615ms] [Error] [omni.graph.tools._impl.internal.extension_contents_1_18] Exception while importing test omni.graph.action_nodes.ogn.tests.TestOgnOnVariableChange: Traceback (most recent call last):
  File "c:/users/kskzz/miniconda3/envs/env_isaaclab/lib/site-packages/isaacsim/extscache/omni.graph.tools-1.79.2+69cbf6ad/omni/graph/tools/_impl/internal/extension_contents_1_18.py", line 394, in do_import_test_definition
    test_module = load_module_from_file(test_module_name, test_file)
                  ^^^^^^^^^^^^^^^^^^^^^^^^^^^^^^^^^^^^^^^^^^^^^^^^^^
  File "c:/users/kskzz/miniconda3/envs/env_isaaclab/lib/site-packages/isaacsim/extscache/omni.graph.tools-1.79.2+69cbf6ad/omni/graph/tools/_impl/internal/file_utils.py", line 239, in load_module_from_file
    spec.loader.exec_module(module)
  File "<frozen importlib._bootstrap_external>", line 940, in exec_module
  File "<frozen importlib._bootstrap>", line 241, in _call_with_frames_removed
  File "c:\users\kskzz\miniconda3\envs\env_isaaclab\lib\site-packages\isaacsim\extscache\omni.graph.action_nodes-1.50.4+107.3.0.wx64.r.cp311.u353\omni\graph\action_nodes\ogn\tests\TestOgnOnVariableChange.py", line 4, in <module>
    import omni.graph.core.tests as ogts
  File "c:/users/kskzz/miniconda3/envs/env_isaaclab/lib/site-packages/isaacsim/extscache/omni.graph-1.141.2+69cbf6ad.wx64.r.cp311/omni/graph/core/tests/__init__.py", line 20, in <module>
    from .omnigraph_test_utils import OmniGraphTestCase
  File "c:/users/kskzz/miniconda3/envs/env_isaaclab/lib/site-packages/isaacsim/extscache/omni.graph-1.141.2+69cbf6ad.wx64.r.cp311/omni/graph/core/tests/omnigraph_test_utils.py", line 198, in <module>
    OmniGraphTestCase = test_case_class()
                        ^^^^^^^^^^^^^^^^^
  File "c:/users/kskzz/miniconda3/envs/env_isaaclab/lib/site-packages/isaacsim/extscache/omni.graph-1.141.2+69cbf6ad.wx64.r.cp311/omni/graph/core/tests/omnigraph_test_utils.py", line 135, in test_case_class
    base_class = omni.kit.test.AsyncTestCase
                 ^^^^^^^^^^^^^
AttributeError: cannot access submodule 'test' of module 'omni.kit' (most likely due to a circular import)

2026-08-01T02:19:42Z [2,619ms] [Error] [omni.graph.tools._impl.internal.extension_contents_1_18] Exception while importing test omni.graph.action_nodes.ogn.tests.TestOgnRationalTimeSyncGate: Traceback (most recent call last):
  File "c:/users/kskzz/miniconda3/envs/env_isaaclab/lib/site-packages/isaacsim/extscache/omni.graph.tools-1.79.2+69cbf6ad/omni/graph/tools/_impl/internal/extension_contents_1_18.py", line 394, in do_import_test_definition
    test_module = load_module_from_file(test_module_name, test_file)
                  ^^^^^^^^^^^^^^^^^^^^^^^^^^^^^^^^^^^^^^^^^^^^^^^^^^
  File "c:/users/kskzz/miniconda3/envs/env_isaaclab/lib/site-packages/isaacsim/extscache/omni.graph.tools-1.79.2+69cbf6ad/omni/graph/tools/_impl/internal/file_utils.py", line 239, in load_module_from_file
    spec.loader.exec_module(module)
  File "<frozen importlib._bootstrap_external>", line 940, in exec_module
  File "<frozen importlib._bootstrap>", line 241, in _call_with_frames_removed
  File "c:\users\kskzz\miniconda3\envs\env_isaaclab\lib\site-packages\isaacsim\extscache\omni.graph.action_nodes-1.50.4+107.3.0.wx64.r.cp311.u353\omni\graph\action_nodes\ogn\tests\TestOgnRationalTimeSyncGate.py", line 4, in <module>
    import omni.graph.core.tests as ogts
  File "c:/users/kskzz/miniconda3/envs/env_isaaclab/lib/site-packages/isaacsim/extscache/omni.graph-1.141.2+69cbf6ad.wx64.r.cp311/omni/graph/core/tests/__init__.py", line 20, in <module>
    from .omnigraph_test_utils import OmniGraphTestCase
  File "c:/users/kskzz/miniconda3/envs/env_isaaclab/lib/site-packages/isaacsim/extscache/omni.graph-1.141.2+69cbf6ad.wx64.r.cp311/omni/graph/core/tests/omnigraph_test_utils.py", line 198, in <module>
    OmniGraphTestCase = test_case_class()
                        ^^^^^^^^^^^^^^^^^
  File "c:/users/kskzz/miniconda3/envs/env_isaaclab/lib/site-packages/isaacsim/extscache/omni.graph-1.141.2+69cbf6ad.wx64.r.cp311/omni/graph/core/tests/omnigraph_test_utils.py", line 135, in test_case_class
    base_class = omni.kit.test.AsyncTestCase
                 ^^^^^^^^^^^^^
AttributeError: cannot access submodule 'test' of module 'omni.kit' (most likely due to a circular import)

2026-08-01T02:19:42Z [2,622ms] [Error] [omni.graph.tools._impl.internal.extension_contents_1_18] Exception while importing test omni.graph.action_nodes.ogn.tests.TestOgnOnPlaybackTick: Traceback (most recent call last):
  File "c:/users/kskzz/miniconda3/envs/env_isaaclab/lib/site-packages/isaacsim/extscache/omni.graph.tools-1.79.2+69cbf6ad/omni/graph/tools/_impl/internal/extension_contents_1_18.py", line 394, in do_import_test_definition
    test_module = load_module_from_file(test_module_name, test_file)
                  ^^^^^^^^^^^^^^^^^^^^^^^^^^^^^^^^^^^^^^^^^^^^^^^^^^
  File "c:/users/kskzz/miniconda3/envs/env_isaaclab/lib/site-packages/isaacsim/extscache/omni.graph.tools-1.79.2+69cbf6ad/omni/graph/tools/_impl/internal/file_utils.py", line 239, in load_module_from_file
    spec.loader.exec_module(module)
  File "<frozen importlib._bootstrap_external>", line 940, in exec_module
  File "<frozen importlib._bootstrap>", line 241, in _call_with_frames_removed
  File "c:\users\kskzz\miniconda3\envs\env_isaaclab\lib\site-packages\isaacsim\extscache\omni.graph.action_nodes-1.50.4+107.3.0.wx64.r.cp311.u353\omni\graph\action_nodes\ogn\tests\TestOgnOnPlaybackTick.py", line 2, in <module>
    import omni.kit.test
  File "c:/users/kskzz/miniconda3/envs/env_isaaclab/lib/site-packages/isaacsim/extscache/omni.kit.test-2.0.1+69cbf6ad.wx64.r.cp311/omni/kit/test/__init__.py", line 7, in <module>
    from . import unittests
  File "c:/users/kskzz/miniconda3/envs/env_isaaclab/lib/site-packages/isaacsim/extscache/omni.kit.test-2.0.1+69cbf6ad.wx64.r.cp311/omni/kit/test/unittests.py", line 23, in <module>
    from .exttests import RunExtTests
  File "c:/users/kskzz/miniconda3/envs/env_isaaclab/lib/site-packages/isaacsim/extscache/omni.kit.test-2.0.1+69cbf6ad.wx64.r.cp311/omni/kit/test/exttests.py", line 31, in <module>
    from .sampling import SamplingFactor
  File "c:/users/kskzz/miniconda3/envs/env_isaaclab/lib/site-packages/isaacsim/extscache/omni.kit.test-2.0.1+69cbf6ad.wx64.r.cp311/omni/kit/test/sampling.py", line 4, in <module>
    from statistics import mean
  File "C:\robotics_sim\wlr_robot\resume_validation_fsm_residual_ppo\src\resume_validation\statistics.py", line 5, in <module>
    from statistics import mean, median, pstdev
ImportError: cannot import name 'mean' from partially initialized module 'statistics' (most likely due to a circular import) (C:\robotics_sim\wlr_robot\resume_validation_fsm_residual_ppo\src\resume_validation\statistics.py)

2026-08-01T02:19:42Z [2,622ms] [Error] [omni.graph.tools._impl.internal.extension_contents_1_18] Exception while importing test omni.graph.action_nodes.ogn.tests.TestOgnSendCustomEvent: Traceback (most recent call last):
  File "c:/users/kskzz/miniconda3/envs/env_isaaclab/lib/site-packages/isaacsim/extscache/omni.graph.tools-1.79.2+69cbf6ad/omni/graph/tools/_impl/internal/extension_contents_1_18.py", line 394, in do_import_test_definition
    test_module = load_module_from_file(test_module_name, test_file)
                  ^^^^^^^^^^^^^^^^^^^^^^^^^^^^^^^^^^^^^^^^^^^^^^^^^^
  File "c:/users/kskzz/miniconda3/envs/env_isaaclab/lib/site-packages/isaacsim/extscache/omni.graph.tools-1.79.2+69cbf6ad/omni/graph/tools/_impl/internal/file_utils.py", line 239, in load_module_from_file
    spec.loader.exec_module(module)
  File "<frozen importlib._bootstrap_external>", line 940, in exec_module
  File "<frozen importlib._bootstrap>", line 241, in _call_with_frames_removed
  File "c:\users\kskzz\miniconda3\envs\env_isaaclab\lib\site-packages\isaacsim\extscache\omni.graph.action_nodes-1.50.4+107.3.0.wx64.r.cp311.u353\omni\graph\action_nodes\ogn\tests\TestOgnSendCustomEvent.py", line 4, in <module>
    import omni.graph.core.tests as ogts
  File "c:/users/kskzz/miniconda3/envs/env_isaaclab/lib/site-packages/isaacsim/extscache/omni.graph-1.141.2+69cbf6ad.wx64.r.cp311/omni/graph/core/tests/__init__.py", line 20, in <module>
    from .omnigraph_test_utils import OmniGraphTestCase
  File "c:/users/kskzz/miniconda3/envs/env_isaaclab/lib/site-packages/isaacsim/extscache/omni.graph-1.141.2+69cbf6ad.wx64.r.cp311/omni/graph/core/tests/omnigraph_test_utils.py", line 198, in <module>
    OmniGraphTestCase = test_case_class()
                        ^^^^^^^^^^^^^^^^^
  File "c:/users/kskzz/miniconda3/envs/env_isaaclab/lib/site-packages/isaacsim/extscache/omni.graph-1.141.2+69cbf6ad.wx64.r.cp311/omni/graph/core/tests/omnigraph_test_utils.py", line 135, in test_case_class
    base_class = omni.kit.test.AsyncTestCase
                 ^^^^^^^^^^^^^
AttributeError: module 'omni.kit' has no attribute 'test'

2026-08-01T02:19:42Z [2,623ms] [Error] [omni.graph.tools._impl.internal.extension_contents_1_18] Exception while importing test omni.graph.action_nodes.ogn.tests.TestOgnSequence: Traceback (most recent call last):
  File "c:/users/kskzz/miniconda3/envs/env_isaaclab/lib/site-packages/isaacsim/extscache/omni.graph.tools-1.79.2+69cbf6ad/omni/graph/tools/_impl/internal/extension_contents_1_18.py", line 394, in do_import_test_definition
    test_module = load_module_from_file(test_module_name, test_file)
                  ^^^^^^^^^^^^^^^^^^^^^^^^^^^^^^^^^^^^^^^^^^^^^^^^^^
  File "c:/users/kskzz/miniconda3/envs/env_isaaclab/lib/site-packages/isaacsim/extscache/omni.graph.tools-1.79.2+69cbf6ad/omni/graph/tools/_impl/internal/file_utils.py", line 239, in load_module_from_file
    spec.loader.exec_module(module)
  File "<frozen importlib._bootstrap_external>", line 940, in exec_module
  File "<frozen importlib._bootstrap>", line 241, in _call_with_frames_removed
  File "c:\users\kskzz\miniconda3\envs\env_isaaclab\lib\site-packages\isaacsim\extscache\omni.graph.action_nodes-1.50.4+107.3.0.wx64.r.cp311.u353\omni\graph\action_nodes\ogn\tests\TestOgnSequence.py", line 4, in <module>
    import omni.graph.core.tests as ogts
ImportError: cannot import name 'tests' from 'omni.graph.core' (c:/users/kskzz/miniconda3/envs/env_isaaclab/lib/site-packages/isaacsim/extscache/omni.graph-1.141.2+69cbf6ad.wx64.r.cp311/omni/graph/core/__init__.py)

2026-08-01T02:19:42Z [2,625ms] [Error] [omni.graph.tools._impl.internal.extension_contents_1_18] Exception while importing test omni.graph.action_nodes.ogn.tests.TestOgnOnStageEvent: Traceback (most recent call last):
  File "c:/users/kskzz/miniconda3/envs/env_isaaclab/lib/site-packages/isaacsim/extscache/omni.graph.tools-1.79.2+69cbf6ad/omni/graph/tools/_impl/internal/extension_contents_1_18.py", line 394, in do_import_test_definition
    test_module = load_module_from_file(test_module_name, test_file)
                  ^^^^^^^^^^^^^^^^^^^^^^^^^^^^^^^^^^^^^^^^^^^^^^^^^^
  File "c:/users/kskzz/miniconda3/envs/env_isaaclab/lib/site-packages/isaacsim/extscache/omni.graph.tools-1.79.2+69cbf6ad/omni/graph/tools/_impl/internal/file_utils.py", line 239, in load_module_from_file
    spec.loader.exec_module(module)
  File "<frozen importlib._bootstrap_external>", line 940, in exec_module
  File "<frozen importlib._bootstrap>", line 241, in _call_with_frames_removed
  File "c:\users\kskzz\miniconda3\envs\env_isaaclab\lib\site-packages\isaacsim\extscache\omni.graph.action_nodes-1.50.4+107.3.0.wx64.r.cp311.u353\omni\graph\action_nodes\ogn\tests\TestOgnOnStageEvent.py", line 4, in <module>
    import omni.graph.core.tests as ogts
ImportError: cannot import name 'tests' from 'omni.graph.core' (c:/users/kskzz/miniconda3/envs/env_isaaclab/lib/site-packages/isaacsim/extscache/omni.graph-1.141.2+69cbf6ad.wx64.r.cp311/omni/graph/core/__init__.py)

2026-08-01T02:19:42Z [2,625ms] [Error] [omni.graph.tools._impl.internal.extension_contents_1_18] Exception while importing test omni.graph.action_nodes.ogn.tests.TestOgnOnTick: Traceback (most recent call last):
  File "c:/users/kskzz/miniconda3/envs/env_isaaclab/lib/site-packages/isaacsim/extscache/omni.graph.tools-1.79.2+69cbf6ad/omni/graph/tools/_impl/internal/extension_contents_1_18.py", line 394, in do_import_test_definition
    test_module = load_module_from_file(test_module_name, test_file)
                  ^^^^^^^^^^^^^^^^^^^^^^^^^^^^^^^^^^^^^^^^^^^^^^^^^^
  File "c:/users/kskzz/miniconda3/envs/env_isaaclab/lib/site-packages/isaacsim/extscache/omni.graph.tools-1.79.2+69cbf6ad/omni/graph/tools/_impl/internal/file_utils.py", line 239, in load_module_from_file
    spec.loader.exec_module(module)
  File "<frozen importlib._bootstrap_external>", line 940, in exec_module
  File "<frozen importlib._bootstrap>", line 241, in _call_with_frames_removed
  File "c:\users\kskzz\miniconda3\envs\env_isaaclab\lib\site-packages\isaacsim\extscache\omni.graph.action_nodes-1.50.4+107.3.0.wx64.r.cp311.u353\omni\graph\action_nodes\ogn\tests\TestOgnOnTick.py", line 4, in <module>
    import omni.graph.core.tests as ogts
ImportError: cannot import name 'tests' from 'omni.graph.core' (c:/users/kskzz/miniconda3/envs/env_isaaclab/lib/site-packages/isaacsim/extscache/omni.graph-1.141.2+69cbf6ad.wx64.r.cp311/omni/graph/core/__init__.py)

2026-08-01T02:19:42Z [2,626ms] [Error] [omni.graph.tools._impl.internal.extension_contents_1_18] Exception while importing test omni.graph.action_nodes.ogn.tests.TestOgnSetPrimActive: Traceback (most recent call last):
  File "c:/users/kskzz/miniconda3/envs/env_isaaclab/lib/site-packages/isaacsim/extscache/omni.graph.tools-1.79.2+69cbf6ad/omni/graph/tools/_impl/internal/extension_contents_1_18.py", line 394, in do_import_test_definition
    test_module = load_module_from_file(test_module_name, test_file)
                  ^^^^^^^^^^^^^^^^^^^^^^^^^^^^^^^^^^^^^^^^^^^^^^^^^^
  File "c:/users/kskzz/miniconda3/envs/env_isaaclab/lib/site-packages/isaacsim/extscache/omni.graph.tools-1.79.2+69cbf6ad/omni/graph/tools/_impl/internal/file_utils.py", line 239, in load_module_from_file
    spec.loader.exec_module(module)
  File "<frozen importlib._bootstrap_external>", line 940, in exec_module
  File "<frozen importlib._bootstrap>", line 241, in _call_with_frames_removed
  File "c:\users\kskzz\miniconda3\envs\env_isaaclab\lib\site-packages\isaacsim\extscache\omni.graph.action_nodes-1.50.4+107.3.0.wx64.r.cp311.u353\omni\graph\action_nodes\ogn\tests\TestOgnSetPrimActive.py", line 4, in <module>
    import omni.graph.core.tests as ogts
  File "c:/users/kskzz/miniconda3/envs/env_isaaclab/lib/site-packages/isaacsim/extscache/omni.graph-1.141.2+69cbf6ad.wx64.r.cp311/omni/graph/core/tests/__init__.py", line 20, in <module>
    from .omnigraph_test_utils import OmniGraphTestCase
  File "c:/users/kskzz/miniconda3/envs/env_isaaclab/lib/site-packages/isaacsim/extscache/omni.graph-1.141.2+69cbf6ad.wx64.r.cp311/omni/graph/core/tests/omnigraph_test_utils.py", line 198, in <module>
    OmniGraphTestCase = test_case_class()
                        ^^^^^^^^^^^^^^^^^
  File "c:/users/kskzz/miniconda3/envs/env_isaaclab/lib/site-packages/isaacsim/extscache/omni.graph-1.141.2+69cbf6ad.wx64.r.cp311/omni/graph/core/tests/omnigraph_test_utils.py", line 135, in test_case_class
    base_class = omni.kit.test.AsyncTestCase
                 ^^^^^^^^^^^^^
AttributeError: module 'omni.kit' has no attribute 'test'

2026-08-01T02:19:45Z [5,278ms] [Error] [omni.graph.tools._impl.internal.extension_contents_1_18] Exception while importing test omni.replicator.core.ogn.tests.TestOgnArray: Traceback (most recent call last):
  File "c:/users/kskzz/miniconda3/envs/env_isaaclab/lib/site-packages/isaacsim/extscache/omni.graph.tools-1.79.2+69cbf6ad/omni/graph/tools/_impl/internal/extension_contents_1_18.py", line 394, in do_import_test_definition
    test_module = load_module_from_file(test_module_name, test_file)
                  ^^^^^^^^^^^^^^^^^^^^^^^^^^^^^^^^^^^^^^^^^^^^^^^^^^
  File "c:/users/kskzz/miniconda3/envs/env_isaaclab/lib/site-packages/isaacsim/extscache/omni.graph.tools-1.79.2+69cbf6ad/omni/graph/tools/_impl/internal/file_utils.py", line 239, in load_module_from_file
    spec.loader.exec_module(module)
  File "<frozen importlib._bootstrap_external>", line 940, in exec_module
  File "<frozen importlib._bootstrap>", line 241, in _call_with_frames_removed
  File "c:\users\kskzz\miniconda3\envs\env_isaaclab\lib\site-packages\isaacsim\kit\cache\ogn_generated\1.79.2\omni.replicator.core-1.12.27\omni.replicator.core\ogn\tests\TestOgnArray.py", line 4, in <module>
    import omni.graph.core.tests as ogts
  File "c:/users/kskzz/miniconda3/envs/env_isaaclab/lib/site-packages/isaacsim/extscache/omni.graph-1.141.2+69cbf6ad.wx64.r.cp311/omni/graph/core/tests/__init__.py", line 20, in <module>
    from .omnigraph_test_utils import OmniGraphTestCase
  File "c:/users/kskzz/miniconda3/envs/env_isaaclab/lib/site-packages/isaacsim/extscache/omni.graph-1.141.2+69cbf6ad.wx64.r.cp311/omni/graph/core/tests/omnigraph_test_utils.py", line 198, in <module>
    OmniGraphTestCase = test_case_class()
                        ^^^^^^^^^^^^^^^^^
  File "c:/users/kskzz/miniconda3/envs/env_isaaclab/lib/site-packages/isaacsim/extscache/omni.graph-1.141.2+69cbf6ad.wx64.r.cp311/omni/graph/core/tests/omnigraph_test_utils.py", line 135, in test_case_class
    base_class = omni.kit.test.AsyncTestCase
                 ^^^^^^^^^^^^^
AttributeError: cannot access submodule 'test' of module 'omni.kit' (most likely due to a circular import)

2026-08-01T02:19:45Z [5,294ms] [Error] [omni.graph.tools._impl.internal.extension_contents_1_18] Exception while importing test omni.replicator.core.ogn.tests.TestOgnAugBgRandExp: Traceback (most recent call last):
  File "c:/users/kskzz/miniconda3/envs/env_isaaclab/lib/site-packages/isaacsim/extscache/omni.graph.tools-1.79.2+69cbf6ad/omni/graph/tools/_impl/internal/extension_contents_1_18.py", line 394, in do_import_test_definition
    test_module = load_module_from_file(test_module_name, test_file)
                  ^^^^^^^^^^^^^^^^^^^^^^^^^^^^^^^^^^^^^^^^^^^^^^^^^^
  File "c:/users/kskzz/miniconda3/envs/env_isaaclab/lib/site-packages/isaacsim/extscache/omni.graph.tools-1.79.2+69cbf6ad/omni/graph/tools/_impl/internal/file_utils.py", line 239, in load_module_from_file
    spec.loader.exec_module(module)
  File "<frozen importlib._bootstrap_external>", line 940, in exec_module
  File "<frozen importlib._bootstrap>", line 241, in _call_with_frames_removed
  File "c:\users\kskzz\miniconda3\envs\env_isaaclab\lib\site-packages\isaacsim\kit\cache\ogn_generated\1.79.2\omni.replicator.core-1.12.27\omni.replicator.core\ogn\tests\TestOgnAugBgRandExp.py", line 4, in <module>
    import omni.graph.core.tests as ogts
  File "c:/users/kskzz/miniconda3/envs/env_isaaclab/lib/site-packages/isaacsim/extscache/omni.graph-1.141.2+69cbf6ad.wx64.r.cp311/omni/graph/core/tests/__init__.py", line 20, in <module>
    from .omnigraph_test_utils import OmniGraphTestCase
  File "c:/users/kskzz/miniconda3/envs/env_isaaclab/lib/site-packages/isaacsim/extscache/omni.graph-1.141.2+69cbf6ad.wx64.r.cp311/omni/graph/core/tests/omnigraph_test_utils.py", line 198, in <module>
    OmniGraphTestCase = test_case_class()
                        ^^^^^^^^^^^^^^^^^
  File "c:/users/kskzz/miniconda3/envs/env_isaaclab/lib/site-packages/isaacsim/extscache/omni.graph-1.141.2+69cbf6ad.wx64.r.cp311/omni/graph/core/tests/omnigraph_test_utils.py", line 135, in test_case_class
    base_class = omni.kit.test.AsyncTestCase
                 ^^^^^^^^^^^^^
AttributeError: cannot access submodule 'test' of module 'omni.kit' (most likely due to a circular import)

2026-08-01T02:19:45Z [5,323ms] [Error] [omni.graph.tools._impl.internal.extension_contents_1_18] Exception while importing test omni.replicator.core.ogn.tests.TestOgnAugCanny: Traceback (most recent call last):
  File "c:/users/kskzz/miniconda3/envs/env_isaaclab/lib/site-packages/isaacsim/extscache/omni.graph.tools-1.79.2+69cbf6ad/omni/graph/tools/_impl/internal/extension_contents_1_18.py", line 394, in do_import_test_definition
    test_module = load_module_from_file(test_module_name, test_file)
                  ^^^^^^^^^^^^^^^^^^^^^^^^^^^^^^^^^^^^^^^^^^^^^^^^^^
  File "c:/users/kskzz/miniconda3/envs/env_isaaclab/lib/site-packages/isaacsim/extscache/omni.graph.tools-1.79.2+69cbf6ad/omni/graph/tools/_impl/internal/file_utils.py", line 239, in load_module_from_file
    spec.loader.exec_module(module)
  File "<frozen importlib._bootstrap_external>", line 940, in exec_module
  File "<frozen importlib._bootstrap>", line 241, in _call_with_frames_removed
  File "c:\users\kskzz\miniconda3\envs\env_isaaclab\lib\site-packages\isaacsim\kit\cache\ogn_generated\1.79.2\omni.replicator.core-1.12.27\omni.replicator.core\ogn\tests\TestOgnAugCanny.py", line 4, in <module>
    import omni.graph.core.tests as ogts
  File "c:/users/kskzz/miniconda3/envs/env_isaaclab/lib/site-packages/isaacsim/extscache/omni.graph-1.141.2+69cbf6ad.wx64.r.cp311/omni/graph/core/tests/__init__.py", line 20, in <module>
    from .omnigraph_test_utils import OmniGraphTestCase
  File "c:/users/kskzz/miniconda3/envs/env_isaaclab/lib/site-packages/isaacsim/extscache/omni.graph-1.141.2+69cbf6ad.wx64.r.cp311/omni/graph/core/tests/omnigraph_test_utils.py", line 198, in <module>
    OmniGraphTestCase = test_case_class()
                        ^^^^^^^^^^^^^^^^^
  File "c:/users/kskzz/miniconda3/envs/env_isaaclab/lib/site-packages/isaacsim/extscache/omni.graph-1.141.2+69cbf6ad.wx64.r.cp311/omni/graph/core/tests/omnigraph_test_utils.py", line 135, in test_case_class
    base_class = omni.kit.test.AsyncTestCase
                 ^^^^^^^^^^^^^
AttributeError: cannot access submodule 'test' of module 'omni.kit' (most likely due to a circular import)

2026-08-01T02:19:45Z [5,342ms] [Error] [omni.graph.tools._impl.internal.extension_contents_1_18] Exception while importing test omni.replicator.core.ogn.tests.TestOgnAugContrastExp: Traceback (most recent call last):
  File "c:/users/kskzz/miniconda3/envs/env_isaaclab/lib/site-packages/isaacsim/extscache/omni.graph.tools-1.79.2+69cbf6ad/omni/graph/tools/_impl/internal/extension_contents_1_18.py", line 394, in do_import_test_definition
    test_module = load_module_from_file(test_module_name, test_file)
                  ^^^^^^^^^^^^^^^^^^^^^^^^^^^^^^^^^^^^^^^^^^^^^^^^^^
  File "c:/users/kskzz/miniconda3/envs/env_isaaclab/lib/site-packages/isaacsim/extscache/omni.graph.tools-1.79.2+69cbf6ad/omni/graph/tools/_impl/internal/file_utils.py", line 239, in load_module_from_file
    spec.loader.exec_module(module)
  File "<frozen importlib._bootstrap_external>", line 940, in exec_module
  File "<frozen importlib._bootstrap>", line 241, in _call_with_frames_removed
  File "c:\users\kskzz\miniconda3\envs\env_isaaclab\lib\site-packages\isaacsim\kit\cache\ogn_generated\1.79.2\omni.replicator.core-1.12.27\omni.replicator.core\ogn\tests\TestOgnAugContrastExp.py", line 2, in <module>
    import omni.kit.test
  File "c:/users/kskzz/miniconda3/envs/env_isaaclab/lib/site-packages/isaacsim/extscache/omni.kit.test-2.0.1+69cbf6ad.wx64.r.cp311/omni/kit/test/__init__.py", line 7, in <module>
    from . import unittests
  File "c:/users/kskzz/miniconda3/envs/env_isaaclab/lib/site-packages/isaacsim/extscache/omni.kit.test-2.0.1+69cbf6ad.wx64.r.cp311/omni/kit/test/unittests.py", line 23, in <module>
    from .exttests import RunExtTests
  File "c:/users/kskzz/miniconda3/envs/env_isaaclab/lib/site-packages/isaacsim/extscache/omni.kit.test-2.0.1+69cbf6ad.wx64.r.cp311/omni/kit/test/exttests.py", line 31, in <module>
    from .sampling import SamplingFactor
  File "c:/users/kskzz/miniconda3/envs/env_isaaclab/lib/site-packages/isaacsim/extscache/omni.kit.test-2.0.1+69cbf6ad.wx64.r.cp311/omni/kit/test/sampling.py", line 4, in <module>
    from statistics import mean
  File "C:\robotics_sim\wlr_robot\resume_validation_fsm_residual_ppo\src\resume_validation\statistics.py", line 5, in <module>
    from statistics import mean, median, pstdev
ImportError: cannot import name 'mean' from partially initialized module 'statistics' (most likely due to a circular import) (C:\robotics_sim\wlr_robot\resume_validation_fsm_residual_ppo\src\resume_validation\statistics.py)

2026-08-01T02:19:45Z [5,367ms] [Error] [omni.graph.tools._impl.internal.extension_contents_1_18] Exception while importing test omni.replicator.core.ogn.tests.TestOgnAugConv2dExp: Traceback (most recent call last):
  File "c:/users/kskzz/miniconda3/envs/env_isaaclab/lib/site-packages/isaacsim/extscache/omni.graph.tools-1.79.2+69cbf6ad/omni/graph/tools/_impl/internal/extension_contents_1_18.py", line 394, in do_import_test_definition
    test_module = load_module_from_file(test_module_name, test_file)
                  ^^^^^^^^^^^^^^^^^^^^^^^^^^^^^^^^^^^^^^^^^^^^^^^^^^
  File "c:/users/kskzz/miniconda3/envs/env_isaaclab/lib/site-packages/isaacsim/extscache/omni.graph.tools-1.79.2+69cbf6ad/omni/graph/tools/_impl/internal/file_utils.py", line 239, in load_module_from_file
    spec.loader.exec_module(module)
  File "<frozen importlib._bootstrap_external>", line 940, in exec_module
  File "<frozen importlib._bootstrap>", line 241, in _call_with_frames_removed
  File "c:\users\kskzz\miniconda3\envs\env_isaaclab\lib\site-packages\isaacsim\kit\cache\ogn_generated\1.79.2\omni.replicator.core-1.12.27\omni.replicator.core\ogn\tests\TestOgnAugConv2dExp.py", line 2, in <module>
    import omni.kit.test
  File "c:/users/kskzz/miniconda3/envs/env_isaaclab/lib/site-packages/isaacsim/extscache/omni.kit.test-2.0.1+69cbf6ad.wx64.r.cp311/omni/kit/test/__init__.py", line 7, in <module>
    from . import unittests
  File "c:/users/kskzz/miniconda3/envs/env_isaaclab/lib/site-packages/isaacsim/extscache/omni.kit.test-2.0.1+69cbf6ad.wx64.r.cp311/omni/kit/test/unittests.py", line 23, in <module>
    from .exttests import RunExtTests
  File "c:/users/kskzz/miniconda3/envs/env_isaaclab/lib/site-packages/isaacsim/extscache/omni.kit.test-2.0.1+69cbf6ad.wx64.r.cp311/omni/kit/test/exttests.py", line 31, in <module>
    from .sampling import SamplingFactor
  File "c:/users/kskzz/miniconda3/envs/env_isaaclab/lib/site-packages/isaacsim/extscache/omni.kit.test-2.0.1+69cbf6ad.wx64.r.cp311/omni/kit/test/sampling.py", line 4, in <module>
    from statistics import mean
  File "C:\robotics_sim\wlr_robot\resume_validation_fsm_residual_ppo\src\resume_validation\statistics.py", line 5, in <module>
    from statistics import mean, median, pstdev
ImportError: cannot import name 'mean' from partially initialized module 'statistics' (most likely due to a circular import) (C:\robotics_sim\wlr_robot\resume_validation_fsm_residual_ppo\src\resume_validation\statistics.py)

2026-08-01T02:19:45Z [5,389ms] [Error] [omni.graph.tools._impl.internal.extension_contents_1_18] Exception while importing test omni.replicator.core.ogn.tests.TestOgnAugCropResizeExp: Traceback (most recent call last):
  File "c:/users/kskzz/miniconda3/envs/env_isaaclab/lib/site-packages/isaacsim/extscache/omni.graph.tools-1.79.2+69cbf6ad/omni/graph/tools/_impl/internal/extension_contents_1_18.py", line 394, in do_import_test_definition
    test_module = load_module_from_file(test_module_name, test_file)
                  ^^^^^^^^^^^^^^^^^^^^^^^^^^^^^^^^^^^^^^^^^^^^^^^^^^
  File "c:/users/kskzz/miniconda3/envs/env_isaaclab/lib/site-packages/isaacsim/extscache/omni.graph.tools-1.79.2+69cbf6ad/omni/graph/tools/_impl/internal/file_utils.py", line 239, in load_module_from_file
    spec.loader.exec_module(module)
  File "<frozen importlib._bootstrap_external>", line 940, in exec_module
  File "<frozen importlib._bootstrap>", line 241, in _call_with_frames_removed
  File "c:\users\kskzz\miniconda3\envs\env_isaaclab\lib\site-packages\isaacsim\kit\cache\ogn_generated\1.79.2\omni.replicator.core-1.12.27\omni.replicator.core\ogn\tests\TestOgnAugCropResizeExp.py", line 2, in <module>
    import omni.kit.test
  File "c:/users/kskzz/miniconda3/envs/env_isaaclab/lib/site-packages/isaacsim/extscache/omni.kit.test-2.0.1+69cbf6ad.wx64.r.cp311/omni/kit/test/__init__.py", line 7, in <module>
    from . import unittests
  File "c:/users/kskzz/miniconda3/envs/env_isaaclab/lib/site-packages/isaacsim/extscache/omni.kit.test-2.0.1+69cbf6ad.wx64.r.cp311/omni/kit/test/unittests.py", line 23, in <module>
    from .exttests import RunExtTests
  File "c:/users/kskzz/miniconda3/envs/env_isaaclab/lib/site-packages/isaacsim/extscache/omni.kit.test-2.0.1+69cbf6ad.wx64.r.cp311/omni/kit/test/exttests.py", line 31, in <module>
    from .sampling import SamplingFactor
  File "c:/users/kskzz/miniconda3/envs/env_isaaclab/lib/site-packages/isaacsim/extscache/omni.kit.test-2.0.1+69cbf6ad.wx64.r.cp311/omni/kit/test/sampling.py", line 4, in <module>
    from statistics import mean
  File "C:\robotics_sim\wlr_robot\resume_validation_fsm_residual_ppo\src\resume_validation\statistics.py", line 5, in <module>
    from statistics import mean, median, pstdev
ImportError: cannot import name 'mean' from partially initialized module 'statistics' (most likely due to a circular import) (C:\robotics_sim\wlr_robot\resume_validation_fsm_residual_ppo\src\resume_validation\statistics.py)

2026-08-01T02:19:45Z [5,404ms] [Error] [omni.graph.tools._impl.internal.extension_contents_1_18] Exception while importing test omni.replicator.core.ogn.tests.TestOgnAugCutMixExp: Traceback (most recent call last):
  File "c:/users/kskzz/miniconda3/envs/env_isaaclab/lib/site-packages/isaacsim/extscache/omni.graph.tools-1.79.2+69cbf6ad/omni/graph/tools/_impl/internal/extension_contents_1_18.py", line 394, in do_import_test_definition
    test_module = load_module_from_file(test_module_name, test_file)
                  ^^^^^^^^^^^^^^^^^^^^^^^^^^^^^^^^^^^^^^^^^^^^^^^^^^
  File "c:/users/kskzz/miniconda3/envs/env_isaaclab/lib/site-packages/isaacsim/extscache/omni.graph.tools-1.79.2+69cbf6ad/omni/graph/tools/_impl/internal/file_utils.py", line 239, in load_module_from_file
    spec.loader.exec_module(module)
  File "<frozen importlib._bootstrap_external>", line 940, in exec_module
  File "<frozen importlib._bootstrap>", line 241, in _call_with_frames_removed
  File "c:\users\kskzz\miniconda3\envs\env_isaaclab\lib\site-packages\isaacsim\kit\cache\ogn_generated\1.79.2\omni.replicator.core-1.12.27\omni.replicator.core\ogn\tests\TestOgnAugCutMixExp.py", line 4, in <module>
    import omni.graph.core.tests as ogts
  File "c:/users/kskzz/miniconda3/envs/env_isaaclab/lib/site-packages/isaacsim/extscache/omni.graph-1.141.2+69cbf6ad.wx64.r.cp311/omni/graph/core/tests/__init__.py", line 20, in <module>
    from .omnigraph_test_utils import OmniGraphTestCase
  File "c:/users/kskzz/miniconda3/envs/env_isaaclab/lib/site-packages/isaacsim/extscache/omni.graph-1.141.2+69cbf6ad.wx64.r.cp311/omni/graph/core/tests/omnigraph_test_utils.py", line 198, in <module>
    OmniGraphTestCase = test_case_class()
                        ^^^^^^^^^^^^^^^^^
  File "c:/users/kskzz/miniconda3/envs/env_isaaclab/lib/site-packages/isaacsim/extscache/omni.graph-1.141.2+69cbf6ad.wx64.r.cp311/omni/graph/core/tests/omnigraph_test_utils.py", line 135, in test_case_class
    base_class = omni.kit.test.AsyncTestCase
                 ^^^^^^^^^^^^^
AttributeError: cannot access submodule 'test' of module 'omni.kit' (most likely due to a circular import)

2026-08-01T02:19:45Z [5,420ms] [Error] [omni.graph.tools._impl.internal.extension_contents_1_18] Exception while importing test omni.replicator.core.ogn.tests.TestOgnAugImgBlendExp: Traceback (most recent call last):
  File "c:/users/kskzz/miniconda3/envs/env_isaaclab/lib/site-packages/isaacsim/extscache/omni.graph.tools-1.79.2+69cbf6ad/omni/graph/tools/_impl/internal/extension_contents_1_18.py", line 394, in do_import_test_definition
    test_module = load_module_from_file(test_module_name, test_file)
                  ^^^^^^^^^^^^^^^^^^^^^^^^^^^^^^^^^^^^^^^^^^^^^^^^^^
  File "c:/users/kskzz/miniconda3/envs/env_isaaclab/lib/site-packages/isaacsim/extscache/omni.graph.tools-1.79.2+69cbf6ad/omni/graph/tools/_impl/internal/file_utils.py", line 239, in load_module_from_file
    spec.loader.exec_module(module)
  File "<frozen importlib._bootstrap_external>", line 940, in exec_module
  File "<frozen importlib._bootstrap>", line 241, in _call_with_frames_removed
  File "c:\users\kskzz\miniconda3\envs\env_isaaclab\lib\site-packages\isaacsim\kit\cache\ogn_generated\1.79.2\omni.replicator.core-1.12.27\omni.replicator.core\ogn\tests\TestOgnAugImgBlendExp.py", line 4, in <module>
    import omni.graph.core.tests as ogts
  File "c:/users/kskzz/miniconda3/envs/env_isaaclab/lib/site-packages/isaacsim/extscache/omni.graph-1.141.2+69cbf6ad.wx64.r.cp311/omni/graph/core/tests/__init__.py", line 20, in <module>
    from .omnigraph_test_utils import OmniGraphTestCase
  File "c:/users/kskzz/miniconda3/envs/env_isaaclab/lib/site-packages/isaacsim/extscache/omni.graph-1.141.2+69cbf6ad.wx64.r.cp311/omni/graph/core/tests/omnigraph_test_utils.py", line 198, in <module>
    OmniGraphTestCase = test_case_class()
                        ^^^^^^^^^^^^^^^^^
  File "c:/users/kskzz/miniconda3/envs/env_isaaclab/lib/site-packages/isaacsim/extscache/omni.graph-1.141.2+69cbf6ad.wx64.r.cp311/omni/graph/core/tests/omnigraph_test_utils.py", line 135, in test_case_class
    base_class = omni.kit.test.AsyncTestCase
                 ^^^^^^^^^^^^^
AttributeError: cannot access submodule 'test' of module 'omni.kit' (most likely due to a circular import)

2026-08-01T02:19:45Z [5,434ms] [Error] [omni.graph.tools._impl.internal.extension_contents_1_18] Exception while importing test omni.replicator.core.ogn.tests.TestOgnOnFrame: Traceback (most recent call last):
  File "c:/users/kskzz/miniconda3/envs/env_isaaclab/lib/site-packages/isaacsim/extscache/omni.graph.tools-1.79.2+69cbf6ad/omni/graph/tools/_impl/internal/extension_contents_1_18.py", line 394, in do_import_test_definition
    test_module = load_module_from_file(test_module_name, test_file)
                  ^^^^^^^^^^^^^^^^^^^^^^^^^^^^^^^^^^^^^^^^^^^^^^^^^^
  File "c:/users/kskzz/miniconda3/envs/env_isaaclab/lib/site-packages/isaacsim/extscache/omni.graph.tools-1.79.2+69cbf6ad/omni/graph/tools/_impl/internal/file_utils.py", line 239, in load_module_from_file
    spec.loader.exec_module(module)
  File "<frozen importlib._bootstrap_external>", line 940, in exec_module
  File "<frozen importlib._bootstrap>", line 241, in _call_with_frames_removed
  File "c:\users\kskzz\miniconda3\envs\env_isaaclab\lib\site-packages\isaacsim\kit\cache\ogn_generated\1.79.2\omni.replicator.core-1.12.27\omni.replicator.core\ogn\tests\TestOgnOnFrame.py", line 4, in <module>
    import omni.graph.core.tests as ogts
  File "c:/users/kskzz/miniconda3/envs/env_isaaclab/lib/site-packages/isaacsim/extscache/omni.graph-1.141.2+69cbf6ad.wx64.r.cp311/omni/graph/core/tests/__init__.py", line 20, in <module>
    from .omnigraph_test_utils import OmniGraphTestCase
  File "c:/users/kskzz/miniconda3/envs/env_isaaclab/lib/site-packages/isaacsim/extscache/omni.graph-1.141.2+69cbf6ad.wx64.r.cp311/omni/graph/core/tests/omnigraph_test_utils.py", line 198, in <module>
    OmniGraphTestCase = test_case_class()
                        ^^^^^^^^^^^^^^^^^
  File "c:/users/kskzz/miniconda3/envs/env_isaaclab/lib/site-packages/isaacsim/extscache/omni.graph-1.141.2+69cbf6ad.wx64.r.cp311/omni/graph/core/tests/omnigraph_test_utils.py", line 135, in test_case_class
    base_class = omni.kit.test.AsyncTestCase
                 ^^^^^^^^^^^^^
AttributeError: cannot access submodule 'test' of module 'omni.kit' (most likely due to a circular import)

2026-08-01T02:19:45Z [5,452ms] [Error] [omni.graph.tools._impl.internal.extension_contents_1_18] Exception while importing test omni.replicator.core.ogn.tests.TestOgnAugment: Traceback (most recent call last):
  File "c:/users/kskzz/miniconda3/envs/env_isaaclab/lib/site-packages/isaacsim/extscache/omni.graph.tools-1.79.2+69cbf6ad/omni/graph/tools/_impl/internal/extension_contents_1_18.py", line 394, in do_import_test_definition
    test_module = load_module_from_file(test_module_name, test_file)
                  ^^^^^^^^^^^^^^^^^^^^^^^^^^^^^^^^^^^^^^^^^^^^^^^^^^
  File "c:/users/kskzz/miniconda3/envs/env_isaaclab/lib/site-packages/isaacsim/extscache/omni.graph.tools-1.79.2+69cbf6ad/omni/graph/tools/_impl/internal/file_utils.py", line 239, in load_module_from_file
    spec.loader.exec_module(module)
  File "<frozen importlib._bootstrap_external>", line 940, in exec_module
  File "<frozen importlib._bootstrap>", line 241, in _call_with_frames_removed
  File "c:\users\kskzz\miniconda3\envs\env_isaaclab\lib\site-packages\isaacsim\kit\cache\ogn_generated\1.79.2\omni.replicator.core-1.12.27\omni.replicator.core\ogn\tests\TestOgnAugment.py", line 2, in <module>
    import omni.kit.test
  File "c:/users/kskzz/miniconda3/envs/env_isaaclab/lib/site-packages/isaacsim/extscache/omni.kit.test-2.0.1+69cbf6ad.wx64.r.cp311/omni/kit/test/__init__.py", line 7, in <module>
    from . import unittests
  File "c:/users/kskzz/miniconda3/envs/env_isaaclab/lib/site-packages/isaacsim/extscache/omni.kit.test-2.0.1+69cbf6ad.wx64.r.cp311/omni/kit/test/unittests.py", line 23, in <module>
    from .exttests import RunExtTests
  File "c:/users/kskzz/miniconda3/envs/env_isaaclab/lib/site-packages/isaacsim/extscache/omni.kit.test-2.0.1+69cbf6ad.wx64.r.cp311/omni/kit/test/exttests.py", line 31, in <module>
    from .sampling import SamplingFactor
  File "c:/users/kskzz/miniconda3/envs/env_isaaclab/lib/site-packages/isaacsim/extscache/omni.kit.test-2.0.1+69cbf6ad.wx64.r.cp311/omni/kit/test/sampling.py", line 4, in <module>
    from statistics import mean
  File "C:\robotics_sim\wlr_robot\resume_validation_fsm_residual_ppo\src\resume_validation\statistics.py", line 5, in <module>
    from statistics import mean, median, pstdev
ImportError: cannot import name 'mean' from partially initialized module 'statistics' (most likely due to a circular import) (C:\robotics_sim\wlr_robot\resume_validation_fsm_residual_ppo\src\resume_validation\statistics.py)

2026-08-01T02:19:45Z [5,464ms] [Error] [omni.graph.tools._impl.internal.extension_contents_1_18] Exception while importing test omni.replicator.core.ogn.tests.TestOgnOnTime: Traceback (most recent call last):
  File "c:/users/kskzz/miniconda3/envs/env_isaaclab/lib/site-packages/isaacsim/extscache/omni.graph.tools-1.79.2+69cbf6ad/omni/graph/tools/_impl/internal/extension_contents_1_18.py", line 394, in do_import_test_definition
    test_module = load_module_from_file(test_module_name, test_file)
                  ^^^^^^^^^^^^^^^^^^^^^^^^^^^^^^^^^^^^^^^^^^^^^^^^^^
  File "c:/users/kskzz/miniconda3/envs/env_isaaclab/lib/site-packages/isaacsim/extscache/omni.graph.tools-1.79.2+69cbf6ad/omni/graph/tools/_impl/internal/file_utils.py", line 239, in load_module_from_file
    spec.loader.exec_module(module)
  File "<frozen importlib._bootstrap_external>", line 940, in exec_module
  File "<frozen importlib._bootstrap>", line 241, in _call_with_frames_removed
  File "c:\users\kskzz\miniconda3\envs\env_isaaclab\lib\site-packages\isaacsim\kit\cache\ogn_generated\1.79.2\omni.replicator.core-1.12.27\omni.replicator.core\ogn\tests\TestOgnOnTime.py", line 4, in <module>
    import omni.graph.core.tests as ogts
  File "c:/users/kskzz/miniconda3/envs/env_isaaclab/lib/site-packages/isaacsim/extscache/omni.graph-1.141.2+69cbf6ad.wx64.r.cp311/omni/graph/core/tests/__init__.py", line 20, in <module>
    from .omnigraph_test_utils import OmniGraphTestCase
  File "c:/users/kskzz/miniconda3/envs/env_isaaclab/lib/site-packages/isaacsim/extscache/omni.graph-1.141.2+69cbf6ad.wx64.r.cp311/omni/graph/core/tests/omnigraph_test_utils.py", line 198, in <module>
    OmniGraphTestCase = test_case_class()
                        ^^^^^^^^^^^^^^^^^
  File "c:/users/kskzz/miniconda3/envs/env_isaaclab/lib/site-packages/isaacsim/extscache/omni.graph-1.141.2+69cbf6ad.wx64.r.cp311/omni/graph/core/tests/omnigraph_test_utils.py", line 135, in test_case_class
    base_class = omni.kit.test.AsyncTestCase
                 ^^^^^^^^^^^^^
AttributeError: cannot access submodule 'test' of module 'omni.kit' (most likely due to a circular import)

2026-08-01T02:19:45Z [5,474ms] [Error] [omni.graph.tools._impl.internal.extension_contents_1_18] Exception while importing test omni.replicator.core.ogn.tests.TestOgnAugmentCPU: Traceback (most recent call last):
  File "c:/users/kskzz/miniconda3/envs/env_isaaclab/lib/site-packages/isaacsim/extscache/omni.graph.tools-1.79.2+69cbf6ad/omni/graph/tools/_impl/internal/extension_contents_1_18.py", line 394, in do_import_test_definition
    test_module = load_module_from_file(test_module_name, test_file)
                  ^^^^^^^^^^^^^^^^^^^^^^^^^^^^^^^^^^^^^^^^^^^^^^^^^^
  File "c:/users/kskzz/miniconda3/envs/env_isaaclab/lib/site-packages/isaacsim/extscache/omni.graph.tools-1.79.2+69cbf6ad/omni/graph/tools/_impl/internal/file_utils.py", line 239, in load_module_from_file
    spec.loader.exec_module(module)
  File "<frozen importlib._bootstrap_external>", line 940, in exec_module
  File "<frozen importlib._bootstrap>", line 241, in _call_with_frames_removed
  File "c:\users\kskzz\miniconda3\envs\env_isaaclab\lib\site-packages\isaacsim\kit\cache\ogn_generated\1.79.2\omni.replicator.core-1.12.27\omni.replicator.core\ogn\tests\TestOgnAugmentCPU.py", line 4, in <module>
    import omni.graph.core.tests as ogts
  File "c:/users/kskzz/miniconda3/envs/env_isaaclab/lib/site-packages/isaacsim/extscache/omni.graph-1.141.2+69cbf6ad.wx64.r.cp311/omni/graph/core/tests/__init__.py", line 20, in <module>
    from .omnigraph_test_utils import OmniGraphTestCase
  File "c:/users/kskzz/miniconda3/envs/env_isaaclab/lib/site-packages/isaacsim/extscache/omni.graph-1.141.2+69cbf6ad.wx64.r.cp311/omni/graph/core/tests/omnigraph_test_utils.py", line 198, in <module>
    OmniGraphTestCase = test_case_class()
                        ^^^^^^^^^^^^^^^^^
  File "c:/users/kskzz/miniconda3/envs/env_isaaclab/lib/site-packages/isaacsim/extscache/omni.graph-1.141.2+69cbf6ad.wx64.r.cp311/omni/graph/core/tests/omnigraph_test_utils.py", line 135, in test_case_class
    base_class = omni.kit.test.AsyncTestCase
                 ^^^^^^^^^^^^^
AttributeError: cannot access submodule 'test' of module 'omni.kit' (most likely due to a circular import)

2026-08-01T02:19:45Z [5,489ms] [Error] [omni.graph.tools._impl.internal.extension_contents_1_18] Exception while importing test omni.replicator.core.ogn.tests.TestOgnAugMotionBlurExp: Traceback (most recent call last):
  File "c:/users/kskzz/miniconda3/envs/env_isaaclab/lib/site-packages/isaacsim/extscache/omni.graph.tools-1.79.2+69cbf6ad/omni/graph/tools/_impl/internal/extension_contents_1_18.py", line 394, in do_import_test_definition
    test_module = load_module_from_file(test_module_name, test_file)
                  ^^^^^^^^^^^^^^^^^^^^^^^^^^^^^^^^^^^^^^^^^^^^^^^^^^
  File "c:/users/kskzz/miniconda3/envs/env_isaaclab/lib/site-packages/isaacsim/extscache/omni.graph.tools-1.79.2+69cbf6ad/omni/graph/tools/_impl/internal/file_utils.py", line 239, in load_module_from_file
    spec.loader.exec_module(module)
  File "<frozen importlib._bootstrap_external>", line 940, in exec_module
  File "<frozen importlib._bootstrap>", line 241, in _call_with_frames_removed
  File "c:\users\kskzz\miniconda3\envs\env_isaaclab\lib\site-packages\isaacsim\kit\cache\ogn_generated\1.79.2\omni.replicator.core-1.12.27\omni.replicator.core\ogn\tests\TestOgnAugMotionBlurExp.py", line 4, in <module>
    import omni.graph.core.tests as ogts
  File "c:/users/kskzz/miniconda3/envs/env_isaaclab/lib/site-packages/isaacsim/extscache/omni.graph-1.141.2+69cbf6ad.wx64.r.cp311/omni/graph/core/tests/__init__.py", line 20, in <module>
    from .omnigraph_test_utils import OmniGraphTestCase
  File "c:/users/kskzz/miniconda3/envs/env_isaaclab/lib/site-packages/isaacsim/extscache/omni.graph-1.141.2+69cbf6ad.wx64.r.cp311/omni/graph/core/tests/omnigraph_test_utils.py", line 198, in <module>
    OmniGraphTestCase = test_case_class()
                        ^^^^^^^^^^^^^^^^^
  File "c:/users/kskzz/miniconda3/envs/env_isaaclab/lib/site-packages/isaacsim/extscache/omni.graph-1.141.2+69cbf6ad.wx64.r.cp311/omni/graph/core/tests/omnigraph_test_utils.py", line 135, in test_case_class
    base_class = omni.kit.test.AsyncTestCase
                 ^^^^^^^^^^^^^
AttributeError: cannot access submodule 'test' of module 'omni.kit' (most likely due to a circular import)

2026-08-01T02:19:45Z [5,497ms] [Error] [omni.graph.tools._impl.internal.extension_contents_1_18] Exception while importing test omni.replicator.core.ogn.tests.TestOgnOrbit: Traceback (most recent call last):
  File "c:/users/kskzz/miniconda3/envs/env_isaaclab/lib/site-packages/isaacsim/extscache/omni.graph.tools-1.79.2+69cbf6ad/omni/graph/tools/_impl/internal/extension_contents_1_18.py", line 394, in do_import_test_definition
    test_module = load_module_from_file(test_module_name, test_file)
                  ^^^^^^^^^^^^^^^^^^^^^^^^^^^^^^^^^^^^^^^^^^^^^^^^^^
  File "c:/users/kskzz/miniconda3/envs/env_isaaclab/lib/site-packages/isaacsim/extscache/omni.graph.tools-1.79.2+69cbf6ad/omni/graph/tools/_impl/internal/file_utils.py", line 239, in load_module_from_file
    spec.loader.exec_module(module)
  File "<frozen importlib._bootstrap_external>", line 940, in exec_module
  File "<frozen importlib._bootstrap>", line 241, in _call_with_frames_removed
  File "c:\users\kskzz\miniconda3\envs\env_isaaclab\lib\site-packages\isaacsim\kit\cache\ogn_generated\1.79.2\omni.replicator.core-1.12.27\omni.replicator.core\ogn\tests\TestOgnOrbit.py", line 4, in <module>
    import omni.graph.core.tests as ogts
  File "c:/users/kskzz/miniconda3/envs/env_isaaclab/lib/site-packages/isaacsim/extscache/omni.graph-1.141.2+69cbf6ad.wx64.r.cp311/omni/graph/core/tests/__init__.py", line 20, in <module>
    from .omnigraph_test_utils import OmniGraphTestCase
  File "c:/users/kskzz/miniconda3/envs/env_isaaclab/lib/site-packages/isaacsim/extscache/omni.graph-1.141.2+69cbf6ad.wx64.r.cp311/omni/graph/core/tests/omnigraph_test_utils.py", line 198, in <module>
    OmniGraphTestCase = test_case_class()
                        ^^^^^^^^^^^^^^^^^
  File "c:/users/kskzz/miniconda3/envs/env_isaaclab/lib/site-packages/isaacsim/extscache/omni.graph-1.141.2+69cbf6ad.wx64.r.cp311/omni/graph/core/tests/omnigraph_test_utils.py", line 135, in test_case_class
    base_class = omni.kit.test.AsyncTestCase
                 ^^^^^^^^^^^^^
AttributeError: cannot access submodule 'test' of module 'omni.kit' (most likely due to a circular import)

2026-08-01T02:19:45Z [5,512ms] [Error] [omni.graph.tools._impl.internal.extension_contents_1_18] Exception while importing test omni.replicator.core.ogn.tests.TestOgnAugPixellateExp: Traceback (most recent call last):
  File "c:/users/kskzz/miniconda3/envs/env_isaaclab/lib/site-packages/isaacsim/extscache/omni.graph.tools-1.79.2+69cbf6ad/omni/graph/tools/_impl/internal/extension_contents_1_18.py", line 394, in do_import_test_definition
    test_module = load_module_from_file(test_module_name, test_file)
                  ^^^^^^^^^^^^^^^^^^^^^^^^^^^^^^^^^^^^^^^^^^^^^^^^^^
  File "c:/users/kskzz/miniconda3/envs/env_isaaclab/lib/site-packages/isaacsim/extscache/omni.graph.tools-1.79.2+69cbf6ad/omni/graph/tools/_impl/internal/file_utils.py", line 239, in load_module_from_file
    spec.loader.exec_module(module)
  File "<frozen importlib._bootstrap_external>", line 940, in exec_module
  File "<frozen importlib._bootstrap>", line 241, in _call_with_frames_removed
  File "c:\users\kskzz\miniconda3\envs\env_isaaclab\lib\site-packages\isaacsim\kit\cache\ogn_generated\1.79.2\omni.replicator.core-1.12.27\omni.replicator.core\ogn\tests\TestOgnAugPixellateExp.py", line 4, in <module>
    import omni.graph.core.tests as ogts
  File "c:/users/kskzz/miniconda3/envs/env_isaaclab/lib/site-packages/isaacsim/extscache/omni.graph-1.141.2+69cbf6ad.wx64.r.cp311/omni/graph/core/tests/__init__.py", line 20, in <module>
    from .omnigraph_test_utils import OmniGraphTestCase
  File "c:/users/kskzz/miniconda3/envs/env_isaaclab/lib/site-packages/isaacsim/extscache/omni.graph-1.141.2+69cbf6ad.wx64.r.cp311/omni/graph/core/tests/omnigraph_test_utils.py", line 198, in <module>
    OmniGraphTestCase = test_case_class()
                        ^^^^^^^^^^^^^^^^^
  File "c:/users/kskzz/miniconda3/envs/env_isaaclab/lib/site-packages/isaacsim/extscache/omni.graph-1.141.2+69cbf6ad.wx64.r.cp311/omni/graph/core/tests/omnigraph_test_utils.py", line 135, in test_case_class
    base_class = omni.kit.test.AsyncTestCase
                 ^^^^^^^^^^^^^
AttributeError: cannot access submodule 'test' of module 'omni.kit' (most likely due to a circular import)

2026-08-01T02:19:45Z [5,519ms] [Error] [omni.graph.tools._impl.internal.extension_contents_1_18] Exception while importing test omni.replicator.core.ogn.tests.TestOgnPerAxisPose: Traceback (most recent call last):
  File "c:/users/kskzz/miniconda3/envs/env_isaaclab/lib/site-packages/isaacsim/extscache/omni.graph.tools-1.79.2+69cbf6ad/omni/graph/tools/_impl/internal/extension_contents_1_18.py", line 394, in do_import_test_definition
    test_module = load_module_from_file(test_module_name, test_file)
                  ^^^^^^^^^^^^^^^^^^^^^^^^^^^^^^^^^^^^^^^^^^^^^^^^^^
  File "c:/users/kskzz/miniconda3/envs/env_isaaclab/lib/site-packages/isaacsim/extscache/omni.graph.tools-1.79.2+69cbf6ad/omni/graph/tools/_impl/internal/file_utils.py", line 239, in load_module_from_file
    spec.loader.exec_module(module)
  File "<frozen importlib._bootstrap_external>", line 940, in exec_module
  File "<frozen importlib._bootstrap>", line 241, in _call_with_frames_removed
  File "c:\users\kskzz\miniconda3\envs\env_isaaclab\lib\site-packages\isaacsim\kit\cache\ogn_generated\1.79.2\omni.replicator.core-1.12.27\omni.replicator.core\ogn\tests\TestOgnPerAxisPose.py", line 4, in <module>
    import omni.graph.core.tests as ogts
  File "c:/users/kskzz/miniconda3/envs/env_isaaclab/lib/site-packages/isaacsim/extscache/omni.graph-1.141.2+69cbf6ad.wx64.r.cp311/omni/graph/core/tests/__init__.py", line 20, in <module>
    from .omnigraph_test_utils import OmniGraphTestCase
  File "c:/users/kskzz/miniconda3/envs/env_isaaclab/lib/site-packages/isaacsim/extscache/omni.graph-1.141.2+69cbf6ad.wx64.r.cp311/omni/graph/core/tests/omnigraph_test_utils.py", line 198, in <module>
    OmniGraphTestCase = test_case_class()
                        ^^^^^^^^^^^^^^^^^
  File "c:/users/kskzz/miniconda3/envs/env_isaaclab/lib/site-packages/isaacsim/extscache/omni.graph-1.141.2+69cbf6ad.wx64.r.cp311/omni/graph/core/tests/omnigraph_test_utils.py", line 135, in test_case_class
    base_class = omni.kit.test.AsyncTestCase
                 ^^^^^^^^^^^^^
AttributeError: cannot access submodule 'test' of module 'omni.kit' (most likely due to a circular import)

2026-08-01T02:19:45Z [5,534ms] [Error] [omni.graph.tools._impl.internal.extension_contents_1_18] Exception while importing test omni.replicator.core.ogn.tests.TestOgnAugRotateExp: Traceback (most recent call last):
  File "c:/users/kskzz/miniconda3/envs/env_isaaclab/lib/site-packages/isaacsim/extscache/omni.graph.tools-1.79.2+69cbf6ad/omni/graph/tools/_impl/internal/extension_contents_1_18.py", line 394, in do_import_test_definition
    test_module = load_module_from_file(test_module_name, test_file)
                  ^^^^^^^^^^^^^^^^^^^^^^^^^^^^^^^^^^^^^^^^^^^^^^^^^^
  File "c:/users/kskzz/miniconda3/envs/env_isaaclab/lib/site-packages/isaacsim/extscache/omni.graph.tools-1.79.2+69cbf6ad/omni/graph/tools/_impl/internal/file_utils.py", line 239, in load_module_from_file
    spec.loader.exec_module(module)
  File "<frozen importlib._bootstrap_external>", line 940, in exec_module
  File "<frozen importlib._bootstrap>", line 241, in _call_with_frames_removed
  File "c:\users\kskzz\miniconda3\envs\env_isaaclab\lib\site-packages\isaacsim\kit\cache\ogn_generated\1.79.2\omni.replicator.core-1.12.27\omni.replicator.core\ogn\tests\TestOgnAugRotateExp.py", line 2, in <module>
    import omni.kit.test
  File "c:/users/kskzz/miniconda3/envs/env_isaaclab/lib/site-packages/isaacsim/extscache/omni.kit.test-2.0.1+69cbf6ad.wx64.r.cp311/omni/kit/test/__init__.py", line 7, in <module>
    from . import unittests
  File "c:/users/kskzz/miniconda3/envs/env_isaaclab/lib/site-packages/isaacsim/extscache/omni.kit.test-2.0.1+69cbf6ad.wx64.r.cp311/omni/kit/test/unittests.py", line 23, in <module>
    from .exttests import RunExtTests
  File "c:/users/kskzz/miniconda3/envs/env_isaaclab/lib/site-packages/isaacsim/extscache/omni.kit.test-2.0.1+69cbf6ad.wx64.r.cp311/omni/kit/test/exttests.py", line 31, in <module>
    from .sampling import SamplingFactor
  File "c:/users/kskzz/miniconda3/envs/env_isaaclab/lib/site-packages/isaacsim/extscache/omni.kit.test-2.0.1+69cbf6ad.wx64.r.cp311/omni/kit/test/sampling.py", line 4, in <module>
    from statistics import mean
  File "C:\robotics_sim\wlr_robot\resume_validation_fsm_residual_ppo\src\resume_validation\statistics.py", line 5, in <module>
    from statistics import mean, median, pstdev
ImportError: cannot import name 'mean' from partially initialized module 'statistics' (most likely due to a circular import) (C:\robotics_sim\wlr_robot\resume_validation_fsm_residual_ppo\src\resume_validation\statistics.py)

2026-08-01T02:19:45Z [5,541ms] [Error] [omni.graph.tools._impl.internal.extension_contents_1_18] Exception while importing test omni.replicator.core.ogn.tests.TestOgnPhysicsReset: Traceback (most recent call last):
  File "c:/users/kskzz/miniconda3/envs/env_isaaclab/lib/site-packages/isaacsim/extscache/omni.graph.tools-1.79.2+69cbf6ad/omni/graph/tools/_impl/internal/extension_contents_1_18.py", line 394, in do_import_test_definition
    test_module = load_module_from_file(test_module_name, test_file)
                  ^^^^^^^^^^^^^^^^^^^^^^^^^^^^^^^^^^^^^^^^^^^^^^^^^^
  File "c:/users/kskzz/miniconda3/envs/env_isaaclab/lib/site-packages/isaacsim/extscache/omni.graph.tools-1.79.2+69cbf6ad/omni/graph/tools/_impl/internal/file_utils.py", line 239, in load_module_from_file
    spec.loader.exec_module(module)
  File "<frozen importlib._bootstrap_external>", line 940, in exec_module
  File "<frozen importlib._bootstrap>", line 241, in _call_with_frames_removed
  File "c:\users\kskzz\miniconda3\envs\env_isaaclab\lib\site-packages\isaacsim\kit\cache\ogn_generated\1.79.2\omni.replicator.core-1.12.27\omni.replicator.core\ogn\tests\TestOgnPhysicsReset.py", line 4, in <module>
    import omni.graph.core.tests as ogts
  File "c:/users/kskzz/miniconda3/envs/env_isaaclab/lib/site-packages/isaacsim/extscache/omni.graph-1.141.2+69cbf6ad.wx64.r.cp311/omni/graph/core/tests/__init__.py", line 20, in <module>
    from .omnigraph_test_utils import OmniGraphTestCase
  File "c:/users/kskzz/miniconda3/envs/env_isaaclab/lib/site-packages/isaacsim/extscache/omni.graph-1.141.2+69cbf6ad.wx64.r.cp311/omni/graph/core/tests/omnigraph_test_utils.py", line 198, in <module>
    OmniGraphTestCase = test_case_class()
                        ^^^^^^^^^^^^^^^^^
  File "c:/users/kskzz/miniconda3/envs/env_isaaclab/lib/site-packages/isaacsim/extscache/omni.graph-1.141.2+69cbf6ad.wx64.r.cp311/omni/graph/core/tests/omnigraph_test_utils.py", line 135, in test_case_class
    base_class = omni.kit.test.AsyncTestCase
                 ^^^^^^^^^^^^^
AttributeError: cannot access submodule 'test' of module 'omni.kit' (most likely due to a circular import)

2026-08-01T02:19:45Z [5,549ms] [Error] [omni.graph.tools._impl.internal.extension_contents_1_18] Exception while importing test omni.replicator.core.ogn.tests.TestOgnWritePrimAttribute: Traceback (most recent call last):
  File "c:/users/kskzz/miniconda3/envs/env_isaaclab/lib/site-packages/isaacsim/extscache/omni.graph.tools-1.79.2+69cbf6ad/omni/graph/tools/_impl/internal/extension_contents_1_18.py", line 394, in do_import_test_definition
    test_module = load_module_from_file(test_module_name, test_file)
                  ^^^^^^^^^^^^^^^^^^^^^^^^^^^^^^^^^^^^^^^^^^^^^^^^^^
  File "c:/users/kskzz/miniconda3/envs/env_isaaclab/lib/site-packages/isaacsim/extscache/omni.graph.tools-1.79.2+69cbf6ad/omni/graph/tools/_impl/internal/file_utils.py", line 239, in load_module_from_file
    spec.loader.exec_module(module)
  File "<frozen importlib._bootstrap_external>", line 940, in exec_module
  File "<frozen importlib._bootstrap>", line 241, in _call_with_frames_removed
  File "c:\users\kskzz\miniconda3\envs\env_isaaclab\lib\site-packages\isaacsim\kit\cache\ogn_generated\1.79.2\omni.replicator.core-1.12.27\omni.replicator.core\ogn\tests\TestOgnWritePrimAttribute.py", line 4, in <module>
    import omni.graph.core.tests as ogts
  File "c:/users/kskzz/miniconda3/envs/env_isaaclab/lib/site-packages/isaacsim/extscache/omni.graph-1.141.2+69cbf6ad.wx64.r.cp311/omni/graph/core/tests/__init__.py", line 20, in <module>
    from .omnigraph_test_utils import OmniGraphTestCase
  File "c:/users/kskzz/miniconda3/envs/env_isaaclab/lib/site-packages/isaacsim/extscache/omni.graph-1.141.2+69cbf6ad.wx64.r.cp311/omni/graph/core/tests/omnigraph_test_utils.py", line 198, in <module>
    OmniGraphTestCase = test_case_class()
                        ^^^^^^^^^^^^^^^^^
  File "c:/users/kskzz/miniconda3/envs/env_isaaclab/lib/site-packages/isaacsim/extscache/omni.graph-1.141.2+69cbf6ad.wx64.r.cp311/omni/graph/core/tests/omnigraph_test_utils.py", line 135, in test_case_class
    base_class = omni.kit.test.AsyncTestCase
                 ^^^^^^^^^^^^^
AttributeError: cannot access submodule 'test' of module 'omni.kit' (most likely due to a circular import)

2026-08-01T02:19:45Z [5,563ms] [Error] [omni.graph.tools._impl.internal.extension_contents_1_18] Exception while importing test omni.replicator.core.ogn.tests.TestOgnAugShadeSegmentation: Traceback (most recent call last):
  File "c:/users/kskzz/miniconda3/envs/env_isaaclab/lib/site-packages/isaacsim/extscache/omni.graph.tools-1.79.2+69cbf6ad/omni/graph/tools/_impl/internal/extension_contents_1_18.py", line 394, in do_import_test_definition
    test_module = load_module_from_file(test_module_name, test_file)
                  ^^^^^^^^^^^^^^^^^^^^^^^^^^^^^^^^^^^^^^^^^^^^^^^^^^
  File "c:/users/kskzz/miniconda3/envs/env_isaaclab/lib/site-packages/isaacsim/extscache/omni.graph.tools-1.79.2+69cbf6ad/omni/graph/tools/_impl/internal/file_utils.py", line 239, in load_module_from_file
    spec.loader.exec_module(module)
  File "<frozen importlib._bootstrap_external>", line 940, in exec_module
  File "<frozen importlib._bootstrap>", line 241, in _call_with_frames_removed
  File "c:\users\kskzz\miniconda3\envs\env_isaaclab\lib\site-packages\isaacsim\kit\cache\ogn_generated\1.79.2\omni.replicator.core-1.12.27\omni.replicator.core\ogn\tests\TestOgnAugShadeSegmentation.py", line 4, in <module>
    import omni.graph.core.tests as ogts
  File "c:/users/kskzz/miniconda3/envs/env_isaaclab/lib/site-packages/isaacsim/extscache/omni.graph-1.141.2+69cbf6ad.wx64.r.cp311/omni/graph/core/tests/__init__.py", line 20, in <module>
    from .omnigraph_test_utils import OmniGraphTestCase
  File "c:/users/kskzz/miniconda3/envs/env_isaaclab/lib/site-packages/isaacsim/extscache/omni.graph-1.141.2+69cbf6ad.wx64.r.cp311/omni/graph/core/tests/omnigraph_test_utils.py", line 198, in <module>
    OmniGraphTestCase = test_case_class()
                        ^^^^^^^^^^^^^^^^^
  File "c:/users/kskzz/miniconda3/envs/env_isaaclab/lib/site-packages/isaacsim/extscache/omni.graph-1.141.2+69cbf6ad.wx64.r.cp311/omni/graph/core/tests/omnigraph_test_utils.py", line 135, in test_case_class
    base_class = omni.kit.test.AsyncTestCase
                 ^^^^^^^^^^^^^
AttributeError: cannot access submodule 'test' of module 'omni.kit' (most likely due to a circular import)

2026-08-01T02:19:45Z [5,572ms] [Error] [omni.graph.tools._impl.internal.extension_contents_1_18] Exception while importing test omni.replicator.core.ogn.tests.TestOgnPhysicsSimulate: Traceback (most recent call last):
  File "c:/users/kskzz/miniconda3/envs/env_isaaclab/lib/site-packages/isaacsim/extscache/omni.graph.tools-1.79.2+69cbf6ad/omni/graph/tools/_impl/internal/extension_contents_1_18.py", line 394, in do_import_test_definition
    test_module = load_module_from_file(test_module_name, test_file)
                  ^^^^^^^^^^^^^^^^^^^^^^^^^^^^^^^^^^^^^^^^^^^^^^^^^^
  File "c:/users/kskzz/miniconda3/envs/env_isaaclab/lib/site-packages/isaacsim/extscache/omni.graph.tools-1.79.2+69cbf6ad/omni/graph/tools/_impl/internal/file_utils.py", line 239, in load_module_from_file
    spec.loader.exec_module(module)
  File "<frozen importlib._bootstrap_external>", line 940, in exec_module
  File "<frozen importlib._bootstrap>", line 241, in _call_with_frames_removed
  File "c:\users\kskzz\miniconda3\envs\env_isaaclab\lib\site-packages\isaacsim\kit\cache\ogn_generated\1.79.2\omni.replicator.core-1.12.27\omni.replicator.core\ogn\tests\TestOgnPhysicsSimulate.py", line 4, in <module>
    import omni.graph.core.tests as ogts
  File "c:/users/kskzz/miniconda3/envs/env_isaaclab/lib/site-packages/isaacsim/extscache/omni.graph-1.141.2+69cbf6ad.wx64.r.cp311/omni/graph/core/tests/__init__.py", line 20, in <module>
    from .omnigraph_test_utils import OmniGraphTestCase
  File "c:/users/kskzz/miniconda3/envs/env_isaaclab/lib/site-packages/isaacsim/extscache/omni.graph-1.141.2+69cbf6ad.wx64.r.cp311/omni/graph/core/tests/omnigraph_test_utils.py", line 198, in <module>
    OmniGraphTestCase = test_case_class()
                        ^^^^^^^^^^^^^^^^^
  File "c:/users/kskzz/miniconda3/envs/env_isaaclab/lib/site-packages/isaacsim/extscache/omni.graph-1.141.2+69cbf6ad.wx64.r.cp311/omni/graph/core/tests/omnigraph_test_utils.py", line 135, in test_case_class
    base_class = omni.kit.test.AsyncTestCase
                 ^^^^^^^^^^^^^
AttributeError: module 'omni.kit' has no attribute 'test'

2026-08-01T02:19:45Z [5,580ms] [Error] [omni.graph.tools._impl.internal.extension_contents_1_18] Exception while importing test omni.replicator.core.ogn.tests.TestOgnBindMaterial: Traceback (most recent call last):
  File "c:/users/kskzz/miniconda3/envs/env_isaaclab/lib/site-packages/isaacsim/extscache/omni.graph.tools-1.79.2+69cbf6ad/omni/graph/tools/_impl/internal/extension_contents_1_18.py", line 394, in do_import_test_definition
    test_module = load_module_from_file(test_module_name, test_file)
                  ^^^^^^^^^^^^^^^^^^^^^^^^^^^^^^^^^^^^^^^^^^^^^^^^^^
  File "c:/users/kskzz/miniconda3/envs/env_isaaclab/lib/site-packages/isaacsim/extscache/omni.graph.tools-1.79.2+69cbf6ad/omni/graph/tools/_impl/internal/file_utils.py", line 239, in load_module_from_file
    spec.loader.exec_module(module)
  File "<frozen importlib._bootstrap_external>", line 940, in exec_module
  File "<frozen importlib._bootstrap>", line 241, in _call_with_frames_removed
  File "c:\users\kskzz\miniconda3\envs\env_isaaclab\lib\site-packages\isaacsim\kit\cache\ogn_generated\1.79.2\omni.replicator.core-1.12.27\omni.replicator.core\ogn\tests\TestOgnBindMaterial.py", line 2, in <module>
    import omni.kit.test
  File "c:/users/kskzz/miniconda3/envs/env_isaaclab/lib/site-packages/isaacsim/extscache/omni.kit.test-2.0.1+69cbf6ad.wx64.r.cp311/omni/kit/test/__init__.py", line 7, in <module>
    from . import unittests
  File "c:/users/kskzz/miniconda3/envs/env_isaaclab/lib/site-packages/isaacsim/extscache/omni.kit.test-2.0.1+69cbf6ad.wx64.r.cp311/omni/kit/test/unittests.py", line 23, in <module>
    from .exttests import RunExtTests
  File "c:/users/kskzz/miniconda3/envs/env_isaaclab/lib/site-packages/isaacsim/extscache/omni.kit.test-2.0.1+69cbf6ad.wx64.r.cp311/omni/kit/test/exttests.py", line 31, in <module>
    from .sampling import SamplingFactor
  File "c:/users/kskzz/miniconda3/envs/env_isaaclab/lib/site-packages/isaacsim/extscache/omni.kit.test-2.0.1+69cbf6ad.wx64.r.cp311/omni/kit/test/sampling.py", line 4, in <module>
    from statistics import mean
  File "C:\robotics_sim\wlr_robot\resume_validation_fsm_residual_ppo\src\resume_validation\statistics.py", line 5, in <module>
    from statistics import mean, median, pstdev
ImportError: cannot import name 'mean' from partially initialized module 'statistics' (most likely due to a circular import) (C:\robotics_sim\wlr_robot\resume_validation_fsm_residual_ppo\src\resume_validation\statistics.py)

2026-08-01T02:19:45Z [5,587ms] [Error] [omni.graph.tools._impl.internal.extension_contents_1_18] Exception while importing test omni.replicator.core.ogn.tests.TestOgnWriter: Traceback (most recent call last):
  File "c:/users/kskzz/miniconda3/envs/env_isaaclab/lib/site-packages/isaacsim/extscache/omni.graph.tools-1.79.2+69cbf6ad/omni/graph/tools/_impl/internal/extension_contents_1_18.py", line 394, in do_import_test_definition
    test_module = load_module_from_file(test_module_name, test_file)
                  ^^^^^^^^^^^^^^^^^^^^^^^^^^^^^^^^^^^^^^^^^^^^^^^^^^
  File "c:/users/kskzz/miniconda3/envs/env_isaaclab/lib/site-packages/isaacsim/extscache/omni.graph.tools-1.79.2+69cbf6ad/omni/graph/tools/_impl/internal/file_utils.py", line 239, in load_module_from_file
    spec.loader.exec_module(module)
  File "<frozen importlib._bootstrap_external>", line 940, in exec_module
  File "<frozen importlib._bootstrap>", line 241, in _call_with_frames_removed
  File "c:\users\kskzz\miniconda3\envs\env_isaaclab\lib\site-packages\isaacsim\kit\cache\ogn_generated\1.79.2\omni.replicator.core-1.12.27\omni.replicator.core\ogn\tests\TestOgnWriter.py", line 4, in <module>
    import omni.graph.core.tests as ogts
  File "c:/users/kskzz/miniconda3/envs/env_isaaclab/lib/site-packages/isaacsim/extscache/omni.graph-1.141.2+69cbf6ad.wx64.r.cp311/omni/graph/core/tests/__init__.py", line 20, in <module>
    from .omnigraph_test_utils import OmniGraphTestCase
  File "c:/users/kskzz/miniconda3/envs/env_isaaclab/lib/site-packages/isaacsim/extscache/omni.graph-1.141.2+69cbf6ad.wx64.r.cp311/omni/graph/core/tests/omnigraph_test_utils.py", line 198, in <module>
    OmniGraphTestCase = test_case_class()
                        ^^^^^^^^^^^^^^^^^
  File "c:/users/kskzz/miniconda3/envs/env_isaaclab/lib/site-packages/isaacsim/extscache/omni.graph-1.141.2+69cbf6ad.wx64.r.cp311/omni/graph/core/tests/omnigraph_test_utils.py", line 135, in test_case_class
    base_class = omni.kit.test.AsyncTestCase
                 ^^^^^^^^^^^^^
AttributeError: cannot access submodule 'test' of module 'omni.kit' (most likely due to a circular import)

2026-08-01T02:19:45Z [5,601ms] [Error] [omni.graph.tools._impl.internal.extension_contents_1_18] Exception while importing test omni.replicator.core.ogn.tests.TestOgnPointCloudGenerator: Traceback (most recent call last):
  File "c:/users/kskzz/miniconda3/envs/env_isaaclab/lib/site-packages/isaacsim/extscache/omni.graph.tools-1.79.2+69cbf6ad/omni/graph/tools/_impl/internal/extension_contents_1_18.py", line 394, in do_import_test_definition
    test_module = load_module_from_file(test_module_name, test_file)
                  ^^^^^^^^^^^^^^^^^^^^^^^^^^^^^^^^^^^^^^^^^^^^^^^^^^
  File "c:/users/kskzz/miniconda3/envs/env_isaaclab/lib/site-packages/isaacsim/extscache/omni.graph.tools-1.79.2+69cbf6ad/omni/graph/tools/_impl/internal/file_utils.py", line 239, in load_module_from_file
    spec.loader.exec_module(module)
  File "<frozen importlib._bootstrap_external>", line 940, in exec_module
  File "<frozen importlib._bootstrap>", line 241, in _call_with_frames_removed
  File "c:\users\kskzz\miniconda3\envs\env_isaaclab\lib\site-packages\isaacsim\kit\cache\ogn_generated\1.79.2\omni.replicator.core-1.12.27\omni.replicator.core\ogn\tests\TestOgnPointCloudGenerator.py", line 4, in <module>
    import omni.graph.core.tests as ogts
  File "c:/users/kskzz/miniconda3/envs/env_isaaclab/lib/site-packages/isaacsim/extscache/omni.graph-1.141.2+69cbf6ad.wx64.r.cp311/omni/graph/core/tests/__init__.py", line 20, in <module>
    from .omnigraph_test_utils import OmniGraphTestCase
  File "c:/users/kskzz/miniconda3/envs/env_isaaclab/lib/site-packages/isaacsim/extscache/omni.graph-1.141.2+69cbf6ad.wx64.r.cp311/omni/graph/core/tests/omnigraph_test_utils.py", line 198, in <module>
    OmniGraphTestCase = test_case_class()
                        ^^^^^^^^^^^^^^^^^
  File "c:/users/kskzz/miniconda3/envs/env_isaaclab/lib/site-packages/isaacsim/extscache/omni.graph-1.141.2+69cbf6ad.wx64.r.cp311/omni/graph/core/tests/omnigraph_test_utils.py", line 135, in test_case_class
    base_class = omni.kit.test.AsyncTestCase
                 ^^^^^^^^^^^^^
AttributeError: cannot access submodule 'test' of module 'omni.kit' (most likely due to a circular import)

2026-08-01T02:19:45Z [5,610ms] [Error] [omni.graph.tools._impl.internal.extension_contents_1_18] Exception while importing test omni.replicator.core.ogn.tests.TestOgnWriteSemantics: Traceback (most recent call last):
  File "c:/users/kskzz/miniconda3/envs/env_isaaclab/lib/site-packages/isaacsim/extscache/omni.graph.tools-1.79.2+69cbf6ad/omni/graph/tools/_impl/internal/extension_contents_1_18.py", line 394, in do_import_test_definition
    test_module = load_module_from_file(test_module_name, test_file)
                  ^^^^^^^^^^^^^^^^^^^^^^^^^^^^^^^^^^^^^^^^^^^^^^^^^^
  File "c:/users/kskzz/miniconda3/envs/env_isaaclab/lib/site-packages/isaacsim/extscache/omni.graph.tools-1.79.2+69cbf6ad/omni/graph/tools/_impl/internal/file_utils.py", line 239, in load_module_from_file
    spec.loader.exec_module(module)
  File "<frozen importlib._bootstrap_external>", line 940, in exec_module
  File "<frozen importlib._bootstrap>", line 241, in _call_with_frames_removed
  File "c:\users\kskzz\miniconda3\envs\env_isaaclab\lib\site-packages\isaacsim\kit\cache\ogn_generated\1.79.2\omni.replicator.core-1.12.27\omni.replicator.core\ogn\tests\TestOgnWriteSemantics.py", line 4, in <module>
    import omni.graph.core.tests as ogts
  File "c:/users/kskzz/miniconda3/envs/env_isaaclab/lib/site-packages/isaacsim/extscache/omni.graph-1.141.2+69cbf6ad.wx64.r.cp311/omni/graph/core/tests/__init__.py", line 20, in <module>
    from .omnigraph_test_utils import OmniGraphTestCase
  File "c:/users/kskzz/miniconda3/envs/env_isaaclab/lib/site-packages/isaacsim/extscache/omni.graph-1.141.2+69cbf6ad.wx64.r.cp311/omni/graph/core/tests/omnigraph_test_utils.py", line 198, in <module>
    OmniGraphTestCase = test_case_class()
                        ^^^^^^^^^^^^^^^^^
  File "c:/users/kskzz/miniconda3/envs/env_isaaclab/lib/site-packages/isaacsim/extscache/omni.graph-1.141.2+69cbf6ad.wx64.r.cp311/omni/graph/core/tests/omnigraph_test_utils.py", line 135, in test_case_class
    base_class = omni.kit.test.AsyncTestCase
                 ^^^^^^^^^^^^^
AttributeError: cannot access submodule 'test' of module 'omni.kit' (most likely due to a circular import)

2026-08-01T02:19:45Z [5,617ms] [Error] [omni.graph.tools._impl.internal.extension_contents_1_18] Exception while importing test omni.replicator.core.ogn.tests.TestOgnBoundingBoxLegacy: Traceback (most recent call last):
  File "c:/users/kskzz/miniconda3/envs/env_isaaclab/lib/site-packages/isaacsim/extscache/omni.graph.tools-1.79.2+69cbf6ad/omni/graph/tools/_impl/internal/extension_contents_1_18.py", line 394, in do_import_test_definition
    test_module = load_module_from_file(test_module_name, test_file)
                  ^^^^^^^^^^^^^^^^^^^^^^^^^^^^^^^^^^^^^^^^^^^^^^^^^^
  File "c:/users/kskzz/miniconda3/envs/env_isaaclab/lib/site-packages/isaacsim/extscache/omni.graph.tools-1.79.2+69cbf6ad/omni/graph/tools/_impl/internal/file_utils.py", line 239, in load_module_from_file
    spec.loader.exec_module(module)
  File "<frozen importlib._bootstrap_external>", line 940, in exec_module
  File "<frozen importlib._bootstrap>", line 241, in _call_with_frames_removed
  File "c:\users\kskzz\miniconda3\envs\env_isaaclab\lib\site-packages\isaacsim\kit\cache\ogn_generated\1.79.2\omni.replicator.core-1.12.27\omni.replicator.core\ogn\tests\TestOgnBoundingBoxLegacy.py", line 4, in <module>
    import omni.graph.core.tests as ogts
  File "c:/users/kskzz/miniconda3/envs/env_isaaclab/lib/site-packages/isaacsim/extscache/omni.graph-1.141.2+69cbf6ad.wx64.r.cp311/omni/graph/core/tests/__init__.py", line 20, in <module>
    from .omnigraph_test_utils import OmniGraphTestCase
  File "c:/users/kskzz/miniconda3/envs/env_isaaclab/lib/site-packages/isaacsim/extscache/omni.graph-1.141.2+69cbf6ad.wx64.r.cp311/omni/graph/core/tests/omnigraph_test_utils.py", line 198, in <module>
    OmniGraphTestCase = test_case_class()
                        ^^^^^^^^^^^^^^^^^
  File "c:/users/kskzz/miniconda3/envs/env_isaaclab/lib/site-packages/isaacsim/extscache/omni.graph-1.141.2+69cbf6ad.wx64.r.cp311/omni/graph/core/tests/omnigraph_test_utils.py", line 135, in test_case_class
    base_class = omni.kit.test.AsyncTestCase
                 ^^^^^^^^^^^^^
AttributeError: cannot access submodule 'test' of module 'omni.kit' (most likely due to a circular import)

2026-08-01T02:19:45Z [5,624ms] [Error] [omni.graph.tools._impl.internal.extension_contents_1_18] Exception while importing test omni.replicator.core.ogn.tests.TestOgnSampleChoice: Traceback (most recent call last):
  File "c:/users/kskzz/miniconda3/envs/env_isaaclab/lib/site-packages/isaacsim/extscache/omni.graph.tools-1.79.2+69cbf6ad/omni/graph/tools/_impl/internal/extension_contents_1_18.py", line 394, in do_import_test_definition
    test_module = load_module_from_file(test_module_name, test_file)
                  ^^^^^^^^^^^^^^^^^^^^^^^^^^^^^^^^^^^^^^^^^^^^^^^^^^
  File "c:/users/kskzz/miniconda3/envs/env_isaaclab/lib/site-packages/isaacsim/extscache/omni.graph.tools-1.79.2+69cbf6ad/omni/graph/tools/_impl/internal/file_utils.py", line 239, in load_module_from_file
    spec.loader.exec_module(module)
  File "<frozen importlib._bootstrap_external>", line 940, in exec_module
  File "<frozen importlib._bootstrap>", line 241, in _call_with_frames_removed
  File "c:\users\kskzz\miniconda3\envs\env_isaaclab\lib\site-packages\isaacsim\kit\cache\ogn_generated\1.79.2\omni.replicator.core-1.12.27\omni.replicator.core\ogn\tests\TestOgnSampleChoice.py", line 4, in <module>
    import omni.graph.core.tests as ogts
  File "c:/users/kskzz/miniconda3/envs/env_isaaclab/lib/site-packages/isaacsim/extscache/omni.graph-1.141.2+69cbf6ad.wx64.r.cp311/omni/graph/core/tests/__init__.py", line 20, in <module>
    from .omnigraph_test_utils import OmniGraphTestCase
  File "c:/users/kskzz/miniconda3/envs/env_isaaclab/lib/site-packages/isaacsim/extscache/omni.graph-1.141.2+69cbf6ad.wx64.r.cp311/omni/graph/core/tests/omnigraph_test_utils.py", line 198, in <module>
    OmniGraphTestCase = test_case_class()
                        ^^^^^^^^^^^^^^^^^
  File "c:/users/kskzz/miniconda3/envs/env_isaaclab/lib/site-packages/isaacsim/extscache/omni.graph-1.141.2+69cbf6ad.wx64.r.cp311/omni/graph/core/tests/omnigraph_test_utils.py", line 135, in test_case_class
    base_class = omni.kit.test.AsyncTestCase
                 ^^^^^^^^^^^^^
AttributeError: cannot access submodule 'test' of module 'omni.kit' (most likely due to a circular import)

2026-08-01T02:19:45Z [5,631ms] [Error] [omni.graph.tools._impl.internal.extension_contents_1_18] Exception while importing test omni.replicator.core.ogn.tests.TestOgnCameraRelativePosition: Traceback (most recent call last):
  File "c:/users/kskzz/miniconda3/envs/env_isaaclab/lib/site-packages/isaacsim/extscache/omni.graph.tools-1.79.2+69cbf6ad/omni/graph/tools/_impl/internal/extension_contents_1_18.py", line 394, in do_import_test_definition
    test_module = load_module_from_file(test_module_name, test_file)
                  ^^^^^^^^^^^^^^^^^^^^^^^^^^^^^^^^^^^^^^^^^^^^^^^^^^
  File "c:/users/kskzz/miniconda3/envs/env_isaaclab/lib/site-packages/isaacsim/extscache/omni.graph.tools-1.79.2+69cbf6ad/omni/graph/tools/_impl/internal/file_utils.py", line 239, in load_module_from_file
    spec.loader.exec_module(module)
  File "<frozen importlib._bootstrap_external>", line 940, in exec_module
  File "<frozen importlib._bootstrap>", line 241, in _call_with_frames_removed
  File "c:\users\kskzz\miniconda3\envs\env_isaaclab\lib\site-packages\isaacsim\kit\cache\ogn_generated\1.79.2\omni.replicator.core-1.12.27\omni.replicator.core\ogn\tests\TestOgnCameraRelativePosition.py", line 4, in <module>
    import omni.graph.core.tests as ogts
  File "c:/users/kskzz/miniconda3/envs/env_isaaclab/lib/site-packages/isaacsim/extscache/omni.graph-1.141.2+69cbf6ad.wx64.r.cp311/omni/graph/core/tests/__init__.py", line 20, in <module>
    from .omnigraph_test_utils import OmniGraphTestCase
  File "c:/users/kskzz/miniconda3/envs/env_isaaclab/lib/site-packages/isaacsim/extscache/omni.graph-1.141.2+69cbf6ad.wx64.r.cp311/omni/graph/core/tests/omnigraph_test_utils.py", line 198, in <module>
    OmniGraphTestCase = test_case_class()
                        ^^^^^^^^^^^^^^^^^
  File "c:/users/kskzz/miniconda3/envs/env_isaaclab/lib/site-packages/isaacsim/extscache/omni.graph-1.141.2+69cbf6ad.wx64.r.cp311/omni/graph/core/tests/omnigraph_test_utils.py", line 135, in test_case_class
    base_class = omni.kit.test.AsyncTestCase
                 ^^^^^^^^^^^^^
AttributeError: module 'omni.kit' has no attribute 'test'

2026-08-01T02:19:45Z [5,639ms] [Error] [omni.graph.tools._impl.internal.extension_contents_1_18] Exception while importing test omni.replicator.core.ogn.tests.TestOgnSampleChoicePrim: Traceback (most recent call last):
  File "c:/users/kskzz/miniconda3/envs/env_isaaclab/lib/site-packages/isaacsim/extscache/omni.graph.tools-1.79.2+69cbf6ad/omni/graph/tools/_impl/internal/extension_contents_1_18.py", line 394, in do_import_test_definition
    test_module = load_module_from_file(test_module_name, test_file)
                  ^^^^^^^^^^^^^^^^^^^^^^^^^^^^^^^^^^^^^^^^^^^^^^^^^^
  File "c:/users/kskzz/miniconda3/envs/env_isaaclab/lib/site-packages/isaacsim/extscache/omni.graph.tools-1.79.2+69cbf6ad/omni/graph/tools/_impl/internal/file_utils.py", line 239, in load_module_from_file
    spec.loader.exec_module(module)
  File "<frozen importlib._bootstrap_external>", line 940, in exec_module
  File "<frozen importlib._bootstrap>", line 241, in _call_with_frames_removed
  File "c:\users\kskzz\miniconda3\envs\env_isaaclab\lib\site-packages\isaacsim\kit\cache\ogn_generated\1.79.2\omni.replicator.core-1.12.27\omni.replicator.core\ogn\tests\TestOgnSampleChoicePrim.py", line 2, in <module>
    import omni.kit.test
  File "c:/users/kskzz/miniconda3/envs/env_isaaclab/lib/site-packages/isaacsim/extscache/omni.kit.test-2.0.1+69cbf6ad.wx64.r.cp311/omni/kit/test/__init__.py", line 7, in <module>
    from . import unittests
  File "c:/users/kskzz/miniconda3/envs/env_isaaclab/lib/site-packages/isaacsim/extscache/omni.kit.test-2.0.1+69cbf6ad.wx64.r.cp311/omni/kit/test/unittests.py", line 23, in <module>
    from .exttests import RunExtTests
  File "c:/users/kskzz/miniconda3/envs/env_isaaclab/lib/site-packages/isaacsim/extscache/omni.kit.test-2.0.1+69cbf6ad.wx64.r.cp311/omni/kit/test/exttests.py", line 31, in <module>
    from .sampling import SamplingFactor
  File "c:/users/kskzz/miniconda3/envs/env_isaaclab/lib/site-packages/isaacsim/extscache/omni.kit.test-2.0.1+69cbf6ad.wx64.r.cp311/omni/kit/test/sampling.py", line 4, in <module>
    from statistics import mean
  File "C:\robotics_sim\wlr_robot\resume_validation_fsm_residual_ppo\src\resume_validation\statistics.py", line 5, in <module>
    from statistics import mean, median, pstdev
ImportError: cannot import name 'mean' from partially initialized module 'statistics' (most likely due to a circular import) (C:\robotics_sim\wlr_robot\resume_validation_fsm_residual_ppo\src\resume_validation\statistics.py)

2026-08-01T02:19:45Z [5,647ms] [Error] [omni.graph.tools._impl.internal.extension_contents_1_18] Exception while importing test omni.replicator.core.ogn.tests.TestOgnConditionScript: Traceback (most recent call last):
  File "c:/users/kskzz/miniconda3/envs/env_isaaclab/lib/site-packages/isaacsim/extscache/omni.graph.tools-1.79.2+69cbf6ad/omni/graph/tools/_impl/internal/extension_contents_1_18.py", line 394, in do_import_test_definition
    test_module = load_module_from_file(test_module_name, test_file)
                  ^^^^^^^^^^^^^^^^^^^^^^^^^^^^^^^^^^^^^^^^^^^^^^^^^^
  File "c:/users/kskzz/miniconda3/envs/env_isaaclab/lib/site-packages/isaacsim/extscache/omni.graph.tools-1.79.2+69cbf6ad/omni/graph/tools/_impl/internal/file_utils.py", line 239, in load_module_from_file
    spec.loader.exec_module(module)
  File "<frozen importlib._bootstrap_external>", line 940, in exec_module
  File "<frozen importlib._bootstrap>", line 241, in _call_with_frames_removed
  File "c:\users\kskzz\miniconda3\envs\env_isaaclab\lib\site-packages\isaacsim\kit\cache\ogn_generated\1.79.2\omni.replicator.core-1.12.27\omni.replicator.core\ogn\tests\TestOgnConditionScript.py", line 4, in <module>
    import omni.graph.core.tests as ogts
  File "c:/users/kskzz/miniconda3/envs/env_isaaclab/lib/site-packages/isaacsim/extscache/omni.graph-1.141.2+69cbf6ad.wx64.r.cp311/omni/graph/core/tests/__init__.py", line 20, in <module>
    from .omnigraph_test_utils import OmniGraphTestCase
  File "c:/users/kskzz/miniconda3/envs/env_isaaclab/lib/site-packages/isaacsim/extscache/omni.graph-1.141.2+69cbf6ad.wx64.r.cp311/omni/graph/core/tests/omnigraph_test_utils.py", line 198, in <module>
    OmniGraphTestCase = test_case_class()
                        ^^^^^^^^^^^^^^^^^
  File "c:/users/kskzz/miniconda3/envs/env_isaaclab/lib/site-packages/isaacsim/extscache/omni.graph-1.141.2+69cbf6ad.wx64.r.cp311/omni/graph/core/tests/omnigraph_test_utils.py", line 135, in test_case_class
    base_class = omni.kit.test.AsyncTestCase
                 ^^^^^^^^^^^^^
AttributeError: cannot access submodule 'test' of module 'omni.kit' (most likely due to a circular import)

2026-08-01T02:19:46Z [5,655ms] [Error] [omni.graph.tools._impl.internal.extension_contents_1_18] Exception while importing test omni.replicator.core.ogn.tests.TestOgnSampleCombine: Traceback (most recent call last):
  File "c:/users/kskzz/miniconda3/envs/env_isaaclab/lib/site-packages/isaacsim/extscache/omni.graph.tools-1.79.2+69cbf6ad/omni/graph/tools/_impl/internal/extension_contents_1_18.py", line 394, in do_import_test_definition
    test_module = load_module_from_file(test_module_name, test_file)
                  ^^^^^^^^^^^^^^^^^^^^^^^^^^^^^^^^^^^^^^^^^^^^^^^^^^
  File "c:/users/kskzz/miniconda3/envs/env_isaaclab/lib/site-packages/isaacsim/extscache/omni.graph.tools-1.79.2+69cbf6ad/omni/graph/tools/_impl/internal/file_utils.py", line 239, in load_module_from_file
    spec.loader.exec_module(module)
  File "<frozen importlib._bootstrap_external>", line 940, in exec_module
  File "<frozen importlib._bootstrap>", line 241, in _call_with_frames_removed
  File "c:\users\kskzz\miniconda3\envs\env_isaaclab\lib\site-packages\isaacsim\kit\cache\ogn_generated\1.79.2\omni.replicator.core-1.12.27\omni.replicator.core\ogn\tests\TestOgnSampleCombine.py", line 4, in <module>
    import omni.graph.core.tests as ogts
  File "c:/users/kskzz/miniconda3/envs/env_isaaclab/lib/site-packages/isaacsim/extscache/omni.graph-1.141.2+69cbf6ad.wx64.r.cp311/omni/graph/core/tests/__init__.py", line 20, in <module>
    from .omnigraph_test_utils import OmniGraphTestCase
  File "c:/users/kskzz/miniconda3/envs/env_isaaclab/lib/site-packages/isaacsim/extscache/omni.graph-1.141.2+69cbf6ad.wx64.r.cp311/omni/graph/core/tests/omnigraph_test_utils.py", line 198, in <module>
    OmniGraphTestCase = test_case_class()
                        ^^^^^^^^^^^^^^^^^
  File "c:/users/kskzz/miniconda3/envs/env_isaaclab/lib/site-packages/isaacsim/extscache/omni.graph-1.141.2+69cbf6ad.wx64.r.cp311/omni/graph/core/tests/omnigraph_test_utils.py", line 135, in test_case_class
    base_class = omni.kit.test.AsyncTestCase
                 ^^^^^^^^^^^^^
AttributeError: cannot access submodule 'test' of module 'omni.kit' (most likely due to a circular import)

2026-08-01T02:19:46Z [5,663ms] [Error] [omni.graph.tools._impl.internal.extension_contents_1_18] Exception while importing test omni.replicator.core.ogn.tests.TestOgnCreateProjectionMaterial: Traceback (most recent call last):
  File "c:/users/kskzz/miniconda3/envs/env_isaaclab/lib/site-packages/isaacsim/extscache/omni.graph.tools-1.79.2+69cbf6ad/omni/graph/tools/_impl/internal/extension_contents_1_18.py", line 394, in do_import_test_definition
    test_module = load_module_from_file(test_module_name, test_file)
                  ^^^^^^^^^^^^^^^^^^^^^^^^^^^^^^^^^^^^^^^^^^^^^^^^^^
  File "c:/users/kskzz/miniconda3/envs/env_isaaclab/lib/site-packages/isaacsim/extscache/omni.graph.tools-1.79.2+69cbf6ad/omni/graph/tools/_impl/internal/file_utils.py", line 239, in load_module_from_file
    spec.loader.exec_module(module)
  File "<frozen importlib._bootstrap_external>", line 940, in exec_module
  File "<frozen importlib._bootstrap>", line 241, in _call_with_frames_removed
  File "c:\users\kskzz\miniconda3\envs\env_isaaclab\lib\site-packages\isaacsim\kit\cache\ogn_generated\1.79.2\omni.replicator.core-1.12.27\omni.replicator.core\ogn\tests\TestOgnCreateProjectionMaterial.py", line 4, in <module>
    import omni.graph.core.tests as ogts
  File "c:/users/kskzz/miniconda3/envs/env_isaaclab/lib/site-packages/isaacsim/extscache/omni.graph-1.141.2+69cbf6ad.wx64.r.cp311/omni/graph/core/tests/__init__.py", line 20, in <module>
    from .omnigraph_test_utils import OmniGraphTestCase
  File "c:/users/kskzz/miniconda3/envs/env_isaaclab/lib/site-packages/isaacsim/extscache/omni.graph-1.141.2+69cbf6ad.wx64.r.cp311/omni/graph/core/tests/omnigraph_test_utils.py", line 198, in <module>
    OmniGraphTestCase = test_case_class()
                        ^^^^^^^^^^^^^^^^^
  File "c:/users/kskzz/miniconda3/envs/env_isaaclab/lib/site-packages/isaacsim/extscache/omni.graph-1.141.2+69cbf6ad.wx64.r.cp311/omni/graph/core/tests/omnigraph_test_utils.py", line 135, in test_case_class
    base_class = omni.kit.test.AsyncTestCase
                 ^^^^^^^^^^^^^
AttributeError: cannot access submodule 'test' of module 'omni.kit' (most likely due to a circular import)

2026-08-01T02:19:46Z [5,672ms] [Error] [omni.graph.tools._impl.internal.extension_contents_1_18] Exception while importing test omni.replicator.core.ogn.tests.TestOgnSampleLight: Traceback (most recent call last):
  File "c:/users/kskzz/miniconda3/envs/env_isaaclab/lib/site-packages/isaacsim/extscache/omni.graph.tools-1.79.2+69cbf6ad/omni/graph/tools/_impl/internal/extension_contents_1_18.py", line 394, in do_import_test_definition
    test_module = load_module_from_file(test_module_name, test_file)
                  ^^^^^^^^^^^^^^^^^^^^^^^^^^^^^^^^^^^^^^^^^^^^^^^^^^
  File "c:/users/kskzz/miniconda3/envs/env_isaaclab/lib/site-packages/isaacsim/extscache/omni.graph.tools-1.79.2+69cbf6ad/omni/graph/tools/_impl/internal/file_utils.py", line 239, in load_module_from_file
    spec.loader.exec_module(module)
  File "<frozen importlib._bootstrap_external>", line 940, in exec_module
  File "<frozen importlib._bootstrap>", line 241, in _call_with_frames_removed
  File "c:\users\kskzz\miniconda3\envs\env_isaaclab\lib\site-packages\isaacsim\kit\cache\ogn_generated\1.79.2\omni.replicator.core-1.12.27\omni.replicator.core\ogn\tests\TestOgnSampleLight.py", line 2, in <module>
    import omni.kit.test
  File "c:/users/kskzz/miniconda3/envs/env_isaaclab/lib/site-packages/isaacsim/extscache/omni.kit.test-2.0.1+69cbf6ad.wx64.r.cp311/omni/kit/test/__init__.py", line 7, in <module>
    from . import unittests
  File "c:/users/kskzz/miniconda3/envs/env_isaaclab/lib/site-packages/isaacsim/extscache/omni.kit.test-2.0.1+69cbf6ad.wx64.r.cp311/omni/kit/test/unittests.py", line 23, in <module>
    from .exttests import RunExtTests
  File "c:/users/kskzz/miniconda3/envs/env_isaaclab/lib/site-packages/isaacsim/extscache/omni.kit.test-2.0.1+69cbf6ad.wx64.r.cp311/omni/kit/test/exttests.py", line 31, in <module>
    from .sampling import SamplingFactor
  File "c:/users/kskzz/miniconda3/envs/env_isaaclab/lib/site-packages/isaacsim/extscache/omni.kit.test-2.0.1+69cbf6ad.wx64.r.cp311/omni/kit/test/sampling.py", line 4, in <module>
    from statistics import mean
  File "C:\robotics_sim\wlr_robot\resume_validation_fsm_residual_ppo\src\resume_validation\statistics.py", line 5, in <module>
    from statistics import mean, median, pstdev
ImportError: cannot import name 'mean' from partially initialized module 'statistics' (most likely due to a circular import) (C:\robotics_sim\wlr_robot\resume_validation_fsm_residual_ppo\src\resume_validation\statistics.py)

2026-08-01T02:19:46Z [6,309ms] [Error] [omni.graph.tools._impl.internal.extension_contents_1_18] Exception while importing test omni.replicator.core.ogn.tests.TestOgnDecal: Traceback (most recent call last):
  File "c:/users/kskzz/miniconda3/envs/env_isaaclab/lib/site-packages/isaacsim/extscache/omni.graph.tools-1.79.2+69cbf6ad/omni/graph/tools/_impl/internal/extension_contents_1_18.py", line 394, in do_import_test_definition
    test_module = load_module_from_file(test_module_name, test_file)
                  ^^^^^^^^^^^^^^^^^^^^^^^^^^^^^^^^^^^^^^^^^^^^^^^^^^
  File "c:/users/kskzz/miniconda3/envs/env_isaaclab/lib/site-packages/isaacsim/extscache/omni.graph.tools-1.79.2+69cbf6ad/omni/graph/tools/_impl/internal/file_utils.py", line 239, in load_module_from_file
    spec.loader.exec_module(module)
  File "<frozen importlib._bootstrap_external>", line 940, in exec_module
  File "<frozen importlib._bootstrap>", line 241, in _call_with_frames_removed
  File "c:\users\kskzz\miniconda3\envs\env_isaaclab\lib\site-packages\isaacsim\kit\cache\ogn_generated\1.79.2\omni.replicator.core-1.12.27\omni.replicator.core\ogn\tests\TestOgnDecal.py", line 2, in <module>
    import omni.kit.test
  File "c:/users/kskzz/miniconda3/envs/env_isaaclab/lib/site-packages/isaacsim/extscache/omni.kit.test-2.0.1+69cbf6ad.wx64.r.cp311/omni/kit/test/__init__.py", line 7, in <module>
    from . import unittests
  File "c:/users/kskzz/miniconda3/envs/env_isaaclab/lib/site-packages/isaacsim/extscache/omni.kit.test-2.0.1+69cbf6ad.wx64.r.cp311/omni/kit/test/unittests.py", line 23, in <module>
    from .exttests import RunExtTests
  File "c:/users/kskzz/miniconda3/envs/env_isaaclab/lib/site-packages/isaacsim/extscache/omni.kit.test-2.0.1+69cbf6ad.wx64.r.cp311/omni/kit/test/exttests.py", line 31, in <module>
    from .sampling import SamplingFactor
  File "c:/users/kskzz/miniconda3/envs/env_isaaclab/lib/site-packages/isaacsim/extscache/omni.kit.test-2.0.1+69cbf6ad.wx64.r.cp311/omni/kit/test/sampling.py", line 4, in <module>
    from statistics import mean
  File "C:\robotics_sim\wlr_robot\resume_validation_fsm_residual_ppo\src\resume_validation\statistics.py", line 5, in <module>
    from statistics import mean, median, pstdev
ImportError: cannot import name 'mean' from partially initialized module 'statistics' (most likely due to a circular import) (C:\robotics_sim\wlr_robot\resume_validation_fsm_residual_ppo\src\resume_validation\statistics.py)

2026-08-01T02:19:46Z [6,316ms] [Error] [omni.graph.tools._impl.internal.extension_contents_1_18] Exception while importing test omni.replicator.core.ogn.tests.TestOgnGetPrimAtPath: Traceback (most recent call last):
  File "c:/users/kskzz/miniconda3/envs/env_isaaclab/lib/site-packages/isaacsim/extscache/omni.graph.tools-1.79.2+69cbf6ad/omni/graph/tools/_impl/internal/extension_contents_1_18.py", line 394, in do_import_test_definition
    test_module = load_module_from_file(test_module_name, test_file)
                  ^^^^^^^^^^^^^^^^^^^^^^^^^^^^^^^^^^^^^^^^^^^^^^^^^^
  File "c:/users/kskzz/miniconda3/envs/env_isaaclab/lib/site-packages/isaacsim/extscache/omni.graph.tools-1.79.2+69cbf6ad/omni/graph/tools/_impl/internal/file_utils.py", line 239, in load_module_from_file
    spec.loader.exec_module(module)
  File "<frozen importlib._bootstrap_external>", line 940, in exec_module
  File "<frozen importlib._bootstrap>", line 241, in _call_with_frames_removed
  File "c:\users\kskzz\miniconda3\envs\env_isaaclab\lib\site-packages\isaacsim\kit\cache\ogn_generated\1.79.2\omni.replicator.core-1.12.27\omni.replicator.core\ogn\tests\TestOgnGetPrimAtPath.py", line 2, in <module>
    import omni.kit.test
  File "c:/users/kskzz/miniconda3/envs/env_isaaclab/lib/site-packages/isaacsim/extscache/omni.kit.test-2.0.1+69cbf6ad.wx64.r.cp311/omni/kit/test/__init__.py", line 7, in <module>
    from . import unittests
  File "c:/users/kskzz/miniconda3/envs/env_isaaclab/lib/site-packages/isaacsim/extscache/omni.kit.test-2.0.1+69cbf6ad.wx64.r.cp311/omni/kit/test/unittests.py", line 23, in <module>
    from .exttests import RunExtTests
  File "c:/users/kskzz/miniconda3/envs/env_isaaclab/lib/site-packages/isaacsim/extscache/omni.kit.test-2.0.1+69cbf6ad.wx64.r.cp311/omni/kit/test/exttests.py", line 31, in <module>
    from .sampling import SamplingFactor
  File "c:/users/kskzz/miniconda3/envs/env_isaaclab/lib/site-packages/isaacsim/extscache/omni.kit.test-2.0.1+69cbf6ad.wx64.r.cp311/omni/kit/test/sampling.py", line 4, in <module>
    from statistics import mean
  File "C:\robotics_sim\wlr_robot\resume_validation_fsm_residual_ppo\src\resume_validation\statistics.py", line 5, in <module>
    from statistics import mean, median, pstdev
ImportError: cannot import name 'mean' from partially initialized module 'statistics' (most likely due to a circular import) (C:\robotics_sim\wlr_robot\resume_validation_fsm_residual_ppo\src\resume_validation\statistics.py)

2026-08-01T02:19:46Z [6,321ms] [Error] [omni.graph.tools._impl.internal.extension_contents_1_18] Exception while importing test omni.replicator.core.ogn.tests.TestOgnSampleLogUniform: Traceback (most recent call last):
  File "c:/users/kskzz/miniconda3/envs/env_isaaclab/lib/site-packages/isaacsim/extscache/omni.graph.tools-1.79.2+69cbf6ad/omni/graph/tools/_impl/internal/extension_contents_1_18.py", line 394, in do_import_test_definition
    test_module = load_module_from_file(test_module_name, test_file)
                  ^^^^^^^^^^^^^^^^^^^^^^^^^^^^^^^^^^^^^^^^^^^^^^^^^^
  File "c:/users/kskzz/miniconda3/envs/env_isaaclab/lib/site-packages/isaacsim/extscache/omni.graph.tools-1.79.2+69cbf6ad/omni/graph/tools/_impl/internal/file_utils.py", line 239, in load_module_from_file
    spec.loader.exec_module(module)
  File "<frozen importlib._bootstrap_external>", line 940, in exec_module
  File "<frozen importlib._bootstrap>", line 241, in _call_with_frames_removed
  File "c:\users\kskzz\miniconda3\envs\env_isaaclab\lib\site-packages\isaacsim\kit\cache\ogn_generated\1.79.2\omni.replicator.core-1.12.27\omni.replicator.core\ogn\tests\TestOgnSampleLogUniform.py", line 2, in <module>
    import omni.kit.test
  File "c:/users/kskzz/miniconda3/envs/env_isaaclab/lib/site-packages/isaacsim/extscache/omni.kit.test-2.0.1+69cbf6ad.wx64.r.cp311/omni/kit/test/__init__.py", line 7, in <module>
    from . import unittests
  File "c:/users/kskzz/miniconda3/envs/env_isaaclab/lib/site-packages/isaacsim/extscache/omni.kit.test-2.0.1+69cbf6ad.wx64.r.cp311/omni/kit/test/unittests.py", line 23, in <module>
    from .exttests import RunExtTests
  File "c:/users/kskzz/miniconda3/envs/env_isaaclab/lib/site-packages/isaacsim/extscache/omni.kit.test-2.0.1+69cbf6ad.wx64.r.cp311/omni/kit/test/exttests.py", line 31, in <module>
    from .sampling import SamplingFactor
  File "c:/users/kskzz/miniconda3/envs/env_isaaclab/lib/site-packages/isaacsim/extscache/omni.kit.test-2.0.1+69cbf6ad.wx64.r.cp311/omni/kit/test/sampling.py", line 4, in <module>
    from statistics import mean
  File "C:\robotics_sim\wlr_robot\resume_validation_fsm_residual_ppo\src\resume_validation\statistics.py", line 5, in <module>
    from statistics import mean, median, pstdev
ImportError: cannot import name 'mean' from partially initialized module 'statistics' (most likely due to a circular import) (C:\robotics_sim\wlr_robot\resume_validation_fsm_residual_ppo\src\resume_validation\statistics.py)

2026-08-01T02:19:46Z [6,329ms] [Error] [omni.graph.tools._impl.internal.extension_contents_1_18] Exception while importing test omni.replicator.core.ogn.tests.TestOgnGetPrims: Traceback (most recent call last):
  File "c:/users/kskzz/miniconda3/envs/env_isaaclab/lib/site-packages/isaacsim/extscache/omni.graph.tools-1.79.2+69cbf6ad/omni/graph/tools/_impl/internal/extension_contents_1_18.py", line 394, in do_import_test_definition
    test_module = load_module_from_file(test_module_name, test_file)
                  ^^^^^^^^^^^^^^^^^^^^^^^^^^^^^^^^^^^^^^^^^^^^^^^^^^
  File "c:/users/kskzz/miniconda3/envs/env_isaaclab/lib/site-packages/isaacsim/extscache/omni.graph.tools-1.79.2+69cbf6ad/omni/graph/tools/_impl/internal/file_utils.py", line 239, in load_module_from_file
    spec.loader.exec_module(module)
  File "<frozen importlib._bootstrap_external>", line 940, in exec_module
  File "<frozen importlib._bootstrap>", line 241, in _call_with_frames_removed
  File "c:\users\kskzz\miniconda3\envs\env_isaaclab\lib\site-packages\isaacsim\kit\cache\ogn_generated\1.79.2\omni.replicator.core-1.12.27\omni.replicator.core\ogn\tests\TestOgnGetPrims.py", line 2, in <module>
    import omni.kit.test
  File "c:/users/kskzz/miniconda3/envs/env_isaaclab/lib/site-packages/isaacsim/extscache/omni.kit.test-2.0.1+69cbf6ad.wx64.r.cp311/omni/kit/test/__init__.py", line 7, in <module>
    from . import unittests
  File "c:/users/kskzz/miniconda3/envs/env_isaaclab/lib/site-packages/isaacsim/extscache/omni.kit.test-2.0.1+69cbf6ad.wx64.r.cp311/omni/kit/test/unittests.py", line 23, in <module>
    from .exttests import RunExtTests
  File "c:/users/kskzz/miniconda3/envs/env_isaaclab/lib/site-packages/isaacsim/extscache/omni.kit.test-2.0.1+69cbf6ad.wx64.r.cp311/omni/kit/test/exttests.py", line 31, in <module>
    from .sampling import SamplingFactor
  File "c:/users/kskzz/miniconda3/envs/env_isaaclab/lib/site-packages/isaacsim/extscache/omni.kit.test-2.0.1+69cbf6ad.wx64.r.cp311/omni/kit/test/sampling.py", line 4, in <module>
    from statistics import mean
  File "C:\robotics_sim\wlr_robot\resume_validation_fsm_residual_ppo\src\resume_validation\statistics.py", line 5, in <module>
    from statistics import mean, median, pstdev
ImportError: cannot import name 'mean' from partially initialized module 'statistics' (most likely due to a circular import) (C:\robotics_sim\wlr_robot\resume_validation_fsm_residual_ppo\src\resume_validation\statistics.py)

2026-08-01T02:19:46Z [6,336ms] [Error] [omni.graph.tools._impl.internal.extension_contents_1_18] Exception while importing test omni.replicator.core.ogn.tests.TestOgnSampleMaterial: Traceback (most recent call last):
  File "c:/users/kskzz/miniconda3/envs/env_isaaclab/lib/site-packages/isaacsim/extscache/omni.graph.tools-1.79.2+69cbf6ad/omni/graph/tools/_impl/internal/extension_contents_1_18.py", line 394, in do_import_test_definition
    test_module = load_module_from_file(test_module_name, test_file)
                  ^^^^^^^^^^^^^^^^^^^^^^^^^^^^^^^^^^^^^^^^^^^^^^^^^^
  File "c:/users/kskzz/miniconda3/envs/env_isaaclab/lib/site-packages/isaacsim/extscache/omni.graph.tools-1.79.2+69cbf6ad/omni/graph/tools/_impl/internal/file_utils.py", line 239, in load_module_from_file
    spec.loader.exec_module(module)
  File "<frozen importlib._bootstrap_external>", line 940, in exec_module
  File "<frozen importlib._bootstrap>", line 241, in _call_with_frames_removed
  File "c:\users\kskzz\miniconda3\envs\env_isaaclab\lib\site-packages\isaacsim\kit\cache\ogn_generated\1.79.2\omni.replicator.core-1.12.27\omni.replicator.core\ogn\tests\TestOgnSampleMaterial.py", line 2, in <module>
    import omni.kit.test
  File "c:/users/kskzz/miniconda3/envs/env_isaaclab/lib/site-packages/isaacsim/extscache/omni.kit.test-2.0.1+69cbf6ad.wx64.r.cp311/omni/kit/test/__init__.py", line 7, in <module>
    from . import unittests
  File "c:/users/kskzz/miniconda3/envs/env_isaaclab/lib/site-packages/isaacsim/extscache/omni.kit.test-2.0.1+69cbf6ad.wx64.r.cp311/omni/kit/test/unittests.py", line 23, in <module>
    from .exttests import RunExtTests
  File "c:/users/kskzz/miniconda3/envs/env_isaaclab/lib/site-packages/isaacsim/extscache/omni.kit.test-2.0.1+69cbf6ad.wx64.r.cp311/omni/kit/test/exttests.py", line 31, in <module>
    from .sampling import SamplingFactor
  File "c:/users/kskzz/miniconda3/envs/env_isaaclab/lib/site-packages/isaacsim/extscache/omni.kit.test-2.0.1+69cbf6ad.wx64.r.cp311/omni/kit/test/sampling.py", line 4, in <module>
    from statistics import mean
  File "C:\robotics_sim\wlr_robot\resume_validation_fsm_residual_ppo\src\resume_validation\statistics.py", line 5, in <module>
    from statistics import mean, median, pstdev
ImportError: cannot import name 'mean' from partially initialized module 'statistics' (most likely due to a circular import) (C:\robotics_sim\wlr_robot\resume_validation_fsm_residual_ppo\src\resume_validation\statistics.py)

2026-08-01T02:19:46Z [6,345ms] [Error] [omni.graph.tools._impl.internal.extension_contents_1_18] Exception while importing test omni.replicator.core.ogn.tests.TestOgnGetSkeletonData: Traceback (most recent call last):
  File "c:/users/kskzz/miniconda3/envs/env_isaaclab/lib/site-packages/isaacsim/extscache/omni.graph.tools-1.79.2+69cbf6ad/omni/graph/tools/_impl/internal/extension_contents_1_18.py", line 394, in do_import_test_definition
    test_module = load_module_from_file(test_module_name, test_file)
                  ^^^^^^^^^^^^^^^^^^^^^^^^^^^^^^^^^^^^^^^^^^^^^^^^^^
  File "c:/users/kskzz/miniconda3/envs/env_isaaclab/lib/site-packages/isaacsim/extscache/omni.graph.tools-1.79.2+69cbf6ad/omni/graph/tools/_impl/internal/file_utils.py", line 239, in load_module_from_file
    spec.loader.exec_module(module)
  File "<frozen importlib._bootstrap_external>", line 940, in exec_module
  File "<frozen importlib._bootstrap>", line 241, in _call_with_frames_removed
  File "c:\users\kskzz\miniconda3\envs\env_isaaclab\lib\site-packages\isaacsim\kit\cache\ogn_generated\1.79.2\omni.replicator.core-1.12.27\omni.replicator.core\ogn\tests\TestOgnGetSkeletonData.py", line 2, in <module>
    import omni.kit.test
  File "c:/users/kskzz/miniconda3/envs/env_isaaclab/lib/site-packages/isaacsim/extscache/omni.kit.test-2.0.1+69cbf6ad.wx64.r.cp311/omni/kit/test/__init__.py", line 7, in <module>
    from . import unittests
  File "c:/users/kskzz/miniconda3/envs/env_isaaclab/lib/site-packages/isaacsim/extscache/omni.kit.test-2.0.1+69cbf6ad.wx64.r.cp311/omni/kit/test/unittests.py", line 23, in <module>
    from .exttests import RunExtTests
  File "c:/users/kskzz/miniconda3/envs/env_isaaclab/lib/site-packages/isaacsim/extscache/omni.kit.test-2.0.1+69cbf6ad.wx64.r.cp311/omni/kit/test/exttests.py", line 31, in <module>
    from .sampling import SamplingFactor
  File "c:/users/kskzz/miniconda3/envs/env_isaaclab/lib/site-packages/isaacsim/extscache/omni.kit.test-2.0.1+69cbf6ad.wx64.r.cp311/omni/kit/test/sampling.py", line 4, in <module>
    from statistics import mean
  File "C:\robotics_sim\wlr_robot\resume_validation_fsm_residual_ppo\src\resume_validation\statistics.py", line 5, in <module>
    from statistics import mean, median, pstdev
ImportError: cannot import name 'mean' from partially initialized module 'statistics' (most likely due to a circular import) (C:\robotics_sim\wlr_robot\resume_validation_fsm_residual_ppo\src\resume_validation\statistics.py)

2026-08-01T02:19:46Z [6,352ms] [Error] [omni.graph.tools._impl.internal.extension_contents_1_18] Exception while importing test omni.replicator.core.ogn.tests.TestOgnSampleNormal: Traceback (most recent call last):
  File "c:/users/kskzz/miniconda3/envs/env_isaaclab/lib/site-packages/isaacsim/extscache/omni.graph.tools-1.79.2+69cbf6ad/omni/graph/tools/_impl/internal/extension_contents_1_18.py", line 394, in do_import_test_definition
    test_module = load_module_from_file(test_module_name, test_file)
                  ^^^^^^^^^^^^^^^^^^^^^^^^^^^^^^^^^^^^^^^^^^^^^^^^^^
  File "c:/users/kskzz/miniconda3/envs/env_isaaclab/lib/site-packages/isaacsim/extscache/omni.graph.tools-1.79.2+69cbf6ad/omni/graph/tools/_impl/internal/file_utils.py", line 239, in load_module_from_file
    spec.loader.exec_module(module)
  File "<frozen importlib._bootstrap_external>", line 940, in exec_module
  File "<frozen importlib._bootstrap>", line 241, in _call_with_frames_removed
  File "c:\users\kskzz\miniconda3\envs\env_isaaclab\lib\site-packages\isaacsim\kit\cache\ogn_generated\1.79.2\omni.replicator.core-1.12.27\omni.replicator.core\ogn\tests\TestOgnSampleNormal.py", line 2, in <module>
    import omni.kit.test
  File "c:/users/kskzz/miniconda3/envs/env_isaaclab/lib/site-packages/isaacsim/extscache/omni.kit.test-2.0.1+69cbf6ad.wx64.r.cp311/omni/kit/test/__init__.py", line 7, in <module>
    from . import unittests
  File "c:/users/kskzz/miniconda3/envs/env_isaaclab/lib/site-packages/isaacsim/extscache/omni.kit.test-2.0.1+69cbf6ad.wx64.r.cp311/omni/kit/test/unittests.py", line 23, in <module>
    from .exttests import RunExtTests
  File "c:/users/kskzz/miniconda3/envs/env_isaaclab/lib/site-packages/isaacsim/extscache/omni.kit.test-2.0.1+69cbf6ad.wx64.r.cp311/omni/kit/test/exttests.py", line 31, in <module>
    from .sampling import SamplingFactor
  File "c:/users/kskzz/miniconda3/envs/env_isaaclab/lib/site-packages/isaacsim/extscache/omni.kit.test-2.0.1+69cbf6ad.wx64.r.cp311/omni/kit/test/sampling.py", line 4, in <module>
    from statistics import mean
  File "C:\robotics_sim\wlr_robot\resume_validation_fsm_residual_ppo\src\resume_validation\statistics.py", line 5, in <module>
    from statistics import mean, median, pstdev
ImportError: cannot import name 'mean' from partially initialized module 'statistics' (most likely due to a circular import) (C:\robotics_sim\wlr_robot\resume_validation_fsm_residual_ppo\src\resume_validation\statistics.py)

2026-08-01T02:19:46Z [6,360ms] [Error] [omni.graph.tools._impl.internal.extension_contents_1_18] Exception while importing test omni.replicator.core.ogn.tests.TestOgnGroup: Traceback (most recent call last):
  File "c:/users/kskzz/miniconda3/envs/env_isaaclab/lib/site-packages/isaacsim/extscache/omni.graph.tools-1.79.2+69cbf6ad/omni/graph/tools/_impl/internal/extension_contents_1_18.py", line 394, in do_import_test_definition
    test_module = load_module_from_file(test_module_name, test_file)
                  ^^^^^^^^^^^^^^^^^^^^^^^^^^^^^^^^^^^^^^^^^^^^^^^^^^
  File "c:/users/kskzz/miniconda3/envs/env_isaaclab/lib/site-packages/isaacsim/extscache/omni.graph.tools-1.79.2+69cbf6ad/omni/graph/tools/_impl/internal/file_utils.py", line 239, in load_module_from_file
    spec.loader.exec_module(module)
  File "<frozen importlib._bootstrap_external>", line 940, in exec_module
  File "<frozen importlib._bootstrap>", line 241, in _call_with_frames_removed
  File "c:\users\kskzz\miniconda3\envs\env_isaaclab\lib\site-packages\isaacsim\kit\cache\ogn_generated\1.79.2\omni.replicator.core-1.12.27\omni.replicator.core\ogn\tests\TestOgnGroup.py", line 2, in <module>
    import omni.kit.test
  File "c:/users/kskzz/miniconda3/envs/env_isaaclab/lib/site-packages/isaacsim/extscache/omni.kit.test-2.0.1+69cbf6ad.wx64.r.cp311/omni/kit/test/__init__.py", line 7, in <module>
    from . import unittests
  File "c:/users/kskzz/miniconda3/envs/env_isaaclab/lib/site-packages/isaacsim/extscache/omni.kit.test-2.0.1+69cbf6ad.wx64.r.cp311/omni/kit/test/unittests.py", line 23, in <module>
    from .exttests import RunExtTests
  File "c:/users/kskzz/miniconda3/envs/env_isaaclab/lib/site-packages/isaacsim/extscache/omni.kit.test-2.0.1+69cbf6ad.wx64.r.cp311/omni/kit/test/exttests.py", line 31, in <module>
    from .sampling import SamplingFactor
  File "c:/users/kskzz/miniconda3/envs/env_isaaclab/lib/site-packages/isaacsim/extscache/omni.kit.test-2.0.1+69cbf6ad.wx64.r.cp311/omni/kit/test/sampling.py", line 4, in <module>
    from statistics import mean
  File "C:\robotics_sim\wlr_robot\resume_validation_fsm_residual_ppo\src\resume_validation\statistics.py", line 5, in <module>
    from statistics import mean, median, pstdev
ImportError: cannot import name 'mean' from partially initialized module 'statistics' (most likely due to a circular import) (C:\robotics_sim\wlr_robot\resume_validation_fsm_residual_ppo\src\resume_validation\statistics.py)

2026-08-01T02:19:46Z [6,367ms] [Error] [omni.graph.tools._impl.internal.extension_contents_1_18] Exception while importing test omni.replicator.core.ogn.tests.TestOgnSampleOmniPBR: Traceback (most recent call last):
  File "c:/users/kskzz/miniconda3/envs/env_isaaclab/lib/site-packages/isaacsim/extscache/omni.graph.tools-1.79.2+69cbf6ad/omni/graph/tools/_impl/internal/extension_contents_1_18.py", line 394, in do_import_test_definition
    test_module = load_module_from_file(test_module_name, test_file)
                  ^^^^^^^^^^^^^^^^^^^^^^^^^^^^^^^^^^^^^^^^^^^^^^^^^^
  File "c:/users/kskzz/miniconda3/envs/env_isaaclab/lib/site-packages/isaacsim/extscache/omni.graph.tools-1.79.2+69cbf6ad/omni/graph/tools/_impl/internal/file_utils.py", line 239, in load_module_from_file
    spec.loader.exec_module(module)
  File "<frozen importlib._bootstrap_external>", line 940, in exec_module
  File "<frozen importlib._bootstrap>", line 241, in _call_with_frames_removed
  File "c:\users\kskzz\miniconda3\envs\env_isaaclab\lib\site-packages\isaacsim\kit\cache\ogn_generated\1.79.2\omni.replicator.core-1.12.27\omni.replicator.core\ogn\tests\TestOgnSampleOmniPBR.py", line 2, in <module>
    import omni.kit.test
  File "c:/users/kskzz/miniconda3/envs/env_isaaclab/lib/site-packages/isaacsim/extscache/omni.kit.test-2.0.1+69cbf6ad.wx64.r.cp311/omni/kit/test/__init__.py", line 7, in <module>
    from . import unittests
  File "c:/users/kskzz/miniconda3/envs/env_isaaclab/lib/site-packages/isaacsim/extscache/omni.kit.test-2.0.1+69cbf6ad.wx64.r.cp311/omni/kit/test/unittests.py", line 23, in <module>
    from .exttests import RunExtTests
  File "c:/users/kskzz/miniconda3/envs/env_isaaclab/lib/site-packages/isaacsim/extscache/omni.kit.test-2.0.1+69cbf6ad.wx64.r.cp311/omni/kit/test/exttests.py", line 31, in <module>
    from .sampling import SamplingFactor
  File "c:/users/kskzz/miniconda3/envs/env_isaaclab/lib/site-packages/isaacsim/extscache/omni.kit.test-2.0.1+69cbf6ad.wx64.r.cp311/omni/kit/test/sampling.py", line 4, in <module>
    from statistics import mean
  File "C:\robotics_sim\wlr_robot\resume_validation_fsm_residual_ppo\src\resume_validation\statistics.py", line 5, in <module>
    from statistics import mean, median, pstdev
ImportError: cannot import name 'mean' from partially initialized module 'statistics' (most likely due to a circular import) (C:\robotics_sim\wlr_robot\resume_validation_fsm_residual_ppo\src\resume_validation\statistics.py)

2026-08-01T02:19:46Z [6,373ms] [Error] [omni.graph.tools._impl.internal.extension_contents_1_18] Exception while importing test omni.replicator.core.ogn.tests.TestOgnInstanceIdSegmentationLegacy: Traceback (most recent call last):
  File "c:/users/kskzz/miniconda3/envs/env_isaaclab/lib/site-packages/isaacsim/extscache/omni.graph.tools-1.79.2+69cbf6ad/omni/graph/tools/_impl/internal/extension_contents_1_18.py", line 394, in do_import_test_definition
    test_module = load_module_from_file(test_module_name, test_file)
                  ^^^^^^^^^^^^^^^^^^^^^^^^^^^^^^^^^^^^^^^^^^^^^^^^^^
  File "c:/users/kskzz/miniconda3/envs/env_isaaclab/lib/site-packages/isaacsim/extscache/omni.graph.tools-1.79.2+69cbf6ad/omni/graph/tools/_impl/internal/file_utils.py", line 239, in load_module_from_file
    spec.loader.exec_module(module)
  File "<frozen importlib._bootstrap_external>", line 940, in exec_module
  File "<frozen importlib._bootstrap>", line 241, in _call_with_frames_removed
  File "c:\users\kskzz\miniconda3\envs\env_isaaclab\lib\site-packages\isaacsim\kit\cache\ogn_generated\1.79.2\omni.replicator.core-1.12.27\omni.replicator.core\ogn\tests\TestOgnInstanceIdSegmentationLegacy.py", line 2, in <module>
    import omni.kit.test
  File "c:/users/kskzz/miniconda3/envs/env_isaaclab/lib/site-packages/isaacsim/extscache/omni.kit.test-2.0.1+69cbf6ad.wx64.r.cp311/omni/kit/test/__init__.py", line 7, in <module>
    from . import unittests
  File "c:/users/kskzz/miniconda3/envs/env_isaaclab/lib/site-packages/isaacsim/extscache/omni.kit.test-2.0.1+69cbf6ad.wx64.r.cp311/omni/kit/test/unittests.py", line 23, in <module>
    from .exttests import RunExtTests
  File "c:/users/kskzz/miniconda3/envs/env_isaaclab/lib/site-packages/isaacsim/extscache/omni.kit.test-2.0.1+69cbf6ad.wx64.r.cp311/omni/kit/test/exttests.py", line 31, in <module>
    from .sampling import SamplingFactor
  File "c:/users/kskzz/miniconda3/envs/env_isaaclab/lib/site-packages/isaacsim/extscache/omni.kit.test-2.0.1+69cbf6ad.wx64.r.cp311/omni/kit/test/sampling.py", line 4, in <module>
    from statistics import mean
  File "C:\robotics_sim\wlr_robot\resume_validation_fsm_residual_ppo\src\resume_validation\statistics.py", line 5, in <module>
    from statistics import mean, median, pstdev
ImportError: cannot import name 'mean' from partially initialized module 'statistics' (most likely due to a circular import) (C:\robotics_sim\wlr_robot\resume_validation_fsm_residual_ppo\src\resume_validation\statistics.py)

2026-08-01T02:19:46Z [6,382ms] [Error] [omni.graph.tools._impl.internal.extension_contents_1_18] Exception while importing test omni.replicator.core.ogn.tests.TestOgnSamplePopulation: Traceback (most recent call last):
  File "c:/users/kskzz/miniconda3/envs/env_isaaclab/lib/site-packages/isaacsim/extscache/omni.graph.tools-1.79.2+69cbf6ad/omni/graph/tools/_impl/internal/extension_contents_1_18.py", line 394, in do_import_test_definition
    test_module = load_module_from_file(test_module_name, test_file)
                  ^^^^^^^^^^^^^^^^^^^^^^^^^^^^^^^^^^^^^^^^^^^^^^^^^^
  File "c:/users/kskzz/miniconda3/envs/env_isaaclab/lib/site-packages/isaacsim/extscache/omni.graph.tools-1.79.2+69cbf6ad/omni/graph/tools/_impl/internal/file_utils.py", line 239, in load_module_from_file
    spec.loader.exec_module(module)
  File "<frozen importlib._bootstrap_external>", line 940, in exec_module
  File "<frozen importlib._bootstrap>", line 241, in _call_with_frames_removed
  File "c:\users\kskzz\miniconda3\envs\env_isaaclab\lib\site-packages\isaacsim\kit\cache\ogn_generated\1.79.2\omni.replicator.core-1.12.27\omni.replicator.core\ogn\tests\TestOgnSamplePopulation.py", line 2, in <module>
    import omni.kit.test
  File "c:/users/kskzz/miniconda3/envs/env_isaaclab/lib/site-packages/isaacsim/extscache/omni.kit.test-2.0.1+69cbf6ad.wx64.r.cp311/omni/kit/test/__init__.py", line 7, in <module>
    from . import unittests
  File "c:/users/kskzz/miniconda3/envs/env_isaaclab/lib/site-packages/isaacsim/extscache/omni.kit.test-2.0.1+69cbf6ad.wx64.r.cp311/omni/kit/test/unittests.py", line 23, in <module>
    from .exttests import RunExtTests
  File "c:/users/kskzz/miniconda3/envs/env_isaaclab/lib/site-packages/isaacsim/extscache/omni.kit.test-2.0.1+69cbf6ad.wx64.r.cp311/omni/kit/test/exttests.py", line 31, in <module>
    from .sampling import SamplingFactor
  File "c:/users/kskzz/miniconda3/envs/env_isaaclab/lib/site-packages/isaacsim/extscache/omni.kit.test-2.0.1+69cbf6ad.wx64.r.cp311/omni/kit/test/sampling.py", line 4, in <module>
    from statistics import mean
  File "C:\robotics_sim\wlr_robot\resume_validation_fsm_residual_ppo\src\resume_validation\statistics.py", line 5, in <module>
    from statistics import mean, median, pstdev
ImportError: cannot import name 'mean' from partially initialized module 'statistics' (most likely due to a circular import) (C:\robotics_sim\wlr_robot\resume_validation_fsm_residual_ppo\src\resume_validation\statistics.py)

2026-08-01T02:19:46Z [6,390ms] [Error] [omni.graph.tools._impl.internal.extension_contents_1_18] Exception while importing test omni.replicator.core.ogn.tests.TestOgnInstanceSegmentationLegacy: Traceback (most recent call last):
  File "c:/users/kskzz/miniconda3/envs/env_isaaclab/lib/site-packages/isaacsim/extscache/omni.graph.tools-1.79.2+69cbf6ad/omni/graph/tools/_impl/internal/extension_contents_1_18.py", line 394, in do_import_test_definition
    test_module = load_module_from_file(test_module_name, test_file)
                  ^^^^^^^^^^^^^^^^^^^^^^^^^^^^^^^^^^^^^^^^^^^^^^^^^^
  File "c:/users/kskzz/miniconda3/envs/env_isaaclab/lib/site-packages/isaacsim/extscache/omni.graph.tools-1.79.2+69cbf6ad/omni/graph/tools/_impl/internal/file_utils.py", line 239, in load_module_from_file
    spec.loader.exec_module(module)
  File "<frozen importlib._bootstrap_external>", line 940, in exec_module
  File "<frozen importlib._bootstrap>", line 241, in _call_with_frames_removed
  File "c:\users\kskzz\miniconda3\envs\env_isaaclab\lib\site-packages\isaacsim\kit\cache\ogn_generated\1.79.2\omni.replicator.core-1.12.27\omni.replicator.core\ogn\tests\TestOgnInstanceSegmentationLegacy.py", line 2, in <module>
    import omni.kit.test
  File "c:/users/kskzz/miniconda3/envs/env_isaaclab/lib/site-packages/isaacsim/extscache/omni.kit.test-2.0.1+69cbf6ad.wx64.r.cp311/omni/kit/test/__init__.py", line 7, in <module>
    from . import unittests
  File "c:/users/kskzz/miniconda3/envs/env_isaaclab/lib/site-packages/isaacsim/extscache/omni.kit.test-2.0.1+69cbf6ad.wx64.r.cp311/omni/kit/test/unittests.py", line 23, in <module>
    from .exttests import RunExtTests
  File "c:/users/kskzz/miniconda3/envs/env_isaaclab/lib/site-packages/isaacsim/extscache/omni.kit.test-2.0.1+69cbf6ad.wx64.r.cp311/omni/kit/test/exttests.py", line 31, in <module>
    from .sampling import SamplingFactor
  File "c:/users/kskzz/miniconda3/envs/env_isaaclab/lib/site-packages/isaacsim/extscache/omni.kit.test-2.0.1+69cbf6ad.wx64.r.cp311/omni/kit/test/sampling.py", line 4, in <module>
    from statistics import mean
  File "C:\robotics_sim\wlr_robot\resume_validation_fsm_residual_ppo\src\resume_validation\statistics.py", line 5, in <module>
    from statistics import mean, median, pstdev
ImportError: cannot import name 'mean' from partially initialized module 'statistics' (most likely due to a circular import) (C:\robotics_sim\wlr_robot\resume_validation_fsm_residual_ppo\src\resume_validation\statistics.py)

2026-08-01T02:19:46Z [6,398ms] [Error] [omni.graph.tools._impl.internal.extension_contents_1_18] Exception while importing test omni.replicator.core.ogn.tests.TestOgnSampleRotation: Traceback (most recent call last):
  File "c:/users/kskzz/miniconda3/envs/env_isaaclab/lib/site-packages/isaacsim/extscache/omni.graph.tools-1.79.2+69cbf6ad/omni/graph/tools/_impl/internal/extension_contents_1_18.py", line 394, in do_import_test_definition
    test_module = load_module_from_file(test_module_name, test_file)
                  ^^^^^^^^^^^^^^^^^^^^^^^^^^^^^^^^^^^^^^^^^^^^^^^^^^
  File "c:/users/kskzz/miniconda3/envs/env_isaaclab/lib/site-packages/isaacsim/extscache/omni.graph.tools-1.79.2+69cbf6ad/omni/graph/tools/_impl/internal/file_utils.py", line 239, in load_module_from_file
    spec.loader.exec_module(module)
  File "<frozen importlib._bootstrap_external>", line 940, in exec_module
  File "<frozen importlib._bootstrap>", line 241, in _call_with_frames_removed
  File "c:\users\kskzz\miniconda3\envs\env_isaaclab\lib\site-packages\isaacsim\kit\cache\ogn_generated\1.79.2\omni.replicator.core-1.12.27\omni.replicator.core\ogn\tests\TestOgnSampleRotation.py", line 2, in <module>
    import omni.kit.test
  File "c:/users/kskzz/miniconda3/envs/env_isaaclab/lib/site-packages/isaacsim/extscache/omni.kit.test-2.0.1+69cbf6ad.wx64.r.cp311/omni/kit/test/__init__.py", line 7, in <module>
    from . import unittests
  File "c:/users/kskzz/miniconda3/envs/env_isaaclab/lib/site-packages/isaacsim/extscache/omni.kit.test-2.0.1+69cbf6ad.wx64.r.cp311/omni/kit/test/unittests.py", line 23, in <module>
    from .exttests import RunExtTests
  File "c:/users/kskzz/miniconda3/envs/env_isaaclab/lib/site-packages/isaacsim/extscache/omni.kit.test-2.0.1+69cbf6ad.wx64.r.cp311/omni/kit/test/exttests.py", line 31, in <module>
    from .sampling import SamplingFactor
  File "c:/users/kskzz/miniconda3/envs/env_isaaclab/lib/site-packages/isaacsim/extscache/omni.kit.test-2.0.1+69cbf6ad.wx64.r.cp311/omni/kit/test/sampling.py", line 4, in <module>
    from statistics import mean
  File "C:\robotics_sim\wlr_robot\resume_validation_fsm_residual_ppo\src\resume_validation\statistics.py", line 5, in <module>
    from statistics import mean, median, pstdev
ImportError: cannot import name 'mean' from partially initialized module 'statistics' (most likely due to a circular import) (C:\robotics_sim\wlr_robot\resume_validation_fsm_residual_ppo\src\resume_validation\statistics.py)

2026-08-01T02:19:46Z [6,406ms] [Error] [omni.graph.tools._impl.internal.extension_contents_1_18] Exception while importing test omni.replicator.core.ogn.tests.TestOgnLookAt: Traceback (most recent call last):
  File "c:/users/kskzz/miniconda3/envs/env_isaaclab/lib/site-packages/isaacsim/extscache/omni.graph.tools-1.79.2+69cbf6ad/omni/graph/tools/_impl/internal/extension_contents_1_18.py", line 394, in do_import_test_definition
    test_module = load_module_from_file(test_module_name, test_file)
                  ^^^^^^^^^^^^^^^^^^^^^^^^^^^^^^^^^^^^^^^^^^^^^^^^^^
  File "c:/users/kskzz/miniconda3/envs/env_isaaclab/lib/site-packages/isaacsim/extscache/omni.graph.tools-1.79.2+69cbf6ad/omni/graph/tools/_impl/internal/file_utils.py", line 239, in load_module_from_file
    spec.loader.exec_module(module)
  File "<frozen importlib._bootstrap_external>", line 940, in exec_module
  File "<frozen importlib._bootstrap>", line 241, in _call_with_frames_removed
  File "c:\users\kskzz\miniconda3\envs\env_isaaclab\lib\site-packages\isaacsim\kit\cache\ogn_generated\1.79.2\omni.replicator.core-1.12.27\omni.replicator.core\ogn\tests\TestOgnLookAt.py", line 2, in <module>
    import omni.kit.test
  File "c:/users/kskzz/miniconda3/envs/env_isaaclab/lib/site-packages/isaacsim/extscache/omni.kit.test-2.0.1+69cbf6ad.wx64.r.cp311/omni/kit/test/__init__.py", line 7, in <module>
    from . import unittests
  File "c:/users/kskzz/miniconda3/envs/env_isaaclab/lib/site-packages/isaacsim/extscache/omni.kit.test-2.0.1+69cbf6ad.wx64.r.cp311/omni/kit/test/unittests.py", line 23, in <module>
    from .exttests import RunExtTests
  File "c:/users/kskzz/miniconda3/envs/env_isaaclab/lib/site-packages/isaacsim/extscache/omni.kit.test-2.0.1+69cbf6ad.wx64.r.cp311/omni/kit/test/exttests.py", line 31, in <module>
    from .sampling import SamplingFactor
  File "c:/users/kskzz/miniconda3/envs/env_isaaclab/lib/site-packages/isaacsim/extscache/omni.kit.test-2.0.1+69cbf6ad.wx64.r.cp311/omni/kit/test/sampling.py", line 4, in <module>
    from statistics import mean
  File "C:\robotics_sim\wlr_robot\resume_validation_fsm_residual_ppo\src\resume_validation\statistics.py", line 5, in <module>
    from statistics import mean, median, pstdev
ImportError: cannot import name 'mean' from partially initialized module 'statistics' (most likely due to a circular import) (C:\robotics_sim\wlr_robot\resume_validation_fsm_residual_ppo\src\resume_validation\statistics.py)

2026-08-01T02:19:46Z [6,414ms] [Error] [omni.graph.tools._impl.internal.extension_contents_1_18] Exception while importing test omni.replicator.core.ogn.tests.TestOgnSampleSequence: Traceback (most recent call last):
  File "c:/users/kskzz/miniconda3/envs/env_isaaclab/lib/site-packages/isaacsim/extscache/omni.graph.tools-1.79.2+69cbf6ad/omni/graph/tools/_impl/internal/extension_contents_1_18.py", line 394, in do_import_test_definition
    test_module = load_module_from_file(test_module_name, test_file)
                  ^^^^^^^^^^^^^^^^^^^^^^^^^^^^^^^^^^^^^^^^^^^^^^^^^^
  File "c:/users/kskzz/miniconda3/envs/env_isaaclab/lib/site-packages/isaacsim/extscache/omni.graph.tools-1.79.2+69cbf6ad/omni/graph/tools/_impl/internal/file_utils.py", line 239, in load_module_from_file
    spec.loader.exec_module(module)
  File "<frozen importlib._bootstrap_external>", line 940, in exec_module
  File "<frozen importlib._bootstrap>", line 241, in _call_with_frames_removed
  File "c:\users\kskzz\miniconda3\envs\env_isaaclab\lib\site-packages\isaacsim\kit\cache\ogn_generated\1.79.2\omni.replicator.core-1.12.27\omni.replicator.core\ogn\tests\TestOgnSampleSequence.py", line 2, in <module>
    import omni.kit.test
  File "c:/users/kskzz/miniconda3/envs/env_isaaclab/lib/site-packages/isaacsim/extscache/omni.kit.test-2.0.1+69cbf6ad.wx64.r.cp311/omni/kit/test/__init__.py", line 7, in <module>
    from . import unittests
  File "c:/users/kskzz/miniconda3/envs/env_isaaclab/lib/site-packages/isaacsim/extscache/omni.kit.test-2.0.1+69cbf6ad.wx64.r.cp311/omni/kit/test/unittests.py", line 23, in <module>
    from .exttests import RunExtTests
  File "c:/users/kskzz/miniconda3/envs/env_isaaclab/lib/site-packages/isaacsim/extscache/omni.kit.test-2.0.1+69cbf6ad.wx64.r.cp311/omni/kit/test/exttests.py", line 31, in <module>
    from .sampling import SamplingFactor
  File "c:/users/kskzz/miniconda3/envs/env_isaaclab/lib/site-packages/isaacsim/extscache/omni.kit.test-2.0.1+69cbf6ad.wx64.r.cp311/omni/kit/test/sampling.py", line 4, in <module>
    from statistics import mean
  File "C:\robotics_sim\wlr_robot\resume_validation_fsm_residual_ppo\src\resume_validation\statistics.py", line 5, in <module>
    from statistics import mean, median, pstdev
ImportError: cannot import name 'mean' from partially initialized module 'statistics' (most likely due to a circular import) (C:\robotics_sim\wlr_robot\resume_validation_fsm_residual_ppo\src\resume_validation\statistics.py)

2026-08-01T02:19:46Z [6,421ms] [Error] [omni.graph.tools._impl.internal.extension_contents_1_18] Exception while importing test omni.replicator.core.ogn.tests.TestOgnMeshBoundsDecalPlacement: Traceback (most recent call last):
  File "c:/users/kskzz/miniconda3/envs/env_isaaclab/lib/site-packages/isaacsim/extscache/omni.graph.tools-1.79.2+69cbf6ad/omni/graph/tools/_impl/internal/extension_contents_1_18.py", line 394, in do_import_test_definition
    test_module = load_module_from_file(test_module_name, test_file)
                  ^^^^^^^^^^^^^^^^^^^^^^^^^^^^^^^^^^^^^^^^^^^^^^^^^^
  File "c:/users/kskzz/miniconda3/envs/env_isaaclab/lib/site-packages/isaacsim/extscache/omni.graph.tools-1.79.2+69cbf6ad/omni/graph/tools/_impl/internal/file_utils.py", line 239, in load_module_from_file
    spec.loader.exec_module(module)
  File "<frozen importlib._bootstrap_external>", line 940, in exec_module
  File "<frozen importlib._bootstrap>", line 241, in _call_with_frames_removed
  File "c:\users\kskzz\miniconda3\envs\env_isaaclab\lib\site-packages\isaacsim\kit\cache\ogn_generated\1.79.2\omni.replicator.core-1.12.27\omni.replicator.core\ogn\tests\TestOgnMeshBoundsDecalPlacement.py", line 2, in <module>
    import omni.kit.test
  File "c:/users/kskzz/miniconda3/envs/env_isaaclab/lib/site-packages/isaacsim/extscache/omni.kit.test-2.0.1+69cbf6ad.wx64.r.cp311/omni/kit/test/__init__.py", line 7, in <module>
    from . import unittests
  File "c:/users/kskzz/miniconda3/envs/env_isaaclab/lib/site-packages/isaacsim/extscache/omni.kit.test-2.0.1+69cbf6ad.wx64.r.cp311/omni/kit/test/unittests.py", line 23, in <module>
    from .exttests import RunExtTests
  File "c:/users/kskzz/miniconda3/envs/env_isaaclab/lib/site-packages/isaacsim/extscache/omni.kit.test-2.0.1+69cbf6ad.wx64.r.cp311/omni/kit/test/exttests.py", line 31, in <module>
    from .sampling import SamplingFactor
  File "c:/users/kskzz/miniconda3/envs/env_isaaclab/lib/site-packages/isaacsim/extscache/omni.kit.test-2.0.1+69cbf6ad.wx64.r.cp311/omni/kit/test/sampling.py", line 4, in <module>
    from statistics import mean
  File "C:\robotics_sim\wlr_robot\resume_validation_fsm_residual_ppo\src\resume_validation\statistics.py", line 5, in <module>
    from statistics import mean, median, pstdev
ImportError: cannot import name 'mean' from partially initialized module 'statistics' (most likely due to a circular import) (C:\robotics_sim\wlr_robot\resume_validation_fsm_residual_ppo\src\resume_validation\statistics.py)

2026-08-01T02:19:46Z [6,428ms] [Error] [omni.graph.tools._impl.internal.extension_contents_1_18] Exception while importing test omni.replicator.core.ogn.tests.TestOgnSampleSequencePrim: Traceback (most recent call last):
  File "c:/users/kskzz/miniconda3/envs/env_isaaclab/lib/site-packages/isaacsim/extscache/omni.graph.tools-1.79.2+69cbf6ad/omni/graph/tools/_impl/internal/extension_contents_1_18.py", line 394, in do_import_test_definition
    test_module = load_module_from_file(test_module_name, test_file)
                  ^^^^^^^^^^^^^^^^^^^^^^^^^^^^^^^^^^^^^^^^^^^^^^^^^^
  File "c:/users/kskzz/miniconda3/envs/env_isaaclab/lib/site-packages/isaacsim/extscache/omni.graph.tools-1.79.2+69cbf6ad/omni/graph/tools/_impl/internal/file_utils.py", line 239, in load_module_from_file
    spec.loader.exec_module(module)
  File "<frozen importlib._bootstrap_external>", line 940, in exec_module
  File "<frozen importlib._bootstrap>", line 241, in _call_with_frames_removed
  File "c:\users\kskzz\miniconda3\envs\env_isaaclab\lib\site-packages\isaacsim\kit\cache\ogn_generated\1.79.2\omni.replicator.core-1.12.27\omni.replicator.core\ogn\tests\TestOgnSampleSequencePrim.py", line 2, in <module>
    import omni.kit.test
  File "c:/users/kskzz/miniconda3/envs/env_isaaclab/lib/site-packages/isaacsim/extscache/omni.kit.test-2.0.1+69cbf6ad.wx64.r.cp311/omni/kit/test/__init__.py", line 7, in <module>
    from . import unittests
  File "c:/users/kskzz/miniconda3/envs/env_isaaclab/lib/site-packages/isaacsim/extscache/omni.kit.test-2.0.1+69cbf6ad.wx64.r.cp311/omni/kit/test/unittests.py", line 23, in <module>
    from .exttests import RunExtTests
  File "c:/users/kskzz/miniconda3/envs/env_isaaclab/lib/site-packages/isaacsim/extscache/omni.kit.test-2.0.1+69cbf6ad.wx64.r.cp311/omni/kit/test/exttests.py", line 31, in <module>
    from .sampling import SamplingFactor
  File "c:/users/kskzz/miniconda3/envs/env_isaaclab/lib/site-packages/isaacsim/extscache/omni.kit.test-2.0.1+69cbf6ad.wx64.r.cp311/omni/kit/test/sampling.py", line 4, in <module>
    from statistics import mean
  File "C:\robotics_sim\wlr_robot\resume_validation_fsm_residual_ppo\src\resume_validation\statistics.py", line 5, in <module>
    from statistics import mean, median, pstdev
ImportError: cannot import name 'mean' from partially initialized module 'statistics' (most likely due to a circular import) (C:\robotics_sim\wlr_robot\resume_validation_fsm_residual_ppo\src\resume_validation\statistics.py)

2026-08-01T02:19:46Z [6,434ms] [Error] [omni.graph.tools._impl.internal.extension_contents_1_18] Exception while importing test omni.replicator.core.ogn.tests.TestOgnMeshDecal: Traceback (most recent call last):
  File "c:/users/kskzz/miniconda3/envs/env_isaaclab/lib/site-packages/isaacsim/extscache/omni.graph.tools-1.79.2+69cbf6ad/omni/graph/tools/_impl/internal/extension_contents_1_18.py", line 394, in do_import_test_definition
    test_module = load_module_from_file(test_module_name, test_file)
                  ^^^^^^^^^^^^^^^^^^^^^^^^^^^^^^^^^^^^^^^^^^^^^^^^^^
  File "c:/users/kskzz/miniconda3/envs/env_isaaclab/lib/site-packages/isaacsim/extscache/omni.graph.tools-1.79.2+69cbf6ad/omni/graph/tools/_impl/internal/file_utils.py", line 239, in load_module_from_file
    spec.loader.exec_module(module)
  File "<frozen importlib._bootstrap_external>", line 940, in exec_module
  File "<frozen importlib._bootstrap>", line 241, in _call_with_frames_removed
  File "c:\users\kskzz\miniconda3\envs\env_isaaclab\lib\site-packages\isaacsim\kit\cache\ogn_generated\1.79.2\omni.replicator.core-1.12.27\omni.replicator.core\ogn\tests\TestOgnMeshDecal.py", line 2, in <module>
    import omni.kit.test
  File "c:/users/kskzz/miniconda3/envs/env_isaaclab/lib/site-packages/isaacsim/extscache/omni.kit.test-2.0.1+69cbf6ad.wx64.r.cp311/omni/kit/test/__init__.py", line 7, in <module>
    from . import unittests
  File "c:/users/kskzz/miniconda3/envs/env_isaaclab/lib/site-packages/isaacsim/extscache/omni.kit.test-2.0.1+69cbf6ad.wx64.r.cp311/omni/kit/test/unittests.py", line 23, in <module>
    from .exttests import RunExtTests
  File "c:/users/kskzz/miniconda3/envs/env_isaaclab/lib/site-packages/isaacsim/extscache/omni.kit.test-2.0.1+69cbf6ad.wx64.r.cp311/omni/kit/test/exttests.py", line 31, in <module>
    from .sampling import SamplingFactor
  File "c:/users/kskzz/miniconda3/envs/env_isaaclab/lib/site-packages/isaacsim/extscache/omni.kit.test-2.0.1+69cbf6ad.wx64.r.cp311/omni/kit/test/sampling.py", line 4, in <module>
    from statistics import mean
  File "C:\robotics_sim\wlr_robot\resume_validation_fsm_residual_ppo\src\resume_validation\statistics.py", line 5, in <module>
    from statistics import mean, median, pstdev
ImportError: cannot import name 'mean' from partially initialized module 'statistics' (most likely due to a circular import) (C:\robotics_sim\wlr_robot\resume_validation_fsm_residual_ppo\src\resume_validation\statistics.py)

2026-08-01T02:19:46Z [6,441ms] [Error] [omni.graph.tools._impl.internal.extension_contents_1_18] Exception while importing test omni.replicator.core.ogn.tests.TestOgnSampleUniform: Traceback (most recent call last):
  File "c:/users/kskzz/miniconda3/envs/env_isaaclab/lib/site-packages/isaacsim/extscache/omni.graph.tools-1.79.2+69cbf6ad/omni/graph/tools/_impl/internal/extension_contents_1_18.py", line 394, in do_import_test_definition
    test_module = load_module_from_file(test_module_name, test_file)
                  ^^^^^^^^^^^^^^^^^^^^^^^^^^^^^^^^^^^^^^^^^^^^^^^^^^
  File "c:/users/kskzz/miniconda3/envs/env_isaaclab/lib/site-packages/isaacsim/extscache/omni.graph.tools-1.79.2+69cbf6ad/omni/graph/tools/_impl/internal/file_utils.py", line 239, in load_module_from_file
    spec.loader.exec_module(module)
  File "<frozen importlib._bootstrap_external>", line 940, in exec_module
  File "<frozen importlib._bootstrap>", line 241, in _call_with_frames_removed
  File "c:\users\kskzz\miniconda3\envs\env_isaaclab\lib\site-packages\isaacsim\kit\cache\ogn_generated\1.79.2\omni.replicator.core-1.12.27\omni.replicator.core\ogn\tests\TestOgnSampleUniform.py", line 2, in <module>
    import omni.kit.test
  File "c:/users/kskzz/miniconda3/envs/env_isaaclab/lib/site-packages/isaacsim/extscache/omni.kit.test-2.0.1+69cbf6ad.wx64.r.cp311/omni/kit/test/__init__.py", line 7, in <module>
    from . import unittests
  File "c:/users/kskzz/miniconda3/envs/env_isaaclab/lib/site-packages/isaacsim/extscache/omni.kit.test-2.0.1+69cbf6ad.wx64.r.cp311/omni/kit/test/unittests.py", line 23, in <module>
    from .exttests import RunExtTests
  File "c:/users/kskzz/miniconda3/envs/env_isaaclab/lib/site-packages/isaacsim/extscache/omni.kit.test-2.0.1+69cbf6ad.wx64.r.cp311/omni/kit/test/exttests.py", line 31, in <module>
    from .sampling import SamplingFactor
  File "c:/users/kskzz/miniconda3/envs/env_isaaclab/lib/site-packages/isaacsim/extscache/omni.kit.test-2.0.1+69cbf6ad.wx64.r.cp311/omni/kit/test/sampling.py", line 4, in <module>
    from statistics import mean
  File "C:\robotics_sim\wlr_robot\resume_validation_fsm_residual_ppo\src\resume_validation\statistics.py", line 5, in <module>
    from statistics import mean, median, pstdev
ImportError: cannot import name 'mean' from partially initialized module 'statistics' (most likely due to a circular import) (C:\robotics_sim\wlr_robot\resume_validation_fsm_residual_ppo\src\resume_validation\statistics.py)

2026-08-01T02:19:46Z [6,447ms] [Error] [omni.graph.tools._impl.internal.extension_contents_1_18] Exception while importing test omni.replicator.core.ogn.tests.TestOgnModifyAnimationTarget: Traceback (most recent call last):
  File "c:/users/kskzz/miniconda3/envs/env_isaaclab/lib/site-packages/isaacsim/extscache/omni.graph.tools-1.79.2+69cbf6ad/omni/graph/tools/_impl/internal/extension_contents_1_18.py", line 394, in do_import_test_definition
    test_module = load_module_from_file(test_module_name, test_file)
                  ^^^^^^^^^^^^^^^^^^^^^^^^^^^^^^^^^^^^^^^^^^^^^^^^^^
  File "c:/users/kskzz/miniconda3/envs/env_isaaclab/lib/site-packages/isaacsim/extscache/omni.graph.tools-1.79.2+69cbf6ad/omni/graph/tools/_impl/internal/file_utils.py", line 239, in load_module_from_file
    spec.loader.exec_module(module)
  File "<frozen importlib._bootstrap_external>", line 940, in exec_module
  File "<frozen importlib._bootstrap>", line 241, in _call_with_frames_removed
  File "c:\users\kskzz\miniconda3\envs\env_isaaclab\lib\site-packages\isaacsim\kit\cache\ogn_generated\1.79.2\omni.replicator.core-1.12.27\omni.replicator.core\ogn\tests\TestOgnModifyAnimationTarget.py", line 2, in <module>
    import omni.kit.test
  File "c:/users/kskzz/miniconda3/envs/env_isaaclab/lib/site-packages/isaacsim/extscache/omni.kit.test-2.0.1+69cbf6ad.wx64.r.cp311/omni/kit/test/__init__.py", line 7, in <module>
    from . import unittests
  File "c:/users/kskzz/miniconda3/envs/env_isaaclab/lib/site-packages/isaacsim/extscache/omni.kit.test-2.0.1+69cbf6ad.wx64.r.cp311/omni/kit/test/unittests.py", line 23, in <module>
    from .exttests import RunExtTests
  File "c:/users/kskzz/miniconda3/envs/env_isaaclab/lib/site-packages/isaacsim/extscache/omni.kit.test-2.0.1+69cbf6ad.wx64.r.cp311/omni/kit/test/exttests.py", line 31, in <module>
    from .sampling import SamplingFactor
  File "c:/users/kskzz/miniconda3/envs/env_isaaclab/lib/site-packages/isaacsim/extscache/omni.kit.test-2.0.1+69cbf6ad.wx64.r.cp311/omni/kit/test/sampling.py", line 4, in <module>
    from statistics import mean
  File "C:\robotics_sim\wlr_robot\resume_validation_fsm_residual_ppo\src\resume_validation\statistics.py", line 5, in <module>
    from statistics import mean, median, pstdev
ImportError: cannot import name 'mean' from partially initialized module 'statistics' (most likely due to a circular import) (C:\robotics_sim\wlr_robot\resume_validation_fsm_residual_ppo\src\resume_validation\statistics.py)

2026-08-01T02:19:46Z [6,453ms] [Error] [omni.graph.tools._impl.internal.extension_contents_1_18] Exception while importing test omni.replicator.core.ogn.tests.TestOgnScatter2D: Traceback (most recent call last):
  File "c:/users/kskzz/miniconda3/envs/env_isaaclab/lib/site-packages/isaacsim/extscache/omni.graph.tools-1.79.2+69cbf6ad/omni/graph/tools/_impl/internal/extension_contents_1_18.py", line 394, in do_import_test_definition
    test_module = load_module_from_file(test_module_name, test_file)
                  ^^^^^^^^^^^^^^^^^^^^^^^^^^^^^^^^^^^^^^^^^^^^^^^^^^
  File "c:/users/kskzz/miniconda3/envs/env_isaaclab/lib/site-packages/isaacsim/extscache/omni.graph.tools-1.79.2+69cbf6ad/omni/graph/tools/_impl/internal/file_utils.py", line 239, in load_module_from_file
    spec.loader.exec_module(module)
  File "<frozen importlib._bootstrap_external>", line 940, in exec_module
  File "<frozen importlib._bootstrap>", line 241, in _call_with_frames_removed
  File "c:\users\kskzz\miniconda3\envs\env_isaaclab\lib\site-packages\isaacsim\kit\cache\ogn_generated\1.79.2\omni.replicator.core-1.12.27\omni.replicator.core\ogn\tests\TestOgnScatter2D.py", line 2, in <module>
    import omni.kit.test
  File "c:/users/kskzz/miniconda3/envs/env_isaaclab/lib/site-packages/isaacsim/extscache/omni.kit.test-2.0.1+69cbf6ad.wx64.r.cp311/omni/kit/test/__init__.py", line 7, in <module>
    from . import unittests
  File "c:/users/kskzz/miniconda3/envs/env_isaaclab/lib/site-packages/isaacsim/extscache/omni.kit.test-2.0.1+69cbf6ad.wx64.r.cp311/omni/kit/test/unittests.py", line 23, in <module>
    from .exttests import RunExtTests
  File "c:/users/kskzz/miniconda3/envs/env_isaaclab/lib/site-packages/isaacsim/extscache/omni.kit.test-2.0.1+69cbf6ad.wx64.r.cp311/omni/kit/test/exttests.py", line 31, in <module>
    from .sampling import SamplingFactor
  File "c:/users/kskzz/miniconda3/envs/env_isaaclab/lib/site-packages/isaacsim/extscache/omni.kit.test-2.0.1+69cbf6ad.wx64.r.cp311/omni/kit/test/sampling.py", line 4, in <module>
    from statistics import mean
  File "C:\robotics_sim\wlr_robot\resume_validation_fsm_residual_ppo\src\resume_validation\statistics.py", line 5, in <module>
    from statistics import mean, median, pstdev
ImportError: cannot import name 'mean' from partially initialized module 'statistics' (most likely due to a circular import) (C:\robotics_sim\wlr_robot\resume_validation_fsm_residual_ppo\src\resume_validation\statistics.py)

2026-08-01T02:19:46Z [6,458ms] [Error] [omni.graph.tools._impl.internal.extension_contents_1_18] Exception while importing test omni.replicator.core.ogn.tests.TestOgnModifyProjectionMaterial: Traceback (most recent call last):
  File "c:/users/kskzz/miniconda3/envs/env_isaaclab/lib/site-packages/isaacsim/extscache/omni.graph.tools-1.79.2+69cbf6ad/omni/graph/tools/_impl/internal/extension_contents_1_18.py", line 394, in do_import_test_definition
    test_module = load_module_from_file(test_module_name, test_file)
                  ^^^^^^^^^^^^^^^^^^^^^^^^^^^^^^^^^^^^^^^^^^^^^^^^^^
  File "c:/users/kskzz/miniconda3/envs/env_isaaclab/lib/site-packages/isaacsim/extscache/omni.graph.tools-1.79.2+69cbf6ad/omni/graph/tools/_impl/internal/file_utils.py", line 239, in load_module_from_file
    spec.loader.exec_module(module)
  File "<frozen importlib._bootstrap_external>", line 940, in exec_module
  File "<frozen importlib._bootstrap>", line 241, in _call_with_frames_removed
  File "c:\users\kskzz\miniconda3\envs\env_isaaclab\lib\site-packages\isaacsim\kit\cache\ogn_generated\1.79.2\omni.replicator.core-1.12.27\omni.replicator.core\ogn\tests\TestOgnModifyProjectionMaterial.py", line 2, in <module>
    import omni.kit.test
  File "c:/users/kskzz/miniconda3/envs/env_isaaclab/lib/site-packages/isaacsim/extscache/omni.kit.test-2.0.1+69cbf6ad.wx64.r.cp311/omni/kit/test/__init__.py", line 7, in <module>
    from . import unittests
  File "c:/users/kskzz/miniconda3/envs/env_isaaclab/lib/site-packages/isaacsim/extscache/omni.kit.test-2.0.1+69cbf6ad.wx64.r.cp311/omni/kit/test/unittests.py", line 23, in <module>
    from .exttests import RunExtTests
  File "c:/users/kskzz/miniconda3/envs/env_isaaclab/lib/site-packages/isaacsim/extscache/omni.kit.test-2.0.1+69cbf6ad.wx64.r.cp311/omni/kit/test/exttests.py", line 31, in <module>
    from .sampling import SamplingFactor
  File "c:/users/kskzz/miniconda3/envs/env_isaaclab/lib/site-packages/isaacsim/extscache/omni.kit.test-2.0.1+69cbf6ad.wx64.r.cp311/omni/kit/test/sampling.py", line 4, in <module>
    from statistics import mean
  File "C:\robotics_sim\wlr_robot\resume_validation_fsm_residual_ppo\src\resume_validation\statistics.py", line 5, in <module>
    from statistics import mean, median, pstdev
ImportError: cannot import name 'mean' from partially initialized module 'statistics' (most likely due to a circular import) (C:\robotics_sim\wlr_robot\resume_validation_fsm_residual_ppo\src\resume_validation\statistics.py)

2026-08-01T02:19:46Z [6,463ms] [Error] [omni.graph.tools._impl.internal.extension_contents_1_18] Exception while importing test omni.replicator.core.ogn.tests.TestOgnScatter3D: Traceback (most recent call last):
  File "c:/users/kskzz/miniconda3/envs/env_isaaclab/lib/site-packages/isaacsim/extscache/omni.graph.tools-1.79.2+69cbf6ad/omni/graph/tools/_impl/internal/extension_contents_1_18.py", line 394, in do_import_test_definition
    test_module = load_module_from_file(test_module_name, test_file)
                  ^^^^^^^^^^^^^^^^^^^^^^^^^^^^^^^^^^^^^^^^^^^^^^^^^^
  File "c:/users/kskzz/miniconda3/envs/env_isaaclab/lib/site-packages/isaacsim/extscache/omni.graph.tools-1.79.2+69cbf6ad/omni/graph/tools/_impl/internal/file_utils.py", line 239, in load_module_from_file
    spec.loader.exec_module(module)
  File "<frozen importlib._bootstrap_external>", line 940, in exec_module
  File "<frozen importlib._bootstrap>", line 241, in _call_with_frames_removed
  File "c:\users\kskzz\miniconda3\envs\env_isaaclab\lib\site-packages\isaacsim\kit\cache\ogn_generated\1.79.2\omni.replicator.core-1.12.27\omni.replicator.core\ogn\tests\TestOgnScatter3D.py", line 2, in <module>
    import omni.kit.test
  File "c:/users/kskzz/miniconda3/envs/env_isaaclab/lib/site-packages/isaacsim/extscache/omni.kit.test-2.0.1+69cbf6ad.wx64.r.cp311/omni/kit/test/__init__.py", line 7, in <module>
    from . import unittests
  File "c:/users/kskzz/miniconda3/envs/env_isaaclab/lib/site-packages/isaacsim/extscache/omni.kit.test-2.0.1+69cbf6ad.wx64.r.cp311/omni/kit/test/unittests.py", line 23, in <module>
    from .exttests import RunExtTests
  File "c:/users/kskzz/miniconda3/envs/env_isaaclab/lib/site-packages/isaacsim/extscache/omni.kit.test-2.0.1+69cbf6ad.wx64.r.cp311/omni/kit/test/exttests.py", line 31, in <module>
    from .sampling import SamplingFactor
  File "c:/users/kskzz/miniconda3/envs/env_isaaclab/lib/site-packages/isaacsim/extscache/omni.kit.test-2.0.1+69cbf6ad.wx64.r.cp311/omni/kit/test/sampling.py", line 4, in <module>
    from statistics import mean
  File "C:\robotics_sim\wlr_robot\resume_validation_fsm_residual_ppo\src\resume_validation\statistics.py", line 5, in <module>
    from statistics import mean, median, pstdev
ImportError: cannot import name 'mean' from partially initialized module 'statistics' (most likely due to a circular import) (C:\robotics_sim\wlr_robot\resume_validation_fsm_residual_ppo\src\resume_validation\statistics.py)

2026-08-01T02:19:46Z [6,472ms] [Error] [omni.graph.tools._impl.internal.extension_contents_1_18] Exception while importing test omni.replicator.core.ogn.tests.TestOgnOnCondition: Traceback (most recent call last):
  File "c:/users/kskzz/miniconda3/envs/env_isaaclab/lib/site-packages/isaacsim/extscache/omni.graph.tools-1.79.2+69cbf6ad/omni/graph/tools/_impl/internal/extension_contents_1_18.py", line 394, in do_import_test_definition
    test_module = load_module_from_file(test_module_name, test_file)
                  ^^^^^^^^^^^^^^^^^^^^^^^^^^^^^^^^^^^^^^^^^^^^^^^^^^
  File "c:/users/kskzz/miniconda3/envs/env_isaaclab/lib/site-packages/isaacsim/extscache/omni.graph.tools-1.79.2+69cbf6ad/omni/graph/tools/_impl/internal/file_utils.py", line 239, in load_module_from_file
    spec.loader.exec_module(module)
  File "<frozen importlib._bootstrap_external>", line 940, in exec_module
  File "<frozen importlib._bootstrap>", line 241, in _call_with_frames_removed
  File "c:\users\kskzz\miniconda3\envs\env_isaaclab\lib\site-packages\isaacsim\kit\cache\ogn_generated\1.79.2\omni.replicator.core-1.12.27\omni.replicator.core\ogn\tests\TestOgnOnCondition.py", line 2, in <module>
    import omni.kit.test
  File "c:/users/kskzz/miniconda3/envs/env_isaaclab/lib/site-packages/isaacsim/extscache/omni.kit.test-2.0.1+69cbf6ad.wx64.r.cp311/omni/kit/test/__init__.py", line 7, in <module>
    from . import unittests
  File "c:/users/kskzz/miniconda3/envs/env_isaaclab/lib/site-packages/isaacsim/extscache/omni.kit.test-2.0.1+69cbf6ad.wx64.r.cp311/omni/kit/test/unittests.py", line 23, in <module>
    from .exttests import RunExtTests
  File "c:/users/kskzz/miniconda3/envs/env_isaaclab/lib/site-packages/isaacsim/extscache/omni.kit.test-2.0.1+69cbf6ad.wx64.r.cp311/omni/kit/test/exttests.py", line 31, in <module>
    from .sampling import SamplingFactor
  File "c:/users/kskzz/miniconda3/envs/env_isaaclab/lib/site-packages/isaacsim/extscache/omni.kit.test-2.0.1+69cbf6ad.wx64.r.cp311/omni/kit/test/sampling.py", line 4, in <module>
    from statistics import mean
  File "C:\robotics_sim\wlr_robot\resume_validation_fsm_residual_ppo\src\resume_validation\statistics.py", line 5, in <module>
    from statistics import mean, median, pstdev
ImportError: cannot import name 'mean' from partially initialized module 'statistics' (most likely due to a circular import) (C:\robotics_sim\wlr_robot\resume_validation_fsm_residual_ppo\src\resume_validation\statistics.py)

2026-08-01T02:19:46Z [6,480ms] [Error] [omni.graph.tools._impl.internal.extension_contents_1_18] Exception while importing test omni.replicator.core.ogn.tests.TestOgnScheduleWriter: Traceback (most recent call last):
  File "c:/users/kskzz/miniconda3/envs/env_isaaclab/lib/site-packages/isaacsim/extscache/omni.graph.tools-1.79.2+69cbf6ad/omni/graph/tools/_impl/internal/extension_contents_1_18.py", line 394, in do_import_test_definition
    test_module = load_module_from_file(test_module_name, test_file)
                  ^^^^^^^^^^^^^^^^^^^^^^^^^^^^^^^^^^^^^^^^^^^^^^^^^^
  File "c:/users/kskzz/miniconda3/envs/env_isaaclab/lib/site-packages/isaacsim/extscache/omni.graph.tools-1.79.2+69cbf6ad/omni/graph/tools/_impl/internal/file_utils.py", line 239, in load_module_from_file
    spec.loader.exec_module(module)
  File "<frozen importlib._bootstrap_external>", line 940, in exec_module
  File "<frozen importlib._bootstrap>", line 241, in _call_with_frames_removed
  File "c:\users\kskzz\miniconda3\envs\env_isaaclab\lib\site-packages\isaacsim\kit\cache\ogn_generated\1.79.2\omni.replicator.core-1.12.27\omni.replicator.core\ogn\tests\TestOgnScheduleWriter.py", line 2, in <module>
    import omni.kit.test
  File "c:/users/kskzz/miniconda3/envs/env_isaaclab/lib/site-packages/isaacsim/extscache/omni.kit.test-2.0.1+69cbf6ad.wx64.r.cp311/omni/kit/test/__init__.py", line 7, in <module>
    from . import unittests
  File "c:/users/kskzz/miniconda3/envs/env_isaaclab/lib/site-packages/isaacsim/extscache/omni.kit.test-2.0.1+69cbf6ad.wx64.r.cp311/omni/kit/test/unittests.py", line 23, in <module>
    from .exttests import RunExtTests
  File "c:/users/kskzz/miniconda3/envs/env_isaaclab/lib/site-packages/isaacsim/extscache/omni.kit.test-2.0.1+69cbf6ad.wx64.r.cp311/omni/kit/test/exttests.py", line 31, in <module>
    from .sampling import SamplingFactor
  File "c:/users/kskzz/miniconda3/envs/env_isaaclab/lib/site-packages/isaacsim/extscache/omni.kit.test-2.0.1+69cbf6ad.wx64.r.cp311/omni/kit/test/sampling.py", line 4, in <module>
    from statistics import mean
  File "C:\robotics_sim\wlr_robot\resume_validation_fsm_residual_ppo\src\resume_validation\statistics.py", line 5, in <module>
    from statistics import mean, median, pstdev
ImportError: cannot import name 'mean' from partially initialized module 'statistics' (most likely due to a circular import) (C:\robotics_sim\wlr_robot\resume_validation_fsm_residual_ppo\src\resume_validation\statistics.py)

2026-08-01T02:19:46Z [6,493ms] [Error] [omni.graph.tools._impl.internal.extension_contents_1_18] Exception while importing test omni.replicator.core.ogn.tests.TestOgnSemanticSegmentation: Traceback (most recent call last):
  File "c:/users/kskzz/miniconda3/envs/env_isaaclab/lib/site-packages/isaacsim/extscache/omni.graph.tools-1.79.2+69cbf6ad/omni/graph/tools/_impl/internal/extension_contents_1_18.py", line 394, in do_import_test_definition
    test_module = load_module_from_file(test_module_name, test_file)
                  ^^^^^^^^^^^^^^^^^^^^^^^^^^^^^^^^^^^^^^^^^^^^^^^^^^
  File "c:/users/kskzz/miniconda3/envs/env_isaaclab/lib/site-packages/isaacsim/extscache/omni.graph.tools-1.79.2+69cbf6ad/omni/graph/tools/_impl/internal/file_utils.py", line 239, in load_module_from_file
    spec.loader.exec_module(module)
  File "<frozen importlib._bootstrap_external>", line 940, in exec_module
  File "<frozen importlib._bootstrap>", line 241, in _call_with_frames_removed
  File "c:\users\kskzz\miniconda3\envs\env_isaaclab\lib\site-packages\isaacsim\kit\cache\ogn_generated\1.79.2\omni.replicator.core-1.12.27\omni.replicator.core\ogn\tests\TestOgnSemanticSegmentation.py", line 2, in <module>
    import omni.kit.test
  File "c:/users/kskzz/miniconda3/envs/env_isaaclab/lib/site-packages/isaacsim/extscache/omni.kit.test-2.0.1+69cbf6ad.wx64.r.cp311/omni/kit/test/__init__.py", line 7, in <module>
    from . import unittests
  File "c:/users/kskzz/miniconda3/envs/env_isaaclab/lib/site-packages/isaacsim/extscache/omni.kit.test-2.0.1+69cbf6ad.wx64.r.cp311/omni/kit/test/unittests.py", line 23, in <module>
    from .exttests import RunExtTests
  File "c:/users/kskzz/miniconda3/envs/env_isaaclab/lib/site-packages/isaacsim/extscache/omni.kit.test-2.0.1+69cbf6ad.wx64.r.cp311/omni/kit/test/exttests.py", line 31, in <module>
    from .sampling import SamplingFactor
  File "c:/users/kskzz/miniconda3/envs/env_isaaclab/lib/site-packages/isaacsim/extscache/omni.kit.test-2.0.1+69cbf6ad.wx64.r.cp311/omni/kit/test/sampling.py", line 4, in <module>
    from statistics import mean
  File "C:\robotics_sim\wlr_robot\resume_validation_fsm_residual_ppo\src\resume_validation\statistics.py", line 5, in <module>
    from statistics import mean, median, pstdev
ImportError: cannot import name 'mean' from partially initialized module 'statistics' (most likely due to a circular import) (C:\robotics_sim\wlr_robot\resume_validation_fsm_residual_ppo\src\resume_validation\statistics.py)

2026-08-01T02:19:46Z [6,500ms] [Error] [omni.graph.tools._impl.internal.extension_contents_1_18] Exception while importing test omni.replicator.core.ogn.tests.TestOgnSetPivot: Traceback (most recent call last):
  File "c:/users/kskzz/miniconda3/envs/env_isaaclab/lib/site-packages/isaacsim/extscache/omni.graph.tools-1.79.2+69cbf6ad/omni/graph/tools/_impl/internal/extension_contents_1_18.py", line 394, in do_import_test_definition
    test_module = load_module_from_file(test_module_name, test_file)
                  ^^^^^^^^^^^^^^^^^^^^^^^^^^^^^^^^^^^^^^^^^^^^^^^^^^
  File "c:/users/kskzz/miniconda3/envs/env_isaaclab/lib/site-packages/isaacsim/extscache/omni.graph.tools-1.79.2+69cbf6ad/omni/graph/tools/_impl/internal/file_utils.py", line 239, in load_module_from_file
    spec.loader.exec_module(module)
  File "<frozen importlib._bootstrap_external>", line 940, in exec_module
  File "<frozen importlib._bootstrap>", line 241, in _call_with_frames_removed
  File "c:\users\kskzz\miniconda3\envs\env_isaaclab\lib\site-packages\isaacsim\kit\cache\ogn_generated\1.79.2\omni.replicator.core-1.12.27\omni.replicator.core\ogn\tests\TestOgnSetPivot.py", line 2, in <module>
    import omni.kit.test
  File "c:/users/kskzz/miniconda3/envs/env_isaaclab/lib/site-packages/isaacsim/extscache/omni.kit.test-2.0.1+69cbf6ad.wx64.r.cp311/omni/kit/test/__init__.py", line 7, in <module>
    from . import unittests
  File "c:/users/kskzz/miniconda3/envs/env_isaaclab/lib/site-packages/isaacsim/extscache/omni.kit.test-2.0.1+69cbf6ad.wx64.r.cp311/omni/kit/test/unittests.py", line 23, in <module>
    from .exttests import RunExtTests
  File "c:/users/kskzz/miniconda3/envs/env_isaaclab/lib/site-packages/isaacsim/extscache/omni.kit.test-2.0.1+69cbf6ad.wx64.r.cp311/omni/kit/test/exttests.py", line 31, in <module>
    from .sampling import SamplingFactor
  File "c:/users/kskzz/miniconda3/envs/env_isaaclab/lib/site-packages/isaacsim/extscache/omni.kit.test-2.0.1+69cbf6ad.wx64.r.cp311/omni/kit/test/sampling.py", line 4, in <module>
    from statistics import mean
  File "C:\robotics_sim\wlr_robot\resume_validation_fsm_residual_ppo\src\resume_validation\statistics.py", line 5, in <module>
    from statistics import mean, median, pstdev
ImportError: cannot import name 'mean' from partially initialized module 'statistics' (most likely due to a circular import) (C:\robotics_sim\wlr_robot\resume_validation_fsm_residual_ppo\src\resume_validation\statistics.py)

2026-08-01T02:19:46Z [6,514ms] [Error] [omni.graph.tools._impl.internal.extension_contents_1_18] Exception while importing test omni.replicator.core.ogn.tests.TestOgnSetTimeline: Traceback (most recent call last):
  File "c:/users/kskzz/miniconda3/envs/env_isaaclab/lib/site-packages/isaacsim/extscache/omni.graph.tools-1.79.2+69cbf6ad/omni/graph/tools/_impl/internal/extension_contents_1_18.py", line 394, in do_import_test_definition
    test_module = load_module_from_file(test_module_name, test_file)
                  ^^^^^^^^^^^^^^^^^^^^^^^^^^^^^^^^^^^^^^^^^^^^^^^^^^
  File "c:/users/kskzz/miniconda3/envs/env_isaaclab/lib/site-packages/isaacsim/extscache/omni.graph.tools-1.79.2+69cbf6ad/omni/graph/tools/_impl/internal/file_utils.py", line 239, in load_module_from_file
    spec.loader.exec_module(module)
  File "<frozen importlib._bootstrap_external>", line 940, in exec_module
  File "<frozen importlib._bootstrap>", line 241, in _call_with_frames_removed
  File "c:\users\kskzz\miniconda3\envs\env_isaaclab\lib\site-packages\isaacsim\kit\cache\ogn_generated\1.79.2\omni.replicator.core-1.12.27\omni.replicator.core\ogn\tests\TestOgnSetTimeline.py", line 2, in <module>
    import omni.kit.test
  File "c:/users/kskzz/miniconda3/envs/env_isaaclab/lib/site-packages/isaacsim/extscache/omni.kit.test-2.0.1+69cbf6ad.wx64.r.cp311/omni/kit/test/__init__.py", line 7, in <module>
    from . import unittests
  File "c:/users/kskzz/miniconda3/envs/env_isaaclab/lib/site-packages/isaacsim/extscache/omni.kit.test-2.0.1+69cbf6ad.wx64.r.cp311/omni/kit/test/unittests.py", line 23, in <module>
    from .exttests import RunExtTests
  File "c:/users/kskzz/miniconda3/envs/env_isaaclab/lib/site-packages/isaacsim/extscache/omni.kit.test-2.0.1+69cbf6ad.wx64.r.cp311/omni/kit/test/exttests.py", line 31, in <module>
    from .sampling import SamplingFactor
  File "c:/users/kskzz/miniconda3/envs/env_isaaclab/lib/site-packages/isaacsim/extscache/omni.kit.test-2.0.1+69cbf6ad.wx64.r.cp311/omni/kit/test/sampling.py", line 4, in <module>
    from statistics import mean
  File "C:\robotics_sim\wlr_robot\resume_validation_fsm_residual_ppo\src\resume_validation\statistics.py", line 5, in <module>
    from statistics import mean, median, pstdev
ImportError: cannot import name 'mean' from partially initialized module 'statistics' (most likely due to a circular import) (C:\robotics_sim\wlr_robot\resume_validation_fsm_residual_ppo\src\resume_validation\statistics.py)

2026-08-01T02:19:46Z [6,520ms] [Error] [omni.graph.tools._impl.internal.extension_contents_1_18] Exception while importing test omni.replicator.core.ogn.tests.TestOgnSetVariant: Traceback (most recent call last):
  File "c:/users/kskzz/miniconda3/envs/env_isaaclab/lib/site-packages/isaacsim/extscache/omni.graph.tools-1.79.2+69cbf6ad/omni/graph/tools/_impl/internal/extension_contents_1_18.py", line 394, in do_import_test_definition
    test_module = load_module_from_file(test_module_name, test_file)
                  ^^^^^^^^^^^^^^^^^^^^^^^^^^^^^^^^^^^^^^^^^^^^^^^^^^
  File "c:/users/kskzz/miniconda3/envs/env_isaaclab/lib/site-packages/isaacsim/extscache/omni.graph.tools-1.79.2+69cbf6ad/omni/graph/tools/_impl/internal/file_utils.py", line 239, in load_module_from_file
    spec.loader.exec_module(module)
  File "<frozen importlib._bootstrap_external>", line 940, in exec_module
  File "<frozen importlib._bootstrap>", line 241, in _call_with_frames_removed
  File "c:\users\kskzz\miniconda3\envs\env_isaaclab\lib\site-packages\isaacsim\kit\cache\ogn_generated\1.79.2\omni.replicator.core-1.12.27\omni.replicator.core\ogn\tests\TestOgnSetVariant.py", line 2, in <module>
    import omni.kit.test
  File "c:/users/kskzz/miniconda3/envs/env_isaaclab/lib/site-packages/isaacsim/extscache/omni.kit.test-2.0.1+69cbf6ad.wx64.r.cp311/omni/kit/test/__init__.py", line 7, in <module>
    from . import unittests
  File "c:/users/kskzz/miniconda3/envs/env_isaaclab/lib/site-packages/isaacsim/extscache/omni.kit.test-2.0.1+69cbf6ad.wx64.r.cp311/omni/kit/test/unittests.py", line 23, in <module>
    from .exttests import RunExtTests
  File "c:/users/kskzz/miniconda3/envs/env_isaaclab/lib/site-packages/isaacsim/extscache/omni.kit.test-2.0.1+69cbf6ad.wx64.r.cp311/omni/kit/test/exttests.py", line 31, in <module>
    from .sampling import SamplingFactor
  File "c:/users/kskzz/miniconda3/envs/env_isaaclab/lib/site-packages/isaacsim/extscache/omni.kit.test-2.0.1+69cbf6ad.wx64.r.cp311/omni/kit/test/sampling.py", line 4, in <module>
    from statistics import mean
  File "C:\robotics_sim\wlr_robot\resume_validation_fsm_residual_ppo\src\resume_validation\statistics.py", line 5, in <module>
    from statistics import mean, median, pstdev
ImportError: cannot import name 'mean' from partially initialized module 'statistics' (most likely due to a circular import) (C:\robotics_sim\wlr_robot\resume_validation_fsm_residual_ppo\src\resume_validation\statistics.py)

2026-08-01T02:19:46Z [6,525ms] [Error] [omni.graph.tools._impl.internal.extension_contents_1_18] Exception while importing test omni.replicator.core.ogn.tests.TestOgnSetVisibility: Traceback (most recent call last):
  File "c:/users/kskzz/miniconda3/envs/env_isaaclab/lib/site-packages/isaacsim/extscache/omni.graph.tools-1.79.2+69cbf6ad/omni/graph/tools/_impl/internal/extension_contents_1_18.py", line 394, in do_import_test_definition
    test_module = load_module_from_file(test_module_name, test_file)
                  ^^^^^^^^^^^^^^^^^^^^^^^^^^^^^^^^^^^^^^^^^^^^^^^^^^
  File "c:/users/kskzz/miniconda3/envs/env_isaaclab/lib/site-packages/isaacsim/extscache/omni.graph.tools-1.79.2+69cbf6ad/omni/graph/tools/_impl/internal/file_utils.py", line 239, in load_module_from_file
    spec.loader.exec_module(module)
  File "<frozen importlib._bootstrap_external>", line 940, in exec_module
  File "<frozen importlib._bootstrap>", line 241, in _call_with_frames_removed
  File "c:\users\kskzz\miniconda3\envs\env_isaaclab\lib\site-packages\isaacsim\kit\cache\ogn_generated\1.79.2\omni.replicator.core-1.12.27\omni.replicator.core\ogn\tests\TestOgnSetVisibility.py", line 2, in <module>
    import omni.kit.test
  File "c:/users/kskzz/miniconda3/envs/env_isaaclab/lib/site-packages/isaacsim/extscache/omni.kit.test-2.0.1+69cbf6ad.wx64.r.cp311/omni/kit/test/__init__.py", line 7, in <module>
    from . import unittests
  File "c:/users/kskzz/miniconda3/envs/env_isaaclab/lib/site-packages/isaacsim/extscache/omni.kit.test-2.0.1+69cbf6ad.wx64.r.cp311/omni/kit/test/unittests.py", line 23, in <module>
    from .exttests import RunExtTests
  File "c:/users/kskzz/miniconda3/envs/env_isaaclab/lib/site-packages/isaacsim/extscache/omni.kit.test-2.0.1+69cbf6ad.wx64.r.cp311/omni/kit/test/exttests.py", line 31, in <module>
    from .sampling import SamplingFactor
  File "c:/users/kskzz/miniconda3/envs/env_isaaclab/lib/site-packages/isaacsim/extscache/omni.kit.test-2.0.1+69cbf6ad.wx64.r.cp311/omni/kit/test/sampling.py", line 4, in <module>
    from statistics import mean
  File "C:\robotics_sim\wlr_robot\resume_validation_fsm_residual_ppo\src\resume_validation\statistics.py", line 5, in <module>
    from statistics import mean, median, pstdev
ImportError: cannot import name 'mean' from partially initialized module 'statistics' (most likely due to a circular import) (C:\robotics_sim\wlr_robot\resume_validation_fsm_residual_ppo\src\resume_validation\statistics.py)

2026-08-01T02:19:46Z [6,531ms] [Error] [omni.graph.tools._impl.internal.extension_contents_1_18] Exception while importing test omni.replicator.core.ogn.tests.TestOgnSizeToScale: Traceback (most recent call last):
  File "c:/users/kskzz/miniconda3/envs/env_isaaclab/lib/site-packages/isaacsim/extscache/omni.graph.tools-1.79.2+69cbf6ad/omni/graph/tools/_impl/internal/extension_contents_1_18.py", line 394, in do_import_test_definition
    test_module = load_module_from_file(test_module_name, test_file)
                  ^^^^^^^^^^^^^^^^^^^^^^^^^^^^^^^^^^^^^^^^^^^^^^^^^^
  File "c:/users/kskzz/miniconda3/envs/env_isaaclab/lib/site-packages/isaacsim/extscache/omni.graph.tools-1.79.2+69cbf6ad/omni/graph/tools/_impl/internal/file_utils.py", line 239, in load_module_from_file
    spec.loader.exec_module(module)
  File "<frozen importlib._bootstrap_external>", line 940, in exec_module
  File "<frozen importlib._bootstrap>", line 241, in _call_with_frames_removed
  File "c:\users\kskzz\miniconda3\envs\env_isaaclab\lib\site-packages\isaacsim\kit\cache\ogn_generated\1.79.2\omni.replicator.core-1.12.27\omni.replicator.core\ogn\tests\TestOgnSizeToScale.py", line 2, in <module>
    import omni.kit.test
  File "c:/users/kskzz/miniconda3/envs/env_isaaclab/lib/site-packages/isaacsim/extscache/omni.kit.test-2.0.1+69cbf6ad.wx64.r.cp311/omni/kit/test/__init__.py", line 7, in <module>
    from . import unittests
  File "c:/users/kskzz/miniconda3/envs/env_isaaclab/lib/site-packages/isaacsim/extscache/omni.kit.test-2.0.1+69cbf6ad.wx64.r.cp311/omni/kit/test/unittests.py", line 23, in <module>
    from .exttests import RunExtTests
  File "c:/users/kskzz/miniconda3/envs/env_isaaclab/lib/site-packages/isaacsim/extscache/omni.kit.test-2.0.1+69cbf6ad.wx64.r.cp311/omni/kit/test/exttests.py", line 31, in <module>
    from .sampling import SamplingFactor
  File "c:/users/kskzz/miniconda3/envs/env_isaaclab/lib/site-packages/isaacsim/extscache/omni.kit.test-2.0.1+69cbf6ad.wx64.r.cp311/omni/kit/test/sampling.py", line 4, in <module>
    from statistics import mean
  File "C:\robotics_sim\wlr_robot\resume_validation_fsm_residual_ppo\src\resume_validation\statistics.py", line 5, in <module>
    from statistics import mean, median, pstdev
ImportError: cannot import name 'mean' from partially initialized module 'statistics' (most likely due to a circular import) (C:\robotics_sim\wlr_robot\resume_validation_fsm_residual_ppo\src\resume_validation\statistics.py)

2026-08-01T02:19:46Z [6,538ms] [Error] [omni.graph.tools._impl.internal.extension_contents_1_18] Exception while importing test omni.replicator.core.ogn.tests.TestOgnTriggerGate: Traceback (most recent call last):
  File "c:/users/kskzz/miniconda3/envs/env_isaaclab/lib/site-packages/isaacsim/extscache/omni.graph.tools-1.79.2+69cbf6ad/omni/graph/tools/_impl/internal/extension_contents_1_18.py", line 394, in do_import_test_definition
    test_module = load_module_from_file(test_module_name, test_file)
                  ^^^^^^^^^^^^^^^^^^^^^^^^^^^^^^^^^^^^^^^^^^^^^^^^^^
  File "c:/users/kskzz/miniconda3/envs/env_isaaclab/lib/site-packages/isaacsim/extscache/omni.graph.tools-1.79.2+69cbf6ad/omni/graph/tools/_impl/internal/file_utils.py", line 239, in load_module_from_file
    spec.loader.exec_module(module)
  File "<frozen importlib._bootstrap_external>", line 940, in exec_module
  File "<frozen importlib._bootstrap>", line 241, in _call_with_frames_removed
  File "c:\users\kskzz\miniconda3\envs\env_isaaclab\lib\site-packages\isaacsim\kit\cache\ogn_generated\1.79.2\omni.replicator.core-1.12.27\omni.replicator.core\ogn\tests\TestOgnTriggerGate.py", line 2, in <module>
    import omni.kit.test
  File "c:/users/kskzz/miniconda3/envs/env_isaaclab/lib/site-packages/isaacsim/extscache/omni.kit.test-2.0.1+69cbf6ad.wx64.r.cp311/omni/kit/test/__init__.py", line 7, in <module>
    from . import unittests
  File "c:/users/kskzz/miniconda3/envs/env_isaaclab/lib/site-packages/isaacsim/extscache/omni.kit.test-2.0.1+69cbf6ad.wx64.r.cp311/omni/kit/test/unittests.py", line 23, in <module>
    from .exttests import RunExtTests
  File "c:/users/kskzz/miniconda3/envs/env_isaaclab/lib/site-packages/isaacsim/extscache/omni.kit.test-2.0.1+69cbf6ad.wx64.r.cp311/omni/kit/test/exttests.py", line 31, in <module>
    from .sampling import SamplingFactor
  File "c:/users/kskzz/miniconda3/envs/env_isaaclab/lib/site-packages/isaacsim/extscache/omni.kit.test-2.0.1+69cbf6ad.wx64.r.cp311/omni/kit/test/sampling.py", line 4, in <module>
    from statistics import mean
  File "C:\robotics_sim\wlr_robot\resume_validation_fsm_residual_ppo\src\resume_validation\statistics.py", line 5, in <module>
    from statistics import mean, median, pstdev
ImportError: cannot import name 'mean' from partially initialized module 'statistics' (most likely due to a circular import) (C:\robotics_sim\wlr_robot\resume_validation_fsm_residual_ppo\src\resume_validation\statistics.py)

2026-08-01T02:19:46Z [6,546ms] [Error] [omni.graph.tools._impl.internal.extension_contents_1_18] Exception while importing test omni.replicator.core.ogn.tests.TestOgnWriteCarbSetting: Traceback (most recent call last):
  File "c:/users/kskzz/miniconda3/envs/env_isaaclab/lib/site-packages/isaacsim/extscache/omni.graph.tools-1.79.2+69cbf6ad/omni/graph/tools/_impl/internal/extension_contents_1_18.py", line 394, in do_import_test_definition
    test_module = load_module_from_file(test_module_name, test_file)
                  ^^^^^^^^^^^^^^^^^^^^^^^^^^^^^^^^^^^^^^^^^^^^^^^^^^
  File "c:/users/kskzz/miniconda3/envs/env_isaaclab/lib/site-packages/isaacsim/extscache/omni.graph.tools-1.79.2+69cbf6ad/omni/graph/tools/_impl/internal/file_utils.py", line 239, in load_module_from_file
    spec.loader.exec_module(module)
  File "<frozen importlib._bootstrap_external>", line 940, in exec_module
  File "<frozen importlib._bootstrap>", line 241, in _call_with_frames_removed
  File "c:\users\kskzz\miniconda3\envs\env_isaaclab\lib\site-packages\isaacsim\kit\cache\ogn_generated\1.79.2\omni.replicator.core-1.12.27\omni.replicator.core\ogn\tests\TestOgnWriteCarbSetting.py", line 2, in <module>
    import omni.kit.test
  File "c:/users/kskzz/miniconda3/envs/env_isaaclab/lib/site-packages/isaacsim/extscache/omni.kit.test-2.0.1+69cbf6ad.wx64.r.cp311/omni/kit/test/__init__.py", line 7, in <module>
    from . import unittests
  File "c:/users/kskzz/miniconda3/envs/env_isaaclab/lib/site-packages/isaacsim/extscache/omni.kit.test-2.0.1+69cbf6ad.wx64.r.cp311/omni/kit/test/unittests.py", line 23, in <module>
    from .exttests import RunExtTests
  File "c:/users/kskzz/miniconda3/envs/env_isaaclab/lib/site-packages/isaacsim/extscache/omni.kit.test-2.0.1+69cbf6ad.wx64.r.cp311/omni/kit/test/exttests.py", line 31, in <module>
    from .sampling import SamplingFactor
  File "c:/users/kskzz/miniconda3/envs/env_isaaclab/lib/site-packages/isaacsim/extscache/omni.kit.test-2.0.1+69cbf6ad.wx64.r.cp311/omni/kit/test/sampling.py", line 4, in <module>
    from statistics import mean
  File "C:\robotics_sim\wlr_robot\resume_validation_fsm_residual_ppo\src\resume_validation\statistics.py", line 5, in <module>
    from statistics import mean, median, pstdev
ImportError: cannot import name 'mean' from partially initialized module 'statistics' (most likely due to a circular import) (C:\robotics_sim\wlr_robot\resume_validation_fsm_residual_ppo\src\resume_validation\statistics.py)

2026-08-01T02:19:46Z [6,552ms] [Error] [omni.graph.tools._impl.internal.extension_contents_1_18] Exception while importing test omni.replicator.core.ogn.tests.TestOgnWritePhysics: Traceback (most recent call last):
  File "c:/users/kskzz/miniconda3/envs/env_isaaclab/lib/site-packages/isaacsim/extscache/omni.graph.tools-1.79.2+69cbf6ad/omni/graph/tools/_impl/internal/extension_contents_1_18.py", line 394, in do_import_test_definition
    test_module = load_module_from_file(test_module_name, test_file)
                  ^^^^^^^^^^^^^^^^^^^^^^^^^^^^^^^^^^^^^^^^^^^^^^^^^^
  File "c:/users/kskzz/miniconda3/envs/env_isaaclab/lib/site-packages/isaacsim/extscache/omni.graph.tools-1.79.2+69cbf6ad/omni/graph/tools/_impl/internal/file_utils.py", line 239, in load_module_from_file
    spec.loader.exec_module(module)
  File "<frozen importlib._bootstrap_external>", line 940, in exec_module
  File "<frozen importlib._bootstrap>", line 241, in _call_with_frames_removed
  File "c:\users\kskzz\miniconda3\envs\env_isaaclab\lib\site-packages\isaacsim\kit\cache\ogn_generated\1.79.2\omni.replicator.core-1.12.27\omni.replicator.core\ogn\tests\TestOgnWritePhysics.py", line 2, in <module>
    import omni.kit.test
  File "c:/users/kskzz/miniconda3/envs/env_isaaclab/lib/site-packages/isaacsim/extscache/omni.kit.test-2.0.1+69cbf6ad.wx64.r.cp311/omni/kit/test/__init__.py", line 7, in <module>
    from . import unittests
  File "c:/users/kskzz/miniconda3/envs/env_isaaclab/lib/site-packages/isaacsim/extscache/omni.kit.test-2.0.1+69cbf6ad.wx64.r.cp311/omni/kit/test/unittests.py", line 23, in <module>
    from .exttests import RunExtTests
  File "c:/users/kskzz/miniconda3/envs/env_isaaclab/lib/site-packages/isaacsim/extscache/omni.kit.test-2.0.1+69cbf6ad.wx64.r.cp311/omni/kit/test/exttests.py", line 31, in <module>
    from .sampling import SamplingFactor
  File "c:/users/kskzz/miniconda3/envs/env_isaaclab/lib/site-packages/isaacsim/extscache/omni.kit.test-2.0.1+69cbf6ad.wx64.r.cp311/omni/kit/test/sampling.py", line 4, in <module>
    from statistics import mean
  File "C:\robotics_sim\wlr_robot\resume_validation_fsm_residual_ppo\src\resume_validation\statistics.py", line 5, in <module>
    from statistics import mean, median, pstdev
ImportError: cannot import name 'mean' from partially initialized module 'statistics' (most likely due to a circular import) (C:\robotics_sim\wlr_robot\resume_validation_fsm_residual_ppo\src\resume_validation\statistics.py)

[38;20m[skrl:INFO] Environment wrapper: Isaac Lab (single-agent)[0m
