[Info] [carb] Logging to file: c:/users/kskzz/miniconda3/envs/env_isaaclab/lib/site-packages/isaacsim/kit/logs/Kit/Isaac-Sim/5.1/kit_20260731_221940.log
2026-08-01T02:19:40Z [0ms] [Info] [omni.structuredlog.plugin] the file 'C:/Users/kskzz/.nvidia-omniverse/config/privacy.toml' doesn't exist yet.
2026-08-01T02:19:40Z [1ms] [Info] [omni.kit.app.plugin] App Name: 'Isaac-Sim', App Version: '5.1.0', Kit Version: '107.3.3+production.229672.69cbf6ad.gl', Kernel Version: '206.6+release.9587.07f17b1b.gl'
2026-08-01T02:19:40Z [1ms] [Info] [omni.kit.app.plugin] Cmd: C:\Users\kskzz\miniconda3\envs\env_isaaclab\Lib\site-packages\isaacsim\exts\isaacsim.simulation_app\isaacsim\simulation_app\simulation_app.py C:\robotics_sim\IsaacLab\apps\isaaclab.python.headless.rendering.kit --/app/tokens/exe-path=C:\Users\kskzz\miniconda3\envs\env_isaaclab\Lib\site-packages\isaacsim\kit --/persistent/app/viewport/displayOptions=3094 --/rtx/materialDb/syncLoads=True --/rtx/hydra/materialSyncLoads=True --/omni.kit.plugin/syncUsdLoads=True --/app/renderer/resolution/width=1280 --/app/renderer/resolution/height=720 --/app/window/width=1440 --/app/window/height=900 --/renderer/multiGpu/enabled=True --/app/fastShutdown=True --/app/installSignalHandlers=0 --ext-folder C:\Users\kskzz\miniconda3\envs\env_isaaclab\Lib\site-packages\isaacsim/exts --ext-folder C:\Users\kskzz\miniconda3\envs\env_isaaclab\Lib\site-packages\isaacsim/apps --/renderer/activeGpu=0 --/physics/cudaDevice=0 --/plugins/carb.tasking.plugin/threadCount=32 --/plugins/omni.tbb.globalcontrol/maxThreadCount=32 --portable --no-window --/app/window/hideUi=True --controller fsm --manifest C:\robotics_sim\wlr_robot\resume_validation_fsm_residual_ppo\data\scenario_manifests\development_v2.json --height_mm 50 --output_dir C:\robotics_sim\wlr_robot\resume_validation_fsm_residual_ppo\reports\visualization_capture_20260731_215648\results\fsm_h050_success_development-h050-0000\sim_attempt_001 --scenario_id development-h050-0000 --record_stride 3 --video_path C:\robotics_sim\wlr_robot\resume_validation_fsm_residual_ppo\reports\visualization_capture_20260731_215648\results\fsm_h050_success_development-h050-0000\sim_attempt_001\raw.mp4 --video_frames_dir C:\robotics_sim\wlr_robot\resume_validation_fsm_residual_ppo\reports\visualization_capture_20260731_215648\results\fsm_h050_success_development-h050-0000\sim_attempt_001\frames --video_stride 3 --video_fps 20 --video_width 1280 --video_height 720 --video_category development-visualization --video_outcome_label success --video_seed -1 --video_checkpoint_label none --heartbeat_path C:\robotics_sim\wlr_robot\resume_validation_fsm_residual_ppo\reports\visualization_capture_20260731_215648\results\fsm_h050_success_development-h050-0000\sim_attempt_001\heartbeat.json --enable_cameras --headless
2026-08-01T02:19:40Z [1ms] [Info] [omni.kit.app.plugin] Applied configs: [c:/users/kskzz/miniconda3/envs/env_isaaclab/lib/site-packages/isaacsim/kit/kernel/config/kit-core.json, C:\robotics_sim\IsaacLab\apps\isaaclab.python.headless.rendering.kit, c:/users/kskzz/miniconda3/envs/env_isaaclab/lib/site-packages/isaacsim/kit/data/Kit/Isaac-Sim/5.1/user.config.json]
2026-08-01T02:19:40Z [1ms] [Info] [omni.kit.app.plugin] Non-existent configs: [c:/users/kskzz/miniconda3/envs/env_isaaclab/lib/site-packages/isaacsim/kit/omni_configs/privacy.toml, C:/robotics_sim/IsaacLab/apps/isaaclab.python.headless.rendering.gen.kit, C:/Users/kskzz/OneDrive/Documents/Kit/shared/user.toml, C:/robotics_sim/IsaacLab/apps/deps/user.toml, C:/robotics_sim/IsaacLab/apps/deps/isaaclab.python.headless.rendering/user.toml, C:/robotics_sim/IsaacLab/deps/user.toml, C:/robotics_sim/IsaacLab/deps/isaaclab.python.headless.rendering/user.toml, C:/robotics_sim/deps/user.toml, C:/robotics_sim/deps/isaaclab.python.headless.rendering/user.toml, C:/deps/user.toml, C:/deps/isaaclab.python.headless.rendering/user.toml, C:/deps/user.toml, C:/deps/isaaclab.python.headless.rendering/user.toml, C:/ProgramData/NVIDIA Corporation/kit/kit.config.toml, C:/ProgramData/NVIDIA Corporation/kit/isaaclab.python.headless.rendering/kit.config.toml]
2026-08-01T02:19:40Z [1ms] [Info] [omni.kit.app.plugin] Portable Root: 'c:/users/kskzz/miniconda3/envs/env_isaaclab/lib/site-packages/isaacsim/kit'
2026-08-01T02:19:40Z [1ms] [Info] [omni.kit.app.plugin] Tokens:
{
    "exe-filename": "python.exe",
    "local-config-path": "C:/robotics_sim/IsaacLab",
    "custom-config-path": "C:/robotics_sim/IsaacLab",
    "cli-config-path": "C:/robotics_sim/IsaacLab",
    "omni_config": "c:/users/kskzz/miniconda3/envs/env_isaaclab/lib/site-packages/isaacsim/kit/omni_configs",
    "omni_data": "c:/users/kskzz/miniconda3/envs/env_isaaclab/lib/site-packages/isaacsim/kit/data",
    "omni_logs": "c:/users/kskzz/miniconda3/envs/env_isaaclab/lib/site-packages/isaacsim/kit/logs",
    "omni_cache": "c:/users/kskzz/miniconda3/envs/env_isaaclab/lib/site-packages/isaacsim/kit/cache",
    "omni_global_config": "C:/Users/kskzz/.nvidia-omniverse/config",
    "omni_global_data": "C:/Users/kskzz/AppData/Local/ov/data",
    "omni_global_logs": "C:/Users/kskzz/.nvidia-omniverse/logs",
    "omni_global_cache": "C:/Users/kskzz/AppData/Local/ov/cache",
    "temp": "C:/Users/kskzz/AppData/Local/Temp/x288s.0",
    "kit": "c:/users/kskzz/miniconda3/envs/env_isaaclab/lib/site-packages/isaacsim/kit",
    "drive": "c:/",
    "app": "C:/robotics_sim/IsaacLab/apps",
    "resources": "c:/users/kskzz/miniconda3/envs/env_isaaclab/lib/site-packages/isaacsim/kit/resources",
    "fonts": "c:/users/kskzz/miniconda3/envs/env_isaaclab/lib/site-packages/isaacsim/kit/resources/fonts",
    "glyphs": "c:/users/kskzz/miniconda3/envs/env_isaaclab/lib/site-packages/isaacsim/kit/resources/glyphs",
    "icons": "c:/users/kskzz/miniconda3/envs/env_isaaclab/lib/site-packages/isaacsim/kit/resources/icons",
    "sounds": "c:/users/kskzz/miniconda3/envs/env_isaaclab/lib/site-packages/isaacsim/kit/resources/sounds",
    "models": "c:/users/kskzz/miniconda3/envs/env_isaaclab/lib/site-packages/isaacsim/kit/resources/models",
    "materials": "c:/users/kskzz/miniconda3/envs/env_isaaclab/lib/site-packages/isaacsim/kit/resources/materials",
    "config": "release",
    "platform": "windows-x86_64",
    "bindings_ext": ".pyd",
    "exe_ext": ".exe",
    "shell_ext": ".bat",
    "lib_ext": ".dll",
    "lib_prefix": "",
    "session_id": "12580957447711003559",
    "omni_documents": "C:/Users/kskzz/OneDrive/Documents",
    "shared_documents": "C:/Users/kskzz/OneDrive/Documents/Kit/shared",
    "omni_program_data": "C:/ProgramData",
    "shared_program_data": "C:/ProgramData/NVIDIA Corporation/kit",
    "app_program_data": "C:/ProgramData/NVIDIA Corporation/kit/isaaclab.python.headless.rendering",
    "kit_version": "107.3.3+production.229672.69cbf6ad.gl",
    "usd_version": "24.05",
    "python_version": "3.11",
    "python": "c:/users/kskzz/miniconda3/envs/env_isaaclab/lib/site-packages/isaacsim/kit/python/python.exe",
    "kit_version_short": "107.3",
    "kit_version_major": "107",
    "kit_version_minor": "3",
    "kit_version_patch": "3",
    "kit_git_hash": "69cbf6ad",
    "app_version": "5.1.0",
    "app_version_short": "5.1",
    "app_name": "Isaac-Sim",
    "app_filename": "isaaclab.python.headless.rendering",
    "data": "c:/users/kskzz/miniconda3/envs/env_isaaclab/lib/site-packages/isaacsim/kit/data/Kit/Isaac-Sim/5.1",
    "logs": "c:/users/kskzz/miniconda3/envs/env_isaaclab/lib/site-packages/isaacsim/kit/logs/Kit/Isaac-Sim/5.1",
    "cache": "c:/users/kskzz/miniconda3/envs/env_isaaclab/lib/site-packages/isaacsim/kit/cache/Kit/107.3/69cbf6ad",
    "appcache": "c:/users/kskzz/miniconda3/envs/env_isaaclab/lib/site-packages/isaacsim/kit/cache/Kit/107.3/69cbf6ad",
    "cache_postfix": "Kit/107.3/69cbf6ad",
    "app_documents": "C:/Users/kskzz/OneDrive/Documents/Kit/apps/Isaac-Sim",
    "documents": "C:/Users/kskzz/OneDrive/Documents/Kit/apps/Isaac-Sim",
    "start_timestamp": "20260731_221940",
    "exe-path": "C:\\Users\\kskzz\\miniconda3\\envs\\env_isaaclab\\Lib\\site-packages\\isaacsim\\kit"
}
2026-08-01T02:19:40Z [2ms] [Info] [carb] Initializing plugin: carb.scripting-python.plugin (interfaces: [carb::scripting::IScripting v1.0]) (impl: carb.scripting-python.plugin)
2026-08-01T02:19:40Z [2ms] [Info] [carb] Initializing plugin: carb.variant.plugin (interfaces: [carb::variant::IVariant v0.1]) (impl: carb.variant.plugin)
2026-08-01T02:19:40Z [2ms] [Info] [omni.kit.app._impl] python GC: gc.disable()
2026-08-01T02:19:40Z [4ms] [Info] [omni.ext.plugin] [ext manager] preferLocalVersions: 1
2026-08-01T02:19:40Z [4ms] [Info] [omni.ext.plugin] Extension system targets:
2026-08-01T02:19:40Z [4ms] [Info] [omni.ext.plugin]   kitHash: 69cbf6ad
2026-08-01T02:19:40Z [4ms] [Info] [omni.ext.plugin]   config: release
2026-08-01T02:19:40Z [4ms] [Info] [omni.ext.plugin]   python: cp311
2026-08-01T02:19:40Z [4ms] [Info] [omni.ext.plugin]   usd: u353f+stock+24.05+cxx11
2026-08-01T02:19:40Z [4ms] [Info] [omni.ext.plugin]   platform: windows-x86_64
2026-08-01T02:19:40Z [4ms] [Info] [omni.ext.plugin]   kit: 107.3.3
2026-08-01T02:19:40Z [4ms] [Info] [omni.ext.plugin] Searching for extensions in: 'c:/robotics_sim/isaaclab/apps/isaaclab.python.headless.rendering.kit' (path type: 1, dev: 0)
2026-08-01T02:19:40Z [4ms] [Info] [omni.ext.plugin] Searching for extensions in: 'c:/users/kskzz/miniconda3/envs/env_isaaclab/lib/site-packages/isaacsim/kit/data/kit/isaac-sim/5.1/exts/3' (path type: 4, dev: 0)
2026-08-01T02:19:40Z [4ms] [Info] [omni.ext.plugin] Searching for extensions in: 'c:/users/kskzz/miniconda3/envs/env_isaaclab/lib/site-packages/isaacsim/apps' (path type: 0, dev: 0)
2026-08-01T02:19:40Z [5ms] [Info] [omni.ext.plugin] Searching for extensions in: 'c:/users/kskzz/miniconda3/envs/env_isaaclab/lib/site-packages/isaacsim/exts' (path type: 0, dev: 0)
2026-08-01T02:19:40Z [5ms] [Info] [omni.ext.plugin] [ext: omni.kit.pip_archive-0.0.0] registered (path: c:/users/kskzz/miniconda3/envs/env_isaaclab/lib/site-packages/isaacsim/kit/data/kit/isaac-sim/5.1/exts/3/omni.kit.pip_archive-0.0.0+69cbf6ad.wx64.cp311)
2026-08-01T02:19:40Z [5ms] [Info] [omni.ext.plugin] [ext: isaacsim.asset.importer.urdf-2.4.31] registered (path: c:/users/kskzz/miniconda3/envs/env_isaaclab/lib/site-packages/isaacsim/kit/data/kit/isaac-sim/5.1/exts/3/isaacsim.asset.importer.urdf-2.4.31+107.3.3.wx64.r.cp311)
2026-08-01T02:19:40Z [6ms] [Info] [omni.ext.plugin] [ext: isaacsim.exp.uidoc-5.1.0] registered (path: c:/users/kskzz/miniconda3/envs/env_isaaclab/lib/site-packages/isaacsim/apps/isaacsim.exp.uidoc.kit)
2026-08-01T02:19:40Z [6ms] [Info] [omni.ext.plugin] [ext: isaacsim.exp.base.python-5.1.0] registered (path: c:/users/kskzz/miniconda3/envs/env_isaaclab/lib/site-packages/isaacsim/apps/isaacsim.exp.base.python.kit)
2026-08-01T02:19:40Z [6ms] [Info] [omni.ext.plugin] [ext: isaacsim.exp.full.streaming-5.1.0] registered (path: c:/users/kskzz/miniconda3/envs/env_isaaclab/lib/site-packages/isaacsim/apps/isaacsim.exp.full.streaming.kit)
2026-08-01T02:19:40Z [6ms] [Info] [omni.ext.plugin] [ext: isaacsim.exp.compatibility_check-5.1.0] registered (path: c:/users/kskzz/miniconda3/envs/env_isaaclab/lib/site-packages/isaacsim/apps/isaacsim.exp.compatibility_check.kit)
2026-08-01T02:19:40Z [6ms] [Info] [omni.ext.plugin] [ext: isaacsim.exp.base.xr.vr-5.1.0] registered (path: c:/users/kskzz/miniconda3/envs/env_isaaclab/lib/site-packages/isaacsim/apps/isaacsim.exp.base.xr.vr.kit)
2026-08-01T02:19:40Z [6ms] [Info] [omni.ext.plugin] [ext: isaacsim.exp.action_and_event_data_generation.base-0.1.5] registered (path: c:/users/kskzz/miniconda3/envs/env_isaaclab/lib/site-packages/isaacsim/apps/isaacsim.exp.action_and_event_data_generation.base.kit)
2026-08-01T02:19:40Z [6ms] [Info] [omni.ext.plugin] [ext: isaacsim.exp.base.xr.openxr-5.1.0] registered (path: c:/users/kskzz/miniconda3/envs/env_isaaclab/lib/site-packages/isaacsim/apps/isaacsim.exp.base.xr.openxr.kit)
2026-08-01T02:19:40Z [6ms] [Info] [omni.ext.plugin] [ext: isaacsim.exp.full-5.1.0] registered (path: c:/users/kskzz/miniconda3/envs/env_isaaclab/lib/site-packages/isaacsim/apps/isaacsim.exp.full.kit)
2026-08-01T02:19:40Z [6ms] [Info] [omni.ext.plugin] [ext: isaacsim.exp.selector-5.1.0] registered (path: c:/users/kskzz/miniconda3/envs/env_isaaclab/lib/site-packages/isaacsim/apps/isaacsim.exp.selector.kit)
2026-08-01T02:19:40Z [6ms] [Info] [omni.ext.plugin] [ext: isaacsim.exp.base.zero_delay-5.1.0] registered (path: c:/users/kskzz/miniconda3/envs/env_isaaclab/lib/site-packages/isaacsim/apps/isaacsim.exp.base.zero_delay.kit)
2026-08-01T02:19:40Z [6ms] [Info] [omni.ext.plugin] Searching for extensions in: 'c:/robotics_sim/isaaclab/source' (path type: 0, dev: 0)
2026-08-01T02:19:40Z [6ms] [Info] [omni.ext.plugin] [ext: isaacsim.exp.full.fabric-5.1.0] registered (path: c:/users/kskzz/miniconda3/envs/env_isaaclab/lib/site-packages/isaacsim/apps/isaacsim.exp.full.fabric.kit)
2026-08-01T02:19:40Z [7ms] [Info] [omni.ext.plugin] [ext: isaacsim.exp.base-5.1.0] registered (path: c:/users/kskzz/miniconda3/envs/env_isaaclab/lib/site-packages/isaacsim/apps/isaacsim.exp.base.kit)
2026-08-01T02:19:40Z [7ms] [Info] [omni.ext.plugin] [ext: isaacsim.exp.action_and_event_data_generation.full-0.1.5] registered (path: c:/users/kskzz/miniconda3/envs/env_isaaclab/lib/site-packages/isaacsim/apps/isaacsim.exp.action_and_event_data_generation.full.kit)
2026-08-01T02:19:40Z [7ms] [Info] [omni.ext.plugin] Searching for extensions in: 'c:/robotics_sim/isaaclab/apps' (path type: 0, dev: 0)
2026-08-01T02:19:40Z [7ms] [Info] [omni.ext.plugin] [ext: isaacsim.app.selector-2.10.0] registered (path: c:/users/kskzz/miniconda3/envs/env_isaaclab/lib/site-packages/isaacsim/exts/isaacsim.app.selector)
2026-08-01T02:19:40Z [7ms] [Info] [omni.ext.plugin] [ext: isaacsim.app.about-2.0.11] registered (path: c:/users/kskzz/miniconda3/envs/env_isaaclab/lib/site-packages/isaacsim/exts/isaacsim.app.about)
2026-08-01T02:19:40Z [7ms] [Info] [omni.ext.plugin] [ext: isaacsim.code_editor.jupyter-1.1.1] registered (path: c:/users/kskzz/miniconda3/envs/env_isaaclab/lib/site-packages/isaacsim/exts/isaacsim.code_editor.jupyter)
2026-08-01T02:19:40Z [7ms] [Info] [omni.ext.plugin] [ext: isaacsim.asset.exporter.urdf-1.3.4] registered (path: c:/users/kskzz/miniconda3/envs/env_isaaclab/lib/site-packages/isaacsim/exts/isaacsim.asset.exporter.urdf)
2026-08-01T02:19:40Z [7ms] [Info] [omni.ext.plugin] [ext: isaacsim.core.cloner-1.4.10] registered (path: c:/users/kskzz/miniconda3/envs/env_isaaclab/lib/site-packages/isaacsim/exts/isaacsim.core.cloner)
2026-08-01T02:19:40Z [7ms] [Info] [omni.ext.plugin] [ext: isaacsim.core.includes-2.5.2] registered (path: c:/users/kskzz/miniconda3/envs/env_isaaclab/lib/site-packages/isaacsim/exts/isaacsim.core.includes)
2026-08-01T02:19:40Z [7ms] [Info] [omni.ext.plugin] [ext: isaacsim.core.api-4.8.0] registered (path: c:/users/kskzz/miniconda3/envs/env_isaaclab/lib/site-packages/isaacsim/exts/isaacsim.core.api)
2026-08-01T02:19:40Z [7ms] [Info] [omni.ext.plugin] [ext: isaacsim.core.experimental.materials-0.4.0] registered (path: c:/users/kskzz/miniconda3/envs/env_isaaclab/lib/site-packages/isaacsim/exts/isaacsim.core.experimental.materials)
2026-08-01T02:19:40Z [7ms] [Info] [omni.ext.plugin] [ext: isaacsim.asset.importer.heightmap-2.0.6] registered (path: c:/users/kskzz/miniconda3/envs/env_isaaclab/lib/site-packages/isaacsim/exts/isaacsim.asset.importer.heightmap)
2026-08-01T02:19:40Z [7ms] [Info] [omni.ext.plugin] [ext: isaacsim.asset.gen.conveyor-1.0.23] registered (path: c:/users/kskzz/miniconda3/envs/env_isaaclab/lib/site-packages/isaacsim/exts/isaacsim.asset.gen.conveyor)
2026-08-01T02:19:40Z [8ms] [Info] [omni.ext.plugin] [ext: isaacsim.asset.gen.omap.ui-2.2.3] registered (path: c:/users/kskzz/miniconda3/envs/env_isaaclab/lib/site-packages/isaacsim/exts/isaacsim.asset.gen.omap.ui)
2026-08-01T02:19:40Z [8ms] [Info] [omni.ext.plugin] [ext: isaacsim.core.experimental.objects-0.4.0] registered (path: c:/users/kskzz/miniconda3/envs/env_isaaclab/lib/site-packages/isaacsim/exts/isaacsim.core.experimental.objects)
2026-08-01T02:19:40Z [8ms] [Info] [omni.ext.plugin] [ext: isaacsim.asset.validation-1.1.0] registered (path: c:/users/kskzz/miniconda3/envs/env_isaaclab/lib/site-packages/isaacsim/exts/isaacsim.asset.validation)
2026-08-01T02:19:40Z [8ms] [Info] [omni.ext.plugin] [ext: isaacsim.asset.importer.urdf-2.4.30] registered (path: c:/users/kskzz/miniconda3/envs/env_isaaclab/lib/site-packages/isaacsim/exts/isaacsim.asset.importer.urdf)
2026-08-01T02:19:40Z [8ms] [Info] [omni.ext.plugin] [ext: isaacsim.asset.importer.mjcf-2.5.13] registered (path: c:/users/kskzz/miniconda3/envs/env_isaaclab/lib/site-packages/isaacsim/exts/isaacsim.asset.importer.mjcf)
2026-08-01T02:19:40Z [8ms] [Info] [omni.ext.plugin] [ext: isaacsim.code_editor.vscode-1.1.0] registered (path: c:/users/kskzz/miniconda3/envs/env_isaaclab/lib/site-packages/isaacsim/exts/isaacsim.code_editor.vscode)
2026-08-01T02:19:40Z [8ms] [Info] [omni.ext.plugin] [ext: isaacsim.core.utils-3.5.1] registered (path: c:/users/kskzz/miniconda3/envs/env_isaaclab/lib/site-packages/isaacsim/exts/isaacsim.core.utils)
2026-08-01T02:19:40Z [8ms] [Info] [omni.ext.plugin] [ext: isaacsim.core.version-2.0.6] registered (path: c:/users/kskzz/miniconda3/envs/env_isaaclab/lib/site-packages/isaacsim/exts/isaacsim.core.version)
2026-08-01T02:19:40Z [8ms] [Info] [omni.ext.plugin] [ext: isaacsim.core.prims-0.6.1] registered (path: c:/users/kskzz/miniconda3/envs/env_isaaclab/lib/site-packages/isaacsim/exts/isaacsim.core.prims)
2026-08-01T02:19:40Z [8ms] [Info] [omni.ext.plugin] [ext: isaacsim.core.experimental.prims-0.8.1] registered (path: c:/users/kskzz/miniconda3/envs/env_isaaclab/lib/site-packages/isaacsim/exts/isaacsim.core.experimental.prims)
2026-08-01T02:19:40Z [8ms] [Info] [omni.ext.plugin] [ext: isaacsim.benchmark.examples-1.1.12] registered (path: c:/users/kskzz/miniconda3/envs/env_isaaclab/lib/site-packages/isaacsim/exts/isaacsim.benchmark.examples)
2026-08-01T02:19:40Z [8ms] [Info] [omni.ext.plugin] [ext: isaacsim.benchmark.services-3.1.1] registered (path: c:/users/kskzz/miniconda3/envs/env_isaaclab/lib/site-packages/isaacsim/exts/isaacsim.benchmark.services)
2026-08-01T02:19:40Z [8ms] [Info] [omni.ext.plugin] Searching for extensions in: 'c:/users/kskzz/miniconda3/envs/env_isaaclab/lib/site-packages/isaacsim/isaacsim/extsphysics' (path type: 0, dev: 0)
2026-08-01T02:19:40Z [8ms] [Info] [omni.ext.plugin] [ext: isaacsim.cortex.behaviors-2.0.14] registered (path: c:/users/kskzz/miniconda3/envs/env_isaaclab/lib/site-packages/isaacsim/exts/isaacsim.cortex.behaviors)
2026-08-01T02:19:40Z [8ms] [Info] [omni.ext.plugin] [ext: isaacsim.asset.browser-1.3.23] registered (path: c:/users/kskzz/miniconda3/envs/env_isaaclab/lib/site-packages/isaacsim/exts/isaacsim.asset.browser)
2026-08-01T02:19:40Z [8ms] [Info] [omni.ext.plugin] [ext: isaacsim.core.simulation_manager-1.4.4] registered (path: c:/users/kskzz/miniconda3/envs/env_isaaclab/lib/site-packages/isaacsim/exts/isaacsim.core.simulation_manager)
2026-08-01T02:19:40Z [8ms] [Info] [omni.ext.plugin] [ext: isaacsim.core.throttling-2.2.2] registered (path: c:/users/kskzz/miniconda3/envs/env_isaaclab/lib/site-packages/isaacsim/exts/isaacsim.core.throttling)
2026-08-01T02:19:40Z [8ms] [Info] [omni.ext.plugin] [ext: isaacsim.asset.gen.conveyor.ui-2.1.17] registered (path: c:/users/kskzz/miniconda3/envs/env_isaaclab/lib/site-packages/isaacsim/exts/isaacsim.asset.gen.conveyor.ui)
2026-08-01T02:19:40Z [8ms] [Info] [omni.ext.plugin] [ext: isaacsim.asset.gen.omap-2.0.29] registered (path: c:/users/kskzz/miniconda3/envs/env_isaaclab/lib/site-packages/isaacsim/exts/isaacsim.asset.gen.omap)
2026-08-01T02:19:40Z [8ms] [Info] [omni.ext.plugin] [ext: isaacsim.core.experimental.utils-0.3.0] registered (path: c:/users/kskzz/miniconda3/envs/env_isaaclab/lib/site-packages/isaacsim/exts/isaacsim.core.experimental.utils)
2026-08-01T02:19:40Z [8ms] [Info] [omni.ext.plugin] [ext: isaacsim.examples.browser-0.2.1] registered (path: c:/users/kskzz/miniconda3/envs/env_isaaclab/lib/site-packages/isaacsim/exts/isaacsim.examples.browser)
2026-08-01T02:19:40Z [8ms] [Info] [omni.ext.plugin] [ext: isaacsim.examples.ui-1.1.8] registered (path: c:/users/kskzz/miniconda3/envs/env_isaaclab/lib/site-packages/isaacsim/exts/isaacsim.examples.ui)
2026-08-01T02:19:40Z [8ms] [Info] [omni.ext.plugin] [ext: isaacsim.cortex.framework-1.0.12] registered (path: c:/users/kskzz/miniconda3/envs/env_isaaclab/lib/site-packages/isaacsim/exts/isaacsim.cortex.framework)
2026-08-01T02:19:40Z [8ms] [Info] [omni.ext.plugin] [ext: isaacsim.app.setup-1.6.0] registered (path: c:/users/kskzz/miniconda3/envs/env_isaaclab/lib/site-packages/isaacsim/exts/isaacsim.app.setup)
2026-08-01T02:19:40Z [8ms] [Info] [omni.ext.plugin] [ext: isaacsim.examples.extension-2.0.12] registered (path: c:/users/kskzz/miniconda3/envs/env_isaaclab/lib/site-packages/isaacsim/exts/isaacsim.examples.extension)
2026-08-01T02:19:40Z [8ms] [Info] [omni.ext.plugin] Searching for extensions in: 'c:/users/kskzz/miniconda3/envs/env_isaaclab/lib/site-packages/isaacsim/isaacsim/extscache' (path type: 0, dev: 0)
2026-08-01T02:19:40Z [8ms] [Info] [omni.ext.plugin] [ext: isaacsim.core.nodes-3.4.3] registered (path: c:/users/kskzz/miniconda3/envs/env_isaaclab/lib/site-packages/isaacsim/exts/isaacsim.core.nodes)
2026-08-01T02:19:40Z [8ms] [Info] [omni.ext.plugin] [ext: isaacsim.gui.content_browser-0.1.11] registered (path: c:/users/kskzz/miniconda3/envs/env_isaaclab/lib/site-packages/isaacsim/exts/isaacsim.gui.content_browser)
2026-08-01T02:19:40Z [9ms] [Info] [omni.ext.plugin] [ext: isaacsim.gui.components-1.2.1] registered (path: c:/users/kskzz/miniconda3/envs/env_isaaclab/lib/site-packages/isaacsim/exts/isaacsim.gui.components)
2026-08-01T02:19:40Z [9ms] [Info] [omni.ext.plugin] Searching for extensions in: 'c:/users/kskzz/miniconda3/envs/env_isaaclab/lib/site-packages/isaacsim/isaacsim/extsdeprecated' (path type: 0, dev: 0)
2026-08-01T02:19:40Z [9ms] [Info] [omni.ext.plugin] [ext: isaacsim.gui.sensors.icon-2.0.3] registered (path: c:/users/kskzz/miniconda3/envs/env_isaaclab/lib/site-packages/isaacsim/exts/isaacsim.gui.sensors.icon)
2026-08-01T02:19:40Z [9ms] [Info] [omni.ext.plugin] [ext: isaacsim.gui.property-1.1.3] registered (path: c:/users/kskzz/miniconda3/envs/env_isaaclab/lib/site-packages/isaacsim/exts/isaacsim.gui.property)
2026-08-01T02:19:40Z [9ms] [Info] [omni.ext.plugin] [ext: isaacsim.app.compatibility_check-1.1.1] registered (path: c:/users/kskzz/miniconda3/envs/env_isaaclab/lib/site-packages/isaacsim/exts/isaacsim.app.compatibility_check-1.1.1+107.3.2.wx64.r.cp311)
2026-08-01T02:19:40Z [9ms] [Info] [omni.ext.plugin] [ext: isaacsim.gui.menu-2.4.4] registered (path: c:/users/kskzz/miniconda3/envs/env_isaaclab/lib/site-packages/isaacsim/exts/isaacsim.gui.menu)
2026-08-01T02:19:40Z [9ms] [Info] [omni.ext.plugin] [ext: isaacsim.examples.interactive-4.7.4] registered (path: c:/users/kskzz/miniconda3/envs/env_isaaclab/lib/site-packages/isaacsim/exts/isaacsim.examples.interactive)
2026-08-01T02:19:40Z [9ms] [Info] [omni.ext.plugin] [ext: isaacsim.replicator.behavior.ui-1.0.5] registered (path: c:/users/kskzz/miniconda3/envs/env_isaaclab/lib/site-packages/isaacsim/exts/isaacsim.replicator.behavior.ui)
2026-08-01T02:19:40Z [9ms] [Info] [omni.ext.plugin] Searching for extensions in: 'c:/users/kskzz/miniconda3/envs/env_isaaclab/lib/site-packages/isaacsim/isaacsim/exts' (path type: 0, dev: 0)
2026-08-01T02:19:40Z [9ms] [Info] [omni.ext.plugin] [ext: isaacsim.replicator.behavior-1.1.16] registered (path: c:/users/kskzz/miniconda3/envs/env_isaaclab/lib/site-packages/isaacsim/exts/isaacsim.replicator.behavior)
2026-08-01T02:19:40Z [9ms] [Info] [omni.ext.plugin] [ext: isaacsim.replicator.grasping.ui-1.0.8] registered (path: c:/users/kskzz/miniconda3/envs/env_isaaclab/lib/site-packages/isaacsim/exts/isaacsim.replicator.grasping.ui)
2026-08-01T02:19:40Z [9ms] [Info] [omni.ext.plugin] [ext: isaacsim.robot.schema-3.6.0] registered (path: c:/users/kskzz/miniconda3/envs/env_isaaclab/lib/site-packages/isaacsim/exts/isaacsim.robot.schema)
2026-08-01T02:19:40Z [9ms] [Info] [omni.ext.plugin] Searching for extensions in: 'c:/users/kskzz/miniconda3/envs/env_isaaclab/lib/site-packages/isaacsim/extsphysics' (path type: 0, dev: 0)
2026-08-01T02:19:40Z [9ms] [Info] [omni.ext.plugin] [ext: isaacsim.replicator.grasping-1.0.9] registered (path: c:/users/kskzz/miniconda3/envs/env_isaaclab/lib/site-packages/isaacsim/exts/isaacsim.replicator.grasping)
2026-08-01T02:19:40Z [9ms] [Info] [omni.ext.plugin] [ext: isaacsim.robot.manipulators-3.3.6] registered (path: c:/users/kskzz/miniconda3/envs/env_isaaclab/lib/site-packages/isaacsim/exts/isaacsim.robot.manipulators)
2026-08-01T02:19:40Z [9ms] [Info] [omni.ext.plugin] Searching for extensions in: 'c:/users/kskzz/miniconda3/envs/env_isaaclab/lib/site-packages/isaacsim/extscache' (path type: 0, dev: 0)
2026-08-01T02:19:40Z [9ms] [Info] [omni.ext.plugin] [ext: isaacsim.replicator.synthetic_recorder-2.2.17] registered (path: c:/users/kskzz/miniconda3/envs/env_isaaclab/lib/site-packages/isaacsim/exts/isaacsim.replicator.synthetic_recorder)
2026-08-01T02:19:40Z [9ms] [Info] [omni.ext.plugin] [ext: isaacsim.core.deprecation_manager-0.2.7] registered (path: c:/users/kskzz/miniconda3/envs/env_isaaclab/lib/site-packages/isaacsim/exts/isaacsim.core.deprecation_manager)
2026-08-01T02:19:40Z [9ms] [Info] [omni.ext.plugin] [ext: isaacsim.robot.policy.examples-4.1.11] registered (path: c:/users/kskzz/miniconda3/envs/env_isaaclab/lib/site-packages/isaacsim/exts/isaacsim.robot.policy.examples)
2026-08-01T02:19:40Z [9ms] [Info] [omni.ext.plugin] [ext: isaacsim.replicator.domain_randomization-1.0.16] registered (path: c:/users/kskzz/miniconda3/envs/env_isaaclab/lib/site-packages/isaacsim/exts/isaacsim.replicator.domain_randomization)
2026-08-01T02:19:40Z [9ms] [Info] [omni.ext.plugin] [ext: isaacsim.robot_motion.lula-4.0.8] registered (path: c:/users/kskzz/miniconda3/envs/env_isaaclab/lib/site-packages/isaacsim/exts/isaacsim.robot_motion.lula)
2026-08-01T02:19:40Z [9ms] [Info] [omni.ext.plugin] [ext: isaacsim.replicator.mobility_gen.examples-0.1.9] registered (path: c:/users/kskzz/miniconda3/envs/env_isaaclab/lib/site-packages/isaacsim/exts/isaacsim.replicator.mobility_gen.examples)
2026-08-01T02:19:40Z [9ms] [Info] [omni.ext.plugin] [ext: isaacsim.robot.surface_gripper.ui-3.0.2] registered (path: c:/users/kskzz/miniconda3/envs/env_isaaclab/lib/site-packages/isaacsim/exts/isaacsim.robot.surface_gripper.ui)
2026-08-01T02:19:40Z [9ms] [Info] [omni.ext.plugin] [ext: isaacsim.replicator.writers-1.0.17] registered (path: c:/users/kskzz/miniconda3/envs/env_isaaclab/lib/site-packages/isaacsim/exts/isaacsim.replicator.writers)
2026-08-01T02:19:40Z [9ms] [Info] [omni.ext.plugin] [ext: isaacsim.robot.manipulators.ui-2.1.23] registered (path: c:/users/kskzz/miniconda3/envs/env_isaaclab/lib/site-packages/isaacsim/exts/isaacsim.robot.manipulators.ui)
2026-08-01T02:19:40Z [9ms] [Info] [omni.ext.plugin] [ext: isaacsim.replicator.mobility_gen-0.1.10] registered (path: c:/users/kskzz/miniconda3/envs/env_isaaclab/lib/site-packages/isaacsim/exts/isaacsim.replicator.mobility_gen)
2026-08-01T02:19:40Z [9ms] [Info] [omni.ext.plugin] [ext: isaacsim.robot.wheeled_robots.ui-2.1.23] registered (path: c:/users/kskzz/miniconda3/envs/env_isaaclab/lib/site-packages/isaacsim/exts/isaacsim.robot.wheeled_robots.ui)
2026-08-01T02:19:40Z [9ms] [Info] [omni.ext.plugin] [ext: isaacsim.robot_motion.lula_test_widget-1.0.12] registered (path: c:/users/kskzz/miniconda3/envs/env_isaaclab/lib/site-packages/isaacsim/exts/isaacsim.robot_motion.lula_test_widget)
2026-08-01T02:19:40Z [9ms] [Info] [omni.ext.plugin] [ext: isaacsim.robot_setup.gain_tuner-3.0.6] registered (path: c:/users/kskzz/miniconda3/envs/env_isaaclab/lib/site-packages/isaacsim/exts/isaacsim.robot_setup.gain_tuner)
2026-08-01T02:19:40Z [9ms] [Info] [omni.ext.plugin] [ext: isaacsim.robot.manipulators.examples-1.1.2] registered (path: c:/users/kskzz/miniconda3/envs/env_isaaclab/lib/site-packages/isaacsim/exts/isaacsim.robot.manipulators.examples)
2026-08-01T02:19:40Z [9ms] [Info] [omni.ext.plugin] [ext: isaacsim.replicator.examples-1.3.6] registered (path: c:/users/kskzz/miniconda3/envs/env_isaaclab/lib/site-packages/isaacsim/exts/isaacsim.replicator.examples)
2026-08-01T02:19:40Z [9ms] [Info] [omni.ext.plugin] [ext: isaacsim.robot.wheeled_robots-4.0.24] registered (path: c:/users/kskzz/miniconda3/envs/env_isaaclab/lib/site-packages/isaacsim/exts/isaacsim.robot.wheeled_robots)
2026-08-01T02:19:40Z [9ms] [Info] [omni.ext.plugin] [ext: isaacsim.robot_motion.motion_generation-8.0.26] registered (path: c:/users/kskzz/miniconda3/envs/env_isaaclab/lib/site-packages/isaacsim/exts/isaacsim.robot_motion.motion_generation)
2026-08-01T02:19:40Z [9ms] [Info] [omni.ext.plugin] [ext: isaacsim.robot_setup.assembler-3.0.11] registered (path: c:/users/kskzz/miniconda3/envs/env_isaaclab/lib/site-packages/isaacsim/exts/isaacsim.robot_setup.assembler)
2026-08-01T02:19:40Z [9ms] [Info] [omni.ext.plugin] [ext: isaacsim.robot_setup.xrdf_editor-3.1.11] registered (path: c:/users/kskzz/miniconda3/envs/env_isaaclab/lib/site-packages/isaacsim/exts/isaacsim.robot_setup.xrdf_editor)
2026-08-01T02:19:40Z [10ms] [Info] [omni.ext.plugin] [ext: isaacsim.robot_setup.wizard-0.0.8] registered (path: c:/users/kskzz/miniconda3/envs/env_isaaclab/lib/site-packages/isaacsim/exts/isaacsim.robot_setup.wizard)
2026-08-01T02:19:40Z [10ms] [Info] [omni.ext.plugin] [ext: isaacsim.robot.surface_gripper-3.3.1] registered (path: c:/users/kskzz/miniconda3/envs/env_isaaclab/lib/site-packages/isaacsim/exts/isaacsim.robot.surface_gripper)
2026-08-01T02:19:40Z [10ms] [Info] [omni.ext.plugin] [ext: isaacsim.ros2.tf_viewer-2.1.21] registered (path: c:/users/kskzz/miniconda3/envs/env_isaaclab/lib/site-packages/isaacsim/exts/isaacsim.ros2.tf_viewer)
2026-08-01T02:19:40Z [10ms] [Info] [omni.ext.plugin] [ext: isaacsim.ros2.urdf-1.1.20] registered (path: c:/users/kskzz/miniconda3/envs/env_isaaclab/lib/site-packages/isaacsim/exts/isaacsim.ros2.urdf)
2026-08-01T02:19:40Z [10ms] [Info] [omni.ext.plugin] [ext: isaacsim.sensors.camera-1.3.6] registered (path: c:/users/kskzz/miniconda3/envs/env_isaaclab/lib/site-packages/isaacsim/exts/isaacsim.sensors.camera)
2026-08-01T02:19:40Z [10ms] [Info] [omni.ext.plugin] [ext: isaacsim.sensors.camera.ui-0.2.2] registered (path: c:/users/kskzz/miniconda3/envs/env_isaaclab/lib/site-packages/isaacsim/exts/isaacsim.sensors.camera.ui)
2026-08-01T02:19:40Z [10ms] [Info] [omni.ext.plugin] [ext: isaacsim.ros2.sim_control-1.3.2] registered (path: c:/users/kskzz/miniconda3/envs/env_isaaclab/lib/site-packages/isaacsim/exts/isaacsim.ros2.sim_control)
2026-08-01T02:19:40Z [10ms] [Info] [omni.ext.plugin] [ext: isaaclab-0.54.3] registered (path: c:/robotics_sim/isaaclab/source/isaaclab)
2026-08-01T02:19:40Z [10ms] [Info] [omni.ext.plugin] [ext: isaacsim.robot_setup.grasp_editor-2.0.20] registered (path: c:/users/kskzz/miniconda3/envs/env_isaaclab/lib/site-packages/isaacsim/exts/isaacsim.robot_setup.grasp_editor)
2026-08-01T02:19:40Z [10ms] [Info] [omni.ext.plugin] [ext: isaaclab_assets-0.2.4] registered (path: c:/robotics_sim/isaaclab/source/isaaclab_assets)
2026-08-01T02:19:40Z [10ms] [Info] [omni.ext.plugin] [ext: isaaclab_contrib-0.0.2] registered (path: c:/robotics_sim/isaaclab/source/isaaclab_contrib)
2026-08-01T02:19:40Z [10ms] [Info] [omni.ext.plugin] [ext: isaaclab_rl-0.5.1] registered (path: c:/robotics_sim/isaaclab/source/isaaclab_rl)
2026-08-01T02:19:40Z [10ms] [Info] [omni.ext.plugin] [ext: isaacsim.sensors.physics-0.4.3] registered (path: c:/users/kskzz/miniconda3/envs/env_isaaclab/lib/site-packages/isaacsim/exts/isaacsim.sensors.physics)
2026-08-01T02:19:40Z [10ms] [Info] [omni.ext.plugin] [ext: isaacsim.sensors.physics.ui-0.1.12] registered (path: c:/users/kskzz/miniconda3/envs/env_isaaclab/lib/site-packages/isaacsim/exts/isaacsim.sensors.physics.ui)
2026-08-01T02:19:40Z [10ms] [Info] [omni.ext.plugin] [ext: isaaclab_tasks-0.11.16] registered (path: c:/robotics_sim/isaaclab/source/isaaclab_tasks)
2026-08-01T02:19:40Z [10ms] [Info] [omni.ext.plugin] [ext: isaaclab_mimic-1.0.16] registered (path: c:/robotics_sim/isaaclab/source/isaaclab_mimic)
2026-08-01T02:19:40Z [10ms] [Info] [omni.ext.plugin] [ext: isaacsim.ros2.bridge-4.12.4] registered (path: c:/users/kskzz/miniconda3/envs/env_isaaclab/lib/site-packages/isaacsim/exts/isaacsim.ros2.bridge)
2026-08-01T02:19:40Z [10ms] [Info] [omni.ext.plugin] [ext: isaacsim.simulation_app-2.12.2] registered (path: c:/users/kskzz/miniconda3/envs/env_isaaclab/lib/site-packages/isaacsim/exts/isaacsim.simulation_app)
2026-08-01T02:19:40Z [10ms] [Info] [omni.ext.plugin] [ext: isaacsim.sensors.physx.examples-2.2.15] registered (path: c:/users/kskzz/miniconda3/envs/env_isaaclab/lib/site-packages/isaacsim/exts/isaacsim.sensors.physx.examples)
2026-08-01T02:19:40Z [10ms] [Info] [omni.ext.plugin] [ext: isaacsim_4_5-0.0.0] registered (path: c:/robotics_sim/isaaclab/apps/isaacsim_4_5)
2026-08-01T02:19:40Z [10ms] [Info] [omni.ext.plugin] [ext: isaacsim.sensors.physics.examples-0.1.15] registered (path: c:/users/kskzz/miniconda3/envs/env_isaaclab/lib/site-packages/isaacsim/exts/isaacsim.sensors.physics.examples)
2026-08-01T02:19:40Z [10ms] [Info] [omni.ext.plugin] [ext: isaacsim.util.physics-1.1.5] registered (path: c:/users/kskzz/miniconda3/envs/env_isaaclab/lib/site-packages/isaacsim/exts/isaacsim.util.physics)
2026-08-01T02:19:40Z [10ms] [Info] [omni.ext.plugin] [ext: rendering_modes-0.0.0] registered (path: c:/robotics_sim/isaaclab/apps/rendering_modes)
2026-08-01T02:19:40Z [10ms] [Info] [omni.ext.plugin] [ext: isaacsim.util.merge_mesh-2.0.15] registered (path: c:/users/kskzz/miniconda3/envs/env_isaaclab/lib/site-packages/isaacsim/exts/isaacsim.util.merge_mesh)
2026-08-01T02:19:40Z [11ms] [Info] [omni.ext.plugin] [ext: isaacsim.storage.native-1.5.1] registered (path: c:/users/kskzz/miniconda3/envs/env_isaaclab/lib/site-packages/isaacsim/exts/isaacsim.storage.native)
2026-08-01T02:19:40Z [11ms] [Info] [omni.ext.plugin] [ext: isaaclab.python.rendering-2.3.2] registered (path: c:/robotics_sim/isaaclab/apps/isaaclab.python.rendering.kit)
2026-08-01T02:19:40Z [11ms] [Info] [omni.ext.plugin] [ext: isaaclab.python.xr.openxr.headless-2.3.2] registered (path: c:/robotics_sim/isaaclab/apps/isaaclab.python.xr.openxr.headless.kit)
2026-08-01T02:19:40Z [11ms] [Info] [omni.ext.plugin] [ext: isaacsim.sensors.rtx.ui-1.1.6] registered (path: c:/users/kskzz/miniconda3/envs/env_isaaclab/lib/site-packages/isaacsim/exts/isaacsim.sensors.rtx.ui)
2026-08-01T02:19:40Z [11ms] [Info] [omni.ext.plugin] [ext: isaacsim.test.utils-0.5.1] registered (path: c:/users/kskzz/miniconda3/envs/env_isaaclab/lib/site-packages/isaacsim/exts/isaacsim.test.utils)
2026-08-01T02:19:40Z [11ms] [Info] [omni.ext.plugin] [ext: isaacsim.util.camera_inspector-1.0.16] registered (path: c:/users/kskzz/miniconda3/envs/env_isaaclab/lib/site-packages/isaacsim/exts/isaacsim.util.camera_inspector)
2026-08-01T02:19:40Z [11ms] [Info] [omni.ext.plugin] [ext: isaacsim.sensors.physx.ui-2.3.0] registered (path: c:/users/kskzz/miniconda3/envs/env_isaaclab/lib/site-packages/isaacsim/exts/isaacsim.sensors.physx.ui)
2026-08-01T02:19:40Z [11ms] [Info] [omni.ext.plugin] [ext: isaacsim.test.docstring-1.1.0] registered (path: c:/users/kskzz/miniconda3/envs/env_isaaclab/lib/site-packages/isaacsim/exts/isaacsim.test.docstring)
2026-08-01T02:19:40Z [11ms] [Info] [omni.ext.plugin] [ext: isaacsim.sensors.rtx-15.8.4] registered (path: c:/users/kskzz/miniconda3/envs/env_isaaclab/lib/site-packages/isaacsim/exts/isaacsim.sensors.rtx)
2026-08-01T02:19:40Z [11ms] [Info] [omni.ext.plugin] [ext: isaaclab.python.xr.openxr-2.3.2] registered (path: c:/robotics_sim/isaaclab/apps/isaaclab.python.xr.openxr.kit)
2026-08-01T02:19:40Z [11ms] [Info] [omni.ext.plugin] [ext: isaacsim.sensors.physx-2.3.2] registered (path: c:/users/kskzz/miniconda3/envs/env_isaaclab/lib/site-packages/isaacsim/exts/isaacsim.sensors.physx)
2026-08-01T02:19:40Z [11ms] [Info] [omni.ext.plugin] [ext: isaacsim.replicator.mobility_gen.ui-0.1.9] registered (path: c:/users/kskzz/miniconda3/envs/env_isaaclab/lib/site-packages/isaacsim/exts/isaacsim.replicator.mobility_gen.ui)
2026-08-01T02:19:40Z [11ms] [Info] [omni.ext.plugin] [ext: isaacsim.test.collection-2.2.1] registered (path: c:/users/kskzz/miniconda3/envs/env_isaaclab/lib/site-packages/isaacsim/exts/isaacsim.test.collection)
2026-08-01T02:19:40Z [11ms] [Info] [omni.ext.plugin] [ext: omni.kit.loop-isaac-1.3.7] registered (path: c:/users/kskzz/miniconda3/envs/env_isaaclab/lib/site-packages/isaacsim/exts/omni.kit.loop-isaac)
2026-08-01T02:19:40Z [11ms] [Info] [omni.ext.plugin] [ext: isaaclab.python-2.3.2] registered (path: c:/robotics_sim/isaaclab/apps/isaaclab.python.kit)
2026-08-01T02:19:40Z [11ms] [Info] [omni.ext.plugin] [ext: isaaclab.python.headless-2.3.2] registered (path: c:/robotics_sim/isaaclab/apps/isaaclab.python.headless.kit)
2026-08-01T02:19:40Z [15ms] [Info] [omni.ext.plugin] Searching for extensions in: 'c:/users/kskzz/miniconda3/envs/env_isaaclab/lib/site-packages/isaacsim/extsdeprecated' (path type: 0, dev: 0)
2026-08-01T02:19:40Z [17ms] [Info] [omni.ext.plugin] [ext: carb.windowing.plugins-1.0.0] registered (path: c:/users/kskzz/miniconda3/envs/env_isaaclab/lib/site-packages/isaacsim/extscache/carb.windowing.plugins-1.0.0+69cbf6ad.wx64.r)
2026-08-01T02:19:40Z [17ms] [Info] [omni.ext.plugin] [ext: isaacsim.action_and_event_data_generation.setup-0.0.9] registered (path: c:/users/kskzz/miniconda3/envs/env_isaaclab/lib/site-packages/isaacsim/extscache/isaacsim.action_and_event_data_generation.setup-0.0.9)
2026-08-01T02:19:40Z [17ms] [Info] [omni.ext.plugin] [ext: isaacsim.replicator.agent.ui-0.7.11] registered (path: c:/users/kskzz/miniconda3/envs/env_isaaclab/lib/site-packages/isaacsim/extscache/isaacsim.replicator.agent.ui-0.7.11+107.3.3)
2026-08-01T02:19:40Z [17ms] [Info] [omni.ext.plugin] [ext: isaacsim.replicator.caption.core-0.0.32] registered (path: c:/users/kskzz/miniconda3/envs/env_isaaclab/lib/site-packages/isaacsim/extscache/isaacsim.replicator.caption.core-0.0.32+107.3.3)
2026-08-01T02:19:40Z [17ms] [Info] [omni.ext.plugin] [ext: isaacsim.anim.robot-0.0.15] registered (path: c:/users/kskzz/miniconda3/envs/env_isaaclab/lib/site-packages/isaacsim/extscache/isaacsim.anim.robot-0.0.15+107.3.3)
2026-08-01T02:19:40Z [17ms] [Info] [omni.ext.plugin] [ext: omni.anim.curve_editor-106.4.1] registered (path: c:/users/kskzz/miniconda3/envs/env_isaaclab/lib/site-packages/isaacsim/extscache/omni.anim.curve_editor-106.4.1+107.2.0.u353)
2026-08-01T02:19:40Z [17ms] [Info] [omni.ext.plugin] [ext: omni.anim.asset-107.3.0] registered (path: c:/users/kskzz/miniconda3/envs/env_isaaclab/lib/site-packages/isaacsim/extscache/omni.anim.asset-107.3.0+107.3.0.wx64.r.u353)
2026-08-01T02:19:40Z [17ms] [Info] [omni.ext.plugin] [ext: carb.audio-0.1.0] registered (path: c:/users/kskzz/miniconda3/envs/env_isaaclab/lib/site-packages/isaacsim/extscache/carb.audio-0.1.0+69cbf6ad.wx64.r.cp311)
2026-08-01T02:19:40Z [17ms] [Info] [omni.ext.plugin] [ext: omni.activity.pump-1.0.1] registered (path: c:/users/kskzz/miniconda3/envs/env_isaaclab/lib/site-packages/isaacsim/extscache/omni.activity.pump-1.0.1+69cbf6ad.wx64.r.cp311)
2026-08-01T02:19:40Z [17ms] [Info] [omni.ext.plugin] Searching for extensions in: 'c:/users/kskzz/miniconda3/envs/env_isaaclab/lib/site-packages/isaacsim/kit/extscore' (path type: 0, dev: 0)
2026-08-01T02:19:40Z [17ms] [Info] [omni.ext.plugin] [ext: omni.activity.ui-1.1.3] registered (path: c:/users/kskzz/miniconda3/envs/env_isaaclab/lib/site-packages/isaacsim/extscache/omni.activity.ui-1.1.3+69cbf6ad.wx64.r.cp311)
2026-08-01T02:19:40Z [17ms] [Info] [omni.ext.plugin] [ext: omni.activity.core-1.0.3] registered (path: c:/users/kskzz/miniconda3/envs/env_isaaclab/lib/site-packages/isaacsim/extscache/omni.activity.core-1.0.3+69cbf6ad.wx64.r.cp311)
2026-08-01T02:19:40Z [17ms] [Info] [omni.ext.plugin] [ext: omni.anim.curve.bundle-1.2.3] registered (path: c:/users/kskzz/miniconda3/envs/env_isaaclab/lib/site-packages/isaacsim/extscache/omni.anim.curve.bundle-1.2.3+107.3.2.u353)
2026-08-01T02:19:40Z [17ms] [Info] [omni.ext.plugin] [ext: isaacsim.util.debug_draw-3.1.0] registered (path: c:/users/kskzz/miniconda3/envs/env_isaaclab/lib/site-packages/isaacsim/extscache/isaacsim.util.debug_draw-3.1.0+107.3.2.wx64.r.cp311)
2026-08-01T02:19:40Z [17ms] [Info] [omni.ext.plugin] Searching for extensions in: 'c:/users/kskzz/miniconda3/envs/env_isaaclab/lib/site-packages/isaacsim/kit/exts' (path type: 0, dev: 0)
2026-08-01T02:19:40Z [17ms] [Info] [omni.ext.plugin] [ext: omni.activity.profiler-1.0.4] registered (path: c:/users/kskzz/miniconda3/envs/env_isaaclab/lib/site-packages/isaacsim/extscache/omni.activity.profiler-1.0.4+69cbf6ad.wx64.r.cp311)
2026-08-01T02:19:40Z [17ms] [Info] [omni.ext.plugin] [ext: omni.anim.navigation.schema-107.3.3] registered (path: c:/users/kskzz/miniconda3/envs/env_isaaclab/lib/site-packages/isaacsim/extscache/omni.anim.navigation.schema-107.3.3+107.3.3.wx64.r.cp311.u353)
2026-08-01T02:19:40Z [17ms] [Info] [omni.ext.plugin] Searching for extensions in: 'c:/users/kskzz/onedrive/documents/kit/shared/exts' (path type: 0, dev: 0)
2026-08-01T02:19:40Z [18ms] [Info] [omni.ext.plugin] [ext: omni.anim.navigation.bundle-107.3.3] registered (path: c:/users/kskzz/miniconda3/envs/env_isaaclab/lib/site-packages/isaacsim/extscache/omni.anim.navigation.bundle-107.3.3+107.3.3)
2026-08-01T02:19:40Z [18ms] [Info] [omni.ext.plugin] [ext: omni.anim.curve.core-1.3.1] registered (path: c:/users/kskzz/miniconda3/envs/env_isaaclab/lib/site-packages/isaacsim/extscache/omni.anim.curve.core-1.3.1+107.2.0.wx64.r.cp311.u353)
2026-08-01T02:19:40Z [18ms] [Info] [omni.ext.plugin] [ext: omni.anim.graph.bundle-107.3.3] registered (path: c:/users/kskzz/miniconda3/envs/env_isaaclab/lib/site-packages/isaacsim/extscache/omni.anim.graph.bundle-107.3.3+107.3.3)
2026-08-01T02:19:40Z [18ms] [Info] [omni.ext.plugin] [ext: isaacsim.replicator.incident-0.1.28] registered (path: c:/users/kskzz/miniconda3/envs/env_isaaclab/lib/site-packages/isaacsim/extscache/isaacsim.replicator.incident-0.1.28+107.3.3.wx64)
2026-08-01T02:19:40Z [18ms] [Info] [omni.ext.plugin] Searching for extensions in: 'c:/users/kskzz/onedrive/documents/kit/apps/isaac-sim/exts' (path type: 0, dev: 0)
2026-08-01T02:19:40Z [18ms] [Info] [omni.ext.plugin] [ext: omni.anim.navigation.ui-107.3.6] registered (path: c:/users/kskzz/miniconda3/envs/env_isaaclab/lib/site-packages/isaacsim/extscache/omni.anim.navigation.ui-107.3.6+107.3.3)
2026-08-01T02:19:40Z [18ms] [Info] [omni.ext.plugin] [ext: omni.activity.usd_resolver-1.0.4] registered (path: c:/users/kskzz/miniconda3/envs/env_isaaclab/lib/site-packages/isaacsim/extscache/omni.activity.usd_resolver-1.0.4+69cbf6ad.wx64.r.cp311)
2026-08-01T02:19:40Z [18ms] [Info] [omni.ext.plugin] [ext: isaacsim.xr.openxr-1.0.0] registered (path: c:/users/kskzz/miniconda3/envs/env_isaaclab/lib/site-packages/isaacsim/extscache/isaacsim.xr.openxr-1.0.0+wx64.r.cp311)
2026-08-01T02:19:40Z [18ms] [Info] [omni.ext.plugin] [ext: omni.anim.curve.ui-1.4.1] registered (path: c:/users/kskzz/miniconda3/envs/env_isaaclab/lib/site-packages/isaacsim/extscache/omni.anim.curve.ui-1.4.1+107.3.1.u353)
2026-08-01T02:19:40Z [18ms] [Info] [omni.ext.plugin] [ext: isaacsim.replicator.object-0.4.13] registered (path: c:/users/kskzz/miniconda3/envs/env_isaaclab/lib/site-packages/isaacsim/extscache/isaacsim.replicator.object-0.4.13+107.3.3.wx64)
2026-08-01T02:19:40Z [18ms] [Info] [omni.ext.plugin] [ext: omni.anim.graph.schema-107.3.3] registered (path: c:/users/kskzz/miniconda3/envs/env_isaaclab/lib/site-packages/isaacsim/extscache/omni.anim.graph.schema-107.3.3+107.3.3.wx64.r.cp311.u353)
2026-08-01T02:19:40Z [18ms] [Info] [omni.ext.plugin] [ext: isaacsim.replicator.agent.core-0.7.28] registered (path: c:/users/kskzz/miniconda3/envs/env_isaaclab/lib/site-packages/isaacsim/extscache/isaacsim.replicator.agent.core-0.7.28+107.3.3)
2026-08-01T02:19:40Z [18ms] [Info] [omni.ext.plugin] [ext: omni.anim.graph.ui-107.3.3] registered (path: c:/users/kskzz/miniconda3/envs/env_isaaclab/lib/site-packages/isaacsim/extscache/omni.anim.graph.ui-107.3.3+107.3.3)
2026-08-01T02:19:40Z [18ms] [Info] [omni.ext.plugin] [ext: isaacsim.sensors.rtx.placement-0.6.14] registered (path: c:/users/kskzz/miniconda3/envs/env_isaaclab/lib/site-packages/isaacsim/extscache/isaacsim.sensors.rtx.placement-0.6.14+107.3.3)
2026-08-01T02:19:40Z [18ms] [Info] [omni.ext.plugin] [ext: omni.anim.behavior.schema-107.3.0] registered (path: c:/users/kskzz/miniconda3/envs/env_isaaclab/lib/site-packages/isaacsim/extscache/omni.anim.behavior.schema-107.3.0+107.3.0.wx64.r.cp311.u353)
2026-08-01T02:19:40Z [18ms] [Info] [omni.ext.plugin] [ext: omni.anim.graph.core-107.3.4] registered (path: c:/users/kskzz/miniconda3/envs/env_isaaclab/lib/site-packages/isaacsim/extscache/omni.anim.graph.core-107.3.4+107.3.3.wx64.r.cp311.u353)
2026-08-01T02:19:40Z [18ms] [Info] [omni.ext.plugin] Searching for extensions in: 'c:/users/kskzz/miniconda3/envs/env_isaaclab/lib/site-packages/isaacsim/kit/apps' (path type: 0, dev: 0)
2026-08-01T02:19:40Z [18ms] [Info] [omni.ext.plugin] [ext: omni.anim.navigation.core-107.3.8] registered (path: c:/users/kskzz/miniconda3/envs/env_isaaclab/lib/site-packages/isaacsim/extscache/omni.anim.navigation.core-107.3.8+107.3.3.wx64.r.cp311.u353)
2026-08-01T02:19:40Z [18ms] [Info] [omni.ext.plugin] [ext: omni.anim.retarget.ui-107.3.3] registered (path: c:/users/kskzz/miniconda3/envs/env_isaaclab/lib/site-packages/isaacsim/extscache/omni.anim.retarget.ui-107.3.3+107.3.3)
2026-08-01T02:19:40Z [18ms] [Info] [omni.ext.plugin] [ext: omni.anim.retarget.bundle-107.3.3] registered (path: c:/users/kskzz/miniconda3/envs/env_isaaclab/lib/site-packages/isaacsim/extscache/omni.anim.retarget.bundle-107.3.3+107.3.3)
2026-08-01T02:19:40Z [19ms] [Info] [omni.ext.plugin] [ext: omni.anim.widget.timeline-0.1.14] registered (path: c:/users/kskzz/miniconda3/envs/env_isaaclab/lib/site-packages/isaacsim/extscache/omni.anim.widget.timeline-0.1.14+107.3.2.u353)
2026-08-01T02:19:40Z [19ms] [Info] [omni.ext.plugin] [ext: omni.anim.people-0.7.9] registered (path: c:/users/kskzz/miniconda3/envs/env_isaaclab/lib/site-packages/isaacsim/extscache/omni.anim.people-0.7.9+107.3.3)
2026-08-01T02:19:40Z [19ms] [Info] [omni.ext.plugin] [ext: omni.anim.window.timeline-106.5.0] registered (path: c:/users/kskzz/miniconda3/envs/env_isaaclab/lib/site-packages/isaacsim/extscache/omni.anim.window.timeline-106.5.0+107.3.1.u353)
2026-08-01T02:19:40Z [19ms] [Info] [omni.ext.plugin] [ext: omni.anim.skelJoint-107.3.3] registered (path: c:/users/kskzz/miniconda3/envs/env_isaaclab/lib/site-packages/isaacsim/extscache/omni.anim.skelJoint-107.3.3+107.3.3.wx64.r.cp311.u353)
2026-08-01T02:19:40Z [19ms] [Info] [omni.ext.plugin] [ext: omni.blobkey-1.1.2] registered (path: c:/users/kskzz/miniconda3/envs/env_isaaclab/lib/site-packages/isaacsim/extscache/omni.blobkey-1.1.2+69cbf6ad.wx64.r)
2026-08-01T02:19:40Z [19ms] [Info] [omni.ext.plugin] [ext: omni.assets.plugins-0.0.0] registered (path: c:/users/kskzz/miniconda3/envs/env_isaaclab/lib/site-packages/isaacsim/extscache/omni.assets.plugins-0.0.0+69cbf6ad.wx64.r)
2026-08-01T02:19:40Z [19ms] [Info] [omni.ext.plugin] [ext: omni.asset_validator.ui-1.1.6] registered (path: c:/users/kskzz/miniconda3/envs/env_isaaclab/lib/site-packages/isaacsim/extscache/omni.asset_validator.ui-1.1.6)
2026-08-01T02:19:40Z [19ms] [Info] [omni.ext.plugin] [ext: omni.anim.timeline-107.0.0] registered (path: c:/users/kskzz/miniconda3/envs/env_isaaclab/lib/site-packages/isaacsim/extscache/omni.anim.timeline-107.0.0+107.3.2.wx64.r.cp311.u353)
2026-08-01T02:19:40Z [19ms] [Info] [omni.ext.plugin] [ext: omni.convexdecomposition-107.3.26] registered (path: c:/users/kskzz/miniconda3/envs/env_isaaclab/lib/site-packages/isaacsim/extscache/omni.convexdecomposition-107.3.26+107.3.3.wx64.r.cp311.u353)
2026-08-01T02:19:40Z [19ms] [Info] [omni.ext.plugin] [ext: omni.anim.retarget.preview-107.3.3] registered (path: c:/users/kskzz/miniconda3/envs/env_isaaclab/lib/site-packages/isaacsim/extscache/omni.anim.retarget.preview-107.3.3+107.3.3)
2026-08-01T02:19:40Z [19ms] [Info] [omni.ext.plugin] [ext: omni.cuopt.service-1.3.0] registered (path: c:/users/kskzz/miniconda3/envs/env_isaaclab/lib/site-packages/isaacsim/extscache/omni.cuopt.service-1.3.0+107.3.2)
2026-08-01T02:19:40Z [19ms] [Info] [omni.ext.plugin] [ext: omni.anim.shared.core-107.0.1] registered (path: c:/users/kskzz/miniconda3/envs/env_isaaclab/lib/site-packages/isaacsim/extscache/omni.anim.shared.core-107.0.1+107.2.0.wx64.r.cp311.u353)
2026-08-01T02:19:40Z [19ms] [Info] [omni.ext.plugin] [ext: omni.asset_validator.core-1.1.6] registered (path: c:/users/kskzz/miniconda3/envs/env_isaaclab/lib/site-packages/isaacsim/extscache/omni.asset_validator.core-1.1.6)
2026-08-01T02:19:40Z [19ms] [Info] [omni.ext.plugin] [ext: omni.anim.retarget.core-107.3.3] registered (path: c:/users/kskzz/miniconda3/envs/env_isaaclab/lib/site-packages/isaacsim/extscache/omni.anim.retarget.core-107.3.3+107.3.3.wx64.r.cp311.u353)
2026-08-01T02:19:40Z [19ms] [Info] [omni.ext.plugin] [ext: omni.cuopt.visualization-1.3.0] registered (path: c:/users/kskzz/miniconda3/envs/env_isaaclab/lib/site-packages/isaacsim/extscache/omni.cuopt.visualization-1.3.0+107.3.2)
2026-08-01T02:19:40Z [19ms] [Info] [omni.ext.plugin] [ext: omni.debugdraw-0.1.4] registered (path: c:/users/kskzz/miniconda3/envs/env_isaaclab/lib/site-packages/isaacsim/extscache/omni.debugdraw-0.1.4+69cbf6ad.wx64.r.cp311)
2026-08-01T02:19:40Z [19ms] [Info] [omni.ext.plugin] [ext: omni.cuopt.examples-1.3.0] registered (path: c:/users/kskzz/miniconda3/envs/env_isaaclab/lib/site-packages/isaacsim/extscache/omni.cuopt.examples-1.3.0+107.3.2)
2026-08-01T02:19:40Z [20ms] [Info] [omni.ext.plugin] [ext: omni.gpucompute.plugins-0.0.0] registered (path: c:/users/kskzz/miniconda3/envs/env_isaaclab/lib/site-packages/isaacsim/extscache/omni.gpucompute.plugins-0.0.0+69cbf6ad.wx64.r)
2026-08-01T02:19:40Z [20ms] [Info] [omni.ext.plugin] [ext: omni.graph-1.141.2] registered (path: c:/users/kskzz/miniconda3/envs/env_isaaclab/lib/site-packages/isaacsim/extscache/omni.graph-1.141.2+69cbf6ad.wx64.r.cp311)
2026-08-01T02:19:40Z [20ms] [Info] [omni.ext.plugin] [ext: omni.appwindow-1.1.10] registered (path: c:/users/kskzz/miniconda3/envs/env_isaaclab/lib/site-packages/isaacsim/extscache/omni.appwindow-1.1.10+69cbf6ad.wx64.r.cp311)
2026-08-01T02:19:40Z [20ms] [Info] [omni.ext.plugin] [ext: omni.client-1.3.0] registered (path: c:/users/kskzz/miniconda3/envs/env_isaaclab/lib/site-packages/isaacsim/extscache/omni.client-1.3.0+69cbf6ad.wx64.r)
2026-08-01T02:19:40Z [20ms] [Info] [omni.ext.plugin] [ext: omni.genproc.core-107.0.3] registered (path: c:/users/kskzz/miniconda3/envs/env_isaaclab/lib/site-packages/isaacsim/extscache/omni.genproc.core-107.0.3+107.0.3.wx64.r.cp311.u353)
2026-08-01T02:19:40Z [20ms] [Info] [omni.ext.plugin] [ext: omni.gpu_foundation.shadercache.vulkan-1.0.0] registered (path: c:/users/kskzz/miniconda3/envs/env_isaaclab/lib/site-packages/isaacsim/extscache/omni.gpu_foundation.shadercache.vulkan-1.0.0+69cbf6ad.wx64.r)
2026-08-01T02:19:40Z [20ms] [Info] [omni.ext.plugin] [ext: omni.fabric.commands-1.1.6] registered (path: c:/users/kskzz/miniconda3/envs/env_isaaclab/lib/site-packages/isaacsim/extscache/omni.fabric.commands-1.1.6+69cbf6ad.wx64.r.cp311)
2026-08-01T02:19:40Z [20ms] [Info] [omni.ext.plugin] [ext: omni.gpu_foundation.shadercache.d3d12-1.0.0] registered (path: c:/users/kskzz/miniconda3/envs/env_isaaclab/lib/site-packages/isaacsim/extscache/omni.gpu_foundation.shadercache.d3d12-1.0.0+69cbf6ad.wx64.r)
2026-08-01T02:19:40Z [20ms] [Info] [omni.ext.plugin] [ext: omni.datastore-0.0.0] registered (path: c:/users/kskzz/miniconda3/envs/env_isaaclab/lib/site-packages/isaacsim/extscache/omni.datastore-0.0.0+69cbf6ad.wx64.r)
2026-08-01T02:19:40Z [20ms] [Info] [omni.ext.plugin] [ext: omni.graph.action-1.130.0] registered (path: c:/users/kskzz/miniconda3/envs/env_isaaclab/lib/site-packages/isaacsim/extscache/omni.graph.action-1.130.0+107.3.0)
2026-08-01T02:19:40Z [20ms] [Info] [omni.ext.plugin] [ext: omni.graph.action_nodes-1.50.4] registered (path: c:/users/kskzz/miniconda3/envs/env_isaaclab/lib/site-packages/isaacsim/extscache/omni.graph.action_nodes-1.50.4+107.3.0.wx64.r.cp311.u353)
2026-08-01T02:19:40Z [20ms] [Info] [omni.ext.plugin] [ext: omni.graph.action_core-1.1.7] registered (path: c:/users/kskzz/miniconda3/envs/env_isaaclab/lib/site-packages/isaacsim/extscache/omni.graph.action_core-1.1.7+69cbf6ad.wx64.r.cp311)
2026-08-01T02:19:40Z [20ms] [Info] [omni.ext.plugin] [ext: omni.graph.bundle.action-2.30.0] registered (path: c:/users/kskzz/miniconda3/envs/env_isaaclab/lib/site-packages/isaacsim/extscache/omni.graph.bundle.action-2.30.0+107.3.0)
2026-08-01T02:19:40Z [20ms] [Info] [omni.ext.plugin] [ext: omni.graph.action_nodes_core-1.2.0] registered (path: c:/users/kskzz/miniconda3/envs/env_isaaclab/lib/site-packages/isaacsim/extscache/omni.graph.action_nodes_core-1.2.0+107.3.0.wx64.r.cp311.u353)
2026-08-01T02:19:40Z [20ms] [Info] [omni.ext.plugin] [ext: omni.flowusd-107.1.8] registered (path: c:/users/kskzz/miniconda3/envs/env_isaaclab/lib/site-packages/isaacsim/extscache/omni.flowusd-107.1.8+107.1.0.wx64.r.cp311.u353)
2026-08-01T02:19:40Z [20ms] [Info] [omni.ext.plugin] [ext: omni.curve.creator-107.0.1] registered (path: c:/users/kskzz/miniconda3/envs/env_isaaclab/lib/site-packages/isaacsim/extscache/omni.curve.creator-107.0.1+107.0.3.wx64.r.cp311.u353)
2026-08-01T02:19:40Z [20ms] [Info] [omni.ext.plugin] [ext: omni.gpu_foundation-0.0.0] registered (path: c:/users/kskzz/miniconda3/envs/env_isaaclab/lib/site-packages/isaacsim/extscache/omni.gpu_foundation-0.0.0+69cbf6ad.wx64.r.cp311)
2026-08-01T02:19:40Z [20ms] [Info] [omni.ext.plugin] [ext: omni.graph.exec-0.9.6] registered (path: c:/users/kskzz/miniconda3/envs/env_isaaclab/lib/site-packages/isaacsim/extscache/omni.graph.exec-0.9.6+69cbf6ad.wx64.r)
2026-08-01T02:19:40Z [20ms] [Info] [omni.ext.plugin] [ext: omni.curve.manipulator-107.0.4] registered (path: c:/users/kskzz/miniconda3/envs/env_isaaclab/lib/site-packages/isaacsim/extscache/omni.curve.manipulator-107.0.4+107.0.3.wx64.r.cp311.u353)
2026-08-01T02:19:40Z [21ms] [Info] [omni.ext.plugin] [ext: omni.app.viewport-1.0.0] registered (path: c:/users/kskzz/miniconda3/envs/env_isaaclab/lib/site-packages/isaacsim/kit/apps/omni.app.viewport.kit)
2026-08-01T02:19:40Z [21ms] [Info] [omni.ext.plugin] [ext: omni.graph.tools-1.79.2] registered (path: c:/users/kskzz/miniconda3/envs/env_isaaclab/lib/site-packages/isaacsim/extscache/omni.graph.tools-1.79.2+69cbf6ad)
2026-08-01T02:19:40Z [21ms] [Info] [omni.ext.plugin] [ext: omni.graph.core-2.184.5] registered (path: c:/users/kskzz/miniconda3/envs/env_isaaclab/lib/site-packages/isaacsim/extscache/omni.graph.core-2.184.5+69cbf6ad.wx64.r)
2026-08-01T02:19:40Z [21ms] [Info] [omni.ext.plugin] [ext: omni.graph.io-1.30.1] registered (path: c:/users/kskzz/miniconda3/envs/env_isaaclab/lib/site-packages/isaacsim/extscache/omni.graph.io-1.30.1+107.3.0)
2026-08-01T02:19:40Z [21ms] [Info] [omni.ext.plugin] [ext: omni.graph.image.core-0.6.1] registered (path: c:/users/kskzz/miniconda3/envs/env_isaaclab/lib/site-packages/isaacsim/extscache/omni.graph.image.core-0.6.1+69cbf6ad.wx64.r)
2026-08-01T02:19:40Z [21ms] [Info] [omni.ext.plugin] [ext: omni.graph.examples.cpp-1.50.2] registered (path: c:/users/kskzz/miniconda3/envs/env_isaaclab/lib/site-packages/isaacsim/extscache/omni.graph.examples.cpp-1.50.2+107.3.0.wx64.r.cp311.u353)
2026-08-01T02:19:40Z [21ms] [Info] [omni.ext.plugin] [ext: omni.graph.ui-1.101.6] registered (path: c:/users/kskzz/miniconda3/envs/env_isaaclab/lib/site-packages/isaacsim/extscache/omni.graph.ui-1.101.6+107.3.0.wx64.r.cp311)
2026-08-01T02:19:40Z [21ms] [Info] [omni.ext.plugin] [ext: omni.graph.telemetry-2.40.2] registered (path: c:/users/kskzz/miniconda3/envs/env_isaaclab/lib/site-packages/isaacsim/extscache/omni.graph.telemetry-2.40.2+107.3.0.wx64.r.cp311.u353)
2026-08-01T02:19:40Z [21ms] [Info] [omni.ext.plugin] [ext: omni.graph.scriptnode-1.50.0] registered (path: c:/users/kskzz/miniconda3/envs/env_isaaclab/lib/site-packages/isaacsim/extscache/omni.graph.scriptnode-1.50.0+107.3.0)
2026-08-01T02:19:40Z [21ms] [Info] [omni.ext.plugin] [ext: omni.graph.nodes_core-1.1.0] registered (path: c:/users/kskzz/miniconda3/envs/env_isaaclab/lib/site-packages/isaacsim/extscache/omni.graph.nodes_core-1.1.0+107.3.0.wx64.r.cp311.u353)
2026-08-01T02:19:40Z [21ms] [Info] [omni.ext.plugin] [ext: omni.graph.nodes-1.170.10] registered (path: c:/users/kskzz/miniconda3/envs/env_isaaclab/lib/site-packages/isaacsim/extscache/omni.graph.nodes-1.170.10+107.3.0.wx64.r.cp311.u353)
2026-08-01T02:19:40Z [21ms] [Info] [omni.ext.plugin] [ext: omni.graph.ui_nodes-1.50.5] registered (path: c:/users/kskzz/miniconda3/envs/env_isaaclab/lib/site-packages/isaacsim/extscache/omni.graph.ui_nodes-1.50.5+107.3.0.wx64.r.cp311.u353)
2026-08-01T02:19:40Z [21ms] [Info] [omni.ext.plugin] [ext: omni.graph.window.action-1.50.2] registered (path: c:/users/kskzz/miniconda3/envs/env_isaaclab/lib/site-packages/isaacsim/extscache/omni.graph.window.action-1.50.2+107.3.0)
2026-08-01T02:19:40Z [21ms] [Info] [omni.ext.plugin] [ext: omni.graph.visualization.nodes-2.1.3] registered (path: c:/users/kskzz/miniconda3/envs/env_isaaclab/lib/site-packages/isaacsim/extscache/omni.graph.visualization.nodes-2.1.3)
2026-08-01T02:19:40Z [21ms] [Info] [omni.ext.plugin] [ext: omni.graph.image.nodes-1.3.1] registered (path: c:/users/kskzz/miniconda3/envs/env_isaaclab/lib/site-packages/isaacsim/extscache/omni.graph.image.nodes-1.3.1+69cbf6ad.wx64.r)
2026-08-01T02:19:40Z [21ms] [Info] [omni.ext.plugin] [ext: omni.hsscclient-1.1.2] registered (path: c:/users/kskzz/miniconda3/envs/env_isaaclab/lib/site-packages/isaacsim/extscache/omni.hsscclient-1.1.2+69cbf6ad.wx64.r.cp311)
2026-08-01T02:19:40Z [21ms] [Info] [omni.ext.plugin] [ext: omni.graph.window.generic-1.50.2] registered (path: c:/users/kskzz/miniconda3/envs/env_isaaclab/lib/site-packages/isaacsim/extscache/omni.graph.window.generic-1.50.2+107.3.0)
2026-08-01T02:19:40Z [21ms] [Info] [omni.ext.plugin] [ext: omni.graph.window.core-2.0.0] registered (path: c:/users/kskzz/miniconda3/envs/env_isaaclab/lib/site-packages/isaacsim/extscache/omni.graph.window.core-2.0.0+107.3.0)
2026-08-01T02:19:40Z [21ms] [Info] [omni.ext.plugin] [ext: omni.hydra.iray.shadercache.vulkan-1.0.0] registered (path: c:/users/kskzz/miniconda3/envs/env_isaaclab/lib/site-packages/isaacsim/extscache/omni.hydra.iray.shadercache.vulkan-1.0.0+69cbf6ad.wx64.r)
2026-08-01T02:19:40Z [22ms] [Info] [omni.ext.plugin] [ext: omni.hydra.engine.stats-1.0.3] registered (path: c:/users/kskzz/miniconda3/envs/env_isaaclab/lib/site-packages/isaacsim/extscache/omni.hydra.engine.stats-1.0.3+69cbf6ad.wx64.r.cp311)
2026-08-01T02:19:40Z [22ms] [Info] [omni.ext.plugin] [ext: omni.hydra.rtx.shadercache.d3d12-1.0.0] registered (path: c:/users/kskzz/miniconda3/envs/env_isaaclab/lib/site-packages/isaacsim/extscache/omni.hydra.rtx.shadercache.d3d12-1.0.0+69cbf6ad.wx64.r)
2026-08-01T02:19:40Z [22ms] [Info] [omni.ext.plugin] [ext: omni.app.mini-0.1.1] registered (path: c:/users/kskzz/miniconda3/envs/env_isaaclab/lib/site-packages/isaacsim/kit/apps/omni.app.mini.kit)
2026-08-01T02:19:40Z [22ms] [Info] [omni.ext.plugin] [ext: omni.hydra.scene_api-0.1.2] registered (path: c:/users/kskzz/miniconda3/envs/env_isaaclab/lib/site-packages/isaacsim/extscache/omni.hydra.scene_api-0.1.2+69cbf6ad.wx64.r.cp311)
2026-08-01T02:19:40Z [22ms] [Info] [omni.ext.plugin] [ext: omni.hydra.scene_delegate-0.3.4] registered (path: c:/users/kskzz/miniconda3/envs/env_isaaclab/lib/site-packages/isaacsim/extscache/omni.hydra.scene_delegate-0.3.4+69cbf6ad.wx64.r)
2026-08-01T02:19:40Z [22ms] [Info] [omni.ext.plugin] [ext: omni.hydra.usdrt_delegate-7.5.1] registered (path: c:/users/kskzz/miniconda3/envs/env_isaaclab/lib/site-packages/isaacsim/extscache/omni.hydra.usdrt_delegate-7.5.1+69cbf6ad.wx64.r.cp311)
2026-08-01T02:19:40Z [22ms] [Info] [omni.ext.plugin] [ext: omni.hydra.rtx.shadercache.vulkan-1.0.0] registered (path: c:/users/kskzz/miniconda3/envs/env_isaaclab/lib/site-packages/isaacsim/extscache/omni.hydra.rtx.shadercache.vulkan-1.0.0+69cbf6ad.wx64.r)
2026-08-01T02:19:40Z [22ms] [Info] [omni.ext.plugin] [ext: omni.hydra.rtx-1.0.0] registered (path: c:/users/kskzz/miniconda3/envs/env_isaaclab/lib/site-packages/isaacsim/extscache/omni.hydra.rtx-1.0.0+69cbf6ad.wx64.r)
2026-08-01T02:19:40Z [22ms] [Info] [omni.ext.plugin] [ext: omni.index.libs-380600.8087.0] registered (path: c:/users/kskzz/miniconda3/envs/env_isaaclab/lib/site-packages/isaacsim/extscache/omni.index.libs-380600.8087.0+69cbf6ad.wx64.r)
2026-08-01T02:19:40Z [22ms] [Info] [omni.ext.plugin] [ext: omni.index-1.0.1] registered (path: c:/users/kskzz/miniconda3/envs/env_isaaclab/lib/site-packages/isaacsim/extscache/omni.index-1.0.1+69cbf6ad.wx64.r)
2026-08-01T02:19:40Z [22ms] [Info] [omni.ext.plugin] [ext: omni.importer.onshape-1.0.1] registered (path: c:/users/kskzz/miniconda3/envs/env_isaaclab/lib/site-packages/isaacsim/extscache/omni.importer.onshape-1.0.1+107.3.0)
2026-08-01T02:19:40Z [22ms] [Info] [omni.ext.plugin] [ext: omni.inspect-1.0.2] registered (path: c:/users/kskzz/miniconda3/envs/env_isaaclab/lib/site-packages/isaacsim/extscache/omni.inspect-1.0.2+69cbf6ad.wx64.r.cp311)
2026-08-01T02:19:40Z [22ms] [Info] [omni.ext.plugin] [ext: omni.kit.actions.window-1.1.3] registered (path: c:/users/kskzz/miniconda3/envs/env_isaaclab/lib/site-packages/isaacsim/extscache/omni.kit.actions.window-1.1.3+69cbf6ad)
2026-08-01T02:19:40Z [22ms] [Info] [omni.ext.plugin] [ext: omni.iray.libs-0.0.0] registered (path: c:/users/kskzz/miniconda3/envs/env_isaaclab/lib/site-packages/isaacsim/extscache/omni.iray.libs-0.0.0+69cbf6ad.wx64.r)
2026-08-01T02:19:40Z [22ms] [Info] [omni.ext.plugin] [ext: omni.kit.audiodeviceenum-1.0.2] registered (path: c:/users/kskzz/miniconda3/envs/env_isaaclab/lib/site-packages/isaacsim/extscache/omni.kit.audiodeviceenum-1.0.2+69cbf6ad.wx64.r.cp311)
2026-08-01T02:19:40Z [22ms] [Info] [omni.ext.plugin] [ext: omni.kit.asset_converter-5.0.17] registered (path: c:/users/kskzz/miniconda3/envs/env_isaaclab/lib/site-packages/isaacsim/extscache/omni.kit.asset_converter-5.0.17+107.3.1.wx64.r.cp311.u353)
2026-08-01T02:19:40Z [22ms] [Info] [omni.ext.plugin] [ext: omni.kit.browser.core-2.3.13] registered (path: c:/users/kskzz/miniconda3/envs/env_isaaclab/lib/site-packages/isaacsim/extscache/omni.kit.browser.core-2.3.13)
2026-08-01T02:19:40Z [22ms] [Info] [omni.ext.plugin] [ext: omni.kit.browser.folder.core-1.10.9] registered (path: c:/users/kskzz/miniconda3/envs/env_isaaclab/lib/site-packages/isaacsim/extscache/omni.kit.browser.folder.core-1.10.9)
2026-08-01T02:19:40Z [22ms] [Info] [omni.ext.plugin] [ext: omni.kit.browser.asset-1.3.12] registered (path: c:/users/kskzz/miniconda3/envs/env_isaaclab/lib/site-packages/isaacsim/extscache/omni.kit.browser.asset-1.3.12)
2026-08-01T02:19:40Z [22ms] [Info] [omni.ext.plugin] [ext: omni.kit.actions.core-1.0.0] registered (path: c:/users/kskzz/miniconda3/envs/env_isaaclab/lib/site-packages/isaacsim/extscache/omni.kit.actions.core-1.0.0+69cbf6ad.wx64.r.cp311)
2026-08-01T02:19:40Z [23ms] [Info] [omni.ext.plugin] [ext: omni.kit.browser.sample-1.4.9] registered (path: c:/users/kskzz/miniconda3/envs/env_isaaclab/lib/site-packages/isaacsim/extscache/omni.kit.browser.sample-1.4.9)
2026-08-01T02:19:40Z [23ms] [Info] [omni.ext.plugin] [ext: omni.kit.collaboration.channel_manager-1.0.14] registered (path: c:/users/kskzz/miniconda3/envs/env_isaaclab/lib/site-packages/isaacsim/extscache/omni.kit.collaboration.channel_manager-1.0.14+69cbf6ad)
2026-08-01T02:19:40Z [23ms] [Info] [omni.ext.plugin] [ext: omni.kit.clipboard-1.0.5] registered (path: c:/users/kskzz/miniconda3/envs/env_isaaclab/lib/site-packages/isaacsim/extscache/omni.kit.clipboard-1.0.5+69cbf6ad.wx64.r.cp311)
2026-08-01T02:19:40Z [23ms] [Info] [omni.ext.plugin] [ext: omni.app.hydra-1.0.0] registered (path: c:/users/kskzz/miniconda3/envs/env_isaaclab/lib/site-packages/isaacsim/kit/apps/omni.app.hydra.kit)
2026-08-01T02:19:40Z [23ms] [Info] [omni.ext.plugin] [ext: omni.kit.collaboration.telemetry-1.1.0] registered (path: c:/users/kskzz/miniconda3/envs/env_isaaclab/lib/site-packages/isaacsim/extscache/omni.kit.collaboration.telemetry-1.1.0+69cbf6ad.wx64.r.cp311)
2026-08-01T02:19:40Z [23ms] [Info] [omni.ext.plugin] [ext: omni.kit.collaboration.presence_layer-1.1.2] registered (path: c:/users/kskzz/miniconda3/envs/env_isaaclab/lib/site-packages/isaacsim/extscache/omni.kit.collaboration.presence_layer-1.1.2+69cbf6ad)
2026-08-01T02:19:40Z [23ms] [Info] [omni.ext.plugin] [ext: omni.kit.capture.viewport-1.7.5] registered (path: c:/users/kskzz/miniconda3/envs/env_isaaclab/lib/site-packages/isaacsim/extscache/omni.kit.capture.viewport-1.7.5+69cbf6ad)
2026-08-01T02:19:40Z [23ms] [Info] [omni.ext.plugin] [ext: omni.kit.context_menu-1.8.6] registered (path: c:/users/kskzz/miniconda3/envs/env_isaaclab/lib/site-packages/isaacsim/extscache/omni.kit.context_menu-1.8.6+69cbf6ad)
2026-08-01T02:19:40Z [23ms] [Info] [omni.ext.plugin] [ext: omni.kit.converter.cad-205.0.0] registered (path: c:/users/kskzz/miniconda3/envs/env_isaaclab/lib/site-packages/isaacsim/extscache/omni.kit.converter.cad-205.0.0+107.3.1.u353)
2026-08-01T02:19:40Z [23ms] [Info] [omni.ext.plugin] [ext: omni.kit.commands-1.4.10] registered (path: c:/users/kskzz/miniconda3/envs/env_isaaclab/lib/site-packages/isaacsim/extscache/omni.kit.commands-1.4.10+69cbf6ad.wx64.r.cp311)
2026-08-01T02:19:40Z [23ms] [Info] [omni.ext.plugin] [ext: omni.kit.converter.jt-508.1.0] registered (path: c:/users/kskzz/miniconda3/envs/env_isaaclab/lib/site-packages/isaacsim/extscache/omni.kit.converter.jt-508.1.0+107.3.1.u353)
2026-08-01T02:19:40Z [23ms] [Info] [omni.ext.plugin] [ext: omni.kit.core.collection-0.2.3] registered (path: c:/users/kskzz/miniconda3/envs/env_isaaclab/lib/site-packages/isaacsim/extscache/omni.kit.core.collection-0.2.3)
2026-08-01T02:19:40Z [23ms] [Info] [omni.ext.plugin] [ext: omni.kit.converter.dgn-509.1.0] registered (path: c:/users/kskzz/miniconda3/envs/env_isaaclab/lib/site-packages/isaacsim/extscache/omni.kit.converter.dgn-509.1.0+107.3.1.u353)
2026-08-01T02:19:40Z [23ms] [Info] [omni.ext.plugin] [ext: omni.kit.converter.hoops-509.1.0] registered (path: c:/users/kskzz/miniconda3/envs/env_isaaclab/lib/site-packages/isaacsim/extscache/omni.kit.converter.hoops-509.1.0+107.3.1.u353)
2026-08-01T02:19:40Z [23ms] [Info] [omni.ext.plugin] [ext: omni.kit.converter.common-507.1.2] registered (path: c:/users/kskzz/miniconda3/envs/env_isaaclab/lib/site-packages/isaacsim/extscache/omni.kit.converter.common-507.1.2+107.3.1.u353)
2026-08-01T02:19:40Z [24ms] [Info] [omni.ext.plugin] [ext: omni.kit.converter.hoops_core-509.1.0] registered (path: c:/users/kskzz/miniconda3/envs/env_isaaclab/lib/site-packages/isaacsim/extscache/omni.kit.converter.hoops_core-509.1.0+107.3.1.wx64.r.cp311.u353)
2026-08-01T02:19:40Z [24ms] [Info] [omni.ext.plugin] [ext: omni.kit.converter.dgn_core-510.1.0] registered (path: c:/users/kskzz/miniconda3/envs/env_isaaclab/lib/site-packages/isaacsim/extscache/omni.kit.converter.dgn_core-510.1.0+107.3.1.wx64.r.cp311.u353)
2026-08-01T02:19:40Z [24ms] [Info] [omni.ext.plugin] [ext: omni.kit.debug.python-1.0.1] registered (path: c:/users/kskzz/miniconda3/envs/env_isaaclab/lib/site-packages/isaacsim/extscache/omni.kit.debug.python-1.0.1+69cbf6ad.wx64.r.cp311)
2026-08-01T02:19:40Z [24ms] [Info] [omni.ext.plugin] [ext: omni.app.full-1.0.1] registered (path: c:/users/kskzz/miniconda3/envs/env_isaaclab/lib/site-packages/isaacsim/kit/apps/omni.app.full.kit)
2026-08-01T02:19:40Z [24ms] [Info] [omni.ext.plugin] [ext: omni.kit.exec.core-0.13.4] registered (path: c:/users/kskzz/miniconda3/envs/env_isaaclab/lib/site-packages/isaacsim/extscache/omni.kit.exec.core-0.13.4+69cbf6ad.wx64.r.cp311)
2026-08-01T02:19:40Z [24ms] [Info] [omni.ext.plugin] [ext: omni.kit.graph.editor.core-1.5.3] registered (path: c:/users/kskzz/miniconda3/envs/env_isaaclab/lib/site-packages/isaacsim/extscache/omni.kit.graph.editor.core-1.5.3)
2026-08-01T02:19:40Z [24ms] [Info] [omni.ext.plugin] [ext: omni.kit.converter.jt_core-508.1.0] registered (path: c:/users/kskzz/miniconda3/envs/env_isaaclab/lib/site-packages/isaacsim/extscache/omni.kit.converter.jt_core-508.1.0+107.3.1.wx64.r.cp311.u353)
2026-08-01T02:19:40Z [24ms] [Info] [omni.ext.plugin] [ext: omni.kit.graph.delegate.modern-1.10.9] registered (path: c:/users/kskzz/miniconda3/envs/env_isaaclab/lib/site-packages/isaacsim/extscache/omni.kit.graph.delegate.modern-1.10.9)
2026-08-01T02:19:40Z [24ms] [Info] [omni.ext.plugin] [ext: omni.kit.gfn-107.0.4] registered (path: c:/users/kskzz/miniconda3/envs/env_isaaclab/lib/site-packages/isaacsim/extscache/omni.kit.gfn-107.0.4+107.0.3.wx64.r.cp311)
2026-08-01T02:19:40Z [24ms] [Info] [omni.ext.plugin] [ext: omni.kit.helper.file_utils-0.1.9] registered (path: c:/users/kskzz/miniconda3/envs/env_isaaclab/lib/site-packages/isaacsim/extscache/omni.kit.helper.file_utils-0.1.9+69cbf6ad)
2026-08-01T02:19:40Z [24ms] [Info] [omni.ext.plugin] [ext: omni.kit.graph.widget.variables-2.1.0] registered (path: c:/users/kskzz/miniconda3/envs/env_isaaclab/lib/site-packages/isaacsim/extscache/omni.kit.graph.widget.variables-2.1.0)
2026-08-01T02:19:40Z [24ms] [Info] [omni.ext.plugin] [ext: omni.kit.graph.usd.commands-1.3.1] registered (path: c:/users/kskzz/miniconda3/envs/env_isaaclab/lib/site-packages/isaacsim/extscache/omni.kit.graph.usd.commands-1.3.1)
2026-08-01T02:19:40Z [24ms] [Info] [omni.ext.plugin] [ext: omni.kit.graph.delegate.default-1.2.3] registered (path: c:/users/kskzz/miniconda3/envs/env_isaaclab/lib/site-packages/isaacsim/extscache/omni.kit.graph.delegate.default-1.2.3)
2026-08-01T02:19:40Z [24ms] [Info] [omni.ext.plugin] [ext: omni.kit.hotkeys.window-1.4.9] registered (path: c:/users/kskzz/miniconda3/envs/env_isaaclab/lib/site-packages/isaacsim/extscache/omni.kit.hotkeys.window-1.4.9+69cbf6ad)
2026-08-01T02:19:40Z [24ms] [Info] [omni.ext.plugin] [ext: omni.kit.debug.vscode-0.1.6] registered (path: c:/users/kskzz/miniconda3/envs/env_isaaclab/lib/site-packages/isaacsim/extscache/omni.kit.debug.vscode-0.1.6+69cbf6ad)
2026-08-01T02:19:40Z [24ms] [Info] [omni.ext.plugin] [ext: omni.kit.data2ui.usd-1.1.2] registered (path: c:/users/kskzz/miniconda3/envs/env_isaaclab/lib/site-packages/isaacsim/extscache/omni.kit.data2ui.usd-1.1.2+107.0)
2026-08-01T02:19:40Z [24ms] [Info] [omni.ext.plugin] [ext: omni.kit.livestream.messaging-1.1.1] registered (path: c:/users/kskzz/miniconda3/envs/env_isaaclab/lib/site-packages/isaacsim/extscache/omni.kit.livestream.messaging-1.1.1)
2026-08-01T02:19:40Z [24ms] [Info] [omni.ext.plugin] [ext: omni.kit.livestream.core-7.5.0] registered (path: c:/users/kskzz/miniconda3/envs/env_isaaclab/lib/site-packages/isaacsim/extscache/omni.kit.livestream.core-7.5.0+107.0.3.wx64.r.cp311.u353)
2026-08-01T02:19:40Z [24ms] [Info] [omni.ext.plugin] [ext: omni.app.empty-0.1.0] registered (path: c:/users/kskzz/miniconda3/envs/env_isaaclab/lib/site-packages/isaacsim/kit/apps/omni.app.empty.kit)
2026-08-01T02:19:40Z [24ms] [Info] [omni.ext.plugin] [ext: omni.kit.environment.core-1.3.24] registered (path: c:/users/kskzz/miniconda3/envs/env_isaaclab/lib/site-packages/isaacsim/extscache/omni.kit.environment.core-1.3.24)
2026-08-01T02:19:40Z [24ms] [Info] [omni.ext.plugin] [ext: omni.kit.hotkeys.core-1.3.10] registered (path: c:/users/kskzz/miniconda3/envs/env_isaaclab/lib/site-packages/isaacsim/extscache/omni.kit.hotkeys.core-1.3.10+69cbf6ad)
2026-08-01T02:19:40Z [24ms] [Info] [omni.ext.plugin] [ext: omni.kit.data2ui.core-1.1.2] registered (path: c:/users/kskzz/miniconda3/envs/env_isaaclab/lib/site-packages/isaacsim/extscache/omni.kit.data2ui.core-1.1.2+107.0)
2026-08-01T02:19:40Z [24ms] [Info] [omni.ext.plugin] [ext: omni.kit.mainwindow-1.0.3] registered (path: c:/users/kskzz/miniconda3/envs/env_isaaclab/lib/site-packages/isaacsim/extscache/omni.kit.mainwindow-1.0.3+69cbf6ad)
2026-08-01T02:19:40Z [25ms] [Info] [omni.ext.plugin] [ext: omni.kit.livestream.webrtc-7.0.0] registered (path: c:/users/kskzz/miniconda3/envs/env_isaaclab/lib/site-packages/isaacsim/extscache/omni.kit.livestream.webrtc-7.0.0+107.1.0.wx64.r.cp311)
2026-08-01T02:19:40Z [25ms] [Info] [omni.ext.plugin] [ext: omni.kit.manipulator.prim-107.0.0] registered (path: c:/users/kskzz/miniconda3/envs/env_isaaclab/lib/site-packages/isaacsim/extscache/omni.kit.manipulator.prim-107.0.0+69cbf6ad)
2026-08-01T02:19:40Z [25ms] [Info] [omni.ext.plugin] [ext: omni.kit.manipulator.selector-1.1.3] registered (path: c:/users/kskzz/miniconda3/envs/env_isaaclab/lib/site-packages/isaacsim/extscache/omni.kit.manipulator.selector-1.1.3+69cbf6ad)
2026-08-01T02:19:40Z [25ms] [Info] [omni.ext.plugin] [ext: omni.kit.manipulator.prim.usd-107.0.3] registered (path: c:/users/kskzz/miniconda3/envs/env_isaaclab/lib/site-packages/isaacsim/extscache/omni.kit.manipulator.prim.usd-107.0.3+69cbf6ad)
2026-08-01T02:19:40Z [25ms] [Info] [omni.ext.plugin] [ext: omni.kit.manipulator.tool.snap-1.5.13] registered (path: c:/users/kskzz/miniconda3/envs/env_isaaclab/lib/site-packages/isaacsim/extscache/omni.kit.manipulator.tool.snap-1.5.13+69cbf6ad)
2026-08-01T02:19:40Z [25ms] [Info] [omni.ext.plugin] [ext: omni.kit.hydra_texture-1.4.6] registered (path: c:/users/kskzz/miniconda3/envs/env_isaaclab/lib/site-packages/isaacsim/extscache/omni.kit.hydra_texture-1.4.6+69cbf6ad.wx64.r.cp311)
2026-08-01T02:19:40Z [25ms] [Info] [omni.ext.plugin] [ext: omni.kit.manipulator.viewport-107.0.1] registered (path: c:/users/kskzz/miniconda3/envs/env_isaaclab/lib/site-packages/isaacsim/extscache/omni.kit.manipulator.viewport-107.0.1+69cbf6ad)
2026-08-01T02:19:40Z [25ms] [Info] [omni.ext.plugin] [ext: omni.kit.material.library-2.0.7] registered (path: c:/users/kskzz/miniconda3/envs/env_isaaclab/lib/site-packages/isaacsim/extscache/omni.kit.material.library-2.0.7+69cbf6ad)
2026-08-01T02:19:40Z [25ms] [Info] [omni.ext.plugin] [ext: omni.kit.manipulator.transform-107.0.0] registered (path: c:/users/kskzz/miniconda3/envs/env_isaaclab/lib/site-packages/isaacsim/extscache/omni.kit.manipulator.transform-107.0.0+69cbf6ad)
2026-08-01T02:19:40Z [25ms] [Info] [omni.ext.plugin] [ext: omni.kit.manipulator.prim.fabric-107.0.4] registered (path: c:/users/kskzz/miniconda3/envs/env_isaaclab/lib/site-packages/isaacsim/extscache/omni.kit.manipulator.prim.fabric-107.0.4+69cbf6ad)
2026-08-01T02:19:40Z [25ms] [Info] [omni.ext.plugin] [ext: omni.kit.menu.core-1.1.2] registered (path: c:/users/kskzz/miniconda3/envs/env_isaaclab/lib/site-packages/isaacsim/extscache/omni.kit.menu.core-1.1.2+69cbf6ad)
2026-08-01T02:19:40Z [26ms] [Info] [omni.ext.plugin] [ext: omni.kit.browser.material-1.6.2] registered (path: c:/users/kskzz/miniconda3/envs/env_isaaclab/lib/site-packages/isaacsim/extscache/omni.kit.browser.material-1.6.2)
2026-08-01T02:19:40Z [26ms] [Info] [omni.ext.plugin] [ext: omni.kit.manipulator.selection-106.0.1] registered (path: c:/users/kskzz/miniconda3/envs/env_isaaclab/lib/site-packages/isaacsim/extscache/omni.kit.manipulator.selection-106.0.1+69cbf6ad)
2026-08-01T02:19:40Z [26ms] [Info] [omni.ext.plugin] [ext: omni.kit.menu.common-2.0.1] registered (path: c:/users/kskzz/miniconda3/envs/env_isaaclab/lib/site-packages/isaacsim/extscache/omni.kit.menu.common-2.0.1+69cbf6ad)
2026-08-01T02:19:40Z [26ms] [Info] [omni.ext.plugin] [ext: omni.kit.menu.stage-1.2.7] registered (path: c:/users/kskzz/miniconda3/envs/env_isaaclab/lib/site-packages/isaacsim/extscache/omni.kit.menu.stage-1.2.7)
2026-08-01T02:19:40Z [26ms] [Info] [omni.ext.plugin] [ext: omni.kit.manipulator.prim.core-107.0.8] registered (path: c:/users/kskzz/miniconda3/envs/env_isaaclab/lib/site-packages/isaacsim/extscache/omni.kit.manipulator.prim.core-107.0.8+69cbf6ad)
2026-08-01T02:19:40Z [26ms] [Info] [omni.ext.plugin] [ext: omni.kit.manipulator.camera-106.0.4] registered (path: c:/users/kskzz/miniconda3/envs/env_isaaclab/lib/site-packages/isaacsim/extscache/omni.kit.manipulator.camera-106.0.4+69cbf6ad)
2026-08-01T02:19:40Z [26ms] [Info] [omni.ext.plugin] [ext: omni.kit.ngsearch-0.3.3] registered (path: c:/users/kskzz/miniconda3/envs/env_isaaclab/lib/site-packages/isaacsim/extscache/omni.kit.ngsearch-0.3.3)
2026-08-01T02:19:40Z [26ms] [Info] [omni.ext.plugin] [ext: omni.kit.menu.create-2.0.1] registered (path: c:/users/kskzz/miniconda3/envs/env_isaaclab/lib/site-packages/isaacsim/extscache/omni.kit.menu.create-2.0.1+69cbf6ad)
2026-08-01T02:19:40Z [26ms] [Info] [omni.ext.plugin] [ext: omni.kit.pointclouds-1.5.14] registered (path: c:/users/kskzz/miniconda3/envs/env_isaaclab/lib/site-packages/isaacsim/extscache/omni.kit.pointclouds-1.5.14+cp311)
2026-08-01T02:19:40Z [26ms] [Info] [omni.ext.plugin] [ext: omni.kit.preferences.animation-1.2.0] registered (path: c:/users/kskzz/miniconda3/envs/env_isaaclab/lib/site-packages/isaacsim/extscache/omni.kit.preferences.animation-1.2.0+107.3.2.u353)
2026-08-01T02:19:40Z [26ms] [Info] [omni.ext.plugin] [ext: omni.kit.pipapi-0.0.0] registered (path: c:/users/kskzz/miniconda3/envs/env_isaaclab/lib/site-packages/isaacsim/extscache/omni.kit.pipapi-0.0.0+69cbf6ad)
2026-08-01T02:19:40Z [26ms] [Info] [omni.ext.plugin] [ext: omni.app.editor.base-1.0.0] registered (path: c:/users/kskzz/miniconda3/envs/env_isaaclab/lib/site-packages/isaacsim/kit/apps/omni.app.editor.base.kit)
2026-08-01T02:19:40Z [26ms] [Info] [omni.ext.plugin] [ext: omni.kit.primitive.mesh-1.0.17] registered (path: c:/users/kskzz/miniconda3/envs/env_isaaclab/lib/site-packages/isaacsim/extscache/omni.kit.primitive.mesh-1.0.17+69cbf6ad)
2026-08-01T02:19:40Z [26ms] [Info] [omni.ext.plugin] [ext: omni.kit.prim.icon-1.0.15] registered (path: c:/users/kskzz/miniconda3/envs/env_isaaclab/lib/site-packages/isaacsim/extscache/omni.kit.prim.icon-1.0.15)
2026-08-01T02:19:40Z [26ms] [Info] [omni.ext.plugin] [ext: omni.kit.property.adapter.fabric-1.0.3] registered (path: c:/users/kskzz/miniconda3/envs/env_isaaclab/lib/site-packages/isaacsim/extscache/omni.kit.property.adapter.fabric-1.0.3+69cbf6ad)
2026-08-01T02:19:40Z [26ms] [Info] [omni.ext.plugin] [ext: omni.kit.mesh.raycast-107.0.1] registered (path: c:/users/kskzz/miniconda3/envs/env_isaaclab/lib/site-packages/isaacsim/extscache/omni.kit.mesh.raycast-107.0.1+107.3.0.wx64.r.cp311.u353)
2026-08-01T02:19:40Z [26ms] [Info] [omni.ext.plugin] [ext: omni.kit.playlist.core-1.3.5] registered (path: c:/users/kskzz/miniconda3/envs/env_isaaclab/lib/site-packages/isaacsim/extscache/omni.kit.playlist.core-1.3.5)
2026-08-01T02:19:40Z [26ms] [Info] [omni.ext.plugin] [ext: omni.kit.menu.utils-2.0.5] registered (path: c:/users/kskzz/miniconda3/envs/env_isaaclab/lib/site-packages/isaacsim/extscache/omni.kit.menu.utils-2.0.5+69cbf6ad)
2026-08-01T02:19:40Z [26ms] [Info] [omni.ext.plugin] [ext: omni.kit.profiler.window-2.3.5] registered (path: c:/users/kskzz/miniconda3/envs/env_isaaclab/lib/site-packages/isaacsim/extscache/omni.kit.profiler.window-2.3.5)
2026-08-01T02:19:40Z [26ms] [Info] [omni.ext.plugin] [ext: omni.kit.property.adapter.core-1.0.2] registered (path: c:/users/kskzz/miniconda3/envs/env_isaaclab/lib/site-packages/isaacsim/extscache/omni.kit.property.adapter.core-1.0.2+69cbf6ad)
2026-08-01T02:19:40Z [26ms] [Info] [omni.ext.plugin] [ext: omni.kit.profiler.tracy-1.2.0] registered (path: c:/users/kskzz/miniconda3/envs/env_isaaclab/lib/site-packages/isaacsim/extscache/omni.kit.profiler.tracy-1.2.0+wx64)
2026-08-01T02:19:40Z [26ms] [Info] [omni.ext.plugin] [ext: omni.kit.notification_manager-1.0.10] registered (path: c:/users/kskzz/miniconda3/envs/env_isaaclab/lib/site-packages/isaacsim/extscache/omni.kit.notification_manager-1.0.10+69cbf6ad)
2026-08-01T02:19:40Z [26ms] [Info] [omni.ext.plugin] [ext: omni.kit.property.adapter.usd-1.0.2] registered (path: c:/users/kskzz/miniconda3/envs/env_isaaclab/lib/site-packages/isaacsim/extscache/omni.kit.property.adapter.usd-1.0.2+69cbf6ad)
2026-08-01T02:19:40Z [26ms] [Info] [omni.ext.plugin] [ext: omni.kit.numpy.common-0.1.3] registered (path: c:/users/kskzz/miniconda3/envs/env_isaaclab/lib/site-packages/isaacsim/extscache/omni.kit.numpy.common-0.1.3+69cbf6ad.wx64.r.cp311)
2026-08-01T02:19:40Z [27ms] [Info] [omni.ext.plugin] [ext: omni.kit.property.camera-1.0.10] registered (path: c:/users/kskzz/miniconda3/envs/env_isaaclab/lib/site-packages/isaacsim/extscache/omni.kit.property.camera-1.0.10+69cbf6ad)
2026-08-01T02:19:40Z [27ms] [Info] [omni.ext.plugin] [ext: omni.kit.property.audio-1.0.16] registered (path: c:/users/kskzz/miniconda3/envs/env_isaaclab/lib/site-packages/isaacsim/extscache/omni.kit.property.audio-1.0.16+69cbf6ad)
2026-08-01T02:19:40Z [27ms] [Info] [omni.ext.plugin] [ext: omni.kit.property.layer-1.1.9] registered (path: c:/users/kskzz/miniconda3/envs/env_isaaclab/lib/site-packages/isaacsim/extscache/omni.kit.property.layer-1.1.9+69cbf6ad)
2026-08-01T02:19:40Z [27ms] [Info] [omni.ext.plugin] [ext: omni.kit.property.light-1.0.12] registered (path: c:/users/kskzz/miniconda3/envs/env_isaaclab/lib/site-packages/isaacsim/extscache/omni.kit.property.light-1.0.12+69cbf6ad)
2026-08-01T02:19:40Z [27ms] [Info] [omni.ext.plugin] [ext: omni.kit.property.environment-1.2.2] registered (path: c:/users/kskzz/miniconda3/envs/env_isaaclab/lib/site-packages/isaacsim/extscache/omni.kit.property.environment-1.2.2)
2026-08-01T02:19:40Z [27ms] [Info] [omni.ext.plugin] [ext: omni.app.dev-1.0.0] registered (path: c:/users/kskzz/miniconda3/envs/env_isaaclab/lib/site-packages/isaacsim/kit/apps/omni.app.dev.kit)
2026-08-01T02:19:40Z [27ms] [Info] [omni.ext.plugin] [ext: omni.kit.property.bundle-1.4.1] registered (path: c:/users/kskzz/miniconda3/envs/env_isaaclab/lib/site-packages/isaacsim/extscache/omni.kit.property.bundle-1.4.1+69cbf6ad)
2026-08-01T02:19:40Z [27ms] [Info] [omni.ext.plugin] [ext: omni.kit.property.geometry-2.0.4] registered (path: c:/users/kskzz/miniconda3/envs/env_isaaclab/lib/site-packages/isaacsim/extscache/omni.kit.property.geometry-2.0.4+69cbf6ad)
2026-08-01T02:19:40Z [27ms] [Info] [omni.ext.plugin] [ext: omni.kit.property.physx-107.3.26] registered (path: c:/users/kskzz/miniconda3/envs/env_isaaclab/lib/site-packages/isaacsim/extscache/omni.kit.property.physx-107.3.26+107.3.3.cp311.u353)
2026-08-01T02:19:40Z [27ms] [Info] [omni.ext.plugin] [ext: omni.kit.property.render-1.2.1] registered (path: c:/users/kskzz/miniconda3/envs/env_isaaclab/lib/site-packages/isaacsim/extscache/omni.kit.property.render-1.2.1+69cbf6ad)
2026-08-01T02:19:40Z [27ms] [Info] [omni.ext.plugin] [ext: omni.kit.search_core-1.0.8] registered (path: c:/users/kskzz/miniconda3/envs/env_isaaclab/lib/site-packages/isaacsim/extscache/omni.kit.search_core-1.0.8+69cbf6ad)
2026-08-01T02:19:40Z [27ms] [Info] [omni.ext.plugin] [ext: omni.kit.raycast.query-1.1.0] registered (path: c:/users/kskzz/miniconda3/envs/env_isaaclab/lib/site-packages/isaacsim/extscache/omni.kit.raycast.query-1.1.0+69cbf6ad.wx64.r.cp311)
2026-08-01T02:19:40Z [27ms] [Info] [omni.ext.plugin] [ext: omni.kit.property.transform-1.5.13] registered (path: c:/users/kskzz/miniconda3/envs/env_isaaclab/lib/site-packages/isaacsim/extscache/omni.kit.property.transform-1.5.13+69cbf6ad)
2026-08-01T02:19:40Z [28ms] [Info] [omni.ext.plugin] [ext: omni.kit.search.files-1.0.4] registered (path: c:/users/kskzz/miniconda3/envs/env_isaaclab/lib/site-packages/isaacsim/extscache/omni.kit.search.files-1.0.4)
2026-08-01T02:19:40Z [28ms] [Info] [omni.ext.plugin] [ext: omni.kit.search.service-0.1.12] registered (path: c:/users/kskzz/miniconda3/envs/env_isaaclab/lib/site-packages/isaacsim/extscache/omni.kit.search.service-0.1.12)
2026-08-01T02:19:40Z [28ms] [Info] [omni.ext.plugin] [ext: omni.kit.renderer.init-0.0.0] registered (path: c:/users/kskzz/miniconda3/envs/env_isaaclab/lib/site-packages/isaacsim/extscache/omni.kit.renderer.init-0.0.0+69cbf6ad.wx64.r)
2026-08-01T02:19:40Z [28ms] [Info] [omni.ext.plugin] [ext: omni.kit.property.collection-0.2.3] registered (path: c:/users/kskzz/miniconda3/envs/env_isaaclab/lib/site-packages/isaacsim/extscache/omni.kit.property.collection-0.2.3)
2026-08-01T02:19:40Z [28ms] [Info] [omni.ext.plugin] [ext: omni.kit.scripting-107.3.2] registered (path: c:/users/kskzz/miniconda3/envs/env_isaaclab/lib/site-packages/isaacsim/extscache/omni.kit.scripting-107.3.2+107.3.2)
2026-08-01T02:19:40Z [28ms] [Info] [omni.ext.plugin] [ext: omni.kit.quicklayout-1.0.8] registered (path: c:/users/kskzz/miniconda3/envs/env_isaaclab/lib/site-packages/isaacsim/extscache/omni.kit.quicklayout-1.0.8+69cbf6ad)
2026-08-01T02:19:40Z [28ms] [Info] [omni.ext.plugin] [ext: omni.kit.property.material-1.11.9] registered (path: c:/users/kskzz/miniconda3/envs/env_isaaclab/lib/site-packages/isaacsim/extscache/omni.kit.property.material-1.11.9+69cbf6ad)
2026-08-01T02:19:40Z [28ms] [Info] [omni.ext.plugin] [ext: omni.kit.renderer.core-1.1.0] registered (path: c:/users/kskzz/miniconda3/envs/env_isaaclab/lib/site-packages/isaacsim/extscache/omni.kit.renderer.core-1.1.0+69cbf6ad.wx64.r.cp311)
2026-08-01T02:19:40Z [28ms] [Info] [omni.ext.plugin] [ext: omni.kit.renderer.imgui-2.0.5] registered (path: c:/users/kskzz/miniconda3/envs/env_isaaclab/lib/site-packages/isaacsim/extscache/omni.kit.renderer.imgui-2.0.5+69cbf6ad.wx64.r.cp311)
2026-08-01T02:19:40Z [28ms] [Info] [omni.ext.plugin] [ext: omni.kit.sequencer.usd-108.0.2] registered (path: c:/users/kskzz/miniconda3/envs/env_isaaclab/lib/site-packages/isaacsim/extscache/omni.kit.sequencer.usd-108.0.2+107.2.0.u353)
2026-08-01T02:19:40Z [28ms] [Info] [omni.ext.plugin] [ext: omni.kit.stage_column.variant-1.0.17] registered (path: c:/users/kskzz/miniconda3/envs/env_isaaclab/lib/site-packages/isaacsim/extscache/omni.kit.stage_column.variant-1.0.17+107.3.0)
2026-08-01T02:19:40Z [28ms] [Info] [omni.ext.plugin] [ext: omni.kit.selection-0.1.6] registered (path: c:/users/kskzz/miniconda3/envs/env_isaaclab/lib/site-packages/isaacsim/extscache/omni.kit.selection-0.1.6+69cbf6ad)
2026-08-01T02:19:40Z [28ms] [Info] [omni.ext.plugin] [ext: omni.kit.stage.copypaste-1.2.4] registered (path: c:/users/kskzz/miniconda3/envs/env_isaaclab/lib/site-packages/isaacsim/extscache/omni.kit.stage.copypaste-1.2.4+69cbf6ad)
2026-08-01T02:19:40Z [28ms] [Info] [omni.ext.plugin] [ext: omni.kit.renderer.capture-0.0.0] registered (path: c:/users/kskzz/miniconda3/envs/env_isaaclab/lib/site-packages/isaacsim/extscache/omni.kit.renderer.capture-0.0.0+69cbf6ad.wx64.r.cp311)
2026-08-01T02:19:40Z [28ms] [Info] [omni.ext.plugin] [ext: omni.kit.stage_templates-2.0.0] registered (path: c:/users/kskzz/miniconda3/envs/env_isaaclab/lib/site-packages/isaacsim/extscache/omni.kit.stage_templates-2.0.0+69cbf6ad)
2026-08-01T02:19:40Z [28ms] [Info] [omni.ext.plugin] [ext: omni.kit.registry.nucleus-0.0.0] registered (path: c:/users/kskzz/miniconda3/envs/env_isaaclab/lib/site-packages/isaacsim/kit/extscore/omni.kit.registry.nucleus)
2026-08-01T02:19:40Z [28ms] [Info] [omni.ext.plugin] [ext: omni.kit.stage_column.payload-2.0.3] registered (path: c:/users/kskzz/miniconda3/envs/env_isaaclab/lib/site-packages/isaacsim/extscache/omni.kit.stage_column.payload-2.0.3+107.3.0)
2026-08-01T02:19:40Z [28ms] [Info] [omni.ext.plugin] [ext: omni.kit.stage_template.core-1.1.22] registered (path: c:/users/kskzz/miniconda3/envs/env_isaaclab/lib/site-packages/isaacsim/extscache/omni.kit.stage_template.core-1.1.22+69cbf6ad)
2026-08-01T02:19:40Z [28ms] [Info] [omni.ext.plugin] [ext: omni.kit.streamsdk.plugins-7.6.3] registered (path: c:/users/kskzz/miniconda3/envs/env_isaaclab/lib/site-packages/isaacsim/extscache/omni.kit.streamsdk.plugins-7.6.3+107.0.3.wx64.r)
2026-08-01T02:19:40Z [28ms] [Info] [omni.ext.plugin] [ext: omni.kit.stagerecorder.core-107.0.3] registered (path: c:/users/kskzz/miniconda3/envs/env_isaaclab/lib/site-packages/isaacsim/extscache/omni.kit.stagerecorder.core-107.0.3+107.0.3.wx64.r.cp311.u353)
2026-08-01T02:19:40Z [28ms] [Info] [omni.ext.plugin] [ext: omni.kit.sequencer.core-108.0.2] registered (path: c:/users/kskzz/miniconda3/envs/env_isaaclab/lib/site-packages/isaacsim/extscache/omni.kit.sequencer.core-108.0.2+107.2.0.u353)
2026-08-01T02:19:40Z [28ms] [Info] [omni.ext.plugin] [ext: omni.kit.telemetry-0.5.2] registered (path: c:/users/kskzz/miniconda3/envs/env_isaaclab/lib/site-packages/isaacsim/extscache/omni.kit.telemetry-0.5.2+69cbf6ad.wx64.r.cp311)
2026-08-01T02:19:40Z [29ms] [Info] [omni.ext.plugin] [ext: omni.kit.test_suite.helpers-1.1.1] registered (path: c:/users/kskzz/miniconda3/envs/env_isaaclab/lib/site-packages/isaacsim/extscache/omni.kit.test_suite.helpers-1.1.1+69cbf6ad)
2026-08-01T02:19:40Z [29ms] [Info] [omni.ext.plugin] [ext: omni.kit.stagerecorder.ui-107.0.1] registered (path: c:/users/kskzz/miniconda3/envs/env_isaaclab/lib/site-packages/isaacsim/extscache/omni.kit.stagerecorder.ui-107.0.1+107.0.3)
2026-08-01T02:19:40Z [29ms] [Info] [omni.ext.plugin] [ext: omni.kit.stagerecorder.bundle-105.0.2] registered (path: c:/users/kskzz/miniconda3/envs/env_isaaclab/lib/site-packages/isaacsim/extscache/omni.kit.stagerecorder.bundle-105.0.2+107.0.3)
2026-08-01T02:19:40Z [29ms] [Info] [omni.ext.plugin] [ext: omni.kit.thumbnails.mdl-1.0.27] registered (path: c:/users/kskzz/miniconda3/envs/env_isaaclab/lib/site-packages/isaacsim/extscache/omni.kit.thumbnails.mdl-1.0.27+107.3.0)
2026-08-01T02:19:40Z [29ms] [Info] [omni.ext.plugin] [ext: omni.kit.stage.mdl_converter-1.0.8] registered (path: c:/users/kskzz/miniconda3/envs/env_isaaclab/lib/site-packages/isaacsim/extscache/omni.kit.stage.mdl_converter-1.0.8+69cbf6ad)
2026-08-01T02:19:40Z [29ms] [Info] [omni.ext.plugin] [ext: omni.kit.async_engine-0.0.3] registered (path: c:/users/kskzz/miniconda3/envs/env_isaaclab/lib/site-packages/isaacsim/kit/extscore/omni.kit.async_engine)
2026-08-01T02:19:40Z [29ms] [Info] [omni.ext.plugin] [ext: omni.kit.tool.asset_importer-4.3.2] registered (path: c:/users/kskzz/miniconda3/envs/env_isaaclab/lib/site-packages/isaacsim/extscache/omni.kit.tool.asset_importer-4.3.2+107.0.3)
2026-08-01T02:19:40Z [29ms] [Info] [omni.ext.plugin] [ext: omni.kit.test-2.0.1] registered (path: c:/users/kskzz/miniconda3/envs/env_isaaclab/lib/site-packages/isaacsim/extscache/omni.kit.test-2.0.1+69cbf6ad.wx64.r.cp311)
2026-08-01T02:19:40Z [29ms] [Info] [omni.ext.plugin] [ext: omni.kit.ui_test-1.3.7] registered (path: c:/users/kskzz/miniconda3/envs/env_isaaclab/lib/site-packages/isaacsim/extscache/omni.kit.ui_test-1.3.7+69cbf6ad)
2026-08-01T02:19:40Z [29ms] [Info] [omni.ext.plugin] [ext: omni.kit.tool.collect-2.2.18] registered (path: c:/users/kskzz/miniconda3/envs/env_isaaclab/lib/site-packages/isaacsim/extscache/omni.kit.tool.collect-2.2.18+69cbf6ad)
2026-08-01T02:19:40Z [29ms] [Info] [omni.ext.plugin] [ext: omni.kit.uiapp-0.0.0] registered (path: c:/users/kskzz/miniconda3/envs/env_isaaclab/lib/site-packages/isaacsim/extscache/omni.kit.uiapp-0.0.0+69cbf6ad)
2026-08-01T02:19:40Z [29ms] [Info] [omni.ext.plugin] [ext: omni.kit.tool.remove_unused.core-0.1.3] registered (path: c:/users/kskzz/miniconda3/envs/env_isaaclab/lib/site-packages/isaacsim/extscache/omni.kit.tool.remove_unused.core-0.1.3)
2026-08-01T02:19:40Z [29ms] [Info] [omni.ext.plugin] [ext: omni.kit.ui.actions-1.0.5] registered (path: c:/users/kskzz/miniconda3/envs/env_isaaclab/lib/site-packages/isaacsim/extscache/omni.kit.ui.actions-1.0.5+69cbf6ad)
2026-08-01T02:19:40Z [29ms] [Info] [omni.ext.plugin] [ext: omni.kit.usd.layers-2.2.11] registered (path: c:/users/kskzz/miniconda3/envs/env_isaaclab/lib/site-packages/isaacsim/extscache/omni.kit.usd.layers-2.2.11+69cbf6ad.wx64.r.cp311)
2026-08-01T02:19:40Z [29ms] [Info] [omni.ext.plugin] [ext: omni.kit.timeline.minibar-1.2.11] registered (path: c:/users/kskzz/miniconda3/envs/env_isaaclab/lib/site-packages/isaacsim/extscache/omni.kit.timeline.minibar-1.2.11)
2026-08-01T02:19:40Z [29ms] [Info] [omni.ext.plugin] [ext: omni.kit.property.usd-4.5.12] registered (path: c:/users/kskzz/miniconda3/envs/env_isaaclab/lib/site-packages/isaacsim/extscache/omni.kit.property.usd-4.5.12+69cbf6ad)
2026-08-01T02:19:40Z [29ms] [Info] [omni.ext.plugin] [ext: omni.kit.usd_undo-0.1.8] registered (path: c:/users/kskzz/miniconda3/envs/env_isaaclab/lib/site-packages/isaacsim/extscache/omni.kit.usd_undo-0.1.8+69cbf6ad)
2026-08-01T02:19:40Z [30ms] [Info] [omni.ext.plugin] [ext: omni.kit.usd.collect-2.4.5] registered (path: c:/users/kskzz/miniconda3/envs/env_isaaclab/lib/site-packages/isaacsim/extscache/omni.kit.usd.collect-2.4.5+69cbf6ad)
2026-08-01T02:19:40Z [30ms] [Info] [omni.ext.plugin] [ext: omni.kit.tool.remove_unused.controller-0.1.4] registered (path: c:/users/kskzz/miniconda3/envs/env_isaaclab/lib/site-packages/isaacsim/extscache/omni.kit.tool.remove_unused.controller-0.1.4)
2026-08-01T02:19:40Z [30ms] [Info] [omni.ext.plugin] [ext: omni.kit.tool.measure-107.0.2] registered (path: c:/users/kskzz/miniconda3/envs/env_isaaclab/lib/site-packages/isaacsim/extscache/omni.kit.tool.measure-107.0.2+107.0.3)
2026-08-01T02:19:40Z [30ms] [Info] [omni.ext.plugin] [ext: omni.kit.usda_edit-1.1.18] registered (path: c:/users/kskzz/miniconda3/envs/env_isaaclab/lib/site-packages/isaacsim/extscache/omni.kit.usda_edit-1.1.18+69cbf6ad)
2026-08-01T02:19:40Z [30ms] [Info] [omni.ext.plugin] [ext: omni.kit.variant.presenter-107.0.0] registered (path: c:/users/kskzz/miniconda3/envs/env_isaaclab/lib/site-packages/isaacsim/extscache/omni.kit.variant.presenter-107.0.0)
2026-08-01T02:19:40Z [30ms] [Info] [omni.ext.plugin] [ext: omni.kit.usd.mdl-1.1.5] registered (path: c:/users/kskzz/miniconda3/envs/env_isaaclab/lib/site-packages/isaacsim/extscache/omni.kit.usd.mdl-1.1.5+69cbf6ad.wx64.r.cp311)
2026-08-01T02:19:40Z [30ms] [Info] [omni.ext.plugin] [ext: omni.kit.tool.asset_exporter-4.0.5] registered (path: c:/users/kskzz/miniconda3/envs/env_isaaclab/lib/site-packages/isaacsim/extscache/omni.kit.tool.asset_exporter-4.0.5+107.3.1)
2026-08-01T02:19:40Z [30ms] [Info] [omni.ext.plugin] [ext: omni.kit.viewport.bundle-104.0.1] registered (path: c:/users/kskzz/miniconda3/envs/env_isaaclab/lib/site-packages/isaacsim/extscache/omni.kit.viewport.bundle-104.0.1+69cbf6ad)
2026-08-01T02:19:40Z [30ms] [Info] [omni.ext.plugin] [ext: omni.kit.usdz_export-1.0.9] registered (path: c:/users/kskzz/miniconda3/envs/env_isaaclab/lib/site-packages/isaacsim/extscache/omni.kit.usdz_export-1.0.9+69cbf6ad)
2026-08-01T02:19:40Z [30ms] [Info] [omni.ext.plugin] [ext: omni.client.lib-1.1.0] registered (path: c:/users/kskzz/miniconda3/envs/env_isaaclab/lib/site-packages/isaacsim/kit/extscore/omni.client.lib)
2026-08-01T02:19:40Z [30ms] [Info] [omni.ext.plugin] [ext: omni.kit.viewport.menubar.core-107.2.1] registered (path: c:/users/kskzz/miniconda3/envs/env_isaaclab/lib/site-packages/isaacsim/extscache/omni.kit.viewport.menubar.core-107.2.1+69cbf6ad)
2026-08-01T02:19:40Z [30ms] [Info] [omni.ext.plugin] [ext: omni.kit.viewport.manipulator.transform-107.0.4] registered (path: c:/users/kskzz/miniconda3/envs/env_isaaclab/lib/site-packages/isaacsim/extscache/omni.kit.viewport.manipulator.transform-107.0.4+69cbf6ad)
2026-08-01T02:19:40Z [30ms] [Info] [omni.ext.plugin] [ext: omni.kit.variant.editor-107.5.3] registered (path: c:/users/kskzz/miniconda3/envs/env_isaaclab/lib/site-packages/isaacsim/extscache/omni.kit.variant.editor-107.5.3+107.3)
2026-08-01T02:19:40Z [30ms] [Info] [omni.ext.plugin] [ext: omni.kit.viewport.actions-107.0.2] registered (path: c:/users/kskzz/miniconda3/envs/env_isaaclab/lib/site-packages/isaacsim/extscache/omni.kit.viewport.actions-107.0.2+69cbf6ad)
2026-08-01T02:19:40Z [30ms] [Info] [omni.ext.plugin] [ext: omni.kit.viewport.menubar.lighting-107.3.1] registered (path: c:/users/kskzz/miniconda3/envs/env_isaaclab/lib/site-packages/isaacsim/extscache/omni.kit.viewport.menubar.lighting-107.3.1+107.3.0)
2026-08-01T02:19:40Z [30ms] [Info] [omni.ext.plugin] [ext: omni.kit.viewport.legacy_gizmos-1.0.19] registered (path: c:/users/kskzz/miniconda3/envs/env_isaaclab/lib/site-packages/isaacsim/extscache/omni.kit.viewport.legacy_gizmos-1.0.19+69cbf6ad.wx64.r.cp311)
2026-08-01T02:19:40Z [30ms] [Info] [omni.ext.plugin] [ext: omni.kit.viewport.menubar.display-107.0.3] registered (path: c:/users/kskzz/miniconda3/envs/env_isaaclab/lib/site-packages/isaacsim/extscache/omni.kit.viewport.menubar.display-107.0.3+69cbf6ad)
2026-08-01T02:19:40Z [30ms] [Info] [omni.ext.plugin] [ext: omni.kit.viewport.menubar.camera-107.0.6] registered (path: c:/users/kskzz/miniconda3/envs/env_isaaclab/lib/site-packages/isaacsim/extscache/omni.kit.viewport.menubar.camera-107.0.6+69cbf6ad)
2026-08-01T02:19:40Z [30ms] [Info] [omni.ext.plugin] [ext: omni.kit.viewport.registry-104.0.6] registered (path: c:/users/kskzz/miniconda3/envs/env_isaaclab/lib/site-packages/isaacsim/extscache/omni.kit.viewport.registry-104.0.6+69cbf6ad)
2026-08-01T02:19:40Z [31ms] [Info] [omni.ext.plugin] [ext: omni.kit.viewport.menubar.waypoint-104.2.16] registered (path: c:/users/kskzz/miniconda3/envs/env_isaaclab/lib/site-packages/isaacsim/extscache/omni.kit.viewport.menubar.waypoint-104.2.16)
2026-08-01T02:19:40Z [31ms] [Info] [omni.ext.plugin] [ext: omni.kit.waypoint.playlist-1.0.9] registered (path: c:/users/kskzz/miniconda3/envs/env_isaaclab/lib/site-packages/isaacsim/extscache/omni.kit.waypoint.playlist-1.0.9)
2026-08-01T02:19:40Z [31ms] [Info] [omni.ext.plugin] [ext: omni.kit.viewport.rtx-104.0.1] registered (path: c:/users/kskzz/miniconda3/envs/env_isaaclab/lib/site-packages/isaacsim/extscache/omni.kit.viewport.rtx-104.0.1+69cbf6ad)
2026-08-01T02:19:40Z [31ms] [Info] [omni.ext.plugin] [ext: omni.kit.widget.imageview-1.0.4] registered (path: c:/users/kskzz/miniconda3/envs/env_isaaclab/lib/site-packages/isaacsim/extscache/omni.kit.widget.imageview-1.0.4+69cbf6ad)
2026-08-01T02:19:40Z [31ms] [Info] [omni.ext.plugin] [ext: omni.kit.widget.calendar-1.0.9] registered (path: c:/users/kskzz/miniconda3/envs/env_isaaclab/lib/site-packages/isaacsim/extscache/omni.kit.widget.calendar-1.0.9)
2026-08-01T02:19:40Z [31ms] [Info] [omni.ext.plugin] [ext: omni.usd.schema.isaac-3.0.5] registered (path: c:/users/kskzz/miniconda3/envs/env_isaaclab/lib/site-packages/isaacsim/extsdeprecated/omni.usd.schema.isaac)
2026-08-01T02:19:40Z [31ms] [Info] [omni.ext.plugin] [ext: omni.kit.widget.extended_searchfield-1.0.31] registered (path: c:/users/kskzz/miniconda3/envs/env_isaaclab/lib/site-packages/isaacsim/extscache/omni.kit.widget.extended_searchfield-1.0.31)
2026-08-01T02:19:40Z [31ms] [Info] [omni.ext.plugin] [ext: omni.kit.viewport.scene_camera_model-1.0.6] registered (path: c:/users/kskzz/miniconda3/envs/env_isaaclab/lib/site-packages/isaacsim/extscache/omni.kit.viewport.scene_camera_model-1.0.6+69cbf6ad.wx64.r.cp311)
2026-08-01T02:19:40Z [31ms] [Info] [omni.ext.plugin] [ext: omni.kit.widget.context_menu-1.2.5] registered (path: c:/users/kskzz/miniconda3/envs/env_isaaclab/lib/site-packages/isaacsim/extscache/omni.kit.widget.context_menu-1.2.5+69cbf6ad)
2026-08-01T02:19:40Z [31ms] [Info] [omni.ext.plugin] [ext: omni.kit.viewport.window-107.2.0] registered (path: c:/users/kskzz/miniconda3/envs/env_isaaclab/lib/site-packages/isaacsim/extscache/omni.kit.viewport.window-107.2.0+69cbf6ad)
2026-08-01T02:19:40Z [31ms] [Info] [omni.ext.plugin] [ext: omni.kit.viewport.menubar.settings-107.0.3] registered (path: c:/users/kskzz/miniconda3/envs/env_isaaclab/lib/site-packages/isaacsim/extscache/omni.kit.viewport.menubar.settings-107.0.3+69cbf6ad)
2026-08-01T02:19:40Z [31ms] [Info] [omni.ext.plugin] [ext: omni.kit.widget.filter-1.1.4] registered (path: c:/users/kskzz/miniconda3/envs/env_isaaclab/lib/site-packages/isaacsim/extscache/omni.kit.widget.filter-1.1.4+69cbf6ad)
2026-08-01T02:19:40Z [31ms] [Info] [omni.ext.plugin] [ext: omni.kit.widget.browser_bar-2.0.10] registered (path: c:/users/kskzz/miniconda3/envs/env_isaaclab/lib/site-packages/isaacsim/extscache/omni.kit.widget.browser_bar-2.0.10+69cbf6ad)
2026-08-01T02:19:40Z [32ms] [Info] [omni.ext.plugin] [ext: omni.kit.waypoint.core-1.4.62] registered (path: c:/users/kskzz/miniconda3/envs/env_isaaclab/lib/site-packages/isaacsim/extscache/omni.kit.waypoint.core-1.4.62+107.0)
2026-08-01T02:19:40Z [32ms] [Info] [omni.ext.plugin] [ext: omni.kit.widget.highlight_label-1.0.3] registered (path: c:/users/kskzz/miniconda3/envs/env_isaaclab/lib/site-packages/isaacsim/extscache/omni.kit.widget.highlight_label-1.0.3+69cbf6ad)
2026-08-01T02:19:40Z [32ms] [Info] [omni.ext.plugin] [ext: omni.kit.viewport.menubar.render-107.0.10] registered (path: c:/users/kskzz/miniconda3/envs/env_isaaclab/lib/site-packages/isaacsim/extscache/omni.kit.viewport.menubar.render-107.0.10+69cbf6ad)
2026-08-01T02:19:40Z [32ms] [Info] [omni.ext.plugin] [ext: omni.kit.widget.collection-0.3.1] registered (path: c:/users/kskzz/miniconda3/envs/env_isaaclab/lib/site-packages/isaacsim/extscache/omni.kit.widget.collection-0.3.1+106.5.0)
2026-08-01T02:19:40Z [32ms] [Info] [omni.ext.plugin] [ext: omni.kit.widget.cache_indicator-3.0.7] registered (path: c:/users/kskzz/miniconda3/envs/env_isaaclab/lib/site-packages/isaacsim/extscache/omni.kit.widget.cache_indicator-3.0.7+69cbf6ad)
2026-08-01T02:19:40Z [32ms] [Info] [omni.ext.plugin] [ext: omni.kit.widget.nucleus_connector-2.0.1] registered (path: c:/users/kskzz/miniconda3/envs/env_isaaclab/lib/site-packages/isaacsim/extscache/omni.kit.widget.nucleus_connector-2.0.1+69cbf6ad)
2026-08-01T02:19:40Z [32ms] [Info] [omni.ext.plugin] [ext: omni.kit.viewport.utility-1.1.2] registered (path: c:/users/kskzz/miniconda3/envs/env_isaaclab/lib/site-packages/isaacsim/extscache/omni.kit.viewport.utility-1.1.2+69cbf6ad)
2026-08-01T02:19:40Z [32ms] [Info] [omni.ext.plugin] [ext: omni.kit.widget.live_session_management-1.2.23] registered (path: c:/users/kskzz/miniconda3/envs/env_isaaclab/lib/site-packages/isaacsim/extscache/omni.kit.widget.live_session_management-1.2.23+69cbf6ad)
2026-08-01T02:19:40Z [32ms] [Info] [omni.ext.plugin] [ext: omni.kit.widget.filebrowser-2.12.3] registered (path: c:/users/kskzz/miniconda3/envs/env_isaaclab/lib/site-packages/isaacsim/extscache/omni.kit.widget.filebrowser-2.12.3+69cbf6ad)
2026-08-01T02:19:40Z [32ms] [Info] [omni.ext.plugin] [ext: omni.kit.widget.path_field-2.0.11] registered (path: c:/users/kskzz/miniconda3/envs/env_isaaclab/lib/site-packages/isaacsim/extscache/omni.kit.widget.path_field-2.0.11+69cbf6ad)
2026-08-01T02:19:40Z [32ms] [Info] [omni.ext.plugin] [ext: omni.kit.widget.live-2.1.11] registered (path: c:/users/kskzz/miniconda3/envs/env_isaaclab/lib/site-packages/isaacsim/extscache/omni.kit.widget.live-2.1.11+69cbf6ad)
2026-08-01T02:19:40Z [32ms] [Info] [omni.ext.plugin] [ext: omni.kit.widget.nucleus_info-2.0.2] registered (path: c:/users/kskzz/miniconda3/envs/env_isaaclab/lib/site-packages/isaacsim/extscache/omni.kit.widget.nucleus_info-2.0.2+69cbf6ad)
2026-08-01T02:19:40Z [32ms] [Info] [omni.ext.plugin] [ext: omni.kit.widget.options_button-1.0.3] registered (path: c:/users/kskzz/miniconda3/envs/env_isaaclab/lib/site-packages/isaacsim/extscache/omni.kit.widget.options_button-1.0.3+69cbf6ad)
2026-08-01T02:19:40Z [32ms] [Info] [omni.ext.plugin] [ext: omni.replicator.isaac-2.0.8] registered (path: c:/users/kskzz/miniconda3/envs/env_isaaclab/lib/site-packages/isaacsim/extsdeprecated/omni.replicator.isaac)
2026-08-01T02:19:40Z [32ms] [Info] [omni.ext.plugin] [ext: omni.kit.widget.graph-2.0.0] registered (path: c:/users/kskzz/miniconda3/envs/env_isaaclab/lib/site-packages/isaacsim/extscache/omni.kit.widget.graph-2.0.0+69cbf6ad)
2026-08-01T02:19:40Z [32ms] [Info] [omni.ext.plugin] [ext: omni.kit.widget.options_menu-1.1.6] registered (path: c:/users/kskzz/miniconda3/envs/env_isaaclab/lib/site-packages/isaacsim/extscache/omni.kit.widget.options_menu-1.1.6+69cbf6ad)
2026-08-01T02:19:40Z [32ms] [Info] [omni.ext.plugin] [ext: omni.kit.widget.prompt-1.0.7] registered (path: c:/users/kskzz/miniconda3/envs/env_isaaclab/lib/site-packages/isaacsim/extscache/omni.kit.widget.prompt-1.0.7+69cbf6ad)
2026-08-01T02:19:40Z [33ms] [Info] [omni.ext.plugin] [ext: omni.kit.widget.schema_api-1.0.3] registered (path: c:/users/kskzz/miniconda3/envs/env_isaaclab/lib/site-packages/isaacsim/extscache/omni.kit.widget.schema_api-1.0.3)
2026-08-01T02:19:40Z [33ms] [Info] [omni.ext.plugin] [ext: omni.kit.viewport_widgets_manager-1.0.9] registered (path: c:/users/kskzz/miniconda3/envs/env_isaaclab/lib/site-packages/isaacsim/extscache/omni.kit.viewport_widgets_manager-1.0.9+69cbf6ad)
2026-08-01T02:19:40Z [33ms] [Info] [omni.ext.plugin] [ext: omni.kit.widget.sliderbar-1.0.13] registered (path: c:/users/kskzz/miniconda3/envs/env_isaaclab/lib/site-packages/isaacsim/extscache/omni.kit.widget.sliderbar-1.0.13)
2026-08-01T02:19:40Z [33ms] [Info] [omni.ext.plugin] [ext: omni.kit.widget.material_preview-1.0.16] registered (path: c:/users/kskzz/miniconda3/envs/env_isaaclab/lib/site-packages/isaacsim/extscache/omni.kit.widget.material_preview-1.0.16)
2026-08-01T02:19:40Z [33ms] [Info] [omni.ext.plugin] [ext: omni.kit.widget.stage_icons-1.0.8] registered (path: c:/users/kskzz/miniconda3/envs/env_isaaclab/lib/site-packages/isaacsim/extscache/omni.kit.widget.stage_icons-1.0.8+69cbf6ad)
2026-08-01T02:19:40Z [33ms] [Info] [omni.ext.plugin] [ext: omni.kit.widget.live_session_management.ui-1.0.3] registered (path: c:/users/kskzz/miniconda3/envs/env_isaaclab/lib/site-packages/isaacsim/extscache/omni.kit.widget.live_session_management.ui-1.0.3+69cbf6ad)
2026-08-01T02:19:40Z [33ms] [Info] [omni.ext.plugin] [ext: omni.kit.widget.settings-1.2.6] registered (path: c:/users/kskzz/miniconda3/envs/env_isaaclab/lib/site-packages/isaacsim/extscache/omni.kit.widget.settings-1.2.6+69cbf6ad)
2026-08-01T02:19:40Z [33ms] [Info] [omni.ext.plugin] [ext: omni.kit.widget.searchfield-1.1.8] registered (path: c:/users/kskzz/miniconda3/envs/env_isaaclab/lib/site-packages/isaacsim/extscache/omni.kit.widget.searchfield-1.1.8+69cbf6ad)
2026-08-01T02:19:40Z [33ms] [Info] [omni.ext.plugin] [ext: omni.kit.widget.layers-1.8.6] registered (path: c:/users/kskzz/miniconda3/envs/env_isaaclab/lib/site-packages/isaacsim/extscache/omni.kit.widget.layers-1.8.6+69cbf6ad)
2026-08-01T02:19:40Z [33ms] [Info] [omni.ext.plugin] [ext: omni.kit.widget.text_editor-1.1.1] registered (path: c:/users/kskzz/miniconda3/envs/env_isaaclab/lib/site-packages/isaacsim/extscache/omni.kit.widget.text_editor-1.1.1+69cbf6ad.wx64.r.cp311)
2026-08-01T02:19:40Z [33ms] [Info] [omni.ext.plugin] [ext: omni.kit.widget.search_delegate-1.0.7] registered (path: c:/users/kskzz/miniconda3/envs/env_isaaclab/lib/site-packages/isaacsim/extscache/omni.kit.widget.search_delegate-1.0.7+69cbf6ad)
2026-08-01T02:19:40Z [33ms] [Info] [omni.ext.plugin] [ext: omni.kit.widget.searchable_combobox-1.0.6] registered (path: c:/users/kskzz/miniconda3/envs/env_isaaclab/lib/site-packages/isaacsim/extscache/omni.kit.widget.searchable_combobox-1.0.6+69cbf6ad)
2026-08-01T02:19:40Z [33ms] [Info] [omni.ext.plugin] [ext: omni.kit.widgets.custom-1.0.13] registered (path: c:/users/kskzz/miniconda3/envs/env_isaaclab/lib/site-packages/isaacsim/extscache/omni.kit.widgets.custom-1.0.13)
2026-08-01T02:19:40Z [33ms] [Info] [omni.ext.plugin] [ext: omni.kit.property.isaac-1.0.6] registered (path: c:/users/kskzz/miniconda3/envs/env_isaaclab/lib/site-packages/isaacsim/extsdeprecated/omni.kit.property.isaac)
2026-08-01T02:19:40Z [33ms] [Info] [omni.ext.plugin] [ext: omni.kit.window.commands-0.2.9] registered (path: c:/users/kskzz/miniconda3/envs/env_isaaclab/lib/site-packages/isaacsim/extscache/omni.kit.window.commands-0.2.9+69cbf6ad)
2026-08-01T02:19:40Z [33ms] [Info] [omni.ext.plugin] [ext: omni.kit.widget.zoombar-1.0.6] registered (path: c:/users/kskzz/miniconda3/envs/env_isaaclab/lib/site-packages/isaacsim/extscache/omni.kit.widget.zoombar-1.0.6)
2026-08-01T02:19:40Z [33ms] [Info] [omni.ext.plugin] [ext: omni.kit.widget.stage-3.1.4] registered (path: c:/users/kskzz/miniconda3/envs/env_isaaclab/lib/site-packages/isaacsim/extscache/omni.kit.widget.stage-3.1.4+69cbf6ad)
2026-08-01T02:19:40Z [33ms] [Info] [omni.ext.plugin] [ext: omni.kit.widget.toolbar-2.0.1] registered (path: c:/users/kskzz/miniconda3/envs/env_isaaclab/lib/site-packages/isaacsim/extscache/omni.kit.widget.toolbar-2.0.1+69cbf6ad)
2026-08-01T02:19:40Z [34ms] [Info] [omni.ext.plugin] [ext: omni.kit.widget.viewport-107.1.3] registered (path: c:/users/kskzz/miniconda3/envs/env_isaaclab/lib/site-packages/isaacsim/extscache/omni.kit.widget.viewport-107.1.3+69cbf6ad)
2026-08-01T02:19:40Z [34ms] [Info] [omni.ext.plugin] [ext: omni.kit.window.collection-0.3.1] registered (path: c:/users/kskzz/miniconda3/envs/env_isaaclab/lib/site-packages/isaacsim/extscache/omni.kit.window.collection-0.3.1+106.5.0)
2026-08-01T02:19:40Z [34ms] [Info] [omni.ext.plugin] [ext: omni.kit.widget.timeline-107.0.1] registered (path: c:/users/kskzz/miniconda3/envs/env_isaaclab/lib/site-packages/isaacsim/extscache/omni.kit.widget.timeline-107.0.1+107.0.3)
2026-08-01T02:19:40Z [34ms] [Info] [omni.ext.plugin] [ext: omni.kit.window.drop_support-1.0.5] registered (path: c:/users/kskzz/miniconda3/envs/env_isaaclab/lib/site-packages/isaacsim/extscache/omni.kit.window.drop_support-1.0.5+69cbf6ad)
2026-08-01T02:19:40Z [34ms] [Info] [omni.ext.plugin] [ext: omni.kit.widget.versioning-1.4.10] registered (path: c:/users/kskzz/miniconda3/envs/env_isaaclab/lib/site-packages/isaacsim/extscache/omni.kit.widget.versioning-1.4.10+69cbf6ad)
2026-08-01T02:19:40Z [34ms] [Info] [omni.ext.plugin] [ext: omni.kit.window.file-2.0.5] registered (path: c:/users/kskzz/miniconda3/envs/env_isaaclab/lib/site-packages/isaacsim/extscache/omni.kit.window.file-2.0.5+69cbf6ad)
2026-08-01T02:19:40Z [34ms] [Info] [omni.ext.plugin] [ext: omni.kit.window.content_browser-3.1.3] registered (path: c:/users/kskzz/miniconda3/envs/env_isaaclab/lib/site-packages/isaacsim/extscache/omni.kit.window.content_browser-3.1.3+69cbf6ad)
2026-08-01T02:19:40Z [34ms] [Info] [omni.ext.plugin] [ext: omni.kit.window.cursor-1.1.4] registered (path: c:/users/kskzz/miniconda3/envs/env_isaaclab/lib/site-packages/isaacsim/extscache/omni.kit.window.cursor-1.1.4+69cbf6ad)
2026-08-01T02:19:40Z [34ms] [Info] [omni.ext.plugin] [ext: omni.kit.window.file_exporter-1.0.33] registered (path: c:/users/kskzz/miniconda3/envs/env_isaaclab/lib/site-packages/isaacsim/extscache/omni.kit.window.file_exporter-1.0.33+69cbf6ad)
2026-08-01T02:19:40Z [34ms] [Info] [omni.ext.plugin] [ext: omni.kit.window.content_browser_registry-0.0.6] registered (path: c:/users/kskzz/miniconda3/envs/env_isaaclab/lib/site-packages/isaacsim/extscache/omni.kit.window.content_browser_registry-0.0.6+69cbf6ad)
2026-08-01T02:19:40Z [34ms] [Info] [omni.ext.plugin] [ext: omni.kit.window.extensions-1.4.27] registered (path: c:/users/kskzz/miniconda3/envs/env_isaaclab/lib/site-packages/isaacsim/extscache/omni.kit.window.extensions-1.4.27+69cbf6ad)
2026-08-01T02:19:40Z [34ms] [Info] [omni.ext.plugin] [ext: omni.kit.window.console-1.1.4] registered (path: c:/users/kskzz/miniconda3/envs/env_isaaclab/lib/site-packages/isaacsim/extscache/omni.kit.window.console-1.1.4+69cbf6ad.wx64.r.cp311)
2026-08-01T02:19:40Z [34ms] [Info] [omni.ext.plugin] [ext: omni.isaac.window.about-2.0.7] registered (path: c:/users/kskzz/miniconda3/envs/env_isaaclab/lib/site-packages/isaacsim/extsdeprecated/omni.isaac.window.about)
2026-08-01T02:19:40Z [34ms] [Info] [omni.ext.plugin] [ext: omni.kit.window.filepicker-2.13.4] registered (path: c:/users/kskzz/miniconda3/envs/env_isaaclab/lib/site-packages/isaacsim/extscache/omni.kit.window.filepicker-2.13.4+69cbf6ad)
2026-08-01T02:19:40Z [34ms] [Info] [omni.ext.plugin] [ext: omni.kit.window.material-1.7.2] registered (path: c:/users/kskzz/miniconda3/envs/env_isaaclab/lib/site-packages/isaacsim/extscache/omni.kit.window.material-1.7.2+107.3)
2026-08-01T02:19:40Z [34ms] [Info] [omni.ext.plugin] [ext: omni.kit.window.popup_dialog-2.0.24] registered (path: c:/users/kskzz/miniconda3/envs/env_isaaclab/lib/site-packages/isaacsim/extscache/omni.kit.window.popup_dialog-2.0.24+69cbf6ad)
2026-08-01T02:19:40Z [34ms] [Info] [omni.ext.plugin] [ext: omni.kit.window.stats-0.1.7] registered (path: c:/users/kskzz/miniconda3/envs/env_isaaclab/lib/site-packages/isaacsim/extscache/omni.kit.window.stats-0.1.7+69cbf6ad)
2026-08-01T02:19:40Z [35ms] [Info] [omni.ext.plugin] [ext: omni.kit.window.modifier.titlebar-105.2.16] registered (path: c:/users/kskzz/miniconda3/envs/env_isaaclab/lib/site-packages/isaacsim/extscache/omni.kit.window.modifier.titlebar-105.2.16+105.2.wx64.cp311)
2026-08-01T02:19:40Z [35ms] [Info] [omni.ext.plugin] [ext: omni.kit.window.quicksearch-2.4.4] registered (path: c:/users/kskzz/miniconda3/envs/env_isaaclab/lib/site-packages/isaacsim/extscache/omni.kit.window.quicksearch-2.4.4)
2026-08-01T02:19:40Z [35ms] [Info] [omni.ext.plugin] [ext: omni.kit.window.property-1.12.1] registered (path: c:/users/kskzz/miniconda3/envs/env_isaaclab/lib/site-packages/isaacsim/extscache/omni.kit.window.property-1.12.1+69cbf6ad)
2026-08-01T02:19:40Z [35ms] [Info] [omni.ext.plugin] [ext: omni.kit.window.script_editor-2.0.1] registered (path: c:/users/kskzz/miniconda3/envs/env_isaaclab/lib/site-packages/isaacsim/extscache/omni.kit.window.script_editor-2.0.1+69cbf6ad)
2026-08-01T02:19:40Z [35ms] [Info] [omni.ext.plugin] [ext: omni.kit.window.material_graph-1.9.1] registered (path: c:/users/kskzz/miniconda3/envs/env_isaaclab/lib/site-packages/isaacsim/extscache/omni.kit.window.material_graph-1.9.1)
2026-08-01T02:19:40Z [35ms] [Info] [omni.ext.plugin] [ext: omni.kit.window.section-107.0.3] registered (path: c:/users/kskzz/miniconda3/envs/env_isaaclab/lib/site-packages/isaacsim/extscache/omni.kit.window.section-107.0.3)
2026-08-01T02:19:40Z [35ms] [Info] [omni.ext.plugin] [ext: omni.kit.window.preferences-1.8.0] registered (path: c:/users/kskzz/miniconda3/envs/env_isaaclab/lib/site-packages/isaacsim/extscache/omni.kit.window.preferences-1.8.0+69cbf6ad)
2026-08-01T02:19:40Z [35ms] [Info] [omni.ext.plugin] [ext: omni.kit.window.title-1.1.7] registered (path: c:/users/kskzz/miniconda3/envs/env_isaaclab/lib/site-packages/isaacsim/extscache/omni.kit.window.title-1.1.7+69cbf6ad)
2026-08-01T02:19:40Z [35ms] [Info] [omni.ext.plugin] [ext: omni.kit.window.file_importer-1.1.18] registered (path: c:/users/kskzz/miniconda3/envs/env_isaaclab/lib/site-packages/isaacsim/extscache/omni.kit.window.file_importer-1.1.18+69cbf6ad)
2026-08-01T02:19:40Z [35ms] [Info] [omni.ext.plugin] [ext: omni.kit.window.stage-2.6.1] registered (path: c:/users/kskzz/miniconda3/envs/env_isaaclab/lib/site-packages/isaacsim/extscache/omni.kit.window.stage-2.6.1+69cbf6ad)
2026-08-01T02:19:40Z [35ms] [Info] [omni.ext.plugin] [ext: omni.kit.window.status_bar-0.1.9] registered (path: c:/users/kskzz/miniconda3/envs/env_isaaclab/lib/site-packages/isaacsim/extscache/omni.kit.window.status_bar-0.1.9+69cbf6ad.wx64.r.cp311)
2026-08-01T02:19:40Z [35ms] [Info] [omni.ext.plugin] [ext: omni.kit.window.usd_paths-1.0.8] registered (path: c:/users/kskzz/miniconda3/envs/env_isaaclab/lib/site-packages/isaacsim/extscache/omni.kit.window.usd_paths-1.0.8+69cbf6ad)
2026-08-01T02:19:40Z [35ms] [Info] [omni.ext.plugin] [ext: omni.kit.window.usddebug-1.1.2] registered (path: c:/users/kskzz/miniconda3/envs/env_isaaclab/lib/site-packages/isaacsim/extscache/omni.kit.window.usddebug-1.1.2)
2026-08-01T02:19:40Z [35ms] [Info] [omni.ext.plugin] [ext: omni.kit.window.movie_capture-2.5.6] registered (path: c:/users/kskzz/miniconda3/envs/env_isaaclab/lib/site-packages/isaacsim/extscache/omni.kit.window.movie_capture-2.5.6+107.3)
2026-08-01T02:19:40Z [35ms] [Info] [omni.ext.plugin] [ext: omni.kit.xr.profile.ar-107.3.109] registered (path: c:/users/kskzz/miniconda3/envs/env_isaaclab/lib/site-packages/isaacsim/extscache/omni.kit.xr.profile.ar-107.3.109+107.3.3.cp311.u353)
2026-08-01T02:19:40Z [35ms] [Info] [omni.ext.plugin] [ext: omni.kit.window.toolbar-2.0.0] registered (path: c:/users/kskzz/miniconda3/envs/env_isaaclab/lib/site-packages/isaacsim/extscache/omni.kit.window.toolbar-2.0.0+69cbf6ad)
2026-08-01T02:19:40Z [35ms] [Info] [omni.ext.plugin] [ext: omni.isaac.wheeled_robots.ui-2.0.5] registered (path: c:/users/kskzz/miniconda3/envs/env_isaaclab/lib/site-packages/isaacsim/extsdeprecated/omni.isaac.wheeled_robots.ui)
2026-08-01T02:19:40Z [36ms] [Info] [omni.ext.plugin] [ext: omni.kit.xr.profile.vr-107.3.109] registered (path: c:/users/kskzz/miniconda3/envs/env_isaaclab/lib/site-packages/isaacsim/extscache/omni.kit.xr.profile.vr-107.3.109+107.3.3.cp311.u353)
2026-08-01T02:19:40Z [36ms] [Info] [omni.ext.plugin] [ext: omni.kit.xr.scene_view.utils-107.3.109] registered (path: c:/users/kskzz/miniconda3/envs/env_isaaclab/lib/site-packages/isaacsim/extscache/omni.kit.xr.scene_view.utils-107.3.109+107.3.3.cp311.u353)
2026-08-01T02:19:40Z [36ms] [Info] [omni.ext.plugin] [ext: omni.kvdb-107.3.26] registered (path: c:/users/kskzz/miniconda3/envs/env_isaaclab/lib/site-packages/isaacsim/extscache/omni.kvdb-107.3.26+107.3.3.wx64.r.cp311.u353)
2026-08-01T02:19:40Z [36ms] [Info] [omni.ext.plugin] [ext: omni.kit.xr.scene_view.core-107.3.109] registered (path: c:/users/kskzz/miniconda3/envs/env_isaaclab/lib/site-packages/isaacsim/extscache/omni.kit.xr.scene_view.core-107.3.109+107.3.3.wx64.r.cp311.u353)
2026-08-01T02:19:40Z [36ms] [Info] [omni.ext.plugin] [ext: omni.kit.xr.profile.tabletar-107.3.109] registered (path: c:/users/kskzz/miniconda3/envs/env_isaaclab/lib/site-packages/isaacsim/extscache/omni.kit.xr.profile.tabletar-107.3.109+107.3.3.cp311.u353)
2026-08-01T02:19:40Z [36ms] [Info] [omni.ext.plugin] [ext: omni.kit.xr.advertise-107.3.109] registered (path: c:/users/kskzz/miniconda3/envs/env_isaaclab/lib/site-packages/isaacsim/extscache/omni.kit.xr.advertise-107.3.109+107.3.3.cp311.u353)
2026-08-01T02:19:40Z [36ms] [Info] [omni.ext.plugin] [ext: omni.kit.xr.ui.stage-107.3.109] registered (path: c:/users/kskzz/miniconda3/envs/env_isaaclab/lib/site-packages/isaacsim/extscache/omni.kit.xr.ui.stage-107.3.109+107.3.3.cp311.u353)
2026-08-01T02:19:40Z [36ms] [Info] [omni.ext.plugin] [ext: omni.mdl-56.0.3] registered (path: c:/users/kskzz/miniconda3/envs/env_isaaclab/lib/site-packages/isaacsim/extscache/omni.mdl-56.0.3+69cbf6ad.wx64.r.cp311)
2026-08-01T02:19:40Z [36ms] [Info] [omni.ext.plugin] [ext: omni.kit.xr.profile.common-107.3.109] registered (path: c:/users/kskzz/miniconda3/envs/env_isaaclab/lib/site-packages/isaacsim/extscache/omni.kit.xr.profile.common-107.3.109+107.3.3.cp311.u353)
2026-08-01T02:19:40Z [36ms] [Info] [omni.ext.plugin] [ext: omni.kit.xr.ui.window.profile-107.3.109] registered (path: c:/users/kskzz/miniconda3/envs/env_isaaclab/lib/site-packages/isaacsim/extscache/omni.kit.xr.ui.window.profile-107.3.109+107.3.3.cp311.u353)
2026-08-01T02:19:40Z [36ms] [Info] [omni.ext.plugin] [ext: omni.localcache-107.3.26] registered (path: c:/users/kskzz/miniconda3/envs/env_isaaclab/lib/site-packages/isaacsim/extscache/omni.localcache-107.3.26+107.3.3.wx64.r.cp311.u353)
2026-08-01T02:19:40Z [36ms] [Info] [omni.ext.plugin] [ext: omni.kit.xr.ui.window.viewport-107.3.109] registered (path: c:/users/kskzz/miniconda3/envs/env_isaaclab/lib/site-packages/isaacsim/extscache/omni.kit.xr.ui.window.viewport-107.3.109+107.3.3.cp311.u353)
2026-08-01T02:19:40Z [36ms] [Info] [omni.ext.plugin] [ext: omni.materialx.libs-1.0.7] registered (path: c:/users/kskzz/miniconda3/envs/env_isaaclab/lib/site-packages/isaacsim/extscache/omni.materialx.libs-1.0.7+69cbf6ad.wx64.r.cp311)
2026-08-01T02:19:40Z [36ms] [Info] [omni.ext.plugin] [ext: omni.mdl.usd_converter-1.0.30] registered (path: c:/users/kskzz/miniconda3/envs/env_isaaclab/lib/site-packages/isaacsim/extscache/omni.mdl.usd_converter-1.0.30+69cbf6ad)
2026-08-01T02:19:40Z [36ms] [Info] [omni.ext.plugin] [ext: omni.kit.xr.system.openxr-107.3.109] registered (path: c:/users/kskzz/miniconda3/envs/env_isaaclab/lib/site-packages/isaacsim/extscache/omni.kit.xr.system.openxr-107.3.109+107.3.3.wx64.r.cp311.u353)
2026-08-01T02:19:40Z [36ms] [Info] [omni.ext.plugin] [ext: omni.metrics.core-0.0.3] registered (path: c:/users/kskzz/miniconda3/envs/env_isaaclab/lib/site-packages/isaacsim/extscache/omni.metrics.core-0.0.3+69cbf6ad.wx64.r)
2026-08-01T02:19:40Z [36ms] [Info] [omni.ext.plugin] [ext: omni.mdl.neuraylib-0.2.12] registered (path: c:/users/kskzz/miniconda3/envs/env_isaaclab/lib/site-packages/isaacsim/extscache/omni.mdl.neuraylib-0.2.12+69cbf6ad.wx64.r.cp311)
2026-08-01T02:19:40Z [36ms] [Info] [omni.ext.plugin] [ext: omni.isaac.wheeled_robots-3.0.7] registered (path: c:/users/kskzz/miniconda3/envs/env_isaaclab/lib/site-packages/isaacsim/extsdeprecated/omni.isaac.wheeled_robots)
2026-08-01T02:19:40Z [37ms] [Info] [omni.ext.plugin] [ext: omni.physx-107.3.26] registered (path: c:/users/kskzz/miniconda3/envs/env_isaaclab/lib/site-packages/isaacsim/extscache/omni.physx-107.3.26+107.3.3.wx64.r.cp311.u353)
2026-08-01T02:19:40Z [37ms] [Info] [omni.ext.plugin] [ext: omni.physics-107.3.26] registered (path: c:/users/kskzz/miniconda3/envs/env_isaaclab/lib/site-packages/isaacsim/extscache/omni.physics-107.3.26+107.3.3.wx64.r.cp311.u353)
2026-08-01T02:19:40Z [37ms] [Info] [omni.ext.plugin] [ext: omni.physics.stageupdate-107.3.26] registered (path: c:/users/kskzz/miniconda3/envs/env_isaaclab/lib/site-packages/isaacsim/extscache/omni.physics.stageupdate-107.3.26+107.3.3.wx64.r.cp311.u353)
2026-08-01T02:19:40Z [37ms] [Info] [omni.ext.plugin] [ext: omni.kit.xr.system.simulatedxr-107.3.109] registered (path: c:/users/kskzz/miniconda3/envs/env_isaaclab/lib/site-packages/isaacsim/extscache/omni.kit.xr.system.simulatedxr-107.3.109+107.3.3.wx64.r.cp311.u353)
2026-08-01T02:19:40Z [37ms] [Info] [omni.ext.plugin] [ext: omni.ocio-0.1.1] registered (path: c:/users/kskzz/miniconda3/envs/env_isaaclab/lib/site-packages/isaacsim/extscache/omni.ocio-0.1.1+69cbf6ad.wx64.r.cp311)
2026-08-01T02:19:40Z [37ms] [Info] [omni.ext.plugin] [ext: omni.metropolis.utils-0.1.20] registered (path: c:/users/kskzz/miniconda3/envs/env_isaaclab/lib/site-packages/isaacsim/extscache/omni.metropolis.utils-0.1.20+107.3.3.wx64.cp311)
2026-08-01T02:19:40Z [37ms] [Info] [omni.ext.plugin] [ext: omni.physx.camera-107.3.26] registered (path: c:/users/kskzz/miniconda3/envs/env_isaaclab/lib/site-packages/isaacsim/extscache/omni.physx.camera-107.3.26+107.3.3.wx64.r.cp311.u353)
2026-08-01T02:19:40Z [37ms] [Info] [omni.ext.plugin] [ext: omni.no_code_ui.bundle-1.1.2] registered (path: c:/users/kskzz/miniconda3/envs/env_isaaclab/lib/site-packages/isaacsim/extscache/omni.no_code_ui.bundle-1.1.2+107.0)
2026-08-01T02:19:40Z [37ms] [Info] [omni.ext.plugin] [ext: omni.physx.asset_validator-107.3.26] registered (path: c:/users/kskzz/miniconda3/envs/env_isaaclab/lib/site-packages/isaacsim/extscache/omni.physx.asset_validator-107.3.26+107.3.3.wx64.r.cp311.u353)
2026-08-01T02:19:40Z [37ms] [Info] [omni.ext.plugin] [ext: omni.physics.tensors-107.3.26] registered (path: c:/users/kskzz/miniconda3/envs/env_isaaclab/lib/site-packages/isaacsim/extscache/omni.physics.tensors-107.3.26+107.3.3.wx64.r.cp311.u353)
2026-08-01T02:19:40Z [37ms] [Info] [omni.ext.plugin] [ext: omni.physics.physx-107.3.26] registered (path: c:/users/kskzz/miniconda3/envs/env_isaaclab/lib/site-packages/isaacsim/extscache/omni.physics.physx-107.3.26+107.3.3.wx64.r.cp311.u353)
2026-08-01T02:19:40Z [37ms] [Info] [omni.ext.plugin] [ext: omni.physx.fabric-107.3.26] registered (path: c:/users/kskzz/miniconda3/envs/env_isaaclab/lib/site-packages/isaacsim/extscache/omni.physx.fabric-107.3.26+107.3.3.wx64.r.cp311.u353)
2026-08-01T02:19:40Z [38ms] [Info] [omni.ext.plugin] [ext: omni.physx.cct-107.3.26] registered (path: c:/users/kskzz/miniconda3/envs/env_isaaclab/lib/site-packages/isaacsim/extscache/omni.physx.cct-107.3.26+107.3.3.wx64.r.cp311.u353)
2026-08-01T02:19:40Z [38ms] [Info] [omni.ext.plugin] [ext: omni.physx.demos-107.3.26] registered (path: c:/users/kskzz/miniconda3/envs/env_isaaclab/lib/site-packages/isaacsim/extscache/omni.physx.demos-107.3.26+107.3.3.cp311.u353)
2026-08-01T02:19:40Z [38ms] [Info] [omni.ext.plugin] [ext: omni.physx.graph-107.3.26] registered (path: c:/users/kskzz/miniconda3/envs/env_isaaclab/lib/site-packages/isaacsim/extscache/omni.physx.graph-107.3.26+107.3.3.wx64.r.cp311.u353)
2026-08-01T02:19:40Z [38ms] [Info] [omni.ext.plugin] [ext: omni.physx.telemetry-107.3.26] registered (path: c:/users/kskzz/miniconda3/envs/env_isaaclab/lib/site-packages/isaacsim/extscache/omni.physx.telemetry-107.3.26+107.3.3.cp311.u353)
2026-08-01T02:19:40Z [38ms] [Info] [omni.ext.plugin] [ext: omni.isaac.vscode-1.0.5] registered (path: c:/users/kskzz/miniconda3/envs/env_isaaclab/lib/site-packages/isaacsim/extsdeprecated/omni.isaac.vscode)
2026-08-01T02:19:40Z [38ms] [Info] [omni.ext.plugin] [ext: omni.physx.cooking-107.3.26] registered (path: c:/users/kskzz/miniconda3/envs/env_isaaclab/lib/site-packages/isaacsim/extscache/omni.physx.cooking-107.3.26+107.3.3.wx64.r.cp311.u353)
2026-08-01T02:19:40Z [38ms] [Info] [omni.ext.plugin] [ext: omni.ramp-107.0.1] registered (path: c:/users/kskzz/miniconda3/envs/env_isaaclab/lib/site-packages/isaacsim/extscache/omni.ramp-107.0.1+107.0.3.wx64.r.cp311.u353)
2026-08-01T02:19:40Z [38ms] [Info] [omni.ext.plugin] [ext: omni.physx.commands-107.3.26] registered (path: c:/users/kskzz/miniconda3/envs/env_isaaclab/lib/site-packages/isaacsim/extscache/omni.physx.commands-107.3.26+107.3.3.cp311.u353)
2026-08-01T02:19:40Z [38ms] [Info] [omni.ext.plugin] [ext: omni.physx.foundation-107.3.26] registered (path: c:/users/kskzz/miniconda3/envs/env_isaaclab/lib/site-packages/isaacsim/extscache/omni.physx.foundation-107.3.26+107.3.3.wx64.r.cp311.u353)
2026-08-01T02:19:40Z [38ms] [Info] [omni.ext.plugin] [ext: omni.physx.supportui-107.3.26] registered (path: c:/users/kskzz/miniconda3/envs/env_isaaclab/lib/site-packages/isaacsim/extscache/omni.physx.supportui-107.3.26+107.3.3.wx64.r.cp311.u353)
2026-08-01T02:19:40Z [38ms] [Info] [omni.ext.plugin] [ext: omni.physx.tensors-107.3.26] registered (path: c:/users/kskzz/miniconda3/envs/env_isaaclab/lib/site-packages/isaacsim/extscache/omni.physx.tensors-107.3.26+107.3.3.wx64.r.cp311.u353)
2026-08-01T02:19:40Z [38ms] [Info] [omni.ext.plugin] [ext: omni.physx.tests-107.3.26] registered (path: c:/users/kskzz/miniconda3/envs/env_isaaclab/lib/site-packages/isaacsim/extscache/omni.physx.tests-107.3.26+107.3.3.cp311.u353)
2026-08-01T02:19:40Z [38ms] [Info] [omni.ext.plugin] [ext: omni.replicator.replicator_yaml-2.0.11] registered (path: c:/users/kskzz/miniconda3/envs/env_isaaclab/lib/site-packages/isaacsim/extscache/omni.replicator.replicator_yaml-2.0.11+107.3.3.wx64)
2026-08-01T02:19:40Z [39ms] [Info] [omni.ext.plugin] [ext: omni.physx.ui-107.3.26] registered (path: c:/users/kskzz/miniconda3/envs/env_isaaclab/lib/site-packages/isaacsim/extscache/omni.physx.ui-107.3.26+107.3.3.wx64.r.cp311.u353)
2026-08-01T02:19:40Z [39ms] [Info] [omni.ext.plugin] [ext: omni.physx.bundle-107.3.26] registered (path: c:/users/kskzz/miniconda3/envs/env_isaaclab/lib/site-packages/isaacsim/extscache/omni.physx.bundle-107.3.26+107.3.3.cp311.u353)
2026-08-01T02:19:40Z [39ms] [Info] [omni.ext.plugin] [ext: omni.scene.optimizer.ui-107.3.12] registered (path: c:/users/kskzz/miniconda3/envs/env_isaaclab/lib/site-packages/isaacsim/extscache/omni.scene.optimizer.ui-107.3.12+107.3.0)
2026-08-01T02:19:40Z [39ms] [Info] [omni.ext.plugin] [ext: omni.physx.vehicle-107.3.26] registered (path: c:/users/kskzz/miniconda3/envs/env_isaaclab/lib/site-packages/isaacsim/extscache/omni.physx.vehicle-107.3.26+107.3.3.wx64.r.cp311.u353)
2026-08-01T02:19:40Z [39ms] [Info] [omni.ext.plugin] [ext: omni.rtx.settings.core-0.6.5] registered (path: c:/users/kskzz/miniconda3/envs/env_isaaclab/lib/site-packages/isaacsim/extscache/omni.rtx.settings.core-0.6.5+69cbf6ad)
2026-08-01T02:19:40Z [39ms] [Info] [omni.ext.plugin] [ext: omni.scene.optimizer.bundle-107.3.12] registered (path: c:/users/kskzz/miniconda3/envs/env_isaaclab/lib/site-packages/isaacsim/extscache/omni.scene.optimizer.bundle-107.3.12+107.3.0)
2026-08-01T02:19:40Z [39ms] [Info] [omni.ext.plugin] [ext: omni.rtx.shadercache.vulkan-1.0.0] registered (path: c:/users/kskzz/miniconda3/envs/env_isaaclab/lib/site-packages/isaacsim/extscache/omni.rtx.shadercache.vulkan-1.0.0+69cbf6ad.wx64.r)
2026-08-01T02:19:40Z [39ms] [Info] [omni.ext.plugin] [ext: omni.physx.pvd-107.3.26] registered (path: c:/users/kskzz/miniconda3/envs/env_isaaclab/lib/site-packages/isaacsim/extscache/omni.physx.pvd-107.3.26+107.3.3.wx64.r.cp311.u353)
2026-08-01T02:19:40Z [39ms] [Info] [omni.ext.plugin] [ext: omni.isaac.version-2.0.7] registered (path: c:/users/kskzz/miniconda3/envs/env_isaaclab/lib/site-packages/isaacsim/extsdeprecated/omni.isaac.version)
2026-08-01T02:19:40Z [39ms] [Info] [omni.ext.plugin] [ext: omni.resourcemonitor-107.0.1] registered (path: c:/users/kskzz/miniconda3/envs/env_isaaclab/lib/site-packages/isaacsim/extscache/omni.resourcemonitor-107.0.1+69cbf6ad.wx64.r.cp311)
2026-08-01T02:19:40Z [39ms] [Info] [omni.ext.plugin] [ext: omni.physx.tests.visual-107.3.26] registered (path: c:/users/kskzz/miniconda3/envs/env_isaaclab/lib/site-packages/isaacsim/extscache/omni.physx.tests.visual-107.3.26+107.3.3.cp311.u353)
2026-08-01T02:19:40Z [39ms] [Info] [omni.ext.plugin] [ext: omni.replicator.core-1.12.27] registered (path: c:/users/kskzz/miniconda3/envs/env_isaaclab/lib/site-packages/isaacsim/extscache/omni.replicator.core-1.12.27+107.3.3.wx64.r.cp311)
2026-08-01T02:19:40Z [39ms] [Info] [omni.ext.plugin] [ext: omni.rtx.window.settings-0.6.19] registered (path: c:/users/kskzz/miniconda3/envs/env_isaaclab/lib/site-packages/isaacsim/extscache/omni.rtx.window.settings-0.6.19+69cbf6ad.wx64.r.cp311)
2026-08-01T02:19:40Z [39ms] [Info] [omni.ext.plugin] [ext: omni.scene.visualization.ui-107.0.1] registered (path: c:/users/kskzz/miniconda3/envs/env_isaaclab/lib/site-packages/isaacsim/extscache/omni.scene.visualization.ui-107.0.1+107.0.3)
2026-08-01T02:19:40Z [39ms] [Info] [omni.ext.plugin] [ext: omni.scene.optimizer.core-107.3.12] registered (path: c:/users/kskzz/miniconda3/envs/env_isaaclab/lib/site-packages/isaacsim/extscache/omni.scene.optimizer.core-107.3.12+107.3.0.wx64.r.cp311.u353)
2026-08-01T02:19:40Z [39ms] [Info] [omni.ext.plugin] [ext: omni.scene.visualization.bundle-105.1.0] registered (path: c:/users/kskzz/miniconda3/envs/env_isaaclab/lib/site-packages/isaacsim/extscache/omni.scene.visualization.bundle-105.1.0+107.0.3)
2026-08-01T02:19:40Z [39ms] [Info] [omni.ext.plugin] [ext: omni.sensors.net-1.0.0] registered (path: c:/users/kskzz/miniconda3/envs/env_isaaclab/lib/site-packages/isaacsim/extscache/omni.sensors.net-1.0.0+69cbf6ad.wx64.r.cp311)
2026-08-01T02:19:40Z [39ms] [Info] [omni.ext.plugin] [ext: omni.sensors.nv.materials-2.0.0] registered (path: c:/users/kskzz/miniconda3/envs/env_isaaclab/lib/site-packages/isaacsim/extscache/omni.sensors.nv.materials-2.0.0+69cbf6ad.wx64.r.cp311)
2026-08-01T02:19:40Z [39ms] [Info] [omni.ext.plugin] [ext: omni.sensors.nv.ids-2.0.0] registered (path: c:/users/kskzz/miniconda3/envs/env_isaaclab/lib/site-packages/isaacsim/extscache/omni.sensors.nv.ids-2.0.0+69cbf6ad.wx64.r.cp311)
2026-08-01T02:19:40Z [40ms] [Info] [omni.ext.plugin] [ext: omni.sensors.nv.camera-1.0.0] registered (path: c:/users/kskzz/miniconda3/envs/env_isaaclab/lib/site-packages/isaacsim/extscache/omni.sensors.nv.camera-1.0.0+69cbf6ad.wx64.r)
2026-08-01T02:19:40Z [40ms] [Info] [omni.ext.plugin] [ext: omni.sensors.nv.common-3.0.0] registered (path: c:/users/kskzz/miniconda3/envs/env_isaaclab/lib/site-packages/isaacsim/extscache/omni.sensors.nv.common-3.0.0+69cbf6ad.wx64.r.cp311)
2026-08-01T02:19:40Z [40ms] [Info] [omni.ext.plugin] [ext: omni.sensors.nv.radar-3.0.0] registered (path: c:/users/kskzz/miniconda3/envs/env_isaaclab/lib/site-packages/isaacsim/extscache/omni.sensors.nv.radar-3.0.0+69cbf6ad.wx64.r.cp311)
2026-08-01T02:19:40Z [40ms] [Info] [omni.ext.plugin] [ext: omni.sensors.nv.lidar-3.0.0] registered (path: c:/users/kskzz/miniconda3/envs/env_isaaclab/lib/site-packages/isaacsim/extscache/omni.sensors.nv.lidar-3.0.0+69cbf6ad.wx64.r.cp311)
2026-08-01T02:19:40Z [40ms] [Info] [omni.ext.plugin] [ext: omni.scene.visualization.core-107.0.2] registered (path: c:/users/kskzz/miniconda3/envs/env_isaaclab/lib/site-packages/isaacsim/extscache/omni.scene.visualization.core-107.0.2+107.0.3.wx64.r.cp311.u353)
2026-08-01T02:19:40Z [40ms] [Info] [omni.ext.plugin] [ext: omni.isaac.utils-2.0.6] registered (path: c:/users/kskzz/miniconda3/envs/env_isaaclab/lib/site-packages/isaacsim/extsdeprecated/omni.isaac.utils)
2026-08-01T02:19:40Z [40ms] [Info] [omni.ext.plugin] [ext: omni.services.facilities.base-1.0.4] registered (path: c:/users/kskzz/miniconda3/envs/env_isaaclab/lib/site-packages/isaacsim/extscache/omni.services.facilities.base-1.0.4)
2026-08-01T02:19:40Z [40ms] [Info] [omni.ext.plugin] [ext: omni.services.core-1.9.0] registered (path: c:/users/kskzz/miniconda3/envs/env_isaaclab/lib/site-packages/isaacsim/extscache/omni.services.core-1.9.0)
2026-08-01T02:19:40Z [40ms] [Info] [omni.ext.plugin] [ext: omni.sensors.nv.wpm-3.0.0] registered (path: c:/users/kskzz/miniconda3/envs/env_isaaclab/lib/site-packages/isaacsim/extscache/omni.sensors.nv.wpm-3.0.0+69cbf6ad.wx64.r)
2026-08-01T02:19:40Z [40ms] [Info] [omni.ext.plugin] [ext: omni.sensors.nv.ultrasonic-3.0.0] registered (path: c:/users/kskzz/miniconda3/envs/env_isaaclab/lib/site-packages/isaacsim/extscache/omni.sensors.nv.ultrasonic-3.0.0+69cbf6ad.wx64.r.cp311)
2026-08-01T02:19:40Z [40ms] [Info] [omni.ext.plugin] [ext: omni.services.facilities.monitoring.metrics-0.3.0] registered (path: c:/users/kskzz/miniconda3/envs/env_isaaclab/lib/site-packages/isaacsim/extscache/omni.services.facilities.monitoring.metrics-0.3.0)
2026-08-01T02:19:40Z [40ms] [Info] [omni.ext.plugin] [ext: omni.services.livestream.nvcf-7.2.0] registered (path: c:/users/kskzz/miniconda3/envs/env_isaaclab/lib/site-packages/isaacsim/extscache/omni.services.livestream.nvcf-7.2.0+107.0.3)
2026-08-01T02:19:40Z [40ms] [Info] [omni.ext.plugin] [ext: omni.services.convert.cad-507.0.2] registered (path: c:/users/kskzz/miniconda3/envs/env_isaaclab/lib/site-packages/isaacsim/extscache/omni.services.convert.cad-507.0.2+107.3.1.u353)
2026-08-01T02:19:40Z [40ms] [Info] [omni.ext.plugin] [ext: omni.services.starfleet.auth-0.1.5] registered (path: c:/users/kskzz/miniconda3/envs/env_isaaclab/lib/site-packages/isaacsim/extscache/omni.services.starfleet.auth-0.1.5)
2026-08-01T02:19:40Z [40ms] [Info] [omni.ext.plugin] [ext: omni.services.usd-1.1.0] registered (path: c:/users/kskzz/miniconda3/envs/env_isaaclab/lib/site-packages/isaacsim/extscache/omni.services.usd-1.1.0)
2026-08-01T02:19:40Z [41ms] [Info] [omni.ext.plugin] [ext: omni.services.transport.server.base-1.1.1] registered (path: c:/users/kskzz/miniconda3/envs/env_isaaclab/lib/site-packages/isaacsim/extscache/omni.services.transport.server.base-1.1.1)
2026-08-01T02:19:40Z [41ms] [Info] [omni.ext.plugin] [ext: omni.services.pip_archive-0.16.0] registered (path: c:/users/kskzz/miniconda3/envs/env_isaaclab/lib/site-packages/isaacsim/extscache/omni.services.pip_archive-0.16.0+107.0.3.wx64.cp311)
2026-08-01T02:19:40Z [41ms] [Info] [omni.ext.plugin] [ext: omni.services.client-0.5.3] registered (path: c:/users/kskzz/miniconda3/envs/env_isaaclab/lib/site-packages/isaacsim/extscache/omni.services.client-0.5.3)
2026-08-01T02:19:40Z [41ms] [Info] [omni.ext.plugin] [ext: omni.services.transport.client.http_async-1.4.0] registered (path: c:/users/kskzz/miniconda3/envs/env_isaaclab/lib/site-packages/isaacsim/extscache/omni.services.transport.client.http_async-1.4.0)
2026-08-01T02:19:40Z [41ms] [Info] [omni.ext.plugin] [ext: omni.services.convert.asset-508.0.2] registered (path: c:/users/kskzz/miniconda3/envs/env_isaaclab/lib/site-packages/isaacsim/extscache/omni.services.convert.asset-508.0.2+107.3.1.u353)
2026-08-01T02:19:40Z [41ms] [Info] [omni.ext.plugin] [ext: omni.services.facilities.monitoring.progress-0.2.4] registered (path: c:/users/kskzz/miniconda3/envs/env_isaaclab/lib/site-packages/isaacsim/extscache/omni.services.facilities.monitoring.progress-0.2.4)
2026-08-01T02:19:40Z [41ms] [Info] [omni.ext.plugin] [ext: omni.services.transport.server.zeroconf-1.0.9] registered (path: c:/users/kskzz/miniconda3/envs/env_isaaclab/lib/site-packages/isaacsim/extscache/omni.services.transport.server.zeroconf-1.0.9)
2026-08-01T02:19:40Z [41ms] [Info] [omni.ext.plugin] [ext: omni.tools.array-107.0.0] registered (path: c:/users/kskzz/miniconda3/envs/env_isaaclab/lib/site-packages/isaacsim/extscache/omni.tools.array-107.0.0)
2026-08-01T02:19:40Z [41ms] [Info] [omni.ext.plugin] [ext: omni.stats-1.0.1] registered (path: c:/users/kskzz/miniconda3/envs/env_isaaclab/lib/site-packages/isaacsim/extscache/omni.stats-1.0.1+69cbf6ad.wx64.r.cp311)
2026-08-01T02:19:40Z [41ms] [Info] [omni.ext.plugin] [ext: omni.isaac.universal_robots-1.0.6] registered (path: c:/users/kskzz/miniconda3/envs/env_isaaclab/lib/site-packages/isaacsim/extsdeprecated/omni.isaac.universal_robots)
2026-08-01T02:19:40Z [41ms] [Info] [omni.ext.plugin] [ext: omni.services.transport.server.http-1.3.1] registered (path: c:/users/kskzz/miniconda3/envs/env_isaaclab/lib/site-packages/isaacsim/extscache/omni.services.transport.server.http-1.3.1)
2026-08-01T02:19:40Z [41ms] [Info] [omni.ext.plugin] [ext: omni.services.transport.client.base-1.2.4] registered (path: c:/users/kskzz/miniconda3/envs/env_isaaclab/lib/site-packages/isaacsim/extscache/omni.services.transport.client.base-1.2.4)
2026-08-01T02:19:40Z [41ms] [Info] [omni.ext.plugin] [ext: omni.simready.explorer-1.1.3] registered (path: c:/users/kskzz/miniconda3/envs/env_isaaclab/lib/site-packages/isaacsim/extscache/omni.simready.explorer-1.1.3)
2026-08-01T02:19:40Z [41ms] [Info] [omni.ext.plugin] [ext: omni.timeline-1.0.14] registered (path: c:/users/kskzz/miniconda3/envs/env_isaaclab/lib/site-packages/isaacsim/extscache/omni.timeline-1.0.14+69cbf6ad.wx64.r.cp311)
2026-08-01T02:19:40Z [41ms] [Info] [omni.ext.plugin] [ext: omni.ui-2.27.1] registered (path: c:/users/kskzz/miniconda3/envs/env_isaaclab/lib/site-packages/isaacsim/extscache/omni.ui-2.27.1+69cbf6ad.wx64.r.cp311)
2026-08-01T02:19:40Z [41ms] [Info] [omni.ext.plugin] [ext: omni.timeline.live_session-1.1.0] registered (path: c:/users/kskzz/miniconda3/envs/env_isaaclab/lib/site-packages/isaacsim/extscache/omni.timeline.live_session-1.1.0+69cbf6ad)
2026-08-01T02:19:40Z [42ms] [Info] [omni.ext.plugin] [ext: omni.ui_query-1.1.8] registered (path: c:/users/kskzz/miniconda3/envs/env_isaaclab/lib/site-packages/isaacsim/extscache/omni.ui_query-1.1.8+69cbf6ad)
2026-08-01T02:19:40Z [42ms] [Info] [omni.ext.plugin] [ext: omni.ujitso.client-0.0.0] registered (path: c:/users/kskzz/miniconda3/envs/env_isaaclab/lib/site-packages/isaacsim/extscache/omni.ujitso.client-0.0.0+69cbf6ad.wx64.r)
2026-08-01T02:19:40Z [42ms] [Info] [omni.ext.plugin] [ext: omni.ujitso.default-1.0.0] registered (path: c:/users/kskzz/miniconda3/envs/env_isaaclab/lib/site-packages/isaacsim/extscache/omni.ujitso.default-1.0.0+69cbf6ad.wx64.r.cp311)
2026-08-01T02:19:40Z [42ms] [Info] [omni.ext.plugin] [ext: omni.usd.config-1.0.6] registered (path: c:/users/kskzz/miniconda3/envs/env_isaaclab/lib/site-packages/isaacsim/extscache/omni.usd.config-1.0.6+69cbf6ad)
2026-08-01T02:19:40Z [42ms] [Info] [omni.ext.plugin] [ext: omni.usd.core-1.5.3] registered (path: c:/users/kskzz/miniconda3/envs/env_isaaclab/lib/site-packages/isaacsim/extscache/omni.usd.core-1.5.3+69cbf6ad.wx64.r)
2026-08-01T02:19:40Z [42ms] [Info] [omni.ext.plugin] [ext: omni.uiaudio-1.0.0] registered (path: c:/users/kskzz/miniconda3/envs/env_isaaclab/lib/site-packages/isaacsim/extscache/omni.uiaudio-1.0.0+69cbf6ad.wx64.r.cp311)
2026-08-01T02:19:40Z [42ms] [Info] [omni.ext.plugin] [ext: omni.isaac.ui_template-1.0.6] registered (path: c:/users/kskzz/miniconda3/envs/env_isaaclab/lib/site-packages/isaacsim/extsdeprecated/omni.isaac.ui_template)
2026-08-01T02:19:40Z [42ms] [Info] [omni.ext.plugin] [ext: omni.ui.scene-1.11.5] registered (path: c:/users/kskzz/miniconda3/envs/env_isaaclab/lib/site-packages/isaacsim/extscache/omni.ui.scene-1.11.5+69cbf6ad.wx64.r.cp311)
2026-08-01T02:19:40Z [42ms] [Info] [omni.ext.plugin] [ext: omni.syntheticdata-0.6.13] registered (path: c:/users/kskzz/miniconda3/envs/env_isaaclab/lib/site-packages/isaacsim/extscache/omni.syntheticdata-0.6.13+69cbf6ad.wx64.r.cp311)
2026-08-01T02:19:40Z [42ms] [Info] [omni.ext.plugin] [ext: omni.usd.fileformat.e57-1.4.3] registered (path: c:/users/kskzz/miniconda3/envs/env_isaaclab/lib/site-packages/isaacsim/extscache/omni.usd.fileformat.e57-1.4.3+107.3.0.wx64.r.cp311.u353)
2026-08-01T02:19:40Z [42ms] [Info] [omni.ext.plugin] [ext: omni.usd.fileformat.pts-107.1.1] registered (path: c:/users/kskzz/miniconda3/envs/env_isaaclab/lib/site-packages/isaacsim/extscache/omni.usd.fileformat.pts-107.1.1+107.3.0.wx64.r.cp311.u353)
2026-08-01T02:19:40Z [43ms] [Info] [omni.ext.plugin] [ext: omni.usd.schema.anim-0.0.0] registered (path: c:/users/kskzz/miniconda3/envs/env_isaaclab/lib/site-packages/isaacsim/extscache/omni.usd.schema.anim-0.0.0+69cbf6ad.wx64.r.cp311)
2026-08-01T02:19:40Z [43ms] [Info] [omni.ext.plugin] [ext: omni.usd.schema.audio-0.0.0] registered (path: c:/users/kskzz/miniconda3/envs/env_isaaclab/lib/site-packages/isaacsim/extscache/omni.usd.schema.audio-0.0.0+69cbf6ad.wx64.r.cp311)
2026-08-01T02:19:40Z [43ms] [Info] [omni.ext.plugin] [ext: omni.usd.schema.omni_sensors-0.0.0] registered (path: c:/users/kskzz/miniconda3/envs/env_isaaclab/lib/site-packages/isaacsim/extscache/omni.usd.schema.omni_sensors-0.0.0+69cbf6ad)
2026-08-01T02:19:40Z [43ms] [Info] [omni.ext.plugin] [ext: omni.usd.metrics.assembler.physics-107.3.26] registered (path: c:/users/kskzz/miniconda3/envs/env_isaaclab/lib/site-packages/isaacsim/extscache/omni.usd.metrics.assembler.physics-107.3.26+107.3.3.cp311.u353)
2026-08-01T02:19:40Z [43ms] [Info] [omni.ext.plugin] [ext: omni.usd.schema.omnigraph-1.0.0] registered (path: c:/users/kskzz/miniconda3/envs/env_isaaclab/lib/site-packages/isaacsim/extscache/omni.usd.schema.omnigraph-1.0.0+69cbf6ad.wx64.r.cp311)
2026-08-01T02:19:40Z [43ms] [Info] [omni.ext.plugin] [ext: omni.usd.schema.omniscripting-1.0.0] registered (path: c:/users/kskzz/miniconda3/envs/env_isaaclab/lib/site-packages/isaacsim/extscache/omni.usd.schema.omniscripting-1.0.0+69cbf6ad.wx64.r.cp311)
2026-08-01T02:19:40Z [43ms] [Info] [omni.ext.plugin] [ext: omni.usd.schema.geospatial-0.0.0] registered (path: c:/users/kskzz/miniconda3/envs/env_isaaclab/lib/site-packages/isaacsim/extscache/omni.usd.schema.geospatial-0.0.0+69cbf6ad.wx64.r.cp311)
2026-08-01T02:19:40Z [43ms] [Info] [omni.ext.plugin] [ext: omni.usd.schema.physx-107.3.26] registered (path: c:/users/kskzz/miniconda3/envs/env_isaaclab/lib/site-packages/isaacsim/extscache/omni.usd.schema.physx-107.3.26+107.3.3.wx64.r.cp311.u353)
2026-08-01T02:19:40Z [43ms] [Info] [omni.ext.plugin] [ext: omni.usd.libs-1.0.1] registered (path: c:/users/kskzz/miniconda3/envs/env_isaaclab/lib/site-packages/isaacsim/extscache/omni.usd.libs-1.0.1+69cbf6ad.wx64.r.cp311)
2026-08-01T02:19:40Z [43ms] [Info] [omni.ext.plugin] [ext: omni.usd.metrics.assembler.ui-107.3.1] registered (path: c:/users/kskzz/miniconda3/envs/env_isaaclab/lib/site-packages/isaacsim/extscache/omni.usd.metrics.assembler.ui-107.3.1+107.3.0.cp311.u353)
2026-08-01T02:19:40Z [43ms] [Info] [omni.ext.plugin] [ext: omni.usd.schema.metrics.assembler-107.3.1] registered (path: c:/users/kskzz/miniconda3/envs/env_isaaclab/lib/site-packages/isaacsim/extscache/omni.usd.schema.metrics.assembler-107.3.1+107.3.0.wx64.r.cp311.u353)
2026-08-01T02:19:40Z [43ms] [Info] [omni.ext.plugin] [ext: omni.usd.schema.flow-107.1.1] registered (path: c:/users/kskzz/miniconda3/envs/env_isaaclab/lib/site-packages/isaacsim/extscache/omni.usd.schema.flow-107.1.1+107.1.0.u353)
2026-08-01T02:19:40Z [43ms] [Info] [omni.ext.plugin] [ext: omni.usd.schema.render_settings.rtx-0.0.0] registered (path: c:/users/kskzz/miniconda3/envs/env_isaaclab/lib/site-packages/isaacsim/extscache/omni.usd.schema.render_settings.rtx-0.0.0+69cbf6ad)
2026-08-01T02:19:40Z [43ms] [Info] [omni.ext.plugin] [ext: omni.usd.schema.scene.visualization-2.0.2] registered (path: c:/users/kskzz/miniconda3/envs/env_isaaclab/lib/site-packages/isaacsim/extscache/omni.usd.schema.scene.visualization-2.0.2+107.0.3)
2026-08-01T02:19:40Z [43ms] [Info] [omni.ext.plugin] [ext: omni.usd-1.13.10] registered (path: c:/users/kskzz/miniconda3/envs/env_isaaclab/lib/site-packages/isaacsim/extscache/omni.usd-1.13.10+69cbf6ad.wx64.r.cp311)
2026-08-01T02:19:40Z [43ms] [Info] [omni.ext.plugin] [ext: omni.usd.metrics.assembler-107.3.1] registered (path: c:/users/kskzz/miniconda3/envs/env_isaaclab/lib/site-packages/isaacsim/extscache/omni.usd.metrics.assembler-107.3.1+107.3.0.wx64.r.cp311.u353)
2026-08-01T02:19:40Z [44ms] [Info] [omni.ext.plugin] [ext: omni.usd_resolver-1.0.0] registered (path: c:/users/kskzz/miniconda3/envs/env_isaaclab/lib/site-packages/isaacsim/extscache/omni.usd_resolver-1.0.0+69cbf6ad.wx64.r.cp311)
2026-08-01T02:19:40Z [44ms] [Info] [omni.ext.plugin] [ext: omni.usdphysics.ui-107.3.26] registered (path: c:/users/kskzz/miniconda3/envs/env_isaaclab/lib/site-packages/isaacsim/extscache/omni.usdphysics.ui-107.3.26+107.3.3.wx64.r.cp311.u353)
2026-08-01T02:19:40Z [44ms] [Info] [omni.ext.plugin] [ext: omni.usd.schema.omni_lens_distortion-0.0.0] registered (path: c:/users/kskzz/miniconda3/envs/env_isaaclab/lib/site-packages/isaacsim/extscache/omni.usd.schema.omni_lens_distortion-0.0.0+69cbf6ad)
2026-08-01T02:19:40Z [44ms] [Info] [omni.ext.plugin] [ext: omni.usdphysics-107.3.26] registered (path: c:/users/kskzz/miniconda3/envs/env_isaaclab/lib/site-packages/isaacsim/extscache/omni.usdphysics-107.3.26+107.3.3.wx64.r.cp311.u353)
2026-08-01T02:19:40Z [44ms] [Info] [omni.ext.plugin] [ext: omni.isaac.benchmark.services-2.0.7] registered (path: c:/users/kskzz/miniconda3/envs/env_isaaclab/lib/site-packages/isaacsim/extsdeprecated/omni.isaac.benchmark.services)
2026-08-01T02:19:40Z [44ms] [Info] [omni.ext.plugin] [ext: omni.isaac.asset_browser-1.0.6] registered (path: c:/users/kskzz/miniconda3/envs/env_isaaclab/lib/site-packages/isaacsim/extsdeprecated/omni.isaac.asset_browser)
2026-08-01T02:19:40Z [44ms] [Info] [omni.ext.plugin] [ext: omni.vdb_timesample_editor-0.2.0] registered (path: c:/users/kskzz/miniconda3/envs/env_isaaclab/lib/site-packages/isaacsim/extscache/omni.vdb_timesample_editor-0.2.0)
2026-08-01T02:19:40Z [44ms] [Info] [omni.ext.plugin] [ext: omni.isaac.app.selector-3.0.7] registered (path: c:/users/kskzz/miniconda3/envs/env_isaaclab/lib/site-packages/isaacsim/extsdeprecated/omni.isaac.app.selector)
2026-08-01T02:19:40Z [44ms] [Info] [omni.ext.plugin] [ext: omni.isaac.block_world-2.0.6] registered (path: c:/users/kskzz/miniconda3/envs/env_isaaclab/lib/site-packages/isaacsim/extsdeprecated/omni.isaac.block_world)
2026-08-01T02:19:40Z [44ms] [Info] [omni.ext.plugin] [ext: omni.exporter.urdf-1.0.9] registered (path: c:/users/kskzz/miniconda3/envs/env_isaaclab/lib/site-packages/isaacsim/extsdeprecated/omni.exporter.urdf)
2026-08-01T02:19:40Z [44ms] [Info] [omni.ext.plugin] [ext: omni.isaac.articulation_inspector-0.1.16] registered (path: c:/users/kskzz/miniconda3/envs/env_isaaclab/lib/site-packages/isaacsim/extsdeprecated/omni.isaac.articulation_inspector)
2026-08-01T02:19:40Z [44ms] [Info] [omni.ext.plugin] [ext: isaacsim.replicator.scene_blox-1.0.8] registered (path: c:/users/kskzz/miniconda3/envs/env_isaaclab/lib/site-packages/isaacsim/extsdeprecated/isaacsim.replicator.scene_blox)
2026-08-01T02:19:40Z [44ms] [Info] [omni.ext.plugin] [ext: omni.isaac.app.setup-1.0.6] registered (path: c:/users/kskzz/miniconda3/envs/env_isaaclab/lib/site-packages/isaacsim/extsdeprecated/omni.isaac.app.setup)
2026-08-01T02:19:40Z [44ms] [Info] [omni.ext.plugin] [ext: omni.isaac.assets_check-0.3.13] registered (path: c:/users/kskzz/miniconda3/envs/env_isaaclab/lib/site-packages/isaacsim/extsdeprecated/omni.isaac.assets_check)
2026-08-01T02:19:40Z [44ms] [Info] [omni.ext.plugin] [ext: omni.usd.schema.sequence-3.0.1] registered (path: c:/users/kskzz/miniconda3/envs/env_isaaclab/lib/site-packages/isaacsim/extscache/omni.usd.schema.sequence-3.0.1+107.2.0.wx64.r.cp311.u353)
2026-08-01T02:19:40Z [44ms] [Info] [omni.ext.plugin] [ext: omni.videoencoding-0.1.2] registered (path: c:/users/kskzz/miniconda3/envs/env_isaaclab/lib/site-packages/isaacsim/extscache/omni.videoencoding-0.1.2+69cbf6ad.wx64.r.cp311)
2026-08-01T02:19:40Z [44ms] [Info] [omni.ext.plugin] [ext: omni.warp.core-1.8.2] registered (path: c:/users/kskzz/miniconda3/envs/env_isaaclab/lib/site-packages/isaacsim/extscache/omni.warp.core-1.8.2+wx64)
2026-08-01T02:19:40Z [44ms] [Info] [omni.ext.plugin] [ext: omni.volume-0.5.2] registered (path: c:/users/kskzz/miniconda3/envs/env_isaaclab/lib/site-packages/isaacsim/extscache/omni.volume-0.5.2+69cbf6ad.wx64.r.cp311)
2026-08-01T02:19:40Z [44ms] [Info] [omni.ext.plugin] [ext: omni.isaac.benchmarks-1.0.6] registered (path: c:/users/kskzz/miniconda3/envs/env_isaaclab/lib/site-packages/isaacsim/extsdeprecated/omni.isaac.benchmarks)
2026-08-01T02:19:40Z [44ms] [Info] [omni.ext.plugin] [ext: omni.usd.schema.semantics-0.0.0] registered (path: c:/users/kskzz/miniconda3/envs/env_isaaclab/lib/site-packages/isaacsim/extscache/omni.usd.schema.semantics-0.0.0+69cbf6ad.wx64.r.cp311)
2026-08-01T02:19:40Z [44ms] [Info] [omni.ext.plugin] [ext: omni.isaac.camera_inspector-1.0.6] registered (path: c:/users/kskzz/miniconda3/envs/env_isaaclab/lib/site-packages/isaacsim/extsdeprecated/omni.isaac.camera_inspector)
2026-08-01T02:19:40Z [44ms] [Info] [omni.ext.plugin] [ext: omni.isaac.cloner-1.0.7] registered (path: c:/users/kskzz/miniconda3/envs/env_isaaclab/lib/site-packages/isaacsim/extsdeprecated/omni.isaac.cloner)
2026-08-01T02:19:40Z [44ms] [Info] [omni.ext.plugin] [ext: omni.usdex.libs-1.2.2] registered (path: c:/users/kskzz/miniconda3/envs/env_isaaclab/lib/site-packages/isaacsim/extscache/omni.usdex.libs-1.2.2+107.3.1.wx64.r.cp311.u353)
2026-08-01T02:19:40Z [44ms] [Info] [omni.ext.plugin] [ext: omni.isaac.ui-1.0.7] registered (path: c:/users/kskzz/miniconda3/envs/env_isaaclab/lib/site-packages/isaacsim/extsdeprecated/omni.isaac.ui)
2026-08-01T02:19:40Z [45ms] [Info] [omni.ext.plugin] [ext: omni.isaac.conveyor-1.0.11] registered (path: c:/users/kskzz/miniconda3/envs/env_isaaclab/lib/site-packages/isaacsim/extsdeprecated/omni.isaac.conveyor)
2026-08-01T02:19:40Z [45ms] [Info] [omni.ext.plugin] [ext: omni.isaac.conveyor.ui-2.0.9] registered (path: c:/users/kskzz/miniconda3/envs/env_isaaclab/lib/site-packages/isaacsim/extsdeprecated/omni.isaac.conveyor.ui)
2026-08-01T02:19:40Z [45ms] [Info] [omni.ext.plugin] [ext: omni.isaac.core-4.0.7] registered (path: c:/users/kskzz/miniconda3/envs/env_isaaclab/lib/site-packages/isaacsim/extsdeprecated/omni.isaac.core)
2026-08-01T02:19:40Z [45ms] [Info] [omni.ext.plugin] [ext: omni.isaac.doctest-1.0.7] registered (path: c:/users/kskzz/miniconda3/envs/env_isaaclab/lib/site-packages/isaacsim/extsdeprecated/omni.isaac.doctest)
2026-08-01T02:19:40Z [45ms] [Info] [omni.ext.plugin] [ext: omni.warp-1.8.2] registered (path: c:/users/kskzz/miniconda3/envs/env_isaaclab/lib/site-packages/isaacsim/extscache/omni.warp-1.8.2)
2026-08-01T02:19:40Z [45ms] [Info] [omni.ext.plugin] [ext: semantics.schema.editor-2.0.2] registered (path: c:/users/kskzz/miniconda3/envs/env_isaaclab/lib/site-packages/isaacsim/extscache/semantics.schema.editor-2.0.2)
2026-08-01T02:19:40Z [45ms] [Info] [omni.ext.plugin] [ext: usdrt.scenegraph-7.6.1] registered (path: c:/users/kskzz/miniconda3/envs/env_isaaclab/lib/site-packages/isaacsim/extscache/usdrt.scenegraph-7.6.1+69cbf6ad.wx64.r.cp311)
2026-08-01T02:19:40Z [45ms] [Info] [omni.ext.plugin] [ext: omni.isaac.cortex-1.0.5] registered (path: c:/users/kskzz/miniconda3/envs/env_isaaclab/lib/site-packages/isaacsim/extsdeprecated/omni.isaac.cortex)
2026-08-01T02:19:40Z [45ms] [Info] [omni.ext.plugin] [ext: omni.isaac.dynamic_control-2.0.7] registered (path: c:/users/kskzz/miniconda3/envs/env_isaaclab/lib/site-packages/isaacsim/extsdeprecated/omni.isaac.dynamic_control)
2026-08-01T02:19:40Z [45ms] [Info] [omni.ext.plugin] [ext: omni.isaac.cortex.sample_behaviors-2.0.5] registered (path: c:/users/kskzz/miniconda3/envs/env_isaaclab/lib/site-packages/isaacsim/extsdeprecated/omni.isaac.cortex.sample_behaviors)
2026-08-01T02:19:40Z [45ms] [Info] [omni.ext.plugin] [ext: omni.isaac.franka-1.0.7] registered (path: c:/users/kskzz/miniconda3/envs/env_isaaclab/lib/site-packages/isaacsim/extsdeprecated/omni.isaac.franka)
2026-08-01T02:19:40Z [45ms] [Info] [omni.ext.plugin] [ext: omni.isaac.core_nodes-2.0.6] registered (path: c:/users/kskzz/miniconda3/envs/env_isaaclab/lib/site-packages/isaacsim/extsdeprecated/omni.isaac.core_nodes)
2026-08-01T02:19:40Z [45ms] [Info] [omni.ext.plugin] [ext: omni.warehouse_creator-0.4.4] registered (path: c:/users/kskzz/miniconda3/envs/env_isaaclab/lib/site-packages/isaacsim/extscache/omni.warehouse_creator-0.4.4)
2026-08-01T02:19:40Z [45ms] [Info] [omni.ext.plugin] [ext: omni.isaac.jupyter_notebook-1.0.8] registered (path: c:/users/kskzz/miniconda3/envs/env_isaaclab/lib/site-packages/isaacsim/extsdeprecated/omni.isaac.jupyter_notebook)
2026-08-01T02:19:40Z [45ms] [Info] [omni.ext.plugin] [ext: omni.isaac.debug_draw-2.1.7] registered (path: c:/users/kskzz/miniconda3/envs/env_isaaclab/lib/site-packages/isaacsim/extsdeprecated/omni.isaac.debug_draw)
2026-08-01T02:19:40Z [45ms] [Info] [omni.ext.plugin] [ext: omni.isaac.examples-4.0.7] registered (path: c:/users/kskzz/miniconda3/envs/env_isaaclab/lib/site-packages/isaacsim/extsdeprecated/omni.isaac.examples)
2026-08-01T02:19:40Z [45ms] [Info] [omni.ext.plugin] [ext: omni.isaac.gain_tuner-2.0.5] registered (path: c:/users/kskzz/miniconda3/envs/env_isaaclab/lib/site-packages/isaacsim/extsdeprecated/omni.isaac.gain_tuner)
2026-08-01T02:19:40Z [45ms] [Info] [omni.ext.plugin] [ext: omni.isaac.kit-2.0.6] registered (path: c:/users/kskzz/miniconda3/envs/env_isaaclab/lib/site-packages/isaacsim/extsdeprecated/omni.isaac.kit)
2026-08-01T02:19:40Z [45ms] [Info] [omni.ext.plugin] [ext: semantics.schema.property-2.0.1] registered (path: c:/users/kskzz/miniconda3/envs/env_isaaclab/lib/site-packages/isaacsim/extscache/semantics.schema.property-2.0.1)
2026-08-01T02:19:40Z [45ms] [Info] [omni.ext.plugin] [ext: omni.isaac.lula-4.0.6] registered (path: c:/users/kskzz/miniconda3/envs/env_isaaclab/lib/site-packages/isaacsim/extsdeprecated/omni.isaac.lula)
2026-08-01T02:19:40Z [45ms] [Info] [omni.ext.plugin] [ext: omni.isaac.menu-1.0.6] registered (path: c:/users/kskzz/miniconda3/envs/env_isaaclab/lib/site-packages/isaacsim/extsdeprecated/omni.isaac.menu)
2026-08-01T02:19:40Z [45ms] [Info] [omni.ext.plugin] [ext: omni.isaac.nucleus-1.0.6] registered (path: c:/users/kskzz/miniconda3/envs/env_isaaclab/lib/site-packages/isaacsim/extsdeprecated/omni.isaac.nucleus)
2026-08-01T02:19:40Z [45ms] [Info] [omni.ext.plugin] [ext: omni.isaac.examples_nodes-1.0.5] registered (path: c:/users/kskzz/miniconda3/envs/env_isaaclab/lib/site-packages/isaacsim/extsdeprecated/omni.isaac.examples_nodes)
2026-08-01T02:19:40Z [45ms] [Info] [omni.ext.plugin] [ext: omni.isaac.manipulators-3.0.7] registered (path: c:/users/kskzz/miniconda3/envs/env_isaaclab/lib/site-packages/isaacsim/extsdeprecated/omni.isaac.manipulators)
2026-08-01T02:19:40Z [46ms] [Info] [omni.ext.plugin] [ext: omni.isaac.grasp_editor-2.0.7] registered (path: c:/users/kskzz/miniconda3/envs/env_isaaclab/lib/site-packages/isaacsim/extsdeprecated/omni.isaac.grasp_editor)
2026-08-01T02:19:40Z [45ms] [Info] [omni.ext.plugin] [ext: omni.isaac.motion_generation-8.0.7] registered (path: c:/users/kskzz/miniconda3/envs/env_isaaclab/lib/site-packages/isaacsim/extsdeprecated/omni.isaac.motion_generation)
2026-08-01T02:19:40Z [46ms] [Info] [omni.ext.plugin] [ext: omni.isaac.throttling-2.0.7] registered (path: c:/users/kskzz/miniconda3/envs/env_isaaclab/lib/site-packages/isaacsim/extsdeprecated/omni.isaac.throttling)
2026-08-01T02:19:40Z [46ms] [Info] [omni.ext.plugin] [ext: omni.isaac.extension_templates-2.0.7] registered (path: c:/users/kskzz/miniconda3/envs/env_isaaclab/lib/site-packages/isaacsim/extsdeprecated/omni.isaac.extension_templates)
2026-08-01T02:19:40Z [46ms] [Info] [omni.ext.plugin] [ext: omni.isaac.physics_utilities-1.0.5] registered (path: c:/users/kskzz/miniconda3/envs/env_isaaclab/lib/site-packages/isaacsim/extsdeprecated/omni.isaac.physics_utilities)
2026-08-01T02:19:40Z [46ms] [Info] [omni.ext.plugin] [ext: omni.isaac.occupancy_map-2.0.8] registered (path: c:/users/kskzz/miniconda3/envs/env_isaaclab/lib/site-packages/isaacsim/extsdeprecated/omni.isaac.occupancy_map)
2026-08-01T02:19:40Z [46ms] [Info] [omni.ext.plugin] [ext: omni.isaac.manipulators.ui-2.0.5] registered (path: c:/users/kskzz/miniconda3/envs/env_isaaclab/lib/site-packages/isaacsim/extsdeprecated/omni.isaac.manipulators.ui)
2026-08-01T02:19:40Z [46ms] [Info] [omni.ext.plugin] [ext: omni.isaac.lula_test_widget-1.0.6] registered (path: c:/users/kskzz/miniconda3/envs/env_isaaclab/lib/site-packages/isaacsim/extsdeprecated/omni.isaac.lula_test_widget)
2026-08-01T02:19:40Z [46ms] [Info] [omni.ext.plugin] [ext: omni.isaac.quadruped-3.0.7] registered (path: c:/users/kskzz/miniconda3/envs/env_isaaclab/lib/site-packages/isaacsim/extsdeprecated/omni.isaac.quadruped)
2026-08-01T02:19:40Z [46ms] [Info] [omni.ext.plugin] [ext: omni.isaac.merge_mesh-2.0.8] registered (path: c:/users/kskzz/miniconda3/envs/env_isaaclab/lib/site-packages/isaacsim/extsdeprecated/omni.isaac.merge_mesh)
2026-08-01T02:19:40Z [46ms] [Info] [omni.ext.plugin] [ext: omni.isaac.physics_inspector-0.1.11] registered (path: c:/users/kskzz/miniconda3/envs/env_isaaclab/lib/site-packages/isaacsim/extsdeprecated/omni.isaac.physics_inspector)
2026-08-01T02:19:40Z [46ms] [Info] [omni.ext.plugin] [ext: omni.isaac.proximity_sensor-2.0.7] registered (path: c:/users/kskzz/miniconda3/envs/env_isaaclab/lib/site-packages/isaacsim/extsdeprecated/omni.isaac.proximity_sensor)
2026-08-01T02:19:40Z [46ms] [Info] [omni.ext.plugin] [ext: omni.isaac.occupancy_map.ui-2.0.8] registered (path: c:/users/kskzz/miniconda3/envs/env_isaaclab/lib/site-packages/isaacsim/extsdeprecated/omni.isaac.occupancy_map.ui)
2026-08-01T02:19:40Z [46ms] [Info] [omni.ext.plugin] [ext: omni.isaac.robot_description_editor-3.0.5] registered (path: c:/users/kskzz/miniconda3/envs/env_isaaclab/lib/site-packages/isaacsim/extsdeprecated/omni.isaac.robot_description_editor)
2026-08-01T02:19:40Z [46ms] [Info] [omni.ext.plugin] [ext: omni.isaac.ros2_bridge-3.0.8] registered (path: c:/users/kskzz/miniconda3/envs/env_isaaclab/lib/site-packages/isaacsim/extsdeprecated/omni.isaac.ros2_bridge)
2026-08-01T02:19:40Z [46ms] [Info] [omni.ext.plugin] [ext: omni.isaac.scene_blox-1.0.6] registered (path: c:/users/kskzz/miniconda3/envs/env_isaaclab/lib/site-packages/isaacsim/extsdeprecated/omni.isaac.scene_blox)
2026-08-01T02:19:40Z [46ms] [Info] [omni.ext.plugin] [ext: omni.isaac.sensor-13.0.7] registered (path: c:/users/kskzz/miniconda3/envs/env_isaaclab/lib/site-packages/isaacsim/extsdeprecated/omni.isaac.sensor)
2026-08-01T02:19:40Z [46ms] [Info] [omni.ext.plugin] [ext: omni.isaac.range_sensor-4.0.6] registered (path: c:/users/kskzz/miniconda3/envs/env_isaaclab/lib/site-packages/isaacsim/extsdeprecated/omni.isaac.range_sensor)
2026-08-01T02:19:40Z [46ms] [Info] [omni.ext.plugin] [ext: omni.isaac.surface_gripper-2.0.6] registered (path: c:/users/kskzz/miniconda3/envs/env_isaaclab/lib/site-packages/isaacsim/extsdeprecated/omni.isaac.surface_gripper)
2026-08-01T02:19:40Z [46ms] [Info] [omni.ext.plugin] [ext: omni.isaac.range_sensor.ui-2.0.5] registered (path: c:/users/kskzz/miniconda3/envs/env_isaaclab/lib/site-packages/isaacsim/extsdeprecated/omni.isaac.range_sensor.ui)
2026-08-01T02:19:40Z [46ms] [Info] [omni.ext.plugin] [ext: omni.isaac.range_sensor.examples-2.0.6] registered (path: c:/users/kskzz/miniconda3/envs/env_isaaclab/lib/site-packages/isaacsim/extsdeprecated/omni.isaac.range_sensor.examples)
2026-08-01T02:19:40Z [46ms] [Info] [omni.ext.plugin] [ext: omni.isaac.synthetic_recorder-2.0.6] registered (path: c:/users/kskzz/miniconda3/envs/env_isaaclab/lib/site-packages/isaacsim/extsdeprecated/omni.isaac.synthetic_recorder)
2026-08-01T02:19:40Z [46ms] [Info] [omni.ext.plugin] [ext: omni.isaac.surface_gripper.ui-2.0.5] registered (path: c:/users/kskzz/miniconda3/envs/env_isaaclab/lib/site-packages/isaacsim/extsdeprecated/omni.isaac.surface_gripper.ui)
2026-08-01T02:19:40Z [46ms] [Info] [omni.ext.plugin] [ext: omni.kit.xr.core-107.3.109] registered (path: c:/users/kskzz/miniconda3/envs/env_isaaclab/lib/site-packages/isaacsim/extscache/omni.kit.xr.core-107.3.109+107.3.3.wx64.r.cp311.u353)
2026-08-01T02:19:40Z [46ms] [Info] [omni.ext.plugin] [ext: omni.isaac.tests-2.0.7] registered (path: c:/users/kskzz/miniconda3/envs/env_isaaclab/lib/site-packages/isaacsim/extsdeprecated/omni.isaac.tests)
2026-08-01T02:19:40Z [46ms] [Info] [omni.ext.plugin] [ext: omni.isaac.tf_viewer-1.0.7] registered (path: c:/users/kskzz/miniconda3/envs/env_isaaclab/lib/site-packages/isaacsim/extsdeprecated/omni.isaac.tf_viewer)
2026-08-01T02:19:40Z [47ms] [Info] [omni.ext.plugin] [ext: omni.isaac.ros2_bridge.robot_description-1.1.5] registered (path: c:/users/kskzz/miniconda3/envs/env_isaaclab/lib/site-packages/isaacsim/extsdeprecated/omni.isaac.ros2_bridge.robot_description)
2026-08-01T02:19:40Z [47ms] [Info] [omni.ext.plugin] [ext: omni.isaac.robot_assembler-2.0.8] registered (path: c:/users/kskzz/miniconda3/envs/env_isaaclab/lib/site-packages/isaacsim/extsdeprecated/omni.isaac.robot_assembler)
2026-08-01T02:19:40Z [47ms] [Info] [omni.ext.plugin] [ext manager] preferLocalVersions: 1
2026-08-01T02:19:40Z [47ms] [Info] [omni.ext.plugin] Processing exts enabling request: 'isaaclab.python.headless.rendering-2.3.2'
2026-08-01T02:19:40Z [50ms] [Info] [omni.ext.plugin] Extensions dependency solver solution:
[ext: isaaclab.python.headless.rendering-2.3.2] deps:
 -> 'isaaclab.python.headless' = { version='^' } selected: [isaaclab.python.headless-2.3.2]
 -> 'omni.kit.material.library' = { version='^' } selected: [omni.kit.material.library-2.0.7]
 -> 'omni.kit.viewport.rtx' = { version='^' } selected: [omni.kit.viewport.rtx-104.0.1]
 -> 'omni.replicator.core' = { version='^' } selected: [omni.replicator.core-1.12.27]
[ext: isaaclab.python.headless-2.3.2] deps:
 -> 'isaaclab' = { version='^' } selected: [isaaclab-0.54.3]
 -> 'isaaclab_assets' = { version='^' } selected: [isaaclab_assets-0.2.4]
 -> 'isaaclab_mimic' = { version='^' } selected: [isaaclab_mimic-1.0.16]
 -> 'isaaclab_rl' = { version='^' } selected: [isaaclab_rl-0.5.1]
 -> 'isaaclab_tasks' = { version='^' } selected: [isaaclab_tasks-0.11.16]
 -> 'isaacsim.core.api' = { version='^' } selected: [isaacsim.core.api-4.8.0]
 -> 'isaacsim.core.cloner' = { version='^' } selected: [isaacsim.core.cloner-1.4.10]
 -> 'isaacsim.core.utils' = { version='^' } selected: [isaacsim.core.utils-3.5.1]
 -> 'isaacsim.core.version' = { version='^' } selected: [isaacsim.core.version-2.0.6]
 -> 'isaacsim.simulation_app' = { version='^' } selected: [isaacsim.simulation_app-2.12.2]
 -> 'omni.kit.loop' = { version='^' } selected: [omni.kit.loop-isaac-1.3.7]
 -> 'omni.kit.telemetry' = { version='^' } selected: [omni.kit.telemetry-0.5.2]
 -> 'omni.kit.usd.mdl' = { version='^' } selected: [omni.kit.usd.mdl-1.1.5]
 -> 'omni.physx' = { version='^' } selected: [omni.physx-107.3.26]
 -> 'omni.physx.fabric' = { version='^' } selected: [omni.physx.fabric-107.3.26]
 -> 'omni.physx.tensors' = { version='^' } selected: [omni.physx.tensors-107.3.26]
 -> 'omni.usd.metrics.assembler.ui' = { version='^' } selected: [omni.usd.metrics.assembler.ui-107.3.1]
 -> 'omni.warp.core' = { version='^' } selected: [omni.warp.core-1.8.2]
 -> 'usdrt.scenegraph' = { version='^' } selected: [usdrt.scenegraph-7.6.1]
[ext: isaaclab_mimic-1.0.16] deps:
 -> 'isaaclab' = { version='^' } selected: [isaaclab-0.54.3]
 -> 'isaaclab_assets' = { version='^' } selected: [isaaclab_assets-0.2.4]
 -> 'isaaclab_tasks' = { version='^' } selected: [isaaclab_tasks-0.11.16]
[ext: isaaclab_rl-0.5.1] deps:
 -> 'isaaclab' = { version='^' } selected: [isaaclab-0.54.3]
 -> 'isaaclab_assets' = { version='^' } selected: [isaaclab_assets-0.2.4]
 -> 'isaaclab_tasks' = { version='^' } selected: [isaaclab_tasks-0.11.16]
[ext: isaaclab_tasks-0.11.16] deps:
 -> 'isaaclab' = { version='^' } selected: [isaaclab-0.54.3]
 -> 'isaaclab_assets' = { version='^' } selected: [isaaclab_assets-0.2.4]
[ext: isaaclab_assets-0.2.4] deps:
 -> 'isaaclab' = { version='^' } selected: [isaaclab-0.54.3]
 -> 'isaaclab_contrib' = { version='^' } selected: [isaaclab_contrib-0.0.2]
[ext: omni.physx.fabric-107.3.26] deps:
 -> 'omni.physx' = { version='=107.3.26' } selected: [omni.physx-107.3.26]
 -> 'omni.graph.core' = { version='^' optional=true  } selected: [omni.graph.core-2.184.5]
 -> 'omni.kit.widget.settings' = { version='^' optional=true  } selected: [omni.kit.widget.settings-1.2.6]
 -> 'omni.kit.window.preferences' = { version='^' optional=true  } selected: [omni.kit.window.preferences-1.8.0]
 -> 'omni.ui' = { version='^' optional=true  } selected: [omni.ui-2.27.1]
 -> 'usdrt.scenegraph' = { version='^' } selected: [usdrt.scenegraph-7.6.1]
[ext: omni.replicator.core-1.12.27] deps:
 -> 'omni.graph' = { version='^' } selected: [omni.graph-1.141.2]
 -> 'omni.graph.action' = { version='^' } selected: [omni.graph.action-1.130.0]
 -> 'omni.graph.core' = { version='^' } selected: [omni.graph.core-2.184.5]
 -> 'omni.graph.nodes' = { version='^' } selected: [omni.graph.nodes-1.170.10]
 -> 'omni.graph.scriptnode' = { version='^' } selected: [omni.graph.scriptnode-1.50.0]
 -> 'omni.hydra.engine.stats' = { version='^' } selected: [omni.hydra.engine.stats-1.0.3]
 -> 'omni.hydra.rtx' = { version='^' } selected: [omni.hydra.rtx-1.0.0]
 -> 'omni.hydra.usdrt_delegate' = { version='^' } selected: [omni.hydra.usdrt_delegate-7.5.1]
 -> 'omni.inspect' = { version='^' } selected: [omni.inspect-1.0.2]
 -> 'omni.kit.material.library' = { version='^' } selected: [omni.kit.material.library-2.0.7]
 -> 'omni.kit.primitive.mesh' = { version='^' } selected: [omni.kit.primitive.mesh-1.0.17]
 -> 'omni.kit.usd.mdl' = { version='^' } selected: [omni.kit.usd.mdl-1.1.5]
 -> 'omni.kit.viewport.utility' = { version='^' } selected: [omni.kit.viewport.utility-1.1.2]
 -> 'omni.kit.viewport.window' = { version='^' } selected: [omni.kit.viewport.window-107.2.0]
 -> 'omni.kit.window.material_graph' = { version='^' } selected: [omni.kit.window.material_graph-1.9.1]
 -> 'omni.physics.physx' = { version='^' } selected: [omni.physics.physx-107.3.26]
 -> 'omni.physics.stageupdate' = { version='^' } selected: [omni.physics.stageupdate-107.3.26]
 -> 'omni.physx' = { version='^' } selected: [omni.physx-107.3.26]
 -> 'omni.syntheticdata' = { version='^' } selected: [omni.syntheticdata-0.6.13]
 -> 'omni.timeline' = { version='^' } selected: [omni.timeline-1.0.14]
 -> 'omni.usd.schema.anim' = { version='^' } selected: [omni.usd.schema.anim-0.0.0]
 -> 'omni.usd.schema.omni_sensors' = { version='^' } selected: [omni.usd.schema.omni_sensors-0.0.0]
 -> 'omni.videoencoding' = { version='^' } selected: [omni.videoencoding-0.1.2]
 -> 'omni.warp' = { version='^' } selected: [omni.warp-1.8.2]
[ext: isaacsim.core.api-4.8.0] deps:
 -> 'isaacsim.core.deprecation_manager' = { version='^' } selected: [isaacsim.core.deprecation_manager-0.2.7]
 -> 'isaacsim.core.prims' = { version='^' } selected: [isaacsim.core.prims-0.6.1]
 -> 'isaacsim.core.simulation_manager' = { version='^' } selected: [isaacsim.core.simulation_manager-1.4.4]
 -> 'isaacsim.core.utils' = { version='^' } selected: [isaacsim.core.utils-3.5.1]
 -> 'isaacsim.core.version' = { version='^' } selected: [isaacsim.core.version-2.0.6]
 -> 'isaacsim.storage.native' = { version='^' } selected: [isaacsim.storage.native-1.5.1]
 -> 'omni.hydra.usdrt_delegate' = { version='^' } selected: [omni.hydra.usdrt_delegate-7.5.1]
 -> 'omni.kit.material.library' = { version='^' optional=true  } selected: [omni.kit.material.library-2.0.7]
 -> 'omni.kit.stage_templates' = { version='^' } selected: [omni.kit.stage_templates-2.0.0]
 -> 'omni.kit.usd.layers' = { version='^' } selected: [omni.kit.usd.layers-2.2.11]
 -> 'omni.physics.physx' = { version='^' } selected: [omni.physics.physx-107.3.26]
 -> 'omni.physics.stageupdate' = { version='^' } selected: [omni.physics.stageupdate-107.3.26]
 -> 'omni.physx.tensors' = { version='^' } selected: [omni.physx.tensors-107.3.26]
 -> 'omni.usd.schema.semantics' = { version='^' } selected: [omni.usd.schema.semantics-0.0.0]
 -> 'omni.warp.core' = { version='^' } selected: [omni.warp.core-1.8.2]
[ext: isaaclab_contrib-0.0.2] deps:
 -> 'isaaclab' = { version='^' } selected: [isaaclab-0.54.3]
[ext: isaaclab-0.54.3] no deps
[ext: isaacsim.core.cloner-1.4.10] deps:
 -> 'isaacsim.core.deprecation_manager' = { version='^' } selected: [isaacsim.core.deprecation_manager-0.2.7]
 -> 'isaacsim.core.simulation_manager' = { version='^' } selected: [isaacsim.core.simulation_manager-1.4.4]
 -> 'omni.physx' = { version='^' } selected: [omni.physx-107.3.26]
 -> 'omni.usd' = { version='^' } selected: [omni.usd-1.13.10]
 -> 'omni.usd.libs' = { version='^' } selected: [omni.usd.libs-1.0.1]
[ext: omni.kit.stage_templates-2.0.0] deps:
 -> 'omni.kit.actions.core' = { version='^' } selected: [omni.kit.actions.core-1.0.0]
 -> 'omni.kit.commands' = { version='^' } selected: [omni.kit.commands-1.4.10]
 -> 'omni.kit.primitive.mesh' = { version='^' } selected: [omni.kit.primitive.mesh-1.0.17]
 -> 'omni.kit.stage_template.core' = { version='^' } selected: [omni.kit.stage_template.core-1.1.22]
 -> 'omni.usd' = { version='^' } selected: [omni.usd-1.13.10]
[ext: omni.videoencoding-0.1.2] deps:
 -> 'omni.assets.plugins' = { version='^' } selected: [omni.assets.plugins-0.0.0]
[ext: omni.warp-1.8.2] deps:
 -> 'omni.warp.core' = { version='~1.8' } selected: [omni.warp.core-1.8.2]
 -> 'omni.graph' = { version='^' } selected: [omni.graph-1.141.2]
 -> 'omni.graph.action' = { version='^' } selected: [omni.graph.action-1.130.0]
 -> 'omni.graph.core' = { version='^' } selected: [omni.graph.core-2.184.5]
 -> 'omni.graph.nodes' = { version='^' } selected: [omni.graph.nodes-1.170.10]
 -> 'omni.graph.ui_nodes' = { version='^' } selected: [omni.graph.ui_nodes-1.50.5]
 -> 'omni.kit.actions.core' = { version='^' } selected: [omni.kit.actions.core-1.0.0]
 -> 'omni.kit.menu.utils' = { version='^' optional=true  } selected: [omni.kit.menu.utils-2.0.5]
 -> 'omni.kit.widget.searchfield' = { version='^' optional=true  } selected: [omni.kit.widget.searchfield-1.1.8]
 -> 'omni.timeline' = { version='^' } selected: [omni.timeline-1.0.14]
 -> 'omni.ui' = { version='^' optional=true  } selected: [omni.ui-2.27.1]
 -> 'omni.usd' = { version='^' } selected: [omni.usd-1.13.10]
 -> 'usdrt.scenegraph' = { version='^' } selected: [usdrt.scenegraph-7.6.1]
[ext: isaacsim.core.prims-0.6.1] deps:
 -> 'isaacsim.core.deprecation_manager' = { version='^' } selected: [isaacsim.core.deprecation_manager-0.2.7]
 -> 'isaacsim.core.simulation_manager' = { version='^' } selected: [isaacsim.core.simulation_manager-1.4.4]
 -> 'isaacsim.core.utils' = { version='^' } selected: [isaacsim.core.utils-3.5.1]
 -> 'omni.physx.tensors' = { version='^' } selected: [omni.physx.tensors-107.3.26]
 -> 'omni.usd.schema.semantics' = { version='^' } selected: [omni.usd.schema.semantics-0.0.0]
 -> 'omni.warp.core' = { version='^' } selected: [omni.warp.core-1.8.2]
[ext: omni.kit.primitive.mesh-1.0.17] deps:
 -> 'omni.kit.actions.core' = { version='^' } selected: [omni.kit.actions.core-1.0.0]
 -> 'omni.kit.commands' = { version='^' } selected: [omni.kit.commands-1.4.10]
 -> 'omni.kit.menu.utils' = { version='^' optional=true  } selected: [omni.kit.menu.utils-2.0.5]
 -> 'omni.kit.usd.layers' = { version='^' } selected: [omni.kit.usd.layers-2.2.11]
 -> 'omni.ui' = { version='^' optional=true  } selected: [omni.ui-2.27.1]
 -> 'omni.usd' = { version='^' } selected: [omni.usd-1.13.10]
[ext: omni.graph.ui_nodes-1.50.5] deps:
 -> 'omni.graph' = { version='^1.139.0' } selected: [omni.graph-1.141.2]
 -> 'omni.graph.core' = { version='^2.177.1' } selected: [omni.graph.core-2.184.5]
 -> 'omni.graph.tools' = { version='^1.77.0' } selected: [omni.graph.tools-1.79.2]
 -> 'omni.kit.commands' = { version='^' } selected: [omni.kit.commands-1.4.10]
 -> 'omni.kit.viewport.utility' = { version='^' } selected: [omni.kit.viewport.utility-1.1.2]
 -> 'omni.timeline' = { version='^' } selected: [omni.timeline-1.0.14]
 -> 'omni.ui' = { version='^' } selected: [omni.ui-2.27.1]
 -> 'omni.ui.scene' = { version='^' } selected: [omni.ui.scene-1.11.5]
 -> 'omni.usd' = { version='^' } selected: [omni.usd-1.13.10]
[ext: isaacsim.core.simulation_manager-1.4.4] deps:
 -> 'isaacsim.core.utils' = { version='^' } selected: [isaacsim.core.utils-3.5.1]
 -> 'omni.physics.physx' = { version='^' } selected: [omni.physics.physx-107.3.26]
 -> 'omni.physics.stageupdate' = { version='^' } selected: [omni.physics.stageupdate-107.3.26]
 -> 'omni.physx.tensors' = { version='^' } selected: [omni.physx.tensors-107.3.26]
[ext: omni.kit.stage_template.core-1.1.22] deps:
 -> 'omni.usd' = { version='^' } selected: [omni.usd-1.13.10]
[ext: omni.graph.action-1.130.0] deps:
 -> 'omni.graph.action_nodes' = { version='^' } selected: [omni.graph.action_nodes-1.50.4]
[ext: omni.graph.nodes-1.170.10] deps:
 -> 'omni.graph' = { version='^1.139.0' optional=true  } selected: [omni.graph-1.141.2]
 -> 'omni.graph.core' = { version='^2.177.1' } selected: [omni.graph.core-2.184.5]
 -> 'omni.graph.tools' = { version='^1.77.0' optional=true  } selected: [omni.graph.tools-1.79.2]
 -> 'carb.audio' = { version='^' } selected: [carb.audio-0.1.0]
 -> 'omni.graph.image.nodes' = { version='^' } selected: [omni.graph.image.nodes-1.3.1]
 -> 'omni.hydra.scene_delegate' = { version='^' } selected: [omni.hydra.scene_delegate-0.3.4]
 -> 'omni.kit.commands' = { version='^' } selected: [omni.kit.commands-1.4.10]
 -> 'omni.usd' = { version='^' } selected: [omni.usd-1.13.10]
 -> 'usdrt.scenegraph' = { version='^' } selected: [usdrt.scenegraph-7.6.1]
[ext: isaacsim.core.utils-3.5.1] deps:
 -> 'isaacsim.core.deprecation_manager' = { version='^' } selected: [isaacsim.core.deprecation_manager-0.2.7]
 -> 'isaacsim.storage.native' = { version='^' } selected: [isaacsim.storage.native-1.5.1]
 -> 'omni.isaac.dynamic_control' = { version='^' } selected: [omni.isaac.dynamic_control-2.0.7]
 -> 'omni.physics.tensors' = { version='^' } selected: [omni.physics.tensors-107.3.26]
 -> 'omni.physx' = { version='^' } selected: [omni.physx-107.3.26]
 -> 'omni.usd.metrics.assembler' = { version='^' } selected: [omni.usd.metrics.assembler-107.3.1]
 -> 'omni.usd.metrics.assembler.physics' = { version='^' } selected: [omni.usd.metrics.assembler.physics-107.3.26]
 -> 'omni.usd.schema.semantics' = { version='^' } selected: [omni.usd.schema.semantics-0.0.0]
 -> 'omni.usdphysics' = { version='^' } selected: [omni.usdphysics-107.3.26]
 -> 'omni.warp.core' = { version='^' } selected: [omni.warp.core-1.8.2]
[ext: omni.physx.tensors-107.3.26] deps:
 -> 'omni.physics.tensors' = { version='=107.3.26' } selected: [omni.physics.tensors-107.3.26]
 -> 'omni.physx' = { version='=107.3.26' } selected: [omni.physx-107.3.26]
 -> 'omni.usd' = { version='^' } selected: [omni.usd-1.13.10]
[ext: omni.graph.action_nodes-1.50.4] deps:
 -> 'omni.graph' = { version='^1.139.0' } selected: [omni.graph-1.141.2]
 -> 'omni.graph.action_core' = { version='^1.1.0' } selected: [omni.graph.action_core-1.1.7]
 -> 'omni.graph.core' = { version='^2.177.1' } selected: [omni.graph.core-2.184.5]
 -> 'omni.graph.tools' = { version='^1.77.0' } selected: [omni.graph.tools-1.79.2]
 -> 'omni.usd' = { version='^1.4.8' } selected: [omni.usd-1.13.10]
 -> 'omni.kit.commands' = { version='^' } selected: [omni.kit.commands-1.4.10]
 -> 'omni.kit.window.filepicker' = { version='^' optional=true  } selected: [omni.kit.window.filepicker-2.13.4]
 -> 'omni.timeline' = { version='^' } selected: [omni.timeline-1.0.14]
[ext: omni.warp.core-1.8.2] no deps
[ext: omni.physics.tensors-107.3.26] deps:
 -> 'omni.usd.schema.physx' = { version='=107.3.26' } selected: [omni.usd.schema.physx-107.3.26]
 -> 'omni.usd.libs' = { version='^' } selected: [omni.usd.libs-1.0.1]
[ext: omni.isaac.dynamic_control-2.0.7] deps:
 -> 'omni.kit.commands' = { version='^' } selected: [omni.kit.commands-1.4.10]
 -> 'omni.kit.numpy.common' = { version='^' } selected: [omni.kit.numpy.common-0.1.3]
 -> 'omni.kit.usd.layers' = { version='^' } selected: [omni.kit.usd.layers-2.2.11]
 -> 'omni.physics.physx' = { version='^' } selected: [omni.physics.physx-107.3.26]
 -> 'omni.physics.stageupdate' = { version='^' } selected: [omni.physics.stageupdate-107.3.26]
 -> 'omni.timeline' = { version='^' } selected: [omni.timeline-1.0.14]
 -> 'omni.usd' = { version='^' } selected: [omni.usd-1.13.10]
 -> 'omni.usd.core' = { version='^' } selected: [omni.usd.core-1.5.3]
 -> 'omni.usd.libs' = { version='^' } selected: [omni.usd.libs-1.0.1]
[ext: omni.usd.metrics.assembler.physics-107.3.26] deps:
 -> 'omni.usd.schema.physx' = { version='=107.3.26' } selected: [omni.usd.schema.physx-107.3.26]
 -> 'omni.usd.metrics.assembler' = { version='^' } selected: [omni.usd.metrics.assembler-107.3.1]
[ext: isaacsim.storage.native-1.5.1] deps:
 -> 'isaacsim.core.version' = { version='^' } selected: [isaacsim.core.version-2.0.6]
 -> 'omni.client' = { version='^' } selected: [omni.client-1.3.0]
[ext: omni.physics.physx-107.3.26] deps:
 -> 'omni.physics' = { version='=107.3.26' } selected: [omni.physics-107.3.26]
 -> 'omni.physx' = { version='=107.3.26' } selected: [omni.physx-107.3.26]
[ext: omni.physics.stageupdate-107.3.26] deps:
 -> 'omni.physics' = { version='=107.3.26' } selected: [omni.physics-107.3.26]
 -> 'omni.kit.usd.layers' = { version='^' optional=true  } selected: [omni.kit.usd.layers-2.2.11]
 -> 'omni.ui' = { version='^' optional=true  } selected: [omni.ui-2.27.1]
 -> 'omni.usd' = { version='^' } selected: [omni.usd-1.13.10]
[ext: isaacsim.core.version-2.0.6] deps:
 -> 'isaacsim.core.deprecation_manager' = { version='^' } selected: [isaacsim.core.deprecation_manager-0.2.7]
[ext: omni.physx-107.3.26] deps:
 -> 'omni.physx.cooking' = { version='=107.3.26' } selected: [omni.physx.cooking-107.3.26]
 -> 'omni.physx.foundation' = { version='=107.3.26' } selected: [omni.physx.foundation-107.3.26]
 -> 'omni.usd.schema.physx' = { version='=107.3.26' } selected: [omni.usd.schema.physx-107.3.26]
 -> 'omni.usdphysics' = { version='=107.3.26' } selected: [omni.usdphysics-107.3.26]
 -> 'omni.gpucompute.plugins' = { version='^' } selected: [omni.gpucompute.plugins-0.0.0]
 -> 'omni.usd.libs' = { version='^' } selected: [omni.usd.libs-1.0.1]
 -> 'usdrt.scenegraph' = { version='^' } selected: [usdrt.scenegraph-7.6.1]
[ext: omni.physics-107.3.26] no deps
[ext: isaacsim.core.deprecation_manager-0.2.7] deps:
 -> 'omni.graph.core' = { version='^' optional=true  } selected: [omni.graph.core-2.184.5]
 -> 'omni.kit.notification_manager' = { version='^' optional=true  } selected: [omni.kit.notification_manager-1.0.10]
 -> 'omni.usd' = { version='^' } selected: [omni.usd-1.13.10]
[ext: omni.physx.cooking-107.3.26] deps:
 -> 'omni.convexdecomposition' = { version='=107.3.26' } selected: [omni.convexdecomposition-107.3.26]
 -> 'omni.localcache' = { version='=107.3.26' } selected: [omni.localcache-107.3.26]
 -> 'omni.physx.foundation' = { version='=107.3.26' } selected: [omni.physx.foundation-107.3.26]
 -> 'omni.usd.schema.physx' = { version='=107.3.26' } selected: [omni.usd.schema.physx-107.3.26]
 -> 'omni.usdphysics' = { version='=107.3.26' } selected: [omni.usdphysics-107.3.26]
 -> 'omni.ujitso.default' = { version='^' } selected: [omni.ujitso.default-1.0.0]
 -> 'omni.usd.libs' = { version='^' } selected: [omni.usd.libs-1.0.1]
[ext: omni.kit.numpy.common-0.1.3] no deps
[ext: omni.syntheticdata-0.6.13] deps:
 -> 'omni.graph' = { version='^' } selected: [omni.graph-1.141.2]
 -> 'omni.graph.action_core' = { version='^' } selected: [omni.graph.action_core-1.1.7]
 -> 'omni.graph.image.core' = { version='^' } selected: [omni.graph.image.core-0.6.1]
 -> 'omni.graph.image.nodes' = { version='^' } selected: [omni.graph.image.nodes-1.3.1]
 -> 'omni.kit.async_engine' = { version='^' } selected: [omni.kit.async_engine-0.0.3]
 -> 'omni.kit.commands' = { version='^' } selected: [omni.kit.commands-1.4.10]
 -> 'omni.kit.viewport.utility' = { version='^' } selected: [omni.kit.viewport.utility-1.1.2]
 -> 'omni.ui' = { version='^' } selected: [omni.ui-2.27.1]
 -> 'omni.usd' = { version='^' } selected: [omni.usd-1.13.10]
 -> 'omni.usd.schema.semantics' = { version='^' } selected: [omni.usd.schema.semantics-0.0.0]
[ext: omni.physx.foundation-107.3.26] deps:
 -> 'omni.gpu_foundation' = { version='^' } selected: [omni.gpu_foundation-0.0.0]
[ext: omni.usdphysics-107.3.26] deps:
 -> 'omni.usd.schema.physx' = { version='=107.3.26' } selected: [omni.usd.schema.physx-107.3.26]
 -> 'omni.usd.libs' = { version='^' } selected: [omni.usd.libs-1.0.1]
[ext: omni.graph.action_core-1.1.7] deps:
 -> 'omni.graph.core' = { version='^' } selected: [omni.graph.core-2.184.5]
[ext: omni.graph.image.nodes-1.3.1] deps:
 -> 'omni.graph.core' = { version='^' } selected: [omni.graph.core-2.184.5]
 -> 'omni.graph.image.core' = { version='^' } selected: [omni.graph.image.core-0.6.1]
 -> 'omni.graph.tools' = { version='^' } selected: [omni.graph.tools-1.79.2]
[ext: omni.localcache-107.3.26] deps:
 -> 'omni.kvdb' = { version='=107.3.26' } selected: [omni.kvdb-107.3.26]
[ext: omni.convexdecomposition-107.3.26] deps:
 -> 'omni.usd.schema.physx' = { version='=107.3.26' } selected: [omni.usd.schema.physx-107.3.26]
 -> 'omni.assets.plugins' = { version='^' } selected: [omni.assets.plugins-0.0.0]
 -> 'omni.kit.commands' = { version='^' optional=true  } selected: [omni.kit.commands-1.4.10]
 -> 'omni.usd.libs' = { version='^' } selected: [omni.usd.libs-1.0.1]
[ext: omni.graph.image.core-0.6.1] deps:
 -> 'omni.gpucompute.plugins' = { version='^' } selected: [omni.gpucompute.plugins-0.0.0]
 -> 'omni.graph.core' = { version='^' } selected: [omni.graph.core-2.184.5]
 -> 'omni.graph.exec' = { version='^' } selected: [omni.graph.exec-0.9.6]
 -> 'omni.kit.exec.core' = { version='^' } selected: [omni.kit.exec.core-0.13.4]
[ext: omni.kvdb-107.3.26] no deps
[ext: isaacsim.simulation_app-2.12.2] deps:
 -> 'omni.usd' = { version='^' } selected: [omni.usd-1.13.10]
[ext: omni.usd.metrics.assembler.ui-107.3.1] deps:
 -> 'omni.kit.notification_manager' = { version='^' optional=true  } selected: [omni.kit.notification_manager-1.0.10]
 -> 'omni.kit.usd.layers' = { version='^' } selected: [omni.kit.usd.layers-2.2.11]
 -> 'omni.kit.viewport.registry' = { version='^' optional=true  } selected: [omni.kit.viewport.registry-104.0.6]
 -> 'omni.kit.viewport.utility' = { version='^' optional=true  } selected: [omni.kit.viewport.utility-1.1.2]
 -> 'omni.kit.viewport.window' = { version='^' optional=true  } selected: [omni.kit.viewport.window-107.2.0]
 -> 'omni.kit.window.preferences' = { version='^' optional=true  } selected: [omni.kit.window.preferences-1.8.0]
 -> 'omni.ui' = { version='^' optional=true  } selected: [omni.ui-2.27.1]
 -> 'omni.usd' = { version='^' } selected: [omni.usd-1.13.10]
 -> 'omni.usd.metrics.assembler' = { version='^' } selected: [omni.usd.metrics.assembler-107.3.1]
[ext: omni.kit.window.material_graph-1.9.1] deps:
 -> 'omni.client' = { version='^' } selected: [omni.client-1.3.0]
 -> 'omni.kit.commands' = { version='^' } selected: [omni.kit.commands-1.4.10]
 -> 'omni.kit.context_menu' = { version='^' } selected: [omni.kit.context_menu-1.8.6]
 -> 'omni.kit.graph.delegate.default' = { version='^' } selected: [omni.kit.graph.delegate.default-1.2.3]
 -> 'omni.kit.graph.editor.core' = { version='^' } selected: [omni.kit.graph.editor.core-1.5.3]
 -> 'omni.kit.graph.usd.commands' = { version='^' } selected: [omni.kit.graph.usd.commands-1.3.1]
 -> 'omni.kit.hotkeys.core' = { version='^' optional=true  } selected: [omni.kit.hotkeys.core-1.3.10]
 -> 'omni.kit.material.library' = { version='^' } selected: [omni.kit.material.library-2.0.7]
 -> 'omni.kit.menu.utils' = { version='^' } selected: [omni.kit.menu.utils-2.0.5]
 -> 'omni.kit.usd.mdl' = { version='^' optional=true  } selected: [omni.kit.usd.mdl-1.1.5]
 -> 'omni.kit.widget.filebrowser' = { version='^' } selected: [omni.kit.widget.filebrowser-2.12.3]
 -> 'omni.kit.widget.graph' = { version='^' } selected: [omni.kit.widget.graph-2.0.0]
 -> 'omni.kit.widget.material_preview' = { version='^' } selected: [omni.kit.widget.material_preview-1.0.16]
 -> 'omni.kit.widget.stage' = { version='^' } selected: [omni.kit.widget.stage-3.1.4]
 -> 'omni.kit.window.filepicker' = { version='^' } selected: [omni.kit.window.filepicker-2.13.4]
 -> 'omni.kit.window.preferences' = { version='^' } selected: [omni.kit.window.preferences-1.8.0]
 -> 'omni.mdl' = { version='^' } selected: [omni.mdl-56.0.3]
 -> 'omni.mdl.neuraylib' = { version='^' } selected: [omni.mdl.neuraylib-0.2.12]
 -> 'omni.ui' = { version='^' } selected: [omni.ui-2.27.1]
 -> 'omni.usd' = { version='^' } selected: [omni.usd-1.13.10]
[ext: omni.kit.viewport.utility-1.1.2] deps:
 -> 'omni.kit.viewport.window' = { version='^' optional=true  } selected: [omni.kit.viewport.window-107.2.0]
 -> 'omni.usd.libs' = { version='^' } selected: [omni.usd.libs-1.0.1]
[ext: omni.usd.metrics.assembler-107.3.1] deps:
 -> 'omni.usd.libs' = { version='^' } selected: [omni.usd.libs-1.0.1]
 -> 'omni.usd.schema.metrics.assembler' = { version='^' } selected: [omni.usd.schema.metrics.assembler-107.3.1]
[ext: omni.kit.window.preferences-1.8.0] deps:
 -> 'omni.kit.actions.core' = { version='^' } selected: [omni.kit.actions.core-1.0.0]
 -> 'omni.kit.menu.utils' = { version='^' } selected: [omni.kit.menu.utils-2.0.5]
 -> 'omni.kit.widget.settings' = { version='^' } selected: [omni.kit.widget.settings-1.2.6]
 -> 'omni.kit.window.popup_dialog' = { version='^' } selected: [omni.kit.window.popup_dialog-2.0.24]
 -> 'omni.ui' = { version='^' } selected: [omni.ui-2.27.1]
 -> 'omni.usd' = { version='^' optional=true  } selected: [omni.usd-1.13.10]
[ext: omni.kit.viewport.window-107.2.0] deps:
 -> 'omni.hydra.engine.stats' = { version='^' optional=true  } selected: [omni.hydra.engine.stats-1.0.3]
 -> 'omni.kit.actions.core' = { version='^' } selected: [omni.kit.actions.core-1.0.0]
 -> 'omni.kit.material.library' = { version='^' optional=true  } selected: [omni.kit.material.library-2.0.7]
 -> 'omni.kit.menu.utils' = { version='^' optional=true  } selected: [omni.kit.menu.utils-2.0.5]
 -> 'omni.kit.usd.layers' = { version='^' optional=true  } selected: [omni.kit.usd.layers-2.2.11]
 -> 'omni.kit.viewport.registry' = { version='^' } selected: [omni.kit.viewport.registry-104.0.6]
 -> 'omni.kit.widget.viewport' = { version='^' } selected: [omni.kit.widget.viewport-107.1.3]
 -> 'omni.timeline' = { version='^' } selected: [omni.timeline-1.0.14]
 -> 'omni.ui' = { version='^' } selected: [omni.ui-2.27.1]
 -> 'omni.ui.scene' = { version='^' } selected: [omni.ui.scene-1.11.5]
 -> 'omni.usd' = { version='^' } selected: [omni.usd-1.13.10]
[ext: omni.kit.widget.settings-1.2.6] deps:
 -> 'omni.kit.commands' = { version='^' } selected: [omni.kit.commands-1.4.10]
 -> 'omni.ui' = { version='^' } selected: [omni.ui-2.27.1]
[ext: omni.hydra.engine.stats-1.0.3] deps:
 -> 'omni.gpu_foundation' = { version='^' } selected: [omni.gpu_foundation-0.0.0]
 -> 'omni.usd' = { version='^' } selected: [omni.usd-1.13.10]
[ext: omni.kit.viewport.registry-104.0.6] deps:
 -> 'omni.ui' = { version='^' } selected: [omni.ui-2.27.1]
[ext: omni.kit.widget.viewport-107.1.3] deps:
 -> 'omni.activity.core' = { version='^' optional=true  } selected: [omni.activity.core-1.0.3]
 -> 'omni.kit.commands' = { version='^' optional=true  } selected: [omni.kit.commands-1.4.10]
 -> 'omni.kit.hydra_texture' = { version='^' } selected: [omni.kit.hydra_texture-1.4.6]
 -> 'omni.ui' = { version='^' } selected: [omni.ui-2.27.1]
[ext: omni.kit.material.library-2.0.7] deps:
 -> 'omni.client' = { version='^' } selected: [omni.client-1.3.0]
 -> 'omni.kit.actions.core' = { version='^' } selected: [omni.kit.actions.core-1.0.0]
 -> 'omni.kit.commands' = { version='^' } selected: [omni.kit.commands-1.4.10]
 -> 'omni.kit.context_menu' = { version='^' optional=true  } selected: [omni.kit.context_menu-1.8.6]
 -> 'omni.kit.menu.utils' = { version='^' optional=true  } selected: [omni.kit.menu.utils-2.0.5]
 -> 'omni.kit.notification_manager' = { version='^' optional=true  } selected: [omni.kit.notification_manager-1.0.10]
 -> 'omni.kit.usd.layers' = { version='^' } selected: [omni.kit.usd.layers-2.2.11]
 -> 'omni.materialx.libs' = { version='^' } selected: [omni.materialx.libs-1.0.7]
 -> 'omni.mdl' = { version='^' } selected: [omni.mdl-56.0.3]
 -> 'omni.mdl.neuraylib' = { version='^' } selected: [omni.mdl.neuraylib-0.2.12]
 -> 'omni.ui' = { version='^' } selected: [omni.ui-2.27.1]
 -> 'omni.usd' = { version='^' } selected: [omni.usd-1.13.10]
[ext: omni.graph.scriptnode-1.50.0] deps:
 -> 'omni.graph' = { version='^1.139.0' } selected: [omni.graph-1.141.2]
 -> 'omni.graph.core' = { version='^2.177.1' } selected: [omni.graph.core-2.184.5]
 -> 'omni.graph.tools' = { version='^1.77.0' } selected: [omni.graph.tools-1.79.2]
 -> 'omni.kit.widget.searchfield' = { version='^' optional=true  } selected: [omni.kit.widget.searchfield-1.1.8]
 -> 'omni.kit.window.popup_dialog' = { version='^' optional=true  } selected: [omni.kit.window.popup_dialog-2.0.24]
[ext: omni.kit.widget.material_preview-1.0.16] deps:
 -> 'omni.kit.hydra_texture' = { version='^' } selected: [omni.kit.hydra_texture-1.4.6]
 -> 'omni.kit.renderer.capture' = { version='^' } selected: [omni.kit.renderer.capture-0.0.0]
 -> 'omni.ui' = { version='^' } selected: [omni.ui-2.27.1]
 -> 'omni.usd' = { version='^' } selected: [omni.usd-1.13.10]
[ext: omni.kit.widget.stage-3.1.4] deps:
 -> 'omni.activity.core' = { version='^' } selected: [omni.activity.core-1.0.3]
 -> 'omni.client' = { version='^' } selected: [omni.client-1.3.0]
 -> 'omni.kit.actions.core' = { version='^' } selected: [omni.kit.actions.core-1.0.0]
 -> 'omni.kit.context_menu' = { version='^' optional=true  } selected: [omni.kit.context_menu-1.8.6]
 -> 'omni.kit.helper.file_utils' = { version='^' } selected: [omni.kit.helper.file_utils-0.1.9]
 -> 'omni.kit.hotkeys.core' = { version='^' } selected: [omni.kit.hotkeys.core-1.3.10]
 -> 'omni.kit.notification_manager' = { version='^' optional=true  } selected: [omni.kit.notification_manager-1.0.10]
 -> 'omni.kit.usd.layers' = { version='^' } selected: [omni.kit.usd.layers-2.2.11]
 -> 'omni.kit.widget.filter' = { version='^' } selected: [omni.kit.widget.filter-1.1.4]
 -> 'omni.kit.widget.options_button' = { version='^' } selected: [omni.kit.widget.options_button-1.0.3]
 -> 'omni.kit.widget.searchfield' = { version='^' } selected: [omni.kit.widget.searchfield-1.1.8]
 -> 'omni.kit.window.file_exporter' = { version='^' } selected: [omni.kit.window.file_exporter-1.0.33]
 -> 'omni.ui' = { version='^' } selected: [omni.ui-2.27.1]
 -> 'omni.usd' = { version='^' } selected: [omni.usd-1.13.10]
 -> 'omni.usd.schema.audio' = { version='^' optional=true  } selected: [omni.usd.schema.audio-0.0.0]
[ext: omni.kit.menu.utils-2.0.5] deps:
 -> 'omni.kit.actions.core' = { version='^' } selected: [omni.kit.actions.core-1.0.0]
 -> 'omni.kit.menu.core' = { version='^' } selected: [omni.kit.menu.core-1.1.2]
 -> 'omni.ui' = { version='^' } selected: [omni.ui-2.27.1]
[ext: omni.kit.hotkeys.core-1.3.10] deps:
 -> 'omni.kit.actions.core' = { version='^' } selected: [omni.kit.actions.core-1.0.0]
 -> 'omni.ui' = { version='^' } selected: [omni.ui-2.27.1]
[ext: omni.kit.window.file_exporter-1.0.33] deps:
 -> 'omni.kit.window.filepicker' = { version='^' } selected: [omni.kit.window.filepicker-2.13.4]
 -> 'omni.ui' = { version='^' } selected: [omni.ui-2.27.1]
 -> 'omni.usd' = { version='^' optional=true  } selected: [omni.usd-1.13.10]
[ext: omni.kit.widget.filter-1.1.4] deps:
 -> 'omni.kit.widget.options_menu' = { version='^' } selected: [omni.kit.widget.options_menu-1.1.6]
 -> 'omni.ui' = { version='^' } selected: [omni.ui-2.27.1]
[ext: omni.kit.window.filepicker-2.13.4] deps:
 -> 'omni.client' = { version='^' } selected: [omni.client-1.3.0]
 -> 'omni.kit.clipboard' = { version='^' } selected: [omni.kit.clipboard-1.0.5]
 -> 'omni.kit.helper.file_utils' = { version='^' } selected: [omni.kit.helper.file_utils-0.1.9]
 -> 'omni.kit.notification_manager' = { version='^' } selected: [omni.kit.notification_manager-1.0.10]
 -> 'omni.kit.widget.browser_bar' = { version='^' } selected: [omni.kit.widget.browser_bar-2.0.10]
 -> 'omni.kit.widget.context_menu' = { version='^' } selected: [omni.kit.widget.context_menu-1.2.5]
 -> 'omni.kit.widget.filebrowser' = { version='^' } selected: [omni.kit.widget.filebrowser-2.12.3]
 -> 'omni.kit.widget.nucleus_connector' = { version='^' } selected: [omni.kit.widget.nucleus_connector-2.0.1]
 -> 'omni.kit.widget.options_button' = { version='^' } selected: [omni.kit.widget.options_button-1.0.3]
 -> 'omni.kit.window.popup_dialog' = { version='^' } selected: [omni.kit.window.popup_dialog-2.0.24]
 -> 'omni.ui' = { version='^' } selected: [omni.ui-2.27.1]
 -> 'omni.ui.scene' = { version='^' } selected: [omni.ui.scene-1.11.5]
 -> 'omni.usd.core' = { version='^' optional=true  } selected: [omni.usd.core-1.5.3]
[ext: omni.graph-1.141.2] deps:
 -> 'omni.client' = { version='^' } selected: [omni.client-1.3.0]
 -> 'omni.graph.core' = { version='^' } selected: [omni.graph.core-2.184.5]
 -> 'omni.graph.tools' = { version='^' } selected: [omni.graph.tools-1.79.2]
 -> 'omni.kit.commands' = { version='^' } selected: [omni.kit.commands-1.4.10]
 -> 'omni.kit.usd_undo' = { version='^' } selected: [omni.kit.usd_undo-0.1.8]
 -> 'omni.usd' = { version='^' } selected: [omni.usd-1.13.10]
 -> 'usdrt.scenegraph' = { version='^' } selected: [usdrt.scenegraph-7.6.1]
[ext: omni.kit.notification_manager-1.0.10] deps:
 -> 'omni.ui' = { version='^' } selected: [omni.ui-2.27.1]
[ext: omni.kit.widget.filebrowser-2.12.3] deps:
 -> 'omni.client' = { version='^' } selected: [omni.client-1.3.0]
 -> 'omni.kit.helper.file_utils' = { version='^' } selected: [omni.kit.helper.file_utils-0.1.9]
 -> 'omni.ui' = { version='^' } selected: [omni.ui-2.27.1]
[ext: omni.kit.widget.options_button-1.0.3] deps:
 -> 'omni.kit.widget.options_menu' = { version='^' } selected: [omni.kit.widget.options_menu-1.1.6]
 -> 'omni.ui' = { version='^' } selected: [omni.ui-2.27.1]
[ext: omni.ui.scene-1.11.5] deps:
 -> 'omni.ui' = { version='^' } selected: [omni.ui-2.27.1]
[ext: omni.graph.tools-1.79.2] deps:
 -> 'omni.kit.test' = { version='^' } selected: [omni.kit.test-2.0.1]
 -> 'omni.usd.libs' = { version='^' } selected: [omni.usd.libs-1.0.1]
[ext: omni.graph.core-2.184.5] deps:
 -> 'omni.gpucompute.plugins' = { version='^' } selected: [omni.gpucompute.plugins-0.0.0]
 -> 'omni.inspect' = { version='^' optional=true  } selected: [omni.inspect-1.0.2]
 -> 'omni.kit.exec.core' = { version='^' } selected: [omni.kit.exec.core-0.13.4]
 -> 'omni.kit.renderer.core' = { version='^' } selected: [omni.kit.renderer.core-1.1.0]
 -> 'omni.usd' = { version='^' } selected: [omni.usd-1.13.10]
 -> 'omni.usd.schema.omnigraph' = { version='^' } selected: [omni.usd.schema.omnigraph-1.0.0]
 -> 'usdrt.scenegraph' = { version='^' } selected: [usdrt.scenegraph-7.6.1]
[ext: omni.kit.helper.file_utils-0.1.9] deps:
 -> 'omni.client' = { version='^' } selected: [omni.client-1.3.0]
 -> 'omni.usd' = { version='^' optional=true  } selected: [omni.usd-1.13.10]
[ext: omni.kit.widget.options_menu-1.1.6] deps:
 -> 'omni.ui' = { version='^' } selected: [omni.ui-2.27.1]
[ext: omni.inspect-1.0.2] no deps
[ext: omni.kit.widget.browser_bar-2.0.10] deps:
 -> 'omni.kit.widget.path_field' = { version='^' } selected: [omni.kit.widget.path_field-2.0.11]
 -> 'omni.ui' = { version='^' } selected: [omni.ui-2.27.1]
[ext: omni.kit.hydra_texture-1.4.6] deps:
 -> 'omni.gpu_foundation' = { version='^' } selected: [omni.gpu_foundation-0.0.0]
 -> 'omni.hydra.rtx' = { version='^' optional=true  } selected: [omni.hydra.rtx-1.0.0]
 -> 'omni.kit.renderer.core' = { version='^' optional=true  } selected: [omni.kit.renderer.core-1.1.0]
 -> 'omni.usd' = { version='^' } selected: [omni.usd-1.13.10]
[ext: omni.kit.widget.path_field-2.0.11] deps:
 -> 'omni.ui' = { version='^' } selected: [omni.ui-2.27.1]
[ext: omni.kit.context_menu-1.8.6] deps:
 -> 'omni.kit.usd.layers' = { version='^' } selected: [omni.kit.usd.layers-2.2.11]
 -> 'omni.kit.widget.context_menu' = { version='^' } selected: [omni.kit.widget.context_menu-1.2.5]
 -> 'omni.usd' = { version='^' } selected: [omni.usd-1.13.10]
 -> 'omni.usd.schema.audio' = { version='^' optional=true  } selected: [omni.usd.schema.audio-0.0.0]
[ext: omni.kit.clipboard-1.0.5] deps:
 -> 'omni.appwindow' = { version='^' } selected: [omni.appwindow-1.1.10]
[ext: omni.kit.widget.context_menu-1.2.5] deps:
 -> 'omni.kit.menu.core' = { version='^' } selected: [omni.kit.menu.core-1.1.2]
 -> 'omni.ui' = { version='^' } selected: [omni.ui-2.27.1]
[ext: omni.kit.viewport.rtx-104.0.1] deps:
 -> 'omni.hydra.rtx' = { version='^' } selected: [omni.hydra.rtx-1.0.0]
[ext: omni.kit.usd.layers-2.2.11] deps:
 -> 'omni.client' = { version='^' } selected: [omni.client-1.3.0]
 -> 'omni.kit.commands' = { version='^' } selected: [omni.kit.commands-1.4.10]
 -> 'omni.usd' = { version='^' } selected: [omni.usd-1.13.10]
 -> 'omni.usd.libs' = { version='^' } selected: [omni.usd.libs-1.0.1]
[ext: omni.kit.menu.core-1.1.2] deps:
 -> 'omni.ui' = { version='^' } selected: [omni.ui-2.27.1]
[ext: omni.hydra.rtx-1.0.0] deps:
 -> 'omni.client' = { version='^' } selected: [omni.client-1.3.0]
 -> 'omni.gpu_foundation' = { version='^' } selected: [omni.gpu_foundation-0.0.0]
 -> 'omni.hydra.rtx.shadercache.vulkan' = { version='^' } selected: [omni.hydra.rtx.shadercache.vulkan-1.0.0]
 -> 'omni.hydra.scene_delegate' = { version='^' } selected: [omni.hydra.scene_delegate-0.3.4]
 -> 'omni.index' = { version='^' } selected: [omni.index-1.0.1]
 -> 'omni.kit.usd.mdl' = { version='^' } selected: [omni.kit.usd.mdl-1.1.5]
 -> 'omni.mdl.neuraylib' = { version='^' } selected: [omni.mdl.neuraylib-0.2.12]
 -> 'omni.ujitso.client' = { version='^' } selected: [omni.ujitso.client-0.0.0]
 -> 'omni.usd.core' = { version='^' } selected: [omni.usd.core-1.5.3]
 -> 'omni.volume' = { version='^' } selected: [omni.volume-0.5.2]
[ext: omni.kit.graph.usd.commands-1.3.1] deps:
 -> 'omni.kit.commands' = { version='^' } selected: [omni.kit.commands-1.4.10]
 -> 'omni.ui' = { version='^' } selected: [omni.ui-2.27.1]
 -> 'omni.usd' = { version='^' } selected: [omni.usd-1.13.10]
[ext: omni.ujitso.client-0.0.0] deps:
 -> 'omni.hsscclient' = { version='^' } selected: [omni.hsscclient-1.1.2]
 -> 'omni.ujitso.default' = { version='^' } selected: [omni.ujitso.default-1.0.0]
[ext: omni.volume-0.5.2] deps:
 -> 'omni.assets.plugins' = { version='^' } selected: [omni.assets.plugins-0.0.0]
 -> 'omni.client' = { version='^' } selected: [omni.client-1.3.0]
[ext: omni.usd-1.13.10] deps:
 -> 'carb.audio' = { version='^' } selected: [carb.audio-0.1.0]
 -> 'omni.assets.plugins' = { version='^' } selected: [omni.assets.plugins-0.0.0]
 -> 'omni.client' = { version='^' } selected: [omni.client-1.3.0]
 -> 'omni.hydra.scene_delegate' = { version='^' optional=true  } selected: [omni.hydra.scene_delegate-0.3.4]
 -> 'omni.hydra.usdrt_delegate' = { version='^' optional=true  } selected: [omni.hydra.usdrt_delegate-7.5.1]
 -> 'omni.kit.async_engine' = { version='^' } selected: [omni.kit.async_engine-0.0.3]
 -> 'omni.kit.audiodeviceenum' = { version='^' } selected: [omni.kit.audiodeviceenum-1.0.2]
 -> 'omni.kit.commands' = { version='^' } selected: [omni.kit.commands-1.4.10]
 -> 'omni.kit.exec.core' = { version='^' } selected: [omni.kit.exec.core-0.13.4]
 -> 'omni.kit.usd_undo' = { version='^' } selected: [omni.kit.usd_undo-0.1.8]
 -> 'omni.kit.widget.nucleus_connector' = { version='^' optional=true  } selected: [omni.kit.widget.nucleus_connector-2.0.1]
 -> 'omni.timeline' = { version='^' } selected: [omni.timeline-1.0.14]
 -> 'omni.usd.core' = { version='^' } selected: [omni.usd.core-1.5.3]
[ext: omni.hsscclient-1.1.2] deps:
 -> 'omni.blobkey' = { version='^' } selected: [omni.blobkey-1.1.2]
[ext: omni.hydra.scene_delegate-0.3.4] deps:
 -> 'omni.client' = { version='^' } selected: [omni.client-1.3.0]
 -> 'omni.gpu_foundation' = { version='^' } selected: [omni.gpu_foundation-0.0.0]
 -> 'omni.gpucompute.plugins' = { version='^' } selected: [omni.gpucompute.plugins-0.0.0]
 -> 'omni.usd.core' = { version='^' } selected: [omni.usd.core-1.5.3]
 -> 'omni.usd.libs' = { version='^' } selected: [omni.usd.libs-1.0.1]
 -> 'omni.usd.schema.anim' = { version='^' optional=true  } selected: [omni.usd.schema.anim-0.0.0]
 -> 'omni.usd.schema.audio' = { version='^' optional=true  } selected: [omni.usd.schema.audio-0.0.0]
 -> 'omni.usd.schema.geospatial' = { version='^' } selected: [omni.usd.schema.geospatial-0.0.0]
 -> 'omni.usd.schema.semantics' = { version='^' optional=true  } selected: [omni.usd.schema.semantics-0.0.0]
[ext: omni.kit.audiodeviceenum-1.0.2] deps:
 -> 'carb.audio' = { version='^' } selected: [carb.audio-0.1.0]
[ext: omni.kit.exec.core-0.13.4] deps:
 -> 'omni.graph.exec' = { version='^' } selected: [omni.graph.exec-0.9.6]
 -> 'omni.usd.libs' = { version='^' } selected: [omni.usd.libs-1.0.1]
[ext: omni.kit.widget.nucleus_connector-2.0.1] deps:
 -> 'omni.client' = { version='^' } selected: [omni.client-1.3.0]
 -> 'omni.kit.window.popup_dialog' = { version='^' } selected: [omni.kit.window.popup_dialog-2.0.24]
 -> 'omni.ui' = { version='^' } selected: [omni.ui-2.27.1]
[ext: omni.hydra.usdrt_delegate-7.5.1] deps:
 -> 'omni.activity.core' = { version='^' } selected: [omni.activity.core-1.0.3]
 -> 'omni.client' = { version='^' } selected: [omni.client-1.3.0]
 -> 'omni.gpu_foundation' = { version='^' } selected: [omni.gpu_foundation-0.0.0]
 -> 'omni.gpucompute.plugins' = { version='^' } selected: [omni.gpucompute.plugins-0.0.0]
 -> 'omni.resourcemonitor' = { version='^' } selected: [omni.resourcemonitor-107.0.1]
 -> 'omni.usd.core' = { version='^' } selected: [omni.usd.core-1.5.3]
 -> 'omni.usd.schema.anim' = { version='^' } selected: [omni.usd.schema.anim-0.0.0]
 -> 'omni.usd.schema.audio' = { version='^' optional=true  } selected: [omni.usd.schema.audio-0.0.0]
 -> 'omni.usd.schema.semantics' = { version='^' optional=true  } selected: [omni.usd.schema.semantics-0.0.0]
 -> 'usdrt.scenegraph' = { version='^' } selected: [usdrt.scenegraph-7.6.1]
[ext: carb.audio-0.1.0] deps:
 -> 'omni.assets.plugins' = { version='^' } selected: [omni.assets.plugins-0.0.0]
[ext: omni.graph.exec-0.9.6] no deps
[ext: omni.kit.window.popup_dialog-2.0.24] deps:
 -> 'omni.ui' = { version='^' } selected: [omni.ui-2.27.1]
[ext: omni.kit.graph.editor.core-1.5.3] deps:
 -> 'omni.kit.graph.delegate.default' = { version='^' } selected: [omni.kit.graph.delegate.default-1.2.3]
 -> 'omni.kit.widget.graph' = { version='^' } selected: [omni.kit.widget.graph-2.0.0]
 -> 'omni.kit.widget.searchfield' = { version='^' } selected: [omni.kit.widget.searchfield-1.1.8]
 -> 'omni.ui' = { version='^' } selected: [omni.ui-2.27.1]
[ext: omni.index-1.0.1] deps:
 -> 'omni.client' = { version='^' } selected: [omni.client-1.3.0]
 -> 'omni.index.libs' = { version='^' } selected: [omni.index.libs-380600.8087.0]
 -> 'omni.usd.libs' = { version='^' } selected: [omni.usd.libs-1.0.1]
[ext: usdrt.scenegraph-7.6.1] deps:
 -> 'omni.gpucompute.plugins' = { version='^' } selected: [omni.gpucompute.plugins-0.0.0]
 -> 'omni.usd.libs' = { version='^' } selected: [omni.usd.libs-1.0.1]
[ext: omni.resourcemonitor-107.0.1] deps:
 -> 'omni.gpu_foundation' = { version='^' } selected: [omni.gpu_foundation-0.0.0]
[ext: omni.kit.widget.searchfield-1.1.8] deps:
 -> 'omni.ui' = { version='^' } selected: [omni.ui-2.27.1]
[ext: omni.index.libs-380600.8087.0] no deps
[ext: omni.kit.graph.delegate.default-1.2.3] deps:
 -> 'omni.kit.widget.graph' = { version='^' } selected: [omni.kit.widget.graph-2.0.0]
 -> 'omni.ui' = { version='^' } selected: [omni.ui-2.27.1]
[ext: omni.activity.core-1.0.3] no deps
[ext: omni.kit.widget.graph-2.0.0] deps:
 -> 'omni.kit.commands' = { version='^' } selected: [omni.kit.commands-1.4.10]
 -> 'omni.ui' = { version='^' } selected: [omni.ui-2.27.1]
[ext: omni.hydra.rtx.shadercache.vulkan-1.0.0] no deps
[ext: omni.kit.commands-1.4.10] deps:
 -> 'omni.kit.actions.core' = { version='^' } selected: [omni.kit.actions.core-1.0.0]
[ext: omni.ui-2.27.1] deps:
 -> 'omni.appwindow' = { version='^' } selected: [omni.appwindow-1.1.10]
 -> 'omni.kit.renderer.imgui' = { version='^' } selected: [omni.kit.renderer.imgui-2.0.5]
[ext: omni.kit.actions.core-1.0.0] no deps
[ext: omni.kit.renderer.imgui-2.0.5] deps:
 -> 'omni.appwindow' = { version='^' } selected: [omni.appwindow-1.1.10]
 -> 'omni.kit.renderer.capture' = { version='^' } selected: [omni.kit.renderer.capture-0.0.0]
 -> 'omni.kit.renderer.core' = { version='^' } selected: [omni.kit.renderer.core-1.1.0]
[ext: omni.timeline-1.0.14] no deps
[ext: omni.kit.renderer.capture-0.0.0] deps:
 -> 'omni.kit.renderer.core' = { version='^' } selected: [omni.kit.renderer.core-1.1.0]
[ext: omni.kit.usd_undo-0.1.8] deps:
 -> 'omni.usd.libs' = { version='^' } selected: [omni.usd.libs-1.0.1]
[ext: omni.kit.renderer.core-1.1.0] deps:
 -> 'omni.appwindow' = { version='^' } selected: [omni.appwindow-1.1.10]
 -> 'omni.client' = { version='^' } selected: [omni.client-1.3.0]
 -> 'omni.kit.renderer.init' = { version='^' } selected: [omni.kit.renderer.init-0.0.0]
[ext: omni.appwindow-1.1.10] deps:
 -> 'carb.windowing.plugins' = { version='^' } selected: [carb.windowing.plugins-1.0.0]
 -> 'omni.kit.loop' = { version='^' } selected: [omni.kit.loop-isaac-1.3.7]
[ext: omni.usd.schema.semantics-0.0.0] deps:
 -> 'omni.usd.libs' = { version='^' } selected: [omni.usd.libs-1.0.1]
[ext: omni.usd.schema.geospatial-0.0.0] deps:
 -> 'omni.usd.libs' = { version='^' } selected: [omni.usd.libs-1.0.1]
[ext: omni.usd.schema.omnigraph-1.0.0] deps:
 -> 'omni.usd.libs' = { version='^' } selected: [omni.usd.libs-1.0.1]
[ext: omni.usd.schema.physx-107.3.26] deps:
 -> 'omni.usd.libs' = { version='^' } selected: [omni.usd.libs-1.0.1]
[ext: omni.usd.schema.anim-0.0.0] deps:
 -> 'omni.usd.libs' = { version='^' } selected: [omni.usd.libs-1.0.1]
[ext: omni.usd.schema.omni_sensors-0.0.0] deps:
 -> 'omni.usd.core' = { version='^' optional=true  } selected: [omni.usd.core-1.5.3]
 -> 'omni.usd.libs' = { version='^' } selected: [omni.usd.libs-1.0.1]
[ext: omni.usd.core-1.5.3] deps:
 -> 'omni.client' = { version='^' } selected: [omni.client-1.3.0]
 -> 'omni.usd.libs' = { version='^' } selected: [omni.usd.libs-1.0.1]
 -> 'omni.usd.schema.audio' = { version='^' } selected: [omni.usd.schema.audio-0.0.0]
 -> 'omni.usd_resolver' = { version='^' } selected: [omni.usd_resolver-1.0.0]
[ext: omni.usd_resolver-1.0.0] deps:
 -> 'omni.client' = { version='^' } selected: [omni.client-1.3.0]
 -> 'omni.usd.libs' = { version='^' } selected: [omni.usd.libs-1.0.1]
[ext: omni.usd.schema.audio-0.0.0] deps:
 -> 'omni.usd.libs' = { version='^' } selected: [omni.usd.libs-1.0.1]
[ext: omni.usd.schema.metrics.assembler-107.3.1] deps:
 -> 'omni.usd.libs' = { version='^' } selected: [omni.usd.libs-1.0.1]
[ext: omni.kit.usd.mdl-1.1.5] deps:
 -> 'omni.mdl.neuraylib' = { version='^' } selected: [omni.mdl.neuraylib-0.2.12]
 -> 'omni.usd.libs' = { version='^' } selected: [omni.usd.libs-1.0.1]
[ext: omni.mdl.neuraylib-0.2.12] deps:
 -> 'omni.iray.libs' = { version='^' } selected: [omni.iray.libs-0.0.0]
 -> 'omni.mdl' = { version='^' } selected: [omni.mdl-56.0.3]
[ext: omni.iray.libs-0.0.0] no deps
[ext: omni.mdl-56.0.3] deps:
 -> 'omni.client' = { version='^' } selected: [omni.client-1.3.0]
[ext: omni.kit.telemetry-0.5.2] no deps
[ext: omni.usd.libs-1.0.1] deps:
 -> 'omni.gpucompute.plugins' = { version='^' optional=true  } selected: [omni.gpucompute.plugins-0.0.0]
 -> 'omni.usd.config' = { version='^' } selected: [omni.usd.config-1.0.6]
[ext: omni.gpucompute.plugins-0.0.0] deps:
 -> 'omni.gpu_foundation' = { version='^' } selected: [omni.gpu_foundation-0.0.0]
[ext: omni.usd.config-1.0.6] deps:
 -> 'omni.materialx.libs' = { version='^' optional=true  } selected: [omni.materialx.libs-1.0.7]
[ext: omni.kit.test-2.0.1] deps:
 -> 'omni.kit.async_engine' = { version='^' } selected: [omni.kit.async_engine-0.0.3]
 -> 'omni.kit.loop' = { version='^' } selected: [omni.kit.loop-isaac-1.3.7]
[ext: omni.kit.loop-isaac-1.3.7] no deps
[ext: omni.materialx.libs-1.0.7] no deps
[ext: omni.kit.renderer.init-0.0.0] deps:
 -> 'carb.windowing.plugins' = { version='^' } selected: [carb.windowing.plugins-1.0.0]
 -> 'omni.assets.plugins' = { version='^' } selected: [omni.assets.plugins-0.0.0]
 -> 'omni.gpu_foundation' = { version='^' } selected: [omni.gpu_foundation-0.0.0]
[ext: carb.windowing.plugins-1.0.0] no deps
[ext: omni.gpu_foundation-0.0.0] deps:
 -> 'omni.assets.plugins' = { version='^' } selected: [omni.assets.plugins-0.0.0]
 -> 'omni.client' = { version='^' optional=true  } selected: [omni.client-1.3.0]
 -> 'omni.gpu_foundation.shadercache.vulkan' = { version='^' } selected: [omni.gpu_foundation.shadercache.vulkan-1.0.0]
 -> 'omni.stats' = { version='^' } selected: [omni.stats-1.0.1]
 -> 'omni.ujitso.default' = { version='^' optional=true  } selected: [omni.ujitso.default-1.0.0]
[ext: omni.assets.plugins-0.0.0] no deps
[ext: omni.gpu_foundation.shadercache.vulkan-1.0.0] no deps
[ext: omni.ujitso.default-1.0.0] deps:
 -> 'omni.blobkey' = { version='^' } selected: [omni.blobkey-1.1.2]
 -> 'omni.client' = { version='^' } selected: [omni.client-1.3.0]
 -> 'omni.datastore' = { version='^' } selected: [omni.datastore-0.0.0]
 -> 'omni.stats' = { version='^' } selected: [omni.stats-1.0.1]
[ext: omni.client-1.3.0] deps:
 -> 'omni.client.lib' = { version='^' } selected: [omni.client.lib-1.1.0]
[ext: omni.datastore-0.0.0] deps:
 -> 'omni.blobkey' = { version='^' } selected: [omni.blobkey-1.1.2]
 -> 'omni.metrics.core' = { version='^' } selected: [omni.metrics.core-0.0.3]
[ext: omni.stats-1.0.1] no deps
[ext: omni.blobkey-1.1.2] no deps
[ext: omni.client.lib-1.1.0] deps:
 -> 'omni.kit.async_engine' = { version='^' } selected: [omni.kit.async_engine-0.0.3]
[ext: omni.metrics.core-0.0.3] no deps
[ext: omni.kit.async_engine-0.0.3] no deps
 Synced registries:
	 (none)

2026-08-01T02:19:40Z [50ms] [Info] [omni.ext.plugin] [ext: isaaclab.python.headless.rendering-2.3.2] applying settings
2026-08-01T02:19:40Z [51ms] [Info] [omni.ext.plugin] [ext: isaaclab.python.headless-2.3.2] applying settings
2026-08-01T02:19:40Z [51ms] [Info] [omni.ext.plugin] [ext: omni.kit.stage_templates-2.0.0] applying settings
2026-08-01T02:19:40Z [51ms] [Info] [omni.ext.plugin] [ext: omni.videoencoding-0.1.2] applying settings
2026-08-01T02:19:40Z [51ms] [Info] [omni.ext.plugin] [ext: omni.warp-1.8.2] applying settings
2026-08-01T02:19:40Z [51ms] [Info] [omni.ext.plugin] [ext: omni.kit.stage_template.core-1.1.22] applying settings
2026-08-01T02:19:40Z [51ms] [Info] [omni.ext.plugin] [ext: isaacsim.storage.native-1.5.1] applying settings
2026-08-01T02:19:40Z [51ms] [Info] [omni.ext.plugin] [ext: isaacsim.core.deprecation_manager-0.2.7] applying settings
2026-08-01T02:19:40Z [51ms] [Info] [omni.ext.plugin] [ext: omni.physx.cooking-107.3.26] applying settings
2026-08-01T02:19:40Z [52ms] [Info] [omni.ext.plugin] [ext: omni.kit.window.preferences-1.8.0] applying settings
2026-08-01T02:19:40Z [52ms] [Info] [omni.ext.plugin] [ext: omni.kit.viewport.window-107.2.0] applying settings
2026-08-01T02:19:40Z [52ms] [Info] [omni.ext.plugin] [ext: omni.kit.viewport.registry-104.0.6] applying settings
2026-08-01T02:19:40Z [52ms] [Info] [omni.ext.plugin] [ext: omni.kit.widget.viewport-107.1.3] applying settings
2026-08-01T02:19:40Z [52ms] [Info] [omni.ext.plugin] [ext: omni.kit.material.library-2.0.7] applying settings
2026-08-01T02:19:40Z [52ms] [Info] [omni.ext.plugin] [ext: omni.kit.widget.stage-3.1.4] applying settings
2026-08-01T02:19:40Z [52ms] [Info] [omni.ext.plugin] [ext: omni.kit.menu.utils-2.0.5] applying settings
2026-08-01T02:19:40Z [52ms] [Info] [omni.ext.plugin] [ext: omni.kit.hotkeys.core-1.3.10] applying settings
2026-08-01T02:19:40Z [52ms] [Info] [omni.ext.plugin] [ext: omni.kit.window.file_exporter-1.0.33] applying settings
2026-08-01T02:19:40Z [52ms] [Info] [omni.ext.plugin] [ext: omni.kit.window.filepicker-2.13.4] applying settings
2026-08-01T02:19:40Z [52ms] [Info] [omni.ext.plugin] [ext: omni.kit.notification_manager-1.0.10] applying settings
2026-08-01T02:19:40Z [52ms] [Info] [omni.ext.plugin] [ext: omni.ui.scene-1.11.5] applying settings
2026-08-01T02:19:40Z [52ms] [Info] [omni.ext.plugin] [ext: omni.kit.hydra_texture-1.4.6] applying settings
2026-08-01T02:19:40Z [52ms] [Info] [omni.ext.plugin] [ext: omni.kit.context_menu-1.8.6] applying settings
2026-08-01T02:19:40Z [52ms] [Info] [omni.ext.plugin] [ext: omni.kit.widget.context_menu-1.2.5] applying settings
2026-08-01T02:19:40Z [52ms] [Info] [omni.ext.plugin] [ext: omni.kit.viewport.rtx-104.0.1] applying settings
2026-08-01T02:19:40Z [52ms] [Info] [omni.ext.plugin] [ext: omni.kit.usd.layers-2.2.11] applying settings
2026-08-01T02:19:40Z [52ms] [Info] [omni.ext.plugin] [ext: omni.hydra.rtx-1.0.0] applying settings
2026-08-01T02:19:40Z [52ms] [Info] [omni.ext.plugin] [ext: omni.usd-1.13.10] applying settings
2026-08-01T02:19:40Z [52ms] [Info] [omni.ext.plugin] [ext: omni.hsscclient-1.1.2] applying settings
2026-08-01T02:19:40Z [52ms] [Info] [omni.ext.plugin] [ext: omni.kit.widget.nucleus_connector-2.0.1] applying settings
2026-08-01T02:19:40Z [52ms] [Info] [omni.ext.plugin] [ext: omni.index-1.0.1] applying settings
2026-08-01T02:19:40Z [52ms] [Info] [omni.ext.plugin] [ext: omni.kit.widget.searchfield-1.1.8] applying settings
2026-08-01T02:19:40Z [52ms] [Info] [omni.ext.plugin] [ext: omni.kit.widget.graph-2.0.0] applying settings
2026-08-01T02:19:40Z [52ms] [Info] [omni.ext.plugin] [ext: omni.kit.commands-1.4.10] applying settings
2026-08-01T02:19:40Z [52ms] [Info] [omni.ext.plugin] [ext: omni.ui-2.27.1] applying settings
2026-08-01T02:19:40Z [52ms] [Info] [omni.ext.plugin] [ext: omni.kit.renderer.imgui-2.0.5] applying settings
2026-08-01T02:19:40Z [52ms] [Info] [omni.ext.plugin] [ext: omni.timeline-1.0.14] applying settings
2026-08-01T02:19:40Z [52ms] [Info] [omni.ext.plugin] [ext: omni.kit.renderer.capture-0.0.0] applying settings
2026-08-01T02:19:40Z [52ms] [Info] [omni.ext.plugin] [ext: omni.kit.renderer.core-1.1.0] applying settings
2026-08-01T02:19:40Z [52ms] [Info] [omni.ext.plugin] [ext: omni.appwindow-1.1.10] applying settings
2026-08-01T02:19:40Z [52ms] [Info] [omni.ext.plugin] [ext: omni.mdl.neuraylib-0.2.12] applying settings
2026-08-01T02:19:40Z [53ms] [Info] [omni.ext.plugin] [ext: omni.kit.telemetry-0.5.2] applying settings
2026-08-01T02:19:40Z [53ms] [Info] [omni.ext.plugin] [ext: omni.usd.config-1.0.6] applying settings
2026-08-01T02:19:40Z [53ms] [Info] [omni.ext.plugin] [ext: omni.kit.test-2.0.1] applying settings
2026-08-01T02:19:40Z [53ms] [Info] [omni.ext.plugin] [ext: omni.kit.loop-isaac-1.3.7] applying settings
2026-08-01T02:19:40Z [53ms] [Info] [omni.ext.plugin] [ext: omni.kit.renderer.init-0.0.0] applying settings
2026-08-01T02:19:40Z [53ms] [Info] [omni.ext.plugin] [ext: omni.gpu_foundation-0.0.0] applying settings
2026-08-01T02:19:40Z [53ms] [Info] [omni.ext.plugin] [ext: omni.ujitso.default-1.0.0] applying settings
2026-08-01T02:19:40Z [53ms] [Info] [omni.ext.plugin] [ext: omni.datastore-0.0.0] applying settings
2026-08-01T02:19:40Z [53ms] [Info] [omni.ext.plugin] [ext: omni.kit.async_engine-0.0.3] applying settings
2026-08-01T02:19:40Z [61ms] [Info] [omni.ext.plugin] About to startup: [ext: omni.kit.async_engine-0.0.3] (order: 0) Triggered by: omni.client.lib-1.1.0, omni.kit.test-2.0.1, omni.syntheticdata-0.6.13, omni.usd-1.13.10 (path: c:/users/kskzz/miniconda3/envs/env_isaaclab/lib/site-packages/isaacsim/kit/extscore/omni.kit.async_engine)
2026-08-01T02:19:40Z [61ms] [Info] [omni.kit.app.plugin] [0.104s] [ext: omni.kit.async_engine-0.0.3] startup
2026-08-01T02:19:40Z [170ms] [Info] [omni.ext._impl.utils] -> func:_refresh_cache took: 0.1094s
2026-08-01T02:19:40Z [173ms] [Info] [omni.ext._impl._internal] Searching for classes derived from 'omni.ext.IExt' in 'omni.kit.async_engine' ('c:\users\kskzz\miniconda3\envs\env_isaaclab\lib\site-packages\isaacsim\kit\extscore\omni.kit.async_engine')
2026-08-01T02:19:40Z [173ms] [Info] [omni.ext._impl._internal] Found class `_AsyncEngineDriver` derived from `omni.ext.IExt` in module: 'omni.kit.async_engine' in 'c:\users\kskzz\miniconda3\envs\env_isaaclab\lib\site-packages\isaacsim\kit\extscore\omni.kit.async_engine'. Calling `on_startup`.
2026-08-01T02:19:40Z [173ms] [Info] [omni.kit.async_engine.async_engine] policy: <asyncio.windows_events.WindowsProactorEventLoopPolicy object at 0x000001E483CE33D0> from /exts/omni.kit.async_engine/event_loop_policy_windows = "os_default"
2026-08-01T02:19:40Z [174ms] [Info] [omni.kit.async_engine.async_engine] loop:   <ProactorEventLoop running=False closed=False debug=False> from /exts/omni.kit.async_engine/event_loop_windows = "os_default"
2026-08-01T02:19:40Z [174ms] [Info] [omni.ext.plugin] [ext: omni.kit.async_engine-0.0.3] started, startup time: 113 (ms)
2026-08-01T02:19:40Z [174ms] [Info] [omni.ext.plugin] About to startup: [ext: omni.metrics.core-0.0.3] (order: 0) Triggered by: omni.datastore-0.0.0 (path: c:/users/kskzz/miniconda3/envs/env_isaaclab/lib/site-packages/isaacsim/extscache/omni.metrics.core-0.0.3+69cbf6ad.wx64.r)
2026-08-01T02:19:40Z [174ms] [Info] [omni.kit.app.plugin] [0.217s] [ext: omni.metrics.core-0.0.3] startup
2026-08-01T02:19:40Z [175ms] [Info] [carb] Registered plugin: carb.metrics.plugin (interfaces: [carb::metrics::IMetrics v1.0]) (impl: carb.metrics.plugin)
2026-08-01T02:19:40Z [175ms] [Info] [omni.ext.plugin] [ext: omni.metrics.core-0.0.3] started, startup time: 1 (ms)
2026-08-01T02:19:40Z [175ms] [Info] [omni.ext.plugin] About to startup: [ext: omni.client.lib-1.1.0] (order: 0) Triggered by: omni.client-1.3.0 (path: c:/users/kskzz/miniconda3/envs/env_isaaclab/lib/site-packages/isaacsim/kit/extscore/omni.client.lib)
2026-08-01T02:19:40Z [175ms] [Info] [omni.kit.app.plugin] [0.218s] [ext: omni.client.lib-1.1.0] startup
2026-08-01T02:19:40Z [187ms] [Info] [omni.ext.plugin] Loaded the dynamic library from c:/users/kskzz/miniconda3/envs/env_isaaclab/lib/site-packages/isaacsim/kit/extscore/omni.client.lib/bin/omniclient.dll
2026-08-01T02:19:40Z [195ms] [Info] [omni.ext._impl._internal] Searching for classes derived from 'omni.ext.IExt' in 'omni.client' ('c:\users\kskzz\miniconda3\envs\env_isaaclab\lib\site-packages\isaacsim\kit\extscore\omni.client.lib')
2026-08-01T02:19:40Z [195ms] [Info] [omni.ext.plugin] [ext: omni.client.lib-1.1.0] started, startup time: 20 (ms)
2026-08-01T02:19:40Z [195ms] [Info] [omni.ext.plugin] About to startup: [ext: omni.blobkey-1.1.2] (order: 0) Triggered by: omni.datastore-0.0.0, omni.hsscclient-1.1.2, omni.ujitso.default-1.0.0 (path: c:/users/kskzz/miniconda3/envs/env_isaaclab/lib/site-packages/isaacsim/extscache/omni.blobkey-1.1.2+69cbf6ad.wx64.r)
2026-08-01T02:19:40Z [195ms] [Info] [omni.kit.app.plugin] [0.239s] [ext: omni.blobkey-1.1.2] startup
2026-08-01T02:19:40Z [196ms] [Info] [carb] Registered plugin: omni.blobkey.plugin (interfaces: [omni::blobkey::IBlobKey v1.1]) (impl: omni.blobkey.plugin)
2026-08-01T02:19:40Z [196ms] [Info] [omni.ext.plugin] [ext: omni.blobkey-1.1.2] started, startup time: 0 (ms)
2026-08-01T02:19:40Z [196ms] [Info] [omni.ext.plugin] About to startup: [ext: omni.stats-1.0.1] (order: 0) Triggered by: omni.gpu_foundation-0.0.0, omni.ujitso.default-1.0.0 (path: c:/users/kskzz/miniconda3/envs/env_isaaclab/lib/site-packages/isaacsim/extscache/omni.stats-1.0.1+69cbf6ad.wx64.r.cp311)
2026-08-01T02:19:40Z [196ms] [Info] [omni.kit.app.plugin] [0.240s] [ext: omni.stats-1.0.1] startup
2026-08-01T02:19:40Z [197ms] [Info] [carb] Registered plugin: carb.stats.plugin (interfaces: [carb::stats::IStats v2.1]) (impl: carb.stats.plugin)
2026-08-01T02:19:40Z [199ms] [Info] [omni.ext._impl._internal] Searching for classes derived from 'omni.ext.IExt' in 'omni.stats' ('c:\users\kskzz\miniconda3\envs\env_isaaclab\lib\site-packages\isaacsim\extscache\omni.stats-1.0.1+69cbf6ad.wx64.r.cp311')
2026-08-01T02:19:40Z [199ms] [Info] [omni.ext.plugin] [ext: omni.stats-1.0.1] started, startup time: 2 (ms)
2026-08-01T02:19:40Z [199ms] [Info] [omni.ext.plugin] About to startup: [ext: omni.datastore-0.0.0] (order: 0) Triggered by: omni.ujitso.default-1.0.0 (path: c:/users/kskzz/miniconda3/envs/env_isaaclab/lib/site-packages/isaacsim/extscache/omni.datastore-0.0.0+69cbf6ad.wx64.r)
2026-08-01T02:19:40Z [199ms] [Info] [omni.kit.app.plugin] [0.242s] [ext: omni.datastore-0.0.0] startup
2026-08-01T02:19:40Z [200ms] [Info] [carb] Registered plugin: carb.datastore.plugin (interfaces: [carb::datastore::ICombinedDataStore v0.1],[carb::datastore::IFailureInjectionDataStoreFactory v0.1],[carb::datastore::ILocalDataStore v0.2],[carb::datastore::INucleusDataStore v0.1],[carb::datastore::IOmniHubDataStore v0.2],[carb::datastore::IProfileDataStore v0.2]) (impl: carb.datastore.plugin)
2026-08-01T02:19:40Z [201ms] [Info] [carb] Registered plugin: omni.datastore.ext.plugin (interfaces: [carb::datastore::IGRPCDataStore v0.3],[carb::datastore::IGRPCDataStoreServer v0.1],[omni::ext::IExt v0.1]) (impl: omni.datastore.ext.plugin)
2026-08-01T02:19:40Z [201ms] [Info] [carb] Initializing plugin: omni.datastore.ext.plugin (interfaces: [carb::datastore::IGRPCDataStore v0.3],[carb::datastore::IGRPCDataStoreServer v0.1],[omni::ext::IExt v0.1]) (impl: omni.datastore.ext.plugin)
2026-08-01T02:19:40Z [201ms] [Info] [omni.ext.plugin] [ext: omni.datastore-0.0.0] Starting ext::IExt in 'c:/users/kskzz/miniconda3/envs/env_isaaclab/lib/site-packages/isaacsim/extscache/omni.datastore-0.0.0+69cbf6ad.wx64.r/bin/omni.datastore.ext.plugin.dll'
2026-08-01T02:19:40Z [201ms] [Info] [omni.ext.plugin] [ext: omni.datastore-0.0.0] started, startup time: 2 (ms)
2026-08-01T02:19:40Z [201ms] [Info] [omni.ext.plugin] About to startup: [ext: omni.client-1.3.0] (order: 0) Triggered by: isaacsim.storage.native-1.5.1, omni.graph-1.141.2, omni.hydra.rtx-1.0.0, omni.hydra.scene_delegate-0.3.4, omni.hydra.usdrt_delegate-7.5.1, omni.index-1.0.1, omni.kit.helper.file_utils-0.1.9, omni.kit.material.library-2.0.7, omni.kit.renderer.core-1.1.0, omni.kit.usd.layers-2.2.11, omni.kit.widget.filebrowser-2.12.3, omni.kit.widget.nucleus_connector-2.0.1, omni.kit.widget.stage-3.1.4, omni.kit.window.filepicker-2.13.4, omni.kit.window.material_graph-1.9.1, omni.mdl-56.0.3, omni.ujitso.default-1.0.0, omni.usd-1.13.10, omni.usd.core-1.5.3, omni.usd_resolver-1.0.0, omni.volume-0.5.2 (path: c:/users/kskzz/miniconda3/envs/env_isaaclab/lib/site-packages/isaacsim/extscache/omni.client-1.3.0+69cbf6ad.wx64.r)
2026-08-01T02:19:40Z [201ms] [Info] [omni.kit.app.plugin] [0.245s] [ext: omni.client-1.3.0] startup
2026-08-01T02:19:40Z [203ms] [Info] [carb] Registered plugin: omni.client.liveprocess.plugin (interfaces: [omni::ext::IExt v0.1]) (impl: omni.client.liveprocess.plugin)
2026-08-01T02:19:40Z [203ms] [Info] [carb] Registered plugin: carb.datasource-omniclient.plugin (interfaces: [carb::datasource::IDataSource v1.1]) (impl: carb.datasource-omniclient.plugin)
2026-08-01T02:19:40Z [204ms] [Info] [carb] Registered plugin: carb.omniclient.plugin (interfaces: [carb::omniclient::IOmniClient v2.67]) (impl: carb.omniclient.plugin)
2026-08-01T02:19:40Z [204ms] [Info] [carb] Initializing plugin: omni.client.liveprocess.plugin (interfaces: [omni::ext::IExt v0.1]) (impl: omni.client.liveprocess.plugin)
2026-08-01T02:19:40Z [204ms] [Info] [omni.ext.plugin] [ext: omni.client-1.3.0] Starting ext::IExt in 'c:/users/kskzz/miniconda3/envs/env_isaaclab/lib/site-packages/isaacsim/extscache/omni.client-1.3.0+69cbf6ad.wx64.r/bin/omni.client.liveprocess.plugin.dll'
2026-08-01T02:19:40Z [204ms] [Info] [carb] Initializing plugin: carb.omniclient.plugin (interfaces: [carb::omniclient::IOmniClient v2.67]) (impl: carb.omniclient.plugin)
2026-08-01T02:19:40Z [205ms] [Info] [carb.omniclient.plugin]  Main: core: Initializing Version 2.67.0-release.6072+gl.6293b5e9
2026-08-01T02:19:40Z [205ms] [Info] [carb.omniclient.plugin]  Main: core: Client ID: 7YZ8MVZB
2026-08-01T02:19:40Z [206ms] [Info] [carb.omniclient.plugin]  78008: OmniHub: ThreadId(02) hub_client::client::Client::new Launching client mode=Shared cache_path=None cache_size=None
2026-08-01T02:19:40Z [208ms] [Info] [carb.omniclient.plugin]  78008: OmniHub: ThreadId(03) launch self=Launcher { discovery_lock: RwLock { lock: RwLock { inner: File { handle: 0x4f4, path: "\\\\?\\C:\\Users\\kskzz\\AppData\\Local\\Temp\\hub-kskzz.lock" } } }, mode: Shared, config_file: "C:\\Users\\kskzz\\AppData\\Local\\Temp\\hub-kskzz-5A33064.config.json" } cmd="hub.exe" "--mode=shared" "--write-config" "C:\\Users\\kskzz\\AppData\\Local\\Temp\\hub-kskzz-5A33064.config.json" "--"
2026-08-01T02:19:40Z [209ms] [Info] [carb.omniclient.plugin]  Main: core: Not using Hub: Hub not found
2026-08-01T02:19:40Z [209ms] [Info] [omni.ext.plugin] [ext: omni.client-1.3.0] started, startup time: 7 (ms)
2026-08-01T02:19:40Z [209ms] [Info] [omni.ext.plugin] About to startup: [ext: omni.ujitso.default-1.0.0] (order: 0) Triggered by: omni.physx.cooking-107.3.26, omni.ujitso.client-0.0.0 (path: c:/users/kskzz/miniconda3/envs/env_isaaclab/lib/site-packages/isaacsim/extscache/omni.ujitso.default-1.0.0+69cbf6ad.wx64.r.cp311)
2026-08-01T02:19:40Z [209ms] [Info] [omni.kit.app.plugin] [0.252s] [ext: omni.ujitso.default-1.0.0] startup
2026-08-01T02:19:40Z [210ms] [Info] [carb] Registered plugin: carb.ujitsoagent.plugin (interfaces: [carb::ujitso::IAgent v0.5],[carb::ujitso::IFactory v0.2],[carb::ujitso::IRegistry v0.1],[carb::ujitso::IService v0.10]) (impl: carb.ujitsoagent.plugin)
2026-08-01T02:19:40Z [211ms] [Info] [carb] Registered plugin: carb.ujitsodefault.plugin (interfaces: [carb::ujitso::IDefault v0.1]) (impl: carb.ujitsodefault.plugin)
2026-08-01T02:19:40Z [211ms] [Info] [carb] Registered plugin: omni.ujitso.default.ext.plugin (interfaces: [omni::ext::IExt v0.1]) (impl: omni.ujitso.default.ext.plugin)
2026-08-01T02:19:40Z [212ms] [Info] [carb] Initializing plugin: omni.ujitso.default.ext.plugin (interfaces: [omni::ext::IExt v0.1]) (impl: omni.ujitso.default.ext.plugin)
2026-08-01T02:19:40Z [212ms] [Info] [omni.ext.plugin] [ext: omni.ujitso.default-1.0.0] Starting ext::IExt in 'c:/users/kskzz/miniconda3/envs/env_isaaclab/lib/site-packages/isaacsim/extscache/omni.ujitso.default-1.0.0+69cbf6ad.wx64.r.cp311/bin/omni.ujitso.default.ext.plugin.dll'
2026-08-01T02:19:40Z [212ms] [Info] [carb] Initializing plugin: carb.ujitsodefault.plugin (interfaces: [carb::ujitso::IDefault v0.1]) (impl: carb.ujitsodefault.plugin)
2026-08-01T02:19:40Z [212ms] [Info] [omni.ext.plugin] [ext manager] preferLocalVersions: 1
2026-08-01T02:19:40Z [212ms] [Info] [omni.ext.plugin] Processing exts enabling request: 'omni.hsscclient'
2026-08-01T02:19:40Z [212ms] [Info] [omni.ext.plugin] Extensions dependency solver solution:
[ext: omni.client-1.3.0] deps:
 -> 'omni.client.lib' = { version='=1.1.0+wx64.r.cp311' } selected: [omni.client.lib-1.1.0]
[ext: omni.hsscclient-1.1.2] deps:
 -> 'omni.blobkey' = { version='=1.1.2+69cbf6ad.wx64.r' } selected: [omni.blobkey-1.1.2]
[ext: omni.stats-1.0.1] no deps
[ext: omni.datastore-0.0.0] deps:
 -> 'omni.blobkey' = { version='=1.1.2+69cbf6ad.wx64.r' } selected: [omni.blobkey-1.1.2]
 -> 'omni.metrics.core' = { version='=0.0.3+69cbf6ad.wx64.r' } selected: [omni.metrics.core-0.0.3]
[ext: omni.client.lib-1.1.0] deps:
 -> 'omni.kit.async_engine' = { version='=0.0.3' } selected: [omni.kit.async_engine-0.0.3]
[ext: omni.blobkey-1.1.2] no deps
[ext: omni.metrics.core-0.0.3] no deps
[ext: omni.kit.async_engine-0.0.3] no deps
 Synced registries:
	 (none)

2026-08-01T02:19:40Z [212ms] [Info] [omni.ext.plugin] [ext: omni.hsscclient-1.1.2] applying settings
2026-08-01T02:19:40Z [212ms] [Info] [omni.ext.plugin] About to startup: [ext: omni.hsscclient-1.1.2] (order: 0) Triggered by API/CLI/Config. (path: c:/users/kskzz/miniconda3/envs/env_isaaclab/lib/site-packages/isaacsim/extscache/omni.hsscclient-1.1.2+69cbf6ad.wx64.r.cp311)
2026-08-01T02:19:40Z [212ms] [Info] [omni.kit.app.plugin] [0.255s] [ext: omni.hsscclient-1.1.2] startup
2026-08-01T02:19:40Z [213ms] [Info] [carb] Registered plugin: carb.hsscclient.plugin (interfaces: [carb::HsscClient::IClient v1.1],[carb::HsscClient::IDataStore v1.1],[carb::HsscClient::IServiceDiscovery v1.1]) (impl: carb.hsscclient.plugin)
2026-08-01T02:19:40Z [214ms] [Info] [omni.ext._impl._internal] Searching for classes derived from 'omni.ext.IExt' in 'omni.hsscclient' ('c:\users\kskzz\miniconda3\envs\env_isaaclab\lib\site-packages\isaacsim\extscache\omni.hsscclient-1.1.2+69cbf6ad.wx64.r.cp311')
2026-08-01T02:19:40Z [214ms] [Info] [omni.ext.plugin] [ext: omni.hsscclient-1.1.2] started, startup time: 1 (ms)
2026-08-01T02:19:40Z [214ms] [Info] [carb] Initializing plugin: carb.hsscclient.plugin (interfaces: [carb::HsscClient::IClient v1.1],[carb::HsscClient::IDataStore v1.1],[carb::HsscClient::IServiceDiscovery v1.1]) (impl: carb.hsscclient.plugin)
2026-08-01T02:19:40Z [214ms] [Info] [carb.ujitsodefault.plugin] DataStoreConfigurator[UJITSOCache]: hssc service skipping discovery because uri empty
2026-08-01T02:19:40Z [214ms] [Info] [carb] Initializing plugin: carb.datastore.plugin (interfaces: [carb::datastore::ICombinedDataStore v0.1],[carb::datastore::IFailureInjectionDataStoreFactory v0.1],[carb::datastore::ILocalDataStore v0.2],[carb::datastore::INucleusDataStore v0.1],[carb::datastore::IOmniHubDataStore v0.2],[carb::datastore::IProfileDataStore v0.2]) (impl: carb.datastore.plugin)
2026-08-01T02:19:40Z [214ms] [Info] [carb] Initializing plugin: omni.blobkey.plugin (interfaces: [omni::blobkey::IBlobKey v1.1]) (impl: omni.blobkey.plugin)
2026-08-01T02:19:40Z [214ms] [Info] [omni.datastore] Locked base cache layer 'c:/users/kskzz/miniconda3/envs/env_isaaclab/lib/site-packages/isaacsim/kit/cache/DerivedDataCache'
2026-08-01T02:19:40Z [214ms] [Info] [omni.datastore] Found existing cache sub folder. Merging c:/users/kskzz/miniconda3/envs/env_isaaclab/lib/site-packages/isaacsim/kit/cache/DerivedDataCache/1
2026-08-01T02:19:40Z [220ms] [Info] [carb.ujitsodefault.plugin] DataStoreConfigurator[UJITSOCache]: created local datastore on: 'c:/users/kskzz/miniconda3/envs/env_isaaclab/lib/site-packages/isaacsim/kit/cache/DerivedDataCache'
2026-08-01T02:19:40Z [220ms] [Info] [carb] Initializing plugin: carb.ujitsoagent.plugin (interfaces: [carb::ujitso::IAgent v0.5],[carb::ujitso::IFactory v0.2],[carb::ujitso::IRegistry v0.1],[carb::ujitso::IService v0.10]) (impl: carb.ujitsoagent.plugin)
2026-08-01T02:19:40Z [220ms] [Info] [carb.ujitsoagent.plugin] UJITSO: ProcessorRegistry(): globalProcessorVersion:0, addKitGitHashToVersion:0, resolvedGitHash:''
2026-08-01T02:19:40Z [220ms] [Info] [carb] Initializing plugin: carb.stats.plugin (interfaces: [carb::stats::IStats v2.1]) (impl: carb.stats.plugin)
2026-08-01T02:19:40Z [220ms] [Info] [carb] Initializing plugin: carb.datasource-omniclient.plugin (interfaces: [carb::datasource::IDataSource v1.1]) (impl: carb.datasource-omniclient.plugin)
2026-08-01T02:19:40Z [221ms] [Info] [carb] Plugin omni.ujitso.default.ext.plugin is already a dependency of carb.ujitsodefault.plugin; not changing unload order
2026-08-01T02:19:40Z [225ms] [Info] [omni.ext._impl._internal] Searching for classes derived from 'omni.ext.IExt' in 'omni.ujitso.default' ('c:\users\kskzz\miniconda3\envs\env_isaaclab\lib\site-packages\isaacsim\extscache\omni.ujitso.default-1.0.0+69cbf6ad.wx64.r.cp311')
2026-08-01T02:19:40Z [225ms] [Info] [omni.ext.plugin] [ext: omni.ujitso.default-1.0.0] started, startup time: 16 (ms)
2026-08-01T02:19:40Z [225ms] [Info] [omni.ext.plugin] About to startup: [ext: omni.gpu_foundation.shadercache.vulkan-1.0.0] (order: 0) Triggered by: omni.gpu_foundation-0.0.0 (path: c:/users/kskzz/miniconda3/envs/env_isaaclab/lib/site-packages/isaacsim/extscache/omni.gpu_foundation.shadercache.vulkan-1.0.0+69cbf6ad.wx64.r)
2026-08-01T02:19:40Z [225ms] [Info] [omni.kit.app.plugin] [0.268s] [ext: omni.gpu_foundation.shadercache.vulkan-1.0.0] startup
2026-08-01T02:19:40Z [231ms] [Info] [omni.ext._impl._internal] Searching for classes derived from 'omni.ext.IExt' in 'omni.gpu_foundation.shadercache.vulkan' ('c:\users\kskzz\miniconda3\envs\env_isaaclab\lib\site-packages\isaacsim\extscache\omni.gpu_foundation.shadercache.vulkan-1.0.0+69cbf6ad.wx64.r')
2026-08-01T02:19:40Z [231ms] [Info] [omni.ext._impl._internal] Found class `_ShaderCacheExt` derived from `omni.ext.IExt` in module: 'omni.gpu_foundation.shadercache.vulkan' in 'c:\users\kskzz\miniconda3\envs\env_isaaclab\lib\site-packages\isaacsim\extscache\omni.gpu_foundation.shadercache.vulkan-1.0.0+69cbf6ad.wx64.r'. Calling `on_startup`.
2026-08-01T02:19:40Z [231ms] [Info] [omni.gpu_foundation_factory.impl.foundation_extension] appShaderCachePathList: c:/users/kskzz/miniconda3/envs/env_isaaclab/lib/site-packages/isaacsim/extscache/omni.gpu_foundation.shadercache.vulkan-1.0.0+69cbf6ad.wx64.r/cache/shadercache
2026-08-01T02:19:40Z [232ms] [Info] [omni.gpu_foundation_factory.impl.foundation_extension] appShaderCachePath: c:/users/kskzz/miniconda3/envs/env_isaaclab/lib/site-packages/isaacsim/extscache/omni.gpu_foundation.shadercache.vulkan-1.0.0+69cbf6ad.wx64.r/cache/shadercache
2026-08-01T02:19:40Z [232ms] [Info] [omni.gpu_foundation_factory.impl.foundation_extension] shaderCachePath: c:/users/kskzz/miniconda3/envs/env_isaaclab/lib/site-packages/isaacsim/kit/cache/shadercache
2026-08-01T02:19:40Z [232ms] [Info] [omni.gpu_foundation_factory.impl.foundation_extension] driverAppShaderCachePath: c:/users/kskzz/miniconda3/envs/env_isaaclab/lib/site-packages/isaacsim/extscache/omni.gpu_foundation.shadercache.vulkan-1.0.0+69cbf6ad.wx64.r/cache/nv_shadercache
2026-08-01T02:19:40Z [232ms] [Info] [omni.gpu_foundation_factory.impl.foundation_extension] driverShaderCachePath: c:/users/kskzz/miniconda3/envs/env_isaaclab/lib/site-packages/isaacsim/kit/cache/nv_shadercache
2026-08-01T02:19:40Z [232ms] [Info] [omni.ext.plugin] [ext: omni.gpu_foundation.shadercache.vulkan-1.0.0] started, startup time: 6 (ms)
2026-08-01T02:19:40Z [232ms] [Info] [omni.ext.plugin] About to startup: [ext: omni.assets.plugins-0.0.0] (order: 0) Triggered by: carb.audio-0.1.0, omni.convexdecomposition-107.3.26, omni.gpu_foundation-0.0.0, omni.kit.renderer.init-0.0.0, omni.usd-1.13.10, omni.videoencoding-0.1.2, omni.volume-0.5.2 (path: c:/users/kskzz/miniconda3/envs/env_isaaclab/lib/site-packages/isaacsim/extscache/omni.assets.plugins-0.0.0+69cbf6ad.wx64.r)
2026-08-01T02:19:40Z [232ms] [Info] [omni.kit.app.plugin] [0.275s] [ext: omni.assets.plugins-0.0.0] startup
2026-08-01T02:19:40Z [233ms] [Info] [carb] Registered plugin: carb.assets.plugin (interfaces: [carb::assets::IAssets v2.0],[carb::assets::IAssetsBlob v1.0]) (impl: carb.assets.plugin)
2026-08-01T02:19:40Z [234ms] [Info] [carb] Registered plugin: carb.datasource-file.plugin (interfaces: [carb::datasource::IDataSource v1.1]) (impl: carb.datasource-file.plugin)
2026-08-01T02:19:40Z [235ms] [Info] [carb] Registered plugin: carb.imaging.plugin (interfaces: [carb::imaging::IImaging v2.6]) (impl: carb.imaging.plugin)
2026-08-01T02:19:40Z [236ms] [Info] [carb] Registered plugin: carb.progress.plugin (interfaces: [carb::progress::IProgress v1.0]) (impl: carb.progress.plugin)
2026-08-01T02:19:40Z [236ms] [Info] [omni.ext.plugin] [ext: omni.assets.plugins-0.0.0] started, startup time: 4 (ms)
2026-08-01T02:19:40Z [236ms] [Info] [omni.ext.plugin] About to startup: [ext: omni.gpu_foundation-0.0.0] (order: -100000) Triggered by: omni.gpucompute.plugins-0.0.0, omni.hydra.engine.stats-1.0.3, omni.hydra.rtx-1.0.0, omni.hydra.scene_delegate-0.3.4, omni.hydra.usdrt_delegate-7.5.1, omni.kit.hydra_texture-1.4.6, omni.kit.renderer.init-0.0.0, omni.physx.foundation-107.3.26, omni.resourcemonitor-107.0.1 (path: c:/users/kskzz/miniconda3/envs/env_isaaclab/lib/site-packages/isaacsim/extscache/omni.gpu_foundation-0.0.0+69cbf6ad.wx64.r.cp311)
2026-08-01T02:19:40Z [236ms] [Info] [omni.kit.app.plugin] [0.279s] [ext: omni.gpu_foundation-0.0.0] startup
2026-08-01T02:19:40Z [239ms] [Info] [carb] Registered plugin: carb.graphics-direct3d.plugin (interfaces: [carb::graphics::Graphics v3.7],[carb::ngx::Ngx v0.11],[carb::profiler::IPerfSdkProfiler v1.4]) (impl: carb.graphics-direct3d.plugin)
2026-08-01T02:19:40Z [240ms] [Info] [carb] Registered plugin: carb.graphics-vulkan.plugin (interfaces: [carb::graphics::Graphics v3.7],[carb::ngx::Ngx v0.11],[carb::profiler::IPerfSdkProfiler v1.4]) (impl: carb.graphics-vulkan.plugin)
2026-08-01T02:19:40Z [241ms] [Info] [carb] Registered plugin: carb.graphics_optional.plugin (interfaces: [carb::graphics::IOptionalFeatures v2.1]) (impl: carb.graphics_optional.plugin)
2026-08-01T02:19:40Z [243ms] [Info] [carb] Registered plugin: carb.shadercompiler-slang.plugin (interfaces: [carb::shadercompiler::ShaderCompiler v0.6]) (impl: carb.shadercompiler-slang.plugin)
2026-08-01T02:19:40Z [245ms] [Info] [carb] Registered plugin: gpu.foundation.plugin (interfaces: [carb::graphicsmux::GraphicsMux v2.7],[gpu::foundation::IGpuFoundationFactory v1.0],[gpu::foundation::ISystemInfo v0.8],[gpu::realm::Realm v0.1],[gpu::unstable::IMemoryBudgetManagerFactory v0.1],[gpu::vblank::IVBlank v0.1],[rtx::psodb::PsoDb v0.6],[rtx::rendergraph::RenderGraphBuilder v0.14],[rtx::resourcemanager::ResourceManager v1.2],[rtx::shaderdb::ShaderDb v1.9]) (impl: gpu.foundation.plugin)
2026-08-01T02:19:40Z [247ms] [Info] [carb] Registered plugin: carb.blockcompression.plugin (interfaces: [carb::blockcompression::BlockCompression v0.2]) (impl: carb.blockcompression.plugin)
2026-08-01T02:19:40Z [249ms] [Info] [carb] Registered plugin: carb.cudainterop.plugin (interfaces: [carb::cudainterop::CudaInterop v0.17]) (impl: carb.cudainterop.plugin)
2026-08-01T02:19:40Z [251ms] [Info] [carb] Registered plugin: carb.glinterop.plugin (interfaces: [carb::glinterop::GLInterop v0.6]) (impl: carb.glinterop.plugin)
2026-08-01T02:19:40Z [252ms] [Info] [carb] Registered plugin: carb.failureinjector (interfaces: [carb::IFailureInjector v1.0]) (impl: carb.failureinjector)
2026-08-01T02:19:40Z [252ms] [Info] [carb] Registered plugin: carb.memorytracking (interfaces: [carb::memorytracking::IGpuMemoryTracker v0.0],[carb::memorytracking::IMemoryScopeTracker v1.0],[carb::tasking::IFiberEvents v1.0]) (impl: carb.memorytracking)
2026-08-01T02:19:40Z [253ms] [Info] [carb] Registered plugin: omni.gpu_foundation.ext.plugin (interfaces: [omni::ext::IExt v0.1]) (impl: omni.gpu_foundation.ext.plugin)
2026-08-01T02:19:40Z [254ms] [Info] [carb] Registered plugin: omni.gpu_foundation_factory.plugin (interfaces: [omni::gpufoundation::IGpuFoundationFactory v0.1]) (impl: omni.gpu_foundation_factory.plugin)
2026-08-01T02:19:40Z [255ms] [Info] [carb] Registered plugin: carb.imguiregistry.plugin (interfaces: [carb::imgui::ImGuiCallbackRegistry v1.0]) (impl: carb.imguiregistry.plugin)
2026-08-01T02:19:40Z [255ms] [Info] [carb] Registered plugin: omni.streamingstatus.plugin (interfaces: [omni::IStreamingStatusManager v1.1]) (impl: omni.streamingstatus.plugin)
2026-08-01T02:19:40Z [256ms] [Info] [carb] Registered plugin: carb.ujitso.processor.texture.plugin (interfaces: [carb::ujitso::processor::ITextureProcessorLoader v0.1]) (impl: carb.ujitso.processor.texture.plugin)
2026-08-01T02:19:40Z [257ms] [Info] [carb] Initializing plugin: omni.gpu_foundation.ext.plugin (interfaces: [omni::ext::IExt v0.1]) (impl: omni.gpu_foundation.ext.plugin)
2026-08-01T02:19:40Z [257ms] [Info] [omni.ext.plugin] [ext: omni.gpu_foundation-0.0.0] Starting ext::IExt in 'c:/users/kskzz/miniconda3/envs/env_isaaclab/lib/site-packages/isaacsim/extscache/omni.gpu_foundation-0.0.0+69cbf6ad.wx64.r.cp311/bin/omni.gpu_foundation.ext.plugin.dll'
2026-08-01T02:19:40Z [257ms] [Info] [carb] Initializing plugin: omni.gpu_foundation_factory.plugin (interfaces: [omni::gpufoundation::IGpuFoundationFactory v0.1]) (impl: omni.gpu_foundation_factory.plugin)
2026-08-01T02:19:40Z [257ms] [Info] [omni.gpu_foundation_factory.plugin] [Graphics API] Vulkan

2026-08-01T02:19:40Z [257ms] [Info] [carb] Initializing plugin: carb.graphics-vulkan.plugin (interfaces: [carb::graphics::Graphics v3.7],[carb::ngx::Ngx v0.11],[carb::profiler::IPerfSdkProfiler v1.4]) (impl: carb.graphics-vulkan.plugin)
2026-08-01T02:19:40Z [257ms] [Info] [carb.graphics-vulkan.plugin] Environment variable overridden: VK_SDK_PATH = 
2026-08-01T02:19:40Z [257ms] [Info] [carb.graphics-vulkan.plugin] Environment variable overridden: VULKAN_SDK = 
2026-08-01T02:19:40Z [257ms] [Info] [carb.graphics-vulkan.plugin] Environment variable overridden: VK_LAYER_PATH = 
2026-08-01T02:19:40Z [257ms] [Info] [carb.graphics-vulkan.plugin] Environment variable overridden: VK_INSTANCE_LAYERS = 
2026-08-01T02:19:40Z [257ms] [Info] [carb.graphics-vulkan.plugin] Environment variable overridden: VULKAN_HEADERS_INSTALL_DIR = 
2026-08-01T02:19:40Z [262ms] [Info] [carb] Initializing plugin: carb.profiler.gpu.plugin (interfaces: [carb::profiler::IGpuProfiler v0.8]) (impl: carb.profiler.gpu.plugin)
2026-08-01T02:19:40Z [263ms] [Info] [carb] Initializing plugin: carb.progress.plugin (interfaces: [carb::progress::IProgress v1.0]) (impl: carb.progress.plugin)
2026-08-01T02:19:40Z [263ms] [Info] [omni.ext._impl._internal] Searching for classes derived from 'omni.ext.IExt' in 'omni.gpu_foundation_factory' ('c:\users\kskzz\miniconda3\envs\env_isaaclab\lib\site-packages\isaacsim\extscache\omni.gpu_foundation-0.0.0+69cbf6ad.wx64.r.cp311')
2026-08-01T02:19:40Z [263ms] [Info] [omni.ext._impl._internal] Found class `GpuFoundationConfig` derived from `omni.ext.IExt` in module: 'omni.gpu_foundation_factory' in 'c:\users\kskzz\miniconda3\envs\env_isaaclab\lib\site-packages\isaacsim\extscache\omni.gpu_foundation-0.0.0+69cbf6ad.wx64.r.cp311'. Calling `on_startup`.
2026-08-01T02:19:40Z [263ms] [Info] [omni.ext.plugin] [ext: omni.gpu_foundation-0.0.0] started, startup time: 27 (ms)
2026-08-01T02:19:40Z [263ms] [Info] [omni.ext.plugin] About to startup: [ext: carb.windowing.plugins-1.0.0] (order: 0) Triggered by: omni.appwindow-1.1.10, omni.kit.renderer.init-0.0.0 (path: c:/users/kskzz/miniconda3/envs/env_isaaclab/lib/site-packages/isaacsim/extscache/carb.windowing.plugins-1.0.0+69cbf6ad.wx64.r)
2026-08-01T02:19:40Z [263ms] [Info] [omni.kit.app.plugin] [0.307s] [ext: carb.windowing.plugins-1.0.0] startup
2026-08-01T02:19:40Z [265ms] [Info] [carb] Registered plugin: carb.input.plugin (interfaces: [carb::input::IInput v1.2]) (impl: carb.input.plugin)
2026-08-01T02:19:40Z [265ms] [Info] [carb] Registered plugin: carb.windowing-glfw.plugin (interfaces: [carb::windowing::IGLContext v1.0],[carb::windowing::IWindowing v1.5]) (impl: carb.windowing-glfw.plugin)
2026-08-01T02:19:40Z [266ms] [Info] [carb] Registered plugin: carb.windowing.ext.plugin (interfaces: [omni::ext::IExt v0.1]) (impl: carb.windowing.ext.plugin)
2026-08-01T02:19:40Z [266ms] [Info] [carb] Initializing plugin: carb.windowing.ext.plugin (interfaces: [omni::ext::IExt v0.1]) (impl: carb.windowing.ext.plugin)
2026-08-01T02:19:40Z [266ms] [Info] [omni.ext.plugin] [ext: carb.windowing.plugins-1.0.0] Starting ext::IExt in 'c:/users/kskzz/miniconda3/envs/env_isaaclab/lib/site-packages/isaacsim/extscache/carb.windowing.plugins-1.0.0+69cbf6ad.wx64.r/bin/carb.windowing.ext.plugin.dll'
2026-08-01T02:19:40Z [266ms] [Info] [carb] Initializing plugin: carb.windowing-glfw.plugin (interfaces: [carb::windowing::IGLContext v1.0],[carb::windowing::IWindowing v1.5]) (impl: carb.windowing-glfw.plugin)
2026-08-01T02:19:40Z [266ms] [Info] [carb] Initializing plugin: carb.input.plugin (interfaces: [carb::input::IInput v1.2]) (impl: carb.input.plugin)
2026-08-01T02:19:40Z [341ms] [Info] [omni.ext.plugin] [ext: carb.windowing.plugins-1.0.0] started, startup time: 77 (ms)
2026-08-01T02:19:40Z [341ms] [Info] [omni.ext.plugin] About to startup: [ext: omni.kit.renderer.init-0.0.0] (order: -100000) Triggered by: omni.kit.renderer.core-1.1.0 (path: c:/users/kskzz/miniconda3/envs/env_isaaclab/lib/site-packages/isaacsim/extscache/omni.kit.renderer.init-0.0.0+69cbf6ad.wx64.r)
2026-08-01T02:19:40Z [341ms] [Info] [omni.kit.app.plugin] [0.384s] [ext: omni.kit.renderer.init-0.0.0] startup
2026-08-01T02:19:40Z [342ms] [Info] [carb] Registered plugin: omni.kit.renderer.init.plugin (interfaces: [omni::ext::IExt v0.1],[omni::kit::renderer::IRendererInit v0.1]) (impl: omni.kit.renderer.init.plugin)
2026-08-01T02:19:40Z [342ms] [Info] [carb] Initializing plugin: omni.kit.renderer.init.plugin (interfaces: [omni::ext::IExt v0.1],[omni::kit::renderer::IRendererInit v0.1]) (impl: omni.kit.renderer.init.plugin)
2026-08-01T02:19:40Z [342ms] [Info] [omni.ext.plugin] [ext: omni.kit.renderer.init-0.0.0] Starting ext::IExt in 'c:/users/kskzz/miniconda3/envs/env_isaaclab/lib/site-packages/isaacsim/extscache/omni.kit.renderer.init-0.0.0+69cbf6ad.wx64.r/bin/omni.kit.renderer.init.plugin.dll'
2026-08-01T02:19:40Z [342ms] [Info] [carb] Plugin omni.kit.renderer.init.plugin is already a dependency of carb.ujitsodefault.plugin; not changing unload order
2026-08-01T02:19:40Z [342ms] [Info] [omni.ext.plugin] [ext: omni.kit.renderer.init-0.0.0] started, startup time: 1 (ms)
2026-08-01T02:19:40Z [342ms] [Info] [omni.ext.plugin] About to startup: [ext: omni.materialx.libs-1.0.7] (order: -1000) Triggered by: omni.kit.material.library-2.0.7,  (path: c:/users/kskzz/miniconda3/envs/env_isaaclab/lib/site-packages/isaacsim/extscache/omni.materialx.libs-1.0.7+69cbf6ad.wx64.r.cp311)
2026-08-01T02:19:40Z [342ms] [Info] [omni.kit.app.plugin] [0.385s] [ext: omni.materialx.libs-1.0.7] startup
2026-08-01T02:19:40Z [342ms] [Info] [carb] Initializing plugin: gpu.foundation.plugin (interfaces: [carb::graphicsmux::GraphicsMux v2.7],[gpu::foundation::IGpuFoundationFactory v1.0],[gpu::foundation::ISystemInfo v0.8],[gpu::realm::Realm v0.1],[gpu::unstable::IMemoryBudgetManagerFactory v0.1],[gpu::vblank::IVBlank v0.1],[rtx::psodb::PsoDb v0.6],[rtx::rendergraph::RenderGraphBuilder v0.14],[rtx::resourcemanager::ResourceManager v1.2],[rtx::shaderdb::ShaderDb v1.9]) (impl: gpu.foundation.plugin)
2026-08-01T02:19:40Z [343ms] [Info] [omni.ext.plugin] Loaded the dynamic library from c:/users/kskzz/miniconda3/envs/env_isaaclab/lib/site-packages/isaacsim/extscache/omni.materialx.libs-1.0.7+69cbf6ad.wx64.r.cp311/bin/MaterialXCore.dll
2026-08-01T02:19:40Z [346ms] [Info] [omni.ext.plugin] Loaded the dynamic library from c:/users/kskzz/miniconda3/envs/env_isaaclab/lib/site-packages/isaacsim/extscache/omni.materialx.libs-1.0.7+69cbf6ad.wx64.r.cp311/bin/MaterialXFormat.dll
2026-08-01T02:19:40Z [346ms] [Info] [carb] Initializing plugin: carb.launcher.plugin (interfaces: [carb::launcher::ILauncher v1.3]) (impl: carb.launcher.plugin)
2026-08-01T02:19:40Z [346ms] [Info] [gpu.foundation.plugin] [DriverShaderCacheManager]: Setting DataStoreKey::MaxBlobSize[0] = 5242880 bytes
2026-08-01T02:19:40Z [346ms] [Info] [gpu.foundation.plugin] [DriverShaderCacheManager]: Setting DataStoreKey::MaxBlobSize[1] = 47185920 bytes
2026-08-01T02:19:40Z [346ms] [Info] [gpu.foundation.plugin] [DriverShaderCacheManager]: Disabling shader cache redirection handler
2026-08-01T02:19:40Z [346ms] [Info] [carb.launcher.plugin] created the process object 000001E48597FA00 for 'C:\Windows\System32\nvidia-smi.exe'.
2026-08-01T02:19:40Z [346ms] [Info] [carb.launcher.plugin] launching the process 'C:\Windows\System32\nvidia-smi.exe' from process 103996.
2026-08-01T02:19:40Z [346ms] [Info] [carb.launcher.plugin] command = '"C:\Windows\System32\nvidia-smi.exe" "-q"'
2026-08-01T02:19:40Z [347ms] [Info] [carb] Initializing plugin: carb.cudainterop.plugin (interfaces: [carb::cudainterop::CudaInterop v0.17]) (impl: carb.cudainterop.plugin)
2026-08-01T02:19:40Z [347ms] [Info] [omni.ext._impl._internal] Searching for classes derived from 'omni.ext.IExt' in 'omni.materialx.libs' ('c:\users\kskzz\miniconda3\envs\env_isaaclab\lib\site-packages\isaacsim\extscache\omni.materialx.libs-1.0.7+69cbf6ad.wx64.r.cp311')
2026-08-01T02:19:40Z [347ms] [Info] [carb] Initializing plugin: carb.memorytracking (interfaces: [carb::memorytracking::IGpuMemoryTracker v0.0],[carb::memorytracking::IMemoryScopeTracker v1.0],[carb::tasking::IFiberEvents v1.0]) (impl: carb.memorytracking)
2026-08-01T02:19:40Z [358ms] [Info] [gpu.foundation.plugin] [ShaderCache]: Limiting to 32-bit driver cache size: 4000 MB
2026-08-01T02:19:40Z [358ms] [Info] [gpu.foundation.plugin] Disabling Vulkan image compression
2026-08-01T02:19:40Z [358ms] [Info] [gpu.foundation.plugin] [ShaderCache]: driver app shader cache path = 'c:/users/kskzz/miniconda3/envs/env_isaaclab/lib/site-packages/isaacsim/extscache/omni.gpu_foundation.shadercache.vulkan-1.0.0+69cbf6ad.wx64.r/cache/nv_shadercache'; driver shader cache path = 'c:/users/kskzz/miniconda3/envs/env_isaaclab/lib/site-packages/isaacsim/kit/cache/nv_shadercache'
2026-08-01T02:19:40Z [358ms] [Info] [gpu.foundation.plugin] [ShaderCache]: Driver shaderCache directory: c:/users/kskzz/miniconda3/envs/env_isaaclab/lib/site-packages/isaacsim/kit/cache/nv_shadercache
2026-08-01T02:19:40Z [358ms] [Info] [omni.ext._impl._internal] Searching for classes derived from 'omni.ext.IExt' in 'MaterialX' ('c:\users\kskzz\miniconda3\envs\env_isaaclab\lib\site-packages\isaacsim\extscache\omni.materialx.libs-1.0.7+69cbf6ad.wx64.r.cp311')
2026-08-01T02:19:40Z [359ms] [Info] [omni.ext.plugin] [ext: omni.materialx.libs-1.0.7] started, startup time: 16 (ms)
2026-08-01T02:19:40Z [359ms] [Info] [omni.ext.plugin] About to startup: [ext: omni.kit.loop-isaac-1.3.7] (order: 0) Triggered by: isaaclab.python.headless-2.3.2, omni.appwindow-1.1.10, omni.kit.test-2.0.1 (path: c:/users/kskzz/miniconda3/envs/env_isaaclab/lib/site-packages/isaacsim/exts/omni.kit.loop-isaac)
2026-08-01T02:19:40Z [359ms] [Info] [omni.kit.app.plugin] [0.402s] [ext: omni.kit.loop-isaac-1.3.7] startup
2026-08-01T02:19:40Z [359ms] [Info] [gpu.foundation.plugin] [ShaderCache]: Driver shadercache folder: c:/users/kskzz/miniconda3/envs/env_isaaclab/lib/site-packages/isaacsim/kit/cache/nv_shadercache, file count: 2, size: 167.51 MB, process_0: 0.00 MB.
2026-08-01T02:19:40Z [359ms] [Info] [carb] Initializing plugin: carb.glinterop.plugin (interfaces: [carb::glinterop::GLInterop v0.6]) (impl: carb.glinterop.plugin)
2026-08-01T02:19:40Z [359ms] [Info] [carb.graphics-vulkan.plugin] loadVulkanGlobalFunctions. Loading libvulkan from vulkan-1.dll
2026-08-01T02:19:40Z [360ms] [Info] [carb] Registered plugin: omni.kit.loop-isaac.plugin (interfaces: [omni::ext::IExt v0.1],[omni::kit::IRunLoopRunnerImpl v1.1]) (impl: omni.kit.loop-isaac.plugin)
2026-08-01T02:19:40Z [360ms] [Info] [carb.launcher.plugin] successfully launched the child process 142352 {process = 000001E48597FA00}
2026-08-01T02:19:40Z [360ms] [Info] [carb.launcher.plugin] waiting for the process 000001E48597FA00 (142352) to exit {timeout = 10000}
2026-08-01T02:19:40Z [360ms] [Info] [carb] Initializing plugin: omni.kit.loop-isaac.plugin (interfaces: [omni::ext::IExt v0.1],[omni::kit::IRunLoopRunnerImpl v1.1]) (impl: omni.kit.loop-isaac.plugin)
2026-08-01T02:19:40Z [360ms] [Info] [omni.ext.plugin] [ext: omni.kit.loop-isaac-1.3.7] Starting ext::IExt in 'c:/users/kskzz/miniconda3/envs/env_isaaclab/lib/site-packages/isaacsim/exts/omni.kit.loop-isaac/bin/omni.kit.loop-isaac.plugin.dll'
2026-08-01T02:19:40Z [360ms] [Info] [carb] Plugin omni.kit.loop-isaac.plugin is already a dependency of omni.kit.app.plugin; not changing unload order
2026-08-01T02:19:40Z [361ms] [Info] [omni.ext._impl._internal] Searching for classes derived from 'omni.ext.IExt' in 'omni.kit.loop' ('c:\users\kskzz\miniconda3\envs\env_isaaclab\lib\site-packages\isaacsim\exts\omni.kit.loop-isaac')
2026-08-01T02:19:40Z [361ms] [Info] [carb.launcher.plugin] starting the read thread for 'launcher stderr reader' for the child process 142352.
2026-08-01T02:19:40Z [361ms] [Info] [omni.ext._impl._internal] Searching for classes derived from 'omni.ext.IExt' in 'omni.kit.loop.tests' ('c:\users\kskzz\miniconda3\envs\env_isaaclab\lib\site-packages\isaacsim\exts\omni.kit.loop-isaac')
2026-08-01T02:19:40Z [361ms] [Info] [carb.launcher.plugin] starting the read thread for 'launcher stdout reader' for the child process 142352.
2026-08-01T02:19:40Z [361ms] [Info] [omni.ext.plugin] [ext: omni.kit.loop-isaac-1.3.7] started, startup time: 2 (ms)
2026-08-01T02:19:40Z [361ms] [Info] [omni.ext.plugin] About to startup: [ext: omni.kit.test-2.0.1] (order: -1000) Triggered by: omni.graph.tools-1.79.2 (path: c:/users/kskzz/miniconda3/envs/env_isaaclab/lib/site-packages/isaacsim/extscache/omni.kit.test-2.0.1+69cbf6ad.wx64.r.cp311)
2026-08-01T02:19:40Z [361ms] [Info] [omni.kit.app.plugin] [0.405s] [ext: omni.kit.test-2.0.1] startup
2026-08-01T02:19:40Z [362ms] [Info] [carb] Registered plugin: omni.kit.test.plugin (interfaces: [omni::ext::IExt v0.1]) (impl: omni.kit.test.plugin)
2026-08-01T02:19:40Z [363ms] [Info] [carb] Initializing plugin: omni.kit.test.plugin (interfaces: [omni::ext::IExt v0.1]) (impl: omni.kit.test.plugin)
2026-08-01T02:19:40Z [363ms] [Info] [omni.ext.plugin] [ext: omni.kit.test-2.0.1] Starting ext::IExt in 'c:/users/kskzz/miniconda3/envs/env_isaaclab/lib/site-packages/isaacsim/extscache/omni.kit.test-2.0.1+69cbf6ad.wx64.r.cp311/bin/omni.kit.test.plugin.dll'
2026-08-01T02:19:40Z [471ms] [Error] [omni.ext._impl.custom_importer] Failed to import python module omni.kit.test. Error: cannot import name 'mean' from partially initialized module 'statistics' (most likely due to a circular import) (C:\robotics_sim\wlr_robot\resume_validation_fsm_residual_ppo\src\resume_validation\statistics.py). Traceback:
Traceback (most recent call last):
  File "C:\Users\kskzz\miniconda3\envs\env_isaaclab\Lib\site-packages\isaacsim\kit\kernel\py\omni\ext\_impl\custom_importer.py", line 85, in import_module
    return importlib.import_module(name)
           ^^^^^^^^^^^^^^^^^^^^^^^^^^^^^
  File "C:\Users\kskzz\miniconda3\envs\env_isaaclab\Lib\importlib\__init__.py", line 126, in import_module
    return _bootstrap._gcd_import(name[level:], package, level)
           ^^^^^^^^^^^^^^^^^^^^^^^^^^^^^^^^^^^^^^^^^^^^^^^^^^^^
  File "<frozen importlib._bootstrap>", line 1204, in _gcd_import
  File "<frozen importlib._bootstrap>", line 1176, in _find_and_load
  File "<frozen importlib._bootstrap>", line 1147, in _find_and_load_unlocked
  File "<frozen importlib._bootstrap>", line 690, in _load_unlocked
  File "<frozen importlib._bootstrap_external>", line 940, in exec_module
  File "<frozen importlib._bootstrap>", line 241, in _call_with_frames_removed
  File "c:/users/kskzz/miniconda3/envs/env_isaaclab/lib/site-packages/isaacsim/extscache/omni.kit.test-2.0.1+69cbf6ad.wx64.r.cp311/omni/kit/test/__init__.py", line 7, in <module>
    from . import unittests
  File "c:/users/kskzz/miniconda3/envs/env_isaaclab/lib/site-packages/isaacsim/extscache/omni.kit.test-2.0.1+69cbf6ad.wx64.r.cp311/omni/kit/test/unittests.py", line 23, in <module>
    from .exttests import RunExtTests
  File "c:/users/kskzz/miniconda3/envs/env_isaaclab/lib/site-packages/isaacsim/extscache/omni.kit.test-2.0.1+69cbf6ad.wx64.r.cp311/omni/kit/test/exttests.py", line 31, in <module>
    from .sampling import SamplingFactor
  File "c:/users/kskzz/miniconda3/envs/env_isaaclab/lib/site-packages/isaacsim/extscache/omni.kit.test-2.0.1+69cbf6ad.wx64.r.cp311/omni/kit/test/sampling.py", line 4, in <module>
    from statistics import mean
  File "C:\robotics_sim\wlr_robot\resume_validation_fsm_residual_ppo\src\resume_validation\statistics.py", line 5, in <module>
    from statistics import mean, median, pstdev
ImportError: cannot import name 'mean' from partially initialized module 'statistics' (most likely due to a circular import) (C:\robotics_sim\wlr_robot\resume_validation_fsm_residual_ppo\src\resume_validation\statistics.py)

2026-08-01T02:19:40Z [471ms] [Error] [carb.scripting-python.plugin] Exception: Extension python module: 'omni.kit.test' in 'c:\users\kskzz\miniconda3\envs\env_isaaclab\lib\site-packages\isaacsim\extscache\omni.kit.test-2.0.1+69cbf6ad.wx64.r.cp311' failed to load.

At:
  C:\Users\kskzz\miniconda3\envs\env_isaaclab\Lib\site-packages\isaacsim\kit\kernel\py\omni\ext\_impl\_internal.py(222): startup
  C:\Users\kskzz\miniconda3\envs\env_isaaclab\Lib\site-packages\isaacsim\kit\kernel\py\omni\ext\_impl\_internal.py(337): startup_extension
  PythonExtension.cpp::startup()(2): <module>
  C:\Users\kskzz\miniconda3\envs\env_isaaclab\Lib\site-packages\isaacsim\exts\isaacsim.simulation_app\isaacsim\simulation_app\simulation_app.py(534): _start_app
  C:\Users\kskzz\miniconda3\envs\env_isaaclab\Lib\site-packages\isaacsim\exts\isaacsim.simulation_app\isaacsim\simulation_app\simulation_app.py(270): __init__
  C:\robotics_sim\IsaacLab\source\isaaclab\isaaclab\app\app_launcher.py(823): _create_app
  C:\robotics_sim\IsaacLab\source\isaaclab\isaaclab\app\app_launcher.py(131): __init__
  C:\robotics_sim\wlr_robot\resume_validation_fsm_residual_ppo\src\resume_validation\evaluate_controller.py(70): <module>

2026-08-01T02:19:40Z [471ms] [Error] [omni.ext.plugin] [ext: omni.kit.test-2.0.1] Failed to startup python extension.
2026-08-01T02:19:40Z [477ms] [Info] [carb.graphics-vulkan.plugin] Instance extension VK_KHR_get_physical_device_properties2 required by NGX.
2026-08-01T02:19:40Z [494ms] [Info] [omni.ext.plugin] [ext: omni.kit.test-2.0.1] started, startup time: 132 (ms)
2026-08-01T02:19:40Z [494ms] [Info] [omni.ext.plugin] About to startup: [ext: omni.usd.config-1.0.6] (order: 0) Triggered by: omni.usd.libs-1.0.1 (path: c:/users/kskzz/miniconda3/envs/env_isaaclab/lib/site-packages/isaacsim/extscache/omni.usd.config-1.0.6+69cbf6ad)
2026-08-01T02:19:40Z [494ms] [Info] [omni.kit.app.plugin] [0.537s] [ext: omni.usd.config-1.0.6] startup
2026-08-01T02:19:40Z [494ms] [Info] [omni.ext._impl.utils] -> func:_refresh_cache took: 0.0000s
2026-08-01T02:19:40Z [495ms] [Info] [omni.ext._impl._internal] Searching for classes derived from 'omni.ext.IExt' in 'omni.usd_config' ('c:\users\kskzz\miniconda3\envs\env_isaaclab\lib\site-packages\isaacsim\extscache\omni.usd.config-1.0.6+69cbf6ad')
2026-08-01T02:19:40Z [495ms] [Info] [omni.ext._impl._internal] Found class `Extension` derived from `omni.ext.IExt` in module: 'omni.usd_config' in 'c:\users\kskzz\miniconda3\envs\env_isaaclab\lib\site-packages\isaacsim\extscache\omni.usd.config-1.0.6+69cbf6ad'. Calling `on_startup`.
2026-08-01T02:19:40Z [512ms] [Info] [omni.ext.plugin] [ext: omni.usd.config-1.0.6] started, startup time: 17 (ms)
2026-08-01T02:19:40Z [512ms] [Info] [omni.ext.plugin] About to startup: [ext: omni.gpucompute.plugins-0.0.0] (order: 0) Triggered by: omni.graph.core-2.184.5, omni.graph.image.core-0.6.1, omni.hydra.scene_delegate-0.3.4, omni.hydra.usdrt_delegate-7.5.1, omni.physx-107.3.26, usdrt.scenegraph-7.6.1 (path: c:/users/kskzz/miniconda3/envs/env_isaaclab/lib/site-packages/isaacsim/extscache/omni.gpucompute.plugins-0.0.0+69cbf6ad.wx64.r)
2026-08-01T02:19:40Z [512ms] [Info] [omni.kit.app.plugin] [0.555s] [ext: omni.gpucompute.plugins-0.0.0] startup
2026-08-01T02:19:40Z [513ms] [Info] [carb] Registered plugin: omni.gpucompute-cuda.plugin (interfaces: [omni::gpucompute::GpuCompute v0.3]) (impl: omni.gpucompute-cuda.plugin)
2026-08-01T02:19:40Z [515ms] [Info] [carb] Registered plugin: omni.gpucompute-d3dvk.plugin (interfaces: [omni::gpucompute::ComputeCompiler v0.1],[omni::gpucompute::GpuCompute v0.3]) (impl: omni.gpucompute-d3dvk.plugin)
2026-08-01T02:19:40Z [515ms] [Info] [omni.ext.plugin] [ext: omni.gpucompute.plugins-0.0.0] started, startup time: 3 (ms)
2026-08-01T02:19:40Z [515ms] [Info] [omni.ext.plugin] About to startup: [ext: omni.usd.libs-1.0.1] (order: -1000) Triggered by: isaacsim.core.cloner-1.4.10, omni.convexdecomposition-107.3.26, omni.graph.tools-1.79.2, omni.hydra.scene_delegate-0.3.4, omni.index-1.0.1, omni.isaac.dynamic_control-2.0.7, omni.kit.exec.core-0.13.4, omni.kit.usd.layers-2.2.11, omni.kit.usd.mdl-1.1.5, omni.kit.usd_undo-0.1.8, omni.kit.viewport.utility-1.1.2, omni.physics.tensors-107.3.26, omni.physx-107.3.26, omni.physx.cooking-107.3.26, omni.usd.core-1.5.3, omni.usd.metrics.assembler-107.3.1, omni.usd.schema.anim-0.0.0, omni.usd.schema.audio-0.0.0, omni.usd.schema.geospatial-0.0.0, omni.usd.schema.metrics.assembler-107.3.1, omni.usd.schema.omni_sensors-0.0.0, omni.usd.schema.omnigraph-1.0.0, omni.usd.schema.physx-107.3.26, omni.usd.schema.semantics-0.0.0, omni.usd_resolver-1.0.0, omni.usdphysics-107.3.26, usdrt.scenegraph-7.6.1 (path: c:/users/kskzz/miniconda3/envs/env_isaaclab/lib/site-packages/isaacsim/extscache/omni.usd.libs-1.0.1+69cbf6ad.wx64.r.cp311)
2026-08-01T02:19:40Z [515ms] [Info] [omni.kit.app.plugin] [0.559s] [ext: omni.usd.libs-1.0.1] startup
2026-08-01T02:19:40Z [518ms] [Info] [omni.ext.plugin] Loaded the dynamic library from c:/users/kskzz/miniconda3/envs/env_isaaclab/lib/site-packages/isaacsim/extscache/omni.usd.libs-1.0.1+69cbf6ad.wx64.r.cp311/bin/usd_tf.dll
2026-08-01T02:19:40Z [519ms] [Info] [omni.ext.plugin] Loaded the dynamic library from c:/users/kskzz/miniconda3/envs/env_isaaclab/lib/site-packages/isaacsim/extscache/omni.usd.libs-1.0.1+69cbf6ad.wx64.r.cp311/bin/Alembic.dll
2026-08-01T02:19:40Z [520ms] [Info] [omni.ext.plugin] Loaded the dynamic library from c:/users/kskzz/miniconda3/envs/env_isaaclab/lib/site-packages/isaacsim/extscache/omni.usd.libs-1.0.1+69cbf6ad.wx64.r.cp311/bin/boost_atomic-vc142-mt-x64-1_82.dll
2026-08-01T02:19:40Z [521ms] [Info] [omni.ext.plugin] Loaded the dynamic library from c:/users/kskzz/miniconda3/envs/env_isaaclab/lib/site-packages/isaacsim/extscache/omni.usd.libs-1.0.1+69cbf6ad.wx64.r.cp311/bin/boost_chrono-vc142-mt-x64-1_82.dll
2026-08-01T02:19:40Z [521ms] [Info] [omni.ext.plugin] Loaded the dynamic library from c:/users/kskzz/miniconda3/envs/env_isaaclab/lib/site-packages/isaacsim/extscache/omni.usd.libs-1.0.1+69cbf6ad.wx64.r.cp311/bin/boost_container-vc142-mt-x64-1_82.dll
2026-08-01T02:19:40Z [522ms] [Info] [omni.ext.plugin] Loaded the dynamic library from c:/users/kskzz/miniconda3/envs/env_isaaclab/lib/site-packages/isaacsim/extscache/omni.usd.libs-1.0.1+69cbf6ad.wx64.r.cp311/bin/boost_date_time-vc142-mt-x64-1_82.dll
2026-08-01T02:19:40Z [523ms] [Info] [omni.ext.plugin] Loaded the dynamic library from c:/users/kskzz/miniconda3/envs/env_isaaclab/lib/site-packages/isaacsim/extscache/omni.usd.libs-1.0.1+69cbf6ad.wx64.r.cp311/bin/boost_filesystem-vc142-mt-x64-1_82.dll
2026-08-01T02:19:40Z [525ms] [Info] [omni.ext.plugin] Loaded the dynamic library from c:/users/kskzz/miniconda3/envs/env_isaaclab/lib/site-packages/isaacsim/extscache/omni.usd.libs-1.0.1+69cbf6ad.wx64.r.cp311/bin/boost_program_options-vc142-mt-x64-1_82.dll
2026-08-01T02:19:40Z [525ms] [Info] [omni.ext.plugin] Loaded the dynamic library from c:/users/kskzz/miniconda3/envs/env_isaaclab/lib/site-packages/isaacsim/extscache/omni.usd.libs-1.0.1+69cbf6ad.wx64.r.cp311/bin/boost_python311-vc142-mt-x64-1_82.dll
2026-08-01T02:19:40Z [527ms] [Info] [omni.ext.plugin] Loaded the dynamic library from c:/users/kskzz/miniconda3/envs/env_isaaclab/lib/site-packages/isaacsim/extscache/omni.usd.libs-1.0.1+69cbf6ad.wx64.r.cp311/bin/boost_regex-vc142-mt-x64-1_82.dll
2026-08-01T02:19:40Z [527ms] [Info] [omni.ext.plugin] Loaded the dynamic library from c:/users/kskzz/miniconda3/envs/env_isaaclab/lib/site-packages/isaacsim/extscache/omni.usd.libs-1.0.1+69cbf6ad.wx64.r.cp311/bin/boost_system-vc142-mt-x64-1_82.dll
2026-08-01T02:19:40Z [528ms] [Info] [omni.ext.plugin] Loaded the dynamic library from c:/users/kskzz/miniconda3/envs/env_isaaclab/lib/site-packages/isaacsim/extscache/omni.usd.libs-1.0.1+69cbf6ad.wx64.r.cp311/bin/boost_thread-vc142-mt-x64-1_82.dll
2026-08-01T02:19:40Z [529ms] [Info] [omni.ext.plugin] Loaded the dynamic library from c:/users/kskzz/miniconda3/envs/env_isaaclab/lib/site-packages/isaacsim/extscache/omni.usd.libs-1.0.1+69cbf6ad.wx64.r.cp311/bin/draco.dll
2026-08-01T02:19:40Z [533ms] [Info] [omni.ext.plugin] Loaded the dynamic library from c:/users/kskzz/miniconda3/envs/env_isaaclab/lib/site-packages/isaacsim/extscache/omni.usd.libs-1.0.1+69cbf6ad.wx64.r.cp311/bin/usd_ar.dll
2026-08-01T02:19:40Z [533ms] [Info] [omni.ext.plugin] Loaded the dynamic library from c:/users/kskzz/miniconda3/envs/env_isaaclab/lib/site-packages/isaacsim/extscache/omni.usd.libs-1.0.1+69cbf6ad.wx64.r.cp311/bin/usd_arch.dll
2026-08-01T02:19:40Z [534ms] [Info] [omni.ext.plugin] Loaded the dynamic library from c:/users/kskzz/miniconda3/envs/env_isaaclab/lib/site-packages/isaacsim/extscache/omni.usd.libs-1.0.1+69cbf6ad.wx64.r.cp311/bin/usd_cameraUtil.dll
2026-08-01T02:19:40Z [535ms] [Info] [omni.ext.plugin] Loaded the dynamic library from c:/users/kskzz/miniconda3/envs/env_isaaclab/lib/site-packages/isaacsim/extscache/omni.usd.libs-1.0.1+69cbf6ad.wx64.r.cp311/bin/usd_garch.dll
2026-08-01T02:19:40Z [536ms] [Info] [carb.launcher.plugin] read failed {bytesRead = 0, error = 109}
2026-08-01T02:19:40Z [536ms] [Info] [carb.launcher.plugin] read failed {bytesRead = 0, error = 109}
2026-08-01T02:19:40Z [536ms] [Info] [carb.launcher.plugin] read failed.  Exiting the read thread {pid = 142352, bytes = -1}
2026-08-01T02:19:40Z [536ms] [Info] [carb.launcher.plugin] read failed.  Exiting the read thread {pid = 142352, bytes = -1}
2026-08-01T02:19:40Z [536ms] [Info] [carb.launcher.plugin] done the read thread for 'launcher stderr reader' for the process 142352.
2026-08-01T02:19:40Z [536ms] [Info] [carb.launcher.plugin] done the read thread for 'launcher stdout reader' for the process 142352.
2026-08-01T02:19:40Z [537ms] [Info] [omni.ext.plugin] Loaded the dynamic library from c:/users/kskzz/miniconda3/envs/env_isaaclab/lib/site-packages/isaacsim/extscache/omni.usd.libs-1.0.1+69cbf6ad.wx64.r.cp311/bin/usd_geomUtil.dll
2026-08-01T02:19:40Z [537ms] [Info] [omni.ext.plugin] Loaded the dynamic library from c:/users/kskzz/miniconda3/envs/env_isaaclab/lib/site-packages/isaacsim/extscache/omni.usd.libs-1.0.1+69cbf6ad.wx64.r.cp311/bin/usd_gf.dll
2026-08-01T02:19:40Z [539ms] [Info] [carb.launcher.plugin] wait succeeded.
2026-08-01T02:19:40Z [539ms] [Info] [carb.launcher.plugin] destroying the process object 000001E48597FA00 {pid = 142352}
2026-08-01T02:19:40Z [539ms] [Info] [carb.launcher.plugin] done destroying the process object 000001E48597FA00 {pid = 142352}
2026-08-01T02:19:40Z [543ms] [Info] [gpu.foundation.plugin] 
==============NVSMI LOG==============

Timestamp                                 : Fri Jul 31 22:19:40 2026
Driver Version                            : 581.29
CUDA Version                              : 13.0

Attached GPUs                             : 1
GPU 00000000:01:00.0
    Product Name                          : NVIDIA GeForce RTX 4080 Laptop GPU
    Product Brand                         : GeForce
    Product Architecture                  : Ada Lovelace
    Display Mode                          : Requested functionality has been deprecated
    Display Attached                      : No
    Display Active                        : Disabled
    Persistence Mode                      : N/A
    Addressing Mode                       : N/A
    MIG Mode
        Current                           : N/A
        Pending                           : N/A
    Accounting Mode                       : Disabled
    Accounting Mode Buffer Size           : 4000
    Driver Model
        Current                           : WDDM
        Pending                           : WDDM
    Serial Number                         : N/A
    GPU UUID                              : GPU-36780613-b8e3-4425-43ac-28d786fb5872
    GPU PDI                               : 0x3f8f76345e6b2b24
    Minor Number                          : N/A
    VBIOS Version                         : 95.04.3c.00.8f
    MultiGPU Board                        : No
    Board ID                              : 0x100
    Board Part Number                     : N/A
    GPU Part Number                       : 27E0-750-A1
    FRU Part Number                       : N/A
    Platform Info
        Chassis Serial Number             : N/A
        Slot Number                       : N/A
        Tray Index                        : N/A
        Host ID                           : N/A
        Peer Type                         : N/A
        Module Id                         : 1
        GPU Fabric GUID                   : N/A
    Inforom Version
        Image Version                     : G002.0000.00.03
        OEM Object                        : 2.0
        ECC Object                        : N/A
        Power Management Object           : N/A
    Inforom BBX Object Flush
        Latest Timestamp                  : N/A
        Latest Duration                   : N/A
    GPU Operation Mode
        Current                           : N/A
        Pending                           : N/A
    GPU C2C Mode                          : N/A
    GPU Virtualization Mode
        Virtualization Mode               : None
        Host VGPU Mode                    : N/A
        vGPU Heterogeneous Mode           : N/A
    GPU Recovery Action                   : None
    GSP Firmware Version                  : N/A
    IBMNPU
        Relaxed Ordering Mode             : N/A
    PCI
        Bus                               : 0x01
        Device                            : 0x00
        Domain                            : 0x0000
        Device Id                         : 0x27E010DE
        Bus Id                            : 00000000:01:00.0
        Sub System Id                     : 0x0C491028
        GPU Link Info
            PCIe Generation
                Max                       : 4
                Current                   : 1
                Device Current            : 1
                Device Max                : 4
                Host Max                  : 5
            Link Width
                Max                       : 16x
                Current                   : 8x
        Bridge Chip
            Type                          : N/A
            Firmware                      : N/A
        Replays Since Reset               : 0
        Replay Number Rollovers           : 0
        Tx Throughput                     : 4150 KB/s
        Rx Throughput                     : 300 KB/s
        Atomic Caps Outbound              : N/A
        Atomic Caps Inbound               : N/A
    Fan Speed                             : N/A
    Performance State                     : P8
    Clocks Event Reasons
        Idle                              : Active
        Applications Clocks Setting       : Not Active
        SW Power Cap                      : Not Active
        HW Slowdown                       : Not Active
            HW Thermal Slowdown           : Not Active
            HW Power Brake Slowdown       : Not Active
        Sync Boost                        : Not Active
        SW Thermal Slowdown               : Not Active
        Display Clock Setting             : Not Active
    Clocks Event Reasons Counters
        SW Power Capping                  : 57568 us
        Sync Boost                        : 0 us
        SW Thermal Slowdown               : 0 us
        HW Thermal Slowdown               : 0 us
        HW Power Braking                  : 5725 us
    Sparse Operation Mode                 : N/A
    FB Memory Usage
        Total                             : 12282 MiB
        Reserved                          : 285 MiB
        Used                              : 0 MiB
        Free                              : 11997 MiB
    BAR1 Memory Usage
        Total                             : 16384 MiB
        Used                              : 16356 MiB
        Free                              : 28 MiB
    Conf Compute Protected Memory Usage
        Total                             : N/A
        Used                              : N/A
        Free                              : N/A
    Compute Mode                          : Default
    Utilization
        GPU                               : 0 %
        Memory                            : 0 %
        Encoder                           : 0 %
        Decoder                           : 0 %
        JPEG                              : 0 %
        OFA                               : 0 %
    Encoder Stats
        Active Sessions                   : 0
        Average FPS                       : 0
        Average Latency                   : 0
    FBC Stats
        Active Sessions                   : 0
        Average FPS                       : 0
        Average Latency                   : 0
    DRAM Encryption Mode
        Current                           : N/A
        Pending                           : N/A
    ECC Mode
        Current                           : N/A
        Pending                           : N/A
    ECC Errors
        Volatile
            SRAM Correctable              : N/A
            SRAM Uncorrectable Parity     : N/A
            SRAM Uncorrectable SEC-DED    : N/A
            DRAM Correctable              : N/A
            DRAM Uncorrectable            : N/A
        Aggregate
            SRAM Correctable              : N/A
            SRAM Uncorrectable Parity     : N/A
            SRAM Uncorrectable SEC-DED    : N/A
            DRAM Correctable              : N/A
            DRAM Uncorrectable            : N/A
            SRAM Threshold Exceeded       : N/A
        Aggregate Uncorrectable SRAM Sources
            SRAM L2                       : N/A
            SRAM SM                       : N/A
            SRAM Microcontroller          : N/A
            SRAM PCIE                     : N/A
            SRAM Other                    : N/A
        Channel Repair Pending            : No
        TPC Repair Pending                : No
    Retired Pages
        Single Bit ECC                    : N/A
        Double Bit ECC                    : N/A
        Pending Page Blacklist            : N/A
    Remapped Rows
        Correctable Error                 : 0
        Uncorrectable Error               : 0
        Pending                           : No
        Remapping Failure Occurred        : No
        Bank Remap Availability Histogram
            Max                           : 96 bank(s)
            High                          : 0 bank(s)
            Partial                       : 0 bank(s)
            Low                           : 0 bank(s)
            None                          : 0 bank(s)
    Temperature
        GPU Current Temp                  : 63 C
        GPU T.Limit Temp                  : 24 C
        GPU Shutdown T.Limit Temp         : -5 C
        GPU Slowdown T.Limit Temp         : -2 C
        GPU Max Operating T.Limit Temp    : 0 C
        GPU Target Temperature            : 87 C
        Memory Current Temp               : N/A
        Memory Max Operating T.Limit Temp : N/A
    GPU Power Readings
        Average Power Draw                : 1.00 W
        Instantaneous Power Draw          : 7.93 W
        Current Power Limit               : 152.49 W
        Requested Power Limit             : 152.49 W
        Default Power Limit               : 125.00 W
        Min Power Limit                   : 5.00 W
        Max Power Limit                   : 175.00 W
    GPU Memory Power Readings 
        Average Power Draw                : N/A
        Instantaneous Power Draw          : N/A
    Module Power Readings
        Average Power Draw                : N/A
        Instantaneous Power Draw          : N/A
        Current Power Limit               : N/A
        Requested Power Limit             : N/A
        Default Power Limit               : N/A
        Min Power Limit                   : N/A
        Max Power Limit                   : N/A
    Power Smoothing                       : N/A
    Workload Power Profiles
        Requested Profiles                : N/A
        Enforced Profiles                 : N/A
    Clocks
        Graphics                          : 210 MHz
        SM                                : 210 MHz
        Memory                            : 405 MHz
        Video                             : 765 MHz
    Applications Clocks
        Graphics                          : N/A
        Memory                            : N/A
    Default Applications Clocks
        Graphics                          : N/A
        Memory                            : N/A
    Deferred Clocks
        Memory                            : N/A
    Max Clocks
        Graphics                          : 3105 MHz
        SM                                : 3105 MHz
        Memory                            : 9001 MHz
        Video                             : 2415 MHz
    Max Customer Boost Clocks
        Graphics                          : N/A
    Clock Policy
        Auto Boost                        : N/A
        Auto Boost Default                : N/A
    Fabric
        State                             : N/A
        Status                            : N/A
        CliqueId                          : N/A
        ClusterUUID                       : N/A
        Health
            Summary                       : N/A
            Bandwidth                     : N/A
            Route Recovery in progress    : N/A
            Route Unhealthy               : N/A
            Access Timeout Recovery       : N/A
            Incorrect Configuration       : N/A
    Processes
        GPU instance ID                   : N/A
        Compute instance ID               : N/A
        Process ID                        : 92608
            Type                          : C+G
            Name                          : ..............................................................................\ChatGPT.exe
            Used GPU Memory               : Not available in WDDM driver model
    Capabilities
        EGM                               : disabled


2026-08-01T02:19:40Z [543ms] [Info] [omni.ext.plugin] Loaded the dynamic library from c:/users/kskzz/miniconda3/envs/env_isaaclab/lib/site-packages/isaacsim/extscache/omni.usd.libs-1.0.1+69cbf6ad.wx64.r.cp311/bin/usd_glf.dll
2026-08-01T02:19:40Z [569ms] [Info] [omni.ext.plugin] Loaded the dynamic library from c:/users/kskzz/miniconda3/envs/env_isaaclab/lib/site-packages/isaacsim/extscache/omni.usd.libs-1.0.1+69cbf6ad.wx64.r.cp311/bin/usd_hd.dll
2026-08-01T02:19:40Z [570ms] [Info] [omni.ext.plugin] Loaded the dynamic library from c:/users/kskzz/miniconda3/envs/env_isaaclab/lib/site-packages/isaacsim/extscache/omni.usd.libs-1.0.1+69cbf6ad.wx64.r.cp311/bin/usd_hdar.dll
2026-08-01T02:19:40Z [571ms] [Info] [omni.ext.plugin] Loaded the dynamic library from c:/users/kskzz/miniconda3/envs/env_isaaclab/lib/site-packages/isaacsim/extscache/omni.usd.libs-1.0.1+69cbf6ad.wx64.r.cp311/bin/usd_hdGp.dll
2026-08-01T02:19:40Z [576ms] [Info] [omni.ext.plugin] Loaded the dynamic library from c:/users/kskzz/miniconda3/envs/env_isaaclab/lib/site-packages/isaacsim/extscache/omni.usd.libs-1.0.1+69cbf6ad.wx64.r.cp311/bin/usd_hdMtlx.dll
2026-08-01T02:19:40Z [578ms] [Info] [omni.ext.plugin] Loaded the dynamic library from c:/users/kskzz/miniconda3/envs/env_isaaclab/lib/site-packages/isaacsim/extscache/omni.usd.libs-1.0.1+69cbf6ad.wx64.r.cp311/bin/usd_hdsi.dll
2026-08-01T02:19:40Z [581ms] [Info] [omni.ext.plugin] Loaded the dynamic library from c:/users/kskzz/miniconda3/envs/env_isaaclab/lib/site-packages/isaacsim/extscache/omni.usd.libs-1.0.1+69cbf6ad.wx64.r.cp311/bin/usd_hdSt.dll
2026-08-01T02:19:40Z [582ms] [Info] [omni.ext.plugin] Loaded the dynamic library from c:/users/kskzz/miniconda3/envs/env_isaaclab/lib/site-packages/isaacsim/extscache/omni.usd.libs-1.0.1+69cbf6ad.wx64.r.cp311/bin/usd_hdx.dll
2026-08-01T02:19:40Z [582ms] [Info] [omni.ext.plugin] Loaded the dynamic library from c:/users/kskzz/miniconda3/envs/env_isaaclab/lib/site-packages/isaacsim/extscache/omni.usd.libs-1.0.1+69cbf6ad.wx64.r.cp311/bin/usd_hf.dll
2026-08-01T02:19:40Z [582ms] [Info] [omni.ext.plugin] Loaded the dynamic library from c:/users/kskzz/miniconda3/envs/env_isaaclab/lib/site-packages/isaacsim/extscache/omni.usd.libs-1.0.1+69cbf6ad.wx64.r.cp311/bin/usd_hgi.dll
2026-08-01T02:19:40Z [582ms] [Info] [omni.ext.plugin] Loaded the dynamic library from c:/users/kskzz/miniconda3/envs/env_isaaclab/lib/site-packages/isaacsim/extscache/omni.usd.libs-1.0.1+69cbf6ad.wx64.r.cp311/bin/usd_hgiGL.dll
2026-08-01T02:19:40Z [582ms] [Info] [omni.ext.plugin] Loaded the dynamic library from c:/users/kskzz/miniconda3/envs/env_isaaclab/lib/site-packages/isaacsim/extscache/omni.usd.libs-1.0.1+69cbf6ad.wx64.r.cp311/bin/usd_hgiInterop.dll
2026-08-01T02:19:40Z [582ms] [Info] [omni.ext.plugin] Loaded the dynamic library from c:/users/kskzz/miniconda3/envs/env_isaaclab/lib/site-packages/isaacsim/extscache/omni.usd.libs-1.0.1+69cbf6ad.wx64.r.cp311/bin/usd_hio.dll
2026-08-01T02:19:40Z [582ms] [Info] [omni.ext.plugin] Loaded the dynamic library from c:/users/kskzz/miniconda3/envs/env_isaaclab/lib/site-packages/isaacsim/extscache/omni.usd.libs-1.0.1+69cbf6ad.wx64.r.cp311/bin/usd_js.dll
2026-08-01T02:19:40Z [582ms] [Info] [omni.ext.plugin] Loaded the dynamic library from c:/users/kskzz/miniconda3/envs/env_isaaclab/lib/site-packages/isaacsim/extscache/omni.usd.libs-1.0.1+69cbf6ad.wx64.r.cp311/bin/usd_kind.dll
2026-08-01T02:19:40Z [582ms] [Info] [omni.ext.plugin] Loaded the dynamic library from c:/users/kskzz/miniconda3/envs/env_isaaclab/lib/site-packages/isaacsim/extscache/omni.usd.libs-1.0.1+69cbf6ad.wx64.r.cp311/bin/usd_ndr.dll
2026-08-01T02:19:40Z [582ms] [Info] [omni.ext.plugin] Loaded the dynamic library from c:/users/kskzz/miniconda3/envs/env_isaaclab/lib/site-packages/isaacsim/extscache/omni.usd.libs-1.0.1+69cbf6ad.wx64.r.cp311/bin/usd_pcp.dll
2026-08-01T02:19:40Z [583ms] [Info] [omni.ext.plugin] Loaded the dynamic library from c:/users/kskzz/miniconda3/envs/env_isaaclab/lib/site-packages/isaacsim/extscache/omni.usd.libs-1.0.1+69cbf6ad.wx64.r.cp311/bin/usd_plug.dll
2026-08-01T02:19:40Z [583ms] [Info] [omni.ext.plugin] Loaded the dynamic library from c:/users/kskzz/miniconda3/envs/env_isaaclab/lib/site-packages/isaacsim/extscache/omni.usd.libs-1.0.1+69cbf6ad.wx64.r.cp311/bin/usd_pxOsd.dll
2026-08-01T02:19:40Z [583ms] [Info] [omni.ext.plugin] Loaded the dynamic library from c:/users/kskzz/miniconda3/envs/env_isaaclab/lib/site-packages/isaacsim/extscache/omni.usd.libs-1.0.1+69cbf6ad.wx64.r.cp311/bin/usd_sdf.dll
2026-08-01T02:19:40Z [583ms] [Info] [omni.ext.plugin] Loaded the dynamic library from c:/users/kskzz/miniconda3/envs/env_isaaclab/lib/site-packages/isaacsim/extscache/omni.usd.libs-1.0.1+69cbf6ad.wx64.r.cp311/bin/usd_sdr.dll
2026-08-01T02:19:40Z [583ms] [Info] [omni.ext.plugin] Loaded the dynamic library from c:/users/kskzz/miniconda3/envs/env_isaaclab/lib/site-packages/isaacsim/extscache/omni.usd.libs-1.0.1+69cbf6ad.wx64.r.cp311/bin/usd_trace.dll
2026-08-01T02:19:40Z [583ms] [Info] [omni.ext.plugin] Loaded the dynamic library from c:/users/kskzz/miniconda3/envs/env_isaaclab/lib/site-packages/isaacsim/extscache/omni.usd.libs-1.0.1+69cbf6ad.wx64.r.cp311/bin/usd_ts.dll
2026-08-01T02:19:40Z [583ms] [Info] [omni.ext.plugin] Loaded the dynamic library from c:/users/kskzz/miniconda3/envs/env_isaaclab/lib/site-packages/isaacsim/extscache/omni.usd.libs-1.0.1+69cbf6ad.wx64.r.cp311/bin/usd_usd.dll
2026-08-01T02:19:40Z [587ms] [Info] [omni.ext.plugin] Loaded the dynamic library from c:/users/kskzz/miniconda3/envs/env_isaaclab/lib/site-packages/isaacsim/extscache/omni.usd.libs-1.0.1+69cbf6ad.wx64.r.cp311/bin/usd_usdAppUtils.dll
2026-08-01T02:19:40Z [589ms] [Info] [omni.ext.plugin] Loaded the dynamic library from c:/users/kskzz/miniconda3/envs/env_isaaclab/lib/site-packages/isaacsim/extscache/omni.usd.libs-1.0.1+69cbf6ad.wx64.r.cp311/bin/usd_usdBakeMtlx.dll
2026-08-01T02:19:40Z [589ms] [Info] [omni.ext.plugin] Loaded the dynamic library from c:/users/kskzz/miniconda3/envs/env_isaaclab/lib/site-packages/isaacsim/extscache/omni.usd.libs-1.0.1+69cbf6ad.wx64.r.cp311/bin/usd_usdGeom.dll
2026-08-01T02:19:40Z [590ms] [Info] [omni.ext.plugin] Loaded the dynamic library from c:/users/kskzz/miniconda3/envs/env_isaaclab/lib/site-packages/isaacsim/extscache/omni.usd.libs-1.0.1+69cbf6ad.wx64.r.cp311/bin/usd_usdHydra.dll
2026-08-01T02:19:40Z [590ms] [Info] [omni.ext.plugin] Loaded the dynamic library from c:/users/kskzz/miniconda3/envs/env_isaaclab/lib/site-packages/isaacsim/extscache/omni.usd.libs-1.0.1+69cbf6ad.wx64.r.cp311/bin/usd_usdImaging.dll
2026-08-01T02:19:40Z [590ms] [Info] [omni.ext.plugin] Loaded the dynamic library from c:/users/kskzz/miniconda3/envs/env_isaaclab/lib/site-packages/isaacsim/extscache/omni.usd.libs-1.0.1+69cbf6ad.wx64.r.cp311/bin/usd_usdImagingGL.dll
2026-08-01T02:19:40Z [590ms] [Info] [omni.ext.plugin] Loaded the dynamic library from c:/users/kskzz/miniconda3/envs/env_isaaclab/lib/site-packages/isaacsim/extscache/omni.usd.libs-1.0.1+69cbf6ad.wx64.r.cp311/bin/usd_usdLux.dll
2026-08-01T02:19:40Z [591ms] [Info] [omni.ext.plugin] Loaded the dynamic library from c:/users/kskzz/miniconda3/envs/env_isaaclab/lib/site-packages/isaacsim/extscache/omni.usd.libs-1.0.1+69cbf6ad.wx64.r.cp311/bin/usd_usdMedia.dll
2026-08-01T02:19:40Z [591ms] [Info] [omni.ext.plugin] Loaded the dynamic library from c:/users/kskzz/miniconda3/envs/env_isaaclab/lib/site-packages/isaacsim/extscache/omni.usd.libs-1.0.1+69cbf6ad.wx64.r.cp311/bin/usd_usdMtlx.dll
2026-08-01T02:19:40Z [592ms] [Info] [omni.ext.plugin] Loaded the dynamic library from c:/users/kskzz/miniconda3/envs/env_isaaclab/lib/site-packages/isaacsim/extscache/omni.usd.libs-1.0.1+69cbf6ad.wx64.r.cp311/bin/usd_usdPhysics.dll
2026-08-01T02:19:40Z [593ms] [Info] [omni.ext.plugin] Loaded the dynamic library from c:/users/kskzz/miniconda3/envs/env_isaaclab/lib/site-packages/isaacsim/extscache/omni.usd.libs-1.0.1+69cbf6ad.wx64.r.cp311/bin/usd_usdProc.dll
2026-08-01T02:19:40Z [593ms] [Info] [omni.ext.plugin] Loaded the dynamic library from c:/users/kskzz/miniconda3/envs/env_isaaclab/lib/site-packages/isaacsim/extscache/omni.usd.libs-1.0.1+69cbf6ad.wx64.r.cp311/bin/usd_usdProcImaging.dll
2026-08-01T02:19:40Z [594ms] [Info] [omni.ext.plugin] Loaded the dynamic library from c:/users/kskzz/miniconda3/envs/env_isaaclab/lib/site-packages/isaacsim/extscache/omni.usd.libs-1.0.1+69cbf6ad.wx64.r.cp311/bin/usd_usdRender.dll
2026-08-01T02:19:40Z [594ms] [Info] [omni.ext.plugin] Loaded the dynamic library from c:/users/kskzz/miniconda3/envs/env_isaaclab/lib/site-packages/isaacsim/extscache/omni.usd.libs-1.0.1+69cbf6ad.wx64.r.cp311/bin/usd_usdRi.dll
2026-08-01T02:19:40Z [595ms] [Info] [omni.ext.plugin] Loaded the dynamic library from c:/users/kskzz/miniconda3/envs/env_isaaclab/lib/site-packages/isaacsim/extscache/omni.usd.libs-1.0.1+69cbf6ad.wx64.r.cp311/bin/usd_usdRiPxrImaging.dll
2026-08-01T02:19:40Z [596ms] [Info] [omni.ext.plugin] Loaded the dynamic library from c:/users/kskzz/miniconda3/envs/env_isaaclab/lib/site-packages/isaacsim/extscache/omni.usd.libs-1.0.1+69cbf6ad.wx64.r.cp311/bin/usd_usdSemantics.dll
2026-08-01T02:19:40Z [596ms] [Info] [omni.ext.plugin] Loaded the dynamic library from c:/users/kskzz/miniconda3/envs/env_isaaclab/lib/site-packages/isaacsim/extscache/omni.usd.libs-1.0.1+69cbf6ad.wx64.r.cp311/bin/usd_usdShade.dll
2026-08-01T02:19:40Z [597ms] [Info] [omni.ext.plugin] Loaded the dynamic library from c:/users/kskzz/miniconda3/envs/env_isaaclab/lib/site-packages/isaacsim/extscache/omni.usd.libs-1.0.1+69cbf6ad.wx64.r.cp311/bin/usd_usdSkel.dll
2026-08-01T02:19:40Z [598ms] [Info] [omni.ext.plugin] Loaded the dynamic library from c:/users/kskzz/miniconda3/envs/env_isaaclab/lib/site-packages/isaacsim/extscache/omni.usd.libs-1.0.1+69cbf6ad.wx64.r.cp311/bin/usd_usdSkelImaging.dll
2026-08-01T02:19:40Z [598ms] [Info] [omni.ext.plugin] Loaded the dynamic library from c:/users/kskzz/miniconda3/envs/env_isaaclab/lib/site-packages/isaacsim/extscache/omni.usd.libs-1.0.1+69cbf6ad.wx64.r.cp311/bin/usd_usdUI.dll
2026-08-01T02:19:40Z [598ms] [Info] [omni.ext.plugin] Loaded the dynamic library from c:/users/kskzz/miniconda3/envs/env_isaaclab/lib/site-packages/isaacsim/extscache/omni.usd.libs-1.0.1+69cbf6ad.wx64.r.cp311/bin/usd_usdUtils.dll
2026-08-01T02:19:40Z [598ms] [Info] [omni.ext.plugin] Loaded the dynamic library from c:/users/kskzz/miniconda3/envs/env_isaaclab/lib/site-packages/isaacsim/extscache/omni.usd.libs-1.0.1+69cbf6ad.wx64.r.cp311/bin/usd_usdVol.dll
2026-08-01T02:19:40Z [599ms] [Info] [omni.ext.plugin] Loaded the dynamic library from c:/users/kskzz/miniconda3/envs/env_isaaclab/lib/site-packages/isaacsim/extscache/omni.usd.libs-1.0.1+69cbf6ad.wx64.r.cp311/bin/usd_usdVolImaging.dll
2026-08-01T02:19:40Z [599ms] [Info] [omni.ext.plugin] Loaded the dynamic library from c:/users/kskzz/miniconda3/envs/env_isaaclab/lib/site-packages/isaacsim/extscache/omni.usd.libs-1.0.1+69cbf6ad.wx64.r.cp311/bin/usd_vt.dll
2026-08-01T02:19:40Z [599ms] [Info] [omni.ext.plugin] Loaded the dynamic library from c:/users/kskzz/miniconda3/envs/env_isaaclab/lib/site-packages/isaacsim/extscache/omni.usd.libs-1.0.1+69cbf6ad.wx64.r.cp311/bin/usd_work.dll
2026-08-01T02:19:40Z [600ms] [Info] [omni.ext.plugin] Loaded the dynamic library from c:/users/kskzz/miniconda3/envs/env_isaaclab/lib/site-packages/isaacsim/extscache/omni.usd.libs-1.0.1+69cbf6ad.wx64.r.cp311/bin/Iex-3_3.dll
2026-08-01T02:19:40Z [600ms] [Info] [omni.ext.plugin] Loaded the dynamic library from c:/users/kskzz/miniconda3/envs/env_isaaclab/lib/site-packages/isaacsim/extscache/omni.usd.libs-1.0.1+69cbf6ad.wx64.r.cp311/bin/IlmThread-3_3.dll
2026-08-01T02:19:40Z [600ms] [Info] [omni.ext.plugin] Loaded the dynamic library from c:/users/kskzz/miniconda3/envs/env_isaaclab/lib/site-packages/isaacsim/extscache/omni.usd.libs-1.0.1+69cbf6ad.wx64.r.cp311/bin/Imath-3_1.dll
2026-08-01T02:19:40Z [601ms] [Info] [omni.ext.plugin] Loaded the dynamic library from c:/users/kskzz/miniconda3/envs/env_isaaclab/lib/site-packages/isaacsim/extscache/omni.usd.libs-1.0.1+69cbf6ad.wx64.r.cp311/bin/jpeg8.dll
2026-08-01T02:19:40Z [602ms] [Info] [omni.ext.plugin] Loaded the dynamic library from c:/users/kskzz/miniconda3/envs/env_isaaclab/lib/site-packages/isaacsim/extscache/omni.usd.libs-1.0.1+69cbf6ad.wx64.r.cp311/bin/libpng16.dll
2026-08-01T02:19:40Z [603ms] [Info] [omni.ext.plugin] Loaded the dynamic library from c:/users/kskzz/miniconda3/envs/env_isaaclab/lib/site-packages/isaacsim/extscache/omni.usd.libs-1.0.1+69cbf6ad.wx64.r.cp311/bin/MaterialXCore.dll
2026-08-01T02:19:40Z [604ms] [Info] [omni.ext.plugin] Loaded the dynamic library from c:/users/kskzz/miniconda3/envs/env_isaaclab/lib/site-packages/isaacsim/extscache/omni.usd.libs-1.0.1+69cbf6ad.wx64.r.cp311/bin/MaterialXFormat.dll
2026-08-01T02:19:40Z [604ms] [Info] [omni.ext.plugin] Loaded the dynamic library from c:/users/kskzz/miniconda3/envs/env_isaaclab/lib/site-packages/isaacsim/extscache/omni.usd.libs-1.0.1+69cbf6ad.wx64.r.cp311/bin/MaterialXGenGlsl.dll
2026-08-01T02:19:40Z [604ms] [Info] [omni.ext.plugin] Loaded the dynamic library from c:/users/kskzz/miniconda3/envs/env_isaaclab/lib/site-packages/isaacsim/extscache/omni.usd.libs-1.0.1+69cbf6ad.wx64.r.cp311/bin/MaterialXGenMdl.dll
2026-08-01T02:19:40Z [604ms] [Info] [omni.ext.plugin] Loaded the dynamic library from c:/users/kskzz/miniconda3/envs/env_isaaclab/lib/site-packages/isaacsim/extscache/omni.usd.libs-1.0.1+69cbf6ad.wx64.r.cp311/bin/MaterialXGenMsl.dll
2026-08-01T02:19:40Z [605ms] [Info] [omni.ext.plugin] Loaded the dynamic library from c:/users/kskzz/miniconda3/envs/env_isaaclab/lib/site-packages/isaacsim/extscache/omni.usd.libs-1.0.1+69cbf6ad.wx64.r.cp311/bin/MaterialXGenOsl.dll
2026-08-01T02:19:40Z [605ms] [Info] [omni.ext.plugin] Loaded the dynamic library from c:/users/kskzz/miniconda3/envs/env_isaaclab/lib/site-packages/isaacsim/extscache/omni.usd.libs-1.0.1+69cbf6ad.wx64.r.cp311/bin/MaterialXGenShader.dll
2026-08-01T02:19:40Z [605ms] [Info] [omni.ext.plugin] Loaded the dynamic library from c:/users/kskzz/miniconda3/envs/env_isaaclab/lib/site-packages/isaacsim/extscache/omni.usd.libs-1.0.1+69cbf6ad.wx64.r.cp311/bin/MaterialXRender.dll
2026-08-01T02:19:40Z [605ms] [Info] [omni.ext.plugin] Loaded the dynamic library from c:/users/kskzz/miniconda3/envs/env_isaaclab/lib/site-packages/isaacsim/extscache/omni.usd.libs-1.0.1+69cbf6ad.wx64.r.cp311/bin/MaterialXRenderGlsl.dll
2026-08-01T02:19:40Z [605ms] [Info] [omni.ext.plugin] Loaded the dynamic library from c:/users/kskzz/miniconda3/envs/env_isaaclab/lib/site-packages/isaacsim/extscache/omni.usd.libs-1.0.1+69cbf6ad.wx64.r.cp311/bin/MaterialXRenderHw.dll
2026-08-01T02:19:40Z [606ms] [Info] [omni.ext.plugin] Loaded the dynamic library from c:/users/kskzz/miniconda3/envs/env_isaaclab/lib/site-packages/isaacsim/extscache/omni.usd.libs-1.0.1+69cbf6ad.wx64.r.cp311/bin/MaterialXRenderOsl.dll
2026-08-01T02:19:40Z [607ms] [Info] [omni.ext.plugin] Loaded the dynamic library from c:/users/kskzz/miniconda3/envs/env_isaaclab/lib/site-packages/isaacsim/extscache/omni.usd.libs-1.0.1+69cbf6ad.wx64.r.cp311/bin/OpenEXR-3_3.dll
2026-08-01T02:19:40Z [607ms] [Info] [omni.ext.plugin] Loaded the dynamic library from c:/users/kskzz/miniconda3/envs/env_isaaclab/lib/site-packages/isaacsim/extscache/omni.usd.libs-1.0.1+69cbf6ad.wx64.r.cp311/bin/OpenEXRCore-3_3.dll
2026-08-01T02:19:40Z [608ms] [Info] [omni.ext.plugin] Loaded the dynamic library from c:/users/kskzz/miniconda3/envs/env_isaaclab/lib/site-packages/isaacsim/extscache/omni.usd.libs-1.0.1+69cbf6ad.wx64.r.cp311/bin/OpenEXRUtil-3_3.dll
2026-08-01T02:19:40Z [619ms] [Info] [omni.ext.plugin] Loaded the dynamic library from c:/users/kskzz/miniconda3/envs/env_isaaclab/lib/site-packages/isaacsim/extscache/omni.usd.libs-1.0.1+69cbf6ad.wx64.r.cp311/bin/OpenImageIO.dll
2026-08-01T02:19:40Z [619ms] [Info] [omni.ext.plugin] Loaded the dynamic library from c:/users/kskzz/miniconda3/envs/env_isaaclab/lib/site-packages/isaacsim/extscache/omni.usd.libs-1.0.1+69cbf6ad.wx64.r.cp311/bin/OpenImageIO_Util.dll
2026-08-01T02:19:40Z [619ms] [Info] [omni.ext.plugin] Loaded the dynamic library from c:/users/kskzz/miniconda3/envs/env_isaaclab/lib/site-packages/isaacsim/extscache/omni.usd.libs-1.0.1+69cbf6ad.wx64.r.cp311/bin/tbb.dll
2026-08-01T02:19:40Z [619ms] [Info] [omni.ext.plugin] Loaded the dynamic library from c:/users/kskzz/miniconda3/envs/env_isaaclab/lib/site-packages/isaacsim/extscache/omni.usd.libs-1.0.1+69cbf6ad.wx64.r.cp311/bin/tbbmalloc.dll
2026-08-01T02:19:40Z [619ms] [Info] [omni.ext.plugin] Loaded the dynamic library from c:/users/kskzz/miniconda3/envs/env_isaaclab/lib/site-packages/isaacsim/extscache/omni.usd.libs-1.0.1+69cbf6ad.wx64.r.cp311/bin/tbbmalloc_proxy.dll
2026-08-01T02:19:40Z [619ms] [Info] [omni.ext.plugin] Loaded the dynamic library from c:/users/kskzz/miniconda3/envs/env_isaaclab/lib/site-packages/isaacsim/extscache/omni.usd.libs-1.0.1+69cbf6ad.wx64.r.cp311/bin/tiff.dll
2026-08-01T02:19:40Z [620ms] [Info] [omni.ext.plugin] Loaded the dynamic library from c:/users/kskzz/miniconda3/envs/env_isaaclab/lib/site-packages/isaacsim/extscache/omni.usd.libs-1.0.1+69cbf6ad.wx64.r.cp311/bin/turbojpeg.dll
2026-08-01T02:19:40Z [620ms] [Info] [omni.ext.plugin] Loaded the dynamic library from c:/users/kskzz/miniconda3/envs/env_isaaclab/lib/site-packages/isaacsim/extscache/omni.usd.libs-1.0.1+69cbf6ad.wx64.r.cp311/bin/zlib1.dll
2026-08-01T02:19:40Z [622ms] [Info] [omni.ext.plugin] Loaded the dynamic library from c:/users/kskzz/miniconda3/envs/env_isaaclab/lib/site-packages/isaacsim/extscache/omni.usd.libs-1.0.1+69cbf6ad.wx64.r.cp311/bin/usd/usdAbc.dll
2026-08-01T02:19:40Z [622ms] [Info] [omni.ext.plugin] Loaded the dynamic library from c:/users/kskzz/miniconda3/envs/env_isaaclab/lib/site-packages/isaacsim/extscache/omni.usd.libs-1.0.1+69cbf6ad.wx64.r.cp311/bin/usd/usdDraco.dll
2026-08-01T02:19:40Z [623ms] [Info] [carb] Registered plugin: omni.usd-abi.plugin (interfaces: [omni::usd::IPathAbi v0.1],[omni::usd::IRenderProductPrimFactory v1.5],[omni::usd::IRenderSettings v0.2],[omni::usd::IRenderSettingsLegacy v0.1],[omni::usd::IResolverPathAbi v0.2],[omni::usd::ITokenAbi v0.2]) (impl: omni.usd-abi.plugin)
2026-08-01T02:19:40Z [624ms] [Info] [carb] Registered plugin: omni.usd.hydra.renderproduct.plugin (interfaces: [omni::usd::hydra::IRenderProductManager v0.1]) (impl: omni.usd.hydra.renderproduct.plugin)
2026-08-01T02:19:40Z [625ms] [Info] [carb] Registered plugin: omni.tbb.globalcontrol.plugin (interfaces: [omni::tbb::IGlobalControl v1.0]) (impl: omni.tbb.globalcontrol.plugin)
2026-08-01T02:19:40Z [627ms] [Info] [carb] Registered plugin: omni.fabric.plugin (interfaces: [omni::fabric::IChangeTrackerConfig v0.5],[omni::fabric::IConnectivity v1.7],[omni::fabric::IFabric v0.9],[omni::fabric::IFabricContextManager v1.0],[omni::fabric::IFabricInspector v0.2],[omni::fabric::IFabricRingBuffer v1.2],[omni::fabric::IFabricSampleStorage v0.3],[omni::fabric::IFabricUsd v0.2],[omni::fabric::IFineGrainedChangeTracker v0.2],[omni::fabric::IObjectDirectory v1.0],[omni::fabric::IPath v0.2],[omni::fabric::IPlatform v0.2],[omni::fabric::IPopulator v0.1],[omni::fabric::IPrimBucketList v0.5],[omni::fabric::ISerializer v0.3],[omni::fabric::ISimStageWithHistory v0.2],[omni::fabric::IStageAtTimeInterval v0.7],[omni::fabric::IStageAtTimeIntervalLegacy v0.1],[omni::fabric::IStageReaderWriter v0.14],[omni::fabric::IStageReaderWriterLegacy v0.5],[omni::fabric::IStats v1.0],[omni::fabric::IToken v0.1],[omni::fabric::batch::iBatch v0.3]) (impl: omni.fabric.plugin)
2026-08-01T02:19:40Z [627ms] [Info] [omni.ext.plugin] [ext: omni.usd.libs-1.0.1] started, startup time: 112 (ms)
2026-08-01T02:19:40Z [628ms] [Info] [omni.ext.plugin] About to startup: [ext: omni.kit.telemetry-0.5.2] (order: -1000) Triggered by: isaaclab.python.headless-2.3.2 (path: c:/users/kskzz/miniconda3/envs/env_isaaclab/lib/site-packages/isaacsim/extscache/omni.kit.telemetry-0.5.2+69cbf6ad.wx64.r.cp311)
2026-08-01T02:19:40Z [628ms] [Info] [omni.kit.app.plugin] [0.671s] [ext: omni.kit.telemetry-0.5.2] startup
2026-08-01T02:19:40Z [629ms] [Info] [omni.structuredlog.plugin] the new schema 'omni.carb.cloud' exactly matches a schema that has already been registered.  Ignoring the new registration.
2026-08-01T02:19:40Z [630ms] [Info] [omni.ext.plugin] [ext: omni.kit.telemetry-0.5.2] Starting ext::IExtensionHooks in 'c:/users/kskzz/miniconda3/envs/env_isaaclab/lib/site-packages/isaacsim/extscache/omni.kit.telemetry-0.5.2+69cbf6ad.wx64.r.cp311/bin/omni.kit.telemetry.plugin.dll'
2026-08-01T02:19:40Z [631ms] [Info] [omni.kit.telemetry.plugin] attempting to collect the GPU info.
2026-08-01T02:19:40Z [631ms] [Info] [omni.kit.telemetry.plugin] collecting system info.
2026-08-01T02:19:40Z [631ms] [Info] [omni.kit.telemetry.plugin] the GPU info isn't available yet.  Adding a load hook for it.
2026-08-01T02:19:40Z [632ms] [Info] [carb.launcher.plugin] created the process object 000001E4A78B6F90 for 'c:/users/kskzz/miniconda3/envs/env_isaaclab/lib/site-packages/isaacsim/extscache/omni.kit.telemetry-0.5.2+69cbf6ad.wx64.r.cp311/omni.telemetry.transmitter/omni.telemetry.transmitter.exe'.
2026-08-01T02:19:40Z [632ms] [Info] [carb.launcher.plugin] launching the process 'c:/users/kskzz/miniconda3/envs/env_isaaclab/lib/site-packages/isaacsim/extscache/omni.kit.telemetry-0.5.2+69cbf6ad.wx64.r.cp311/omni.telemetry.transmitter/omni.telemetry.transmitter.exe' from process 103996.
2026-08-01T02:19:40Z [632ms] [Info] [carb.launcher.plugin] command = '"c:/users/kskzz/miniconda3/envs/env_isaaclab/lib/site-packages/isaacsim/extscache/omni.kit.telemetry-0.5.2+69cbf6ad.wx64.r.cp311/omni.telemetry.transmitter/omni.telemetry.transmitter.exe" "--/telemetry/enableAnonymousData=false" "--/telemetry/logging/warnFilter/0=\"*\"" "--/telemetry/enableNVDF=false" "--/telemetry/enableSentry=false" "--/telemetry/removePIISentry=false" "--/telemetry/appRootPath=\"\"" "--/telemetry/dsn=\"https://b61f14dfc36f4beabadf4d9dba8e492b@sentry.perflab.nvidia.com/834\"" "--/telemetry/openEndpointUrl=\"https://opentelemetry.analytics.nvidiagrid.net/api/v3/topic/omniverse-team.open.omni-open-collector\"" "--/telemetry/openTestEndpointUrl=\"https://opentelemetry.analytics.nvidiagrid.net/api/v3/topic/omniverse-team.open.omni-test-open-collector\"" "--/telemetry/enterpriseOpenEndpointUrl=\"https://opentelemetry.analytics.nvidiagrid.net/api/v3/topic/omniverse-team.open.omni-ove-open-collector\"" "--/telemetry/enterpriseOpenTestEndpointUrl=\"https://opentelemetry.analytics.nvidiagrid.net/api/v3/topic/omniverse-team.open.omni-ove-test-open-collector\"" "--/telemetry/useOpenEndpoint=false" "--/log/outputStreamLevel=\"Warning\"" "--/log/debugConsoleLevel=\"Warning\"" "--/log/fileLogLevel=\"Info\"" "--/log/fileMaxCount=30" "--/log/includeTimeStamp=true" "--/log/setElapsedTimeUnits=\"milliseconds\"" "--/log/enabled=true" "--/log/async=false" "--/log/fileFlushLevel=\"verbose\"" "--/log/flushStandardStreamOutput=false" "--/log/enableDebugConsoleOutput=true" "--/log/enableColorOutput=true" "--/log/processGroupId=0" "--/log/includeSource=true" "--/log/includeChannel=true" "--/log/includeFilename=false" "--/log/includeLineNumber=false" "--/log/includeFunctionName=false" "--/log/includeThreadId=false" "--/log/includeProcessId=false" "--/log/includeTraceId=false" "--/log/detail=false" "--/log/fullDetail=false" "--/log/forceAnsiColor=false" "--/log/fileAppend=false" "--/log/utcTimestamp=true" "--/log/microsecondTimestamp=false" "--/log/enableStandardStreamOutput=false" "--/log/file=C:/Users/kskzz/.nvidia-omniverse/logs/omni.telemetry.transmitter.log" "--/log/level=Info" "--/log/file=c:/users/kskzz/miniconda3/envs/env_isaaclab/lib/site-packages/isaacsim/kit/logs/omni.telemetry.transmitter.log" "--/log/level=Warning" "--/privacy/personalization=false" "--/privacy/performance=false" "--/privacy/usage=false" "--/privacy/userId=" "--/telemetry/transmitter/0/eventProtocol=default"'
2026-08-01T02:19:40Z [643ms] [Info] [carb.launcher.plugin] successfully launched the child process 125620 {process = 000001E4A78B6F90}
2026-08-01T02:19:40Z [643ms] [Info] [carb.launcher.plugin] destroying the process object 000001E4A78B6F90 {pid = 125620}
2026-08-01T02:19:40Z [643ms] [Info] [carb.launcher.plugin] done destroying the process object 000001E4A78B6F90 {pid = 125620}
2026-08-01T02:19:40Z [644ms] [Info] [omni.ext._impl._internal] Searching for classes derived from 'omni.ext.IExt' in 'omni.kit.telemetry' ('c:\users\kskzz\miniconda3\envs\env_isaaclab\lib\site-packages\isaacsim\extscache\omni.kit.telemetry-0.5.2+69cbf6ad.wx64.r.cp311')
2026-08-01T02:19:40Z [644ms] [Info] [omni.ext.plugin] [ext: omni.kit.telemetry-0.5.2] started, startup time: 16 (ms)
2026-08-01T02:19:40Z [644ms] [Info] [omni.ext.plugin] About to startup: [ext: omni.mdl-56.0.3] (order: 0) Triggered by: omni.kit.material.library-2.0.7, omni.kit.window.material_graph-1.9.1, omni.mdl.neuraylib-0.2.12 (path: c:/users/kskzz/miniconda3/envs/env_isaaclab/lib/site-packages/isaacsim/extscache/omni.mdl-56.0.3+69cbf6ad.wx64.r.cp311)
2026-08-01T02:19:40Z [644ms] [Info] [omni.kit.app.plugin] [0.687s] [ext: omni.mdl-56.0.3] startup
2026-08-01T02:19:41Z [753ms] [Info] [omni.ext._impl._internal] Searching for classes derived from 'omni.ext.IExt' in 'omni.mdl.pymdlsdk' ('c:\users\kskzz\miniconda3\envs\env_isaaclab\lib\site-packages\isaacsim\extscache\omni.mdl-56.0.3+69cbf6ad.wx64.r.cp311')
2026-08-01T02:19:41Z [755ms] [Info] [omni.ext._impl._internal] Searching for classes derived from 'omni.ext.IExt' in 'omni.mdl.extensions' ('c:\users\kskzz\miniconda3\envs\env_isaaclab\lib\site-packages\isaacsim\extscache\omni.mdl-56.0.3+69cbf6ad.wx64.r.cp311')
2026-08-01T02:19:41Z [756ms] [Info] [omni.ext._impl._internal] Searching for classes derived from 'omni.ext.IExt' in 'omni.mdl.pymdl' ('c:\users\kskzz\miniconda3\envs\env_isaaclab\lib\site-packages\isaacsim\extscache\omni.mdl-56.0.3+69cbf6ad.wx64.r.cp311')
2026-08-01T02:19:41Z [756ms] [Info] [omni.ext.plugin] [ext: omni.mdl-56.0.3] started, startup time: 111 (ms)
2026-08-01T02:19:41Z [756ms] [Info] [omni.ext.plugin] About to startup: [ext: omni.iray.libs-0.0.0] (order: 0) Triggered by: omni.mdl.neuraylib-0.2.12 (path: c:/users/kskzz/miniconda3/envs/env_isaaclab/lib/site-packages/isaacsim/extscache/omni.iray.libs-0.0.0+69cbf6ad.wx64.r)
2026-08-01T02:19:41Z [756ms] [Info] [omni.kit.app.plugin] [0.799s] [ext: omni.iray.libs-0.0.0] startup
2026-08-01T02:19:41Z [759ms] [Info] [omni.ext.plugin] Loaded the dynamic library from c:/users/kskzz/miniconda3/envs/env_isaaclab/lib/site-packages/isaacsim/extscache/omni.iray.libs-0.0.0+69cbf6ad.wx64.r/bin/iray/libiray.dll
2026-08-01T02:19:41Z [765ms] [Info] [omni.ext.plugin] Loaded the dynamic library from c:/users/kskzz/miniconda3/envs/env_isaaclab/lib/site-packages/isaacsim/extscache/omni.iray.libs-0.0.0+69cbf6ad.wx64.r/bin/iray/libneuray.dll
2026-08-01T02:19:41Z [766ms] [Info] [omni.ext.plugin] Loaded the dynamic library from c:/users/kskzz/miniconda3/envs/env_isaaclab/lib/site-packages/isaacsim/extscache/omni.iray.libs-0.0.0+69cbf6ad.wx64.r/bin/mdl-distiller/mdl_distiller.dll
2026-08-01T02:19:41Z [766ms] [Info] [omni.ext.plugin] Loaded the dynamic library from c:/users/kskzz/miniconda3/envs/env_isaaclab/lib/site-packages/isaacsim/extscache/omni.iray.libs-0.0.0+69cbf6ad.wx64.r/bin/mdl-distiller/mdl_lod_distiller.dll
2026-08-01T02:19:41Z [776ms] [Info] [omni.ext.plugin] Loaded the dynamic library from c:/users/kskzz/miniconda3/envs/env_isaaclab/lib/site-packages/isaacsim/extscache/omni.iray.libs-0.0.0+69cbf6ad.wx64.r/bin/iray/iray_openimageio.dll
2026-08-01T02:19:41Z [779ms] [Info] [omni.ext.plugin] Loaded the dynamic library from c:/users/kskzz/miniconda3/envs/env_isaaclab/lib/site-packages/isaacsim/extscache/omni.iray.libs-0.0.0+69cbf6ad.wx64.r/bin/iray/iray_dds.dll
2026-08-01T02:19:41Z [780ms] [Info] [omni.ext.plugin] Loaded the dynamic library from c:/users/kskzz/miniconda3/envs/env_isaaclab/lib/site-packages/isaacsim/extscache/omni.iray.libs-0.0.0+69cbf6ad.wx64.r/bin/iray/mi_exporter.dll
2026-08-01T02:19:41Z [781ms] [Info] [omni.ext.plugin] Loaded the dynamic library from c:/users/kskzz/miniconda3/envs/env_isaaclab/lib/site-packages/isaacsim/extscache/omni.iray.libs-0.0.0+69cbf6ad.wx64.r/bin/iray/iray_bridge_client.dll
2026-08-01T02:19:41Z [783ms] [Info] [omni.ext.plugin] Loaded the dynamic library from c:/users/kskzz/miniconda3/envs/env_isaaclab/lib/site-packages/isaacsim/extscache/omni.iray.libs-0.0.0+69cbf6ad.wx64.r/bin/iray/nvcuvid_video_decoder.dll
2026-08-01T02:19:41Z [786ms] [Info] [omni.ext.plugin] Loaded the dynamic library from c:/users/kskzz/miniconda3/envs/env_isaaclab/lib/site-packages/isaacsim/extscache/omni.iray.libs-0.0.0+69cbf6ad.wx64.r/bin/iray/libnvindex.dll
2026-08-01T02:19:41Z [786ms] [Info] [omni.ext.plugin] [ext: omni.iray.libs-0.0.0] started, startup time: 30 (ms)
2026-08-01T02:19:41Z [786ms] [Info] [omni.ext.plugin] About to startup: [ext: omni.mdl.neuraylib-0.2.12] (order: 0) Triggered by: omni.hydra.rtx-1.0.0, omni.kit.material.library-2.0.7, omni.kit.usd.mdl-1.1.5, omni.kit.window.material_graph-1.9.1 (path: c:/users/kskzz/miniconda3/envs/env_isaaclab/lib/site-packages/isaacsim/extscache/omni.mdl.neuraylib-0.2.12+69cbf6ad.wx64.r.cp311)
2026-08-01T02:19:41Z [786ms] [Info] [omni.kit.app.plugin] [0.830s] [ext: omni.mdl.neuraylib-0.2.12] startup
2026-08-01T02:19:41Z [788ms] [Info] [carb] Registered plugin: rtx.neuraylib.plugin (interfaces: [rtx::neuray::NeurayLib v1.5]) (impl: rtx.neuraylib.plugin)
2026-08-01T02:19:41Z [793ms] [Info] [omni.ext._impl._internal] Searching for classes derived from 'omni.ext.IExt' in 'omni.mdl.neuraylib' ('c:\users\kskzz\miniconda3\envs\env_isaaclab\lib\site-packages\isaacsim\extscache\omni.mdl.neuraylib-0.2.12+69cbf6ad.wx64.r.cp311')
2026-08-01T02:19:41Z [793ms] [Info] [omni.ext.plugin] [ext: omni.mdl.neuraylib-0.2.12] started, startup time: 6 (ms)
2026-08-01T02:19:41Z [793ms] [Info] [omni.ext.plugin] About to startup: [ext: omni.kit.usd.mdl-1.1.5] (order: -1000) Triggered by: isaaclab.python.headless-2.3.2, omni.hydra.rtx-1.0.0, omni.replicator.core-1.12.27 (path: c:/users/kskzz/miniconda3/envs/env_isaaclab/lib/site-packages/isaacsim/extscache/omni.kit.usd.mdl-1.1.5+69cbf6ad.wx64.r.cp311)
2026-08-01T02:19:41Z [793ms] [Info] [omni.kit.app.plugin] [0.836s] [ext: omni.kit.usd.mdl-1.1.5] startup
2026-08-01T02:19:41Z [794ms] [Info] [carb] Registered plugin: rtx.usdmdl.plugin (interfaces: [rtx::usdmdl::IUsdMdl v1.0]) (impl: rtx.usdmdl.plugin)
2026-08-01T02:19:41Z [889ms] [Info] [carb.glinterop.plugin] 
OpenGL version: 4.6.0 NVIDIA 581.29
OpenGL vendor: NVIDIA Corporation
OpenGL renderer: NVIDIA GeForce RTX 4080 Laptop GPU/PCIe/SSE2

2026-08-01T02:19:41Z [941ms] [Info] [omni.ext._impl._internal] Searching for classes derived from 'omni.ext.IExt' in 'omni.UsdMdl' ('c:\users\kskzz\miniconda3\envs\env_isaaclab\lib\site-packages\isaacsim\extscache\omni.kit.usd.mdl-1.1.5+69cbf6ad.wx64.r.cp311')
2026-08-01T02:19:41Z [943ms] [Info] [omni.ext._impl._internal] Searching for classes derived from 'omni.ext.IExt' in 'omni.kit.usd.mdl' ('c:\users\kskzz\miniconda3\envs\env_isaaclab\lib\site-packages\isaacsim\extscache\omni.kit.usd.mdl-1.1.5+69cbf6ad.wx64.r.cp311')
2026-08-01T02:19:41Z [943ms] [Info] [omni.ext._impl._internal] Found class `Ext` derived from `omni.ext.IExt` in module: 'omni.kit.usd.mdl' in 'c:\users\kskzz\miniconda3\envs\env_isaaclab\lib\site-packages\isaacsim\extscache\omni.kit.usd.mdl-1.1.5+69cbf6ad.wx64.r.cp311'. Calling `on_startup`.
2026-08-01T02:19:41Z [943ms] [Info] [carb] Initializing plugin: rtx.usdmdl.plugin (interfaces: [rtx::usdmdl::IUsdMdl v1.0]) (impl: rtx.usdmdl.plugin)
2026-08-01T02:19:41Z [944ms] [Info] [omni.ext.plugin] [ext: omni.kit.usd.mdl-1.1.5] started, startup time: 151 (ms)
2026-08-01T02:19:41Z [944ms] [Info] [omni.ext.plugin] About to startup: [ext: omni.usd.schema.metrics.assembler-107.3.1] (order: -150) Triggered by: omni.usd.metrics.assembler-107.3.1 (path: c:/users/kskzz/miniconda3/envs/env_isaaclab/lib/site-packages/isaacsim/extscache/omni.usd.schema.metrics.assembler-107.3.1+107.3.0.wx64.r.cp311.u353)
2026-08-01T02:19:41Z [944ms] [Info] [omni.kit.app.plugin] [0.987s] [ext: omni.usd.schema.metrics.assembler-107.3.1] startup
2026-08-01T02:19:41Z [945ms] [Info] [omni.ext.plugin] Loaded the dynamic library from c:/users/kskzz/miniconda3/envs/env_isaaclab/lib/site-packages/isaacsim/extscache/omni.usd.schema.metrics.assembler-107.3.1+107.3.0.wx64.r.cp311.u353/bin/metricsAssembler.dll
2026-08-01T02:19:41Z [950ms] [Info] [omni.ext._impl._internal] Searching for classes derived from 'omni.ext.IExt' in 'omni.MetricsAssembler' ('c:\users\kskzz\miniconda3\envs\env_isaaclab\lib\site-packages\isaacsim\extscache\omni.usd.schema.metrics.assembler-107.3.1+107.3.0.wx64.r.cp311.u353')
2026-08-01T02:19:41Z [952ms] [Warning] [gpu.foundation.plugin] Skipping unsupported non-NVIDIA GPU: Intel(R) RaptorLake-S Mobile Graphics Controller
2026-08-01T02:19:41Z [952ms] [Warning] [gpu.foundation.plugin] Skipping unsupported non-NVIDIA GPU: Intel(R) RaptorLake-S Mobile Graphics Controller
2026-08-01T02:19:41Z [952ms] [Warning] [gpu.foundation.plugin] Skipping unsupported non-NVIDIA GPU: Intel(R) RaptorLake-S Mobile Graphics Controller
2026-08-01T02:19:41Z [953ms] [Info] [gpu.foundation.plugin] NVIDIA Aftermath Status: auto-enabled
2026-08-01T02:19:41Z [953ms] [Warning] [gpu.foundation.plugin] Skipping unsupported non-NVIDIA GPU: Intel(R) RaptorLake-S Mobile Graphics Controller
2026-08-01T02:19:41Z [953ms] [Warning] [gpu.foundation.plugin] Skipping unsupported non-NVIDIA GPU: Intel(R) RaptorLake-S Mobile Graphics Controller
2026-08-01T02:19:41Z [953ms] [Warning] [gpu.foundation.plugin] Skipping unsupported non-NVIDIA GPU: Intel(R) RaptorLake-S Mobile Graphics Controller
2026-08-01T02:19:41Z [953ms] [Info] [gpu.foundation.plugin] Checking TCC on physical device 0
2026-08-01T02:19:41Z [956ms] [Info] [omni.ext._impl._internal] Searching for classes derived from 'omni.ext.IExt' in 'usd.schema.metricsassembler' ('c:\users\kskzz\miniconda3\envs\env_isaaclab\lib\site-packages\isaacsim\extscache\omni.usd.schema.metrics.assembler-107.3.1+107.3.0.wx64.r.cp311.u353')
2026-08-01T02:19:41Z [956ms] [Info] [omni.ext.plugin] [ext: omni.usd.schema.metrics.assembler-107.3.1] started, startup time: 12 (ms)
2026-08-01T02:19:41Z [956ms] [Info] [omni.ext.plugin] About to startup: [ext: omni.usd.schema.audio-0.0.0] (order: -100) Triggered by: omni.usd.core-1.5.3 (path: c:/users/kskzz/miniconda3/envs/env_isaaclab/lib/site-packages/isaacsim/extscache/omni.usd.schema.audio-0.0.0+69cbf6ad.wx64.r.cp311)
2026-08-01T02:19:41Z [956ms] [Info] [omni.kit.app.plugin] [0.999s] [ext: omni.usd.schema.audio-0.0.0] startup
2026-08-01T02:19:41Z [959ms] [Info] [omni.ext.plugin] Loaded the dynamic library from c:/users/kskzz/miniconda3/envs/env_isaaclab/lib/site-packages/isaacsim/extscache/omni.usd.schema.audio-0.0.0+69cbf6ad.wx64.r.cp311/bin/omniAudioSchema.dll
2026-08-01T02:19:41Z [959ms] [Info] [omni.ext._impl._internal] Searching for classes derived from 'omni.ext.IExt' in 'pxr' ('c:\users\kskzz\miniconda3\envs\env_isaaclab\lib\site-packages\isaacsim\extscache\omni.usd.schema.audio-0.0.0+69cbf6ad.wx64.r.cp311')
2026-08-01T02:19:41Z [964ms] [Info] [gpu.foundation.plugin] Tesla Compute Cluster (TCC) is disabled for this physical device.
2026-08-01T02:19:41Z [964ms] [Info] [carb] Initializing plugin: carb.failureinjector (interfaces: [carb::IFailureInjector v1.0]) (impl: carb.failureinjector)
2026-08-01T02:19:41Z [965ms] [Info] [carb.graphics-vulkan.plugin] Active GPU: NVIDIA GeForce RTX 4080 Laptop GPU
2026-08-01T02:19:41Z [965ms] [Info] [omni.ext._impl._internal] Searching for classes derived from 'omni.ext.IExt' in 'OmniAudioSchema' ('c:\users\kskzz\miniconda3\envs\env_isaaclab\lib\site-packages\isaacsim\extscache\omni.usd.schema.audio-0.0.0+69cbf6ad.wx64.r.cp311')
2026-08-01T02:19:41Z [965ms] [Info] [carb.graphics-vulkan.plugin] Enabled NVIDIA Aftermath Version: 2024.1
2026-08-01T02:19:41Z [967ms] [Info] [omni.ext._impl._internal] Searching for classes derived from 'omni.ext.IExt' in 'usd.schema.audio' ('c:\users\kskzz\miniconda3\envs\env_isaaclab\lib\site-packages\isaacsim\extscache\omni.usd.schema.audio-0.0.0+69cbf6ad.wx64.r.cp311')
2026-08-01T02:19:41Z [967ms] [Info] [omni.ext.plugin] [ext: omni.usd.schema.audio-0.0.0] started, startup time: 11 (ms)
2026-08-01T02:19:41Z [967ms] [Info] [omni.ext.plugin] About to startup: [ext: omni.usd_resolver-1.0.0] (order: 0) Triggered by: omni.usd.core-1.5.3 (path: c:/users/kskzz/miniconda3/envs/env_isaaclab/lib/site-packages/isaacsim/extscache/omni.usd_resolver-1.0.0+69cbf6ad.wx64.r.cp311)
2026-08-01T02:19:41Z [967ms] [Info] [omni.kit.app.plugin] [1.010s] [ext: omni.usd_resolver-1.0.0] startup
2026-08-01T02:19:41Z [974ms] [Info] [carb] Registered plugin: carb.usdresolver.plugin (interfaces: [carb::usdresolver::IUsdResolver v1.1]) (impl: carb.usdresolver.plugin)
2026-08-01T02:19:41Z [1,005ms] [Info] [carb.graphics-vulkan.plugin] Device extension VK_NVX_binary_import required by NGX.
2026-08-01T02:19:41Z [1,005ms] [Info] [carb.graphics-vulkan.plugin] Device extension VK_NVX_image_view_handle required by NGX.
2026-08-01T02:19:41Z [1,005ms] [Info] [carb.graphics-vulkan.plugin] Device extension VK_NVX_image_view_handle required by NGX.
2026-08-01T02:19:41Z [1,005ms] [Info] [carb.graphics-vulkan.plugin] Device extension VK_NVX_image_view_handle required by NGX.
2026-08-01T02:19:41Z [1,006ms] [Info] [carb] Registered plugin: omni.ext-usdresolver.plugin (interfaces: [omni::ext::IExt v0.1]) (impl: omni.ext-usdresolver.plugin)
2026-08-01T02:19:41Z [1,007ms] [Info] [carb] Registered plugin: omni.spectree.delegate.plugin (interfaces: [omni::spectree::IChangeListDelegateFactory v0.1]) (impl: omni.spectree.delegate.plugin)
2026-08-01T02:19:41Z [1,007ms] [Info] [carb] Initializing plugin: omni.ext-usdresolver.plugin (interfaces: [omni::ext::IExt v0.1]) (impl: omni.ext-usdresolver.plugin)
2026-08-01T02:19:41Z [1,007ms] [Info] [omni.ext.plugin] [ext: omni.usd_resolver-1.0.0] Starting ext::IExt in 'c:/users/kskzz/miniconda3/envs/env_isaaclab/lib/site-packages/isaacsim/extscache/omni.usd_resolver-1.0.0+69cbf6ad.wx64.r.cp311/bin/omni.ext-usd_resolver.plugin.dll'
2026-08-01T02:19:41Z [1,007ms] [Info] [carb] Initializing plugin: carb.usdresolver.plugin (interfaces: [carb::usdresolver::IUsdResolver v1.1]) (impl: carb.usdresolver.plugin)
2026-08-01T02:19:41Z [1,010ms] [Info] [omni.ext._impl._internal] Searching for classes derived from 'omni.ext.IExt' in 'omni.usd_resolver' ('c:\users\kskzz\miniconda3\envs\env_isaaclab\lib\site-packages\isaacsim\extscache\omni.usd_resolver-1.0.0+69cbf6ad.wx64.r.cp311')
2026-08-01T02:19:41Z [1,012ms] [Info] [omni.ext._impl._internal] Searching for classes derived from 'omni.ext.IExt' in 'omni.spectree' ('c:\users\kskzz\miniconda3\envs\env_isaaclab\lib\site-packages\isaacsim\extscache\omni.usd_resolver-1.0.0+69cbf6ad.wx64.r.cp311')
2026-08-01T02:19:41Z [1,012ms] [Info] [omni.ext.plugin] [ext: omni.usd_resolver-1.0.0] started, startup time: 44 (ms)
2026-08-01T02:19:41Z [1,012ms] [Info] [omni.ext.plugin] About to startup: [ext: omni.usd.core-1.5.3] (order: 0) Triggered by: omni.hydra.rtx-1.0.0, omni.hydra.scene_delegate-0.3.4, omni.hydra.usdrt_delegate-7.5.1, omni.isaac.dynamic_control-2.0.7, omni.usd-1.13.10,  (path: c:/users/kskzz/miniconda3/envs/env_isaaclab/lib/site-packages/isaacsim/extscache/omni.usd.core-1.5.3+69cbf6ad.wx64.r)
2026-08-01T02:19:41Z [1,012ms] [Info] [omni.kit.app.plugin] [1.055s] [ext: omni.usd.core-1.5.3] startup
2026-08-01T02:19:41Z [1,013ms] [Info] [omni.ext.plugin] Loaded the dynamic library from c:/users/kskzz/miniconda3/envs/env_isaaclab/lib/site-packages/isaacsim/extscache/omni.usd.core-1.5.3+69cbf6ad.wx64.r/bin/omni.usd.dll
2026-08-01T02:19:41Z [1,013ms] [Info] [omni.ext.plugin] [ext: omni.usd.core-1.5.3] started, startup time: 1 (ms)
2026-08-01T02:19:41Z [1,013ms] [Info] [omni.ext.plugin] About to startup: [ext: omni.usd.schema.omni_sensors-0.0.0] (order: -100) Triggered by: omni.replicator.core-1.12.27 (path: c:/users/kskzz/miniconda3/envs/env_isaaclab/lib/site-packages/isaacsim/extscache/omni.usd.schema.omni_sensors-0.0.0+69cbf6ad)
2026-08-01T02:19:41Z [1,013ms] [Info] [omni.kit.app.plugin] [1.057s] [ext: omni.usd.schema.omni_sensors-0.0.0] startup
2026-08-01T02:19:41Z [1,052ms] [Info] [omni.ext._impl._internal] Searching for classes derived from 'omni.ext.IExt' in 'omni.usd.schema.omni_sensors' ('c:\users\kskzz\miniconda3\envs\env_isaaclab\lib\site-packages\isaacsim\extscache\omni.usd.schema.omni_sensors-0.0.0+69cbf6ad')
2026-08-01T02:19:41Z [1,052ms] [Info] [omni.ext.plugin] [ext: omni.usd.schema.omni_sensors-0.0.0] started, startup time: 38 (ms)
2026-08-01T02:19:41Z [1,052ms] [Info] [omni.ext.plugin] About to startup: [ext: omni.usd.schema.anim-0.0.0] (order: -100) Triggered by: omni.hydra.usdrt_delegate-7.5.1, omni.replicator.core-1.12.27 (path: c:/users/kskzz/miniconda3/envs/env_isaaclab/lib/site-packages/isaacsim/extscache/omni.usd.schema.anim-0.0.0+69cbf6ad.wx64.r.cp311)
2026-08-01T02:19:41Z [1,052ms] [Info] [omni.kit.app.plugin] [1.095s] [ext: omni.usd.schema.anim-0.0.0] startup
2026-08-01T02:19:41Z [1,053ms] [Info] [omni.ext.plugin] Loaded the dynamic library from c:/users/kskzz/miniconda3/envs/env_isaaclab/lib/site-packages/isaacsim/extscache/omni.usd.schema.anim-0.0.0+69cbf6ad.wx64.r.cp311/bin/animationSchema.dll
2026-08-01T02:19:41Z [1,054ms] [Info] [omni.ext.plugin] Loaded the dynamic library from c:/users/kskzz/miniconda3/envs/env_isaaclab/lib/site-packages/isaacsim/extscache/omni.usd.schema.anim-0.0.0+69cbf6ad.wx64.r.cp311/bin/animationSchemaTools.dll
2026-08-01T02:19:41Z [1,055ms] [Info] [omni.ext.plugin] Loaded the dynamic library from c:/users/kskzz/miniconda3/envs/env_isaaclab/lib/site-packages/isaacsim/extscache/omni.usd.schema.anim-0.0.0+69cbf6ad.wx64.r.cp311/bin/omniSkelSchema.dll
2026-08-01T02:19:41Z [1,056ms] [Info] [omni.ext.plugin] Loaded the dynamic library from c:/users/kskzz/miniconda3/envs/env_isaaclab/lib/site-packages/isaacsim/extscache/omni.usd.schema.anim-0.0.0+69cbf6ad.wx64.r.cp311/bin/retargetingSchema.dll
2026-08-01T02:19:41Z [1,057ms] [Info] [omni.ext.plugin] Loaded the dynamic library from c:/users/kskzz/miniconda3/envs/env_isaaclab/lib/site-packages/isaacsim/extscache/omni.usd.schema.anim-0.0.0+69cbf6ad.wx64.r.cp311/bin/retargetingSchemaTools.dll
2026-08-01T02:19:41Z [1,057ms] [Info] [omni.ext._impl._internal] Searching for classes derived from 'omni.ext.IExt' in 'pxr' ('c:\users\kskzz\miniconda3\envs\env_isaaclab\lib\site-packages\isaacsim\extscache\omni.usd.schema.anim-0.0.0+69cbf6ad.wx64.r.cp311')
2026-08-01T02:19:41Z [1,070ms] [Info] [omni.ext._impl._internal] Searching for classes derived from 'omni.ext.IExt' in 'AnimationSchema' ('c:\users\kskzz\miniconda3\envs\env_isaaclab\lib\site-packages\isaacsim\extscache\omni.usd.schema.anim-0.0.0+69cbf6ad.wx64.r.cp311')
2026-08-01T02:19:41Z [1,075ms] [Info] [omni.ext._impl._internal] Searching for classes derived from 'omni.ext.IExt' in 'AnimationSchemaTools' ('c:\users\kskzz\miniconda3\envs\env_isaaclab\lib\site-packages\isaacsim\extscache\omni.usd.schema.anim-0.0.0+69cbf6ad.wx64.r.cp311')
2026-08-01T02:19:41Z [1,081ms] [Info] [omni.ext._impl._internal] Searching for classes derived from 'omni.ext.IExt' in 'OmniSkelSchema' ('c:\users\kskzz\miniconda3\envs\env_isaaclab\lib\site-packages\isaacsim\extscache\omni.usd.schema.anim-0.0.0+69cbf6ad.wx64.r.cp311')
2026-08-01T02:19:41Z [1,086ms] [Info] [omni.ext._impl._internal] Searching for classes derived from 'omni.ext.IExt' in 'RetargetingSchema' ('c:\users\kskzz\miniconda3\envs\env_isaaclab\lib\site-packages\isaacsim\extscache\omni.usd.schema.anim-0.0.0+69cbf6ad.wx64.r.cp311')
2026-08-01T02:19:41Z [1,088ms] [Info] [omni.ext._impl._internal] Searching for classes derived from 'omni.ext.IExt' in 'RetargetingSchemaTools' ('c:\users\kskzz\miniconda3\envs\env_isaaclab\lib\site-packages\isaacsim\extscache\omni.usd.schema.anim-0.0.0+69cbf6ad.wx64.r.cp311')
2026-08-01T02:19:41Z [1,091ms] [Info] [omni.ext._impl._internal] Searching for classes derived from 'omni.ext.IExt' in 'usd.schema.anim' ('c:\users\kskzz\miniconda3\envs\env_isaaclab\lib\site-packages\isaacsim\extscache\omni.usd.schema.anim-0.0.0+69cbf6ad.wx64.r.cp311')
2026-08-01T02:19:41Z [1,091ms] [Info] [omni.ext.plugin] [ext: omni.usd.schema.anim-0.0.0] started, startup time: 39 (ms)
2026-08-01T02:19:41Z [1,091ms] [Info] [omni.ext.plugin] About to startup: [ext: omni.usd.schema.physx-107.3.26] (order: -100) Triggered by: omni.convexdecomposition-107.3.26, omni.physics.tensors-107.3.26, omni.physx-107.3.26, omni.physx.cooking-107.3.26, omni.usd.metrics.assembler.physics-107.3.26, omni.usdphysics-107.3.26 (path: c:/users/kskzz/miniconda3/envs/env_isaaclab/lib/site-packages/isaacsim/extscache/omni.usd.schema.physx-107.3.26+107.3.3.wx64.r.cp311.u353)
2026-08-01T02:19:41Z [1,091ms] [Info] [omni.kit.app.plugin] [1.135s] [ext: omni.usd.schema.physx-107.3.26] startup
2026-08-01T02:19:41Z [1,094ms] [Info] [omni.ext.plugin] Loaded the dynamic library from c:/users/kskzz/miniconda3/envs/env_isaaclab/lib/site-packages/isaacsim/extscache/omni.usd.schema.physx-107.3.26+107.3.3.wx64.r.cp311.u353/bin/physxSchema.dll
2026-08-01T02:19:41Z [1,094ms] [Info] [omni.ext.plugin] Loaded the dynamic library from c:/users/kskzz/miniconda3/envs/env_isaaclab/lib/site-packages/isaacsim/extscache/omni.usd.schema.physx-107.3.26+107.3.3.wx64.r.cp311.u353/bin/physicsSchemaTools.dll
2026-08-01T02:19:41Z [1,121ms] [Info] [omni.ext._impl._internal] Searching for classes derived from 'omni.ext.IExt' in 'pxr.PhysxSchema' ('c:\users\kskzz\miniconda3\envs\env_isaaclab\lib\site-packages\isaacsim\extscache\omni.usd.schema.physx-107.3.26+107.3.3.wx64.r.cp311.u353')
2026-08-01T02:19:41Z [1,125ms] [Info] [omni.ext._impl._internal] Searching for classes derived from 'omni.ext.IExt' in 'usd.schema.physx' ('c:\users\kskzz\miniconda3\envs\env_isaaclab\lib\site-packages\isaacsim\extscache\omni.usd.schema.physx-107.3.26+107.3.3.wx64.r.cp311.u353')
2026-08-01T02:19:41Z [1,129ms] [Info] [omni.ext._impl._internal] Searching for classes derived from 'omni.ext.IExt' in 'pxr.PhysicsSchemaTools' ('c:\users\kskzz\miniconda3\envs\env_isaaclab\lib\site-packages\isaacsim\extscache\omni.usd.schema.physx-107.3.26+107.3.3.wx64.r.cp311.u353')
2026-08-01T02:19:41Z [1,129ms] [Info] [omni.ext.plugin] [ext: omni.usd.schema.physx-107.3.26] started, startup time: 37 (ms)
2026-08-01T02:19:41Z [1,129ms] [Info] [omni.ext.plugin] About to startup: [ext: omni.usd.schema.omnigraph-1.0.0] (order: -100) Triggered by: omni.graph.core-2.184.5 (path: c:/users/kskzz/miniconda3/envs/env_isaaclab/lib/site-packages/isaacsim/extscache/omni.usd.schema.omnigraph-1.0.0+69cbf6ad.wx64.r.cp311)
2026-08-01T02:19:41Z [1,129ms] [Info] [omni.kit.app.plugin] [1.172s] [ext: omni.usd.schema.omnigraph-1.0.0] startup
2026-08-01T02:19:41Z [1,130ms] [Info] [omni.ext.plugin] Loaded the dynamic library from c:/users/kskzz/miniconda3/envs/env_isaaclab/lib/site-packages/isaacsim/extscache/omni.usd.schema.omnigraph-1.0.0+69cbf6ad.wx64.r.cp311/bin/omniGraphSchema.dll
2026-08-01T02:19:41Z [1,131ms] [Info] [omni.ext.plugin] Loaded the dynamic library from c:/users/kskzz/miniconda3/envs/env_isaaclab/lib/site-packages/isaacsim/extscache/omni.usd.schema.omnigraph-1.0.0+69cbf6ad.wx64.r.cp311/bin/omniGraphSchemaTools.dll
2026-08-01T02:19:41Z [1,131ms] [Info] [omni.ext._impl._internal] Searching for classes derived from 'omni.ext.IExt' in 'pxr' ('c:\users\kskzz\miniconda3\envs\env_isaaclab\lib\site-packages\isaacsim\extscache\omni.usd.schema.omnigraph-1.0.0+69cbf6ad.wx64.r.cp311')
2026-08-01T02:19:41Z [1,138ms] [Info] [omni.ext._impl._internal] Searching for classes derived from 'omni.ext.IExt' in 'OmniGraphSchema' ('c:\users\kskzz\miniconda3\envs\env_isaaclab\lib\site-packages\isaacsim\extscache\omni.usd.schema.omnigraph-1.0.0+69cbf6ad.wx64.r.cp311')
2026-08-01T02:19:41Z [1,141ms] [Info] [omni.ext._impl._internal] Searching for classes derived from 'omni.ext.IExt' in 'OmniGraphSchemaTools' ('c:\users\kskzz\miniconda3\envs\env_isaaclab\lib\site-packages\isaacsim\extscache\omni.usd.schema.omnigraph-1.0.0+69cbf6ad.wx64.r.cp311')
2026-08-01T02:19:41Z [1,143ms] [Info] [omni.ext._impl._internal] Searching for classes derived from 'omni.ext.IExt' in 'usd.schema.omnigraph' ('c:\users\kskzz\miniconda3\envs\env_isaaclab\lib\site-packages\isaacsim\extscache\omni.usd.schema.omnigraph-1.0.0+69cbf6ad.wx64.r.cp311')
2026-08-01T02:19:41Z [1,143ms] [Info] [omni.ext.plugin] [ext: omni.usd.schema.omnigraph-1.0.0] started, startup time: 14 (ms)
2026-08-01T02:19:41Z [1,143ms] [Info] [omni.ext.plugin] About to startup: [ext: omni.usd.schema.geospatial-0.0.0] (order: -100) Triggered by: omni.hydra.scene_delegate-0.3.4 (path: c:/users/kskzz/miniconda3/envs/env_isaaclab/lib/site-packages/isaacsim/extscache/omni.usd.schema.geospatial-0.0.0+69cbf6ad.wx64.r.cp311)
2026-08-01T02:19:41Z [1,143ms] [Info] [omni.kit.app.plugin] [1.186s] [ext: omni.usd.schema.geospatial-0.0.0] startup
2026-08-01T02:19:41Z [1,144ms] [Info] [omni.ext.plugin] Loaded the dynamic library from c:/users/kskzz/miniconda3/envs/env_isaaclab/lib/site-packages/isaacsim/extscache/omni.usd.schema.geospatial-0.0.0+69cbf6ad.wx64.r.cp311/bin/omniGeospatial.dll
2026-08-01T02:19:41Z [1,149ms] [Info] [gpu.foundation.plugin] 
|---------------------------------------------------------------------------------------------|
| Driver Version: 581.29        | Graphics API: Vulkan
|=============================================================================================|
| GPU | Name                             | Active | LDA | GPU Memory | Vendor-ID | LUID       |
|     |                                  |        |     |            | Device-ID | UUID       |
|     |                                  |        |     |            | Bus-ID    |            |
|---------------------------------------------------------------------------------------------|
| 0   | NVIDIA GeForce RTX 4080 Laptop.. | Yes: 0 |     | 11997   MB | 10de      | efad0100.. |
|     |                                  |        |     |            | 27e0      | 36780613.. |
|     |                                  |        |     |            | 1         |            |
|---------------------------------------------------------------------------------------------|
| 1   | Intel(R) RaptorLake-S Mobile G.. |        |     | 16228   MB | 8086      | fba90100.. |
|     |                                  |        |     |            | a788      | 868088a7.. |
|     |                                  |        |     |            | N/A       |            |
|---------------------------------------------------------------------------------------------|
| 2   | Intel(R) RaptorLake-S Mobile G.. |        |     | 16228   MB | 8086      | d14f0200.. |
|     |                                  |        |     |            | a788      | 868088a7.. |
|     |                                  |        |     |            | N/A       |            |
|---------------------------------------------------------------------------------------------|
| 3   | Intel(R) RaptorLake-S Mobile G.. |        |     | 16228   MB | 8086      | 6a4b0200.. |
|     |                                  |        |     |            | a788      | 868088a7.. |
|     |                                  |        |     |            | N/A       |            |
|=============================================================================================|
| OS: Windows 11 Home, Version: 10.0 (25H2), Build: 26200, Kernel: 10.0.26100.8875
| Processor: 13th Gen Intel(R) Core(TM) i9-13900HX
| Cores: 24 | Logical Cores: 32
|---------------------------------------------------------------------------------------------|
| Total Memory (MB): 32456 | Free Memory: 7693
| Total Page/Swap (MB): 91743 | Free Page/Swap: 10203
|---------------------------------------------------------------------------------------------|

2026-08-01T02:19:41Z [1,150ms] [Info] [omni.ext._impl._internal] Searching for classes derived from 'omni.ext.IExt' in 'OmniGeospatial' ('c:\users\kskzz\miniconda3\envs\env_isaaclab\lib\site-packages\isaacsim\extscache\omni.usd.schema.geospatial-0.0.0+69cbf6ad.wx64.r.cp311')
2026-08-01T02:19:41Z [1,151ms] [Info] [omni.ext._impl._internal] Searching for classes derived from 'omni.ext.IExt' in 'usd.schema.geospatial' ('c:\users\kskzz\miniconda3\envs\env_isaaclab\lib\site-packages\isaacsim\extscache\omni.usd.schema.geospatial-0.0.0+69cbf6ad.wx64.r.cp311')
2026-08-01T02:19:41Z [1,151ms] [Info] [omni.ext.plugin] [ext: omni.usd.schema.geospatial-0.0.0] started, startup time: 8 (ms)
2026-08-01T02:19:41Z [1,151ms] [Info] [omni.ext.plugin] About to startup: [ext: omni.usd.schema.semantics-0.0.0] (order: -100) Triggered by: isaacsim.core.api-4.8.0, isaacsim.core.prims-0.6.1, isaacsim.core.utils-3.5.1, omni.syntheticdata-0.6.13 (path: c:/users/kskzz/miniconda3/envs/env_isaaclab/lib/site-packages/isaacsim/extscache/omni.usd.schema.semantics-0.0.0+69cbf6ad.wx64.r.cp311)
2026-08-01T02:19:41Z [1,151ms] [Info] [omni.kit.app.plugin] [1.194s] [ext: omni.usd.schema.semantics-0.0.0] startup
2026-08-01T02:19:41Z [1,152ms] [Info] [omni.ext.plugin] Loaded the dynamic library from c:/users/kskzz/miniconda3/envs/env_isaaclab/lib/site-packages/isaacsim/extscache/omni.usd.schema.semantics-0.0.0+69cbf6ad.wx64.r.cp311/bin/semantics.dll
2026-08-01T02:19:41Z [1,152ms] [Info] [omni.ext._impl._internal] Searching for classes derived from 'omni.ext.IExt' in 'pxr' ('c:\users\kskzz\miniconda3\envs\env_isaaclab\lib\site-packages\isaacsim\extscache\omni.usd.schema.semantics-0.0.0+69cbf6ad.wx64.r.cp311')
2026-08-01T02:19:41Z [1,157ms] [Info] [omni.ext._impl._internal] Searching for classes derived from 'omni.ext.IExt' in 'Semantics' ('c:\users\kskzz\miniconda3\envs\env_isaaclab\lib\site-packages\isaacsim\extscache\omni.usd.schema.semantics-0.0.0+69cbf6ad.wx64.r.cp311')
2026-08-01T02:19:41Z [1,158ms] [Info] [omni.ext._impl._internal] Searching for classes derived from 'omni.ext.IExt' in 'usd.schema.semantics' ('c:\users\kskzz\miniconda3\envs\env_isaaclab\lib\site-packages\isaacsim\extscache\omni.usd.schema.semantics-0.0.0+69cbf6ad.wx64.r.cp311')
2026-08-01T02:19:41Z [1,158ms] [Info] [omni.ext.plugin] [ext: omni.usd.schema.semantics-0.0.0] started, startup time: 6 (ms)
2026-08-01T02:19:41Z [1,158ms] [Info] [omni.ext.plugin] About to startup: [ext: omni.appwindow-1.1.10] (order: 0) Triggered by: omni.kit.clipboard-1.0.5, omni.kit.renderer.core-1.1.0, omni.kit.renderer.imgui-2.0.5, omni.ui-2.27.1 (path: c:/users/kskzz/miniconda3/envs/env_isaaclab/lib/site-packages/isaacsim/extscache/omni.appwindow-1.1.10+69cbf6ad.wx64.r.cp311)
2026-08-01T02:19:41Z [1,158ms] [Info] [omni.kit.app.plugin] [1.201s] [ext: omni.appwindow-1.1.10] startup
2026-08-01T02:19:41Z [1,159ms] [Info] [carb] Registered plugin: omni.appwindow.plugin (interfaces: [omni::ext::IExt v0.1],[omni::kit::IAppWindowFactory v2.4]) (impl: omni.appwindow.plugin)
2026-08-01T02:19:41Z [1,160ms] [Info] [carb] Initializing plugin: omni.appwindow.plugin (interfaces: [omni::ext::IExt v0.1],[omni::kit::IAppWindowFactory v2.4]) (impl: omni.appwindow.plugin)
2026-08-01T02:19:41Z [1,160ms] [Info] [omni.ext.plugin] [ext: omni.appwindow-1.1.10] Starting ext::IExt in 'c:/users/kskzz/miniconda3/envs/env_isaaclab/lib/site-packages/isaacsim/extscache/omni.appwindow-1.1.10+69cbf6ad.wx64.r.cp311/bin/omni.appwindow.plugin.dll'
2026-08-01T02:19:41Z [1,160ms] [Info] [carb] Plugin omni.appwindow.plugin is already a dependency of omni.kit.app.plugin; not changing unload order
2026-08-01T02:19:41Z [1,160ms] [Info] [omni.appwindow.plugin] Created window: width=850,height=478.
2026-08-01T02:19:41Z [1,163ms] [Info] [omni.ext._impl._internal] Searching for classes derived from 'omni.ext.IExt' in 'omni.appwindow' ('c:\users\kskzz\miniconda3\envs\env_isaaclab\lib\site-packages\isaacsim\extscache\omni.appwindow-1.1.10+69cbf6ad.wx64.r.cp311')
2026-08-01T02:19:41Z [1,163ms] [Info] [omni.ext.plugin] [ext: omni.appwindow-1.1.10] started, startup time: 5 (ms)
2026-08-01T02:19:41Z [1,163ms] [Info] [omni.ext.plugin] About to startup: [ext: omni.kit.renderer.core-1.1.0] (order: 0) Triggered by: omni.graph.core-2.184.5, omni.kit.renderer.capture-0.0.0, omni.kit.renderer.imgui-2.0.5 (path: c:/users/kskzz/miniconda3/envs/env_isaaclab/lib/site-packages/isaacsim/extscache/omni.kit.renderer.core-1.1.0+69cbf6ad.wx64.r.cp311)
2026-08-01T02:19:41Z [1,163ms] [Info] [omni.kit.app.plugin] [1.207s] [ext: omni.kit.renderer.core-1.1.0] startup
2026-08-01T02:19:41Z [1,164ms] [Info] [carb] Registered plugin: omni.kit.renderer.ext.plugin (interfaces: [omni::ext::IExt v0.1]) (impl: omni.kit.renderer.ext.plugin)
2026-08-01T02:19:41Z [1,166ms] [Info] [carb] Registered plugin: omni.kit.renderer.plugin (interfaces: [omni::kit::renderer::IGpuFoundation v1.1],[omni::kit::renderer::IRenderer v1.9]) (impl: omni.kit.renderer.plugin)
2026-08-01T02:19:41Z [1,167ms] [Info] [carb] Registered plugin: omni.kit.renderer_test.plugin (interfaces: [omni::kit::renderer::IRendererTest v0.1]) (impl: omni.kit.renderer_test.plugin)
2026-08-01T02:19:41Z [1,167ms] [Info] [carb] Initializing plugin: omni.kit.renderer.ext.plugin (interfaces: [omni::ext::IExt v0.1]) (impl: omni.kit.renderer.ext.plugin)
2026-08-01T02:19:41Z [1,167ms] [Info] [omni.ext.plugin] [ext: omni.kit.renderer.core-1.1.0] Starting ext::IExt in 'c:/users/kskzz/miniconda3/envs/env_isaaclab/lib/site-packages/isaacsim/extscache/omni.kit.renderer.core-1.1.0+69cbf6ad.wx64.r.cp311/bin/omni.kit.renderer.ext.plugin.dll'
2026-08-01T02:19:41Z [1,167ms] [Info] [carb] Initializing plugin: omni.kit.renderer.plugin (interfaces: [omni::kit::renderer::IGpuFoundation v1.1],[omni::kit::renderer::IRenderer v1.9]) (impl: omni.kit.renderer.plugin)
2026-08-01T02:19:41Z [1,167ms] [Info] [omni.kit.renderer.plugin] Added dataSource connection for prefix 'C'
2026-08-01T02:19:41Z [1,167ms] [Info] [omni.kit.renderer.plugin] Added dataSource connection for prefix 'c'
2026-08-01T02:19:41Z [1,167ms] [Info] [carb] Initializing plugin: carb.assets.plugin (interfaces: [carb::assets::IAssets v2.0],[carb::assets::IAssetsBlob v1.0]) (impl: carb.assets.plugin)
2026-08-01T02:19:41Z [1,168ms] [Info] [carb] Initializing plugin: carb.datasource-file.plugin (interfaces: [carb::datasource::IDataSource v1.1]) (impl: carb.datasource-file.plugin)
2026-08-01T02:19:41Z [1,168ms] [Info] [carb] Initializing plugin: carb.imaging.plugin (interfaces: [carb::imaging::IImaging v2.6]) (impl: carb.imaging.plugin)
2026-08-01T02:19:41Z [1,175ms] [Info] [omni.ext._impl._internal] Searching for classes derived from 'omni.ext.IExt' in 'omni.kit.renderer.bind' ('c:\users\kskzz\miniconda3\envs\env_isaaclab\lib\site-packages\isaacsim\extscache\omni.kit.renderer.core-1.1.0+69cbf6ad.wx64.r.cp311')
2026-08-01T02:19:41Z [1,175ms] [Info] [omni.ext.plugin] [ext: omni.kit.renderer.core-1.1.0] started, startup time: 11 (ms)
2026-08-01T02:19:41Z [1,175ms] [Info] [omni.ext.plugin] About to startup: [ext: omni.kit.usd_undo-0.1.8] (order: 0) Triggered by: omni.graph-1.141.2, omni.usd-1.13.10 (path: c:/users/kskzz/miniconda3/envs/env_isaaclab/lib/site-packages/isaacsim/extscache/omni.kit.usd_undo-0.1.8+69cbf6ad)
2026-08-01T02:19:41Z [1,175ms] [Info] [omni.kit.app.plugin] [1.218s] [ext: omni.kit.usd_undo-0.1.8] startup
2026-08-01T02:19:41Z [1,176ms] [Info] [omni.ext._impl._internal] Searching for classes derived from 'omni.ext.IExt' in 'omni.kit.usd_undo' ('c:\users\kskzz\miniconda3\envs\env_isaaclab\lib\site-packages\isaacsim\extscache\omni.kit.usd_undo-0.1.8+69cbf6ad')
2026-08-01T02:19:41Z [1,176ms] [Info] [omni.ext.plugin] [ext: omni.kit.usd_undo-0.1.8] started, startup time: 1 (ms)
2026-08-01T02:19:41Z [1,176ms] [Info] [omni.ext.plugin] About to startup: [ext: omni.kit.renderer.capture-0.0.0] (order: 0) Triggered by: omni.kit.renderer.imgui-2.0.5, omni.kit.widget.material_preview-1.0.16 (path: c:/users/kskzz/miniconda3/envs/env_isaaclab/lib/site-packages/isaacsim/extscache/omni.kit.renderer.capture-0.0.0+69cbf6ad.wx64.r.cp311)
2026-08-01T02:19:41Z [1,176ms] [Info] [omni.kit.app.plugin] [1.220s] [ext: omni.kit.renderer.capture-0.0.0] startup
2026-08-01T02:19:41Z [1,183ms] [Info] [carb] Registered plugin: omni.renderercapture.plugin (interfaces: [omni::renderercapture::IRendererCapture v1.5]) (impl: omni.renderercapture.plugin)
2026-08-01T02:19:41Z [1,184ms] [Info] [carb] Registered plugin: omni.kit.renderer_capture_test.plugin (interfaces: [omni::kit::renderercapture::IRendererCaptureTest v1.0]) (impl: omni.kit.renderer_capture_test.plugin)
2026-08-01T02:19:41Z [1,188ms] [Info] [gpu.foundation.plugin] CPU performance profile: Balanced
2026-08-01T02:19:41Z [1,189ms] [Info] [omni.ext._impl._internal] Searching for classes derived from 'omni.ext.IExt' in 'omni.kit.renderer.capture' ('c:\users\kskzz\miniconda3\envs\env_isaaclab\lib\site-packages\isaacsim\extscache\omni.kit.renderer.capture-0.0.0+69cbf6ad.wx64.r.cp311')
2026-08-01T02:19:41Z [1,189ms] [Info] [omni.ext._impl._internal] Found class `Extension` derived from `omni.ext.IExt` in module: 'omni.kit.renderer.capture' in 'c:\users\kskzz\miniconda3\envs\env_isaaclab\lib\site-packages\isaacsim\extscache\omni.kit.renderer.capture-0.0.0+69cbf6ad.wx64.r.cp311'. Calling `on_startup`.
2026-08-01T02:19:41Z [1,189ms] [Info] [gpu.foundation.plugin] ECC is disabled on physical device 0
2026-08-01T02:19:41Z [1,189ms] [Info] [carb] Initializing plugin: omni.renderercapture.plugin (interfaces: [omni::renderercapture::IRendererCapture v1.5]) (impl: omni.renderercapture.plugin)
2026-08-01T02:19:41Z [1,189ms] [Info] [gpu.foundation.plugin]  
2026-08-01T02:19:41Z [1,189ms] [Info] [gpu.foundation.plugin] vGPU License Report:
2026-08-01T02:19:41Z [1,189ms] [Info] [gpu.foundation.plugin]  
2026-08-01T02:19:41Z [1,189ms] [Info] [gpu.foundation.plugin]    Physical device 0
2026-08-01T02:19:41Z [1,189ms] [Info] [gpu.foundation.plugin]    GPU virtualization mode: Bare metal
2026-08-01T02:19:41Z [1,189ms] [Info] [gpu.foundation.plugin]    Grid License Supported: False
2026-08-01T02:19:41Z [1,189ms] [Info] [gpu.foundation.plugin]    Number of licenseable features: 0
2026-08-01T02:19:41Z [1,189ms] [Info] [gpu.foundation.plugin]  
2026-08-01T02:19:41Z [1,189ms] [Info] [omni.ext.plugin] [ext: omni.kit.renderer.capture-0.0.0] started, startup time: 12 (ms)
2026-08-01T02:19:41Z [1,189ms] [Info] [omni.ext.plugin] About to startup: [ext: omni.timeline-1.0.14] (order: 0) Triggered by: omni.graph.action_nodes-1.50.4, omni.graph.ui_nodes-1.50.5, omni.isaac.dynamic_control-2.0.7, omni.kit.viewport.window-107.2.0, omni.replicator.core-1.12.27, omni.usd-1.13.10, omni.warp-1.8.2 (path: c:/users/kskzz/miniconda3/envs/env_isaaclab/lib/site-packages/isaacsim/extscache/omni.timeline-1.0.14+69cbf6ad.wx64.r.cp311)
2026-08-01T02:19:41Z [1,189ms] [Info] [omni.kit.app.plugin] [1.233s] [ext: omni.timeline-1.0.14] startup
2026-08-01T02:19:41Z [1,190ms] [Info] [gpu.foundation.plugin] Physical device 0:
2026-08-01T02:19:41Z [1,190ms] [Info] [gpu.foundation.plugin] 	PCIe Link Generation
2026-08-01T02:19:41Z [1,190ms] [Info] [gpu.foundation.plugin] 		Current 4
2026-08-01T02:19:41Z [1,190ms] [Info] [gpu.foundation.plugin] 		Max     4
2026-08-01T02:19:41Z [1,190ms] [Info] [gpu.foundation.plugin] 	PCIe Link Width
2026-08-01T02:19:41Z [1,190ms] [Info] [gpu.foundation.plugin] 		Current 8
2026-08-01T02:19:41Z [1,190ms] [Info] [gpu.foundation.plugin] 		Max     16
2026-08-01T02:19:41Z [1,190ms] [Warning] [gpu.foundation.plugin] PCIe link width current (8) and maximum (16) for device 0 don't match.
2026-08-01T02:19:41Z [1,190ms] [Info] [carb] Initializing plugin: omni.streamingstatus.plugin (interfaces: [omni::IStreamingStatusManager v1.1]) (impl: omni.streamingstatus.plugin)
2026-08-01T02:19:41Z [1,191ms] [Info] [carb] Registered plugin: omni.timeline.plugin (interfaces: [omni::ext::IExt v0.1],[omni::timeline::ITimeline v1.0]) (impl: omni.timeline.plugin)
2026-08-01T02:19:41Z [1,191ms] [Info] [carb] Initializing plugin: omni.timeline.plugin (interfaces: [omni::ext::IExt v0.1],[omni::timeline::ITimeline v1.0]) (impl: omni.timeline.plugin)
2026-08-01T02:19:41Z [1,191ms] [Info] [omni.ext.plugin] [ext: omni.timeline-1.0.14] Starting ext::IExt in 'c:/users/kskzz/miniconda3/envs/env_isaaclab/lib/site-packages/isaacsim/extscache/omni.timeline-1.0.14+69cbf6ad.wx64.r.cp311/bin/omni.timeline.plugin.dll'
2026-08-01T02:19:41Z [1,193ms] [Info] [omni.ext._impl._internal] Searching for classes derived from 'omni.ext.IExt' in 'omni.timeline' ('c:\users\kskzz\miniconda3\envs\env_isaaclab\lib\site-packages\isaacsim\extscache\omni.timeline-1.0.14+69cbf6ad.wx64.r.cp311')
2026-08-01T02:19:41Z [1,193ms] [Info] [omni.ext.plugin] [ext: omni.timeline-1.0.14] started, startup time: 3 (ms)
2026-08-01T02:19:41Z [1,193ms] [Info] [omni.ext.plugin] About to startup: [ext: omni.kit.renderer.imgui-2.0.5] (order: 0) Triggered by: omni.ui-2.27.1 (path: c:/users/kskzz/miniconda3/envs/env_isaaclab/lib/site-packages/isaacsim/extscache/omni.kit.renderer.imgui-2.0.5+69cbf6ad.wx64.r.cp311)
2026-08-01T02:19:41Z [1,193ms] [Info] [omni.kit.app.plugin] [1.237s] [ext: omni.kit.renderer.imgui-2.0.5] startup
2026-08-01T02:19:41Z [1,194ms] [Info] [omni.ext.plugin] Loaded the dynamic library from c:/users/kskzz/miniconda3/envs/env_isaaclab/lib/site-packages/isaacsim/extscache/omni.kit.renderer.imgui-2.0.5+69cbf6ad.wx64.r.cp311/bin/deps/imgui.dll
2026-08-01T02:19:41Z [1,196ms] [Info] [carb] Registered plugin: carb.imgui.plugin (interfaces: [carb::imgui::ImGui v1.0],[carb::imgui::NetImGui v1.0]) (impl: carb.imgui.plugin)
2026-08-01T02:19:41Z [1,197ms] [Info] [carb] Registered plugin: carb.imguizmo.plugin (interfaces: [carb::imguizmo::ImGuizmo v1.0]) (impl: carb.imguizmo.plugin)
2026-08-01T02:19:41Z [1,198ms] [Info] [carb] Registered plugin: omni.ui.windowmanager.plugin (interfaces: [omni::ui::windowmanager::IWindowCallbackManager v0.3]) (impl: omni.ui.windowmanager.plugin)
2026-08-01T02:19:41Z [1,198ms] [Info] [carb] Registered plugin: omni.ui.glyphmanager.plugin (interfaces: [omni::ui::IGlyphManager v1.0]) (impl: omni.ui.glyphmanager.plugin)
2026-08-01T02:19:41Z [1,199ms] [Info] [carb] Registered plugin: carb.svg.plugin (interfaces: [carb::svg::Svg v0.1]) (impl: carb.svg.plugin)
2026-08-01T02:19:41Z [1,200ms] [Info] [carb] Registered plugin: omni.kit.imgui_renderer.ext.plugin (interfaces: [omni::ext::IExt v0.1]) (impl: omni.kit.imgui_renderer.ext.plugin)
2026-08-01T02:19:41Z [1,201ms] [Info] [carb] Registered plugin: omni.kit.imgui_renderer.plugin (interfaces: [omni::kit::renderer::IImGuiRenderer v1.3]) (impl: omni.kit.imgui_renderer.plugin)
2026-08-01T02:19:41Z [1,203ms] [Info] [carb] Registered plugin: omni.kit.imgui_renderer_test.plugin (interfaces: [omni::kit::renderer::IImGuiRendererTest v0.2]) (impl: omni.kit.imgui_renderer_test.plugin)
2026-08-01T02:19:41Z [1,203ms] [Info] [carb] Initializing plugin: omni.kit.imgui_renderer.ext.plugin (interfaces: [omni::ext::IExt v0.1]) (impl: omni.kit.imgui_renderer.ext.plugin)
2026-08-01T02:19:41Z [1,203ms] [Info] [omni.ext.plugin] [ext: omni.kit.renderer.imgui-2.0.5] Starting ext::IExt in 'c:/users/kskzz/miniconda3/envs/env_isaaclab/lib/site-packages/isaacsim/extscache/omni.kit.renderer.imgui-2.0.5+69cbf6ad.wx64.r.cp311/bin/omni.kit.imgui_renderer.ext.plugin.dll'
2026-08-01T02:19:41Z [1,203ms] [Info] [carb] Initializing plugin: omni.kit.imgui_renderer.plugin (interfaces: [omni::kit::renderer::IImGuiRenderer v1.3]) (impl: omni.kit.imgui_renderer.plugin)
2026-08-01T02:19:41Z [1,208ms] [Info] [omni.ext._impl._internal] Searching for classes derived from 'omni.ext.IExt' in 'omni.kit.imgui_renderer' ('c:\users\kskzz\miniconda3\envs\env_isaaclab\lib\site-packages\isaacsim\extscache\omni.kit.renderer.imgui-2.0.5+69cbf6ad.wx64.r.cp311')
2026-08-01T02:19:41Z [1,213ms] [Info] [omni.ext._impl._internal] Searching for classes derived from 'omni.ext.IExt' in 'omni.kit.imgui' ('c:\users\kskzz\miniconda3\envs\env_isaaclab\lib\site-packages\isaacsim\extscache\omni.kit.renderer.imgui-2.0.5+69cbf6ad.wx64.r.cp311')
2026-08-01T02:19:41Z [1,213ms] [Info] [omni.ext.plugin] [ext: omni.kit.renderer.imgui-2.0.5] started, startup time: 19 (ms)
2026-08-01T02:19:41Z [1,213ms] [Info] [omni.ext.plugin] About to startup: [ext: omni.kit.actions.core-1.0.0] (order: 0) Triggered by: omni.kit.commands-1.4.10, omni.kit.hotkeys.core-1.3.10, omni.kit.material.library-2.0.7, omni.kit.menu.utils-2.0.5, omni.kit.primitive.mesh-1.0.17, omni.kit.stage_templates-2.0.0, omni.kit.viewport.window-107.2.0, omni.kit.widget.stage-3.1.4, omni.kit.window.preferences-1.8.0, omni.warp-1.8.2 (path: c:/users/kskzz/miniconda3/envs/env_isaaclab/lib/site-packages/isaacsim/extscache/omni.kit.actions.core-1.0.0+69cbf6ad.wx64.r.cp311)
2026-08-01T02:19:41Z [1,213ms] [Info] [omni.kit.app.plugin] [1.256s] [ext: omni.kit.actions.core-1.0.0] startup
2026-08-01T02:19:41Z [1,215ms] [Info] [carb] Registered plugin: omni.kit.actions.core.plugin (interfaces: [omni::ext::IExt v0.1],[omni::kit::actions::core::IActionRegistry v1.0]) (impl: omni.kit.actions.core.plugin)
2026-08-01T02:19:41Z [1,216ms] [Info] [carb] Plugin gpu.foundation.plugin is already a dependency of carb.ujitsodefault.plugin; not changing unload order
2026-08-01T02:19:41Z [1,216ms] [Info] [carb] Initializing plugin: carb.imgui.plugin (interfaces: [carb::imgui::ImGui v1.0],[carb::imgui::NetImGui v1.0]) (impl: carb.imgui.plugin)
2026-08-01T02:19:41Z [1,216ms] [Info] [carb] Registered plugin: omni.kit.actions.core_tests.plugin (interfaces: [omni::kit::actions::core_tests::IActionTests v1.0]) (impl: omni.kit.actions.core_tests.plugin)
2026-08-01T02:19:41Z [1,216ms] [Info] [carb] Initializing plugin: carb.shadercompiler-slang.plugin (interfaces: [carb::shadercompiler::ShaderCompiler v0.6]) (impl: carb.shadercompiler-slang.plugin)
2026-08-01T02:19:41Z [1,217ms] [Info] [carb] Initializing plugin: omni.kit.actions.core.plugin (interfaces: [omni::ext::IExt v0.1],[omni::kit::actions::core::IActionRegistry v1.0]) (impl: omni.kit.actions.core.plugin)
2026-08-01T02:19:41Z [1,217ms] [Info] [omni.ext.plugin] [ext: omni.kit.actions.core-1.0.0] Starting ext::IExt in 'c:/users/kskzz/miniconda3/envs/env_isaaclab/lib/site-packages/isaacsim/extscache/omni.kit.actions.core-1.0.0+69cbf6ad.wx64.r.cp311/bin/omni.kit.actions.core.plugin.dll'
2026-08-01T02:19:41Z [1,217ms] [Info] [carb.shadercompiler-slang.plugin] Max allowing 3 shader compiler sessions based on 7.6 GB of free system memory.
2026-08-01T02:19:41Z [1,217ms] [Info] [carb] Plugin gpu.foundation.plugin is already a dependency of carb.shadercompiler-slang.plugin; not changing unload order
2026-08-01T02:19:41Z [1,217ms] [Info] [gpu.foundation.plugin] Max ShaderDB concurrency allowed: 15.
2026-08-01T02:19:41Z [1,220ms] [Info] [omni.ext._impl._internal] Searching for classes derived from 'omni.ext.IExt' in 'omni.kit.actions.core' ('c:\users\kskzz\miniconda3\envs\env_isaaclab\lib\site-packages\isaacsim\extscache\omni.kit.actions.core-1.0.0+69cbf6ad.wx64.r.cp311')
2026-08-01T02:19:41Z [1,220ms] [Info] [omni.ext._impl._internal] Found class `ActionsExtension` derived from `omni.ext.IExt` in module: 'omni.kit.actions.core' in 'c:\users\kskzz\miniconda3\envs\env_isaaclab\lib\site-packages\isaacsim\extscache\omni.kit.actions.core-1.0.0+69cbf6ad.wx64.r.cp311'. Calling `on_startup`.
2026-08-01T02:19:41Z [1,221ms] [Info] [gpu.foundation.plugin] Networking disabled.
2026-08-01T02:19:41Z [1,221ms] [Info] [gpu.foundation.plugin] Device 0:
2026-08-01T02:19:41Z [1,221ms] [Info] [gpu.foundation.plugin]  - CUDA device index: 0
2026-08-01T02:19:41Z [1,221ms] [Info] [gpu.foundation.plugin]  - Free BAR1: 27 MB
2026-08-01T02:19:41Z [1,221ms] [Info] [gpu.foundation.plugin] Realm Process 0 of 1 started.
2026-08-01T02:19:41Z [1,221ms] [Info] [carb] Initializing plugin: carb.ujitso.processor.texture.plugin (interfaces: [carb::ujitso::processor::ITextureProcessorLoader v0.1]) (impl: carb.ujitso.processor.texture.plugin)
2026-08-01T02:19:41Z [1,222ms] [Info] [carb.ujitso.processor.texture.plugin] skipping initialization as '/UJITSO/textures'=false
2026-08-01T02:19:41Z [1,230ms] [Info] [omni.ext.plugin] [ext: omni.kit.actions.core-1.0.0] started, startup time: 16 (ms)
2026-08-01T02:19:41Z [1,230ms] [Info] [omni.ext.plugin] About to startup: [ext: omni.ui-2.27.1] (order: 0) Triggered by: omni.graph.ui_nodes-1.50.5, omni.kit.graph.delegate.default-1.2.3, omni.kit.graph.editor.core-1.5.3, omni.kit.graph.usd.commands-1.3.1, omni.kit.hotkeys.core-1.3.10, omni.kit.material.library-2.0.7, omni.kit.menu.core-1.1.2, omni.kit.menu.utils-2.0.5, omni.kit.notification_manager-1.0.10, omni.kit.viewport.registry-104.0.6, omni.kit.viewport.window-107.2.0, omni.kit.widget.browser_bar-2.0.10, omni.kit.widget.context_menu-1.2.5, omni.kit.widget.filebrowser-2.12.3, omni.kit.widget.filter-1.1.4, omni.kit.widget.graph-2.0.0, omni.kit.widget.material_preview-1.0.16, omni.kit.widget.nucleus_connector-2.0.1, omni.kit.widget.options_button-1.0.3, omni.kit.widget.options_menu-1.1.6, omni.kit.widget.path_field-2.0.11, omni.kit.widget.searchfield-1.1.8, omni.kit.widget.settings-1.2.6, omni.kit.widget.stage-3.1.4, omni.kit.widget.viewport-107.1.3, omni.kit.window.file_exporter-1.0.33, omni.kit.window.filepicker-2.13.4, omni.kit.window.material_graph-1.9.1, omni.kit.window.popup_dialog-2.0.24, omni.kit.window.preferences-1.8.0, omni.syntheticdata-0.6.13, omni.ui.scene-1.11.5,  (path: c:/users/kskzz/miniconda3/envs/env_isaaclab/lib/site-packages/isaacsim/extscache/omni.ui-2.27.1+69cbf6ad.wx64.r.cp311)
2026-08-01T02:19:41Z [1,230ms] [Info] [omni.kit.app.plugin] [1.273s] [ext: omni.ui-2.27.1] startup
2026-08-01T02:19:41Z [1,232ms] [Info] [carb] Registered plugin: omni.ui (interfaces: [omni::ext::IExt v0.1]) (impl: omni.ui)
2026-08-01T02:19:41Z [1,232ms] [Info] [carb] Initializing plugin: omni.ui (interfaces: [omni::ext::IExt v0.1]) (impl: omni.ui)
2026-08-01T02:19:41Z [1,232ms] [Info] [omni.ext.plugin] [ext: omni.ui-2.27.1] Starting ext::IExt in 'c:/users/kskzz/miniconda3/envs/env_isaaclab/lib/site-packages/isaacsim/extscache/omni.ui-2.27.1+69cbf6ad.wx64.r.cp311/bin/omni.ui.dll'
2026-08-01T02:19:41Z [1,247ms] [Info] [omni.ext._impl._internal] Searching for classes derived from 'omni.ext.IExt' in 'omni.ui' ('c:\users\kskzz\miniconda3\envs\env_isaaclab\lib\site-packages\isaacsim\extscache\omni.ui-2.27.1+69cbf6ad.wx64.r.cp311')
2026-08-01T02:19:41Z [1,248ms] [Info] [omni.ext._impl._internal] Found class `UIPreferencesExtension` derived from `omni.ext.IExt` in module: 'omni.ui' in 'c:\users\kskzz\miniconda3\envs\env_isaaclab\lib\site-packages\isaacsim\extscache\omni.ui-2.27.1+69cbf6ad.wx64.r.cp311'. Calling `on_startup`.
2026-08-01T02:19:41Z [1,248ms] [Info] [omni.ext.plugin] [ext: omni.ui-2.27.1] started, startup time: 17 (ms)
2026-08-01T02:19:41Z [1,248ms] [Info] [omni.ext.plugin] About to startup: [ext: omni.kit.commands-1.4.10] (order: 0) Triggered by: omni.graph-1.141.2, omni.graph.action_nodes-1.50.4, omni.graph.nodes-1.170.10, omni.graph.ui_nodes-1.50.5, omni.isaac.dynamic_control-2.0.7, omni.kit.graph.usd.commands-1.3.1, omni.kit.material.library-2.0.7, omni.kit.primitive.mesh-1.0.17, omni.kit.stage_templates-2.0.0, omni.kit.usd.layers-2.2.11, omni.kit.widget.graph-2.0.0, omni.kit.widget.settings-1.2.6, omni.kit.window.material_graph-1.9.1, omni.syntheticdata-0.6.13, omni.usd-1.13.10 (path: c:/users/kskzz/miniconda3/envs/env_isaaclab/lib/site-packages/isaacsim/extscache/omni.kit.commands-1.4.10+69cbf6ad.wx64.r.cp311)
2026-08-01T02:19:41Z [1,248ms] [Info] [omni.kit.app.plugin] [1.291s] [ext: omni.kit.commands-1.4.10] startup
2026-08-01T02:19:41Z [1,249ms] [Info] [carb] Registered plugin: omni.kit.commands.plugin (interfaces: [omni::kit::commands::ICommandBridge v1.0]) (impl: omni.kit.commands.plugin)
2026-08-01T02:19:41Z [1,250ms] [Info] [carb] Registered plugin: omni.kit.command_tests.plugin (interfaces: [omni::kit::command_tests::ICommandTests v1.0]) (impl: omni.kit.command_tests.plugin)
2026-08-01T02:19:41Z [1,257ms] [Info] [omni.ext._impl._internal] Searching for classes derived from 'omni.ext.IExt' in 'omni.kit.undo' ('c:\users\kskzz\miniconda3\envs\env_isaaclab\lib\site-packages\isaacsim\extscache\omni.kit.commands-1.4.10+69cbf6ad.wx64.r.cp311')
2026-08-01T02:19:41Z [1,257ms] [Info] [omni.ext._impl._internal] Searching for classes derived from 'omni.ext.IExt' in 'omni.kit.commands' ('c:\users\kskzz\miniconda3\envs\env_isaaclab\lib\site-packages\isaacsim\extscache\omni.kit.commands-1.4.10+69cbf6ad.wx64.r.cp311')
2026-08-01T02:19:41Z [1,258ms] [Info] [omni.ext._impl._internal] Found class `CommandExt` derived from `omni.ext.IExt` in module: 'omni.kit.commands' in 'c:\users\kskzz\miniconda3\envs\env_isaaclab\lib\site-packages\isaacsim\extscache\omni.kit.commands-1.4.10+69cbf6ad.wx64.r.cp311'. Calling `on_startup`.
2026-08-01T02:19:41Z [1,258ms] [Info] [carb] Initializing plugin: omni.kit.commands.plugin (interfaces: [omni::kit::commands::ICommandBridge v1.0]) (impl: omni.kit.commands.plugin)
2026-08-01T02:19:41Z [1,259ms] [Info] [omni.ext._impl._internal] Searching for classes derived from 'omni.ext.IExt' in 'omni.kit.commands.builtin' ('c:\users\kskzz\miniconda3\envs\env_isaaclab\lib\site-packages\isaacsim\extscache\omni.kit.commands-1.4.10+69cbf6ad.wx64.r.cp311')
2026-08-01T02:19:41Z [1,259ms] [Info] [omni.ext.plugin] [ext: omni.kit.commands-1.4.10] started, startup time: 11 (ms)
2026-08-01T02:19:41Z [1,259ms] [Info] [omni.ext.plugin] About to startup: [ext: omni.hydra.rtx.shadercache.vulkan-1.0.0] (order: 0) Triggered by: omni.hydra.rtx-1.0.0 (path: c:/users/kskzz/miniconda3/envs/env_isaaclab/lib/site-packages/isaacsim/extscache/omni.hydra.rtx.shadercache.vulkan-1.0.0+69cbf6ad.wx64.r)
2026-08-01T02:19:41Z [1,259ms] [Info] [omni.kit.app.plugin] [1.302s] [ext: omni.hydra.rtx.shadercache.vulkan-1.0.0] startup
2026-08-01T02:19:41Z [1,262ms] [Info] [omni.ext._impl._internal] Searching for classes derived from 'omni.ext.IExt' in 'omni.hydra.rtx.shadercache.vulkan' ('c:\users\kskzz\miniconda3\envs\env_isaaclab\lib\site-packages\isaacsim\extscache\omni.hydra.rtx.shadercache.vulkan-1.0.0+69cbf6ad.wx64.r')
2026-08-01T02:19:41Z [1,262ms] [Info] [omni.ext._impl._internal] Found class `ShaderCacheExt` derived from `omni.ext.IExt` in module: 'omni.hydra.rtx.shadercache.vulkan' in 'c:\users\kskzz\miniconda3\envs\env_isaaclab\lib\site-packages\isaacsim\extscache\omni.hydra.rtx.shadercache.vulkan-1.0.0+69cbf6ad.wx64.r'. Calling `on_startup`.
2026-08-01T02:19:41Z [1,262ms] [Info] [omni.gpu_foundation_factory.impl.foundation_extension] appShaderCachePathList: c:/users/kskzz/miniconda3/envs/env_isaaclab/lib/site-packages/isaacsim/extscache/omni.gpu_foundation.shadercache.vulkan-1.0.0+69cbf6ad.wx64.r/cache/shadercache, c:/users/kskzz/miniconda3/envs/env_isaaclab/lib/site-packages/isaacsim/extscache/omni.hydra.rtx.shadercache.vulkan-1.0.0+69cbf6ad.wx64.r/cache/shadercache
2026-08-01T02:19:41Z [1,262ms] [Info] [omni.ext.plugin] [ext: omni.hydra.rtx.shadercache.vulkan-1.0.0] started, startup time: 3 (ms)
2026-08-01T02:19:41Z [1,262ms] [Info] [omni.ext.plugin] About to startup: [ext: omni.kit.widget.graph-2.0.0] (order: 0) Triggered by: omni.kit.graph.delegate.default-1.2.3, omni.kit.graph.editor.core-1.5.3, omni.kit.window.material_graph-1.9.1 (path: c:/users/kskzz/miniconda3/envs/env_isaaclab/lib/site-packages/isaacsim/extscache/omni.kit.widget.graph-2.0.0+69cbf6ad)
2026-08-01T02:19:41Z [1,262ms] [Info] [omni.kit.app.plugin] [1.305s] [ext: omni.kit.widget.graph-2.0.0] startup
2026-08-01T02:19:41Z [1,280ms] [Info] [omni.ext._impl._internal] Searching for classes derived from 'omni.ext.IExt' in 'omni.kit.widget.graph' ('c:\users\kskzz\miniconda3\envs\env_isaaclab\lib\site-packages\isaacsim\extscache\omni.kit.widget.graph-2.0.0+69cbf6ad')
2026-08-01T02:19:41Z [1,280ms] [Info] [omni.ext.plugin] [ext: omni.kit.widget.graph-2.0.0] started, startup time: 17 (ms)
2026-08-01T02:19:41Z [1,280ms] [Info] [omni.ext.plugin] About to startup: [ext: omni.activity.core-1.0.3] (order: 0) Triggered by: omni.hydra.usdrt_delegate-7.5.1, omni.kit.widget.stage-3.1.4,  (path: c:/users/kskzz/miniconda3/envs/env_isaaclab/lib/site-packages/isaacsim/extscache/omni.activity.core-1.0.3+69cbf6ad.wx64.r.cp311)
2026-08-01T02:19:41Z [1,280ms] [Info] [omni.kit.app.plugin] [1.323s] [ext: omni.activity.core-1.0.3] startup
2026-08-01T02:19:41Z [1,284ms] [Info] [omni.ext._impl._internal] Searching for classes derived from 'omni.ext.IExt' in 'omni.activity.core' ('c:\users\kskzz\miniconda3\envs\env_isaaclab\lib\site-packages\isaacsim\extscache\omni.activity.core-1.0.3+69cbf6ad.wx64.r.cp311')
2026-08-01T02:19:41Z [1,284ms] [Info] [omni.ext.plugin] [ext: omni.activity.core-1.0.3] started, startup time: 4 (ms)
2026-08-01T02:19:41Z [1,284ms] [Info] [omni.ext.plugin] About to startup: [ext: omni.kit.graph.delegate.default-1.2.3] (order: 0) Triggered by: omni.kit.graph.editor.core-1.5.3, omni.kit.window.material_graph-1.9.1 (path: c:/users/kskzz/miniconda3/envs/env_isaaclab/lib/site-packages/isaacsim/extscache/omni.kit.graph.delegate.default-1.2.3)
2026-08-01T02:19:41Z [1,284ms] [Info] [omni.kit.app.plugin] [1.327s] [ext: omni.kit.graph.delegate.default-1.2.3] startup
2026-08-01T02:19:41Z [1,286ms] [Info] [omni.ext._impl._internal] Searching for classes derived from 'omni.ext.IExt' in 'omni.kit.graph.delegate.default' ('c:\users\kskzz\miniconda3\envs\env_isaaclab\lib\site-packages\isaacsim\extscache\omni.kit.graph.delegate.default-1.2.3')
2026-08-01T02:19:41Z [1,286ms] [Info] [omni.ext.plugin] [ext: omni.kit.graph.delegate.default-1.2.3] started, startup time: 1 (ms)
2026-08-01T02:19:41Z [1,286ms] [Info] [omni.ext.plugin] About to startup: [ext: omni.index.libs-380600.8087.0] (order: 0) Triggered by: omni.index-1.0.1 (path: c:/users/kskzz/miniconda3/envs/env_isaaclab/lib/site-packages/isaacsim/extscache/omni.index.libs-380600.8087.0+69cbf6ad.wx64.r)
2026-08-01T02:19:41Z [1,286ms] [Info] [omni.kit.app.plugin] [1.329s] [ext: omni.index.libs-380600.8087.0] startup
2026-08-01T02:19:41Z [1,286ms] [Info] [omni.ext.plugin] [ext: omni.index.libs-380600.8087.0] started, startup time: 0 (ms)
2026-08-01T02:19:41Z [1,286ms] [Info] [omni.ext.plugin] About to startup: [ext: omni.kit.widget.searchfield-1.1.8] (order: 0) Triggered by: omni.kit.graph.editor.core-1.5.3, omni.kit.widget.stage-3.1.4,  (path: c:/users/kskzz/miniconda3/envs/env_isaaclab/lib/site-packages/isaacsim/extscache/omni.kit.widget.searchfield-1.1.8+69cbf6ad)
2026-08-01T02:19:41Z [1,286ms] [Info] [omni.kit.app.plugin] [1.329s] [ext: omni.kit.widget.searchfield-1.1.8] startup
2026-08-01T02:19:41Z [1,289ms] [Info] [omni.ext._impl._internal] Searching for classes derived from 'omni.ext.IExt' in 'omni.kit.widget.searchfield' ('c:\users\kskzz\miniconda3\envs\env_isaaclab\lib\site-packages\isaacsim\extscache\omni.kit.widget.searchfield-1.1.8+69cbf6ad')
2026-08-01T02:19:41Z [1,289ms] [Info] [omni.ext.plugin] [ext: omni.kit.widget.searchfield-1.1.8] started, startup time: 3 (ms)
2026-08-01T02:19:41Z [1,289ms] [Info] [omni.ext.plugin] About to startup: [ext: omni.resourcemonitor-107.0.1] (order: 0) Triggered by: omni.hydra.usdrt_delegate-7.5.1 (path: c:/users/kskzz/miniconda3/envs/env_isaaclab/lib/site-packages/isaacsim/extscache/omni.resourcemonitor-107.0.1+69cbf6ad.wx64.r.cp311)
2026-08-01T02:19:41Z [1,289ms] [Info] [omni.kit.app.plugin] [1.333s] [ext: omni.resourcemonitor-107.0.1] startup
2026-08-01T02:19:41Z [1,291ms] [Info] [carb] Registered plugin: omni.resourcemonitor.plugin (interfaces: [omni::resourcemonitor::IResourceMonitor v1.0]) (impl: omni.resourcemonitor.plugin)
2026-08-01T02:19:41Z [1,294ms] [Info] [omni.ext._impl._internal] Searching for classes derived from 'omni.ext.IExt' in 'omni.resourcemonitor' ('c:\users\kskzz\miniconda3\envs\env_isaaclab\lib\site-packages\isaacsim\extscache\omni.resourcemonitor-107.0.1+69cbf6ad.wx64.r.cp311')
2026-08-01T02:19:41Z [1,294ms] [Info] [omni.ext._impl._internal] Found class `PublicExtension` derived from `omni.ext.IExt` in module: 'omni.resourcemonitor' in 'c:\users\kskzz\miniconda3\envs\env_isaaclab\lib\site-packages\isaacsim\extscache\omni.resourcemonitor-107.0.1+69cbf6ad.wx64.r.cp311'. Calling `on_startup`.
2026-08-01T02:19:41Z [1,294ms] [Info] [carb] Initializing plugin: omni.resourcemonitor.plugin (interfaces: [omni::resourcemonitor::IResourceMonitor v1.0]) (impl: omni.resourcemonitor.plugin)
2026-08-01T02:19:41Z [1,295ms] [Info] [omni.ext._impl._internal] Searching for classes derived from 'omni.ext.IExt' in 'omni.resourcemonitor.tests' ('c:\users\kskzz\miniconda3\envs\env_isaaclab\lib\site-packages\isaacsim\extscache\omni.resourcemonitor-107.0.1+69cbf6ad.wx64.r.cp311')
2026-08-01T02:19:41Z [1,295ms] [Info] [omni.ext.plugin] [ext: omni.resourcemonitor-107.0.1] started, startup time: 5 (ms)
2026-08-01T02:19:41Z [1,295ms] [Info] [omni.ext.plugin] About to startup: [ext: usdrt.scenegraph-7.6.1] (order: 0) Triggered by: isaaclab.python.headless-2.3.2, omni.graph-1.141.2, omni.graph.core-2.184.5, omni.graph.nodes-1.170.10, omni.hydra.usdrt_delegate-7.5.1, omni.physx-107.3.26, omni.physx.fabric-107.3.26, omni.warp-1.8.2 (path: c:/users/kskzz/miniconda3/envs/env_isaaclab/lib/site-packages/isaacsim/extscache/usdrt.scenegraph-7.6.1+69cbf6ad.wx64.r.cp311)
2026-08-01T02:19:41Z [1,295ms] [Info] [omni.kit.app.plugin] [1.338s] [ext: usdrt.scenegraph-7.6.1] startup
2026-08-01T02:19:41Z [1,305ms] [Info] [omni.ext._impl._internal] Searching for classes derived from 'omni.ext.IExt' in 'usdrt.helpers' ('c:\users\kskzz\miniconda3\envs\env_isaaclab\lib\site-packages\isaacsim\extscache\usdrt.scenegraph-7.6.1+69cbf6ad.wx64.r.cp311')
2026-08-01T02:19:41Z [1,315ms] [Info] [omni.ext._impl._internal] Searching for classes derived from 'omni.ext.IExt' in 'usdrt.Gf' ('c:\users\kskzz\miniconda3\envs\env_isaaclab\lib\site-packages\isaacsim\extscache\usdrt.scenegraph-7.6.1+69cbf6ad.wx64.r.cp311')
2026-08-01T02:19:41Z [1,320ms] [Info] [omni.ext._impl._internal] Searching for classes derived from 'omni.ext.IExt' in 'usdrt.Vt' ('c:\users\kskzz\miniconda3\envs\env_isaaclab\lib\site-packages\isaacsim\extscache\usdrt.scenegraph-7.6.1+69cbf6ad.wx64.r.cp311')
2026-08-01T02:19:41Z [1,323ms] [Info] [omni.ext._impl._internal] Searching for classes derived from 'omni.ext.IExt' in 'usdrt.Sdf' ('c:\users\kskzz\miniconda3\envs\env_isaaclab\lib\site-packages\isaacsim\extscache\usdrt.scenegraph-7.6.1+69cbf6ad.wx64.r.cp311')
2026-08-01T02:19:41Z [1,327ms] [Info] [omni.ext._impl._internal] Searching for classes derived from 'omni.ext.IExt' in 'usdrt.Usd' ('c:\users\kskzz\miniconda3\envs\env_isaaclab\lib\site-packages\isaacsim\extscache\usdrt.scenegraph-7.6.1+69cbf6ad.wx64.r.cp311')
2026-08-01T02:19:41Z [1,332ms] [Info] [omni.ext._impl._internal] Searching for classes derived from 'omni.ext.IExt' in 'usdrt.UsdGeom' ('c:\users\kskzz\miniconda3\envs\env_isaaclab\lib\site-packages\isaacsim\extscache\usdrt.scenegraph-7.6.1+69cbf6ad.wx64.r.cp311')
2026-08-01T02:19:41Z [1,334ms] [Info] [omni.ext._impl._internal] Searching for classes derived from 'omni.ext.IExt' in 'usdrt.Rt' ('c:\users\kskzz\miniconda3\envs\env_isaaclab\lib\site-packages\isaacsim\extscache\usdrt.scenegraph-7.6.1+69cbf6ad.wx64.r.cp311')
2026-08-01T02:19:41Z [1,337ms] [Info] [omni.ext._impl._internal] Searching for classes derived from 'omni.ext.IExt' in 'usdrt.UsdPhysics' ('c:\users\kskzz\miniconda3\envs\env_isaaclab\lib\site-packages\isaacsim\extscache\usdrt.scenegraph-7.6.1+69cbf6ad.wx64.r.cp311')
2026-08-01T02:19:41Z [1,347ms] [Info] [omni.ext._impl._internal] Searching for classes derived from 'omni.ext.IExt' in 'usdrt.PhysxSchema' ('c:\users\kskzz\miniconda3\envs\env_isaaclab\lib\site-packages\isaacsim\extscache\usdrt.scenegraph-7.6.1+69cbf6ad.wx64.r.cp311')
2026-08-01T02:19:41Z [1,350ms] [Info] [omni.ext._impl._internal] Searching for classes derived from 'omni.ext.IExt' in 'usdrt.ForceFieldSchema' ('c:\users\kskzz\miniconda3\envs\env_isaaclab\lib\site-packages\isaacsim\extscache\usdrt.scenegraph-7.6.1+69cbf6ad.wx64.r.cp311')
2026-08-01T02:19:41Z [1,353ms] [Info] [omni.ext._impl._internal] Searching for classes derived from 'omni.ext.IExt' in 'usdrt.UsdLux' ('c:\users\kskzz\miniconda3\envs\env_isaaclab\lib\site-packages\isaacsim\extscache\usdrt.scenegraph-7.6.1+69cbf6ad.wx64.r.cp311')
2026-08-01T02:19:41Z [1,355ms] [Info] [omni.ext._impl._internal] Searching for classes derived from 'omni.ext.IExt' in 'usdrt.UsdMedia' ('c:\users\kskzz\miniconda3\envs\env_isaaclab\lib\site-packages\isaacsim\extscache\usdrt.scenegraph-7.6.1+69cbf6ad.wx64.r.cp311')
2026-08-01T02:19:41Z [1,357ms] [Info] [omni.ext._impl._internal] Searching for classes derived from 'omni.ext.IExt' in 'usdrt.UsdRender' ('c:\users\kskzz\miniconda3\envs\env_isaaclab\lib\site-packages\isaacsim\extscache\usdrt.scenegraph-7.6.1+69cbf6ad.wx64.r.cp311')
2026-08-01T02:19:41Z [1,361ms] [Info] [omni.ext._impl._internal] Searching for classes derived from 'omni.ext.IExt' in 'usdrt.UsdShade' ('c:\users\kskzz\miniconda3\envs\env_isaaclab\lib\site-packages\isaacsim\extscache\usdrt.scenegraph-7.6.1+69cbf6ad.wx64.r.cp311')
2026-08-01T02:19:41Z [1,363ms] [Info] [omni.ext._impl._internal] Searching for classes derived from 'omni.ext.IExt' in 'usdrt.UsdSkel' ('c:\users\kskzz\miniconda3\envs\env_isaaclab\lib\site-packages\isaacsim\extscache\usdrt.scenegraph-7.6.1+69cbf6ad.wx64.r.cp311')
2026-08-01T02:19:41Z [1,365ms] [Info] [omni.ext._impl._internal] Searching for classes derived from 'omni.ext.IExt' in 'usdrt.UsdUI' ('c:\users\kskzz\miniconda3\envs\env_isaaclab\lib\site-packages\isaacsim\extscache\usdrt.scenegraph-7.6.1+69cbf6ad.wx64.r.cp311')
2026-08-01T02:19:41Z [1,367ms] [Info] [omni.ext._impl._internal] Searching for classes derived from 'omni.ext.IExt' in 'usdrt.UsdVol' ('c:\users\kskzz\miniconda3\envs\env_isaaclab\lib\site-packages\isaacsim\extscache\usdrt.scenegraph-7.6.1+69cbf6ad.wx64.r.cp311')
2026-08-01T02:19:41Z [1,368ms] [Info] [omni.ext._impl._internal] Searching for classes derived from 'omni.ext.IExt' in 'usdrt.xformcache' ('c:\users\kskzz\miniconda3\envs\env_isaaclab\lib\site-packages\isaacsim\extscache\usdrt.scenegraph-7.6.1+69cbf6ad.wx64.r.cp311')
2026-08-01T02:19:41Z [1,368ms] [Info] [omni.ext._impl._internal] Searching for classes derived from 'omni.ext.IExt' in 'usdrt.internal' ('c:\users\kskzz\miniconda3\envs\env_isaaclab\lib\site-packages\isaacsim\extscache\usdrt.scenegraph-7.6.1+69cbf6ad.wx64.r.cp311')
2026-08-01T02:19:41Z [1,368ms] [Info] [omni.ext.plugin] [ext: usdrt.scenegraph-7.6.1] started, startup time: 73 (ms)
2026-08-01T02:19:41Z [1,368ms] [Info] [omni.ext.plugin] About to startup: [ext: omni.index-1.0.1] (order: 0) Triggered by: omni.hydra.rtx-1.0.0 (path: c:/users/kskzz/miniconda3/envs/env_isaaclab/lib/site-packages/isaacsim/extscache/omni.index-1.0.1+69cbf6ad.wx64.r)
2026-08-01T02:19:41Z [1,368ms] [Info] [omni.kit.app.plugin] [1.412s] [ext: omni.index-1.0.1] startup
2026-08-01T02:19:41Z [1,370ms] [Info] [carb] Registered plugin: rtx.indexlib.plugin (interfaces: [rtx::index::IndexInstance v0.1]) (impl: rtx.indexlib.plugin)
2026-08-01T02:19:41Z [1,370ms] [Info] [omni.ext.plugin] [ext: omni.index-1.0.1] started, startup time: 1 (ms)
2026-08-01T02:19:41Z [1,370ms] [Info] [omni.ext.plugin] About to startup: [ext: omni.kit.graph.editor.core-1.5.3] (order: 0) Triggered by: omni.kit.window.material_graph-1.9.1 (path: c:/users/kskzz/miniconda3/envs/env_isaaclab/lib/site-packages/isaacsim/extscache/omni.kit.graph.editor.core-1.5.3)
2026-08-01T02:19:41Z [1,370ms] [Info] [omni.kit.app.plugin] [1.413s] [ext: omni.kit.graph.editor.core-1.5.3] startup
2026-08-01T02:19:41Z [1,377ms] [Info] [omni.ext._impl._internal] Searching for classes derived from 'omni.ext.IExt' in 'omni.kit.graph.editor.core' ('c:\users\kskzz\miniconda3\envs\env_isaaclab\lib\site-packages\isaacsim\extscache\omni.kit.graph.editor.core-1.5.3')
2026-08-01T02:19:41Z [1,377ms] [Info] [omni.ext.plugin] [ext: omni.kit.graph.editor.core-1.5.3] started, startup time: 6 (ms)
2026-08-01T02:19:41Z [1,377ms] [Info] [omni.ext.plugin] About to startup: [ext: omni.kit.window.popup_dialog-2.0.24] (order: 0) Triggered by: omni.kit.widget.nucleus_connector-2.0.1, omni.kit.window.filepicker-2.13.4, omni.kit.window.preferences-1.8.0 (path: c:/users/kskzz/miniconda3/envs/env_isaaclab/lib/site-packages/isaacsim/extscache/omni.kit.window.popup_dialog-2.0.24+69cbf6ad)
2026-08-01T02:19:41Z [1,377ms] [Info] [omni.kit.app.plugin] [1.420s] [ext: omni.kit.window.popup_dialog-2.0.24] startup
2026-08-01T02:19:41Z [1,382ms] [Info] [omni.ext._impl._internal] Searching for classes derived from 'omni.ext.IExt' in 'omni.kit.window.popup_dialog' ('c:\users\kskzz\miniconda3\envs\env_isaaclab\lib\site-packages\isaacsim\extscache\omni.kit.window.popup_dialog-2.0.24+69cbf6ad')
2026-08-01T02:19:41Z [1,382ms] [Info] [omni.ext.plugin] [ext: omni.kit.window.popup_dialog-2.0.24] started, startup time: 4 (ms)
2026-08-01T02:19:41Z [1,382ms] [Info] [omni.ext.plugin] About to startup: [ext: omni.graph.exec-0.9.6] (order: 0) Triggered by: omni.graph.image.core-0.6.1, omni.kit.exec.core-0.13.4 (path: c:/users/kskzz/miniconda3/envs/env_isaaclab/lib/site-packages/isaacsim/extscache/omni.graph.exec-0.9.6+69cbf6ad.wx64.r)
2026-08-01T02:19:41Z [1,382ms] [Info] [omni.kit.app.plugin] [1.425s] [ext: omni.graph.exec-0.9.6] startup
2026-08-01T02:19:41Z [1,383ms] [Info] [omni.graph.exec.unstable.passRegistry] IPassRegistry::registerPass: registered PassStronglyConnectedComponents as pass id 1
2026-08-01T02:19:41Z [1,383ms] [Info] [omni.ext.plugin] [ext: omni.graph.exec-0.9.6] started, startup time: 1 (ms)
2026-08-01T02:19:41Z [1,383ms] [Info] [omni.ext.plugin] About to startup: [ext: carb.audio-0.1.0] (order: 0) Triggered by: omni.graph.nodes-1.170.10, omni.kit.audiodeviceenum-1.0.2, omni.usd-1.13.10 (path: c:/users/kskzz/miniconda3/envs/env_isaaclab/lib/site-packages/isaacsim/extscache/carb.audio-0.1.0+69cbf6ad.wx64.r.cp311)
2026-08-01T02:19:41Z [1,383ms] [Info] [omni.kit.app.plugin] [1.427s] [ext: carb.audio-0.1.0] startup
2026-08-01T02:19:41Z [1,384ms] [Info] [carb] Registered plugin: carb.audio-forge.plugin (interfaces: [carb::audio::IAudioCapture v1.0],[carb::audio::IAudioData v1.0],[carb::audio::IAudioDevice v1.1],[carb::audio::IAudioGroup v1.0],[carb::audio::IAudioPlayback v1.1],[carb::audio::IAudioUtils v1.0],[omni::audio::IAudioCapture v0.0]) (impl: carb.audio-forge.plugin)
2026-08-01T02:19:41Z [1,385ms] [Info] [omni.ext.plugin] [ext: carb.audio-0.1.0] started, startup time: 1 (ms)
2026-08-01T02:19:41Z [1,385ms] [Info] [omni.ext.plugin] About to startup: [ext: omni.hydra.usdrt_delegate-7.5.1] (order: 0) Triggered by: isaacsim.core.api-4.8.0, omni.replicator.core-1.12.27,  (path: c:/users/kskzz/miniconda3/envs/env_isaaclab/lib/site-packages/isaacsim/extscache/omni.hydra.usdrt_delegate-7.5.1+69cbf6ad.wx64.r.cp311)
2026-08-01T02:19:41Z [1,385ms] [Info] [omni.kit.app.plugin] [1.428s] [ext: omni.hydra.usdrt_delegate-7.5.1] startup
2026-08-01T02:19:41Z [1,392ms] [Info] [carb] Registered plugin: omni.hydra.usdrt_delegate.plugin (interfaces: [omni::hydra::usdrt::ISceneDelegateFactory v0.1]) (impl: omni.hydra.usdrt_delegate.plugin)
2026-08-01T02:19:41Z [1,395ms] [Info] [omni.ext._impl._internal] Searching for classes derived from 'omni.ext.IExt' in 'usdrt.population' ('c:\users\kskzz\miniconda3\envs\env_isaaclab\lib\site-packages\isaacsim\extscache\omni.hydra.usdrt_delegate-7.5.1+69cbf6ad.wx64.r.cp311')
2026-08-01T02:19:41Z [1,397ms] [Info] [omni.ext._impl._internal] Searching for classes derived from 'omni.ext.IExt' in 'usdrt.hierarchy' ('c:\users\kskzz\miniconda3\envs\env_isaaclab\lib\site-packages\isaacsim\extscache\omni.hydra.usdrt_delegate-7.5.1+69cbf6ad.wx64.r.cp311')
2026-08-01T02:19:41Z [1,397ms] [Info] [omni.ext.plugin] [ext: omni.hydra.usdrt_delegate-7.5.1] started, startup time: 12 (ms)
2026-08-01T02:19:41Z [1,397ms] [Info] [omni.ext.plugin] About to startup: [ext: omni.kit.widget.nucleus_connector-2.0.1] (order: 0) Triggered by: omni.kit.window.filepicker-2.13.4,  (path: c:/users/kskzz/miniconda3/envs/env_isaaclab/lib/site-packages/isaacsim/extscache/omni.kit.widget.nucleus_connector-2.0.1+69cbf6ad)
2026-08-01T02:19:41Z [1,397ms] [Info] [omni.kit.app.plugin] [1.440s] [ext: omni.kit.widget.nucleus_connector-2.0.1] startup
2026-08-01T02:19:41Z [1,402ms] [Info] [omni.ext._impl._internal] Searching for classes derived from 'omni.ext.IExt' in 'omni.kit.widget.nucleus_connector' ('c:\users\kskzz\miniconda3\envs\env_isaaclab\lib\site-packages\isaacsim\extscache\omni.kit.widget.nucleus_connector-2.0.1+69cbf6ad')
2026-08-01T02:19:41Z [1,402ms] [Info] [omni.ext._impl._internal] Found class `NucleusConnectorExtension` derived from `omni.ext.IExt` in module: 'omni.kit.widget.nucleus_connector' in 'c:\users\kskzz\miniconda3\envs\env_isaaclab\lib\site-packages\isaacsim\extscache\omni.kit.widget.nucleus_connector-2.0.1+69cbf6ad'. Calling `on_startup`.
2026-08-01T02:19:41Z [1,402ms] [Info] [omni.ext.plugin] [ext: omni.kit.widget.nucleus_connector-2.0.1] started, startup time: 5 (ms)
2026-08-01T02:19:41Z [1,402ms] [Info] [omni.ext.plugin] About to startup: [ext: omni.kit.exec.core-0.13.4] (order: 0) Triggered by: omni.graph.core-2.184.5, omni.graph.image.core-0.6.1, omni.usd-1.13.10 (path: c:/users/kskzz/miniconda3/envs/env_isaaclab/lib/site-packages/isaacsim/extscache/omni.kit.exec.core-0.13.4+69cbf6ad.wx64.r.cp311)
2026-08-01T02:19:41Z [1,402ms] [Info] [omni.kit.app.plugin] [1.445s] [ext: omni.kit.exec.core-0.13.4] startup
2026-08-01T02:19:41Z [1,407ms] [Info] [omni.ext._impl._internal] Searching for classes derived from 'omni.ext.IExt' in 'omni.kit.exec.core.unstable' ('c:\users\kskzz\miniconda3\envs\env_isaaclab\lib\site-packages\isaacsim\extscache\omni.kit.exec.core-0.13.4+69cbf6ad.wx64.r.cp311')
2026-08-01T02:19:41Z [1,407ms] [Info] [omni.ext._impl._internal] Found class `_PublicExtension` derived from `omni.ext.IExt` in module: 'omni.kit.exec.core.unstable' in 'c:\users\kskzz\miniconda3\envs\env_isaaclab\lib\site-packages\isaacsim\extscache\omni.kit.exec.core-0.13.4+69cbf6ad.wx64.r.cp311'. Calling `on_startup`.
2026-08-01T02:19:41Z [1,407ms] [Info] [omni.ext.plugin] [ext: omni.kit.exec.core-0.13.4] started, startup time: 5 (ms)
2026-08-01T02:19:41Z [1,407ms] [Info] [omni.ext.plugin] About to startup: [ext: omni.kit.audiodeviceenum-1.0.2] (order: 0) Triggered by: omni.usd-1.13.10 (path: c:/users/kskzz/miniconda3/envs/env_isaaclab/lib/site-packages/isaacsim/extscache/omni.kit.audiodeviceenum-1.0.2+69cbf6ad.wx64.r.cp311)
2026-08-01T02:19:41Z [1,407ms] [Info] [omni.kit.app.plugin] [1.451s] [ext: omni.kit.audiodeviceenum-1.0.2] startup
2026-08-01T02:19:41Z [1,408ms] [Info] [carb] Registered plugin: omni.audiodeviceenum.plugin (interfaces: [omni::audio::IAudioDeviceEnum v0.1]) (impl: omni.audiodeviceenum.plugin)
2026-08-01T02:19:41Z [1,411ms] [Info] [omni.ext._impl._internal] Searching for classes derived from 'omni.ext.IExt' in 'omni.kit.audiodeviceenum' ('c:\users\kskzz\miniconda3\envs\env_isaaclab\lib\site-packages\isaacsim\extscache\omni.kit.audiodeviceenum-1.0.2+69cbf6ad.wx64.r.cp311')
2026-08-01T02:19:41Z [1,411ms] [Info] [omni.ext._impl._internal] Found class `_AudioExtension` derived from `omni.ext.IExt` in module: 'omni.kit.audiodeviceenum' in 'c:\users\kskzz\miniconda3\envs\env_isaaclab\lib\site-packages\isaacsim\extscache\omni.kit.audiodeviceenum-1.0.2+69cbf6ad.wx64.r.cp311'. Calling `on_startup`.
2026-08-01T02:19:41Z [1,411ms] [Info] [omni.ext.plugin] [ext: omni.kit.audiodeviceenum-1.0.2] started, startup time: 3 (ms)
2026-08-01T02:19:41Z [1,411ms] [Info] [omni.ext.plugin] About to startup: [ext: omni.hydra.scene_delegate-0.3.4] (order: 0) Triggered by: omni.graph.nodes-1.170.10, omni.hydra.rtx-1.0.0,  (path: c:/users/kskzz/miniconda3/envs/env_isaaclab/lib/site-packages/isaacsim/extscache/omni.hydra.scene_delegate-0.3.4+69cbf6ad.wx64.r)
2026-08-01T02:19:41Z [1,411ms] [Info] [omni.kit.app.plugin] [1.454s] [ext: omni.hydra.scene_delegate-0.3.4] startup
2026-08-01T02:19:41Z [1,412ms] [Info] [carb] Registered plugin: omni.fabric.endframe.plugin (interfaces: [omni::ext::IExt v0.1]) (impl: omni.fabric.endframe.plugin)
2026-08-01T02:19:41Z [1,414ms] [Info] [carb] Registered plugin: omni.hydra.scene_delegate.plugin (interfaces: [omni::hydra::IDebug v0.1],[omni::hydra::IOmniHydra v2.0],[omni::hydra::ISceneDelegateFactory v0.1]) (impl: omni.hydra.scene_delegate.plugin)
2026-08-01T02:19:41Z [1,414ms] [Info] [carb] Initializing plugin: omni.fabric.endframe.plugin (interfaces: [omni::ext::IExt v0.1]) (impl: omni.fabric.endframe.plugin)
2026-08-01T02:19:41Z [1,414ms] [Info] [omni.ext.plugin] [ext: omni.hydra.scene_delegate-0.3.4] Starting ext::IExt in 'c:/users/kskzz/miniconda3/envs/env_isaaclab/lib/site-packages/isaacsim/extscache/omni.hydra.scene_delegate-0.3.4+69cbf6ad.wx64.r/bin/omni.fabric.endframe.plugin.dll'
2026-08-01T02:19:41Z [1,415ms] [Info] [omni.ext.plugin] [ext: omni.hydra.scene_delegate-0.3.4] started, startup time: 3 (ms)
2026-08-01T02:19:41Z [1,415ms] [Info] [omni.ext.plugin] About to startup: [ext: omni.usd-1.13.10] (order: 0) Triggered by: isaacsim.core.cloner-1.4.10, isaacsim.core.deprecation_manager-0.2.7, isaacsim.simulation_app-2.12.2, omni.graph-1.141.2, omni.graph.action_nodes-1.50.4, omni.graph.core-2.184.5, omni.graph.nodes-1.170.10, omni.graph.ui_nodes-1.50.5, omni.hydra.engine.stats-1.0.3, omni.isaac.dynamic_control-2.0.7, omni.kit.context_menu-1.8.6, omni.kit.graph.usd.commands-1.3.1, omni.kit.hydra_texture-1.4.6, omni.kit.material.library-2.0.7, omni.kit.primitive.mesh-1.0.17, omni.kit.stage_template.core-1.1.22, omni.kit.stage_templates-2.0.0, omni.kit.usd.layers-2.2.11, omni.kit.viewport.window-107.2.0, omni.kit.widget.material_preview-1.0.16, omni.kit.widget.stage-3.1.4, omni.kit.window.material_graph-1.9.1, omni.physics.stageupdate-107.3.26, omni.physx.tensors-107.3.26, omni.syntheticdata-0.6.13, omni.usd.metrics.assembler.ui-107.3.1, omni.warp-1.8.2 (path: c:/users/kskzz/miniconda3/envs/env_isaaclab/lib/site-packages/isaacsim/extscache/omni.usd-1.13.10+69cbf6ad.wx64.r.cp311)
2026-08-01T02:19:41Z [1,415ms] [Info] [omni.kit.app.plugin] [1.458s] [ext: omni.usd-1.13.10] startup
2026-08-01T02:19:41Z [1,416ms] [Info] [carb] Registered plugin: omni.stageupdate.plugin (interfaces: [omni::kit::IStageUpdate v1.0]) (impl: omni.stageupdate.plugin)
2026-08-01T02:19:41Z [1,417ms] [Info] [carb] Registered plugin: omni.usd.cppcommands (interfaces: [omni::ext::IExt v0.1]) (impl: omni.usd.cppcommands)
2026-08-01T02:19:41Z [1,417ms] [Info] [carb] Initializing plugin: omni.usd.cppcommands (interfaces: [omni::ext::IExt v0.1]) (impl: omni.usd.cppcommands)
2026-08-01T02:19:41Z [1,417ms] [Info] [omni.ext.plugin] [ext: omni.usd-1.13.10] Starting ext::IExt in 'c:/users/kskzz/miniconda3/envs/env_isaaclab/lib/site-packages/isaacsim/extscache/omni.usd-1.13.10+69cbf6ad.wx64.r.cp311/bin/omni.usd.cppcommands.plugin.dll'
2026-08-01T02:19:41Z [1,417ms] [Info] [omni.ext._impl._internal] Searching for classes derived from 'omni.ext.IExt' in 'omni.usd' ('c:\users\kskzz\miniconda3\envs\env_isaaclab\lib\site-packages\isaacsim\extscache\omni.usd-1.13.10+69cbf6ad.wx64.r.cp311')
2026-08-01T02:19:41Z [1,417ms] [Info] [omni.ext._impl._internal] Found class `UsdExtension` derived from `omni.ext.IExt` in module: 'omni.usd' in 'c:\users\kskzz\miniconda3\envs\env_isaaclab\lib\site-packages\isaacsim\extscache\omni.usd-1.13.10+69cbf6ad.wx64.r.cp311'. Calling `on_startup`.
2026-08-01T02:19:41Z [1,418ms] [Info] [carb] Initializing plugin: omni.stageupdate.plugin (interfaces: [omni::kit::IStageUpdate v1.0]) (impl: omni.stageupdate.plugin)
2026-08-01T02:19:41Z [1,418ms] [Info] [omni.graph.exec.unstable.passRegistry] IPassRegistry::registerPass: registered PopulatePass as pass id 2
2026-08-01T02:19:41Z [1,433ms] [Info] [omni.ext._impl._internal] Searching for classes derived from 'omni.ext.IExt' in 'omni.usd.audio' ('c:\users\kskzz\miniconda3\envs\env_isaaclab\lib\site-packages\isaacsim\extscache\omni.usd-1.13.10+69cbf6ad.wx64.r.cp311')
2026-08-01T02:19:41Z [1,437ms] [Info] [omni.ext._impl._internal] Searching for classes derived from 'omni.ext.IExt' in 'omni.usd.commands' ('c:\users\kskzz\miniconda3\envs\env_isaaclab\lib\site-packages\isaacsim\extscache\omni.usd-1.13.10+69cbf6ad.wx64.r.cp311')
2026-08-01T02:19:41Z [1,438ms] [Info] [omni.ext._impl._internal] Searching for classes derived from 'omni.ext.IExt' in 'omni.usd.editor' ('c:\users\kskzz\miniconda3\envs\env_isaaclab\lib\site-packages\isaacsim\extscache\omni.usd-1.13.10+69cbf6ad.wx64.r.cp311')
2026-08-01T02:19:41Z [1,440ms] [Info] [omni.ext._impl._internal] Searching for classes derived from 'omni.ext.IExt' in 'omni.stageupdate' ('c:\users\kskzz\miniconda3\envs\env_isaaclab\lib\site-packages\isaacsim\extscache\omni.usd-1.13.10+69cbf6ad.wx64.r.cp311')
2026-08-01T02:19:41Z [1,441ms] [Info] [omni.ext._impl._internal] Searching for classes derived from 'omni.ext.IExt' in 'usd.schema.kit' ('c:\users\kskzz\miniconda3\envs\env_isaaclab\lib\site-packages\isaacsim\extscache\omni.usd-1.13.10+69cbf6ad.wx64.r.cp311')
2026-08-01T02:19:41Z [1,441ms] [Info] [omni.ext.plugin] [ext: omni.usd-1.13.10] started, startup time: 26 (ms)
2026-08-01T02:19:41Z [1,441ms] [Info] [omni.ext.plugin] About to startup: [ext: omni.volume-0.5.2] (order: 0) Triggered by: omni.hydra.rtx-1.0.0 (path: c:/users/kskzz/miniconda3/envs/env_isaaclab/lib/site-packages/isaacsim/extscache/omni.volume-0.5.2+69cbf6ad.wx64.r.cp311)
2026-08-01T02:19:41Z [1,441ms] [Info] [omni.kit.app.plugin] [1.485s] [ext: omni.volume-0.5.2] startup
2026-08-01T02:19:41Z [1,443ms] [Info] [omni.ext.plugin] Loaded the dynamic library from c:/users/kskzz/miniconda3/envs/env_isaaclab/lib/site-packages/isaacsim/extscache/omni.volume-0.5.2+69cbf6ad.wx64.r.cp311/bin/tbb.dll
2026-08-01T02:19:41Z [1,444ms] [Info] [omni.ext.plugin] Loaded the dynamic library from c:/users/kskzz/miniconda3/envs/env_isaaclab/lib/site-packages/isaacsim/extscache/omni.volume-0.5.2+69cbf6ad.wx64.r.cp311/bin/openvdb.dll
2026-08-01T02:19:41Z [1,445ms] [Info] [carb] Registered plugin: carb.volume.plugin (interfaces: [carb::volume::IVolume v0.1]) (impl: carb.volume.plugin)
2026-08-01T02:19:41Z [1,446ms] [Info] [carb] Registered plugin: omni.volume.plugin (interfaces: [omni::ext::IExt v0.1]) (impl: omni.volume.plugin)
2026-08-01T02:19:41Z [1,446ms] [Info] [carb] Initializing plugin: omni.volume.plugin (interfaces: [omni::ext::IExt v0.1]) (impl: omni.volume.plugin)
2026-08-01T02:19:41Z [1,446ms] [Info] [omni.ext.plugin] [ext: omni.volume-0.5.2] Starting ext::IExt in 'c:/users/kskzz/miniconda3/envs/env_isaaclab/lib/site-packages/isaacsim/extscache/omni.volume-0.5.2+69cbf6ad.wx64.r.cp311/bin/omni.volume.plugin.dll'
2026-08-01T02:19:41Z [1,446ms] [Info] [carb] Initializing plugin: carb.volume.plugin (interfaces: [carb::volume::IVolume v0.1]) (impl: carb.volume.plugin)
2026-08-01T02:19:41Z [1,449ms] [Info] [omni.ext._impl._internal] Searching for classes derived from 'omni.ext.IExt' in 'omni.volume' ('c:\users\kskzz\miniconda3\envs\env_isaaclab\lib\site-packages\isaacsim\extscache\omni.volume-0.5.2+69cbf6ad.wx64.r.cp311')
2026-08-01T02:19:41Z [1,449ms] [Info] [omni.ext.plugin] [ext: omni.volume-0.5.2] started, startup time: 7 (ms)
2026-08-01T02:19:41Z [1,449ms] [Info] [omni.ext.plugin] About to startup: [ext: omni.ujitso.client-0.0.0] (order: 0) Triggered by: omni.hydra.rtx-1.0.0 (path: c:/users/kskzz/miniconda3/envs/env_isaaclab/lib/site-packages/isaacsim/extscache/omni.ujitso.client-0.0.0+69cbf6ad.wx64.r)
2026-08-01T02:19:41Z [1,449ms] [Info] [omni.kit.app.plugin] [1.493s] [ext: omni.ujitso.client-0.0.0] startup
2026-08-01T02:19:41Z [1,450ms] [Info] [carb] Registered plugin: omni.ujitso.client.ext.plugin (interfaces: [omni::ext::IExt v0.1]) (impl: omni.ujitso.client.ext.plugin)
2026-08-01T02:19:41Z [1,451ms] [Info] [carb] Initializing plugin: omni.ujitso.client.ext.plugin (interfaces: [omni::ext::IExt v0.1]) (impl: omni.ujitso.client.ext.plugin)
2026-08-01T02:19:41Z [1,451ms] [Info] [omni.ext.plugin] [ext: omni.ujitso.client-0.0.0] Starting ext::IExt in 'c:/users/kskzz/miniconda3/envs/env_isaaclab/lib/site-packages/isaacsim/extscache/omni.ujitso.client-0.0.0+69cbf6ad.wx64.r/bin/omni.ujitso.client.ext.plugin.dll'
2026-08-01T02:19:41Z [1,451ms] [Info] [omni.ext.plugin] [ext: omni.ujitso.client-0.0.0] started, startup time: 1 (ms)
2026-08-01T02:19:41Z [1,451ms] [Info] [omni.ext.plugin] About to startup: [ext: omni.kit.graph.usd.commands-1.3.1] (order: 0) Triggered by: omni.kit.window.material_graph-1.9.1 (path: c:/users/kskzz/miniconda3/envs/env_isaaclab/lib/site-packages/isaacsim/extscache/omni.kit.graph.usd.commands-1.3.1)
2026-08-01T02:19:41Z [1,451ms] [Info] [omni.kit.app.plugin] [1.494s] [ext: omni.kit.graph.usd.commands-1.3.1] startup
2026-08-01T02:19:41Z [1,458ms] [Info] [omni.ext._impl._internal] Searching for classes derived from 'omni.ext.IExt' in 'omni.kit.graph.usd.commands' ('c:\users\kskzz\miniconda3\envs\env_isaaclab\lib\site-packages\isaacsim\extscache\omni.kit.graph.usd.commands-1.3.1')
2026-08-01T02:19:41Z [1,458ms] [Info] [omni.ext.plugin] [ext: omni.kit.graph.usd.commands-1.3.1] started, startup time: 7 (ms)
2026-08-01T02:19:41Z [1,458ms] [Info] [omni.ext.plugin] About to startup: [ext: omni.hydra.rtx-1.0.0] (order: 0) Triggered by: omni.kit.viewport.rtx-104.0.1, omni.replicator.core-1.12.27 (path: c:/users/kskzz/miniconda3/envs/env_isaaclab/lib/site-packages/isaacsim/extscache/omni.hydra.rtx-1.0.0+69cbf6ad.wx64.r)
2026-08-01T02:19:41Z [1,458ms] [Info] [omni.kit.app.plugin] [1.501s] [ext: omni.hydra.rtx-1.0.0] startup
2026-08-01T02:19:41Z [1,459ms] [Info] [omni.ext.plugin] Loaded the dynamic library from c:/users/kskzz/miniconda3/envs/env_isaaclab/lib/site-packages/isaacsim/extscache/omni.hydra.rtx-1.0.0+69cbf6ad.wx64.r/bin/deps/nvrtc-builtins64_118.dll
2026-08-01T02:19:41Z [1,459ms] [Info] [omni.ext.plugin] Loaded the dynamic library from c:/users/kskzz/miniconda3/envs/env_isaaclab/lib/site-packages/isaacsim/extscache/omni.hydra.rtx-1.0.0+69cbf6ad.wx64.r/bin/deps/nvflow_rtx.dll
2026-08-01T02:19:41Z [1,460ms] [Info] [omni.ext.plugin] Loaded the dynamic library from c:/users/kskzz/miniconda3/envs/env_isaaclab/lib/site-packages/isaacsim/extscache/omni.hydra.rtx-1.0.0+69cbf6ad.wx64.r/bin/deps/nvflowext_rtx.dll
2026-08-01T02:19:41Z [1,462ms] [Info] [carb] Registered plugin: carb.scenerenderer-rtx.plugin (interfaces: [carb::renderer::SceneRenderer v9.4],[carb::renderer::SceneRendererRTX v0.1]) (impl: carb.scenerenderer-rtx.plugin)
2026-08-01T02:19:41Z [1,463ms] [Info] [carb] Registered plugin: rtx.reshade.plugin (interfaces: [rtx::reshade::Reshade v0.3]) (impl: rtx.reshade.plugin)
2026-08-01T02:19:41Z [1,464ms] [Info] [carb] Registered plugin: rtx.rtxsensor.memutil.plugin (interfaces: [rtx::rtxsensor::MemUtil_v10 v1.0]) (impl: rtx.rtxsensor.memutil.plugin)
2026-08-01T02:19:41Z [1,465ms] [Info] [carb] Registered plugin: rtx.rtxsensor.plugin (interfaces: [rtx::rtxsensor::RtxSensor v2.0]) (impl: rtx.rtxsensor.plugin)
2026-08-01T02:19:41Z [1,465ms] [Info] [carb] Registered plugin: rtx.rtxsensormodel_20.example.plugin (interfaces: [rtx::rtxsensor::RtxSensorModel v2.0]) (impl: rtx.rtxsensormodel_20.example.plugin)
2026-08-01T02:19:41Z [1,466ms] [Info] [carb] Registered plugin: rtx.rtxsensor.example.plugin (interfaces: [rtx::rtxsensor::RtxSensorModel v1.0]) (impl: rtx.rtxsensor.example.plugin)
2026-08-01T02:19:41Z [1,468ms] [Info] [carb] Registered plugin: rtx.rtxsensor.example_legacy.plugin (interfaces: [rtx::rtxsensor::RtxSensorModel v0.5]) (impl: rtx.rtxsensor.example_legacy.plugin)
2026-08-01T02:19:41Z [1,469ms] [Info] [carb] Registered plugin: rtx.cameraisp.plugin (interfaces: [rtx::cameraisp::CameraIsp v0.5]) (impl: rtx.cameraisp.plugin)
2026-08-01T02:19:41Z [1,469ms] [Info] [carb] Registered plugin: rtx.multigpumanager.plugin (interfaces: [rtx::multigpumanager::MultiGpuManager v0.9]) (impl: rtx.multigpumanager.plugin)
2026-08-01T02:19:41Z [1,476ms] [Info] [carb] Registered plugin: rtx.scenedb.plugin (interfaces: [rtx::scenedb::FabricSceneDb v0.1],[rtx::scenedb::SceneDb v4.4]) (impl: rtx.scenedb.plugin)
2026-08-01T02:19:41Z [1,477ms] [Info] [carb] Registered plugin: rtx.mdltranslator.plugin (interfaces: [rtx::mdltranslator::MdlTranslator v12.0]) (impl: rtx.mdltranslator.plugin)
2026-08-01T02:19:41Z [1,477ms] [Info] [carb] Registered plugin: rtx.materialdb.plugin (interfaces: [rtx::materialdb::MaterialDb v1.10]) (impl: rtx.materialdb.plugin)
2026-08-01T02:19:41Z [1,479ms] [Info] [carb] Registered plugin: rtx.raytracing.plugin (interfaces: [rtx::raytracing::AmbientOcclusion v1.0],[rtx::raytracing::AovConverter v1.4],[rtx::raytracing::Caustics v1.0],[rtx::raytracing::Compositing v1.0],[rtx::raytracing::CopyDepth v1.0],[rtx::raytracing::DebugView v1.1],[rtx::raytracing::DirectLightingLtc v1.0],[rtx::raytracing::DirectLightingSampled v1.0],[rtx::raytracing::GBuffer v4.0],[rtx::raytracing::GlobalVolumetricEffects v0.6],[rtx::raytracing::Hair v1.0],[rtx::raytracing::IndirectDiffuse v2.0],[rtx::raytracing::MaterialBaking v0.2],[rtx::raytracing::PathTracing v1.4],[rtx::raytracing::Picking v1.1],[rtx::raytracing::RTXRaycastQueryManager v0.1],[rtx::raytracing::RaycastQueryManager v1.0],[rtx::raytracing::Reflections v2.0],[rtx::raytracing::SamplerFeedback v2.0],[rtx::raytracing::Selection v0.1],[rtx::raytracing::Shadows v2.0],[rtx::raytracing::SpatialHashGrid v0.2],[rtx::raytracing::Subsurface v1.0],[rtx::raytracing::SyntheticAttributeData v0.1],[rtx::raytracing::SyntheticImageData v1.0],[rtx::raytracing::Translucency v5.2]) (impl: rtx.raytracing.plugin)
2026-08-01T02:19:41Z [1,480ms] [Info] [carb] Registered plugin: rtx.denoising.plugin (interfaces: [denoising::RtDenoising v1.0],[rtx::denoising::Caustics v0.1],[rtx::denoising::DirectLighting v0.1],[rtx::denoising::GIReprojection v0.1],[rtx::denoising::IndirectDiffuse v0.1]) (impl: rtx.denoising.plugin)
2026-08-01T02:19:41Z [1,481ms] [Info] [carb] Registered plugin: rtx.optixdenoising.plugin (interfaces: [rtx::optixdenoising::OptixDenoising75 v0.2]) (impl: rtx.optixdenoising.plugin)
2026-08-01T02:19:41Z [1,482ms] [Info] [carb] Registered plugin: rtx.optixdenoising73.plugin (interfaces: [rtx::optixdenoising::OptixDenoising73 v0.2]) (impl: rtx.optixdenoising73.plugin)
2026-08-01T02:19:41Z [1,484ms] [Info] [carb] Registered plugin: rtx.postprocessing.plugin (interfaces: [rtx::postprocessing::AlphaZeroMask v3.0],[rtx::postprocessing::ChromaticAberration v1.0],[rtx::postprocessing::DLSS v2.2],[rtx::postprocessing::DepthSensor v1.0],[rtx::postprocessing::Downsample v0.1],[rtx::postprocessing::Downsample2x v0.1],[rtx::postprocessing::Fullscreen v0.1],[rtx::postprocessing::Fxaa v1.0],[rtx::postprocessing::Histogram v1.0],[rtx::postprocessing::LensFlare v1.0],[rtx::postprocessing::MotionBlur v2.0],[rtx::postprocessing::NuRecVolumeCompositing v1.0],[rtx::postprocessing::Outline v0.2],[rtx::postprocessing::Postprocessing v5.0],[rtx::postprocessing::RegisterCompositing v0.0],[rtx::postprocessing::RegisteredCompositing v4.0],[rtx::postprocessing::TemporalAA v2.0],[rtx::postprocessing::TileCompositing v0.1],[rtx::postprocessing::Tonemapping v1.1],[rtx::postprocessing::TvNoise v1.0],[rtx::postprocessing::ViewCombiner v0.1]) (impl: rtx.postprocessing.plugin)
2026-08-01T02:19:41Z [1,485ms] [Info] [carb] Registered plugin: rtx.syntheticdata.plugin (interfaces: [rtx::syntheticdataannotation::SyntheticDataAnnotation v0.2]) (impl: rtx.syntheticdata.plugin)
2026-08-01T02:19:41Z [1,486ms] [Info] [carb] Registered plugin: rtx.rasterizing.plugin (interfaces: [rtx::rasterizing::Primitive v0.1],[rtx::rasterizing::Selection v0.1]) (impl: rtx.rasterizing.plugin)
2026-08-01T02:19:41Z [1,488ms] [Info] [carb] Registered plugin: carb.ocio.plugin (interfaces: [carb::ocio::OpenColorIo v0.1]) (impl: carb.ocio.plugin)
2026-08-01T02:19:41Z [1,488ms] [Info] [carb] Registered plugin: rtx.flow.plugin (interfaces: [rtx::flow::FlowRayMarch v0.1],[rtx::flow::FlowRayMarchIsosurface v0.1],[rtx::flow::FlowSelfShadow v0.1],[rtx::raytracing::Flow v0.3]) (impl: rtx.flow.plugin)
2026-08-01T02:19:41Z [1,491ms] [Info] [carb] Registered plugin: omni.hydra.rtx (interfaces: [omni::ext::IExt v0.1]) (impl: omni.hydra.rtx)
2026-08-01T02:19:41Z [1,492ms] [Info] [carb] Registered plugin: carb.omnimesh.plugin (interfaces: [carb::omnimesh::IDecimate v0.1]) (impl: carb.omnimesh.plugin)
2026-08-01T02:19:41Z [1,493ms] [Info] [carb] Registered plugin: carb.ujitso.processor.geometry.plugin (interfaces: [carb::ujitso::processor::IGeometryProcessorLoader v0.1]) (impl: carb.ujitso.processor.geometry.plugin)
2026-08-01T02:19:41Z [1,494ms] [Info] [carb] Initializing plugin: omni.hydra.rtx (interfaces: [omni::ext::IExt v0.1]) (impl: omni.hydra.rtx)
2026-08-01T02:19:41Z [1,494ms] [Info] [omni.ext.plugin] [ext: omni.hydra.rtx-1.0.0] Starting ext::IExt in 'c:/users/kskzz/miniconda3/envs/env_isaaclab/lib/site-packages/isaacsim/extscache/omni.hydra.rtx-1.0.0+69cbf6ad.wx64.r/bin/omni.hydra.rtx.plugin.dll'
2026-08-01T02:19:41Z [1,494ms] [Info] [omni.usd] UsdManager::registerHydraEngineFactory - name: 'rtx'
2026-08-01T02:19:41Z [1,494ms] [Info] [omni.usd] UsdManager::registerHydraEngineFactory - added with name: 'rtx'
2026-08-01T02:19:41Z [1,494ms] [Info] [carb] Initializing plugin: carb.ujitso.processor.geometry.plugin (interfaces: [carb::ujitso::processor::IGeometryProcessorLoader v0.1]) (impl: carb.ujitso.processor.geometry.plugin)
2026-08-01T02:19:41Z [1,494ms] [Info] [carb.ujitso.processor.geometry.plugin] skipping initialization as '/UJITSO/geometry'=false
2026-08-01T02:19:41Z [1,494ms] [Info] [omni.ext.plugin] [ext: omni.hydra.rtx-1.0.0] started, startup time: 35 (ms)
2026-08-01T02:19:41Z [1,494ms] [Info] [omni.ext.plugin] About to startup: [ext: omni.kit.menu.core-1.1.2] (order: 0) Triggered by: omni.kit.menu.utils-2.0.5, omni.kit.widget.context_menu-1.2.5 (path: c:/users/kskzz/miniconda3/envs/env_isaaclab/lib/site-packages/isaacsim/extscache/omni.kit.menu.core-1.1.2+69cbf6ad)
2026-08-01T02:19:41Z [1,494ms] [Info] [omni.kit.app.plugin] [1.537s] [ext: omni.kit.menu.core-1.1.2] startup
2026-08-01T02:19:41Z [1,496ms] [Info] [omni.ext._impl._internal] Searching for classes derived from 'omni.ext.IExt' in 'omni.kit.menu.core' ('c:\users\kskzz\miniconda3\envs\env_isaaclab\lib\site-packages\isaacsim\extscache\omni.kit.menu.core-1.1.2+69cbf6ad')
2026-08-01T02:19:41Z [1,496ms] [Info] [omni.ext.plugin] [ext: omni.kit.menu.core-1.1.2] started, startup time: 1 (ms)
2026-08-01T02:19:41Z [1,496ms] [Info] [omni.ext.plugin] About to startup: [ext: omni.kit.usd.layers-2.2.11] (order: 0) Triggered by: isaacsim.core.api-4.8.0, omni.isaac.dynamic_control-2.0.7, omni.kit.context_menu-1.8.6, omni.kit.material.library-2.0.7, omni.kit.primitive.mesh-1.0.17, omni.kit.widget.stage-3.1.4, omni.usd.metrics.assembler.ui-107.3.1 (path: c:/users/kskzz/miniconda3/envs/env_isaaclab/lib/site-packages/isaacsim/extscache/omni.kit.usd.layers-2.2.11+69cbf6ad.wx64.r.cp311)
2026-08-01T02:19:41Z [1,496ms] [Info] [omni.kit.app.plugin] [1.539s] [ext: omni.kit.usd.layers-2.2.11] startup
2026-08-01T02:19:41Z [1,497ms] [Info] [carb] Registered plugin: omni.kit.usd.layers.plugin (interfaces: [omni::kit::usd::layers::ILayers v1.0],[omni::kit::usd::layers::ILayersState v1.1],[omni::kit::usd::layers::IWorkflowAutoAuthoring v1.0],[omni::kit::usd::layers::IWorkflowLiveSyncing v2.2],[omni::kit::usd::layers::IWorkflowSpecsLinking v1.0],[omni::kit::usd::layers::IWorkflowSpecsLocking v1.0]) (impl: omni.kit.usd.layers.plugin)
2026-08-01T02:19:41Z [1,510ms] [Info] [omni.ext._impl._internal] Searching for classes derived from 'omni.ext.IExt' in 'omni.kit.usd.layers' ('c:\users\kskzz\miniconda3\envs\env_isaaclab\lib\site-packages\isaacsim\extscache\omni.kit.usd.layers-2.2.11+69cbf6ad.wx64.r.cp311')
2026-08-01T02:19:41Z [1,510ms] [Info] [omni.ext.plugin] [ext: omni.kit.usd.layers-2.2.11] started, startup time: 14 (ms)
2026-08-01T02:19:41Z [1,510ms] [Info] [omni.ext.plugin] About to startup: [ext: omni.kit.viewport.rtx-104.0.1] (order: 0) Triggered by: isaaclab.python.headless.rendering-2.3.2 (path: c:/users/kskzz/miniconda3/envs/env_isaaclab/lib/site-packages/isaacsim/extscache/omni.kit.viewport.rtx-104.0.1+69cbf6ad)
2026-08-01T02:19:41Z [1,510ms] [Info] [omni.kit.app.plugin] [1.553s] [ext: omni.kit.viewport.rtx-104.0.1] startup
2026-08-01T02:19:41Z [1,510ms] [Info] [omni.ext.plugin] [ext: omni.kit.viewport.rtx-104.0.1] started, startup time: 0 (ms)
2026-08-01T02:19:41Z [1,510ms] [Info] [omni.ext.plugin] About to startup: [ext: omni.kit.widget.context_menu-1.2.5] (order: 0) Triggered by: omni.kit.context_menu-1.8.6, omni.kit.window.filepicker-2.13.4 (path: c:/users/kskzz/miniconda3/envs/env_isaaclab/lib/site-packages/isaacsim/extscache/omni.kit.widget.context_menu-1.2.5+69cbf6ad)
2026-08-01T02:19:41Z [1,510ms] [Info] [omni.kit.app.plugin] [1.553s] [ext: omni.kit.widget.context_menu-1.2.5] startup
2026-08-01T02:19:41Z [1,512ms] [Info] [omni.ext._impl._internal] Searching for classes derived from 'omni.ext.IExt' in 'omni.kit.widget.context_menu' ('c:\users\kskzz\miniconda3\envs\env_isaaclab\lib\site-packages\isaacsim\extscache\omni.kit.widget.context_menu-1.2.5+69cbf6ad')
2026-08-01T02:19:41Z [1,512ms] [Info] [omni.ext._impl._internal] Found class `ContextMenuWidgetExtension` derived from `omni.ext.IExt` in module: 'omni.kit.widget.context_menu' in 'c:\users\kskzz\miniconda3\envs\env_isaaclab\lib\site-packages\isaacsim\extscache\omni.kit.widget.context_menu-1.2.5+69cbf6ad'. Calling `on_startup`.
2026-08-01T02:19:41Z [1,512ms] [Info] [omni.ext.plugin] [ext: omni.kit.widget.context_menu-1.2.5] started, startup time: 2 (ms)
2026-08-01T02:19:41Z [1,513ms] [Info] [omni.ext.plugin] About to startup: [ext: omni.kit.clipboard-1.0.5] (order: 0) Triggered by: omni.kit.window.filepicker-2.13.4 (path: c:/users/kskzz/miniconda3/envs/env_isaaclab/lib/site-packages/isaacsim/extscache/omni.kit.clipboard-1.0.5+69cbf6ad.wx64.r.cp311)
2026-08-01T02:19:41Z [1,513ms] [Info] [omni.kit.app.plugin] [1.556s] [ext: omni.kit.clipboard-1.0.5] startup
2026-08-01T02:19:41Z [1,514ms] [Info] [carb] Registered plugin: omni.kit.clipboard.plugin (interfaces: [carb::clipboard::IClipboard v1.0],[omni::ext::IExt v0.1]) (impl: omni.kit.clipboard.plugin)
2026-08-01T02:19:41Z [1,514ms] [Info] [carb] Initializing plugin: omni.kit.clipboard.plugin (interfaces: [carb::clipboard::IClipboard v1.0],[omni::ext::IExt v0.1]) (impl: omni.kit.clipboard.plugin)
2026-08-01T02:19:41Z [1,514ms] [Info] [omni.ext.plugin] [ext: omni.kit.clipboard-1.0.5] Starting ext::IExt in 'c:/users/kskzz/miniconda3/envs/env_isaaclab/lib/site-packages/isaacsim/extscache/omni.kit.clipboard-1.0.5+69cbf6ad.wx64.r.cp311/bin/omni.kit.clipboard.plugin.dll'
2026-08-01T02:19:41Z [1,514ms] [Info] [omni.ext._impl._internal] Searching for classes derived from 'omni.ext.IExt' in 'omni.kit.clipboard' ('c:\users\kskzz\miniconda3\envs\env_isaaclab\lib\site-packages\isaacsim\extscache\omni.kit.clipboard-1.0.5+69cbf6ad.wx64.r.cp311')
2026-08-01T02:19:41Z [1,515ms] [Info] [omni.ext.plugin] [ext: omni.kit.clipboard-1.0.5] started, startup time: 2 (ms)
2026-08-01T02:19:41Z [1,515ms] [Info] [omni.ext.plugin] About to startup: [ext: omni.kit.context_menu-1.8.6] (order: 0) Triggered by: omni.kit.window.material_graph-1.9.1 (path: c:/users/kskzz/miniconda3/envs/env_isaaclab/lib/site-packages/isaacsim/extscache/omni.kit.context_menu-1.8.6+69cbf6ad)
2026-08-01T02:19:41Z [1,515ms] [Info] [omni.kit.app.plugin] [1.558s] [ext: omni.kit.context_menu-1.8.6] startup
2026-08-01T02:19:41Z [1,519ms] [Info] [omni.ext._impl._internal] Searching for classes derived from 'omni.ext.IExt' in 'omni.kit.context_menu' ('c:\users\kskzz\miniconda3\envs\env_isaaclab\lib\site-packages\isaacsim\extscache\omni.kit.context_menu-1.8.6+69cbf6ad')
2026-08-01T02:19:41Z [1,519ms] [Info] [omni.ext._impl._internal] Found class `ContextMenuExtension` derived from `omni.ext.IExt` in module: 'omni.kit.context_menu' in 'c:\users\kskzz\miniconda3\envs\env_isaaclab\lib\site-packages\isaacsim\extscache\omni.kit.context_menu-1.8.6+69cbf6ad'. Calling `on_startup`.
2026-08-01T02:19:41Z [1,519ms] [Info] [omni.ext.plugin] [ext: omni.kit.context_menu-1.8.6] started, startup time: 4 (ms)
2026-08-01T02:19:41Z [1,519ms] [Info] [omni.ext.plugin] About to startup: [ext: omni.kit.widget.path_field-2.0.11] (order: 0) Triggered by: omni.kit.widget.browser_bar-2.0.10 (path: c:/users/kskzz/miniconda3/envs/env_isaaclab/lib/site-packages/isaacsim/extscache/omni.kit.widget.path_field-2.0.11+69cbf6ad)
2026-08-01T02:19:41Z [1,519ms] [Info] [omni.kit.app.plugin] [1.562s] [ext: omni.kit.widget.path_field-2.0.11] startup
2026-08-01T02:19:41Z [1,521ms] [Info] [omni.ext._impl._internal] Searching for classes derived from 'omni.ext.IExt' in 'omni.kit.widget.path_field' ('c:\users\kskzz\miniconda3\envs\env_isaaclab\lib\site-packages\isaacsim\extscache\omni.kit.widget.path_field-2.0.11+69cbf6ad')
2026-08-01T02:19:41Z [1,521ms] [Info] [omni.ext.plugin] [ext: omni.kit.widget.path_field-2.0.11] started, startup time: 2 (ms)
2026-08-01T02:19:41Z [1,521ms] [Info] [omni.ext.plugin] About to startup: [ext: omni.kit.hydra_texture-1.4.6] (order: 0) Triggered by: omni.kit.widget.material_preview-1.0.16, omni.kit.widget.viewport-107.1.3 (path: c:/users/kskzz/miniconda3/envs/env_isaaclab/lib/site-packages/isaacsim/extscache/omni.kit.hydra_texture-1.4.6+69cbf6ad.wx64.r.cp311)
2026-08-01T02:19:41Z [1,521ms] [Info] [omni.kit.app.plugin] [1.564s] [ext: omni.kit.hydra_texture-1.4.6] startup
2026-08-01T02:19:41Z [1,523ms] [Info] [carb] Registered plugin: omni.hydratexture.plugin (interfaces: [omni::hydratexture::IHydraTextureFactory v1.3]) (impl: omni.hydratexture.plugin)
2026-08-01T02:19:41Z [1,527ms] [Info] [omni.ext._impl._internal] Searching for classes derived from 'omni.ext.IExt' in 'omni.kit.hydra_texture' ('c:\users\kskzz\miniconda3\envs\env_isaaclab\lib\site-packages\isaacsim\extscache\omni.kit.hydra_texture-1.4.6+69cbf6ad.wx64.r.cp311')
2026-08-01T02:19:41Z [1,527ms] [Info] [omni.ext._impl._internal] Found class `Extension` derived from `omni.ext.IExt` in module: 'omni.kit.hydra_texture' in 'c:\users\kskzz\miniconda3\envs\env_isaaclab\lib\site-packages\isaacsim\extscache\omni.kit.hydra_texture-1.4.6+69cbf6ad.wx64.r.cp311'. Calling `on_startup`.
2026-08-01T02:19:41Z [1,527ms] [Info] [carb] Initializing plugin: omni.hydratexture.plugin (interfaces: [omni::hydratexture::IHydraTextureFactory v1.3]) (impl: omni.hydratexture.plugin)
2026-08-01T02:19:41Z [1,527ms] [Info] [omni.ext.plugin] [ext: omni.kit.hydra_texture-1.4.6] started, startup time: 5 (ms)
2026-08-01T02:19:41Z [1,527ms] [Info] [omni.ext.plugin] About to startup: [ext: omni.kit.widget.browser_bar-2.0.10] (order: 0) Triggered by: omni.kit.window.filepicker-2.13.4 (path: c:/users/kskzz/miniconda3/envs/env_isaaclab/lib/site-packages/isaacsim/extscache/omni.kit.widget.browser_bar-2.0.10+69cbf6ad)
2026-08-01T02:19:41Z [1,527ms] [Info] [omni.kit.app.plugin] [1.570s] [ext: omni.kit.widget.browser_bar-2.0.10] startup
2026-08-01T02:19:41Z [1,530ms] [Info] [omni.ext._impl._internal] Searching for classes derived from 'omni.ext.IExt' in 'omni.kit.widget.browser_bar' ('c:\users\kskzz\miniconda3\envs\env_isaaclab\lib\site-packages\isaacsim\extscache\omni.kit.widget.browser_bar-2.0.10+69cbf6ad')
2026-08-01T02:19:41Z [1,530ms] [Info] [omni.ext.plugin] [ext: omni.kit.widget.browser_bar-2.0.10] started, startup time: 2 (ms)
2026-08-01T02:19:41Z [1,530ms] [Info] [omni.ext.plugin] About to startup: [ext: omni.inspect-1.0.2] (order: 0) Triggered by: omni.replicator.core-1.12.27 (path: c:/users/kskzz/miniconda3/envs/env_isaaclab/lib/site-packages/isaacsim/extscache/omni.inspect-1.0.2+69cbf6ad.wx64.r.cp311)
2026-08-01T02:19:41Z [1,530ms] [Info] [omni.kit.app.plugin] [1.573s] [ext: omni.inspect-1.0.2] startup
2026-08-01T02:19:41Z [1,531ms] [Info] [omni.ext.plugin] [ext: omni.inspect-1.0.2] Starting ext::IExtensionHooks in 'c:/users/kskzz/miniconda3/envs/env_isaaclab/lib/site-packages/isaacsim/extscache/omni.inspect-1.0.2+69cbf6ad.wx64.r.cp311/bin/omni.inspect.plugin.dll'
2026-08-01T02:19:41Z [1,534ms] [Info] [omni.ext._impl._internal] Searching for classes derived from 'omni.ext.IExt' in 'omni.inspect' ('c:\users\kskzz\miniconda3\envs\env_isaaclab\lib\site-packages\isaacsim\extscache\omni.inspect-1.0.2+69cbf6ad.wx64.r.cp311')
2026-08-01T02:19:41Z [1,534ms] [Info] [omni.ext.plugin] [ext: omni.inspect-1.0.2] started, startup time: 4 (ms)
2026-08-01T02:19:41Z [1,534ms] [Info] [omni.ext.plugin] About to startup: [ext: omni.kit.widget.options_menu-1.1.6] (order: 0) Triggered by: omni.kit.widget.filter-1.1.4, omni.kit.widget.options_button-1.0.3 (path: c:/users/kskzz/miniconda3/envs/env_isaaclab/lib/site-packages/isaacsim/extscache/omni.kit.widget.options_menu-1.1.6+69cbf6ad)
2026-08-01T02:19:41Z [1,534ms] [Info] [omni.kit.app.plugin] [1.577s] [ext: omni.kit.widget.options_menu-1.1.6] startup
2026-08-01T02:19:41Z [1,541ms] [Info] [omni.ext._impl._internal] Searching for classes derived from 'omni.ext.IExt' in 'omni.kit.widget.options_menu' ('c:\users\kskzz\miniconda3\envs\env_isaaclab\lib\site-packages\isaacsim\extscache\omni.kit.widget.options_menu-1.1.6+69cbf6ad')
2026-08-01T02:19:41Z [1,541ms] [Info] [omni.ext.plugin] [ext: omni.kit.widget.options_menu-1.1.6] started, startup time: 7 (ms)
2026-08-01T02:19:41Z [1,541ms] [Info] [omni.ext.plugin] About to startup: [ext: omni.kit.helper.file_utils-0.1.9] (order: 0) Triggered by: omni.kit.widget.filebrowser-2.12.3, omni.kit.widget.stage-3.1.4, omni.kit.window.filepicker-2.13.4 (path: c:/users/kskzz/miniconda3/envs/env_isaaclab/lib/site-packages/isaacsim/extscache/omni.kit.helper.file_utils-0.1.9+69cbf6ad)
2026-08-01T02:19:41Z [1,542ms] [Info] [omni.kit.app.plugin] [1.585s] [ext: omni.kit.helper.file_utils-0.1.9] startup
2026-08-01T02:19:41Z [1,544ms] [Info] [omni.ext._impl._internal] Searching for classes derived from 'omni.ext.IExt' in 'omni.kit.helper.file_utils' ('c:\users\kskzz\miniconda3\envs\env_isaaclab\lib\site-packages\isaacsim\extscache\omni.kit.helper.file_utils-0.1.9+69cbf6ad')
2026-08-01T02:19:41Z [1,544ms] [Info] [omni.ext._impl._internal] Found class `FileEventHistoryExtension` derived from `omni.ext.IExt` in module: 'omni.kit.helper.file_utils' in 'c:\users\kskzz\miniconda3\envs\env_isaaclab\lib\site-packages\isaacsim\extscache\omni.kit.helper.file_utils-0.1.9+69cbf6ad'. Calling `on_startup`.
2026-08-01T02:19:41Z [1,544ms] [Info] [omni.ext.plugin] [ext: omni.kit.helper.file_utils-0.1.9] started, startup time: 2 (ms)
2026-08-01T02:19:41Z [1,544ms] [Info] [omni.ext.plugin] About to startup: [ext: omni.graph.core-2.184.5] (order: 0) Triggered by: omni.graph-1.141.2, omni.graph.action_core-1.1.7, omni.graph.action_nodes-1.50.4, omni.graph.image.core-0.6.1, omni.graph.image.nodes-1.3.1, omni.graph.nodes-1.170.10, omni.graph.scriptnode-1.50.0, omni.graph.ui_nodes-1.50.5, omni.replicator.core-1.12.27, omni.warp-1.8.2 (path: c:/users/kskzz/miniconda3/envs/env_isaaclab/lib/site-packages/isaacsim/extscache/omni.graph.core-2.184.5+69cbf6ad.wx64.r)
2026-08-01T02:19:41Z [1,544ms] [Info] [omni.kit.app.plugin] [1.587s] [ext: omni.graph.core-2.184.5] startup
2026-08-01T02:19:41Z [1,547ms] [Info] [carb] Registered plugin: omni.graph.core.plugin (interfaces: [omni::graph::core::ComputeGraph v2.12],[omni::graph::core::IAttribute v1.15],[omni::graph::core::IAttributeData v1.6],[omni::graph::core::IAttributeType v1.4],[omni::graph::core::IBundle v1.7],[omni::graph::core::IDataModel v1.1],[omni::graph::core::IDataStealingPrototype v1.1],[omni::graph::core::IDirtyID v1.0],[omni::graph::core::IGraph v3.16],[omni::graph::core::IGraphContext v3.9],[omni::graph::core::IGraphRegistry v1.5],[omni::graph::core::IInternal v1.3],[omni::graph::core::INode v4.10],[omni::graph::core::IScheduleNode v2.0],[omni::graph::core::unstable::IAttributeTemplate v0.2],[omni::graph::core::unstable::ICompoundNodeType v0.2]) (impl: omni.graph.core.plugin)
2026-08-01T02:19:41Z [1,547ms] [Info] [omni.ext.plugin] [ext: omni.graph.core-2.184.5] started, startup time: 3 (ms)
2026-08-01T02:19:41Z [1,547ms] [Info] [carb] Initializing plugin: omni.graph.core.plugin (interfaces: [omni::graph::core::ComputeGraph v2.12],[omni::graph::core::IAttribute v1.15],[omni::graph::core::IAttributeData v1.6],[omni::graph::core::IAttributeType v1.4],[omni::graph::core::IBundle v1.7],[omni::graph::core::IDataModel v1.1],[omni::graph::core::IDataStealingPrototype v1.1],[omni::graph::core::IDirtyID v1.0],[omni::graph::core::IGraph v3.16],[omni::graph::core::IGraphContext v3.9],[omni::graph::core::IGraphRegistry v1.5],[omni::graph::core::IInternal v1.3],[omni::graph::core::INode v4.10],[omni::graph::core::IScheduleNode v2.0],[omni::graph::core::unstable::IAttributeTemplate v0.2],[omni::graph::core::unstable::ICompoundNodeType v0.2]) (impl: omni.graph.core.plugin)
2026-08-01T02:19:41Z [1,547ms] [Info] [omni.graph.exec.unstable.passRegistry] IPassRegistry::registerPass: registered PopulateOmniGraphPass as pass id 3
2026-08-01T02:19:41Z [1,547ms] [Info] [omni.graph.exec.unstable.passRegistry] IPassRegistry::registerPass: registered PopulateOnDemandPass as pass id 4
2026-08-01T02:19:41Z [1,547ms] [Info] [omni.graph.exec.unstable.passRegistry] IPassRegistry::registerPass: registered PopulatePreSimulationPass as pass id 5
2026-08-01T02:19:41Z [1,547ms] [Info] [omni.graph.exec.unstable.passRegistry] IPassRegistry::registerPass: registered PopulatePostSimulationPass as pass id 6
2026-08-01T02:19:41Z [1,547ms] [Info] [omni.graph.exec.unstable.passRegistry] IPassRegistry::registerPass: registered PopulateSimulationPass as pass id 7
2026-08-01T02:19:41Z [1,547ms] [Info] [omni.graph.exec.unstable.passRegistry] IPassRegistry::registerPass: registered PopulatePushGraphPass as pass id 8
2026-08-01T02:19:41Z [1,547ms] [Info] [omni.graph.exec.unstable.passRegistry] IPassRegistry::registerPass: registered PopulateLazyGraphPass as pass id 9
2026-08-01T02:19:41Z [1,548ms] [Info] [omni.ext.plugin] About to startup: [ext: omni.graph.tools-1.79.2] (order: 0) Triggered by: omni.graph-1.141.2, omni.graph.action_nodes-1.50.4, omni.graph.image.nodes-1.3.1, omni.graph.scriptnode-1.50.0, omni.graph.ui_nodes-1.50.5 (path: c:/users/kskzz/miniconda3/envs/env_isaaclab/lib/site-packages/isaacsim/extscache/omni.graph.tools-1.79.2+69cbf6ad)
2026-08-01T02:19:41Z [1,548ms] [Info] [omni.kit.app.plugin] [1.592s] [ext: omni.graph.tools-1.79.2] startup
2026-08-01T02:19:41Z [1,605ms] [Info] [omni.ext._impl._internal] Searching for classes derived from 'omni.ext.IExt' in 'omni.graph.tools' ('c:\users\kskzz\miniconda3\envs\env_isaaclab\lib\site-packages\isaacsim\extscache\omni.graph.tools-1.79.2+69cbf6ad')
2026-08-01T02:19:41Z [1,605ms] [Info] [omni.ext._impl._internal] Found class `_PublicExtension` derived from `omni.ext.IExt` in module: 'omni.graph.tools' in 'c:\users\kskzz\miniconda3\envs\env_isaaclab\lib\site-packages\isaacsim\extscache\omni.graph.tools-1.79.2+69cbf6ad'. Calling `on_startup`.
2026-08-01T02:19:41Z [1,605ms] [Info] [omni.ext.plugin] [ext: omni.graph.tools-1.79.2] started, startup time: 56 (ms)
2026-08-01T02:19:41Z [1,605ms] [Info] [omni.ext.plugin] About to startup: [ext: omni.ui.scene-1.11.5] (order: 0) Triggered by: omni.graph.ui_nodes-1.50.5, omni.kit.viewport.window-107.2.0, omni.kit.window.filepicker-2.13.4 (path: c:/users/kskzz/miniconda3/envs/env_isaaclab/lib/site-packages/isaacsim/extscache/omni.ui.scene-1.11.5+69cbf6ad.wx64.r.cp311)
2026-08-01T02:19:41Z [1,605ms] [Info] [omni.kit.app.plugin] [1.648s] [ext: omni.ui.scene-1.11.5] startup
2026-08-01T02:19:41Z [1,606ms] [Info] [omni.ext.plugin] Loaded the dynamic library from c:/users/kskzz/miniconda3/envs/env_isaaclab/lib/site-packages/isaacsim/extscache/omni.ui.scene-1.11.5+69cbf6ad.wx64.r.cp311/bin/omni.ui.scene.dll
2026-08-01T02:19:41Z [1,612ms] [Info] [omni.ext._impl._internal] Searching for classes derived from 'omni.ext.IExt' in 'omni.ui.scene' ('c:\users\kskzz\miniconda3\envs\env_isaaclab\lib\site-packages\isaacsim\extscache\omni.ui.scene-1.11.5+69cbf6ad.wx64.r.cp311')
2026-08-01T02:19:41Z [1,612ms] [Info] [omni.ext._impl._internal] Searching for classes derived from 'omni.ext.IExt' in 'omni.ui_scene' ('c:\users\kskzz\miniconda3\envs\env_isaaclab\lib\site-packages\isaacsim\extscache\omni.ui.scene-1.11.5+69cbf6ad.wx64.r.cp311')
2026-08-01T02:19:41Z [1,612ms] [Info] [omni.ext.plugin] [ext: omni.ui.scene-1.11.5] started, startup time: 6 (ms)
2026-08-01T02:19:41Z [1,612ms] [Info] [omni.ext.plugin] About to startup: [ext: omni.kit.widget.options_button-1.0.3] (order: 0) Triggered by: omni.kit.widget.stage-3.1.4, omni.kit.window.filepicker-2.13.4 (path: c:/users/kskzz/miniconda3/envs/env_isaaclab/lib/site-packages/isaacsim/extscache/omni.kit.widget.options_button-1.0.3+69cbf6ad)
2026-08-01T02:19:41Z [1,612ms] [Info] [omni.kit.app.plugin] [1.655s] [ext: omni.kit.widget.options_button-1.0.3] startup
2026-08-01T02:19:41Z [1,614ms] [Info] [omni.ext._impl._internal] Searching for classes derived from 'omni.ext.IExt' in 'omni.kit.widget.options_button' ('c:\users\kskzz\miniconda3\envs\env_isaaclab\lib\site-packages\isaacsim\extscache\omni.kit.widget.options_button-1.0.3+69cbf6ad')
2026-08-01T02:19:41Z [1,614ms] [Info] [omni.ext.plugin] [ext: omni.kit.widget.options_button-1.0.3] started, startup time: 1 (ms)
2026-08-01T02:19:41Z [1,614ms] [Info] [omni.ext.plugin] About to startup: [ext: omni.kit.widget.filebrowser-2.12.3] (order: 0) Triggered by: omni.kit.window.filepicker-2.13.4, omni.kit.window.material_graph-1.9.1 (path: c:/users/kskzz/miniconda3/envs/env_isaaclab/lib/site-packages/isaacsim/extscache/omni.kit.widget.filebrowser-2.12.3+69cbf6ad)
2026-08-01T02:19:41Z [1,614ms] [Info] [omni.kit.app.plugin] [1.657s] [ext: omni.kit.widget.filebrowser-2.12.3] startup
2026-08-01T02:19:41Z [1,624ms] [Info] [omni.ext._impl._internal] Searching for classes derived from 'omni.ext.IExt' in 'omni.kit.widget.filebrowser' ('c:\users\kskzz\miniconda3\envs\env_isaaclab\lib\site-packages\isaacsim\extscache\omni.kit.widget.filebrowser-2.12.3+69cbf6ad')
2026-08-01T02:19:41Z [1,624ms] [Info] [omni.ext.plugin] [ext: omni.kit.widget.filebrowser-2.12.3] started, startup time: 9 (ms)
2026-08-01T02:19:41Z [1,624ms] [Info] [omni.ext.plugin] About to startup: [ext: omni.kit.notification_manager-1.0.10] (order: 0) Triggered by: omni.kit.window.filepicker-2.13.4,  (path: c:/users/kskzz/miniconda3/envs/env_isaaclab/lib/site-packages/isaacsim/extscache/omni.kit.notification_manager-1.0.10+69cbf6ad)
2026-08-01T02:19:41Z [1,624ms] [Info] [omni.kit.app.plugin] [1.667s] [ext: omni.kit.notification_manager-1.0.10] startup
2026-08-01T02:19:41Z [1,628ms] [Info] [omni.ext._impl._internal] Searching for classes derived from 'omni.ext.IExt' in 'omni.kit.notification_manager' ('c:\users\kskzz\miniconda3\envs\env_isaaclab\lib\site-packages\isaacsim\extscache\omni.kit.notification_manager-1.0.10+69cbf6ad')
2026-08-01T02:19:41Z [1,628ms] [Info] [omni.ext._impl._internal] Found class `NotificationManagerExtension` derived from `omni.ext.IExt` in module: 'omni.kit.notification_manager' in 'c:\users\kskzz\miniconda3\envs\env_isaaclab\lib\site-packages\isaacsim\extscache\omni.kit.notification_manager-1.0.10+69cbf6ad'. Calling `on_startup`.
2026-08-01T02:19:41Z [1,628ms] [Info] [omni.ext.plugin] [ext: omni.kit.notification_manager-1.0.10] started, startup time: 4 (ms)
2026-08-01T02:19:41Z [1,628ms] [Info] [omni.ext.plugin] About to startup: [ext: omni.graph-1.141.2] (order: 0) Triggered by: omni.graph.action_nodes-1.50.4, omni.graph.scriptnode-1.50.0, omni.graph.ui_nodes-1.50.5, omni.replicator.core-1.12.27, omni.syntheticdata-0.6.13, omni.warp-1.8.2 (path: c:/users/kskzz/miniconda3/envs/env_isaaclab/lib/site-packages/isaacsim/extscache/omni.graph-1.141.2+69cbf6ad.wx64.r.cp311)
2026-08-01T02:19:41Z [1,628ms] [Info] [omni.kit.app.plugin] [1.671s] [ext: omni.graph-1.141.2] startup
2026-08-01T02:19:42Z [1,701ms] [Info] [omni.ext._impl._internal] Searching for classes derived from 'omni.ext.IExt' in 'omni.graph.core' ('c:\users\kskzz\miniconda3\envs\env_isaaclab\lib\site-packages\isaacsim\extscache\omni.graph-1.141.2+69cbf6ad.wx64.r.cp311')
2026-08-01T02:19:42Z [1,701ms] [Info] [omni.ext._impl._internal] Found class `_PublicExtension` derived from `omni.ext.IExt` in module: 'omni.graph.core' in 'c:\users\kskzz\miniconda3\envs\env_isaaclab\lib\site-packages\isaacsim\extscache\omni.graph-1.141.2+69cbf6ad.wx64.r.cp311'. Calling `on_startup`.
2026-08-01T02:19:42Z [1,704ms] [Info] [omni.ext.plugin] [ext: omni.graph-1.141.2] started, startup time: 75 (ms)
2026-08-01T02:19:42Z [1,706ms] [Info] [omni.ext.plugin] About to startup: [ext: omni.kit.window.filepicker-2.13.4] (order: 0) Triggered by: omni.kit.window.file_exporter-1.0.33, omni.kit.window.material_graph-1.9.1 (path: c:/users/kskzz/miniconda3/envs/env_isaaclab/lib/site-packages/isaacsim/extscache/omni.kit.window.filepicker-2.13.4+69cbf6ad)
2026-08-01T02:19:42Z [1,706ms] [Info] [omni.kit.app.plugin] [1.749s] [ext: omni.kit.window.filepicker-2.13.4] startup
2026-08-01T02:19:42Z [1,739ms] [Info] [omni.ext._impl._internal] Searching for classes derived from 'omni.ext.IExt' in 'omni.kit.window.filepicker' ('c:\users\kskzz\miniconda3\envs\env_isaaclab\lib\site-packages\isaacsim\extscache\omni.kit.window.filepicker-2.13.4+69cbf6ad')
2026-08-01T02:19:42Z [1,739ms] [Info] [omni.ext._impl._internal] Found class `FilePickerExtension` derived from `omni.ext.IExt` in module: 'omni.kit.window.filepicker' in 'c:\users\kskzz\miniconda3\envs\env_isaaclab\lib\site-packages\isaacsim\extscache\omni.kit.window.filepicker-2.13.4+69cbf6ad'. Calling `on_startup`.
2026-08-01T02:19:42Z [1,739ms] [Info] [omni.ext.plugin] [ext: omni.kit.window.filepicker-2.13.4] started, startup time: 33 (ms)
2026-08-01T02:19:42Z [1,740ms] [Info] [omni.ext.plugin] About to startup: [ext: omni.kit.widget.filter-1.1.4] (order: 0) Triggered by: omni.kit.widget.stage-3.1.4 (path: c:/users/kskzz/miniconda3/envs/env_isaaclab/lib/site-packages/isaacsim/extscache/omni.kit.widget.filter-1.1.4+69cbf6ad)
2026-08-01T02:19:42Z [1,740ms] [Info] [omni.kit.app.plugin] [1.783s] [ext: omni.kit.widget.filter-1.1.4] startup
2026-08-01T02:19:42Z [1,740ms] [Info] [omni.ext.plugin] [ext manager] preferLocalVersions: 1
2026-08-01T02:19:42Z [1,742ms] [Info] [omni.ext._impl._internal] Searching for classes derived from 'omni.ext.IExt' in 'omni.kit.widget.filter' ('c:\users\kskzz\miniconda3\envs\env_isaaclab\lib\site-packages\isaacsim\extscache\omni.kit.widget.filter-1.1.4+69cbf6ad')
2026-08-01T02:19:42Z [1,742ms] [Info] [omni.ext.plugin] [ext: omni.kit.widget.filter-1.1.4] started, startup time: 2 (ms)
2026-08-01T02:19:42Z [1,743ms] [Info] [omni.ext.plugin] About to startup: [ext: omni.kit.window.file_exporter-1.0.33] (order: 0) Triggered by: omni.kit.widget.stage-3.1.4 (path: c:/users/kskzz/miniconda3/envs/env_isaaclab/lib/site-packages/isaacsim/extscache/omni.kit.window.file_exporter-1.0.33+69cbf6ad)
2026-08-01T02:19:42Z [1,743ms] [Info] [omni.kit.app.plugin] [1.786s] [ext: omni.kit.window.file_exporter-1.0.33] startup
2026-08-01T02:19:42Z [1,743ms] [Info] [omni.ext.plugin] [ext manager] preferLocalVersions: 1
2026-08-01T02:19:42Z [1,747ms] [Info] [omni.ext._impl._internal] Searching for classes derived from 'omni.ext.IExt' in 'omni.kit.window.file_exporter' ('c:\users\kskzz\miniconda3\envs\env_isaaclab\lib\site-packages\isaacsim\extscache\omni.kit.window.file_exporter-1.0.33+69cbf6ad')
2026-08-01T02:19:42Z [1,747ms] [Info] [omni.ext._impl._internal] Found class `FileExporterExtension` derived from `omni.ext.IExt` in module: 'omni.kit.window.file_exporter' in 'c:\users\kskzz\miniconda3\envs\env_isaaclab\lib\site-packages\isaacsim\extscache\omni.kit.window.file_exporter-1.0.33+69cbf6ad'. Calling `on_startup`.
2026-08-01T02:19:42Z [1,750ms] [Info] [omni.ext.plugin] [ext: omni.kit.window.file_exporter-1.0.33] started, startup time: 7 (ms)
2026-08-01T02:19:42Z [1,750ms] [Info] [omni.ext.plugin] About to startup: [ext: omni.kit.hotkeys.core-1.3.10] (order: 0) Triggered by: omni.kit.widget.stage-3.1.4,  (path: c:/users/kskzz/miniconda3/envs/env_isaaclab/lib/site-packages/isaacsim/extscache/omni.kit.hotkeys.core-1.3.10+69cbf6ad)
2026-08-01T02:19:42Z [1,750ms] [Info] [omni.kit.app.plugin] [1.793s] [ext: omni.kit.hotkeys.core-1.3.10] startup
2026-08-01T02:19:42Z [1,750ms] [Info] [omni.ext.plugin] [ext manager] preferLocalVersions: 1
2026-08-01T02:19:42Z [1,758ms] [Info] [omni.ext._impl._internal] Searching for classes derived from 'omni.ext.IExt' in 'omni.kit.hotkeys.core' ('c:\users\kskzz\miniconda3\envs\env_isaaclab\lib\site-packages\isaacsim\extscache\omni.kit.hotkeys.core-1.3.10+69cbf6ad')
2026-08-01T02:19:42Z [1,758ms] [Info] [omni.ext._impl._internal] Found class `HotkeysExtension` derived from `omni.ext.IExt` in module: 'omni.kit.hotkeys.core' in 'c:\users\kskzz\miniconda3\envs\env_isaaclab\lib\site-packages\isaacsim\extscache\omni.kit.hotkeys.core-1.3.10+69cbf6ad'. Calling `on_startup`.
2026-08-01T02:19:42Z [1,759ms] [Info] [omni.kit.hotkeys.core.storage] [Hotkey] 0 user defined hotkeys
2026-08-01T02:19:42Z [1,759ms] [Info] [omni.ext.plugin] [ext: omni.kit.hotkeys.core-1.3.10] started, startup time: 8 (ms)
2026-08-01T02:19:42Z [1,759ms] [Info] [omni.ext.plugin] About to startup: [ext: omni.kit.menu.utils-2.0.5] (order: 0) Triggered by: omni.kit.window.material_graph-1.9.1, omni.kit.window.preferences-1.8.0,  (path: c:/users/kskzz/miniconda3/envs/env_isaaclab/lib/site-packages/isaacsim/extscache/omni.kit.menu.utils-2.0.5+69cbf6ad)
2026-08-01T02:19:42Z [1,759ms] [Info] [omni.kit.app.plugin] [1.802s] [ext: omni.kit.menu.utils-2.0.5] startup
2026-08-01T02:19:42Z [1,759ms] [Info] [omni.ext.plugin] [ext manager] preferLocalVersions: 1
2026-08-01T02:19:42Z [1,765ms] [Info] [omni.ext._impl._internal] Searching for classes derived from 'omni.ext.IExt' in 'omni.kit.menu.utils' ('c:\users\kskzz\miniconda3\envs\env_isaaclab\lib\site-packages\isaacsim\extscache\omni.kit.menu.utils-2.0.5+69cbf6ad')
2026-08-01T02:19:42Z [1,765ms] [Info] [omni.ext._impl._internal] Found class `MenuUtilsDebugExtension` derived from `omni.ext.IExt` in module: 'omni.kit.menu.utils' in 'c:\users\kskzz\miniconda3\envs\env_isaaclab\lib\site-packages\isaacsim\extscache\omni.kit.menu.utils-2.0.5+69cbf6ad'. Calling `on_startup`.
2026-08-01T02:19:42Z [1,766ms] [Info] [omni.ext._impl._internal] Found class `MenuUtilsExtension` derived from `omni.ext.IExt` in module: 'omni.kit.menu.utils' in 'c:\users\kskzz\miniconda3\envs\env_isaaclab\lib\site-packages\isaacsim\extscache\omni.kit.menu.utils-2.0.5+69cbf6ad'. Calling `on_startup`.
2026-08-01T02:19:42Z [1,767ms] [Info] [omni.kit.menu.utils.app_menu] omni.kit.mainwindow is not loaded. Menus are disabled
2026-08-01T02:19:42Z [1,767ms] [Info] [omni.ext.plugin] [ext: omni.kit.menu.utils-2.0.5] started, startup time: 8 (ms)
2026-08-01T02:19:42Z [1,767ms] [Info] [omni.ext.plugin] About to startup: [ext: omni.kit.widget.stage-3.1.4] (order: 0) Triggered by: omni.kit.window.material_graph-1.9.1 (path: c:/users/kskzz/miniconda3/envs/env_isaaclab/lib/site-packages/isaacsim/extscache/omni.kit.widget.stage-3.1.4+69cbf6ad)
2026-08-01T02:19:42Z [1,767ms] [Info] [omni.kit.app.plugin] [1.811s] [ext: omni.kit.widget.stage-3.1.4] startup
2026-08-01T02:19:42Z [1,768ms] [Info] [omni.ext.plugin] [ext manager] preferLocalVersions: 1
2026-08-01T02:19:42Z [1,790ms] [Info] [omni.ext._impl._internal] Searching for classes derived from 'omni.ext.IExt' in 'omni.kit.widget.stage' ('c:\users\kskzz\miniconda3\envs\env_isaaclab\lib\site-packages\isaacsim\extscache\omni.kit.widget.stage-3.1.4+69cbf6ad')
2026-08-01T02:19:42Z [1,790ms] [Info] [omni.ext._impl._internal] Found class `StageWidgetExtension` derived from `omni.ext.IExt` in module: 'omni.kit.widget.stage' in 'c:\users\kskzz\miniconda3\envs\env_isaaclab\lib\site-packages\isaacsim\extscache\omni.kit.widget.stage-3.1.4+69cbf6ad'. Calling `on_startup`.
2026-08-01T02:19:42Z [1,791ms] [Info] [omni.ext.plugin] [ext: omni.kit.widget.stage-3.1.4] started, startup time: 23 (ms)
2026-08-01T02:19:42Z [1,791ms] [Info] [omni.ext.plugin] About to startup: [ext: omni.kit.widget.material_preview-1.0.16] (order: 0) Triggered by: omni.kit.window.material_graph-1.9.1 (path: c:/users/kskzz/miniconda3/envs/env_isaaclab/lib/site-packages/isaacsim/extscache/omni.kit.widget.material_preview-1.0.16)
2026-08-01T02:19:42Z [1,791ms] [Info] [omni.kit.app.plugin] [1.835s] [ext: omni.kit.widget.material_preview-1.0.16] startup
2026-08-01T02:19:42Z [1,792ms] [Info] [omni.ext.plugin] [ext manager] preferLocalVersions: 1
2026-08-01T02:19:42Z [1,796ms] [Info] [omni.ext._impl._internal] Searching for classes derived from 'omni.ext.IExt' in 'omni.kit.widget.material_preview' ('c:\users\kskzz\miniconda3\envs\env_isaaclab\lib\site-packages\isaacsim\extscache\omni.kit.widget.material_preview-1.0.16')
2026-08-01T02:19:42Z [1,796ms] [Info] [omni.ext.plugin] [ext: omni.kit.widget.material_preview-1.0.16] started, startup time: 5 (ms)
2026-08-01T02:19:42Z [1,797ms] [Info] [omni.ext.plugin] About to startup: [ext: omni.graph.scriptnode-1.50.0] (order: 0) Triggered by: omni.replicator.core-1.12.27 (path: c:/users/kskzz/miniconda3/envs/env_isaaclab/lib/site-packages/isaacsim/extscache/omni.graph.scriptnode-1.50.0+107.3.0)
2026-08-01T02:19:42Z [1,797ms] [Info] [omni.kit.app.plugin] [1.840s] [ext: omni.graph.scriptnode-1.50.0] startup
2026-08-01T02:19:42Z [1,797ms] [Info] [omni.ext.plugin] [ext manager] preferLocalVersions: 1
2026-08-01T02:19:42Z [1,799ms] [Info] [omni.ext._impl._internal] Searching for classes derived from 'omni.ext.IExt' in 'omni.graph.scriptnode' ('c:\users\kskzz\miniconda3\envs\env_isaaclab\lib\site-packages\isaacsim\extscache\omni.graph.scriptnode-1.50.0+107.3.0')
2026-08-01T02:19:42Z [1,799ms] [Info] [omni.ext._impl._internal] Found class `_PublicExtension` derived from `omni.ext.IExt` in module: 'omni.graph.scriptnode' in 'c:\users\kskzz\miniconda3\envs\env_isaaclab\lib\site-packages\isaacsim\extscache\omni.graph.scriptnode-1.50.0+107.3.0'. Calling `on_startup`.
2026-08-01T02:19:42Z [1,799ms] [Info] [omni.ext.plugin] [ext: omni.graph.scriptnode-1.50.0] started, startup time: 2 (ms)
2026-08-01T02:19:42Z [1,799ms] [Info] [omni.ext.plugin] About to startup: [ext: omni.kit.material.library-2.0.7] (order: 0) Triggered by: isaaclab.python.headless.rendering-2.3.2, omni.kit.window.material_graph-1.9.1, omni.replicator.core-1.12.27 (path: c:/users/kskzz/miniconda3/envs/env_isaaclab/lib/site-packages/isaacsim/extscache/omni.kit.material.library-2.0.7+69cbf6ad)
2026-08-01T02:19:42Z [1,799ms] [Info] [omni.kit.app.plugin] [1.842s] [ext: omni.kit.material.library-2.0.7] startup
2026-08-01T02:19:42Z [1,799ms] [Info] [omni.ext.plugin] [ext manager] preferLocalVersions: 1
2026-08-01T02:19:42Z [1,812ms] [Info] [omni.ext._impl._internal] Searching for classes derived from 'omni.ext.IExt' in 'omni.kit.material.library' ('c:\users\kskzz\miniconda3\envs\env_isaaclab\lib\site-packages\isaacsim\extscache\omni.kit.material.library-2.0.7+69cbf6ad')
2026-08-01T02:19:42Z [1,812ms] [Info] [omni.ext._impl._internal] Found class `MaterialLibraryExtension` derived from `omni.ext.IExt` in module: 'omni.kit.material.library' in 'c:\users\kskzz\miniconda3\envs\env_isaaclab\lib\site-packages\isaacsim\extscache\omni.kit.material.library-2.0.7+69cbf6ad'. Calling `on_startup`.
2026-08-01T02:19:42Z [1,813ms] [Info] [omni.ext.plugin] [ext: omni.kit.material.library-2.0.7] started, startup time: 14 (ms)
2026-08-01T02:19:42Z [1,815ms] [Info] [omni.ext.plugin] [ext manager] preferLocalVersions: 1
2026-08-01T02:19:42Z [1,815ms] [Info] [omni.ext.plugin] About to startup: [ext: omni.kit.widget.viewport-107.1.3] (order: 0) Triggered by: omni.kit.viewport.window-107.2.0 (path: c:/users/kskzz/miniconda3/envs/env_isaaclab/lib/site-packages/isaacsim/extscache/omni.kit.widget.viewport-107.1.3+69cbf6ad)
2026-08-01T02:19:42Z [1,815ms] [Info] [omni.kit.app.plugin] [1.858s] [ext: omni.kit.widget.viewport-107.1.3] startup
2026-08-01T02:19:42Z [1,829ms] [Error] [omni.graph.tools._impl.internal.extension_contents_1_18] Exception while importing test omni.graph.scriptnode.ogn.tests.TestOgnScriptNode: Traceback (most recent call last):
  File "c:/users/kskzz/miniconda3/envs/env_isaaclab/lib/site-packages/isaacsim/extscache/omni.graph.tools-1.79.2+69cbf6ad/omni/graph/tools/_impl/internal/extension_contents_1_18.py", line 394, in do_import_test_definition
    test_module = load_module_from_file(test_module_name, test_file)
                  ^^^^^^^^^^^^^^^^^^^^^^^^^^^^^^^^^^^^^^^^^^^^^^^^^^
  File "c:/users/kskzz/miniconda3/envs/env_isaaclab/lib/site-packages/isaacsim/extscache/omni.graph.tools-1.79.2+69cbf6ad/omni/graph/tools/_impl/internal/file_utils.py", line 239, in load_module_from_file
    spec.loader.exec_module(module)
  File "<frozen importlib._bootstrap_external>", line 940, in exec_module
  File "<frozen importlib._bootstrap>", line 241, in _call_with_frames_removed
  File "c:\users\kskzz\miniconda3\envs\env_isaaclab\lib\site-packages\isaacsim\extscache\omni.graph.scriptnode-1.50.0+107.3.0\omni\graph\scriptnode\ogn\tests\TestOgnScriptNode.py", line 4, in <module>
    import omni.graph.core.tests as ogts
  File "c:/users/kskzz/miniconda3/envs/env_isaaclab/lib/site-packages/isaacsim/extscache/omni.graph-1.141.2+69cbf6ad.wx64.r.cp311/omni/graph/core/tests/__init__.py", line 20, in <module>
    from .omnigraph_test_utils import OmniGraphTestCase
  File "c:/users/kskzz/miniconda3/envs/env_isaaclab/lib/site-packages/isaacsim/extscache/omni.graph-1.141.2+69cbf6ad.wx64.r.cp311/omni/graph/core/tests/omnigraph_test_utils.py", line 198, in <module>
    OmniGraphTestCase = test_case_class()
                        ^^^^^^^^^^^^^^^^^
  File "c:/users/kskzz/miniconda3/envs/env_isaaclab/lib/site-packages/isaacsim/extscache/omni.graph-1.141.2+69cbf6ad.wx64.r.cp311/omni/graph/core/tests/omnigraph_test_utils.py", line 135, in test_case_class
    base_class = omni.kit.test.AsyncTestCase
                 ^^^^^^^^^^^^^
AttributeError: module 'omni.kit' has no attribute 'test'

2026-08-01T02:19:42Z [1,829ms] [Info] [omni.graph.core.plugin] Creating unregistered node type omni.graph.scriptnode.ScriptNode (version 2)
2026-08-01T02:19:42Z [1,840ms] [Info] [omni.ext._impl._internal] Searching for classes derived from 'omni.ext.IExt' in 'omni.kit.widget.viewport' ('c:\users\kskzz\miniconda3\envs\env_isaaclab\lib\site-packages\isaacsim\extscache\omni.kit.widget.viewport-107.1.3+69cbf6ad')
2026-08-01T02:19:42Z [1,840ms] [Info] [omni.ext._impl._internal] Found class `ViewportWidgetExtension` derived from `omni.ext.IExt` in module: 'omni.kit.widget.viewport' in 'c:\users\kskzz\miniconda3\envs\env_isaaclab\lib\site-packages\isaacsim\extscache\omni.kit.widget.viewport-107.1.3+69cbf6ad'. Calling `on_startup`.
2026-08-01T02:19:42Z [1,840ms] [Info] [omni.ext.plugin] [ext: omni.kit.widget.viewport-107.1.3] started, startup time: 24 (ms)
2026-08-01T02:19:42Z [1,840ms] [Info] [omni.ext.plugin] About to startup: [ext: omni.kit.viewport.registry-104.0.6] (order: 0) Triggered by: omni.kit.viewport.window-107.2.0,  (path: c:/users/kskzz/miniconda3/envs/env_isaaclab/lib/site-packages/isaacsim/extscache/omni.kit.viewport.registry-104.0.6+69cbf6ad)
2026-08-01T02:19:42Z [1,840ms] [Info] [omni.kit.app.plugin] [1.884s] [ext: omni.kit.viewport.registry-104.0.6] startup
2026-08-01T02:19:42Z [1,841ms] [Info] [omni.ext.plugin] [ext manager] preferLocalVersions: 1
2026-08-01T02:19:42Z [1,842ms] [Info] [omni.ext._impl._internal] Searching for classes derived from 'omni.ext.IExt' in 'omni.kit.viewport.registry' ('c:\users\kskzz\miniconda3\envs\env_isaaclab\lib\site-packages\isaacsim\extscache\omni.kit.viewport.registry-104.0.6+69cbf6ad')
2026-08-01T02:19:42Z [1,843ms] [Info] [omni.ext.plugin] [ext: omni.kit.viewport.registry-104.0.6] started, startup time: 2 (ms)
2026-08-01T02:19:42Z [1,843ms] [Info] [omni.ext.plugin] About to startup: [ext: omni.hydra.engine.stats-1.0.3] (order: 0) Triggered by: omni.replicator.core-1.12.27 (path: c:/users/kskzz/miniconda3/envs/env_isaaclab/lib/site-packages/isaacsim/extscache/omni.hydra.engine.stats-1.0.3+69cbf6ad.wx64.r.cp311)
2026-08-01T02:19:42Z [1,843ms] [Info] [omni.kit.app.plugin] [1.886s] [ext: omni.hydra.engine.stats-1.0.3] startup
2026-08-01T02:19:42Z [1,843ms] [Info] [omni.ext.plugin] [ext manager] preferLocalVersions: 1
2026-08-01T02:19:42Z [1,847ms] [Info] [omni.ext._impl._internal] Searching for classes derived from 'omni.ext.IExt' in 'omni.hydra.engine.stats' ('c:\users\kskzz\miniconda3\envs\env_isaaclab\lib\site-packages\isaacsim\extscache\omni.hydra.engine.stats-1.0.3+69cbf6ad.wx64.r.cp311')
2026-08-01T02:19:42Z [1,847ms] [Info] [omni.ext.plugin] [ext: omni.hydra.engine.stats-1.0.3] started, startup time: 4 (ms)
2026-08-01T02:19:42Z [1,848ms] [Info] [omni.ext.plugin] About to startup: [ext: omni.kit.widget.settings-1.2.6] (order: 0) Triggered by: omni.kit.window.preferences-1.8.0,  (path: c:/users/kskzz/miniconda3/envs/env_isaaclab/lib/site-packages/isaacsim/extscache/omni.kit.widget.settings-1.2.6+69cbf6ad)
2026-08-01T02:19:42Z [1,848ms] [Info] [omni.kit.app.plugin] [1.891s] [ext: omni.kit.widget.settings-1.2.6] startup
2026-08-01T02:19:42Z [1,848ms] [Info] [omni.ext.plugin] [ext manager] preferLocalVersions: 1
2026-08-01T02:19:42Z [1,852ms] [Info] [omni.ext._impl._internal] Searching for classes derived from 'omni.ext.IExt' in 'omni.kit.widget.settings' ('c:\users\kskzz\miniconda3\envs\env_isaaclab\lib\site-packages\isaacsim\extscache\omni.kit.widget.settings-1.2.6+69cbf6ad')
2026-08-01T02:19:42Z [1,852ms] [Info] [omni.ext.plugin] [ext: omni.kit.widget.settings-1.2.6] started, startup time: 4 (ms)
2026-08-01T02:19:42Z [1,853ms] [Info] [omni.ext.plugin] About to startup: [ext: omni.kit.viewport.window-107.2.0] (order: 0) Triggered by: omni.replicator.core-1.12.27,  (path: c:/users/kskzz/miniconda3/envs/env_isaaclab/lib/site-packages/isaacsim/extscache/omni.kit.viewport.window-107.2.0+69cbf6ad)
2026-08-01T02:19:42Z [1,853ms] [Info] [omni.kit.app.plugin] [1.896s] [ext: omni.kit.viewport.window-107.2.0] startup
2026-08-01T02:19:42Z [1,853ms] [Info] [omni.ext.plugin] [ext manager] preferLocalVersions: 1
2026-08-01T02:19:42Z [1,860ms] [Info] [omni.ext._impl._internal] Searching for classes derived from 'omni.ext.IExt' in 'omni.kit.viewport.window' ('c:\users\kskzz\miniconda3\envs\env_isaaclab\lib\site-packages\isaacsim\extscache\omni.kit.viewport.window-107.2.0+69cbf6ad')
2026-08-01T02:19:42Z [1,860ms] [Info] [omni.ext._impl._internal] Found class `ViewportWindowExtension` derived from `omni.ext.IExt` in module: 'omni.kit.viewport.window' in 'c:\users\kskzz\miniconda3\envs\env_isaaclab\lib\site-packages\isaacsim\extscache\omni.kit.viewport.window-107.2.0+69cbf6ad'. Calling `on_startup`.
2026-08-01T02:19:42Z [1,860ms] [Info] [omni.kit.viewport.window.menu_entry] Creating Viewport menu-entry: 'Viewport 1' to show 'Viewport' with visibility: True as default: True
2026-08-01T02:19:42Z [1,864ms] [Info] [carb] Initializing plugin: carb.blockcompression.plugin (interfaces: [carb::blockcompression::BlockCompression v0.2]) (impl: carb.blockcompression.plugin)
2026-08-01T02:19:42Z [1,865ms] [Info] [omni.kit.renderer.plugin] Attaching default app window "Omniverse Kit 5.1.0"
2026-08-01T02:19:42Z [1,866ms] [Info] [gpu.foundation.plugin] Setting mgpu copy backend to 'cuda'
2026-08-01T02:19:42Z [1,868ms] [Info] [carb] Plugin omni.kit.renderer.plugin is already a dependency of omni.kit.app.plugin; not changing unload order
2026-08-01T02:19:42Z [1,868ms] [Info] [carb] Initializing plugin: omni.ui.windowmanager.plugin (interfaces: [omni::ui::windowmanager::IWindowCallbackManager v0.3]) (impl: omni.ui.windowmanager.plugin)
2026-08-01T02:19:42Z [1,868ms] [Info] [carb] Plugin omni.kit.imgui_renderer.plugin is already a dependency of omni.ui.windowmanager.plugin; not changing unload order
2026-08-01T02:19:42Z [1,868ms] [Info] [carb] Initializing plugin: carb.imguizmo.plugin (interfaces: [carb::imguizmo::ImGuizmo v1.0]) (impl: carb.imguizmo.plugin)
2026-08-01T02:19:42Z [1,868ms] [Info] [carb] Initializing plugin: omni.ui.glyphmanager.plugin (interfaces: [omni::ui::IGlyphManager v1.0]) (impl: omni.ui.glyphmanager.plugin)
2026-08-01T02:19:42Z [1,869ms] [Info] [carb] Plugin omni.kit.imgui_renderer.plugin is already a dependency of omni.kit.app.plugin; not changing unload order
2026-08-01T02:19:42Z [1,872ms] [Info] [carb] Initializing plugin: carb.svg.plugin (interfaces: [carb::svg::Svg v0.1]) (impl: carb.svg.plugin)
2026-08-01T02:19:42Z [1,873ms] [Info] [omni.ui.glyphmanager.plugin] Loading font file c:/users/kskzz/miniconda3/envs/env_isaaclab/lib/site-packages/isaacsim/kit/resources/fonts/roboto_medium.ttf
2026-08-01T02:19:42Z [1,876ms] [Info] [omni.ui.glyphmanager.plugin] Attempting to register glyph from file: c:/users/kskzz/miniconda3/envs/env_isaaclab/lib/site-packages/isaacsim/kit/resources/glyphs/action_graph.svg
2026-08-01T02:19:42Z [1,876ms] [Info] [omni.ui.glyphmanager.plugin] Attempting to register glyph from file: c:/users/kskzz/miniconda3/envs/env_isaaclab/lib/site-packages/isaacsim/kit/resources/glyphs/angle_left.svg
2026-08-01T02:19:42Z [1,876ms] [Info] [omni.ui.glyphmanager.plugin] Attempting to register glyph from file: c:/users/kskzz/miniconda3/envs/env_isaaclab/lib/site-packages/isaacsim/kit/resources/glyphs/arrow_down.svg
2026-08-01T02:19:42Z [1,876ms] [Info] [omni.ui.glyphmanager.plugin] Attempting to register glyph from file: c:/users/kskzz/miniconda3/envs/env_isaaclab/lib/site-packages/isaacsim/kit/resources/glyphs/AOV_dark.svg
2026-08-01T02:19:42Z [1,876ms] [Info] [omni.ui.glyphmanager.plugin] Attempting to register glyph from file: c:/users/kskzz/miniconda3/envs/env_isaaclab/lib/site-packages/isaacsim/kit/resources/glyphs/arrow_up.svg
2026-08-01T02:19:42Z [1,876ms] [Info] [omni.ui.glyphmanager.plugin] Attempting to register glyph from file: c:/users/kskzz/miniconda3/envs/env_isaaclab/lib/site-packages/isaacsim/kit/resources/glyphs/book.svg
2026-08-01T02:19:42Z [1,876ms] [Info] [omni.ui.glyphmanager.plugin] Attempting to register glyph from file: c:/users/kskzz/miniconda3/envs/env_isaaclab/lib/site-packages/isaacsim/kit/resources/glyphs/angle_right.svg
2026-08-01T02:19:42Z [1,876ms] [Info] [omni.ui.glyphmanager.plugin] Attempting to register glyph from file: c:/users/kskzz/miniconda3/envs/env_isaaclab/lib/site-packages/isaacsim/kit/resources/glyphs/button.svg
2026-08-01T02:19:42Z [1,876ms] [Info] [omni.ui.glyphmanager.plugin] Attempting to register glyph from file: c:/users/kskzz/miniconda3/envs/env_isaaclab/lib/site-packages/isaacsim/kit/resources/glyphs/camera.svg
2026-08-01T02:19:42Z [1,876ms] [Info] [omni.ui.glyphmanager.plugin] Attempting to register glyph from file: c:/users/kskzz/miniconda3/envs/env_isaaclab/lib/site-packages/isaacsim/kit/resources/glyphs/asterisk.svg
2026-08-01T02:19:42Z [1,876ms] [Info] [omni.ui.glyphmanager.plugin] Attempting to register glyph from file: c:/users/kskzz/miniconda3/envs/env_isaaclab/lib/site-packages/isaacsim/kit/resources/glyphs/check_square.svg
2026-08-01T02:19:42Z [1,876ms] [Info] [omni.ui.glyphmanager.plugin] Attempting to register glyph from file: c:/users/kskzz/miniconda3/envs/env_isaaclab/lib/site-packages/isaacsim/kit/resources/glyphs/audio.svg
2026-08-01T02:19:42Z [1,876ms] [Info] [omni.ui.glyphmanager.plugin] Attempting to register glyph from file: c:/users/kskzz/miniconda3/envs/env_isaaclab/lib/site-packages/isaacsim/kit/resources/glyphs/circle.svg
2026-08-01T02:19:42Z [1,876ms] [Info] [omni.ui.glyphmanager.plugin] Attempting to register glyph from file: c:/users/kskzz/miniconda3/envs/env_isaaclab/lib/site-packages/isaacsim/kit/resources/glyphs/cloud.svg
2026-08-01T02:19:42Z [1,876ms] [Info] [omni.ui.glyphmanager.plugin] Attempting to register glyph from file: c:/users/kskzz/miniconda3/envs/env_isaaclab/lib/site-packages/isaacsim/kit/resources/glyphs/cloud_upload.svg
2026-08-01T02:19:42Z [1,876ms] [Info] [omni.ui.glyphmanager.plugin] Attempting to register glyph from file: c:/users/kskzz/miniconda3/envs/env_isaaclab/lib/site-packages/isaacsim/kit/resources/glyphs/check_solid.svg
2026-08-01T02:19:42Z [1,876ms] [Info] [omni.ui.glyphmanager.plugin] Attempting to register glyph from file: c:/users/kskzz/miniconda3/envs/env_isaaclab/lib/site-packages/isaacsim/kit/resources/glyphs/Clear_Log.svg
2026-08-01T02:19:42Z [1,876ms] [Info] [omni.ui.glyphmanager.plugin] Attempting to register glyph from file: c:/users/kskzz/miniconda3/envs/env_isaaclab/lib/site-packages/isaacsim/kit/resources/glyphs/curve_dark.svg
2026-08-01T02:19:42Z [1,876ms] [Info] [omni.ui.glyphmanager.plugin] Attempting to register glyph from file: c:/users/kskzz/miniconda3/envs/env_isaaclab/lib/site-packages/isaacsim/kit/resources/glyphs/desktop.svg
2026-08-01T02:19:42Z [1,876ms] [Info] [omni.ui.glyphmanager.plugin] Attempting to register glyph from file: c:/users/kskzz/miniconda3/envs/env_isaaclab/lib/site-packages/isaacsim/kit/resources/glyphs/audio_play.svg
2026-08-01T02:19:42Z [1,876ms] [Info] [omni.ui.glyphmanager.plugin] Attempting to register glyph from file: c:/users/kskzz/miniconda3/envs/env_isaaclab/lib/site-packages/isaacsim/kit/resources/glyphs/docs.svg
2026-08-01T02:19:42Z [1,876ms] [Info] [omni.ui.glyphmanager.plugin] Attempting to register glyph from file: c:/users/kskzz/miniconda3/envs/env_isaaclab/lib/site-packages/isaacsim/kit/resources/glyphs/audio_record.svg
2026-08-01T02:19:42Z [1,876ms] [Info] [omni.ui.glyphmanager.plugin] Attempting to register glyph from file: c:/users/kskzz/miniconda3/envs/env_isaaclab/lib/site-packages/isaacsim/kit/resources/glyphs/cog.svg
2026-08-01T02:19:42Z [1,876ms] [Info] [omni.ui.glyphmanager.plugin] Attempting to register glyph from file: c:/users/kskzz/miniconda3/envs/env_isaaclab/lib/site-packages/isaacsim/kit/resources/glyphs/copy.svg
2026-08-01T02:19:42Z [1,876ms] [Info] [omni.ui.glyphmanager.plugin] Attempting to register glyph from file: c:/users/kskzz/miniconda3/envs/env_isaaclab/lib/site-packages/isaacsim/kit/resources/glyphs/cross_check.svg
2026-08-01T02:19:42Z [1,876ms] [Info] [omni.ui.glyphmanager.plugin] Attempting to register glyph from file: c:/users/kskzz/miniconda3/envs/env_isaaclab/lib/site-packages/isaacsim/kit/resources/glyphs/cube.svg
2026-08-01T02:19:42Z [1,876ms] [Info] [omni.ui.glyphmanager.plugin] Attempting to register glyph from file: c:/users/kskzz/miniconda3/envs/env_isaaclab/lib/site-packages/isaacsim/kit/resources/glyphs/data2ui.svg
2026-08-01T02:19:42Z [1,876ms] [Info] [omni.ui.glyphmanager.plugin] Attempting to register glyph from file: c:/users/kskzz/miniconda3/envs/env_isaaclab/lib/site-packages/isaacsim/kit/resources/glyphs/animation_graph.svg
2026-08-01T02:19:42Z [1,876ms] [Info] [omni.ui.glyphmanager.plugin] Attempting to register glyph from file: c:/users/kskzz/miniconda3/envs/env_isaaclab/lib/site-packages/isaacsim/kit/resources/glyphs/database.svg
2026-08-01T02:19:42Z [1,876ms] [Info] [omni.ui.glyphmanager.plugin] Attempting to register glyph from file: c:/users/kskzz/miniconda3/envs/env_isaaclab/lib/site-packages/isaacsim/kit/resources/glyphs/bookmark.svg
2026-08-01T02:19:42Z [1,876ms] [Info] [omni.ui.glyphmanager.plugin] Attempting to register glyph from file: c:/users/kskzz/miniconda3/envs/env_isaaclab/lib/site-packages/isaacsim/kit/resources/glyphs/edit_deactivate.svg
2026-08-01T02:19:42Z [1,876ms] [Info] [omni.ui.glyphmanager.plugin] Attempting to register glyph from file: c:/users/kskzz/miniconda3/envs/env_isaaclab/lib/site-packages/isaacsim/kit/resources/glyphs/cloud_download.svg
2026-08-01T02:19:42Z [1,882ms] [Info] [omni.ui.glyphmanager.plugin] Attempting to register glyph from file: c:/users/kskzz/miniconda3/envs/env_isaaclab/lib/site-packages/isaacsim/kit/resources/glyphs/folder_open.svg
2026-08-01T02:19:42Z [1,882ms] [Info] [omni.ui.glyphmanager.plugin] Attempting to register glyph from file: c:/users/kskzz/miniconda3/envs/env_isaaclab/lib/site-packages/isaacsim/kit/resources/glyphs/Info_Log.svg
2026-08-01T02:19:42Z [1,882ms] [Info] [omni.ui.glyphmanager.plugin] Attempting to register glyph from file: c:/users/kskzz/miniconda3/envs/env_isaaclab/lib/site-packages/isaacsim/kit/resources/glyphs/materials.svg
2026-08-01T02:19:42Z [1,882ms] [Info] [omni.ui.glyphmanager.plugin] Attempting to register glyph from file: c:/users/kskzz/miniconda3/envs/env_isaaclab/lib/site-packages/isaacsim/kit/resources/glyphs/menu_minus.svg
2026-08-01T02:19:42Z [1,883ms] [Info] [omni.ui.glyphmanager.plugin] Attempting to register glyph from file: c:/users/kskzz/miniconda3/envs/env_isaaclab/lib/site-packages/isaacsim/kit/resources/glyphs/menu_save_as.svg
2026-08-01T02:19:42Z [1,883ms] [Info] [omni.ui.glyphmanager.plugin] Attempting to register glyph from file: c:/users/kskzz/miniconda3/envs/env_isaaclab/lib/site-packages/isaacsim/kit/resources/glyphs/menu_xform.svg
2026-08-01T02:19:42Z [1,883ms] [Info] [omni.ui.glyphmanager.plugin] Attempting to register glyph from file: c:/users/kskzz/miniconda3/envs/env_isaaclab/lib/site-packages/isaacsim/kit/resources/glyphs/sequence.svg
2026-08-01T02:19:42Z [1,883ms] [Info] [omni.ui.glyphmanager.plugin] Attempting to register glyph from file: c:/users/kskzz/miniconda3/envs/env_isaaclab/lib/site-packages/isaacsim/kit/resources/glyphs/toolbar_rotate_local.svg
2026-08-01T02:19:42Z [1,883ms] [Info] [omni.ui.glyphmanager.plugin] Attempting to register glyph from file: c:/users/kskzz/miniconda3/envs/env_isaaclab/lib/site-packages/isaacsim/kit/resources/glyphs/toolbar_select_models.svg
2026-08-01T02:19:42Z [1,883ms] [Info] [omni.ui.glyphmanager.plugin] Attempting to register glyph from file: c:/users/kskzz/miniconda3/envs/env_isaaclab/lib/site-packages/isaacsim/kit/resources/glyphs/toolbar_snap.svg
2026-08-01T02:19:42Z [1,883ms] [Info] [omni.ui.glyphmanager.plugin] Attempting to register glyph from file: c:/users/kskzz/miniconda3/envs/env_isaaclab/lib/site-packages/isaacsim/kit/resources/glyphs/hstack.svg
2026-08-01T02:19:42Z [1,883ms] [Info] [omni.ui.glyphmanager.plugin] Attempting to register glyph from file: c:/users/kskzz/miniconda3/envs/env_isaaclab/lib/site-packages/isaacsim/kit/resources/glyphs/menu_delete.svg
2026-08-01T02:19:42Z [1,883ms] [Info] [omni.ui.glyphmanager.plugin] Attempting to register glyph from file: c:/users/kskzz/miniconda3/envs/env_isaaclab/lib/site-packages/isaacsim/kit/resources/glyphs/layers_switch_global.svg
2026-08-01T02:19:42Z [1,883ms] [Info] [omni.ui.glyphmanager.plugin] Attempting to register glyph from file: c:/users/kskzz/miniconda3/envs/env_isaaclab/lib/site-packages/isaacsim/kit/resources/glyphs/menu_flatten_layers.svg
2026-08-01T02:19:42Z [1,883ms] [Info] [omni.ui.glyphmanager.plugin] Attempting to register glyph from file: c:/users/kskzz/miniconda3/envs/env_isaaclab/lib/site-packages/isaacsim/kit/resources/glyphs/mixed_checkbox.svg
2026-08-01T02:19:42Z [1,883ms] [Info] [omni.ui.glyphmanager.plugin] Attempting to register glyph from file: c:/users/kskzz/miniconda3/envs/env_isaaclab/lib/site-packages/isaacsim/kit/resources/glyphs/offset_active_dark.svg
2026-08-01T02:19:42Z [1,883ms] [Info] [omni.ui.glyphmanager.plugin] Attempting to register glyph from file: c:/users/kskzz/miniconda3/envs/env_isaaclab/lib/site-packages/isaacsim/kit/resources/glyphs/scrollingframe.svg
2026-08-01T02:19:42Z [1,883ms] [Info] [omni.ui.glyphmanager.plugin] Attempting to register glyph from file: c:/users/kskzz/miniconda3/envs/env_isaaclab/lib/site-packages/isaacsim/kit/resources/glyphs/timeline_play.svg
2026-08-01T02:19:42Z [1,883ms] [Info] [omni.ui.glyphmanager.plugin] Attempting to register glyph from file: c:/users/kskzz/miniconda3/envs/env_isaaclab/lib/site-packages/isaacsim/kit/resources/glyphs/none.svg
2026-08-01T02:19:42Z [1,883ms] [Info] [omni.ui.glyphmanager.plugin] Attempting to register glyph from file: c:/users/kskzz/miniconda3/envs/env_isaaclab/lib/site-packages/isaacsim/kit/resources/glyphs/toolbar_select_prim.svg
2026-08-01T02:19:42Z [1,883ms] [Info] [omni.ui.glyphmanager.plugin] Attempting to register glyph from file: c:/users/kskzz/miniconda3/envs/env_isaaclab/lib/site-packages/isaacsim/kit/resources/glyphs/layers_switch_local.svg
2026-08-01T02:19:42Z [1,883ms] [Info] [omni.ui.glyphmanager.plugin] Attempting to register glyph from file: c:/users/kskzz/miniconda3/envs/env_isaaclab/lib/site-packages/isaacsim/kit/resources/glyphs/list.svg
2026-08-01T02:19:42Z [1,883ms] [Info] [omni.ui.glyphmanager.plugin] Attempting to register glyph from file: c:/users/kskzz/miniconda3/envs/env_isaaclab/lib/site-packages/isaacsim/kit/resources/glyphs/menu_activate.svg
2026-08-01T02:19:42Z [1,884ms] [Info] [omni.ui.glyphmanager.plugin] Attempting to register glyph from file: c:/users/kskzz/miniconda3/envs/env_isaaclab/lib/site-packages/isaacsim/kit/resources/glyphs/menu_curve.svg
2026-08-01T02:19:42Z [1,884ms] [Info] [omni.ui.glyphmanager.plugin] Attempting to register glyph from file: c:/users/kskzz/miniconda3/envs/env_isaaclab/lib/site-packages/isaacsim/kit/resources/glyphs/menu_light.svg
2026-08-01T02:19:42Z [1,884ms] [Info] [omni.ui.glyphmanager.plugin] Attempting to register glyph from file: c:/users/kskzz/miniconda3/envs/env_isaaclab/lib/site-packages/isaacsim/kit/resources/glyphs/menu_refresh.svg
2026-08-01T02:19:42Z [1,884ms] [Info] [omni.ui.glyphmanager.plugin] Attempting to register glyph from file: c:/users/kskzz/miniconda3/envs/env_isaaclab/lib/site-packages/isaacsim/kit/resources/glyphs/Open_Folder.svg
2026-08-01T02:19:42Z [1,884ms] [Info] [omni.ui.glyphmanager.plugin] Attempting to register glyph from file: c:/users/kskzz/miniconda3/envs/env_isaaclab/lib/site-packages/isaacsim/kit/resources/glyphs/plus.svg
2026-08-01T02:19:42Z [1,884ms] [Info] [omni.ui.glyphmanager.plugin] Attempting to register glyph from file: c:/users/kskzz/miniconda3/envs/env_isaaclab/lib/site-packages/isaacsim/kit/resources/glyphs/rectangle.svg
2026-08-01T02:19:42Z [1,885ms] [Info] [omni.ui.glyphmanager.plugin] Attempting to register glyph from file: c:/users/kskzz/miniconda3/envs/env_isaaclab/lib/site-packages/isaacsim/kit/resources/glyphs/square.svg
2026-08-01T02:19:42Z [1,886ms] [Info] [omni.ui.glyphmanager.plugin] Attempting to register glyph from file: c:/users/kskzz/miniconda3/envs/env_isaaclab/lib/site-packages/isaacsim/kit/resources/glyphs/sync.svg
2026-08-01T02:19:42Z [1,887ms] [Info] [omni.ui.glyphmanager.plugin] Attempting to register glyph from file: c:/users/kskzz/miniconda3/envs/env_isaaclab/lib/site-packages/isaacsim/kit/resources/glyphs/toolbar_play.svg
2026-08-01T02:19:42Z [1,888ms] [Info] [omni.ui.glyphmanager.plugin] Attempting to register glyph from file: c:/users/kskzz/miniconda3/envs/env_isaaclab/lib/site-packages/isaacsim/kit/resources/glyphs/toolbar_rotate_global.svg
2026-08-01T02:19:42Z [1,888ms] [Info] [omni.ui.glyphmanager.plugin] Attempting to register glyph from file: c:/users/kskzz/miniconda3/envs/env_isaaclab/lib/site-packages/isaacsim/kit/resources/glyphs/unlink.svg
2026-08-01T02:19:42Z [1,888ms] [Info] [omni.ui.glyphmanager.plugin] Attempting to register glyph from file: c:/users/kskzz/miniconda3/envs/env_isaaclab/lib/site-packages/isaacsim/kit/resources/glyphs/upload.svg
2026-08-01T02:19:42Z [1,888ms] [Info] [omni.ui.glyphmanager.plugin] Attempting to register glyph from file: c:/users/kskzz/miniconda3/envs/env_isaaclab/lib/site-packages/isaacsim/kit/resources/glyphs/vstack.svg
2026-08-01T02:19:42Z [1,888ms] [Info] [omni.ui.glyphmanager.plugin] Attempting to register glyph from file: c:/users/kskzz/miniconda3/envs/env_isaaclab/lib/site-packages/isaacsim/kit/resources/glyphs/error.svg
2026-08-01T02:19:42Z [1,888ms] [Info] [omni.ui.glyphmanager.plugin] Attempting to register glyph from file: c:/users/kskzz/miniconda3/envs/env_isaaclab/lib/site-packages/isaacsim/kit/resources/glyphs/eye.svg
2026-08-01T02:19:42Z [1,888ms] [Info] [omni.ui.glyphmanager.plugin] Attempting to register glyph from file: c:/users/kskzz/miniconda3/envs/env_isaaclab/lib/site-packages/isaacsim/kit/resources/glyphs/flow_dark.svg
2026-08-01T02:19:42Z [1,889ms] [Info] [omni.ui.glyphmanager.plugin] Attempting to register glyph from file: c:/users/kskzz/miniconda3/envs/env_isaaclab/lib/site-packages/isaacsim/kit/resources/glyphs/folder.svg
2026-08-01T02:19:42Z [1,889ms] [Info] [omni.ui.glyphmanager.plugin] Attempting to register glyph from file: c:/users/kskzz/miniconda3/envs/env_isaaclab/lib/site-packages/isaacsim/kit/resources/glyphs/gamepad.svg
2026-08-01T02:19:42Z [1,889ms] [Info] [omni.ui.glyphmanager.plugin] Attempting to register glyph from file: c:/users/kskzz/miniconda3/envs/env_isaaclab/lib/site-packages/isaacsim/kit/resources/glyphs/hdd_content.svg
2026-08-01T02:19:42Z [1,889ms] [Info] [omni.ui.glyphmanager.plugin] Attempting to register glyph from file: c:/users/kskzz/miniconda3/envs/env_isaaclab/lib/site-packages/isaacsim/kit/resources/glyphs/line.svg
2026-08-01T02:19:42Z [1,889ms] [Info] [omni.ui.glyphmanager.plugin] Attempting to register glyph from file: c:/users/kskzz/miniconda3/envs/env_isaaclab/lib/site-packages/isaacsim/kit/resources/glyphs/menu_paste.svg
2026-08-01T02:19:42Z [1,889ms] [Info] [omni.ui.glyphmanager.plugin] Attempting to register glyph from file: c:/users/kskzz/miniconda3/envs/env_isaaclab/lib/site-packages/isaacsim/kit/resources/glyphs/restore.svg
2026-08-01T02:19:42Z [1,889ms] [Info] [omni.ui.glyphmanager.plugin] Attempting to register glyph from file: c:/users/kskzz/miniconda3/envs/env_isaaclab/lib/site-packages/isaacsim/kit/resources/glyphs/scroll.svg
2026-08-01T02:19:42Z [1,889ms] [Info] [omni.ui.glyphmanager.plugin] Attempting to register glyph from file: c:/users/kskzz/miniconda3/envs/env_isaaclab/lib/site-packages/isaacsim/kit/resources/glyphs/show.svg
2026-08-01T02:19:42Z [1,889ms] [Info] [omni.ui.glyphmanager.plugin] Attempting to register glyph from file: c:/users/kskzz/miniconda3/envs/env_isaaclab/lib/site-packages/isaacsim/kit/resources/glyphs/text.svg
2026-08-01T02:19:42Z [1,889ms] [Info] [omni.ui.glyphmanager.plugin] Attempting to register glyph from file: c:/users/kskzz/miniconda3/envs/env_isaaclab/lib/site-packages/isaacsim/kit/resources/glyphs/thumbnail.svg
2026-08-01T02:19:42Z [1,889ms] [Info] [omni.ui.glyphmanager.plugin] Attempting to register glyph from file: c:/users/kskzz/miniconda3/envs/env_isaaclab/lib/site-packages/isaacsim/kit/resources/glyphs/timeline_loop.svg
2026-08-01T02:19:42Z [1,889ms] [Info] [omni.ui.glyphmanager.plugin] Attempting to register glyph from file: c:/users/kskzz/miniconda3/envs/env_isaaclab/lib/site-packages/isaacsim/kit/resources/glyphs/timeline_pause.svg
2026-08-01T02:19:42Z [1,890ms] [Info] [omni.ui.glyphmanager.plugin] Attempting to register glyph from file: c:/users/kskzz/miniconda3/envs/env_isaaclab/lib/site-packages/isaacsim/kit/resources/glyphs/toolbar_pause.svg
2026-08-01T02:19:42Z [1,890ms] [Info] [omni.ui.glyphmanager.plugin] Attempting to register glyph from file: c:/users/kskzz/miniconda3/envs/env_isaaclab/lib/site-packages/isaacsim/kit/resources/glyphs/toolbar_scale.svg
2026-08-01T02:19:42Z [1,890ms] [Info] [omni.ui.glyphmanager.plugin] Attempting to register glyph from file: c:/users/kskzz/miniconda3/envs/env_isaaclab/lib/site-packages/isaacsim/kit/resources/glyphs/Error_Log.svg
2026-08-01T02:19:42Z [1,890ms] [Info] [omni.ui.glyphmanager.plugin] Attempting to register glyph from file: c:/users/kskzz/miniconda3/envs/env_isaaclab/lib/site-packages/isaacsim/kit/resources/glyphs/lazy_graph.svg
2026-08-01T02:19:42Z [1,890ms] [Info] [omni.ui.glyphmanager.plugin] Attempting to register glyph from file: c:/users/kskzz/miniconda3/envs/env_isaaclab/lib/site-packages/isaacsim/kit/resources/glyphs/link_tint.svg
2026-08-01T02:19:42Z [1,890ms] [Info] [omni.ui.glyphmanager.plugin] Attempting to register glyph from file: c:/users/kskzz/miniconda3/envs/env_isaaclab/lib/site-packages/isaacsim/kit/resources/glyphs/lock_open.svg
2026-08-01T02:19:42Z [1,890ms] [Info] [omni.ui.glyphmanager.plugin] Attempting to register glyph from file: c:/users/kskzz/miniconda3/envs/env_isaaclab/lib/site-packages/isaacsim/kit/resources/glyphs/menu_audio.svg
2026-08-01T02:19:42Z [1,891ms] [Info] [omni.ui.glyphmanager.plugin] Attempting to register glyph from file: c:/users/kskzz/miniconda3/envs/env_isaaclab/lib/site-packages/isaacsim/kit/resources/glyphs/menu_character_system.svg
2026-08-01T02:19:42Z [1,891ms] [Info] [omni.ui.glyphmanager.plugin] Attempting to register glyph from file: c:/users/kskzz/miniconda3/envs/env_isaaclab/lib/site-packages/isaacsim/kit/resources/glyphs/menu_graph.svg
2026-08-01T02:19:42Z [1,891ms] [Info] [omni.ui.glyphmanager.plugin] Attempting to register glyph from file: c:/users/kskzz/miniconda3/envs/env_isaaclab/lib/site-packages/isaacsim/kit/resources/glyphs/menu_insert_sublayer.svg
2026-08-01T02:19:42Z [1,891ms] [Info] [omni.ui.glyphmanager.plugin] Attempting to register glyph from file: c:/users/kskzz/miniconda3/envs/env_isaaclab/lib/site-packages/isaacsim/kit/resources/glyphs/menu_link.svg
2026-08-01T02:19:42Z [1,893ms] [Info] [omni.ui.glyphmanager.plugin] Attempting to register glyph from file: c:/users/kskzz/miniconda3/envs/env_isaaclab/lib/site-packages/isaacsim/kit/resources/glyphs/menu_physics.svg
2026-08-01T02:19:42Z [1,893ms] [Info] [omni.ui.glyphmanager.plugin] Attempting to register glyph from file: c:/users/kskzz/miniconda3/envs/env_isaaclab/lib/site-packages/isaacsim/kit/resources/glyphs/menu_sequence.svg
2026-08-01T02:19:42Z [1,893ms] [Info] [omni.ui.glyphmanager.plugin] Attempting to register glyph from file: c:/users/kskzz/miniconda3/envs/env_isaaclab/lib/site-packages/isaacsim/kit/resources/glyphs/toolbar_move_local.svg
2026-08-01T02:19:42Z [1,894ms] [Info] [omni.ui.glyphmanager.plugin] Attempting to register glyph from file: c:/users/kskzz/miniconda3/envs/env_isaaclab/lib/site-packages/isaacsim/kit/resources/glyphs/transform_x.svg
2026-08-01T02:19:42Z [1,894ms] [Info] [omni.ui.glyphmanager.plugin] Attempting to register glyph from file: c:/users/kskzz/miniconda3/envs/env_isaaclab/lib/site-packages/isaacsim/kit/resources/glyphs/filter.svg
2026-08-01T02:19:42Z [1,894ms] [Info] [omni.ui.glyphmanager.plugin] Attempting to register glyph from file: c:/users/kskzz/miniconda3/envs/env_isaaclab/lib/site-packages/isaacsim/kit/resources/glyphs/frame.svg
2026-08-01T02:19:42Z [1,894ms] [Info] [omni.ui.glyphmanager.plugin] Attempting to register glyph from file: c:/users/kskzz/miniconda3/envs/env_isaaclab/lib/site-packages/isaacsim/kit/resources/glyphs/group_selected.svg
2026-08-01T02:19:42Z [1,894ms] [Info] [omni.ui.glyphmanager.plugin] Attempting to register glyph from file: c:/users/kskzz/miniconda3/envs/env_isaaclab/lib/site-packages/isaacsim/kit/resources/glyphs/image.svg
2026-08-01T02:19:42Z [1,895ms] [Info] [omni.ui.glyphmanager.plugin] Attempting to register glyph from file: c:/users/kskzz/miniconda3/envs/env_isaaclab/lib/site-packages/isaacsim/kit/resources/glyphs/lightning.svg
2026-08-01T02:19:42Z [1,895ms] [Info] [omni.ui.glyphmanager.plugin] Attempting to register glyph from file: c:/users/kskzz/miniconda3/envs/env_isaaclab/lib/site-packages/isaacsim/kit/resources/glyphs/link_tint_off.svg
2026-08-01T02:19:42Z [1,895ms] [Info] [omni.ui.glyphmanager.plugin] Attempting to register glyph from file: c:/users/kskzz/miniconda3/envs/env_isaaclab/lib/site-packages/isaacsim/kit/resources/glyphs/lock.svg
2026-08-01T02:19:42Z [1,895ms] [Info] [omni.ui.glyphmanager.plugin] Attempting to register glyph from file: c:/users/kskzz/miniconda3/envs/env_isaaclab/lib/site-packages/isaacsim/kit/resources/glyphs/menu_create_sublayer.svg
2026-08-01T02:19:42Z [1,895ms] [Info] [omni.ui.glyphmanager.plugin] Attempting to register glyph from file: c:/users/kskzz/miniconda3/envs/env_isaaclab/lib/site-packages/isaacsim/kit/resources/glyphs/menu_flow.svg
2026-08-01T02:19:42Z [1,895ms] [Info] [omni.ui.glyphmanager.plugin] Attempting to register glyph from file: c:/users/kskzz/miniconda3/envs/env_isaaclab/lib/site-packages/isaacsim/kit/resources/glyphs/menu_navigation.svg
2026-08-01T02:19:42Z [1,896ms] [Info] [omni.ui.glyphmanager.plugin] Attempting to register glyph from file: c:/users/kskzz/miniconda3/envs/env_isaaclab/lib/site-packages/isaacsim/kit/resources/glyphs/menu_remove_layer.svg
2026-08-01T02:19:42Z [1,896ms] [Info] [omni.ui.glyphmanager.plugin] Attempting to register glyph from file: c:/users/kskzz/miniconda3/envs/env_isaaclab/lib/site-packages/isaacsim/kit/resources/glyphs/placer.svg
2026-08-01T02:19:42Z [1,896ms] [Info] [omni.ui.glyphmanager.plugin] Attempting to register glyph from file: c:/users/kskzz/miniconda3/envs/env_isaaclab/lib/site-packages/isaacsim/kit/resources/glyphs/spacer.svg
2026-08-01T02:19:42Z [1,896ms] [Info] [omni.ui.glyphmanager.plugin] Attempting to register glyph from file: c:/users/kskzz/miniconda3/envs/env_isaaclab/lib/site-packages/isaacsim/kit/resources/glyphs/share.svg
2026-08-01T02:19:42Z [1,896ms] [Info] [omni.ui.glyphmanager.plugin] Attempting to register glyph from file: c:/users/kskzz/miniconda3/envs/env_isaaclab/lib/site-packages/isaacsim/kit/resources/glyphs/toolbar_select_model.svg
2026-08-01T02:19:42Z [1,896ms] [Info] [omni.ui.glyphmanager.plugin] Attempting to register glyph from file: c:/users/kskzz/miniconda3/envs/env_isaaclab/lib/site-packages/isaacsim/kit/resources/glyphs/user.svg
2026-08-01T02:19:42Z [1,896ms] [Info] [omni.ui.glyphmanager.plugin] Attempting to register glyph from file: c:/users/kskzz/miniconda3/envs/env_isaaclab/lib/site-packages/isaacsim/kit/resources/glyphs/external_link.svg
2026-08-01T02:19:42Z [1,896ms] [Info] [omni.ui.glyphmanager.plugin] Attempting to register glyph from file: c:/users/kskzz/miniconda3/envs/env_isaaclab/lib/site-packages/isaacsim/kit/resources/glyphs/label.svg
2026-08-01T02:19:42Z [1,896ms] [Info] [omni.ui.glyphmanager.plugin] Attempting to register glyph from file: c:/users/kskzz/miniconda3/envs/env_isaaclab/lib/site-packages/isaacsim/kit/resources/glyphs/layer_delta.svg
2026-08-01T02:19:42Z [1,896ms] [Info] [omni.ui.glyphmanager.plugin] Attempting to register glyph from file: c:/users/kskzz/miniconda3/envs/env_isaaclab/lib/site-packages/isaacsim/kit/resources/glyphs/layer_save.svg
2026-08-01T02:19:42Z [1,897ms] [Info] [omni.ui.glyphmanager.plugin] Attempting to register glyph from file: c:/users/kskzz/miniconda3/envs/env_isaaclab/lib/site-packages/isaacsim/kit/resources/glyphs/link.svg
2026-08-01T02:19:42Z [1,897ms] [Info] [omni.ui.glyphmanager.plugin] Attempting to register glyph from file: c:/users/kskzz/miniconda3/envs/env_isaaclab/lib/site-packages/isaacsim/kit/resources/glyphs/menu_context.svg
2026-08-01T02:19:42Z [1,898ms] [Info] [omni.ui.glyphmanager.plugin] Attempting to register glyph from file: c:/users/kskzz/miniconda3/envs/env_isaaclab/lib/site-packages/isaacsim/kit/resources/glyphs/menu_deactivate.svg
2026-08-01T02:19:42Z [1,898ms] [Info] [omni.ui.glyphmanager.plugin] Attempting to register glyph from file: c:/users/kskzz/miniconda3/envs/env_isaaclab/lib/site-packages/isaacsim/kit/resources/glyphs/menu_material.svg
2026-08-01T02:19:42Z [1,898ms] [Info] [omni.ui.glyphmanager.plugin] Attempting to register glyph from file: c:/users/kskzz/miniconda3/envs/env_isaaclab/lib/site-packages/isaacsim/kit/resources/glyphs/menu_merge_down.svg
2026-08-01T02:19:42Z [1,899ms] [Info] [omni.ui.glyphmanager.plugin] Attempting to register glyph from file: c:/users/kskzz/miniconda3/envs/env_isaaclab/lib/site-packages/isaacsim/kit/resources/glyphs/menu_particles.svg
2026-08-01T02:19:42Z [1,900ms] [Info] [omni.ui.glyphmanager.plugin] Attempting to register glyph from file: c:/users/kskzz/miniconda3/envs/env_isaaclab/lib/site-packages/isaacsim/kit/resources/glyphs/menu_plus.svg
2026-08-01T02:19:42Z [1,900ms] [Info] [omni.ui.glyphmanager.plugin] Attempting to register glyph from file: c:/users/kskzz/miniconda3/envs/env_isaaclab/lib/site-packages/isaacsim/kit/resources/glyphs/menu_prim.svg
2026-08-01T02:19:42Z [1,900ms] [Info] [omni.ui.glyphmanager.plugin] Attempting to register glyph from file: c:/users/kskzz/miniconda3/envs/env_isaaclab/lib/site-packages/isaacsim/kit/resources/glyphs/omniverse_logo.svg
2026-08-01T02:19:42Z [1,901ms] [Info] [omni.ui.glyphmanager.plugin] Attempting to register glyph from file: c:/users/kskzz/miniconda3/envs/env_isaaclab/lib/site-packages/isaacsim/kit/resources/glyphs/question.svg
2026-08-01T02:19:42Z [1,901ms] [Info] [omni.ui.glyphmanager.plugin] Attempting to register glyph from file: c:/users/kskzz/miniconda3/envs/env_isaaclab/lib/site-packages/isaacsim/kit/resources/glyphs/shading.svg
2026-08-01T02:19:42Z [1,901ms] [Info] [omni.ui.glyphmanager.plugin] Attempting to register glyph from file: c:/users/kskzz/miniconda3/envs/env_isaaclab/lib/site-packages/isaacsim/kit/resources/glyphs/spinner.svg
2026-08-01T02:19:42Z [1,901ms] [Info] [omni.ui.glyphmanager.plugin] Attempting to register glyph from file: c:/users/kskzz/miniconda3/envs/env_isaaclab/lib/site-packages/isaacsim/kit/resources/glyphs/square_regular.svg
2026-08-01T02:19:42Z [1,901ms] [Info] [omni.ui.glyphmanager.plugin] Attempting to register glyph from file: c:/users/kskzz/miniconda3/envs/env_isaaclab/lib/site-packages/isaacsim/kit/resources/glyphs/timeline_forward.svg
2026-08-01T02:19:42Z [1,902ms] [Info] [omni.ui.glyphmanager.plugin] Attempting to register glyph from file: c:/users/kskzz/miniconda3/envs/env_isaaclab/lib/site-packages/isaacsim/kit/resources/glyphs/toolbar_stop.svg
2026-08-01T02:19:42Z [1,902ms] [Info] [omni.ui.glyphmanager.plugin] Attempting to register glyph from file: c:/users/kskzz/miniconda3/envs/env_isaaclab/lib/site-packages/isaacsim/kit/resources/glyphs/trash.svg
2026-08-01T02:19:42Z [1,902ms] [Info] [omni.ui.glyphmanager.plugin] Attempting to register glyph from file: c:/users/kskzz/miniconda3/envs/env_isaaclab/lib/site-packages/isaacsim/kit/resources/glyphs/eye_slash.svg
2026-08-01T02:19:42Z [1,902ms] [Info] [omni.ui.glyphmanager.plugin] Attempting to register glyph from file: c:/users/kskzz/miniconda3/envs/env_isaaclab/lib/site-packages/isaacsim/kit/resources/glyphs/graph_node_dark.svg
2026-08-01T02:19:42Z [1,902ms] [Info] [omni.ui.glyphmanager.plugin] Attempting to register glyph from file: c:/users/kskzz/miniconda3/envs/env_isaaclab/lib/site-packages/isaacsim/kit/resources/glyphs/hdd_plus_content.svg
2026-08-01T02:19:42Z [1,902ms] [Info] [omni.ui.glyphmanager.plugin] Attempting to register glyph from file: c:/users/kskzz/miniconda3/envs/env_isaaclab/lib/site-packages/isaacsim/kit/resources/glyphs/info.svg
2026-08-01T02:19:42Z [1,903ms] [Info] [omni.ui.glyphmanager.plugin] Attempting to register glyph from file: c:/users/kskzz/miniconda3/envs/env_isaaclab/lib/site-packages/isaacsim/kit/resources/glyphs/menu_search.svg
2026-08-01T02:19:42Z [1,903ms] [Info] [omni.ui.glyphmanager.plugin] Attempting to register glyph from file: c:/users/kskzz/miniconda3/envs/env_isaaclab/lib/site-packages/isaacsim/kit/resources/glyphs/offset_dark.svg
2026-08-01T02:19:42Z [1,903ms] [Info] [omni.ui.glyphmanager.plugin] Attempting to register glyph from file: c:/users/kskzz/miniconda3/envs/env_isaaclab/lib/site-packages/isaacsim/kit/resources/glyphs/Open_Log.svg
2026-08-01T02:19:42Z [1,904ms] [Info] [omni.ui.glyphmanager.plugin] Attempting to register glyph from file: c:/users/kskzz/miniconda3/envs/env_isaaclab/lib/site-packages/isaacsim/kit/resources/glyphs/paste.svg
2026-08-01T02:19:42Z [1,904ms] [Info] [omni.ui.glyphmanager.plugin] Attempting to register glyph from file: c:/users/kskzz/miniconda3/envs/env_isaaclab/lib/site-packages/isaacsim/kit/resources/glyphs/pencil.svg
2026-08-01T02:19:42Z [1,904ms] [Info] [omni.ui.glyphmanager.plugin] Attempting to register glyph from file: c:/users/kskzz/miniconda3/envs/env_isaaclab/lib/site-packages/isaacsim/kit/resources/glyphs/save.svg
2026-08-01T02:19:42Z [1,904ms] [Info] [omni.ui.glyphmanager.plugin] Attempting to register glyph from file: c:/users/kskzz/miniconda3/envs/env_isaaclab/lib/site-packages/isaacsim/kit/resources/glyphs/settings.svg
2026-08-01T02:19:42Z [1,904ms] [Info] [omni.ui.glyphmanager.plugin] Attempting to register glyph from file: c:/users/kskzz/miniconda3/envs/env_isaaclab/lib/site-packages/isaacsim/kit/resources/glyphs/stylecontainer.svg
2026-08-01T02:19:42Z [1,905ms] [Info] [omni.ui.glyphmanager.plugin] Attempting to register glyph from file: c:/users/kskzz/miniconda3/envs/env_isaaclab/lib/site-packages/isaacsim/kit/resources/glyphs/timeline_prev.svg
2026-08-01T02:19:42Z [1,905ms] [Info] [omni.ui.glyphmanager.plugin] Attempting to register glyph from file: c:/users/kskzz/miniconda3/envs/env_isaaclab/lib/site-packages/isaacsim/kit/resources/glyphs/timeline_stop.svg
2026-08-01T02:19:42Z [1,905ms] [Info] [omni.ui.glyphmanager.plugin] Attempting to register glyph from file: c:/users/kskzz/miniconda3/envs/env_isaaclab/lib/site-packages/isaacsim/kit/resources/glyphs/toolbar_move_global.svg
2026-08-01T02:19:42Z [1,905ms] [Info] [omni.ui.glyphmanager.plugin] Attempting to register glyph from file: c:/users/kskzz/miniconda3/envs/env_isaaclab/lib/site-packages/isaacsim/kit/resources/glyphs/transform_y.svg
2026-08-01T02:19:42Z [1,905ms] [Info] [omni.ui.glyphmanager.plugin] Attempting to register glyph from file: c:/users/kskzz/miniconda3/envs/env_isaaclab/lib/site-packages/isaacsim/kit/resources/glyphs/light.svg
2026-08-01T02:19:42Z [1,905ms] [Info] [omni.ui.glyphmanager.plugin] Attempting to register glyph from file: c:/users/kskzz/miniconda3/envs/env_isaaclab/lib/site-packages/isaacsim/kit/resources/glyphs/menu_animation.svg
2026-08-01T02:19:42Z [1,906ms] [Info] [omni.ui.glyphmanager.plugin] Attempting to register glyph from file: c:/users/kskzz/miniconda3/envs/env_isaaclab/lib/site-packages/isaacsim/kit/resources/glyphs/menu_duplicate.svg
2026-08-01T02:19:42Z [1,906ms] [Info] [omni.ui.glyphmanager.plugin] Attempting to register glyph from file: c:/users/kskzz/miniconda3/envs/env_isaaclab/lib/site-packages/isaacsim/kit/resources/glyphs/menu_scope.svg
2026-08-01T02:19:42Z [1,908ms] [Info] [omni.ui.glyphmanager.plugin] Attempting to register glyph from file: c:/users/kskzz/miniconda3/envs/env_isaaclab/lib/site-packages/isaacsim/kit/resources/glyphs/my_computer.svg
2026-08-01T02:19:42Z [1,908ms] [Info] [omni.ui.glyphmanager.plugin] Attempting to register glyph from file: c:/users/kskzz/miniconda3/envs/env_isaaclab/lib/site-packages/isaacsim/kit/resources/glyphs/times_circle.svg
2026-08-01T02:19:42Z [1,908ms] [Info] [omni.ui.glyphmanager.plugin] Attempting to register glyph from file: c:/users/kskzz/miniconda3/envs/env_isaaclab/lib/site-packages/isaacsim/kit/resources/glyphs/toolbar_select_prims.svg
2026-08-01T02:19:42Z [1,908ms] [Info] [omni.ui.glyphmanager.plugin] Attempting to register glyph from file: c:/users/kskzz/miniconda3/envs/env_isaaclab/lib/site-packages/isaacsim/kit/resources/glyphs/Warning_Log.svg
2026-08-01T02:19:42Z [1,908ms] [Info] [omni.ui.glyphmanager.plugin] Attempting to register glyph from file: c:/users/kskzz/miniconda3/envs/env_isaaclab/lib/site-packages/isaacsim/kit/resources/glyphs/zstack.svg
2026-08-01T02:19:42Z [1,909ms] [Info] [omni.ui.glyphmanager.plugin] Attempting to register glyph from file: c:/users/kskzz/miniconda3/envs/env_isaaclab/lib/site-packages/isaacsim/kit/resources/glyphs/exclamation.svg
2026-08-01T02:19:42Z [1,909ms] [Info] [omni.ui.glyphmanager.plugin] Attempting to register glyph from file: c:/users/kskzz/miniconda3/envs/env_isaaclab/lib/site-packages/isaacsim/kit/resources/glyphs/file.svg
2026-08-01T02:19:42Z [1,910ms] [Info] [omni.ui.glyphmanager.plugin] Attempting to register glyph from file: c:/users/kskzz/miniconda3/envs/env_isaaclab/lib/site-packages/isaacsim/kit/resources/glyphs/geometry.svg
2026-08-01T02:19:42Z [1,910ms] [Info] [omni.ui.glyphmanager.plugin] Attempting to register glyph from file: c:/users/kskzz/miniconda3/envs/env_isaaclab/lib/site-packages/isaacsim/kit/resources/glyphs/hdd.svg
2026-08-01T02:19:42Z [1,910ms] [Info] [omni.ui.glyphmanager.plugin] Attempting to register glyph from file: c:/users/kskzz/miniconda3/envs/env_isaaclab/lib/site-packages/isaacsim/kit/resources/glyphs/layers.svg
2026-08-01T02:19:42Z [1,910ms] [Info] [omni.ui.glyphmanager.plugin] Attempting to register glyph from file: c:/users/kskzz/miniconda3/envs/env_isaaclab/lib/site-packages/isaacsim/kit/resources/glyphs/menu_add.svg
2026-08-01T02:19:42Z [1,910ms] [Info] [omni.ui.glyphmanager.plugin] Attempting to register glyph from file: c:/users/kskzz/miniconda3/envs/env_isaaclab/lib/site-packages/isaacsim/kit/resources/glyphs/menu_camera.svg
2026-08-01T02:19:42Z [1,910ms] [Info] [omni.ui.glyphmanager.plugin] Attempting to register glyph from file: c:/users/kskzz/miniconda3/envs/env_isaaclab/lib/site-packages/isaacsim/kit/resources/glyphs/menu_create.svg
2026-08-01T02:19:42Z [1,911ms] [Info] [omni.ui.glyphmanager.plugin] Attempting to register glyph from file: c:/users/kskzz/miniconda3/envs/env_isaaclab/lib/site-packages/isaacsim/kit/resources/glyphs/menu_lock.svg
2026-08-01T02:19:42Z [1,911ms] [Info] [omni.ui.glyphmanager.plugin] Attempting to register glyph from file: c:/users/kskzz/miniconda3/envs/env_isaaclab/lib/site-packages/isaacsim/kit/resources/glyphs/menu_rename.svg
2026-08-01T02:19:42Z [1,911ms] [Info] [omni.ui.glyphmanager.plugin] Attempting to register glyph from file: c:/users/kskzz/miniconda3/envs/env_isaaclab/lib/site-packages/isaacsim/kit/resources/glyphs/menu_save.svg
2026-08-01T02:19:42Z [1,911ms] [Info] [omni.ui.glyphmanager.plugin] Attempting to register glyph from file: c:/users/kskzz/miniconda3/envs/env_isaaclab/lib/site-packages/isaacsim/kit/resources/glyphs/physics_dark.svg
2026-08-01T02:19:42Z [1,911ms] [Info] [omni.ui.glyphmanager.plugin] Attempting to register glyph from file: c:/users/kskzz/miniconda3/envs/env_isaaclab/lib/site-packages/isaacsim/kit/resources/glyphs/plug.svg
2026-08-01T02:19:42Z [1,911ms] [Info] [omni.ui.glyphmanager.plugin] Attempting to register glyph from file: c:/users/kskzz/miniconda3/envs/env_isaaclab/lib/site-packages/isaacsim/kit/resources/glyphs/push_graph.svg
2026-08-01T02:19:42Z [1,912ms] [Info] [omni.ui.glyphmanager.plugin] Attempting to register glyph from file: c:/users/kskzz/miniconda3/envs/env_isaaclab/lib/site-packages/isaacsim/kit/resources/glyphs/style.svg
2026-08-01T02:19:42Z [1,912ms] [Info] [omni.ui.glyphmanager.plugin] Attempting to register glyph from file: c:/users/kskzz/miniconda3/envs/env_isaaclab/lib/site-packages/isaacsim/kit/resources/glyphs/timeline_next.svg
2026-08-01T02:19:42Z [1,912ms] [Info] [omni.ui.glyphmanager.plugin] Attempting to register glyph from file: c:/users/kskzz/miniconda3/envs/env_isaaclab/lib/site-packages/isaacsim/kit/resources/glyphs/timeline_rewind.svg
2026-08-01T02:19:42Z [1,912ms] [Info] [omni.ui.glyphmanager.plugin] Attempting to register glyph from file: c:/users/kskzz/miniconda3/envs/env_isaaclab/lib/site-packages/isaacsim/kit/resources/glyphs/timeline_time.svg
2026-08-01T02:19:42Z [1,912ms] [Info] [omni.ui.glyphmanager.plugin] Attempting to register glyph from file: c:/users/kskzz/miniconda3/envs/env_isaaclab/lib/site-packages/isaacsim/kit/resources/glyphs/transform_z.svg
2026-08-01T02:19:42Z [1,913ms] [Info] [omni.ui.glyphmanager.plugin] Attempting to register glyph from file: c:/users/kskzz/miniconda3/envs/env_isaaclab/lib/site-packages/isaacsim/kit/resources/glyphs/triangle.svg
2026-08-01T02:19:42Z [1,937ms] [Info] [omni.kit.imgui_renderer.plugin] Creating font texture 1024 x 2672
2026-08-01T02:19:42Z [1,941ms] [Info] [carb] Plugin omni.ui is already a dependency of omni.ui.windowmanager.plugin; not changing unload order
2026-08-01T02:19:42Z [1,946ms] [Info] [omni.kit.viewport.window.window] Enable omni.kit.window.drop_support for external drop support
2026-08-01T02:19:42Z [1,946ms] [Info] [omni.kit.viewport.window.menu_entry] Creating Viewport menu-entry: 'Viewport 2' to show 'Viewport 2' with visibility: False as default: False
2026-08-01T02:19:42Z [1,948ms] [Info] [omni.kit.viewport.window.extension] omni.kit.manipulator.camera is not loaded, adding extension enabled hooks
2026-08-01T02:19:42Z [1,948ms] [Info] [omni.kit.viewport.window.extension] omni.kit.manipulator.selection is not loaded, adding extension enabled hooks
2026-08-01T02:19:42Z [1,950ms] [Info] [omni.kit.viewport.window.extension] omni.kit.viewport.legacy_gizmos is not loaded, adding extension enabled hooks
2026-08-01T02:19:42Z [1,950ms] [Info] [omni.kit.viewport.window.extension] Adding embedded ui.scenes fallbacks for "omni.kit.viewport.legacy_gizmos"
2026-08-01T02:19:42Z [1,962ms] [Info] [omni.ext.plugin] [ext: omni.kit.viewport.window-107.2.0] started, startup time: 109 (ms)
2026-08-01T02:19:42Z [1,962ms] [Info] [omni.ext.plugin] About to startup: [ext: omni.kit.window.preferences-1.8.0] (order: 0) Triggered by: omni.kit.window.material_graph-1.9.1,  (path: c:/users/kskzz/miniconda3/envs/env_isaaclab/lib/site-packages/isaacsim/extscache/omni.kit.window.preferences-1.8.0+69cbf6ad)
2026-08-01T02:19:42Z [1,962ms] [Info] [omni.kit.app.plugin] [2.005s] [ext: omni.kit.window.preferences-1.8.0] startup
2026-08-01T02:19:42Z [1,962ms] [Info] [omni.ext.plugin] [ext manager] preferLocalVersions: 1
2026-08-01T02:19:42Z [1,966ms] [Info] [omni.ext._impl._internal] Searching for classes derived from 'omni.ext.IExt' in 'omni.kit.window.preferences' ('c:\users\kskzz\miniconda3\envs\env_isaaclab\lib\site-packages\isaacsim\extscache\omni.kit.window.preferences-1.8.0+69cbf6ad')
2026-08-01T02:19:42Z [1,966ms] [Info] [omni.ext._impl._internal] Found class `PreferencesExtension` derived from `omni.ext.IExt` in module: 'omni.kit.window.preferences' in 'c:\users\kskzz\miniconda3\envs\env_isaaclab\lib\site-packages\isaacsim\extscache\omni.kit.window.preferences-1.8.0+69cbf6ad'. Calling `on_startup`.
2026-08-01T02:19:42Z [1,970ms] [Info] [omni.ext.plugin] [ext: omni.kit.window.preferences-1.8.0] started, startup time: 8 (ms)
2026-08-01T02:19:42Z [1,973ms] [Info] [carb] Initializing plugin: omni.audiodeviceenum.plugin (interfaces: [omni::audio::IAudioDeviceEnum v0.1]) (impl: omni.audiodeviceenum.plugin)
2026-08-01T02:19:42Z [1,973ms] [Info] [carb] Initializing plugin: carb.audio-forge.plugin (interfaces: [carb::audio::IAudioCapture v1.0],[carb::audio::IAudioData v1.0],[carb::audio::IAudioDevice v1.1],[carb::audio::IAudioGroup v1.0],[carb::audio::IAudioPlayback v1.1],[carb::audio::IAudioUtils v1.0],[omni::audio::IAudioCapture v0.0]) (impl: carb.audio-forge.plugin)
2026-08-01T02:19:42Z [1,992ms] [Info] [carb.audio.device] audio device backend = 'eWindowsAudioServices'
2026-08-01T02:19:42Z [1,992ms] [Info] [carb.audio.notify] created notifier {direction = playback, callback = 00007FFA6F92DE40, context = 000001E52D06A220}
2026-08-01T02:19:42Z [1,993ms] [Info] [omni.ext.plugin] [ext manager] preferLocalVersions: 1
2026-08-01T02:19:42Z [1,998ms] [Info] [omni.ext.plugin] About to startup: [ext: omni.usd.metrics.assembler-107.3.1] (order: 0) Triggered by: isaacsim.core.utils-3.5.1, omni.usd.metrics.assembler.physics-107.3.26, omni.usd.metrics.assembler.ui-107.3.1 (path: c:/users/kskzz/miniconda3/envs/env_isaaclab/lib/site-packages/isaacsim/extscache/omni.usd.metrics.assembler-107.3.1+107.3.0.wx64.r.cp311.u353)
2026-08-01T02:19:42Z [1,998ms] [Info] [omni.kit.app.plugin] [2.041s] [ext: omni.usd.metrics.assembler-107.3.1] startup
2026-08-01T02:19:42Z [1,999ms] [Info] [carb] Registered plugin: omni.usd.metrics.assembler.plugin (interfaces: [omni::usd::IMetricsAssembler v1.0]) (impl: omni.usd.metrics.assembler.plugin)
2026-08-01T02:19:42Z [2,003ms] [Info] [omni.ext._impl._internal] Searching for classes derived from 'omni.ext.IExt' in 'omni.metrics.assembler.core' ('c:\users\kskzz\miniconda3\envs\env_isaaclab\lib\site-packages\isaacsim\extscache\omni.usd.metrics.assembler-107.3.1+107.3.0.wx64.r.cp311.u353')
2026-08-01T02:19:42Z [2,003ms] [Info] [omni.ext._impl._internal] Found class `OmniUsdMetricsAssembler` derived from `omni.ext.IExt` in module: 'omni.metrics.assembler.core' in 'c:\users\kskzz\miniconda3\envs\env_isaaclab\lib\site-packages\isaacsim\extscache\omni.usd.metrics.assembler-107.3.1+107.3.0.wx64.r.cp311.u353'. Calling `on_startup`.
2026-08-01T02:19:42Z [2,003ms] [Info] [carb] Initializing plugin: omni.usd.metrics.assembler.plugin (interfaces: [omni::usd::IMetricsAssembler v1.0]) (impl: omni.usd.metrics.assembler.plugin)
2026-08-01T02:19:42Z [2,004ms] [Info] [omni.ext.plugin] [ext: omni.usd.metrics.assembler-107.3.1] started, startup time: 5 (ms)
2026-08-01T02:19:42Z [2,004ms] [Info] [omni.ext.plugin] About to startup: [ext: omni.kit.viewport.utility-1.1.2] (order: 0) Triggered by: omni.graph.ui_nodes-1.50.5, omni.replicator.core-1.12.27, omni.syntheticdata-0.6.13,  (path: c:/users/kskzz/miniconda3/envs/env_isaaclab/lib/site-packages/isaacsim/extscache/omni.kit.viewport.utility-1.1.2+69cbf6ad)
2026-08-01T02:19:42Z [2,004ms] [Info] [omni.kit.app.plugin] [2.047s] [ext: omni.kit.viewport.utility-1.1.2] startup
2026-08-01T02:19:42Z [2,004ms] [Info] [omni.ext.plugin] [ext manager] preferLocalVersions: 1
2026-08-01T02:19:42Z [2,005ms] [Info] [omni.ext._impl._internal] Searching for classes derived from 'omni.ext.IExt' in 'omni.kit.viewport.utility' ('c:\users\kskzz\miniconda3\envs\env_isaaclab\lib\site-packages\isaacsim\extscache\omni.kit.viewport.utility-1.1.2+69cbf6ad')
2026-08-01T02:19:42Z [2,005ms] [Info] [omni.ext.plugin] [ext: omni.kit.viewport.utility-1.1.2] started, startup time: 1 (ms)
2026-08-01T02:19:42Z [2,005ms] [Info] [omni.ext.plugin] About to startup: [ext: omni.kit.window.material_graph-1.9.1] (order: 0) Triggered by: omni.replicator.core-1.12.27 (path: c:/users/kskzz/miniconda3/envs/env_isaaclab/lib/site-packages/isaacsim/extscache/omni.kit.window.material_graph-1.9.1)
2026-08-01T02:19:42Z [2,005ms] [Info] [omni.kit.app.plugin] [2.048s] [ext: omni.kit.window.material_graph-1.9.1] startup
2026-08-01T02:19:42Z [2,005ms] [Info] [omni.ext.plugin] [ext manager] preferLocalVersions: 1
2026-08-01T02:19:42Z [2,019ms] [Info] [omni.ext._impl._internal] Searching for classes derived from 'omni.ext.IExt' in 'omni.kit.window.material_graph' ('c:\users\kskzz\miniconda3\envs\env_isaaclab\lib\site-packages\isaacsim\extscache\omni.kit.window.material_graph-1.9.1')
2026-08-01T02:19:42Z [2,019ms] [Info] [omni.ext._impl._internal] Found class `GraphExtension` derived from `omni.ext.IExt` in module: 'omni.kit.window.material_graph' in 'c:\users\kskzz\miniconda3\envs\env_isaaclab\lib\site-packages\isaacsim\extscache\omni.kit.window.material_graph-1.9.1'. Calling `on_startup`.
2026-08-01T02:19:42Z [2,024ms] [Info] [omni.ext.plugin] [ext: omni.kit.window.material_graph-1.9.1] started, startup time: 18 (ms)
2026-08-01T02:19:42Z [2,024ms] [Info] [omni.ext.plugin] About to startup: [ext: omni.usd.metrics.assembler.ui-107.3.1] (order: 0) Triggered by: isaaclab.python.headless-2.3.2 (path: c:/users/kskzz/miniconda3/envs/env_isaaclab/lib/site-packages/isaacsim/extscache/omni.usd.metrics.assembler.ui-107.3.1+107.3.0.cp311.u353)
2026-08-01T02:19:42Z [2,024ms] [Info] [omni.kit.app.plugin] [2.067s] [ext: omni.usd.metrics.assembler.ui-107.3.1] startup
2026-08-01T02:19:42Z [2,024ms] [Info] [omni.ext.plugin] [ext manager] preferLocalVersions: 1
2026-08-01T02:19:42Z [2,029ms] [Info] [omni.ext._impl._internal] Searching for classes derived from 'omni.ext.IExt' in 'omni.metrics.assembler.ui' ('c:\users\kskzz\miniconda3\envs\env_isaaclab\lib\site-packages\isaacsim\extscache\omni.usd.metrics.assembler.ui-107.3.1+107.3.0.cp311.u353')
2026-08-01T02:19:42Z [2,029ms] [Info] [omni.ext._impl._internal] Found class `MetricsAssemblerUI` derived from `omni.ext.IExt` in module: 'omni.metrics.assembler.ui' in 'c:\users\kskzz\miniconda3\envs\env_isaaclab\lib\site-packages\isaacsim\extscache\omni.usd.metrics.assembler.ui-107.3.1+107.3.0.cp311.u353'. Calling `on_startup`.
2026-08-01T02:19:42Z [2,030ms] [Info] [omni.ext.plugin] [ext: omni.usd.metrics.assembler.ui-107.3.1] started, startup time: 6 (ms)
2026-08-01T02:19:42Z [2,030ms] [Info] [omni.ext.plugin] About to startup: [ext: isaacsim.simulation_app-2.12.2] (order: 0) Triggered by: isaaclab.python.headless-2.3.2 (path: c:/users/kskzz/miniconda3/envs/env_isaaclab/lib/site-packages/isaacsim/exts/isaacsim.simulation_app)
2026-08-01T02:19:42Z [2,030ms] [Info] [omni.kit.app.plugin] [2.073s] [ext: isaacsim.simulation_app-2.12.2] startup
2026-08-01T02:19:42Z [2,030ms] [Info] [omni.ext.plugin] [ext manager] preferLocalVersions: 1
2026-08-01T02:19:42Z [2,031ms] [Info] [omni.ext._impl._internal] Searching for classes derived from 'omni.ext.IExt' in 'isaacsim.simulation_app' ('c:\users\kskzz\miniconda3\envs\env_isaaclab\lib\site-packages\isaacsim\exts\isaacsim.simulation_app')
2026-08-01T02:19:42Z [2,031ms] [Info] [omni.ext.plugin] [ext: isaacsim.simulation_app-2.12.2] started, startup time: 1 (ms)
2026-08-01T02:19:42Z [2,031ms] [Info] [omni.ext.plugin] About to startup: [ext: omni.kvdb-107.3.26] (order: 0) Triggered by: omni.localcache-107.3.26 (path: c:/users/kskzz/miniconda3/envs/env_isaaclab/lib/site-packages/isaacsim/extscache/omni.kvdb-107.3.26+107.3.3.wx64.r.cp311.u353)
2026-08-01T02:19:42Z [2,031ms] [Info] [omni.kit.app.plugin] [2.075s] [ext: omni.kvdb-107.3.26] startup
2026-08-01T02:19:42Z [2,031ms] [Info] [omni.ext.plugin] [ext manager] preferLocalVersions: 1
2026-08-01T02:19:42Z [2,032ms] [Info] [carb] Registered plugin: omni.kvdb.plugin (interfaces: [omni::server::IKeyValueDatabase v0.1]) (impl: omni.kvdb.plugin)
2026-08-01T02:19:42Z [2,035ms] [Info] [omni.ext._impl._internal] Searching for classes derived from 'omni.ext.IExt' in 'omni.kvdb' ('c:\users\kskzz\miniconda3\envs\env_isaaclab\lib\site-packages\isaacsim\extscache\omni.kvdb-107.3.26+107.3.3.wx64.r.cp311.u353')
2026-08-01T02:19:42Z [2,035ms] [Info] [omni.ext._impl._internal] Found class `IKeyValueDatabaseExtension` derived from `omni.ext.IExt` in module: 'omni.kvdb' in 'c:\users\kskzz\miniconda3\envs\env_isaaclab\lib\site-packages\isaacsim\extscache\omni.kvdb-107.3.26+107.3.3.wx64.r.cp311.u353'. Calling `on_startup`.
2026-08-01T02:19:42Z [2,035ms] [Info] [carb] Initializing plugin: omni.kvdb.plugin (interfaces: [omni::server::IKeyValueDatabase v0.1]) (impl: omni.kvdb.plugin)
2026-08-01T02:19:42Z [2,035ms] [Info] [omni.ext.plugin] [ext: omni.kvdb-107.3.26] started, startup time: 3 (ms)
2026-08-01T02:19:42Z [2,035ms] [Info] [omni.ext.plugin] About to startup: [ext: omni.graph.image.core-0.6.1] (order: 0) Triggered by: omni.graph.image.nodes-1.3.1, omni.syntheticdata-0.6.13 (path: c:/users/kskzz/miniconda3/envs/env_isaaclab/lib/site-packages/isaacsim/extscache/omni.graph.image.core-0.6.1+69cbf6ad.wx64.r)
2026-08-01T02:19:42Z [2,035ms] [Info] [omni.kit.app.plugin] [2.079s] [ext: omni.graph.image.core-0.6.1] startup
2026-08-01T02:19:42Z [2,036ms] [Info] [omni.ext.plugin] [ext manager] preferLocalVersions: 1
2026-08-01T02:19:42Z [2,037ms] [Info] [omni.graph.exec.unstable.passRegistry] IPassRegistry::registerPass: registered PopulateRenderingPass as pass id 10
2026-08-01T02:19:42Z [2,037ms] [Info] [omni.graph.exec.unstable.passRegistry] IPassRegistry::registerPass: registered PopulatePreRenderingPass as pass id 11
2026-08-01T02:19:42Z [2,037ms] [Info] [omni.graph.exec.unstable.passRegistry] IPassRegistry::registerPass: registered PopulatePostRenderingPass as pass id 12
2026-08-01T02:19:42Z [2,037ms] [Info] [omni.graph.exec.unstable.passRegistry] IPassRegistry::registerPass: registered PopulatePreRenderingDefPass as pass id 13
2026-08-01T02:19:42Z [2,037ms] [Info] [omni.graph.exec.unstable.passRegistry] IPassRegistry::registerPass: registered PopulatePostRenderingDefPass as pass id 14
2026-08-01T02:19:42Z [2,037ms] [Info] [omni.ext.plugin] [ext: omni.graph.image.core-0.6.1] started, startup time: 1 (ms)
2026-08-01T02:19:42Z [2,037ms] [Info] [omni.ext.plugin] About to startup: [ext: omni.convexdecomposition-107.3.26] (order: 0) Triggered by: omni.physx.cooking-107.3.26 (path: c:/users/kskzz/miniconda3/envs/env_isaaclab/lib/site-packages/isaacsim/extscache/omni.convexdecomposition-107.3.26+107.3.3.wx64.r.cp311.u353)
2026-08-01T02:19:42Z [2,037ms] [Info] [omni.kit.app.plugin] [2.080s] [ext: omni.convexdecomposition-107.3.26] startup
2026-08-01T02:19:42Z [2,038ms] [Info] [carb] Registered plugin: omni.convexdecomposition.plugin (interfaces: [omni::convexdecomposition::ConvexDecomposition v2.0]) (impl: omni.convexdecomposition.plugin)
2026-08-01T02:19:42Z [2,041ms] [Info] [omni.ext._impl._internal] Searching for classes derived from 'omni.ext.IExt' in 'omni.convexdecomposition' ('c:\users\kskzz\miniconda3\envs\env_isaaclab\lib\site-packages\isaacsim\extscache\omni.convexdecomposition-107.3.26+107.3.3.wx64.r.cp311.u353')
2026-08-01T02:19:42Z [2,041ms] [Info] [omni.ext._impl._internal] Found class `ConvexDecompositionExtension` derived from `omni.ext.IExt` in module: 'omni.convexdecomposition' in 'c:\users\kskzz\miniconda3\envs\env_isaaclab\lib\site-packages\isaacsim\extscache\omni.convexdecomposition-107.3.26+107.3.3.wx64.r.cp311.u353'. Calling `on_startup`.
2026-08-01T02:19:42Z [2,041ms] [Info] [carb] Initializing plugin: omni.convexdecomposition.plugin (interfaces: [omni::convexdecomposition::ConvexDecomposition v2.0]) (impl: omni.convexdecomposition.plugin)
2026-08-01T02:19:42Z [2,041ms] [Info] [omni.ext.plugin] [ext: omni.convexdecomposition-107.3.26] started, startup time: 3 (ms)
2026-08-01T02:19:42Z [2,041ms] [Info] [omni.ext.plugin] About to startup: [ext: omni.localcache-107.3.26] (order: 0) Triggered by: omni.physx.cooking-107.3.26 (path: c:/users/kskzz/miniconda3/envs/env_isaaclab/lib/site-packages/isaacsim/extscache/omni.localcache-107.3.26+107.3.3.wx64.r.cp311.u353)
2026-08-01T02:19:42Z [2,041ms] [Info] [omni.kit.app.plugin] [2.084s] [ext: omni.localcache-107.3.26] startup
2026-08-01T02:19:42Z [2,042ms] [Info] [omni.ext.plugin] [ext manager] preferLocalVersions: 1
2026-08-01T02:19:42Z [2,042ms] [Info] [carb] Registered plugin: omni.localcache.plugin (interfaces: [omni::localcache::ILocalCache v1.0]) (impl: omni.localcache.plugin)
2026-08-01T02:19:42Z [2,045ms] [Info] [omni.ext._impl._internal] Searching for classes derived from 'omni.ext.IExt' in 'omni.localcache' ('c:\users\kskzz\miniconda3\envs\env_isaaclab\lib\site-packages\isaacsim\extscache\omni.localcache-107.3.26+107.3.3.wx64.r.cp311.u353')
2026-08-01T02:19:42Z [2,045ms] [Info] [omni.ext._impl._internal] Found class `ILocalCacheExtension` derived from `omni.ext.IExt` in module: 'omni.localcache' in 'c:\users\kskzz\miniconda3\envs\env_isaaclab\lib\site-packages\isaacsim\extscache\omni.localcache-107.3.26+107.3.3.wx64.r.cp311.u353'. Calling `on_startup`.
2026-08-01T02:19:42Z [2,045ms] [Info] [carb] Initializing plugin: omni.localcache.plugin (interfaces: [omni::localcache::ILocalCache v1.0]) (impl: omni.localcache.plugin)
2026-08-01T02:19:42Z [2,045ms] [Info] [omni.ext.plugin] [ext: omni.localcache-107.3.26] started, startup time: 3 (ms)
2026-08-01T02:19:42Z [2,045ms] [Info] [omni.ext.plugin] About to startup: [ext: omni.graph.image.nodes-1.3.1] (order: 0) Triggered by: omni.graph.nodes-1.170.10, omni.syntheticdata-0.6.13 (path: c:/users/kskzz/miniconda3/envs/env_isaaclab/lib/site-packages/isaacsim/extscache/omni.graph.image.nodes-1.3.1+69cbf6ad.wx64.r)
2026-08-01T02:19:42Z [2,045ms] [Info] [omni.kit.app.plugin] [2.089s] [ext: omni.graph.image.nodes-1.3.1] startup
2026-08-01T02:19:42Z [2,046ms] [Info] [omni.ext.plugin] [ext manager] preferLocalVersions: 1
2026-08-01T02:19:42Z [2,048ms] [Info] [carb] Initializing plugin: omni.fabric.plugin (interfaces: [omni::fabric::IChangeTrackerConfig v0.5],[omni::fabric::IConnectivity v1.7],[omni::fabric::IFabric v0.9],[omni::fabric::IFabricContextManager v1.0],[omni::fabric::IFabricInspector v0.2],[omni::fabric::IFabricRingBuffer v1.2],[omni::fabric::IFabricSampleStorage v0.3],[omni::fabric::IFabricUsd v0.2],[omni::fabric::IFineGrainedChangeTracker v0.2],[omni::fabric::IObjectDirectory v1.0],[omni::fabric::IPath v0.2],[omni::fabric::IPlatform v0.2],[omni::fabric::IPopulator v0.1],[omni::fabric::IPrimBucketList v0.5],[omni::fabric::ISerializer v0.3],[omni::fabric::ISimStageWithHistory v0.2],[omni::fabric::IStageAtTimeInterval v0.7],[omni::fabric::IStageAtTimeIntervalLegacy v0.1],[omni::fabric::IStageReaderWriter v0.14],[omni::fabric::IStageReaderWriterLegacy v0.5],[omni::fabric::IStats v1.0],[omni::fabric::IToken v0.1],[omni::fabric::batch::iBatch v0.3]) (impl: omni.fabric.plugin)
2026-08-01T02:19:42Z [2,048ms] [Info] [carb] Initializing plugin: omni.tbb.globalcontrol.plugin (interfaces: [omni::tbb::IGlobalControl v1.0]) (impl: omni.tbb.globalcontrol.plugin)
2026-08-01T02:19:42Z [2,048ms] [Info] [omni.tbb.globalcontrol.plugin] TBB Global Control Plugin loaded, max_allowed_parallelism=32
2026-08-01T02:19:42Z [2,048ms] [Info] [carb] Plugin omni.fabric.endframe.plugin is already a dependency of omni.fabric.plugin; not changing unload order
2026-08-01T02:19:42Z [2,049ms] [Info] [omni.ext.plugin] [ext: omni.graph.image.nodes-1.3.1] started, startup time: 3 (ms)
2026-08-01T02:19:42Z [2,049ms] [Info] [omni.ext.plugin] About to startup: [ext: omni.graph.action_core-1.1.7] (order: 0) Triggered by: omni.graph.action_nodes-1.50.4, omni.syntheticdata-0.6.13 (path: c:/users/kskzz/miniconda3/envs/env_isaaclab/lib/site-packages/isaacsim/extscache/omni.graph.action_core-1.1.7+69cbf6ad.wx64.r.cp311)
2026-08-01T02:19:42Z [2,049ms] [Info] [omni.kit.app.plugin] [2.092s] [ext: omni.graph.action_core-1.1.7] startup
2026-08-01T02:19:42Z [2,050ms] [Info] [omni.graph.exec.unstable.passRegistry] IPassRegistry::registerPass: registered ActionGraphPass as pass id 15
2026-08-01T02:19:42Z [2,050ms] [Info] [omni.graph.exec.unstable.passRegistry] IPassRegistry::registerPass: registered DependencyFoldPass as pass id 16
2026-08-01T02:19:42Z [2,053ms] [Info] [omni.ext._impl._internal] Searching for classes derived from 'omni.ext.IExt' in 'omni.graph.action_core' ('c:\users\kskzz\miniconda3\envs\env_isaaclab\lib\site-packages\isaacsim\extscache\omni.graph.action_core-1.1.7+69cbf6ad.wx64.r.cp311')
2026-08-01T02:19:42Z [2,054ms] [Info] [omni.ext._impl._internal] Found class `_PublicExtension` derived from `omni.ext.IExt` in module: 'omni.graph.action_core' in 'c:\users\kskzz\miniconda3\envs\env_isaaclab\lib\site-packages\isaacsim\extscache\omni.graph.action_core-1.1.7+69cbf6ad.wx64.r.cp311'. Calling `on_startup`.
2026-08-01T02:19:42Z [2,054ms] [Info] [omni.ext.plugin] [ext: omni.graph.action_core-1.1.7] started, startup time: 4 (ms)
2026-08-01T02:19:42Z [2,054ms] [Info] [omni.ext.plugin] About to startup: [ext: omni.usdphysics-107.3.26] (order: 0) Triggered by: isaacsim.core.utils-3.5.1, omni.physx-107.3.26, omni.physx.cooking-107.3.26 (path: c:/users/kskzz/miniconda3/envs/env_isaaclab/lib/site-packages/isaacsim/extscache/omni.usdphysics-107.3.26+107.3.3.wx64.r.cp311.u353)
2026-08-01T02:19:42Z [2,054ms] [Info] [omni.kit.app.plugin] [2.097s] [ext: omni.usdphysics-107.3.26] startup
2026-08-01T02:19:42Z [2,054ms] [Info] [omni.ext.plugin] [ext manager] preferLocalVersions: 1
2026-08-01T02:19:42Z [2,055ms] [Info] [carb] Registered plugin: omni.physicsschema.plugin (interfaces: [omni::physics::schema::IUsdPhysics v1.1],[omni::physics::usdparser::IUsdPhysicsParse v1.0]) (impl: omni.physicsschema.plugin)
2026-08-01T02:19:42Z [2,056ms] [Info] [omni.ext._impl._internal] Searching for classes derived from 'omni.ext.IExt' in 'omni.usdphysics' ('c:\users\kskzz\miniconda3\envs\env_isaaclab\lib\site-packages\isaacsim\extscache\omni.usdphysics-107.3.26+107.3.3.wx64.r.cp311.u353')
2026-08-01T02:19:42Z [2,057ms] [Info] [omni.ext._impl._internal] Found class `PhysicsSchemaExtension` derived from `omni.ext.IExt` in module: 'omni.usdphysics' in 'c:\users\kskzz\miniconda3\envs\env_isaaclab\lib\site-packages\isaacsim\extscache\omni.usdphysics-107.3.26+107.3.3.wx64.r.cp311.u353'. Calling `on_startup`.
2026-08-01T02:19:42Z [2,057ms] [Info] [omni.ext._impl._internal] Searching for classes derived from 'omni.ext.IExt' in 'omni.usdphysics.scripts' ('c:\users\kskzz\miniconda3\envs\env_isaaclab\lib\site-packages\isaacsim\extscache\omni.usdphysics-107.3.26+107.3.3.wx64.r.cp311.u353')
2026-08-01T02:19:42Z [2,057ms] [Info] [omni.ext.plugin] [ext: omni.usdphysics-107.3.26] started, startup time: 2 (ms)
2026-08-01T02:19:42Z [2,057ms] [Info] [omni.ext.plugin] About to startup: [ext: omni.physx.foundation-107.3.26] (order: 0) Triggered by: omni.physx-107.3.26, omni.physx.cooking-107.3.26 (path: c:/users/kskzz/miniconda3/envs/env_isaaclab/lib/site-packages/isaacsim/extscache/omni.physx.foundation-107.3.26+107.3.3.wx64.r.cp311.u353)
2026-08-01T02:19:42Z [2,057ms] [Info] [omni.kit.app.plugin] [2.100s] [ext: omni.physx.foundation-107.3.26] startup
2026-08-01T02:19:42Z [2,057ms] [Info] [omni.ext.plugin] [ext manager] preferLocalVersions: 1
2026-08-01T02:19:42Z [2,057ms] [Info] [omni.ext.plugin] [ext manager] preferLocalVersions: 1
2026-08-01T02:19:42Z [2,058ms] [Info] [carb] Registered plugin: omni.physx.foundation.plugin (interfaces: [omni::physx::IPhysxFoundation v0.1]) (impl: omni.physx.foundation.plugin)
2026-08-01T02:19:42Z [2,060ms] [Info] [omni.ext._impl._internal] Searching for classes derived from 'omni.ext.IExt' in 'omni.physxfoundation' ('c:\users\kskzz\miniconda3\envs\env_isaaclab\lib\site-packages\isaacsim\extscache\omni.physx.foundation-107.3.26+107.3.3.wx64.r.cp311.u353')
2026-08-01T02:19:42Z [2,060ms] [Info] [omni.ext._impl._internal] Found class `PhysxFoundationExtension` derived from `omni.ext.IExt` in module: 'omni.physxfoundation' in 'c:\users\kskzz\miniconda3\envs\env_isaaclab\lib\site-packages\isaacsim\extscache\omni.physx.foundation-107.3.26+107.3.3.wx64.r.cp311.u353'. Calling `on_startup`.
2026-08-01T02:19:42Z [2,060ms] [Info] [carb] Initializing plugin: omni.physx.foundation.plugin (interfaces: [omni::physx::IPhysxFoundation v0.1]) (impl: omni.physx.foundation.plugin)
2026-08-01T02:19:42Z [2,070ms] [Info] [omni.ext.plugin] [ext: omni.physx.foundation-107.3.26] started, startup time: 13 (ms)
2026-08-01T02:19:42Z [2,071ms] [Info] [omni.ext.plugin] About to startup: [ext: omni.syntheticdata-0.6.13] (order: 0) Triggered by: omni.replicator.core-1.12.27 (path: c:/users/kskzz/miniconda3/envs/env_isaaclab/lib/site-packages/isaacsim/extscache/omni.syntheticdata-0.6.13+69cbf6ad.wx64.r.cp311)
2026-08-01T02:19:42Z [2,071ms] [Info] [omni.kit.app.plugin] [2.114s] [ext: omni.syntheticdata-0.6.13] startup
2026-08-01T02:19:42Z [2,071ms] [Info] [omni.ext.plugin] [ext manager] preferLocalVersions: 1
2026-08-01T02:19:42Z [2,073ms] [Info] [carb] Registered plugin: omni.syntheticdata.plugin (interfaces: [omni::ext::IExt v0.1],[omni::syntheticdata::SyntheticData v0.9]) (impl: omni.syntheticdata.plugin)
2026-08-01T02:19:42Z [2,073ms] [Info] [carb] Initializing plugin: omni.syntheticdata.plugin (interfaces: [omni::ext::IExt v0.1],[omni::syntheticdata::SyntheticData v0.9]) (impl: omni.syntheticdata.plugin)
2026-08-01T02:19:42Z [2,073ms] [Info] [omni.ext.plugin] [ext: omni.syntheticdata-0.6.13] Starting ext::IExt in 'c:/users/kskzz/miniconda3/envs/env_isaaclab/lib/site-packages/isaacsim/extscache/omni.syntheticdata-0.6.13+69cbf6ad.wx64.r.cp311/bin/omni.syntheticdata.plugin.dll'
2026-08-01T02:19:42Z [2,099ms] [Info] [omni.ext._impl._internal] Searching for classes derived from 'omni.ext.IExt' in 'omni.syntheticdata' ('c:\users\kskzz\miniconda3\envs\env_isaaclab\lib\site-packages\isaacsim\extscache\omni.syntheticdata-0.6.13+69cbf6ad.wx64.r.cp311')
2026-08-01T02:19:42Z [2,099ms] [Info] [omni.ext._impl._internal] Found class `Extension` derived from `omni.ext.IExt` in module: 'omni.syntheticdata' in 'c:\users\kskzz\miniconda3\envs\env_isaaclab\lib\site-packages\isaacsim\extscache\omni.syntheticdata-0.6.13+69cbf6ad.wx64.r.cp311'. Calling `on_startup`.
2026-08-01T02:19:42Z [2,099ms] [Info] [omni.syntheticdata.scripts.extension] [omni.syntheticdata] SyntheticData startup
2026-08-01T02:19:42Z [2,104ms] [Info] [omni.ext.plugin] [ext: omni.syntheticdata-0.6.13] started, startup time: 33 (ms)
2026-08-01T02:19:42Z [2,104ms] [Info] [omni.ext.plugin] About to startup: [ext: omni.kit.numpy.common-0.1.3] (order: 0) Triggered by: omni.isaac.dynamic_control-2.0.7 (path: c:/users/kskzz/miniconda3/envs/env_isaaclab/lib/site-packages/isaacsim/extscache/omni.kit.numpy.common-0.1.3+69cbf6ad.wx64.r.cp311)
2026-08-01T02:19:42Z [2,104ms] [Info] [omni.kit.app.plugin] [2.147s] [ext: omni.kit.numpy.common-0.1.3] startup
2026-08-01T02:19:42Z [2,104ms] [Info] [omni.ext.plugin] [ext manager] preferLocalVersions: 1
2026-08-01T02:19:42Z [2,108ms] [Info] [omni.ext._impl._internal] Searching for classes derived from 'omni.ext.IExt' in 'omni.kit.numpy.common' ('c:\users\kskzz\miniconda3\envs\env_isaaclab\lib\site-packages\isaacsim\extscache\omni.kit.numpy.common-0.1.3+69cbf6ad.wx64.r.cp311')
2026-08-01T02:19:42Z [2,108ms] [Info] [omni.ext.plugin] [ext: omni.kit.numpy.common-0.1.3] started, startup time: 4 (ms)
2026-08-01T02:19:42Z [2,109ms] [Info] [omni.ext.plugin] About to startup: [ext: omni.physx.cooking-107.3.26] (order: 0) Triggered by: omni.physx-107.3.26 (path: c:/users/kskzz/miniconda3/envs/env_isaaclab/lib/site-packages/isaacsim/extscache/omni.physx.cooking-107.3.26+107.3.3.wx64.r.cp311.u353)
2026-08-01T02:19:42Z [2,109ms] [Info] [omni.kit.app.plugin] [2.152s] [ext: omni.physx.cooking-107.3.26] startup
2026-08-01T02:19:42Z [2,109ms] [Info] [omni.ext.plugin] [ext manager] preferLocalVersions: 1
2026-08-01T02:19:42Z [2,110ms] [Info] [carb] Registered plugin: omni.physx.cooking.plugin (interfaces: [omni::physx::IPhysxCookingService v1.0],[omni::physx::IPhysxCookingServicePrivate v13.0]) (impl: omni.physx.cooking.plugin)
2026-08-01T02:19:42Z [2,117ms] [Info] [omni.ext._impl._internal] Searching for classes derived from 'omni.ext.IExt' in 'omni.physxcooking' ('c:\users\kskzz\miniconda3\envs\env_isaaclab\lib\site-packages\isaacsim\extscache\omni.physx.cooking-107.3.26+107.3.3.wx64.r.cp311.u353')
2026-08-01T02:19:42Z [2,117ms] [Info] [omni.ext._impl._internal] Found class `PhysxExtension` derived from `omni.ext.IExt` in module: 'omni.physxcooking' in 'c:\users\kskzz\miniconda3\envs\env_isaaclab\lib\site-packages\isaacsim\extscache\omni.physx.cooking-107.3.26+107.3.3.wx64.r.cp311.u353'. Calling `on_startup`.
2026-08-01T02:19:42Z [2,117ms] [Info] [carb] Initializing plugin: omni.physx.cooking.plugin (interfaces: [omni::physx::IPhysxCookingService v1.0],[omni::physx::IPhysxCookingServicePrivate v13.0]) (impl: omni.physx.cooking.plugin)
2026-08-01T02:19:42Z [2,118ms] [Info] [omni.ext.plugin] [ext: omni.physx.cooking-107.3.26] started, startup time: 8 (ms)
2026-08-01T02:19:42Z [2,118ms] [Info] [omni.ext.plugin] About to startup: [ext: isaacsim.core.deprecation_manager-0.2.7] (order: 0) Triggered by: isaacsim.core.api-4.8.0, isaacsim.core.cloner-1.4.10, isaacsim.core.prims-0.6.1, isaacsim.core.utils-3.5.1, isaacsim.core.version-2.0.6 (path: c:/users/kskzz/miniconda3/envs/env_isaaclab/lib/site-packages/isaacsim/exts/isaacsim.core.deprecation_manager)
2026-08-01T02:19:42Z [2,118ms] [Info] [omni.kit.app.plugin] [2.161s] [ext: isaacsim.core.deprecation_manager-0.2.7] startup
2026-08-01T02:19:42Z [2,118ms] [Info] [omni.ext.plugin] [ext manager] preferLocalVersions: 1
2026-08-01T02:19:42Z [2,121ms] [Info] [omni.ext._impl._internal] Searching for classes derived from 'omni.ext.IExt' in 'isaacsim.core.deprecation_manager' ('c:\users\kskzz\miniconda3\envs\env_isaaclab\lib\site-packages\isaacsim\exts\isaacsim.core.deprecation_manager')
2026-08-01T02:19:42Z [2,121ms] [Info] [omni.ext._impl._internal] Found class `Extension` derived from `omni.ext.IExt` in module: 'isaacsim.core.deprecation_manager' in 'c:\users\kskzz\miniconda3\envs\env_isaaclab\lib\site-packages\isaacsim\exts\isaacsim.core.deprecation_manager'. Calling `on_startup`.
2026-08-01T02:19:42Z [2,121ms] [Info] [omni.ext.plugin] [ext: isaacsim.core.deprecation_manager-0.2.7] started, startup time: 2 (ms)
2026-08-01T02:19:42Z [2,121ms] [Info] [omni.ext.plugin] About to startup: [ext: omni.physics-107.3.26] (order: 0) Triggered by: omni.physics.physx-107.3.26, omni.physics.stageupdate-107.3.26 (path: c:/users/kskzz/miniconda3/envs/env_isaaclab/lib/site-packages/isaacsim/extscache/omni.physics-107.3.26+107.3.3.wx64.r.cp311.u353)
2026-08-01T02:19:42Z [2,121ms] [Info] [omni.kit.app.plugin] [2.164s] [ext: omni.physics-107.3.26] startup
2026-08-01T02:19:42Z [2,122ms] [Info] [omni.ext.plugin] [ext manager] preferLocalVersions: 1
2026-08-01T02:19:42Z [2,122ms] [Info] [carb] Registered plugin: omni.physics.plugin (interfaces: [omni::physics::IPhysics v0.1],[omni::physics::IPhysicsBenchmarks v0.1],[omni::physics::IPhysicsInteraction v0.1],[omni::physics::IPhysicsSceneQuery v0.1],[omni::physics::IPhysicsSimulation v0.1],[omni::physics::IPhysicsStageUpdate v0.1]) (impl: omni.physics.plugin)
2026-08-01T02:19:42Z [2,133ms] [Info] [omni.ext._impl._internal] Searching for classes derived from 'omni.ext.IExt' in 'omni.physics.core' ('c:\users\kskzz\miniconda3\envs\env_isaaclab\lib\site-packages\isaacsim\extscache\omni.physics-107.3.26+107.3.3.wx64.r.cp311.u353')
2026-08-01T02:19:42Z [2,134ms] [Info] [omni.ext._impl._internal] Found class `PhysicsExtension` derived from `omni.ext.IExt` in module: 'omni.physics.core' in 'c:\users\kskzz\miniconda3\envs\env_isaaclab\lib\site-packages\isaacsim\extscache\omni.physics-107.3.26+107.3.3.wx64.r.cp311.u353'. Calling `on_startup`.
2026-08-01T02:19:42Z [2,134ms] [Info] [omni.ext.plugin] [ext: omni.physics-107.3.26] started, startup time: 12 (ms)
2026-08-01T02:19:42Z [2,135ms] [Info] [omni.ext.plugin] About to startup: [ext: omni.physx-107.3.26] (order: 0) Triggered by: isaaclab.python.headless-2.3.2, isaacsim.core.cloner-1.4.10, isaacsim.core.utils-3.5.1, omni.physics.physx-107.3.26, omni.physx.fabric-107.3.26, omni.physx.tensors-107.3.26, omni.replicator.core-1.12.27 (path: c:/users/kskzz/miniconda3/envs/env_isaaclab/lib/site-packages/isaacsim/extscache/omni.physx-107.3.26+107.3.3.wx64.r.cp311.u353)
2026-08-01T02:19:42Z [2,135ms] [Info] [omni.kit.app.plugin] [2.178s] [ext: omni.physx-107.3.26] startup
2026-08-01T02:19:42Z [2,135ms] [Info] [omni.ext.plugin] [ext manager] preferLocalVersions: 1
2026-08-01T02:19:42Z [2,136ms] [Info] [omni.graph.core.plugin] Creating unregistered node type omni.syntheticdata.SdTestPrintRawArray (version 1)
2026-08-01T02:19:42Z [2,136ms] [Info] [omni.graph.core.plugin] Creating unregistered node type omni.syntheticdata.SdTestStageManipulationScenarii (version 1)
2026-08-01T02:19:42Z [2,136ms] [Info] [omni.graph.core.plugin] Creating unregistered node type omni.syntheticdata.SdTestRationalTimeSyncGate (version 1)
2026-08-01T02:19:42Z [2,138ms] [Info] [carb] Registered plugin: omni.physx.plugin (interfaces: [omni::physx::IPhysx v5.0],[omni::physx::IPhysxAttachmentPrivate v0.1],[omni::physx::IPhysxBenchmarks v1.0],[omni::physx::IPhysxCooking v3.0],[omni::physx::IPhysxCookingPrivate v2.0],[omni::physx::IPhysxCustomGeometry v1.0],[omni::physx::IPhysxCustomJoint v1.0],[omni::physx::IPhysxJoint v1.0],[omni::physx::IPhysxParticlesPrivate v0.1],[omni::physx::IPhysxPrivate v2.0],[omni::physx::IPhysxPropertyQuery v1.0],[omni::physx::IPhysxReplicator v2.0],[omni::physx::IPhysxSceneQuery v1.0],[omni::physx::IPhysxSimulation v3.0],[omni::physx::IPhysxStageUpdate v0.1],[omni::physx::IPhysxStatistics v3.0],[omni::physx::IPhysxUnitTests v3.0],[omni::physx::IPhysxVisualization v2.0],[omni::physx::IPhysxVisualizationPrivate v1.0],[omni::physx::usdparser::IPhysxUsdLoad v1.0]) (impl: omni.physx.plugin)
2026-08-01T02:19:42Z [2,148ms] [Info] [omni.ext._impl._internal] Searching for classes derived from 'omni.ext.IExt' in 'omni.physx' ('c:\users\kskzz\miniconda3\envs\env_isaaclab\lib\site-packages\isaacsim\extscache\omni.physx-107.3.26+107.3.3.wx64.r.cp311.u353')
2026-08-01T02:19:42Z [2,148ms] [Info] [omni.ext._impl._internal] Found class `PhysxExtension` derived from `omni.ext.IExt` in module: 'omni.physx' in 'c:\users\kskzz\miniconda3\envs\env_isaaclab\lib\site-packages\isaacsim\extscache\omni.physx-107.3.26+107.3.3.wx64.r.cp311.u353'. Calling `on_startup`.
2026-08-01T02:19:42Z [2,149ms] [Info] [carb] Initializing plugin: omni.physx.plugin (interfaces: [omni::physx::IPhysx v5.0],[omni::physx::IPhysxAttachmentPrivate v0.1],[omni::physx::IPhysxBenchmarks v1.0],[omni::physx::IPhysxCooking v3.0],[omni::physx::IPhysxCookingPrivate v2.0],[omni::physx::IPhysxCustomGeometry v1.0],[omni::physx::IPhysxCustomJoint v1.0],[omni::physx::IPhysxJoint v1.0],[omni::physx::IPhysxParticlesPrivate v0.1],[omni::physx::IPhysxPrivate v2.0],[omni::physx::IPhysxPropertyQuery v1.0],[omni::physx::IPhysxReplicator v2.0],[omni::physx::IPhysxSceneQuery v1.0],[omni::physx::IPhysxSimulation v3.0],[omni::physx::IPhysxStageUpdate v0.1],[omni::physx::IPhysxStatistics v3.0],[omni::physx::IPhysxUnitTests v3.0],[omni::physx::IPhysxVisualization v2.0],[omni::physx::IPhysxVisualizationPrivate v1.0],[omni::physx::usdparser::IPhysxUsdLoad v1.0]) (impl: omni.physx.plugin)
2026-08-01T02:19:42Z [2,152ms] [Info] [carb] Initializing plugin: omni.physicsschema.plugin (interfaces: [omni::physics::schema::IUsdPhysics v1.1],[omni::physics::usdparser::IUsdPhysicsParse v1.0]) (impl: omni.physicsschema.plugin)
2026-08-01T02:19:42Z [2,152ms] [Info] [omni.physx.plugin] 
omni.physx handle on CUDA lib is 00007FFB08FD0000

2026-08-01T02:19:42Z [2,153ms] [Info] [omni.ext._impl._internal] Searching for classes derived from 'omni.ext.IExt' in 'omni.physx.scripts' ('c:\users\kskzz\miniconda3\envs\env_isaaclab\lib\site-packages\isaacsim\extscache\omni.physx-107.3.26+107.3.3.wx64.r.cp311.u353')
2026-08-01T02:19:42Z [2,153ms] [Info] [omni.ext.plugin] [ext: omni.physx-107.3.26] started, startup time: 17 (ms)
2026-08-01T02:19:42Z [2,153ms] [Info] [omni.ext.plugin] About to startup: [ext: isaacsim.core.version-2.0.6] (order: 0) Triggered by: isaaclab.python.headless-2.3.2, isaacsim.core.api-4.8.0, isaacsim.storage.native-1.5.1 (path: c:/users/kskzz/miniconda3/envs/env_isaaclab/lib/site-packages/isaacsim/exts/isaacsim.core.version)
2026-08-01T02:19:42Z [2,153ms] [Info] [omni.kit.app.plugin] [2.196s] [ext: isaacsim.core.version-2.0.6] startup
2026-08-01T02:19:42Z [2,153ms] [Info] [omni.ext.plugin] [ext manager] preferLocalVersions: 1
2026-08-01T02:19:42Z [2,153ms] [Info] [omni.ext.plugin] [ext manager] preferLocalVersions: 1
2026-08-01T02:19:42Z [2,155ms] [Info] [omni.ext._impl._internal] Searching for classes derived from 'omni.ext.IExt' in 'isaacsim.core.version' ('c:\users\kskzz\miniconda3\envs\env_isaaclab\lib\site-packages\isaacsim\exts\isaacsim.core.version')
2026-08-01T02:19:42Z [2,156ms] [Info] [omni.ext._impl._internal] Searching for classes derived from 'omni.ext.IExt' in 'isaacsim.core.version.tests' ('c:\users\kskzz\miniconda3\envs\env_isaaclab\lib\site-packages\isaacsim\exts\isaacsim.core.version')
2026-08-01T02:19:42Z [2,156ms] [Info] [omni.ext.plugin] [ext: isaacsim.core.version-2.0.6] started, startup time: 3 (ms)
2026-08-01T02:19:42Z [2,156ms] [Info] [omni.ext.plugin] About to startup: [ext: omni.physics.stageupdate-107.3.26] (order: 0) Triggered by: isaacsim.core.api-4.8.0, isaacsim.core.simulation_manager-1.4.4, omni.isaac.dynamic_control-2.0.7, omni.replicator.core-1.12.27 (path: c:/users/kskzz/miniconda3/envs/env_isaaclab/lib/site-packages/isaacsim/extscache/omni.physics.stageupdate-107.3.26+107.3.3.wx64.r.cp311.u353)
2026-08-01T02:19:42Z [2,156ms] [Info] [omni.kit.app.plugin] [2.199s] [ext: omni.physics.stageupdate-107.3.26] startup
2026-08-01T02:19:42Z [2,156ms] [Info] [omni.ext.plugin] [ext manager] preferLocalVersions: 1
2026-08-01T02:19:42Z [2,157ms] [Info] [omni.ext.plugin] [ext manager] preferLocalVersions: 1
2026-08-01T02:19:42Z [2,157ms] [Info] [carb] Registered plugin: omni.physics.stageupdate.plugin (interfaces: [omni::ext::IExt v0.1],[omni::physx::IPhysicsStageUpdateNode v0.1]) (impl: omni.physics.stageupdate.plugin)
2026-08-01T02:19:42Z [2,157ms] [Info] [carb] Initializing plugin: omni.physics.stageupdate.plugin (interfaces: [omni::ext::IExt v0.1],[omni::physx::IPhysicsStageUpdateNode v0.1]) (impl: omni.physics.stageupdate.plugin)
2026-08-01T02:19:42Z [2,157ms] [Info] [omni.ext.plugin] [ext: omni.physics.stageupdate-107.3.26] Starting ext::IExt in 'c:/users/kskzz/miniconda3/envs/env_isaaclab/lib/site-packages/isaacsim/extscache/omni.physics.stageupdate-107.3.26+107.3.3.wx64.r.cp311.u353/bin/omni.physics.stageupdate.plugin.dll'
2026-08-01T02:19:42Z [2,157ms] [Info] [carb] Initializing plugin: omni.physics.plugin (interfaces: [omni::physics::IPhysics v0.1],[omni::physics::IPhysicsBenchmarks v0.1],[omni::physics::IPhysicsInteraction v0.1],[omni::physics::IPhysicsSceneQuery v0.1],[omni::physics::IPhysicsSimulation v0.1],[omni::physics::IPhysicsStageUpdate v0.1]) (impl: omni.physics.plugin)
2026-08-01T02:19:42Z [2,163ms] [Info] [omni.ext._impl._internal] Searching for classes derived from 'omni.ext.IExt' in 'omni.physics.stageupdate' ('c:\users\kskzz\miniconda3\envs\env_isaaclab\lib\site-packages\isaacsim\extscache\omni.physics.stageupdate-107.3.26+107.3.3.wx64.r.cp311.u353')
2026-08-01T02:19:42Z [2,163ms] [Info] [omni.ext._impl._internal] Found class `OmniPhysXStageUpdateExtension` derived from `omni.ext.IExt` in module: 'omni.physics.stageupdate' in 'c:\users\kskzz\miniconda3\envs\env_isaaclab\lib\site-packages\isaacsim\extscache\omni.physics.stageupdate-107.3.26+107.3.3.wx64.r.cp311.u353'. Calling `on_startup`.
2026-08-01T02:19:42Z [2,163ms] [Info] [omni.ext.plugin] [ext: omni.physics.stageupdate-107.3.26] started, startup time: 7 (ms)
2026-08-01T02:19:42Z [2,163ms] [Info] [omni.ext.plugin] About to startup: [ext: omni.physics.physx-107.3.26] (order: 0) Triggered by: isaacsim.core.api-4.8.0, isaacsim.core.simulation_manager-1.4.4, omni.isaac.dynamic_control-2.0.7, omni.replicator.core-1.12.27 (path: c:/users/kskzz/miniconda3/envs/env_isaaclab/lib/site-packages/isaacsim/extscache/omni.physics.physx-107.3.26+107.3.3.wx64.r.cp311.u353)
2026-08-01T02:19:42Z [2,163ms] [Info] [omni.kit.app.plugin] [2.207s] [ext: omni.physics.physx-107.3.26] startup
2026-08-01T02:19:42Z [2,164ms] [Info] [omni.ext.plugin] [ext manager] preferLocalVersions: 1
2026-08-01T02:19:42Z [2,165ms] [Info] [carb] Registered plugin: omni.physics.physx.plugin (interfaces: [omni::ext::IExt v0.1]) (impl: omni.physics.physx.plugin)
2026-08-01T02:19:42Z [2,165ms] [Info] [carb] Initializing plugin: omni.physics.physx.plugin (interfaces: [omni::ext::IExt v0.1]) (impl: omni.physics.physx.plugin)
2026-08-01T02:19:42Z [2,165ms] [Info] [omni.ext.plugin] [ext: omni.physics.physx-107.3.26] Starting ext::IExt in 'c:/users/kskzz/miniconda3/envs/env_isaaclab/lib/site-packages/isaacsim/extscache/omni.physics.physx-107.3.26+107.3.3.wx64.r.cp311.u353/bin/omni.physics.physx.plugin.dll'
2026-08-01T02:19:42Z [2,165ms] [Warning] [carb] Acquiring non optional plugin interface which is not listed as dependency: [omni::physx::IPhysxBenchmarks v1.0] (plugin: <default plugin>), by client: omni.physics.physx.plugin. Add it to CARB_PLUGIN_IMPL_DEPS() macro of a client.
2026-08-01T02:19:42Z [2,166ms] [Info] [omni.ext._impl._internal] Searching for classes derived from 'omni.ext.IExt' in 'omni.physics.physx' ('c:\users\kskzz\miniconda3\envs\env_isaaclab\lib\site-packages\isaacsim\extscache\omni.physics.physx-107.3.26+107.3.3.wx64.r.cp311.u353')
2026-08-01T02:19:42Z [2,166ms] [Info] [omni.ext.plugin] [ext: omni.physics.physx-107.3.26] started, startup time: 2 (ms)
2026-08-01T02:19:42Z [2,166ms] [Info] [omni.ext.plugin] About to startup: [ext: isaacsim.storage.native-1.5.1] (order: 0) Triggered by: isaacsim.core.api-4.8.0, isaacsim.core.utils-3.5.1 (path: c:/users/kskzz/miniconda3/envs/env_isaaclab/lib/site-packages/isaacsim/exts/isaacsim.storage.native)
2026-08-01T02:19:42Z [2,166ms] [Info] [omni.kit.app.plugin] [2.210s] [ext: isaacsim.storage.native-1.5.1] startup
2026-08-01T02:19:42Z [2,166ms] [Info] [omni.ext.plugin] [ext manager] preferLocalVersions: 1
2026-08-01T02:19:42Z [2,171ms] [Info] [omni.ext._impl._internal] Searching for classes derived from 'omni.ext.IExt' in 'isaacsim.storage.native' ('c:\users\kskzz\miniconda3\envs\env_isaaclab\lib\site-packages\isaacsim\exts\isaacsim.storage.native')
2026-08-01T02:19:42Z [2,171ms] [Info] [omni.ext._impl._internal] Found class `Extension` derived from `omni.ext.IExt` in module: 'isaacsim.storage.native' in 'c:\users\kskzz\miniconda3\envs\env_isaaclab\lib\site-packages\isaacsim\exts\isaacsim.storage.native'. Calling `on_startup`.
2026-08-01T02:19:42Z [2,172ms] [Info] [omni.ext._impl._internal] Searching for classes derived from 'omni.ext.IExt' in 'isaacsim.storage.native.tests' ('c:\users\kskzz\miniconda3\envs\env_isaaclab\lib\site-packages\isaacsim\exts\isaacsim.storage.native')
2026-08-01T02:19:42Z [2,172ms] [Info] [omni.ext.plugin] [ext: isaacsim.storage.native-1.5.1] started, startup time: 5 (ms)
2026-08-01T02:19:42Z [2,172ms] [Info] [omni.ext.plugin] About to startup: [ext: omni.usd.metrics.assembler.physics-107.3.26] (order: 0) Triggered by: isaacsim.core.utils-3.5.1 (path: c:/users/kskzz/miniconda3/envs/env_isaaclab/lib/site-packages/isaacsim/extscache/omni.usd.metrics.assembler.physics-107.3.26+107.3.3.cp311.u353)
2026-08-01T02:19:42Z [2,172ms] [Info] [omni.kit.app.plugin] [2.215s] [ext: omni.usd.metrics.assembler.physics-107.3.26] startup
2026-08-01T02:19:42Z [2,172ms] [Info] [omni.ext.plugin] [ext manager] preferLocalVersions: 1
2026-08-01T02:19:42Z [2,172ms] [Info] [omni.ext.plugin] [ext manager] preferLocalVersions: 1
2026-08-01T02:19:42Z [2,176ms] [Info] [omni.ext._impl._internal] Searching for classes derived from 'omni.ext.IExt' in 'omni.metrics.assembler.physics' ('c:\users\kskzz\miniconda3\envs\env_isaaclab\lib\site-packages\isaacsim\extscache\omni.usd.metrics.assembler.physics-107.3.26+107.3.3.cp311.u353')
2026-08-01T02:19:42Z [2,176ms] [Info] [omni.ext._impl._internal] Found class `OmniUsdMetricsAssemblerPhysics` derived from `omni.ext.IExt` in module: 'omni.metrics.assembler.physics' in 'c:\users\kskzz\miniconda3\envs\env_isaaclab\lib\site-packages\isaacsim\extscache\omni.usd.metrics.assembler.physics-107.3.26+107.3.3.cp311.u353'. Calling `on_startup`.
2026-08-01T02:19:42Z [2,177ms] [Info] [omni.ext.plugin] [ext: omni.usd.metrics.assembler.physics-107.3.26] started, startup time: 5 (ms)
2026-08-01T02:19:42Z [2,177ms] [Info] [omni.ext.plugin] About to startup: [ext: omni.isaac.dynamic_control-2.0.7] (order: 0) Triggered by: isaacsim.core.utils-3.5.1 (path: c:/users/kskzz/miniconda3/envs/env_isaaclab/lib/site-packages/isaacsim/extsdeprecated/omni.isaac.dynamic_control)
2026-08-01T02:19:42Z [2,177ms] [Info] [omni.kit.app.plugin] [2.220s] [ext: omni.isaac.dynamic_control-2.0.7] startup
2026-08-01T02:19:42Z [2,177ms] [Info] [omni.ext.plugin] [ext manager] preferLocalVersions: 1
2026-08-01T02:19:42Z [2,179ms] [Info] [carb] Registered plugin: omni.isaac.dynamic_control.plugin (interfaces: [omni::isaac::dynamic_control::DynamicControl v0.1]) (impl: omni.isaac.dynamic_control.plugin)
2026-08-01T02:19:42Z [2,186ms] [Warning] [omni.isaac.dynamic_control] omni.isaac.dynamic_control is deprecated as of Isaac Sim 4.5. No action is needed from end-users.
2026-08-01T02:19:42Z [2,187ms] [Info] [omni.ext._impl._internal] Searching for classes derived from 'omni.ext.IExt' in 'omni.isaac.dynamic_control' ('c:\users\kskzz\miniconda3\envs\env_isaaclab\lib\site-packages\isaacsim\extsdeprecated\omni.isaac.dynamic_control')
2026-08-01T02:19:42Z [2,187ms] [Info] [omni.ext._impl._internal] Found class `Extension` derived from `omni.ext.IExt` in module: 'omni.isaac.dynamic_control' in 'c:\users\kskzz\miniconda3\envs\env_isaaclab\lib\site-packages\isaacsim\extsdeprecated\omni.isaac.dynamic_control'. Calling `on_startup`.
2026-08-01T02:19:42Z [2,187ms] [Info] [carb] Initializing plugin: omni.isaac.dynamic_control.plugin (interfaces: [omni::isaac::dynamic_control::DynamicControl v0.1]) (impl: omni.isaac.dynamic_control.plugin)
2026-08-01T02:19:42Z [2,187ms] [Info] [omni.isaac.dynamic_control.plugin] Acquired interface 'omni::physx::IPhysx', version 5.0

2026-08-01T02:19:42Z [2,187ms] [Info] [omni.isaac.dynamic_control.plugin] Acquired interface 'omni::physx::IPhysxSceneQuery', version 1.0

2026-08-01T02:19:42Z [2,187ms] [Info] [omni.ext._impl._internal] Searching for classes derived from 'omni.ext.IExt' in 'omni.isaac.dynamic_control.tests' ('c:\users\kskzz\miniconda3\envs\env_isaaclab\lib\site-packages\isaacsim\extsdeprecated\omni.isaac.dynamic_control')
2026-08-01T02:19:42Z [2,187ms] [Info] [omni.ext.plugin] [ext: omni.isaac.dynamic_control-2.0.7] started, startup time: 10 (ms)
2026-08-01T02:19:42Z [2,188ms] [Info] [omni.ext.plugin] About to startup: [ext: omni.physics.tensors-107.3.26] (order: 0) Triggered by: isaacsim.core.utils-3.5.1, omni.physx.tensors-107.3.26 (path: c:/users/kskzz/miniconda3/envs/env_isaaclab/lib/site-packages/isaacsim/extscache/omni.physics.tensors-107.3.26+107.3.3.wx64.r.cp311.u353)
2026-08-01T02:19:42Z [2,188ms] [Info] [omni.kit.app.plugin] [2.231s] [ext: omni.physics.tensors-107.3.26] startup
2026-08-01T02:19:42Z [2,188ms] [Info] [omni.ext.plugin] [ext manager] preferLocalVersions: 1
2026-08-01T02:19:42Z [2,188ms] [Info] [omni.ext.plugin] [ext manager] preferLocalVersions: 1
2026-08-01T02:19:42Z [2,189ms] [Info] [carb] Registered plugin: omni.physics.tensors.plugin (interfaces: [omni::physics::tensors::BackendRegistry v0.1],[omni::physics::tensors::TensorApi v0.1]) (impl: omni.physics.tensors.plugin)
2026-08-01T02:19:42Z [2,197ms] [Info] [omni.ext._impl._internal] Searching for classes derived from 'omni.ext.IExt' in 'omni.physics.tensors' ('c:\users\kskzz\miniconda3\envs\env_isaaclab\lib\site-packages\isaacsim\extscache\omni.physics.tensors-107.3.26+107.3.3.wx64.r.cp311.u353')
2026-08-01T02:19:42Z [2,197ms] [Info] [omni.ext._impl._internal] Found class `Extension` derived from `omni.ext.IExt` in module: 'omni.physics.tensors' in 'c:\users\kskzz\miniconda3\envs\env_isaaclab\lib\site-packages\isaacsim\extscache\omni.physics.tensors-107.3.26+107.3.3.wx64.r.cp311.u353'. Calling `on_startup`.
2026-08-01T02:19:42Z [2,197ms] [Info] [omni.ext.plugin] [ext: omni.physics.tensors-107.3.26] started, startup time: 9 (ms)
2026-08-01T02:19:42Z [2,197ms] [Info] [omni.ext.plugin] About to startup: [ext: omni.warp.core-1.8.2] (order: 0) Triggered by: isaaclab.python.headless-2.3.2, isaacsim.core.api-4.8.0, isaacsim.core.prims-0.6.1, isaacsim.core.utils-3.5.1, omni.warp-1.8.2 (path: c:/users/kskzz/miniconda3/envs/env_isaaclab/lib/site-packages/isaacsim/extscache/omni.warp.core-1.8.2+wx64)
2026-08-01T02:19:42Z [2,197ms] [Info] [omni.kit.app.plugin] [2.240s] [ext: omni.warp.core-1.8.2] startup
2026-08-01T02:19:42Z [2,197ms] [Info] [omni.ext.plugin] [ext manager] preferLocalVersions: 1
2026-08-01T02:19:42Z [2,201ms] [Info] [omni.ext._impl._internal] Searching for classes derived from 'omni.ext.IExt' in 'omni.warp.core' ('c:\users\kskzz\miniconda3\envs\env_isaaclab\lib\site-packages\isaacsim\extscache\omni.warp.core-1.8.2+wx64')
2026-08-01T02:19:42Z [2,201ms] [Info] [omni.ext._impl._internal] Found class `OmniWarpCoreExtension` derived from `omni.ext.IExt` in module: 'omni.warp.core' in 'c:\users\kskzz\miniconda3\envs\env_isaaclab\lib\site-packages\isaacsim\extscache\omni.warp.core-1.8.2+wx64'. Calling `on_startup`.
2026-08-01T02:19:42Z [2,450ms] [Info] [omni.ext._impl._internal] Searching for classes derived from 'omni.ext.IExt' in 'warp' ('c:\users\kskzz\miniconda3\envs\env_isaaclab\lib\site-packages\isaacsim\extscache\omni.warp.core-1.8.2+wx64')
2026-08-01T02:19:42Z [2,451ms] [Info] [omni.ext.plugin] [ext: omni.warp.core-1.8.2] started, startup time: 253 (ms)
2026-08-01T02:19:42Z [2,451ms] [Info] [omni.ext.plugin] About to startup: [ext: omni.graph.action_nodes-1.50.4] (order: 0) Triggered by: omni.graph.action-1.130.0 (path: c:/users/kskzz/miniconda3/envs/env_isaaclab/lib/site-packages/isaacsim/extscache/omni.graph.action_nodes-1.50.4+107.3.0.wx64.r.cp311.u353)
2026-08-01T02:19:42Z [2,451ms] [Info] [omni.kit.app.plugin] [2.494s] [ext: omni.graph.action_nodes-1.50.4] startup
2026-08-01T02:19:42Z [2,451ms] [Info] [omni.ext.plugin] [ext manager] preferLocalVersions: 1
2026-08-01T02:19:42Z [2,452ms] [Info] [omni.ext.plugin] [ext manager] preferLocalVersions: 1
2026-08-01T02:19:42Z [2,457ms] [Info] [omni.ext._impl._internal] Searching for classes derived from 'omni.ext.IExt' in 'omni.graph.action_nodes' ('c:\users\kskzz\miniconda3\envs\env_isaaclab\lib\site-packages\isaacsim\extscache\omni.graph.action_nodes-1.50.4+107.3.0.wx64.r.cp311.u353')
2026-08-01T02:19:42Z [2,457ms] [Info] [omni.ext._impl._internal] Found class `_PublicExtension` derived from `omni.ext.IExt` in module: 'omni.graph.action_nodes' in 'c:\users\kskzz\miniconda3\envs\env_isaaclab\lib\site-packages\isaacsim\extscache\omni.graph.action_nodes-1.50.4+107.3.0.wx64.r.cp311.u353'. Calling `on_startup`.
2026-08-01T02:19:42Z [2,457ms] [Info] [omni.ext.plugin] [ext: omni.graph.action_nodes-1.50.4] started, startup time: 5 (ms)
2026-08-01T02:19:42Z [2,457ms] [Info] [omni.ext.plugin] About to startup: [ext: omni.physx.tensors-107.3.26] (order: 0) Triggered by: isaaclab.python.headless-2.3.2, isaacsim.core.api-4.8.0, isaacsim.core.prims-0.6.1, isaacsim.core.simulation_manager-1.4.4 (path: c:/users/kskzz/miniconda3/envs/env_isaaclab/lib/site-packages/isaacsim/extscache/omni.physx.tensors-107.3.26+107.3.3.wx64.r.cp311.u353)
2026-08-01T02:19:42Z [2,457ms] [Info] [omni.kit.app.plugin] [2.500s] [ext: omni.physx.tensors-107.3.26] startup
2026-08-01T02:19:42Z [2,457ms] [Info] [omni.ext.plugin] [ext manager] preferLocalVersions: 1
2026-08-01T02:19:42Z [2,459ms] [Info] [carb] Registered plugin: omni.physx.tensors.plugin (interfaces: [omni::ext::IExt v0.1]) (impl: omni.physx.tensors.plugin)
2026-08-01T02:19:42Z [2,460ms] [Info] [carb] Initializing plugin: omni.physx.tensors.plugin (interfaces: [omni::ext::IExt v0.1]) (impl: omni.physx.tensors.plugin)
2026-08-01T02:19:42Z [2,461ms] [Info] [omni.ext.plugin] [ext: omni.physx.tensors-107.3.26] Starting ext::IExt in 'c:/users/kskzz/miniconda3/envs/env_isaaclab/lib/site-packages/isaacsim/extscache/omni.physx.tensors-107.3.26+107.3.3.wx64.r.cp311.u353/bin/omni.physx.tensors.plugin.dll'
2026-08-01T02:19:42Z [2,461ms] [Info] [carb] Initializing plugin: omni.physics.tensors.plugin (interfaces: [omni::physics::tensors::BackendRegistry v0.1],[omni::physics::tensors::TensorApi v0.1]) (impl: omni.physics.tensors.plugin)
2026-08-01T02:19:42Z [2,461ms] [Info] [omni.physx.tensors.plugin] Registered simulation backend 'physx'

2026-08-01T02:19:42Z [2,461ms] [Info] [omni.ext.plugin] [ext: omni.physx.tensors-107.3.26] started, startup time: 4 (ms)
2026-08-01T02:19:42Z [2,463ms] [Info] [omni.ext.plugin] About to startup: [ext: isaacsim.core.utils-3.5.1] (order: 0) Triggered by: isaaclab.python.headless-2.3.2, isaacsim.core.api-4.8.0, isaacsim.core.prims-0.6.1, isaacsim.core.simulation_manager-1.4.4 (path: c:/users/kskzz/miniconda3/envs/env_isaaclab/lib/site-packages/isaacsim/exts/isaacsim.core.utils)
2026-08-01T02:19:42Z [2,463ms] [Info] [omni.kit.app.plugin] [2.506s] [ext: isaacsim.core.utils-3.5.1] startup
2026-08-01T02:19:42Z [2,471ms] [Info] [omni.ext._impl._internal] Searching for classes derived from 'omni.ext.IExt' in 'isaacsim.core.utils' ('c:\users\kskzz\miniconda3\envs\env_isaaclab\lib\site-packages\isaacsim\exts\isaacsim.core.utils')
2026-08-01T02:19:42Z [2,472ms] [Info] [omni.ext._impl._internal] Searching for classes derived from 'omni.ext.IExt' in 'isaacsim.core.utils.tests' ('c:\users\kskzz\miniconda3\envs\env_isaaclab\lib\site-packages\isaacsim\exts\isaacsim.core.utils')
2026-08-01T02:19:42Z [2,472ms] [Info] [omni.ext.plugin] [ext: isaacsim.core.utils-3.5.1] started, startup time: 9 (ms)
2026-08-01T02:19:42Z [2,472ms] [Info] [omni.ext.plugin] About to startup: [ext: omni.graph.nodes-1.170.10] (order: 0) Triggered by: omni.replicator.core-1.12.27, omni.warp-1.8.2 (path: c:/users/kskzz/miniconda3/envs/env_isaaclab/lib/site-packages/isaacsim/extscache/omni.graph.nodes-1.170.10+107.3.0.wx64.r.cp311.u353)
2026-08-01T02:19:42Z [2,472ms] [Info] [omni.kit.app.plugin] [2.515s] [ext: omni.graph.nodes-1.170.10] startup
2026-08-01T02:19:42Z [2,472ms] [Info] [omni.ext.plugin] [ext manager] preferLocalVersions: 1
2026-08-01T02:19:42Z [2,474ms] [Info] [omni.ext.plugin] [ext manager] preferLocalVersions: 1
2026-08-01T02:19:42Z [2,476ms] [Info] [carb] Registered plugin: omni.graph.nodes.plugin (interfaces: [omni::graph::nodes v1.0]) (impl: omni.graph.nodes.plugin)
2026-08-01T02:19:42Z [2,481ms] [Info] [omni.ext._impl._internal] Searching for classes derived from 'omni.ext.IExt' in 'omni.graph.nodes' ('c:\users\kskzz\miniconda3\envs\env_isaaclab\lib\site-packages\isaacsim\extscache\omni.graph.nodes-1.170.10+107.3.0.wx64.r.cp311.u353')
2026-08-01T02:19:42Z [2,481ms] [Info] [omni.ext._impl._internal] Found class `_PublicExtension` derived from `omni.ext.IExt` in module: 'omni.graph.nodes' in 'c:\users\kskzz\miniconda3\envs\env_isaaclab\lib\site-packages\isaacsim\extscache\omni.graph.nodes-1.170.10+107.3.0.wx64.r.cp311.u353'. Calling `on_startup`.
2026-08-01T02:19:42Z [2,481ms] [Info] [carb] Initializing plugin: omni.graph.nodes.plugin (interfaces: [omni::graph::nodes v1.0]) (impl: omni.graph.nodes.plugin)
2026-08-01T02:19:42Z [2,487ms] [Info] [omni.ext.plugin] [ext: omni.graph.nodes-1.170.10] started, startup time: 15 (ms)
2026-08-01T02:19:42Z [2,488ms] [Info] [omni.ext.plugin] About to startup: [ext: omni.graph.action-1.130.0] (order: 0) Triggered by: omni.replicator.core-1.12.27, omni.warp-1.8.2 (path: c:/users/kskzz/miniconda3/envs/env_isaaclab/lib/site-packages/isaacsim/extscache/omni.graph.action-1.130.0+107.3.0)
2026-08-01T02:19:42Z [2,488ms] [Info] [omni.kit.app.plugin] [2.531s] [ext: omni.graph.action-1.130.0] startup
2026-08-01T02:19:42Z [2,488ms] [Info] [omni.ext.plugin] [ext manager] preferLocalVersions: 1
2026-08-01T02:19:42Z [2,490ms] [Info] [omni.ext._impl._internal] Searching for classes derived from 'omni.ext.IExt' in 'omni.graph.action' ('c:\users\kskzz\miniconda3\envs\env_isaaclab\lib\site-packages\isaacsim\extscache\omni.graph.action-1.130.0+107.3.0')
2026-08-01T02:19:42Z [2,490ms] [Info] [omni.ext.plugin] [ext: omni.graph.action-1.130.0] started, startup time: 2 (ms)
2026-08-01T02:19:42Z [2,491ms] [Info] [omni.ext.plugin] About to startup: [ext: omni.kit.stage_template.core-1.1.22] (order: 0) Triggered by: omni.kit.stage_templates-2.0.0 (path: c:/users/kskzz/miniconda3/envs/env_isaaclab/lib/site-packages/isaacsim/extscache/omni.kit.stage_template.core-1.1.22+69cbf6ad)
2026-08-01T02:19:42Z [2,491ms] [Info] [omni.kit.app.plugin] [2.534s] [ext: omni.kit.stage_template.core-1.1.22] startup
2026-08-01T02:19:42Z [2,491ms] [Info] [omni.ext.plugin] [ext manager] preferLocalVersions: 1
2026-08-01T02:19:42Z [2,495ms] [Info] [omni.ext._impl._internal] Searching for classes derived from 'omni.ext.IExt' in 'omni.kit.stage_template.core' ('c:\users\kskzz\miniconda3\envs\env_isaaclab\lib\site-packages\isaacsim\extscache\omni.kit.stage_template.core-1.1.22+69cbf6ad')
2026-08-01T02:19:42Z [2,495ms] [Info] [omni.ext._impl._internal] Found class `CoreStageExtension` derived from `omni.ext.IExt` in module: 'omni.kit.stage_template.core' in 'c:\users\kskzz\miniconda3\envs\env_isaaclab\lib\site-packages\isaacsim\extscache\omni.kit.stage_template.core-1.1.22+69cbf6ad'. Calling `on_startup`.
2026-08-01T02:19:42Z [2,495ms] [Info] [omni.ext.plugin] [ext: omni.kit.stage_template.core-1.1.22] started, startup time: 4 (ms)
2026-08-01T02:19:42Z [2,495ms] [Info] [omni.ext.plugin] About to startup: [ext: isaacsim.core.simulation_manager-1.4.4] (order: 0) Triggered by: isaacsim.core.api-4.8.0, isaacsim.core.cloner-1.4.10, isaacsim.core.prims-0.6.1 (path: c:/users/kskzz/miniconda3/envs/env_isaaclab/lib/site-packages/isaacsim/exts/isaacsim.core.simulation_manager)
2026-08-01T02:19:42Z [2,495ms] [Info] [omni.kit.app.plugin] [2.539s] [ext: isaacsim.core.simulation_manager-1.4.4] startup
2026-08-01T02:19:42Z [2,496ms] [Info] [omni.ext.plugin] [ext manager] preferLocalVersions: 1
2026-08-01T02:19:42Z [2,497ms] [Info] [carb] Registered plugin: isaacsim.core.simulation_manager.plugin (interfaces: [isaacsim::core::simulation_manager::ISimulationManager v2.0],[omni::ext::IExt v0.1]) (impl: isaacsim.core.simulation_manager.plugin)
2026-08-01T02:19:42Z [2,497ms] [Info] [carb] Initializing plugin: isaacsim.core.simulation_manager.plugin (interfaces: [isaacsim::core::simulation_manager::ISimulationManager v2.0],[omni::ext::IExt v0.1]) (impl: isaacsim.core.simulation_manager.plugin)
2026-08-01T02:19:42Z [2,497ms] [Info] [omni.ext.plugin] [ext: isaacsim.core.simulation_manager-1.4.4] Starting ext::IExt in 'c:/users/kskzz/miniconda3/envs/env_isaaclab/lib/site-packages/isaacsim/exts/isaacsim.core.simulation_manager/bin/isaacsim.core.simulation_manager.plugin.dll'
2026-08-01T02:19:42Z [2,497ms] [Info] [carb] Plugin isaacsim.core.simulation_manager.plugin is already a dependency of omni.physx.plugin; not changing unload order
2026-08-01T02:19:42Z [2,566ms] [Error] [omni.graph.tools._impl.internal.extension_contents_1_18] Exception while importing test omni.graph.action_nodes.ogn.tests.TestOgnAddPrimRelationship: Traceback (most recent call last):
  File "c:/users/kskzz/miniconda3/envs/env_isaaclab/lib/site-packages/isaacsim/extscache/omni.graph.tools-1.79.2+69cbf6ad/omni/graph/tools/_impl/internal/extension_contents_1_18.py", line 394, in do_import_test_definition
    test_module = load_module_from_file(test_module_name, test_file)
                  ^^^^^^^^^^^^^^^^^^^^^^^^^^^^^^^^^^^^^^^^^^^^^^^^^^
  File "c:/users/kskzz/miniconda3/envs/env_isaaclab/lib/site-packages/isaacsim/extscache/omni.graph.tools-1.79.2+69cbf6ad/omni/graph/tools/_impl/internal/file_utils.py", line 239, in load_module_from_file
    spec.loader.exec_module(module)
  File "<frozen importlib._bootstrap_external>", line 940, in exec_module
  File "<frozen importlib._bootstrap>", line 241, in _call_with_frames_removed
  File "c:\users\kskzz\miniconda3\envs\env_isaaclab\lib\site-packages\isaacsim\extscache\omni.graph.action_nodes-1.50.4+107.3.0.wx64.r.cp311.u353\omni\graph\action_nodes\ogn\tests\TestOgnAddPrimRelationship.py", line 4, in <module>
    import omni.graph.core.tests as ogts
  File "c:/users/kskzz/miniconda3/envs/env_isaaclab/lib/site-packages/isaacsim/extscache/omni.graph-1.141.2+69cbf6ad.wx64.r.cp311/omni/graph/core/tests/__init__.py", line 20, in <module>
    from .omnigraph_test_utils import OmniGraphTestCase
  File "c:/users/kskzz/miniconda3/envs/env_isaaclab/lib/site-packages/isaacsim/extscache/omni.graph-1.141.2+69cbf6ad.wx64.r.cp311/omni/graph/core/tests/omnigraph_test_utils.py", line 198, in <module>
    OmniGraphTestCase = test_case_class()
                        ^^^^^^^^^^^^^^^^^
  File "c:/users/kskzz/miniconda3/envs/env_isaaclab/lib/site-packages/isaacsim/extscache/omni.graph-1.141.2+69cbf6ad.wx64.r.cp311/omni/graph/core/tests/omnigraph_test_utils.py", line 135, in test_case_class
    base_class = omni.kit.test.AsyncTestCase
                 ^^^^^^^^^^^^^
AttributeError: cannot access submodule 'test' of module 'omni.kit' (most likely due to a circular import)

2026-08-01T02:19:42Z [2,567ms] [Error] [omni.graph.tools._impl.internal.extension_contents_1_18] Exception while importing test omni.graph.action_nodes.ogn.tests.TestOgnBranch: Traceback (most recent call last):
  File "c:/users/kskzz/miniconda3/envs/env_isaaclab/lib/site-packages/isaacsim/extscache/omni.graph.tools-1.79.2+69cbf6ad/omni/graph/tools/_impl/internal/extension_contents_1_18.py", line 394, in do_import_test_definition
    test_module = load_module_from_file(test_module_name, test_file)
                  ^^^^^^^^^^^^^^^^^^^^^^^^^^^^^^^^^^^^^^^^^^^^^^^^^^
  File "c:/users/kskzz/miniconda3/envs/env_isaaclab/lib/site-packages/isaacsim/extscache/omni.graph.tools-1.79.2+69cbf6ad/omni/graph/tools/_impl/internal/file_utils.py", line 239, in load_module_from_file
    spec.loader.exec_module(module)
  File "<frozen importlib._bootstrap_external>", line 940, in exec_module
  File "<frozen importlib._bootstrap>", line 241, in _call_with_frames_removed
  File "c:\users\kskzz\miniconda3\envs\env_isaaclab\lib\site-packages\isaacsim\extscache\omni.graph.action_nodes-1.50.4+107.3.0.wx64.r.cp311.u353\omni\graph\action_nodes\ogn\tests\TestOgnBranch.py", line 4, in <module>
    import omni.graph.core.tests as ogts
ImportError: cannot import name 'tests' from 'omni.graph.core' (c:/users/kskzz/miniconda3/envs/env_isaaclab/lib/site-packages/isaacsim/extscache/omni.graph-1.141.2+69cbf6ad.wx64.r.cp311/omni/graph/core/__init__.py)

2026-08-01T02:19:42Z [2,568ms] [Error] [omni.graph.tools._impl.internal.extension_contents_1_18] Exception while importing test omni.graph.action_nodes.ogn.tests.TestOgnSwitchToken: Traceback (most recent call last):
  File "c:/users/kskzz/miniconda3/envs/env_isaaclab/lib/site-packages/isaacsim/extscache/omni.graph.tools-1.79.2+69cbf6ad/omni/graph/tools/_impl/internal/extension_contents_1_18.py", line 394, in do_import_test_definition
    test_module = load_module_from_file(test_module_name, test_file)
                  ^^^^^^^^^^^^^^^^^^^^^^^^^^^^^^^^^^^^^^^^^^^^^^^^^^
  File "c:/users/kskzz/miniconda3/envs/env_isaaclab/lib/site-packages/isaacsim/extscache/omni.graph.tools-1.79.2+69cbf6ad/omni/graph/tools/_impl/internal/file_utils.py", line 239, in load_module_from_file
    spec.loader.exec_module(module)
  File "<frozen importlib._bootstrap_external>", line 940, in exec_module
  File "<frozen importlib._bootstrap>", line 241, in _call_with_frames_removed
  File "c:\users\kskzz\miniconda3\envs\env_isaaclab\lib\site-packages\isaacsim\extscache\omni.graph.action_nodes-1.50.4+107.3.0.wx64.r.cp311.u353\omni\graph\action_nodes\ogn\tests\TestOgnSwitchToken.py", line 4, in <module>
    import omni.graph.core.tests as ogts
ImportError: cannot import name 'tests' from 'omni.graph.core' (c:/users/kskzz/miniconda3/envs/env_isaaclab/lib/site-packages/isaacsim/extscache/omni.graph-1.141.2+69cbf6ad.wx64.r.cp311/omni/graph/core/__init__.py)

2026-08-01T02:19:42Z [2,591ms] [Error] [omni.graph.tools._impl.internal.extension_contents_1_18] Exception while importing test omni.graph.action_nodes.ogn.tests.TestOgnSyncGate: Traceback (most recent call last):
  File "c:/users/kskzz/miniconda3/envs/env_isaaclab/lib/site-packages/isaacsim/extscache/omni.graph.tools-1.79.2+69cbf6ad/omni/graph/tools/_impl/internal/extension_contents_1_18.py", line 394, in do_import_test_definition
    test_module = load_module_from_file(test_module_name, test_file)
                  ^^^^^^^^^^^^^^^^^^^^^^^^^^^^^^^^^^^^^^^^^^^^^^^^^^
  File "c:/users/kskzz/miniconda3/envs/env_isaaclab/lib/site-packages/isaacsim/extscache/omni.graph.tools-1.79.2+69cbf6ad/omni/graph/tools/_impl/internal/file_utils.py", line 239, in load_module_from_file
    spec.loader.exec_module(module)
  File "<frozen importlib._bootstrap_external>", line 940, in exec_module
  File "<frozen importlib._bootstrap>", line 241, in _call_with_frames_removed
  File "c:\users\kskzz\miniconda3\envs\env_isaaclab\lib\site-packages\isaacsim\extscache\omni.graph.action_nodes-1.50.4+107.3.0.wx64.r.cp311.u353\omni\graph\action_nodes\ogn\tests\TestOgnSyncGate.py", line 4, in <module>
    import omni.graph.core.tests as ogts
  File "c:/users/kskzz/miniconda3/envs/env_isaaclab/lib/site-packages/isaacsim/extscache/omni.graph-1.141.2+69cbf6ad.wx64.r.cp311/omni/graph/core/tests/__init__.py", line 20, in <module>
    from .omnigraph_test_utils import OmniGraphTestCase
  File "c:/users/kskzz/miniconda3/envs/env_isaaclab/lib/site-packages/isaacsim/extscache/omni.graph-1.141.2+69cbf6ad.wx64.r.cp311/omni/graph/core/tests/omnigraph_test_utils.py", line 198, in <module>
    OmniGraphTestCase = test_case_class()
                        ^^^^^^^^^^^^^^^^^
  File "c:/users/kskzz/miniconda3/envs/env_isaaclab/lib/site-packages/isaacsim/extscache/omni.graph-1.141.2+69cbf6ad.wx64.r.cp311/omni/graph/core/tests/omnigraph_test_utils.py", line 135, in test_case_class
    base_class = omni.kit.test.AsyncTestCase
                 ^^^^^^^^^^^^^
AttributeError: cannot access submodule 'test' of module 'omni.kit' (most likely due to a circular import)

2026-08-01T02:19:42Z [2,597ms] [Error] [omni.graph.tools._impl.internal.extension_contents_1_18] Exception while importing test omni.graph.action_nodes.ogn.tests.TestOgnOnClosing: Traceback (most recent call last):
  File "c:/users/kskzz/miniconda3/envs/env_isaaclab/lib/site-packages/isaacsim/extscache/omni.graph.tools-1.79.2+69cbf6ad/omni/graph/tools/_impl/internal/extension_contents_1_18.py", line 394, in do_import_test_definition
    test_module = load_module_from_file(test_module_name, test_file)
                  ^^^^^^^^^^^^^^^^^^^^^^^^^^^^^^^^^^^^^^^^^^^^^^^^^^
  File "c:/users/kskzz/miniconda3/envs/env_isaaclab/lib/site-packages/isaacsim/extscache/omni.graph.tools-1.79.2+69cbf6ad/omni/graph/tools/_impl/internal/file_utils.py", line 239, in load_module_from_file
    spec.loader.exec_module(module)
  File "<frozen importlib._bootstrap_external>", line 940, in exec_module
  File "<frozen importlib._bootstrap>", line 241, in _call_with_frames_removed
  File "c:\users\kskzz\miniconda3\envs\env_isaaclab\lib\site-packages\isaacsim\extscache\omni.graph.action_nodes-1.50.4+107.3.0.wx64.r.cp311.u353\omni\graph\action_nodes\ogn\tests\TestOgnOnClosing.py", line 4, in <module>
    import omni.graph.core.tests as ogts
ImportError: cannot import name 'tests' from 'omni.graph.core' (c:/users/kskzz/miniconda3/envs/env_isaaclab/lib/site-packages/isaacsim/extscache/omni.graph-1.141.2+69cbf6ad.wx64.r.cp311/omni/graph/core/__init__.py)

2026-08-01T02:19:42Z [2,598ms] [Error] [omni.graph.tools._impl.internal.extension_contents_1_18] Exception while importing test omni.graph.action_nodes.ogn.tests.TestOgnOnce: Traceback (most recent call last):
  File "c:/users/kskzz/miniconda3/envs/env_isaaclab/lib/site-packages/isaacsim/extscache/omni.graph.tools-1.79.2+69cbf6ad/omni/graph/tools/_impl/internal/extension_contents_1_18.py", line 394, in do_import_test_definition
    test_module = load_module_from_file(test_module_name, test_file)
                  ^^^^^^^^^^^^^^^^^^^^^^^^^^^^^^^^^^^^^^^^^^^^^^^^^^
  File "c:/users/kskzz/miniconda3/envs/env_isaaclab/lib/site-packages/isaacsim/extscache/omni.graph.tools-1.79.2+69cbf6ad/omni/graph/tools/_impl/internal/file_utils.py", line 239, in load_module_from_file
    spec.loader.exec_module(module)
  File "<frozen importlib._bootstrap_external>", line 940, in exec_module
  File "<frozen importlib._bootstrap>", line 241, in _call_with_frames_removed
  File "c:\users\kskzz\miniconda3\envs\env_isaaclab\lib\site-packages\isaacsim\extscache\omni.graph.action_nodes-1.50.4+107.3.0.wx64.r.cp311.u353\omni\graph\action_nodes\ogn\tests\TestOgnOnce.py", line 4, in <module>
    import omni.graph.core.tests as ogts
ImportError: cannot import name 'tests' from 'omni.graph.core' (c:/users/kskzz/miniconda3/envs/env_isaaclab/lib/site-packages/isaacsim/extscache/omni.graph-1.141.2+69cbf6ad.wx64.r.cp311/omni/graph/core/__init__.py)

2026-08-01T02:19:42Z [2,599ms] [Error] [omni.graph.tools._impl.internal.extension_contents_1_18] Exception while importing test omni.graph.action_nodes.ogn.tests.TestOgnOnCustomEvent: Traceback (most recent call last):
  File "c:/users/kskzz/miniconda3/envs/env_isaaclab/lib/site-packages/isaacsim/extscache/omni.graph.tools-1.79.2+69cbf6ad/omni/graph/tools/_impl/internal/extension_contents_1_18.py", line 394, in do_import_test_definition
    test_module = load_module_from_file(test_module_name, test_file)
                  ^^^^^^^^^^^^^^^^^^^^^^^^^^^^^^^^^^^^^^^^^^^^^^^^^^
  File "c:/users/kskzz/miniconda3/envs/env_isaaclab/lib/site-packages/isaacsim/extscache/omni.graph.tools-1.79.2+69cbf6ad/omni/graph/tools/_impl/internal/file_utils.py", line 239, in load_module_from_file
    spec.loader.exec_module(module)
  File "<frozen importlib._bootstrap_external>", line 940, in exec_module
  File "<frozen importlib._bootstrap>", line 241, in _call_with_frames_removed
  File "c:\users\kskzz\miniconda3\envs\env_isaaclab\lib\site-packages\isaacsim\extscache\omni.graph.action_nodes-1.50.4+107.3.0.wx64.r.cp311.u353\omni\graph\action_nodes\ogn\tests\TestOgnOnCustomEvent.py", line 4, in <module>
    import omni.graph.core.tests as ogts
ImportError: cannot import name 'tests' from 'omni.graph.core' (c:/users/kskzz/miniconda3/envs/env_isaaclab/lib/site-packages/isaacsim/extscache/omni.graph-1.141.2+69cbf6ad.wx64.r.cp311/omni/graph/core/__init__.py)

2026-08-01T02:19:42Z [2,599ms] [Error] [omni.graph.tools._impl.internal.extension_contents_1_18] Exception while importing test omni.graph.action_nodes.ogn.tests.TestOgnForEach: Traceback (most recent call last):
  File "c:/users/kskzz/miniconda3/envs/env_isaaclab/lib/site-packages/isaacsim/extscache/omni.graph.tools-1.79.2+69cbf6ad/omni/graph/tools/_impl/internal/extension_contents_1_18.py", line 394, in do_import_test_definition
    test_module = load_module_from_file(test_module_name, test_file)
                  ^^^^^^^^^^^^^^^^^^^^^^^^^^^^^^^^^^^^^^^^^^^^^^^^^^
  File "c:/users/kskzz/miniconda3/envs/env_isaaclab/lib/site-packages/isaacsim/extscache/omni.graph.tools-1.79.2+69cbf6ad/omni/graph/tools/_impl/internal/file_utils.py", line 239, in load_module_from_file
    spec.loader.exec_module(module)
  File "<frozen importlib._bootstrap_external>", line 940, in exec_module
  File "<frozen importlib._bootstrap>", line 241, in _call_with_frames_removed
  File "c:\users\kskzz\miniconda3\envs\env_isaaclab\lib\site-packages\isaacsim\extscache\omni.graph.action_nodes-1.50.4+107.3.0.wx64.r.cp311.u353\omni\graph\action_nodes\ogn\tests\TestOgnForEach.py", line 4, in <module>
    import omni.graph.core.tests as ogts
  File "c:/users/kskzz/miniconda3/envs/env_isaaclab/lib/site-packages/isaacsim/extscache/omni.graph-1.141.2+69cbf6ad.wx64.r.cp311/omni/graph/core/tests/__init__.py", line 20, in <module>
    from .omnigraph_test_utils import OmniGraphTestCase
  File "c:/users/kskzz/miniconda3/envs/env_isaaclab/lib/site-packages/isaacsim/extscache/omni.graph-1.141.2+69cbf6ad.wx64.r.cp311/omni/graph/core/tests/omnigraph_test_utils.py", line 198, in <module>
    OmniGraphTestCase = test_case_class()
                        ^^^^^^^^^^^^^^^^^
  File "c:/users/kskzz/miniconda3/envs/env_isaaclab/lib/site-packages/isaacsim/extscache/omni.graph-1.141.2+69cbf6ad.wx64.r.cp311/omni/graph/core/tests/omnigraph_test_utils.py", line 135, in test_case_class
    base_class = omni.kit.test.AsyncTestCase
                 ^^^^^^^^^^^^^
AttributeError: cannot access submodule 'test' of module 'omni.kit' (most likely due to a circular import)

2026-08-01T02:19:42Z [2,600ms] [Error] [omni.graph.tools._impl.internal.extension_contents_1_18] Exception while importing test omni.graph.action_nodes.ogn.tests.TestOgnMultisequence: Traceback (most recent call last):
  File "c:/users/kskzz/miniconda3/envs/env_isaaclab/lib/site-packages/isaacsim/extscache/omni.graph.tools-1.79.2+69cbf6ad/omni/graph/tools/_impl/internal/extension_contents_1_18.py", line 394, in do_import_test_definition
    test_module = load_module_from_file(test_module_name, test_file)
                  ^^^^^^^^^^^^^^^^^^^^^^^^^^^^^^^^^^^^^^^^^^^^^^^^^^
  File "c:/users/kskzz/miniconda3/envs/env_isaaclab/lib/site-packages/isaacsim/extscache/omni.graph.tools-1.79.2+69cbf6ad/omni/graph/tools/_impl/internal/file_utils.py", line 239, in load_module_from_file
    spec.loader.exec_module(module)
  File "<frozen importlib._bootstrap_external>", line 940, in exec_module
  File "<frozen importlib._bootstrap>", line 241, in _call_with_frames_removed
  File "c:\users\kskzz\miniconda3\envs\env_isaaclab\lib\site-packages\isaacsim\extscache\omni.graph.action_nodes-1.50.4+107.3.0.wx64.r.cp311.u353\omni\graph\action_nodes\ogn\tests\TestOgnMultisequence.py", line 4, in <module>
    import omni.graph.core.tests as ogts
ImportError: cannot import name 'tests' from 'omni.graph.core' (c:/users/kskzz/miniconda3/envs/env_isaaclab/lib/site-packages/isaacsim/extscache/omni.graph-1.141.2+69cbf6ad.wx64.r.cp311/omni/graph/core/__init__.py)

2026-08-01T02:19:42Z [2,601ms] [Error] [omni.graph.tools._impl.internal.extension_contents_1_18] Exception while importing test omni.graph.action_nodes.ogn.tests.TestOgnMultigate: Traceback (most recent call last):
  File "c:/users/kskzz/miniconda3/envs/env_isaaclab/lib/site-packages/isaacsim/extscache/omni.graph.tools-1.79.2+69cbf6ad/omni/graph/tools/_impl/internal/extension_contents_1_18.py", line 394, in do_import_test_definition
    test_module = load_module_from_file(test_module_name, test_file)
                  ^^^^^^^^^^^^^^^^^^^^^^^^^^^^^^^^^^^^^^^^^^^^^^^^^^
  File "c:/users/kskzz/miniconda3/envs/env_isaaclab/lib/site-packages/isaacsim/extscache/omni.graph.tools-1.79.2+69cbf6ad/omni/graph/tools/_impl/internal/file_utils.py", line 239, in load_module_from_file
    spec.loader.exec_module(module)
  File "<frozen importlib._bootstrap_external>", line 940, in exec_module
  File "<frozen importlib._bootstrap>", line 241, in _call_with_frames_removed
  File "c:\users\kskzz\miniconda3\envs\env_isaaclab\lib\site-packages\isaacsim\extscache\omni.graph.action_nodes-1.50.4+107.3.0.wx64.r.cp311.u353\omni\graph\action_nodes\ogn\tests\TestOgnMultigate.py", line 4, in <module>
    import omni.graph.core.tests as ogts
ImportError: cannot import name 'tests' from 'omni.graph.core' (c:/users/kskzz/miniconda3/envs/env_isaaclab/lib/site-packages/isaacsim/extscache/omni.graph-1.141.2+69cbf6ad.wx64.r.cp311/omni/graph/core/__init__.py)

2026-08-01T02:19:42Z [2,601ms] [Error] [omni.graph.tools._impl.internal.extension_contents_1_18] Exception while importing test omni.graph.action_nodes.ogn.tests.TestOgnOnImpulseEvent: Traceback (most recent call last):
  File "c:/users/kskzz/miniconda3/envs/env_isaaclab/lib/site-packages/isaacsim/extscache/omni.graph.tools-1.79.2+69cbf6ad/omni/graph/tools/_impl/internal/extension_contents_1_18.py", line 394, in do_import_test_definition
    test_module = load_module_from_file(test_module_name, test_file)
                  ^^^^^^^^^^^^^^^^^^^^^^^^^^^^^^^^^^^^^^^^^^^^^^^^^^
  File "c:/users/kskzz/miniconda3/envs/env_isaaclab/lib/site-packages/isaacsim/extscache/omni.graph.tools-1.79.2+69cbf6ad/omni/graph/tools/_impl/internal/file_utils.py", line 239, in load_module_from_file
    spec.loader.exec_module(module)
  File "<frozen importlib._bootstrap_external>", line 940, in exec_module
  File "<frozen importlib._bootstrap>", line 241, in _call_with_frames_removed
  File "c:\users\kskzz\miniconda3\envs\env_isaaclab\lib\site-packages\isaacsim\extscache\omni.graph.action_nodes-1.50.4+107.3.0.wx64.r.cp311.u353\omni\graph\action_nodes\ogn\tests\TestOgnOnImpulseEvent.py", line 4, in <module>
    import omni.graph.core.tests as ogts
ImportError: cannot import name 'tests' from 'omni.graph.core' (c:/users/kskzz/miniconda3/envs/env_isaaclab/lib/site-packages/isaacsim/extscache/omni.graph-1.141.2+69cbf6ad.wx64.r.cp311/omni/graph/core/__init__.py)

2026-08-01T02:19:42Z [2,602ms] [Error] [omni.graph.tools._impl.internal.extension_contents_1_18] Exception while importing test omni.graph.action_nodes.ogn.tests.TestOgnOnLoaded: Traceback (most recent call last):
  File "c:/users/kskzz/miniconda3/envs/env_isaaclab/lib/site-packages/isaacsim/extscache/omni.graph.tools-1.79.2+69cbf6ad/omni/graph/tools/_impl/internal/extension_contents_1_18.py", line 394, in do_import_test_definition
    test_module = load_module_from_file(test_module_name, test_file)
                  ^^^^^^^^^^^^^^^^^^^^^^^^^^^^^^^^^^^^^^^^^^^^^^^^^^
  File "c:/users/kskzz/miniconda3/envs/env_isaaclab/lib/site-packages/isaacsim/extscache/omni.graph.tools-1.79.2+69cbf6ad/omni/graph/tools/_impl/internal/file_utils.py", line 239, in load_module_from_file
    spec.loader.exec_module(module)
  File "<frozen importlib._bootstrap_external>", line 940, in exec_module
  File "<frozen importlib._bootstrap>", line 241, in _call_with_frames_removed
  File "c:\users\kskzz\miniconda3\envs\env_isaaclab\lib\site-packages\isaacsim\extscache\omni.graph.action_nodes-1.50.4+107.3.0.wx64.r.cp311.u353\omni\graph\action_nodes\ogn\tests\TestOgnOnLoaded.py", line 4, in <module>
    import omni.graph.core.tests as ogts
ImportError: cannot import name 'tests' from 'omni.graph.core' (c:/users/kskzz/miniconda3/envs/env_isaaclab/lib/site-packages/isaacsim/extscache/omni.graph-1.141.2+69cbf6ad.wx64.r.cp311/omni/graph/core/__init__.py)

2026-08-01T02:19:42Z [2,602ms] [Error] [omni.graph.tools._impl.internal.extension_contents_1_18] Exception while importing test omni.graph.action_nodes.ogn.tests.TestOgnGate: Traceback (most recent call last):
  File "c:/users/kskzz/miniconda3/envs/env_isaaclab/lib/site-packages/isaacsim/extscache/omni.graph.tools-1.79.2+69cbf6ad/omni/graph/tools/_impl/internal/extension_contents_1_18.py", line 394, in do_import_test_definition
    test_module = load_module_from_file(test_module_name, test_file)
                  ^^^^^^^^^^^^^^^^^^^^^^^^^^^^^^^^^^^^^^^^^^^^^^^^^^
  File "c:/users/kskzz/miniconda3/envs/env_isaaclab/lib/site-packages/isaacsim/extscache/omni.graph.tools-1.79.2+69cbf6ad/omni/graph/tools/_impl/internal/file_utils.py", line 239, in load_module_from_file
    spec.loader.exec_module(module)
  File "<frozen importlib._bootstrap_external>", line 940, in exec_module
  File "<frozen importlib._bootstrap>", line 241, in _call_with_frames_removed
  File "c:\users\kskzz\miniconda3\envs\env_isaaclab\lib\site-packages\isaacsim\extscache\omni.graph.action_nodes-1.50.4+107.3.0.wx64.r.cp311.u353\omni\graph\action_nodes\ogn\tests\TestOgnGate.py", line 4, in <module>
    import omni.graph.core.tests as ogts
ImportError: cannot import name 'tests' from 'omni.graph.core' (c:/users/kskzz/miniconda3/envs/env_isaaclab/lib/site-packages/isaacsim/extscache/omni.graph-1.141.2+69cbf6ad.wx64.r.cp311/omni/graph/core/__init__.py)

2026-08-01T02:19:42Z [2,603ms] [Error] [omni.graph.tools._impl.internal.extension_contents_1_18] Exception while importing test omni.graph.action_nodes.ogn.tests.TestOgnOnKeyboardInput: Traceback (most recent call last):
  File "c:/users/kskzz/miniconda3/envs/env_isaaclab/lib/site-packages/isaacsim/extscache/omni.graph.tools-1.79.2+69cbf6ad/omni/graph/tools/_impl/internal/extension_contents_1_18.py", line 394, in do_import_test_definition
    test_module = load_module_from_file(test_module_name, test_file)
                  ^^^^^^^^^^^^^^^^^^^^^^^^^^^^^^^^^^^^^^^^^^^^^^^^^^
  File "c:/users/kskzz/miniconda3/envs/env_isaaclab/lib/site-packages/isaacsim/extscache/omni.graph.tools-1.79.2+69cbf6ad/omni/graph/tools/_impl/internal/file_utils.py", line 239, in load_module_from_file
    spec.loader.exec_module(module)
  File "<frozen importlib._bootstrap_external>", line 940, in exec_module
  File "<frozen importlib._bootstrap>", line 241, in _call_with_frames_removed
  File "c:\users\kskzz\miniconda3\envs\env_isaaclab\lib\site-packages\isaacsim\extscache\omni.graph.action_nodes-1.50.4+107.3.0.wx64.r.cp311.u353\omni\graph\action_nodes\ogn\tests\TestOgnOnKeyboardInput.py", line 4, in <module>
    import omni.graph.core.tests as ogts
ImportError: cannot import name 'tests' from 'omni.graph.core' (c:/users/kskzz/miniconda3/envs/env_isaaclab/lib/site-packages/isaacsim/extscache/omni.graph-1.141.2+69cbf6ad.wx64.r.cp311/omni/graph/core/__init__.py)

2026-08-01T02:19:42Z [2,604ms] [Error] [omni.graph.tools._impl.internal.extension_contents_1_18] Exception while importing test omni.graph.action_nodes.ogn.tests.TestOgnForEachTarget: Traceback (most recent call last):
  File "c:/users/kskzz/miniconda3/envs/env_isaaclab/lib/site-packages/isaacsim/extscache/omni.graph.tools-1.79.2+69cbf6ad/omni/graph/tools/_impl/internal/extension_contents_1_18.py", line 394, in do_import_test_definition
    test_module = load_module_from_file(test_module_name, test_file)
                  ^^^^^^^^^^^^^^^^^^^^^^^^^^^^^^^^^^^^^^^^^^^^^^^^^^
  File "c:/users/kskzz/miniconda3/envs/env_isaaclab/lib/site-packages/isaacsim/extscache/omni.graph.tools-1.79.2+69cbf6ad/omni/graph/tools/_impl/internal/file_utils.py", line 239, in load_module_from_file
    spec.loader.exec_module(module)
  File "<frozen importlib._bootstrap_external>", line 940, in exec_module
  File "<frozen importlib._bootstrap>", line 241, in _call_with_frames_removed
  File "c:\users\kskzz\miniconda3\envs\env_isaaclab\lib\site-packages\isaacsim\extscache\omni.graph.action_nodes-1.50.4+107.3.0.wx64.r.cp311.u353\omni\graph\action_nodes\ogn\tests\TestOgnForEachTarget.py", line 4, in <module>
    import omni.graph.core.tests as ogts
ImportError: cannot import name 'tests' from 'omni.graph.core' (c:/users/kskzz/miniconda3/envs/env_isaaclab/lib/site-packages/isaacsim/extscache/omni.graph-1.141.2+69cbf6ad.wx64.r.cp311/omni/graph/core/__init__.py)

2026-08-01T02:19:42Z [2,605ms] [Error] [omni.graph.tools._impl.internal.extension_contents_1_18] Exception while importing test omni.graph.action_nodes.ogn.tests.TestOgnOnMessageBusEvent: Traceback (most recent call last):
  File "c:/users/kskzz/miniconda3/envs/env_isaaclab/lib/site-packages/isaacsim/extscache/omni.graph.tools-1.79.2+69cbf6ad/omni/graph/tools/_impl/internal/extension_contents_1_18.py", line 394, in do_import_test_definition
    test_module = load_module_from_file(test_module_name, test_file)
                  ^^^^^^^^^^^^^^^^^^^^^^^^^^^^^^^^^^^^^^^^^^^^^^^^^^
  File "c:/users/kskzz/miniconda3/envs/env_isaaclab/lib/site-packages/isaacsim/extscache/omni.graph.tools-1.79.2+69cbf6ad/omni/graph/tools/_impl/internal/file_utils.py", line 239, in load_module_from_file
    spec.loader.exec_module(module)
  File "<frozen importlib._bootstrap_external>", line 940, in exec_module
  File "<frozen importlib._bootstrap>", line 241, in _call_with_frames_removed
  File "c:\users\kskzz\miniconda3\envs\env_isaaclab\lib\site-packages\isaacsim\extscache\omni.graph.action_nodes-1.50.4+107.3.0.wx64.r.cp311.u353\omni\graph\action_nodes\ogn\tests\TestOgnOnMessageBusEvent.py", line 4, in <module>
    import omni.graph.core.tests as ogts
ImportError: cannot import name 'tests' from 'omni.graph.core' (c:/users/kskzz/miniconda3/envs/env_isaaclab/lib/site-packages/isaacsim/extscache/omni.graph-1.141.2+69cbf6ad.wx64.r.cp311/omni/graph/core/__init__.py)

2026-08-01T02:19:42Z [2,606ms] [Error] [omni.graph.tools._impl.internal.extension_contents_1_18] Exception while importing test omni.graph.action_nodes.ogn.tests.TestOgnOnObjectChange: Traceback (most recent call last):
  File "c:/users/kskzz/miniconda3/envs/env_isaaclab/lib/site-packages/isaacsim/extscache/omni.graph.tools-1.79.2+69cbf6ad/omni/graph/tools/_impl/internal/extension_contents_1_18.py", line 394, in do_import_test_definition
    test_module = load_module_from_file(test_module_name, test_file)
                  ^^^^^^^^^^^^^^^^^^^^^^^^^^^^^^^^^^^^^^^^^^^^^^^^^^
  File "c:/users/kskzz/miniconda3/envs/env_isaaclab/lib/site-packages/isaacsim/extscache/omni.graph.tools-1.79.2+69cbf6ad/omni/graph/tools/_impl/internal/file_utils.py", line 239, in load_module_from_file
    spec.loader.exec_module(module)
  File "<frozen importlib._bootstrap_external>", line 940, in exec_module
  File "<frozen importlib._bootstrap>", line 241, in _call_with_frames_removed
  File "c:\users\kskzz\miniconda3\envs\env_isaaclab\lib\site-packages\isaacsim\extscache\omni.graph.action_nodes-1.50.4+107.3.0.wx64.r.cp311.u353\omni\graph\action_nodes\ogn\tests\TestOgnOnObjectChange.py", line 2, in <module>
    import omni.kit.test
  File "c:/users/kskzz/miniconda3/envs/env_isaaclab/lib/site-packages/isaacsim/extscache/omni.kit.test-2.0.1+69cbf6ad.wx64.r.cp311/omni/kit/test/__init__.py", line 7, in <module>
    from . import unittests
  File "c:/users/kskzz/miniconda3/envs/env_isaaclab/lib/site-packages/isaacsim/extscache/omni.kit.test-2.0.1+69cbf6ad.wx64.r.cp311/omni/kit/test/unittests.py", line 23, in <module>
    from .exttests import RunExtTests
  File "c:/users/kskzz/miniconda3/envs/env_isaaclab/lib/site-packages/isaacsim/extscache/omni.kit.test-2.0.1+69cbf6ad.wx64.r.cp311/omni/kit/test/exttests.py", line 31, in <module>
    from .sampling import SamplingFactor
  File "c:/users/kskzz/miniconda3/envs/env_isaaclab/lib/site-packages/isaacsim/extscache/omni.kit.test-2.0.1+69cbf6ad.wx64.r.cp311/omni/kit/test/sampling.py", line 4, in <module>
    from statistics import mean
  File "C:\robotics_sim\wlr_robot\resume_validation_fsm_residual_ppo\src\resume_validation\statistics.py", line 5, in <module>
    from statistics import mean, median, pstdev
ImportError: cannot import name 'mean' from partially initialized module 'statistics' (most likely due to a circular import) (C:\robotics_sim\wlr_robot\resume_validation_fsm_residual_ppo\src\resume_validation\statistics.py)

2026-08-01T02:19:42Z [2,610ms] [Error] [omni.graph.tools._impl.internal.extension_contents_1_18] Exception while importing test omni.graph.action_nodes.ogn.tests.TestOgnOnMouseInput: Traceback (most recent call last):
  File "c:/users/kskzz/miniconda3/envs/env_isaaclab/lib/site-packages/isaacsim/extscache/omni.graph.tools-1.79.2+69cbf6ad/omni/graph/tools/_impl/internal/extension_contents_1_18.py", line 394, in do_import_test_definition
    test_module = load_module_from_file(test_module_name, test_file)
                  ^^^^^^^^^^^^^^^^^^^^^^^^^^^^^^^^^^^^^^^^^^^^^^^^^^
  File "c:/users/kskzz/miniconda3/envs/env_isaaclab/lib/site-packages/isaacsim/extscache/omni.graph.tools-1.79.2+69cbf6ad/omni/graph/tools/_impl/internal/file_utils.py", line 239, in load_module_from_file
    spec.loader.exec_module(module)
  File "<frozen importlib._bootstrap_external>", line 940, in exec_module
  File "<frozen importlib._bootstrap>", line 241, in _call_with_frames_removed
  File "c:\users\kskzz\miniconda3\envs\env_isaaclab\lib\site-packages\isaacsim\extscache\omni.graph.action_nodes-1.50.4+107.3.0.wx64.r.cp311.u353\omni\graph\action_nodes\ogn\tests\TestOgnOnMouseInput.py", line 4, in <module>
    import omni.graph.core.tests as ogts
  File "c:/users/kskzz/miniconda3/envs/env_isaaclab/lib/site-packages/isaacsim/extscache/omni.graph-1.141.2+69cbf6ad.wx64.r.cp311/omni/graph/core/tests/__init__.py", line 20, in <module>
    from .omnigraph_test_utils import OmniGraphTestCase
  File "c:/users/kskzz/miniconda3/envs/env_isaaclab/lib/site-packages/isaacsim/extscache/omni.graph-1.141.2+69cbf6ad.wx64.r.cp311/omni/graph/core/tests/omnigraph_test_utils.py", line 198, in <module>
    OmniGraphTestCase = test_case_class()
                        ^^^^^^^^^^^^^^^^^
  File "c:/users/kskzz/miniconda3/envs/env_isaaclab/lib/site-packages/isaacsim/extscache/omni.graph-1.141.2+69cbf6ad.wx64.r.cp311/omni/graph/core/tests/omnigraph_test_utils.py", line 135, in test_case_class
    base_class = omni.kit.test.AsyncTestCase
                 ^^^^^^^^^^^^^
AttributeError: cannot access submodule 'test' of module 'omni.kit' (most likely due to a circular import)

2026-08-01T02:19:42Z [2,615ms] [Error] [omni.graph.tools._impl.internal.extension_contents_1_18] Exception while importing test omni.graph.action_nodes.ogn.tests.TestOgnOnVariableChange: Traceback (most recent call last):
  File "c:/users/kskzz/miniconda3/envs/env_isaaclab/lib/site-packages/isaacsim/extscache/omni.graph.tools-1.79.2+69cbf6ad/omni/graph/tools/_impl/internal/extension_contents_1_18.py", line 394, in do_import_test_definition
    test_module = load_module_from_file(test_module_name, test_file)
                  ^^^^^^^^^^^^^^^^^^^^^^^^^^^^^^^^^^^^^^^^^^^^^^^^^^
  File "c:/users/kskzz/miniconda3/envs/env_isaaclab/lib/site-packages/isaacsim/extscache/omni.graph.tools-1.79.2+69cbf6ad/omni/graph/tools/_impl/internal/file_utils.py", line 239, in load_module_from_file
    spec.loader.exec_module(module)
  File "<frozen importlib._bootstrap_external>", line 940, in exec_module
  File "<frozen importlib._bootstrap>", line 241, in _call_with_frames_removed
  File "c:\users\kskzz\miniconda3\envs\env_isaaclab\lib\site-packages\isaacsim\extscache\omni.graph.action_nodes-1.50.4+107.3.0.wx64.r.cp311.u353\omni\graph\action_nodes\ogn\tests\TestOgnOnVariableChange.py", line 4, in <module>
    import omni.graph.core.tests as ogts
  File "c:/users/kskzz/miniconda3/envs/env_isaaclab/lib/site-packages/isaacsim/extscache/omni.graph-1.141.2+69cbf6ad.wx64.r.cp311/omni/graph/core/tests/__init__.py", line 20, in <module>
    from .omnigraph_test_utils import OmniGraphTestCase
  File "c:/users/kskzz/miniconda3/envs/env_isaaclab/lib/site-packages/isaacsim/extscache/omni.graph-1.141.2+69cbf6ad.wx64.r.cp311/omni/graph/core/tests/omnigraph_test_utils.py", line 198, in <module>
    OmniGraphTestCase = test_case_class()
                        ^^^^^^^^^^^^^^^^^
  File "c:/users/kskzz/miniconda3/envs/env_isaaclab/lib/site-packages/isaacsim/extscache/omni.graph-1.141.2+69cbf6ad.wx64.r.cp311/omni/graph/core/tests/omnigraph_test_utils.py", line 135, in test_case_class
    base_class = omni.kit.test.AsyncTestCase
                 ^^^^^^^^^^^^^
AttributeError: cannot access submodule 'test' of module 'omni.kit' (most likely due to a circular import)

2026-08-01T02:19:42Z [2,619ms] [Error] [omni.graph.tools._impl.internal.extension_contents_1_18] Exception while importing test omni.graph.action_nodes.ogn.tests.TestOgnRationalTimeSyncGate: Traceback (most recent call last):
  File "c:/users/kskzz/miniconda3/envs/env_isaaclab/lib/site-packages/isaacsim/extscache/omni.graph.tools-1.79.2+69cbf6ad/omni/graph/tools/_impl/internal/extension_contents_1_18.py", line 394, in do_import_test_definition
    test_module = load_module_from_file(test_module_name, test_file)
                  ^^^^^^^^^^^^^^^^^^^^^^^^^^^^^^^^^^^^^^^^^^^^^^^^^^
  File "c:/users/kskzz/miniconda3/envs/env_isaaclab/lib/site-packages/isaacsim/extscache/omni.graph.tools-1.79.2+69cbf6ad/omni/graph/tools/_impl/internal/file_utils.py", line 239, in load_module_from_file
    spec.loader.exec_module(module)
  File "<frozen importlib._bootstrap_external>", line 940, in exec_module
  File "<frozen importlib._bootstrap>", line 241, in _call_with_frames_removed
  File "c:\users\kskzz\miniconda3\envs\env_isaaclab\lib\site-packages\isaacsim\extscache\omni.graph.action_nodes-1.50.4+107.3.0.wx64.r.cp311.u353\omni\graph\action_nodes\ogn\tests\TestOgnRationalTimeSyncGate.py", line 4, in <module>
    import omni.graph.core.tests as ogts
  File "c:/users/kskzz/miniconda3/envs/env_isaaclab/lib/site-packages/isaacsim/extscache/omni.graph-1.141.2+69cbf6ad.wx64.r.cp311/omni/graph/core/tests/__init__.py", line 20, in <module>
    from .omnigraph_test_utils import OmniGraphTestCase
  File "c:/users/kskzz/miniconda3/envs/env_isaaclab/lib/site-packages/isaacsim/extscache/omni.graph-1.141.2+69cbf6ad.wx64.r.cp311/omni/graph/core/tests/omnigraph_test_utils.py", line 198, in <module>
    OmniGraphTestCase = test_case_class()
                        ^^^^^^^^^^^^^^^^^
  File "c:/users/kskzz/miniconda3/envs/env_isaaclab/lib/site-packages/isaacsim/extscache/omni.graph-1.141.2+69cbf6ad.wx64.r.cp311/omni/graph/core/tests/omnigraph_test_utils.py", line 135, in test_case_class
    base_class = omni.kit.test.AsyncTestCase
                 ^^^^^^^^^^^^^
AttributeError: cannot access submodule 'test' of module 'omni.kit' (most likely due to a circular import)

2026-08-01T02:19:42Z [2,622ms] [Error] [omni.graph.tools._impl.internal.extension_contents_1_18] Exception while importing test omni.graph.action_nodes.ogn.tests.TestOgnOnPlaybackTick: Traceback (most recent call last):
  File "c:/users/kskzz/miniconda3/envs/env_isaaclab/lib/site-packages/isaacsim/extscache/omni.graph.tools-1.79.2+69cbf6ad/omni/graph/tools/_impl/internal/extension_contents_1_18.py", line 394, in do_import_test_definition
    test_module = load_module_from_file(test_module_name, test_file)
                  ^^^^^^^^^^^^^^^^^^^^^^^^^^^^^^^^^^^^^^^^^^^^^^^^^^
  File "c:/users/kskzz/miniconda3/envs/env_isaaclab/lib/site-packages/isaacsim/extscache/omni.graph.tools-1.79.2+69cbf6ad/omni/graph/tools/_impl/internal/file_utils.py", line 239, in load_module_from_file
    spec.loader.exec_module(module)
  File "<frozen importlib._bootstrap_external>", line 940, in exec_module
  File "<frozen importlib._bootstrap>", line 241, in _call_with_frames_removed
  File "c:\users\kskzz\miniconda3\envs\env_isaaclab\lib\site-packages\isaacsim\extscache\omni.graph.action_nodes-1.50.4+107.3.0.wx64.r.cp311.u353\omni\graph\action_nodes\ogn\tests\TestOgnOnPlaybackTick.py", line 2, in <module>
    import omni.kit.test
  File "c:/users/kskzz/miniconda3/envs/env_isaaclab/lib/site-packages/isaacsim/extscache/omni.kit.test-2.0.1+69cbf6ad.wx64.r.cp311/omni/kit/test/__init__.py", line 7, in <module>
    from . import unittests
  File "c:/users/kskzz/miniconda3/envs/env_isaaclab/lib/site-packages/isaacsim/extscache/omni.kit.test-2.0.1+69cbf6ad.wx64.r.cp311/omni/kit/test/unittests.py", line 23, in <module>
    from .exttests import RunExtTests
  File "c:/users/kskzz/miniconda3/envs/env_isaaclab/lib/site-packages/isaacsim/extscache/omni.kit.test-2.0.1+69cbf6ad.wx64.r.cp311/omni/kit/test/exttests.py", line 31, in <module>
    from .sampling import SamplingFactor
  File "c:/users/kskzz/miniconda3/envs/env_isaaclab/lib/site-packages/isaacsim/extscache/omni.kit.test-2.0.1+69cbf6ad.wx64.r.cp311/omni/kit/test/sampling.py", line 4, in <module>
    from statistics import mean
  File "C:\robotics_sim\wlr_robot\resume_validation_fsm_residual_ppo\src\resume_validation\statistics.py", line 5, in <module>
    from statistics import mean, median, pstdev
ImportError: cannot import name 'mean' from partially initialized module 'statistics' (most likely due to a circular import) (C:\robotics_sim\wlr_robot\resume_validation_fsm_residual_ppo\src\resume_validation\statistics.py)

2026-08-01T02:19:42Z [2,622ms] [Error] [omni.graph.tools._impl.internal.extension_contents_1_18] Exception while importing test omni.graph.action_nodes.ogn.tests.TestOgnSendCustomEvent: Traceback (most recent call last):
  File "c:/users/kskzz/miniconda3/envs/env_isaaclab/lib/site-packages/isaacsim/extscache/omni.graph.tools-1.79.2+69cbf6ad/omni/graph/tools/_impl/internal/extension_contents_1_18.py", line 394, in do_import_test_definition
    test_module = load_module_from_file(test_module_name, test_file)
                  ^^^^^^^^^^^^^^^^^^^^^^^^^^^^^^^^^^^^^^^^^^^^^^^^^^
  File "c:/users/kskzz/miniconda3/envs/env_isaaclab/lib/site-packages/isaacsim/extscache/omni.graph.tools-1.79.2+69cbf6ad/omni/graph/tools/_impl/internal/file_utils.py", line 239, in load_module_from_file
    spec.loader.exec_module(module)
  File "<frozen importlib._bootstrap_external>", line 940, in exec_module
  File "<frozen importlib._bootstrap>", line 241, in _call_with_frames_removed
  File "c:\users\kskzz\miniconda3\envs\env_isaaclab\lib\site-packages\isaacsim\extscache\omni.graph.action_nodes-1.50.4+107.3.0.wx64.r.cp311.u353\omni\graph\action_nodes\ogn\tests\TestOgnSendCustomEvent.py", line 4, in <module>
    import omni.graph.core.tests as ogts
  File "c:/users/kskzz/miniconda3/envs/env_isaaclab/lib/site-packages/isaacsim/extscache/omni.graph-1.141.2+69cbf6ad.wx64.r.cp311/omni/graph/core/tests/__init__.py", line 20, in <module>
    from .omnigraph_test_utils import OmniGraphTestCase
  File "c:/users/kskzz/miniconda3/envs/env_isaaclab/lib/site-packages/isaacsim/extscache/omni.graph-1.141.2+69cbf6ad.wx64.r.cp311/omni/graph/core/tests/omnigraph_test_utils.py", line 198, in <module>
    OmniGraphTestCase = test_case_class()
                        ^^^^^^^^^^^^^^^^^
  File "c:/users/kskzz/miniconda3/envs/env_isaaclab/lib/site-packages/isaacsim/extscache/omni.graph-1.141.2+69cbf6ad.wx64.r.cp311/omni/graph/core/tests/omnigraph_test_utils.py", line 135, in test_case_class
    base_class = omni.kit.test.AsyncTestCase
                 ^^^^^^^^^^^^^
AttributeError: module 'omni.kit' has no attribute 'test'

2026-08-01T02:19:42Z [2,623ms] [Error] [omni.graph.tools._impl.internal.extension_contents_1_18] Exception while importing test omni.graph.action_nodes.ogn.tests.TestOgnSequence: Traceback (most recent call last):
  File "c:/users/kskzz/miniconda3/envs/env_isaaclab/lib/site-packages/isaacsim/extscache/omni.graph.tools-1.79.2+69cbf6ad/omni/graph/tools/_impl/internal/extension_contents_1_18.py", line 394, in do_import_test_definition
    test_module = load_module_from_file(test_module_name, test_file)
                  ^^^^^^^^^^^^^^^^^^^^^^^^^^^^^^^^^^^^^^^^^^^^^^^^^^
  File "c:/users/kskzz/miniconda3/envs/env_isaaclab/lib/site-packages/isaacsim/extscache/omni.graph.tools-1.79.2+69cbf6ad/omni/graph/tools/_impl/internal/file_utils.py", line 239, in load_module_from_file
    spec.loader.exec_module(module)
  File "<frozen importlib._bootstrap_external>", line 940, in exec_module
  File "<frozen importlib._bootstrap>", line 241, in _call_with_frames_removed
  File "c:\users\kskzz\miniconda3\envs\env_isaaclab\lib\site-packages\isaacsim\extscache\omni.graph.action_nodes-1.50.4+107.3.0.wx64.r.cp311.u353\omni\graph\action_nodes\ogn\tests\TestOgnSequence.py", line 4, in <module>
    import omni.graph.core.tests as ogts
ImportError: cannot import name 'tests' from 'omni.graph.core' (c:/users/kskzz/miniconda3/envs/env_isaaclab/lib/site-packages/isaacsim/extscache/omni.graph-1.141.2+69cbf6ad.wx64.r.cp311/omni/graph/core/__init__.py)

2026-08-01T02:19:42Z [2,625ms] [Error] [omni.graph.tools._impl.internal.extension_contents_1_18] Exception while importing test omni.graph.action_nodes.ogn.tests.TestOgnOnStageEvent: Traceback (most recent call last):
  File "c:/users/kskzz/miniconda3/envs/env_isaaclab/lib/site-packages/isaacsim/extscache/omni.graph.tools-1.79.2+69cbf6ad/omni/graph/tools/_impl/internal/extension_contents_1_18.py", line 394, in do_import_test_definition
    test_module = load_module_from_file(test_module_name, test_file)
                  ^^^^^^^^^^^^^^^^^^^^^^^^^^^^^^^^^^^^^^^^^^^^^^^^^^
  File "c:/users/kskzz/miniconda3/envs/env_isaaclab/lib/site-packages/isaacsim/extscache/omni.graph.tools-1.79.2+69cbf6ad/omni/graph/tools/_impl/internal/file_utils.py", line 239, in load_module_from_file
    spec.loader.exec_module(module)
  File "<frozen importlib._bootstrap_external>", line 940, in exec_module
  File "<frozen importlib._bootstrap>", line 241, in _call_with_frames_removed
  File "c:\users\kskzz\miniconda3\envs\env_isaaclab\lib\site-packages\isaacsim\extscache\omni.graph.action_nodes-1.50.4+107.3.0.wx64.r.cp311.u353\omni\graph\action_nodes\ogn\tests\TestOgnOnStageEvent.py", line 4, in <module>
    import omni.graph.core.tests as ogts
ImportError: cannot import name 'tests' from 'omni.graph.core' (c:/users/kskzz/miniconda3/envs/env_isaaclab/lib/site-packages/isaacsim/extscache/omni.graph-1.141.2+69cbf6ad.wx64.r.cp311/omni/graph/core/__init__.py)

2026-08-01T02:19:42Z [2,625ms] [Error] [omni.graph.tools._impl.internal.extension_contents_1_18] Exception while importing test omni.graph.action_nodes.ogn.tests.TestOgnOnTick: Traceback (most recent call last):
  File "c:/users/kskzz/miniconda3/envs/env_isaaclab/lib/site-packages/isaacsim/extscache/omni.graph.tools-1.79.2+69cbf6ad/omni/graph/tools/_impl/internal/extension_contents_1_18.py", line 394, in do_import_test_definition
    test_module = load_module_from_file(test_module_name, test_file)
                  ^^^^^^^^^^^^^^^^^^^^^^^^^^^^^^^^^^^^^^^^^^^^^^^^^^
  File "c:/users/kskzz/miniconda3/envs/env_isaaclab/lib/site-packages/isaacsim/extscache/omni.graph.tools-1.79.2+69cbf6ad/omni/graph/tools/_impl/internal/file_utils.py", line 239, in load_module_from_file
    spec.loader.exec_module(module)
  File "<frozen importlib._bootstrap_external>", line 940, in exec_module
  File "<frozen importlib._bootstrap>", line 241, in _call_with_frames_removed
  File "c:\users\kskzz\miniconda3\envs\env_isaaclab\lib\site-packages\isaacsim\extscache\omni.graph.action_nodes-1.50.4+107.3.0.wx64.r.cp311.u353\omni\graph\action_nodes\ogn\tests\TestOgnOnTick.py", line 4, in <module>
    import omni.graph.core.tests as ogts
ImportError: cannot import name 'tests' from 'omni.graph.core' (c:/users/kskzz/miniconda3/envs/env_isaaclab/lib/site-packages/isaacsim/extscache/omni.graph-1.141.2+69cbf6ad.wx64.r.cp311/omni/graph/core/__init__.py)

2026-08-01T02:19:42Z [2,626ms] [Error] [omni.graph.tools._impl.internal.extension_contents_1_18] Exception while importing test omni.graph.action_nodes.ogn.tests.TestOgnSetPrimActive: Traceback (most recent call last):
  File "c:/users/kskzz/miniconda3/envs/env_isaaclab/lib/site-packages/isaacsim/extscache/omni.graph.tools-1.79.2+69cbf6ad/omni/graph/tools/_impl/internal/extension_contents_1_18.py", line 394, in do_import_test_definition
    test_module = load_module_from_file(test_module_name, test_file)
                  ^^^^^^^^^^^^^^^^^^^^^^^^^^^^^^^^^^^^^^^^^^^^^^^^^^
  File "c:/users/kskzz/miniconda3/envs/env_isaaclab/lib/site-packages/isaacsim/extscache/omni.graph.tools-1.79.2+69cbf6ad/omni/graph/tools/_impl/internal/file_utils.py", line 239, in load_module_from_file
    spec.loader.exec_module(module)
  File "<frozen importlib._bootstrap_external>", line 940, in exec_module
  File "<frozen importlib._bootstrap>", line 241, in _call_with_frames_removed
  File "c:\users\kskzz\miniconda3\envs\env_isaaclab\lib\site-packages\isaacsim\extscache\omni.graph.action_nodes-1.50.4+107.3.0.wx64.r.cp311.u353\omni\graph\action_nodes\ogn\tests\TestOgnSetPrimActive.py", line 4, in <module>
    import omni.graph.core.tests as ogts
  File "c:/users/kskzz/miniconda3/envs/env_isaaclab/lib/site-packages/isaacsim/extscache/omni.graph-1.141.2+69cbf6ad.wx64.r.cp311/omni/graph/core/tests/__init__.py", line 20, in <module>
    from .omnigraph_test_utils import OmniGraphTestCase
  File "c:/users/kskzz/miniconda3/envs/env_isaaclab/lib/site-packages/isaacsim/extscache/omni.graph-1.141.2+69cbf6ad.wx64.r.cp311/omni/graph/core/tests/omnigraph_test_utils.py", line 198, in <module>
    OmniGraphTestCase = test_case_class()
                        ^^^^^^^^^^^^^^^^^
  File "c:/users/kskzz/miniconda3/envs/env_isaaclab/lib/site-packages/isaacsim/extscache/omni.graph-1.141.2+69cbf6ad.wx64.r.cp311/omni/graph/core/tests/omnigraph_test_utils.py", line 135, in test_case_class
    base_class = omni.kit.test.AsyncTestCase
                 ^^^^^^^^^^^^^
AttributeError: module 'omni.kit' has no attribute 'test'

2026-08-01T02:19:42Z [2,626ms] [Info] [omni.graph.core.plugin] Creating unregistered node type omni.graph.action.Countdown (version 2)
2026-08-01T02:19:42Z [2,627ms] [Info] [omni.graph.core.plugin] Creating unregistered node type omni.graph.action.ExitApplication (version 1)
2026-08-01T02:19:42Z [2,627ms] [Info] [omni.graph.core.plugin] Creating unregistered node type omni.graph.action.OnCustomEvent (version 3)
2026-08-01T02:19:42Z [2,627ms] [Info] [omni.graph.core.plugin] Creating unregistered node type omni.graph.action.OnStageEvent (version 4)
2026-08-01T02:19:42Z [2,627ms] [Info] [omni.graph.core.plugin] Creating unregistered node type omni.graph.action.SendCustomEvent (version 2)
2026-08-01T02:19:45Z [4,789ms] [Info] [omni.ext._impl._internal] Searching for classes derived from 'omni.ext.IExt' in 'isaacsim.core.simulation_manager' ('c:\users\kskzz\miniconda3\envs\env_isaaclab\lib\site-packages\isaacsim\exts\isaacsim.core.simulation_manager')
2026-08-01T02:19:45Z [4,789ms] [Info] [omni.ext._impl._internal] Found class `Extension` derived from `omni.ext.IExt` in module: 'isaacsim.core.simulation_manager' in 'c:\users\kskzz\miniconda3\envs\env_isaaclab\lib\site-packages\isaacsim\exts\isaacsim.core.simulation_manager'. Calling `on_startup`.
2026-08-01T02:19:45Z [4,790ms] [Info] [omni.ext._impl._internal] Searching for classes derived from 'omni.ext.IExt' in 'isaacsim.core.simulation_manager.tests' ('c:\users\kskzz\miniconda3\envs\env_isaaclab\lib\site-packages\isaacsim\exts\isaacsim.core.simulation_manager')
2026-08-01T02:19:45Z [4,790ms] [Info] [omni.ext.plugin] [ext: isaacsim.core.simulation_manager-1.4.4] started, startup time: 2294 (ms)
2026-08-01T02:19:45Z [4,790ms] [Info] [omni.ext.plugin] About to startup: [ext: omni.graph.ui_nodes-1.50.5] (order: 0) Triggered by: omni.warp-1.8.2 (path: c:/users/kskzz/miniconda3/envs/env_isaaclab/lib/site-packages/isaacsim/extscache/omni.graph.ui_nodes-1.50.5+107.3.0.wx64.r.cp311.u353)
2026-08-01T02:19:45Z [4,790ms] [Info] [omni.kit.app.plugin] [4.834s] [ext: omni.graph.ui_nodes-1.50.5] startup
2026-08-01T02:19:45Z [4,791ms] [Info] [omni.ext.plugin] [ext manager] preferLocalVersions: 1
2026-08-01T02:19:45Z [4,792ms] [Info] [omni.ext.plugin] [ext manager] preferLocalVersions: 1
2026-08-01T02:19:45Z [4,792ms] [Info] [carb] Registered plugin: omni.graph.ui_nodes.plugin (interfaces: [omni::graph::ui_nodes v1.0]) (impl: omni.graph.ui_nodes.plugin)
2026-08-01T02:19:45Z [4,797ms] [Info] [omni.ext._impl._internal] Searching for classes derived from 'omni.ext.IExt' in 'omni.graph.ui_nodes' ('c:\users\kskzz\miniconda3\envs\env_isaaclab\lib\site-packages\isaacsim\extscache\omni.graph.ui_nodes-1.50.5+107.3.0.wx64.r.cp311.u353')
2026-08-01T02:19:45Z [4,797ms] [Info] [omni.ext._impl._internal] Found class `_PublicExtension` derived from `omni.ext.IExt` in module: 'omni.graph.ui_nodes' in 'c:\users\kskzz\miniconda3\envs\env_isaaclab\lib\site-packages\isaacsim\extscache\omni.graph.ui_nodes-1.50.5+107.3.0.wx64.r.cp311.u353'. Calling `on_startup`.
2026-08-01T02:19:45Z [4,798ms] [Info] [carb] Initializing plugin: omni.graph.ui_nodes.plugin (interfaces: [omni::graph::ui_nodes v1.0]) (impl: omni.graph.ui_nodes.plugin)
2026-08-01T02:19:45Z [4,798ms] [Info] [omni.ext.plugin] [ext: omni.graph.ui_nodes-1.50.5] started, startup time: 7 (ms)
2026-08-01T02:19:45Z [4,798ms] [Info] [omni.ext.plugin] About to startup: [ext: omni.kit.primitive.mesh-1.0.17] (order: 0) Triggered by: omni.kit.stage_templates-2.0.0, omni.replicator.core-1.12.27 (path: c:/users/kskzz/miniconda3/envs/env_isaaclab/lib/site-packages/isaacsim/extscache/omni.kit.primitive.mesh-1.0.17+69cbf6ad)
2026-08-01T02:19:45Z [4,798ms] [Info] [omni.kit.app.plugin] [4.841s] [ext: omni.kit.primitive.mesh-1.0.17] startup
2026-08-01T02:19:45Z [4,798ms] [Info] [omni.ext.plugin] [ext manager] preferLocalVersions: 1
2026-08-01T02:19:45Z [4,810ms] [Info] [omni.ext._impl._internal] Searching for classes derived from 'omni.ext.IExt' in 'omni.kit.primitive.mesh' ('c:\users\kskzz\miniconda3\envs\env_isaaclab\lib\site-packages\isaacsim\extscache\omni.kit.primitive.mesh-1.0.17+69cbf6ad')
2026-08-01T02:19:45Z [4,810ms] [Info] [omni.ext._impl._internal] Found class `PrimitiveMeshExtension` derived from `omni.ext.IExt` in module: 'omni.kit.primitive.mesh' in 'c:\users\kskzz\miniconda3\envs\env_isaaclab\lib\site-packages\isaacsim\extscache\omni.kit.primitive.mesh-1.0.17+69cbf6ad'. Calling `on_startup`.
2026-08-01T02:19:45Z [4,811ms] [Info] [omni.ext.plugin] [ext: omni.kit.primitive.mesh-1.0.17] started, startup time: 13 (ms)
2026-08-01T02:19:45Z [4,812ms] [Info] [omni.ext.plugin] About to startup: [ext: isaacsim.core.prims-0.6.1] (order: 0) Triggered by: isaacsim.core.api-4.8.0 (path: c:/users/kskzz/miniconda3/envs/env_isaaclab/lib/site-packages/isaacsim/exts/isaacsim.core.prims)
2026-08-01T02:19:45Z [4,812ms] [Info] [omni.kit.app.plugin] [4.855s] [ext: isaacsim.core.prims-0.6.1] startup
2026-08-01T02:19:45Z [4,812ms] [Info] [omni.ext.plugin] [ext manager] preferLocalVersions: 1
2026-08-01T02:19:45Z [4,856ms] [Info] [omni.ext._impl._internal] Searching for classes derived from 'omni.ext.IExt' in 'isaacsim.core.prims' ('c:\users\kskzz\miniconda3\envs\env_isaaclab\lib\site-packages\isaacsim\exts\isaacsim.core.prims')
2026-08-01T02:19:45Z [4,857ms] [Info] [omni.ext._impl._internal] Searching for classes derived from 'omni.ext.IExt' in 'isaacsim.core.prims.tests' ('c:\users\kskzz\miniconda3\envs\env_isaaclab\lib\site-packages\isaacsim\exts\isaacsim.core.prims')
2026-08-01T02:19:45Z [4,857ms] [Info] [omni.ext.plugin] [ext: isaacsim.core.prims-0.6.1] started, startup time: 45 (ms)
2026-08-01T02:19:45Z [4,857ms] [Info] [omni.ext.plugin] About to startup: [ext: omni.warp-1.8.2] (order: 0) Triggered by: omni.replicator.core-1.12.27 (path: c:/users/kskzz/miniconda3/envs/env_isaaclab/lib/site-packages/isaacsim/extscache/omni.warp-1.8.2)
2026-08-01T02:19:45Z [4,857ms] [Info] [omni.kit.app.plugin] [4.900s] [ext: omni.warp-1.8.2] startup
2026-08-01T02:19:45Z [4,857ms] [Info] [omni.ext.plugin] [ext manager] preferLocalVersions: 1
2026-08-01T02:19:45Z [4,858ms] [Info] [omni.ext.plugin] [ext manager] preferLocalVersions: 1
2026-08-01T02:19:45Z [4,860ms] [Info] [omni.ext._impl._internal] Searching for classes derived from 'omni.ext.IExt' in 'omni.warp._extension' ('c:\users\kskzz\miniconda3\envs\env_isaaclab\lib\site-packages\isaacsim\extscache\omni.warp-1.8.2')
2026-08-01T02:19:45Z [4,860ms] [Info] [omni.ext._impl._internal] Found class `OmniWarpExtension` derived from `omni.ext.IExt` in module: 'omni.warp._extension' in 'c:\users\kskzz\miniconda3\envs\env_isaaclab\lib\site-packages\isaacsim\extscache\omni.warp-1.8.2'. Calling `on_startup`.
2026-08-01T02:19:45Z [4,868ms] [Info] [omni.ext._impl._internal] Searching for classes derived from 'omni.ext.IExt' in 'omni.warp.nodes' ('c:\users\kskzz\miniconda3\envs\env_isaaclab\lib\site-packages\isaacsim\extscache\omni.warp-1.8.2')
2026-08-01T02:19:45Z [4,868ms] [Info] [omni.ext.plugin] [ext: omni.warp-1.8.2] started, startup time: 11 (ms)
2026-08-01T02:19:45Z [4,870ms] [Info] [omni.ext.plugin] About to startup: [ext: omni.videoencoding-0.1.2] (order: 0) Triggered by: omni.replicator.core-1.12.27 (path: c:/users/kskzz/miniconda3/envs/env_isaaclab/lib/site-packages/isaacsim/extscache/omni.videoencoding-0.1.2+69cbf6ad.wx64.r.cp311)
2026-08-01T02:19:45Z [4,870ms] [Info] [omni.kit.app.plugin] [4.913s] [ext: omni.videoencoding-0.1.2] startup
2026-08-01T02:19:45Z [4,870ms] [Info] [omni.ext.plugin] [ext manager] preferLocalVersions: 1
2026-08-01T02:19:45Z [4,871ms] [Info] [omni.ext.plugin] [ext manager] preferLocalVersions: 1
2026-08-01T02:19:45Z [4,872ms] [Info] [carb] Registered plugin: omni.videoencoding.plugin (interfaces: [omni::IVideoEncoding v0.1]) (impl: omni.videoencoding.plugin)
2026-08-01T02:19:45Z [4,879ms] [Info] [omni.ext._impl._internal] Searching for classes derived from 'omni.ext.IExt' in 'video_encoding' ('c:\users\kskzz\miniconda3\envs\env_isaaclab\lib\site-packages\isaacsim\extscache\omni.videoencoding-0.1.2+69cbf6ad.wx64.r.cp311')
2026-08-01T02:19:45Z [4,879ms] [Info] [omni.ext._impl._internal] Found class `VideoEncodingExtension` derived from `omni.ext.IExt` in module: 'video_encoding' in 'c:\users\kskzz\miniconda3\envs\env_isaaclab\lib\site-packages\isaacsim\extscache\omni.videoencoding-0.1.2+69cbf6ad.wx64.r.cp311'. Calling `on_startup`.
2026-08-01T02:19:45Z [4,879ms] [Info] [carb] Initializing plugin: omni.videoencoding.plugin (interfaces: [omni::IVideoEncoding v0.1]) (impl: omni.videoencoding.plugin)
2026-08-01T02:19:45Z [4,880ms] [Info] [omni.ext.plugin] [ext: omni.videoencoding-0.1.2] started, startup time: 9 (ms)
2026-08-01T02:19:45Z [4,882ms] [Info] [omni.ext.plugin] [ext manager] preferLocalVersions: 1
2026-08-01T02:19:45Z [4,882ms] [Info] [omni.ext.plugin] About to startup: [ext: omni.kit.stage_templates-2.0.0] (order: 0) Triggered by: isaacsim.core.api-4.8.0 (path: c:/users/kskzz/miniconda3/envs/env_isaaclab/lib/site-packages/isaacsim/extscache/omni.kit.stage_templates-2.0.0+69cbf6ad)
2026-08-01T02:19:45Z [4,882ms] [Info] [omni.kit.app.plugin] [4.925s] [ext: omni.kit.stage_templates-2.0.0] startup
2026-08-01T02:19:45Z [4,884ms] [Info] [omni.ext._impl._internal] Searching for classes derived from 'omni.ext.IExt' in 'omni.kit.stage_templates' ('c:\users\kskzz\miniconda3\envs\env_isaaclab\lib\site-packages\isaacsim\extscache\omni.kit.stage_templates-2.0.0+69cbf6ad')
2026-08-01T02:19:45Z [4,884ms] [Info] [omni.ext._impl._internal] Found class `NewStageExtension` derived from `omni.ext.IExt` in module: 'omni.kit.stage_templates' in 'c:\users\kskzz\miniconda3\envs\env_isaaclab\lib\site-packages\isaacsim\extscache\omni.kit.stage_templates-2.0.0+69cbf6ad'. Calling `on_startup`.
2026-08-01T02:19:45Z [4,890ms] [Info] [omni.ext.plugin] [ext: omni.kit.stage_templates-2.0.0] started, startup time: 7 (ms)
2026-08-01T02:19:45Z [4,891ms] [Info] [omni.ext.plugin] About to startup: [ext: isaacsim.core.cloner-1.4.10] (order: 0) Triggered by: isaaclab.python.headless-2.3.2 (path: c:/users/kskzz/miniconda3/envs/env_isaaclab/lib/site-packages/isaacsim/exts/isaacsim.core.cloner)
2026-08-01T02:19:45Z [4,891ms] [Info] [omni.kit.app.plugin] [4.934s] [ext: isaacsim.core.cloner-1.4.10] startup
2026-08-01T02:19:45Z [4,891ms] [Info] [omni.ext.plugin] [ext manager] preferLocalVersions: 1
2026-08-01T02:19:45Z [4,897ms] [Info] [omni.ext._impl._internal] Searching for classes derived from 'omni.ext.IExt' in 'isaacsim.core.cloner' ('c:\users\kskzz\miniconda3\envs\env_isaaclab\lib\site-packages\isaacsim\exts\isaacsim.core.cloner')
2026-08-01T02:19:45Z [4,897ms] [Info] [omni.ext.plugin] [ext: isaacsim.core.cloner-1.4.10] started, startup time: 6 (ms)
2026-08-01T02:19:45Z [4,897ms] [Info] [omni.ext.plugin] About to startup: [ext: isaaclab-0.54.3] (order: 1000) Triggered by: isaaclab.python.headless-2.3.2, isaaclab_assets-0.2.4, isaaclab_contrib-0.0.2, isaaclab_mimic-1.0.16, isaaclab_rl-0.5.1, isaaclab_tasks-0.11.16 (path: c:/robotics_sim/isaaclab/source/isaaclab)
2026-08-01T02:19:45Z [4,897ms] [Info] [omni.kit.app.plugin] [4.940s] [ext: isaaclab-0.54.3] startup
2026-08-01T02:19:45Z [4,897ms] [Info] [omni.ext.plugin] [ext manager] preferLocalVersions: 1
2026-08-01T02:19:45Z [4,900ms] [Info] [omni.ext._impl._internal] Searching for classes derived from 'omni.ext.IExt' in 'isaaclab' ('c:\robotics_sim\isaaclab\source\isaaclab')
2026-08-01T02:19:45Z [4,900ms] [Info] [omni.ext.plugin] [ext: isaaclab-0.54.3] started, startup time: 2 (ms)
2026-08-01T02:19:45Z [4,900ms] [Info] [omni.ext.plugin] About to startup: [ext: isaaclab_contrib-0.0.2] (order: 0) Triggered by: isaaclab_assets-0.2.4 (path: c:/robotics_sim/isaaclab/source/isaaclab_contrib)
2026-08-01T02:19:45Z [4,900ms] [Info] [omni.kit.app.plugin] [4.943s] [ext: isaaclab_contrib-0.0.2] startup
2026-08-01T02:19:45Z [4,900ms] [Info] [omni.ext.plugin] [ext manager] preferLocalVersions: 1
2026-08-01T02:19:45Z [4,902ms] [Info] [omni.ext._impl._internal] Searching for classes derived from 'omni.ext.IExt' in 'isaaclab_contrib' ('c:\robotics_sim\isaaclab\source\isaaclab_contrib')
2026-08-01T02:19:45Z [4,902ms] [Info] [omni.ext.plugin] [ext: isaaclab_contrib-0.0.2] started, startup time: 1 (ms)
2026-08-01T02:19:45Z [4,903ms] [Info] [omni.ext.plugin] About to startup: [ext: isaacsim.core.api-4.8.0] (order: 0) Triggered by: isaaclab.python.headless-2.3.2 (path: c:/users/kskzz/miniconda3/envs/env_isaaclab/lib/site-packages/isaacsim/exts/isaacsim.core.api)
2026-08-01T02:19:45Z [4,903ms] [Info] [omni.kit.app.plugin] [4.946s] [ext: isaacsim.core.api-4.8.0] startup
2026-08-01T02:19:45Z [4,903ms] [Info] [omni.ext.plugin] [ext manager] preferLocalVersions: 1
2026-08-01T02:19:45Z [4,904ms] [Info] [carb] Registered plugin: isaacsim.core.api.plugin (interfaces: [omni::ext::IExt v0.1]) (impl: isaacsim.core.api.plugin)
2026-08-01T02:19:45Z [4,904ms] [Info] [carb] Initializing plugin: isaacsim.core.api.plugin (interfaces: [omni::ext::IExt v0.1]) (impl: isaacsim.core.api.plugin)
2026-08-01T02:19:45Z [4,907ms] [Info] [omni.ext.plugin] [ext: isaacsim.core.api-4.8.0] Starting ext::IExt in 'c:/users/kskzz/miniconda3/envs/env_isaaclab/lib/site-packages/isaacsim/exts/isaacsim.core.api/bin/isaacsim.core.api.plugin.dll'
2026-08-01T02:19:45Z [4,914ms] [Info] [omni.graph.core.plugin] Creating unregistered node type omni.graph.ui_nodes.Button (version 1)
2026-08-01T02:19:45Z [4,914ms] [Info] [omni.graph.core.plugin] Creating unregistered node type omni.graph.ui_nodes.GetActiveViewportCamera (version 2)
2026-08-01T02:19:45Z [4,914ms] [Info] [omni.graph.core.plugin] Creating unregistered node type omni.graph.ui_nodes.GetViewportRenderer (version 1)
2026-08-01T02:19:45Z [4,914ms] [Info] [omni.graph.core.plugin] Creating unregistered node type omni.graph.ui_nodes.GetViewportResolution (version 1)
2026-08-01T02:19:45Z [4,914ms] [Info] [omni.graph.core.plugin] Creating unregistered node type omni.graph.ui_nodes.LockViewportRender (version 1)
2026-08-01T02:19:45Z [4,914ms] [Info] [omni.graph.core.plugin] Creating unregistered node type omni.graph.ui_nodes.OnNewFrame (version 1)
2026-08-01T02:19:45Z [4,914ms] [Info] [omni.graph.core.plugin] Creating unregistered node type omni.graph.ui_nodes.OnWidgetClicked (version 1)
2026-08-01T02:19:45Z [4,914ms] [Info] [omni.graph.core.plugin] Creating unregistered node type omni.graph.ui_nodes.OnWidgetValueChanged (version 1)
2026-08-01T02:19:45Z [4,914ms] [Info] [omni.graph.core.plugin] Creating unregistered node type omni.graph.ui_nodes.PrintText (version 1)
2026-08-01T02:19:45Z [4,915ms] [Info] [omni.graph.core.plugin] Creating unregistered node type omni.graph.ui_nodes.SetActiveViewportCamera (version 1)
2026-08-01T02:19:45Z [4,915ms] [Info] [omni.graph.core.plugin] Creating unregistered node type omni.graph.ui_nodes.SetViewportMode (version 1)
2026-08-01T02:19:45Z [4,915ms] [Info] [omni.graph.core.plugin] Creating unregistered node type omni.graph.ui_nodes.SetViewportRenderer (version 1)
2026-08-01T02:19:45Z [4,915ms] [Info] [omni.graph.core.plugin] Creating unregistered node type omni.graph.ui_nodes.SetViewportResolution (version 1)
2026-08-01T02:19:45Z [4,915ms] [Info] [omni.graph.core.plugin] Creating unregistered node type omni.graph.ui_nodes.Slider (version 1)
2026-08-01T02:19:45Z [4,961ms] [Info] [omni.ext._impl._internal] Searching for classes derived from 'omni.ext.IExt' in 'isaacsim.core.api' ('c:\users\kskzz\miniconda3\envs\env_isaaclab\lib\site-packages\isaacsim\exts\isaacsim.core.api')
2026-08-01T02:19:45Z [4,962ms] [Info] [omni.ext._impl._internal] Searching for classes derived from 'omni.ext.IExt' in 'isaacsim.core.api.tests' ('c:\users\kskzz\miniconda3\envs\env_isaaclab\lib\site-packages\isaacsim\exts\isaacsim.core.api')
2026-08-01T02:19:45Z [4,962ms] [Info] [omni.ext.plugin] [ext: isaacsim.core.api-4.8.0] started, startup time: 59 (ms)
2026-08-01T02:19:45Z [4,962ms] [Info] [omni.ext.plugin] About to startup: [ext: omni.replicator.core-1.12.27] (order: 0) Triggered by: isaaclab.python.headless.rendering-2.3.2 (path: c:/users/kskzz/miniconda3/envs/env_isaaclab/lib/site-packages/isaacsim/extscache/omni.replicator.core-1.12.27+107.3.3.wx64.r.cp311)
2026-08-01T02:19:45Z [4,962ms] [Info] [omni.kit.app.plugin] [5.005s] [ext: omni.replicator.core-1.12.27] startup
2026-08-01T02:19:45Z [4,962ms] [Info] [omni.ext.plugin] [ext manager] preferLocalVersions: 1
2026-08-01T02:19:45Z [4,963ms] [Info] [omni.ext.plugin] [ext manager] preferLocalVersions: 1
2026-08-01T02:19:45Z [4,965ms] [Info] [carb] Registered plugin: omni.replicator.core.plugin (interfaces: [omni::replicator::core v1.0]) (impl: omni.replicator.core.plugin)
2026-08-01T02:19:45Z [5,004ms] [Warning] [pxr.Semantics] pxr.Semantics is deprecated - please use Semantics instead
2026-08-01T02:19:45Z [5,006ms] [Info] [omni.graph.core.plugin] Creating unregistered node type omni.warp.WarpOgnBundleInspectChanges (version 1)
2026-08-01T02:19:45Z [5,006ms] [Info] [omni.graph.core.plugin] Creating unregistered node type omni.warp.WarpClothSimulate (version 1)
2026-08-01T02:19:45Z [5,006ms] [Info] [omni.graph.core.plugin] Creating unregistered node type omni.warp.FixedTime (version 1)
2026-08-01T02:19:45Z [5,006ms] [Info] [omni.graph.core.plugin] Creating unregistered node type omni.warp.WarpGridCreate (version 1)
2026-08-01T02:19:45Z [5,006ms] [Info] [omni.graph.core.plugin] Creating unregistered node type omni.warp.WarpKernel (version 2)
2026-08-01T02:19:45Z [5,006ms] [Info] [omni.graph.core.plugin] Creating unregistered node type omni.warp.WarpMeshFromVolume (version 1)
2026-08-01T02:19:45Z [5,007ms] [Info] [omni.graph.core.plugin] Creating unregistered node type omni.warp.WarpNoiseDeform (version 1)
2026-08-01T02:19:45Z [5,007ms] [Info] [omni.graph.core.plugin] Creating unregistered node type omni.warp.WarpParticlesFromMesh (version 1)
2026-08-01T02:19:45Z [5,007ms] [Info] [omni.graph.core.plugin] Creating unregistered node type omni.warp.WarpParticlesSimulate (version 1)
2026-08-01T02:19:45Z [5,007ms] [Info] [omni.graph.core.plugin] Creating unregistered node type omni.warp.WarpSampleMeshDeform (version 1)
2026-08-01T02:19:45Z [5,007ms] [Info] [omni.graph.core.plugin] Creating unregistered node type omni.warp.WarpSampleOceanDeform (version 1)
2026-08-01T02:19:45Z [5,007ms] [Info] [omni.graph.core.plugin] Creating unregistered node type omni.warp.WarpSamplePrimFlocking (version 1)
2026-08-01T02:19:45Z [5,007ms] [Info] [omni.graph.core.plugin] Creating unregistered node type omni.warp.WarpSampleProceduralVolume (version 1)
2026-08-01T02:19:45Z [5,007ms] [Info] [omni.graph.core.plugin] Creating unregistered node type omni.warp.WarpTextureWrite (version 1)
2026-08-01T02:19:45Z [5,007ms] [Info] [omni.graph.core.plugin] Creating unregistered node type omni.warp.WarpWaveSolve (version 1)
2026-08-01T02:19:45Z [5,009ms] [Info] [omni.replicator.core.scripts.utils.viewport_manager] Viewport 1.0 is not available
2026-08-01T02:19:45Z [5,131ms] [Info] [omni.ext._impl._internal] Searching for classes derived from 'omni.ext.IExt' in 'omni.replicator.core' ('c:\users\kskzz\miniconda3\envs\env_isaaclab\lib\site-packages\isaacsim\extscache\omni.replicator.core-1.12.27+107.3.3.wx64.r.cp311')
2026-08-01T02:19:45Z [5,131ms] [Info] [omni.ext._impl._internal] Found class `Extension` derived from `omni.ext.IExt` in module: 'omni.replicator.core' in 'c:\users\kskzz\miniconda3\envs\env_isaaclab\lib\site-packages\isaacsim\extscache\omni.replicator.core-1.12.27+107.3.3.wx64.r.cp311'. Calling `on_startup`.
2026-08-01T02:19:45Z [5,160ms] [Info] [omni.replicator.core.scripts.extension] [omni.syntheticdata] SyntheticData startup
2026-08-01T02:19:45Z [5,160ms] [Info] [carb] Initializing plugin: omni.replicator.core.plugin (interfaces: [omni::replicator::core v1.0]) (impl: omni.replicator.core.plugin)
2026-08-01T02:19:45Z [5,160ms] [Warning] [omni.graph.core.plugin] Found duplicate of category 'Replicator' - was 'Annotators', adding 'Fabric Reader'
2026-08-01T02:19:45Z [5,160ms] [Warning] [omni.graph.core.plugin] Category 'Replicator' not accepted on node type 'omni.replicator.core.FabricReader' in extension 'omni.replicator.core'
2026-08-01T02:19:45Z [5,161ms] [Warning] [omni.replicator.core.scripts.extension] No material configuration file, adding configuration to material settings directly.
2026-08-01T02:19:45Z [5,161ms] [Info] [omni.replicator.core.scripts.extension] materialConfig: {'searchPaths': {'custom': ['c:/users/kskzz/miniconda3/envs/env_isaaclab/lib/site-packages/isaacsim/extscache/omni.replicator.core-1.12.27+107.3.3.wx64.r.cp311/mdl']}, 'materialGraph': {'userAllowList': ['infinite_pbr_material', 'project_pbr_material', 'replicator_definitions']}, 'options': {'noStandardPath': False}}
2026-08-01T02:19:45Z [5,161ms] [Info] [omni.kit.menu.utils.utils] omni.kit.menu.utils.refresh_menu_items Replicator
2026-08-01T02:19:45Z [5,166ms] [Info] [omni.ext.plugin] [ext: omni.replicator.core-1.12.27] started, startup time: 203 (ms)
2026-08-01T02:19:45Z [5,166ms] [Info] [omni.ext.plugin] About to startup: [ext: omni.physx.fabric-107.3.26] (order: 0) Triggered by: isaaclab.python.headless-2.3.2 (path: c:/users/kskzz/miniconda3/envs/env_isaaclab/lib/site-packages/isaacsim/extscache/omni.physx.fabric-107.3.26+107.3.3.wx64.r.cp311.u353)
2026-08-01T02:19:45Z [5,166ms] [Info] [omni.kit.app.plugin] [5.209s] [ext: omni.physx.fabric-107.3.26] startup
2026-08-01T02:19:45Z [5,166ms] [Info] [omni.ext.plugin] [ext manager] preferLocalVersions: 1
2026-08-01T02:19:45Z [5,168ms] [Info] [carb] Registered plugin: omni.physx.fabric.plugin (interfaces: [omni::physx::IPhysxFabric v1.0]) (impl: omni.physx.fabric.plugin)
2026-08-01T02:19:45Z [5,174ms] [Info] [omni.ext._impl._internal] Searching for classes derived from 'omni.ext.IExt' in 'omni.physxfabric' ('c:\users\kskzz\miniconda3\envs\env_isaaclab\lib\site-packages\isaacsim\extscache\omni.physx.fabric-107.3.26+107.3.3.wx64.r.cp311.u353')
2026-08-01T02:19:45Z [5,174ms] [Info] [omni.ext._impl._internal] Found class `PhysxFabricExtension` derived from `omni.ext.IExt` in module: 'omni.physxfabric' in 'c:\users\kskzz\miniconda3\envs\env_isaaclab\lib\site-packages\isaacsim\extscache\omni.physx.fabric-107.3.26+107.3.3.wx64.r.cp311.u353'. Calling `on_startup`.
2026-08-01T02:19:45Z [5,174ms] [Info] [carb] Initializing plugin: omni.physx.fabric.plugin (interfaces: [omni::physx::IPhysxFabric v1.0]) (impl: omni.physx.fabric.plugin)
2026-08-01T02:19:45Z [5,175ms] [Info] [omni.ext.plugin] [ext: omni.physx.fabric-107.3.26] started, startup time: 8 (ms)
2026-08-01T02:19:45Z [5,175ms] [Info] [omni.ext.plugin] About to startup: [ext: isaaclab_assets-0.2.4] (order: 1000) Triggered by: isaaclab.python.headless-2.3.2, isaaclab_mimic-1.0.16, isaaclab_rl-0.5.1, isaaclab_tasks-0.11.16 (path: c:/robotics_sim/isaaclab/source/isaaclab_assets)
2026-08-01T02:19:45Z [5,175ms] [Info] [omni.kit.app.plugin] [5.218s] [ext: isaaclab_assets-0.2.4] startup
2026-08-01T02:19:45Z [5,175ms] [Info] [omni.ext.plugin] [ext manager] preferLocalVersions: 1
2026-08-01T02:19:45Z [5,278ms] [Error] [omni.graph.tools._impl.internal.extension_contents_1_18] Exception while importing test omni.replicator.core.ogn.tests.TestOgnArray: Traceback (most recent call last):
  File "c:/users/kskzz/miniconda3/envs/env_isaaclab/lib/site-packages/isaacsim/extscache/omni.graph.tools-1.79.2+69cbf6ad/omni/graph/tools/_impl/internal/extension_contents_1_18.py", line 394, in do_import_test_definition
    test_module = load_module_from_file(test_module_name, test_file)
                  ^^^^^^^^^^^^^^^^^^^^^^^^^^^^^^^^^^^^^^^^^^^^^^^^^^
  File "c:/users/kskzz/miniconda3/envs/env_isaaclab/lib/site-packages/isaacsim/extscache/omni.graph.tools-1.79.2+69cbf6ad/omni/graph/tools/_impl/internal/file_utils.py", line 239, in load_module_from_file
    spec.loader.exec_module(module)
  File "<frozen importlib._bootstrap_external>", line 940, in exec_module
  File "<frozen importlib._bootstrap>", line 241, in _call_with_frames_removed
  File "c:\users\kskzz\miniconda3\envs\env_isaaclab\lib\site-packages\isaacsim\kit\cache\ogn_generated\1.79.2\omni.replicator.core-1.12.27\omni.replicator.core\ogn\tests\TestOgnArray.py", line 4, in <module>
    import omni.graph.core.tests as ogts
  File "c:/users/kskzz/miniconda3/envs/env_isaaclab/lib/site-packages/isaacsim/extscache/omni.graph-1.141.2+69cbf6ad.wx64.r.cp311/omni/graph/core/tests/__init__.py", line 20, in <module>
    from .omnigraph_test_utils import OmniGraphTestCase
  File "c:/users/kskzz/miniconda3/envs/env_isaaclab/lib/site-packages/isaacsim/extscache/omni.graph-1.141.2+69cbf6ad.wx64.r.cp311/omni/graph/core/tests/omnigraph_test_utils.py", line 198, in <module>
    OmniGraphTestCase = test_case_class()
                        ^^^^^^^^^^^^^^^^^
  File "c:/users/kskzz/miniconda3/envs/env_isaaclab/lib/site-packages/isaacsim/extscache/omni.graph-1.141.2+69cbf6ad.wx64.r.cp311/omni/graph/core/tests/omnigraph_test_utils.py", line 135, in test_case_class
    base_class = omni.kit.test.AsyncTestCase
                 ^^^^^^^^^^^^^
AttributeError: cannot access submodule 'test' of module 'omni.kit' (most likely due to a circular import)

2026-08-01T02:19:45Z [5,294ms] [Error] [omni.graph.tools._impl.internal.extension_contents_1_18] Exception while importing test omni.replicator.core.ogn.tests.TestOgnAugBgRandExp: Traceback (most recent call last):
  File "c:/users/kskzz/miniconda3/envs/env_isaaclab/lib/site-packages/isaacsim/extscache/omni.graph.tools-1.79.2+69cbf6ad/omni/graph/tools/_impl/internal/extension_contents_1_18.py", line 394, in do_import_test_definition
    test_module = load_module_from_file(test_module_name, test_file)
                  ^^^^^^^^^^^^^^^^^^^^^^^^^^^^^^^^^^^^^^^^^^^^^^^^^^
  File "c:/users/kskzz/miniconda3/envs/env_isaaclab/lib/site-packages/isaacsim/extscache/omni.graph.tools-1.79.2+69cbf6ad/omni/graph/tools/_impl/internal/file_utils.py", line 239, in load_module_from_file
    spec.loader.exec_module(module)
  File "<frozen importlib._bootstrap_external>", line 940, in exec_module
  File "<frozen importlib._bootstrap>", line 241, in _call_with_frames_removed
  File "c:\users\kskzz\miniconda3\envs\env_isaaclab\lib\site-packages\isaacsim\kit\cache\ogn_generated\1.79.2\omni.replicator.core-1.12.27\omni.replicator.core\ogn\tests\TestOgnAugBgRandExp.py", line 4, in <module>
    import omni.graph.core.tests as ogts
  File "c:/users/kskzz/miniconda3/envs/env_isaaclab/lib/site-packages/isaacsim/extscache/omni.graph-1.141.2+69cbf6ad.wx64.r.cp311/omni/graph/core/tests/__init__.py", line 20, in <module>
    from .omnigraph_test_utils import OmniGraphTestCase
  File "c:/users/kskzz/miniconda3/envs/env_isaaclab/lib/site-packages/isaacsim/extscache/omni.graph-1.141.2+69cbf6ad.wx64.r.cp311/omni/graph/core/tests/omnigraph_test_utils.py", line 198, in <module>
    OmniGraphTestCase = test_case_class()
                        ^^^^^^^^^^^^^^^^^
  File "c:/users/kskzz/miniconda3/envs/env_isaaclab/lib/site-packages/isaacsim/extscache/omni.graph-1.141.2+69cbf6ad.wx64.r.cp311/omni/graph/core/tests/omnigraph_test_utils.py", line 135, in test_case_class
    base_class = omni.kit.test.AsyncTestCase
                 ^^^^^^^^^^^^^
AttributeError: cannot access submodule 'test' of module 'omni.kit' (most likely due to a circular import)

2026-08-01T02:19:45Z [5,323ms] [Error] [omni.graph.tools._impl.internal.extension_contents_1_18] Exception while importing test omni.replicator.core.ogn.tests.TestOgnAugCanny: Traceback (most recent call last):
  File "c:/users/kskzz/miniconda3/envs/env_isaaclab/lib/site-packages/isaacsim/extscache/omni.graph.tools-1.79.2+69cbf6ad/omni/graph/tools/_impl/internal/extension_contents_1_18.py", line 394, in do_import_test_definition
    test_module = load_module_from_file(test_module_name, test_file)
                  ^^^^^^^^^^^^^^^^^^^^^^^^^^^^^^^^^^^^^^^^^^^^^^^^^^
  File "c:/users/kskzz/miniconda3/envs/env_isaaclab/lib/site-packages/isaacsim/extscache/omni.graph.tools-1.79.2+69cbf6ad/omni/graph/tools/_impl/internal/file_utils.py", line 239, in load_module_from_file
    spec.loader.exec_module(module)
  File "<frozen importlib._bootstrap_external>", line 940, in exec_module
  File "<frozen importlib._bootstrap>", line 241, in _call_with_frames_removed
  File "c:\users\kskzz\miniconda3\envs\env_isaaclab\lib\site-packages\isaacsim\kit\cache\ogn_generated\1.79.2\omni.replicator.core-1.12.27\omni.replicator.core\ogn\tests\TestOgnAugCanny.py", line 4, in <module>
    import omni.graph.core.tests as ogts
  File "c:/users/kskzz/miniconda3/envs/env_isaaclab/lib/site-packages/isaacsim/extscache/omni.graph-1.141.2+69cbf6ad.wx64.r.cp311/omni/graph/core/tests/__init__.py", line 20, in <module>
    from .omnigraph_test_utils import OmniGraphTestCase
  File "c:/users/kskzz/miniconda3/envs/env_isaaclab/lib/site-packages/isaacsim/extscache/omni.graph-1.141.2+69cbf6ad.wx64.r.cp311/omni/graph/core/tests/omnigraph_test_utils.py", line 198, in <module>
    OmniGraphTestCase = test_case_class()
                        ^^^^^^^^^^^^^^^^^
  File "c:/users/kskzz/miniconda3/envs/env_isaaclab/lib/site-packages/isaacsim/extscache/omni.graph-1.141.2+69cbf6ad.wx64.r.cp311/omni/graph/core/tests/omnigraph_test_utils.py", line 135, in test_case_class
    base_class = omni.kit.test.AsyncTestCase
                 ^^^^^^^^^^^^^
AttributeError: cannot access submodule 'test' of module 'omni.kit' (most likely due to a circular import)

2026-08-01T02:19:45Z [5,342ms] [Error] [omni.graph.tools._impl.internal.extension_contents_1_18] Exception while importing test omni.replicator.core.ogn.tests.TestOgnAugContrastExp: Traceback (most recent call last):
  File "c:/users/kskzz/miniconda3/envs/env_isaaclab/lib/site-packages/isaacsim/extscache/omni.graph.tools-1.79.2+69cbf6ad/omni/graph/tools/_impl/internal/extension_contents_1_18.py", line 394, in do_import_test_definition
    test_module = load_module_from_file(test_module_name, test_file)
                  ^^^^^^^^^^^^^^^^^^^^^^^^^^^^^^^^^^^^^^^^^^^^^^^^^^
  File "c:/users/kskzz/miniconda3/envs/env_isaaclab/lib/site-packages/isaacsim/extscache/omni.graph.tools-1.79.2+69cbf6ad/omni/graph/tools/_impl/internal/file_utils.py", line 239, in load_module_from_file
    spec.loader.exec_module(module)
  File "<frozen importlib._bootstrap_external>", line 940, in exec_module
  File "<frozen importlib._bootstrap>", line 241, in _call_with_frames_removed
  File "c:\users\kskzz\miniconda3\envs\env_isaaclab\lib\site-packages\isaacsim\kit\cache\ogn_generated\1.79.2\omni.replicator.core-1.12.27\omni.replicator.core\ogn\tests\TestOgnAugContrastExp.py", line 2, in <module>
    import omni.kit.test
  File "c:/users/kskzz/miniconda3/envs/env_isaaclab/lib/site-packages/isaacsim/extscache/omni.kit.test-2.0.1+69cbf6ad.wx64.r.cp311/omni/kit/test/__init__.py", line 7, in <module>
    from . import unittests
  File "c:/users/kskzz/miniconda3/envs/env_isaaclab/lib/site-packages/isaacsim/extscache/omni.kit.test-2.0.1+69cbf6ad.wx64.r.cp311/omni/kit/test/unittests.py", line 23, in <module>
    from .exttests import RunExtTests
  File "c:/users/kskzz/miniconda3/envs/env_isaaclab/lib/site-packages/isaacsim/extscache/omni.kit.test-2.0.1+69cbf6ad.wx64.r.cp311/omni/kit/test/exttests.py", line 31, in <module>
    from .sampling import SamplingFactor
  File "c:/users/kskzz/miniconda3/envs/env_isaaclab/lib/site-packages/isaacsim/extscache/omni.kit.test-2.0.1+69cbf6ad.wx64.r.cp311/omni/kit/test/sampling.py", line 4, in <module>
    from statistics import mean
  File "C:\robotics_sim\wlr_robot\resume_validation_fsm_residual_ppo\src\resume_validation\statistics.py", line 5, in <module>
    from statistics import mean, median, pstdev
ImportError: cannot import name 'mean' from partially initialized module 'statistics' (most likely due to a circular import) (C:\robotics_sim\wlr_robot\resume_validation_fsm_residual_ppo\src\resume_validation\statistics.py)

2026-08-01T02:19:45Z [5,367ms] [Error] [omni.graph.tools._impl.internal.extension_contents_1_18] Exception while importing test omni.replicator.core.ogn.tests.TestOgnAugConv2dExp: Traceback (most recent call last):
  File "c:/users/kskzz/miniconda3/envs/env_isaaclab/lib/site-packages/isaacsim/extscache/omni.graph.tools-1.79.2+69cbf6ad/omni/graph/tools/_impl/internal/extension_contents_1_18.py", line 394, in do_import_test_definition
    test_module = load_module_from_file(test_module_name, test_file)
                  ^^^^^^^^^^^^^^^^^^^^^^^^^^^^^^^^^^^^^^^^^^^^^^^^^^
  File "c:/users/kskzz/miniconda3/envs/env_isaaclab/lib/site-packages/isaacsim/extscache/omni.graph.tools-1.79.2+69cbf6ad/omni/graph/tools/_impl/internal/file_utils.py", line 239, in load_module_from_file
    spec.loader.exec_module(module)
  File "<frozen importlib._bootstrap_external>", line 940, in exec_module
  File "<frozen importlib._bootstrap>", line 241, in _call_with_frames_removed
  File "c:\users\kskzz\miniconda3\envs\env_isaaclab\lib\site-packages\isaacsim\kit\cache\ogn_generated\1.79.2\omni.replicator.core-1.12.27\omni.replicator.core\ogn\tests\TestOgnAugConv2dExp.py", line 2, in <module>
    import omni.kit.test
  File "c:/users/kskzz/miniconda3/envs/env_isaaclab/lib/site-packages/isaacsim/extscache/omni.kit.test-2.0.1+69cbf6ad.wx64.r.cp311/omni/kit/test/__init__.py", line 7, in <module>
    from . import unittests
  File "c:/users/kskzz/miniconda3/envs/env_isaaclab/lib/site-packages/isaacsim/extscache/omni.kit.test-2.0.1+69cbf6ad.wx64.r.cp311/omni/kit/test/unittests.py", line 23, in <module>
    from .exttests import RunExtTests
  File "c:/users/kskzz/miniconda3/envs/env_isaaclab/lib/site-packages/isaacsim/extscache/omni.kit.test-2.0.1+69cbf6ad.wx64.r.cp311/omni/kit/test/exttests.py", line 31, in <module>
    from .sampling import SamplingFactor
  File "c:/users/kskzz/miniconda3/envs/env_isaaclab/lib/site-packages/isaacsim/extscache/omni.kit.test-2.0.1+69cbf6ad.wx64.r.cp311/omni/kit/test/sampling.py", line 4, in <module>
    from statistics import mean
  File "C:\robotics_sim\wlr_robot\resume_validation_fsm_residual_ppo\src\resume_validation\statistics.py", line 5, in <module>
    from statistics import mean, median, pstdev
ImportError: cannot import name 'mean' from partially initialized module 'statistics' (most likely due to a circular import) (C:\robotics_sim\wlr_robot\resume_validation_fsm_residual_ppo\src\resume_validation\statistics.py)

2026-08-01T02:19:45Z [5,389ms] [Error] [omni.graph.tools._impl.internal.extension_contents_1_18] Exception while importing test omni.replicator.core.ogn.tests.TestOgnAugCropResizeExp: Traceback (most recent call last):
  File "c:/users/kskzz/miniconda3/envs/env_isaaclab/lib/site-packages/isaacsim/extscache/omni.graph.tools-1.79.2+69cbf6ad/omni/graph/tools/_impl/internal/extension_contents_1_18.py", line 394, in do_import_test_definition
    test_module = load_module_from_file(test_module_name, test_file)
                  ^^^^^^^^^^^^^^^^^^^^^^^^^^^^^^^^^^^^^^^^^^^^^^^^^^
  File "c:/users/kskzz/miniconda3/envs/env_isaaclab/lib/site-packages/isaacsim/extscache/omni.graph.tools-1.79.2+69cbf6ad/omni/graph/tools/_impl/internal/file_utils.py", line 239, in load_module_from_file
    spec.loader.exec_module(module)
  File "<frozen importlib._bootstrap_external>", line 940, in exec_module
  File "<frozen importlib._bootstrap>", line 241, in _call_with_frames_removed
  File "c:\users\kskzz\miniconda3\envs\env_isaaclab\lib\site-packages\isaacsim\kit\cache\ogn_generated\1.79.2\omni.replicator.core-1.12.27\omni.replicator.core\ogn\tests\TestOgnAugCropResizeExp.py", line 2, in <module>
    import omni.kit.test
  File "c:/users/kskzz/miniconda3/envs/env_isaaclab/lib/site-packages/isaacsim/extscache/omni.kit.test-2.0.1+69cbf6ad.wx64.r.cp311/omni/kit/test/__init__.py", line 7, in <module>
    from . import unittests
  File "c:/users/kskzz/miniconda3/envs/env_isaaclab/lib/site-packages/isaacsim/extscache/omni.kit.test-2.0.1+69cbf6ad.wx64.r.cp311/omni/kit/test/unittests.py", line 23, in <module>
    from .exttests import RunExtTests
  File "c:/users/kskzz/miniconda3/envs/env_isaaclab/lib/site-packages/isaacsim/extscache/omni.kit.test-2.0.1+69cbf6ad.wx64.r.cp311/omni/kit/test/exttests.py", line 31, in <module>
    from .sampling import SamplingFactor
  File "c:/users/kskzz/miniconda3/envs/env_isaaclab/lib/site-packages/isaacsim/extscache/omni.kit.test-2.0.1+69cbf6ad.wx64.r.cp311/omni/kit/test/sampling.py", line 4, in <module>
    from statistics import mean
  File "C:\robotics_sim\wlr_robot\resume_validation_fsm_residual_ppo\src\resume_validation\statistics.py", line 5, in <module>
    from statistics import mean, median, pstdev
ImportError: cannot import name 'mean' from partially initialized module 'statistics' (most likely due to a circular import) (C:\robotics_sim\wlr_robot\resume_validation_fsm_residual_ppo\src\resume_validation\statistics.py)

2026-08-01T02:19:45Z [5,404ms] [Error] [omni.graph.tools._impl.internal.extension_contents_1_18] Exception while importing test omni.replicator.core.ogn.tests.TestOgnAugCutMixExp: Traceback (most recent call last):
  File "c:/users/kskzz/miniconda3/envs/env_isaaclab/lib/site-packages/isaacsim/extscache/omni.graph.tools-1.79.2+69cbf6ad/omni/graph/tools/_impl/internal/extension_contents_1_18.py", line 394, in do_import_test_definition
    test_module = load_module_from_file(test_module_name, test_file)
                  ^^^^^^^^^^^^^^^^^^^^^^^^^^^^^^^^^^^^^^^^^^^^^^^^^^
  File "c:/users/kskzz/miniconda3/envs/env_isaaclab/lib/site-packages/isaacsim/extscache/omni.graph.tools-1.79.2+69cbf6ad/omni/graph/tools/_impl/internal/file_utils.py", line 239, in load_module_from_file
    spec.loader.exec_module(module)
  File "<frozen importlib._bootstrap_external>", line 940, in exec_module
  File "<frozen importlib._bootstrap>", line 241, in _call_with_frames_removed
  File "c:\users\kskzz\miniconda3\envs\env_isaaclab\lib\site-packages\isaacsim\kit\cache\ogn_generated\1.79.2\omni.replicator.core-1.12.27\omni.replicator.core\ogn\tests\TestOgnAugCutMixExp.py", line 4, in <module>
    import omni.graph.core.tests as ogts
  File "c:/users/kskzz/miniconda3/envs/env_isaaclab/lib/site-packages/isaacsim/extscache/omni.graph-1.141.2+69cbf6ad.wx64.r.cp311/omni/graph/core/tests/__init__.py", line 20, in <module>
    from .omnigraph_test_utils import OmniGraphTestCase
  File "c:/users/kskzz/miniconda3/envs/env_isaaclab/lib/site-packages/isaacsim/extscache/omni.graph-1.141.2+69cbf6ad.wx64.r.cp311/omni/graph/core/tests/omnigraph_test_utils.py", line 198, in <module>
    OmniGraphTestCase = test_case_class()
                        ^^^^^^^^^^^^^^^^^
  File "c:/users/kskzz/miniconda3/envs/env_isaaclab/lib/site-packages/isaacsim/extscache/omni.graph-1.141.2+69cbf6ad.wx64.r.cp311/omni/graph/core/tests/omnigraph_test_utils.py", line 135, in test_case_class
    base_class = omni.kit.test.AsyncTestCase
                 ^^^^^^^^^^^^^
AttributeError: cannot access submodule 'test' of module 'omni.kit' (most likely due to a circular import)

2026-08-01T02:19:45Z [5,420ms] [Error] [omni.graph.tools._impl.internal.extension_contents_1_18] Exception while importing test omni.replicator.core.ogn.tests.TestOgnAugImgBlendExp: Traceback (most recent call last):
  File "c:/users/kskzz/miniconda3/envs/env_isaaclab/lib/site-packages/isaacsim/extscache/omni.graph.tools-1.79.2+69cbf6ad/omni/graph/tools/_impl/internal/extension_contents_1_18.py", line 394, in do_import_test_definition
    test_module = load_module_from_file(test_module_name, test_file)
                  ^^^^^^^^^^^^^^^^^^^^^^^^^^^^^^^^^^^^^^^^^^^^^^^^^^
  File "c:/users/kskzz/miniconda3/envs/env_isaaclab/lib/site-packages/isaacsim/extscache/omni.graph.tools-1.79.2+69cbf6ad/omni/graph/tools/_impl/internal/file_utils.py", line 239, in load_module_from_file
    spec.loader.exec_module(module)
  File "<frozen importlib._bootstrap_external>", line 940, in exec_module
  File "<frozen importlib._bootstrap>", line 241, in _call_with_frames_removed
  File "c:\users\kskzz\miniconda3\envs\env_isaaclab\lib\site-packages\isaacsim\kit\cache\ogn_generated\1.79.2\omni.replicator.core-1.12.27\omni.replicator.core\ogn\tests\TestOgnAugImgBlendExp.py", line 4, in <module>
    import omni.graph.core.tests as ogts
  File "c:/users/kskzz/miniconda3/envs/env_isaaclab/lib/site-packages/isaacsim/extscache/omni.graph-1.141.2+69cbf6ad.wx64.r.cp311/omni/graph/core/tests/__init__.py", line 20, in <module>
    from .omnigraph_test_utils import OmniGraphTestCase
  File "c:/users/kskzz/miniconda3/envs/env_isaaclab/lib/site-packages/isaacsim/extscache/omni.graph-1.141.2+69cbf6ad.wx64.r.cp311/omni/graph/core/tests/omnigraph_test_utils.py", line 198, in <module>
    OmniGraphTestCase = test_case_class()
                        ^^^^^^^^^^^^^^^^^
  File "c:/users/kskzz/miniconda3/envs/env_isaaclab/lib/site-packages/isaacsim/extscache/omni.graph-1.141.2+69cbf6ad.wx64.r.cp311/omni/graph/core/tests/omnigraph_test_utils.py", line 135, in test_case_class
    base_class = omni.kit.test.AsyncTestCase
                 ^^^^^^^^^^^^^
AttributeError: cannot access submodule 'test' of module 'omni.kit' (most likely due to a circular import)

2026-08-01T02:19:45Z [5,434ms] [Error] [omni.graph.tools._impl.internal.extension_contents_1_18] Exception while importing test omni.replicator.core.ogn.tests.TestOgnOnFrame: Traceback (most recent call last):
  File "c:/users/kskzz/miniconda3/envs/env_isaaclab/lib/site-packages/isaacsim/extscache/omni.graph.tools-1.79.2+69cbf6ad/omni/graph/tools/_impl/internal/extension_contents_1_18.py", line 394, in do_import_test_definition
    test_module = load_module_from_file(test_module_name, test_file)
                  ^^^^^^^^^^^^^^^^^^^^^^^^^^^^^^^^^^^^^^^^^^^^^^^^^^
  File "c:/users/kskzz/miniconda3/envs/env_isaaclab/lib/site-packages/isaacsim/extscache/omni.graph.tools-1.79.2+69cbf6ad/omni/graph/tools/_impl/internal/file_utils.py", line 239, in load_module_from_file
    spec.loader.exec_module(module)
  File "<frozen importlib._bootstrap_external>", line 940, in exec_module
  File "<frozen importlib._bootstrap>", line 241, in _call_with_frames_removed
  File "c:\users\kskzz\miniconda3\envs\env_isaaclab\lib\site-packages\isaacsim\kit\cache\ogn_generated\1.79.2\omni.replicator.core-1.12.27\omni.replicator.core\ogn\tests\TestOgnOnFrame.py", line 4, in <module>
    import omni.graph.core.tests as ogts
  File "c:/users/kskzz/miniconda3/envs/env_isaaclab/lib/site-packages/isaacsim/extscache/omni.graph-1.141.2+69cbf6ad.wx64.r.cp311/omni/graph/core/tests/__init__.py", line 20, in <module>
    from .omnigraph_test_utils import OmniGraphTestCase
  File "c:/users/kskzz/miniconda3/envs/env_isaaclab/lib/site-packages/isaacsim/extscache/omni.graph-1.141.2+69cbf6ad.wx64.r.cp311/omni/graph/core/tests/omnigraph_test_utils.py", line 198, in <module>
    OmniGraphTestCase = test_case_class()
                        ^^^^^^^^^^^^^^^^^
  File "c:/users/kskzz/miniconda3/envs/env_isaaclab/lib/site-packages/isaacsim/extscache/omni.graph-1.141.2+69cbf6ad.wx64.r.cp311/omni/graph/core/tests/omnigraph_test_utils.py", line 135, in test_case_class
    base_class = omni.kit.test.AsyncTestCase
                 ^^^^^^^^^^^^^
AttributeError: cannot access submodule 'test' of module 'omni.kit' (most likely due to a circular import)

2026-08-01T02:19:45Z [5,452ms] [Error] [omni.graph.tools._impl.internal.extension_contents_1_18] Exception while importing test omni.replicator.core.ogn.tests.TestOgnAugment: Traceback (most recent call last):
  File "c:/users/kskzz/miniconda3/envs/env_isaaclab/lib/site-packages/isaacsim/extscache/omni.graph.tools-1.79.2+69cbf6ad/omni/graph/tools/_impl/internal/extension_contents_1_18.py", line 394, in do_import_test_definition
    test_module = load_module_from_file(test_module_name, test_file)
                  ^^^^^^^^^^^^^^^^^^^^^^^^^^^^^^^^^^^^^^^^^^^^^^^^^^
  File "c:/users/kskzz/miniconda3/envs/env_isaaclab/lib/site-packages/isaacsim/extscache/omni.graph.tools-1.79.2+69cbf6ad/omni/graph/tools/_impl/internal/file_utils.py", line 239, in load_module_from_file
    spec.loader.exec_module(module)
  File "<frozen importlib._bootstrap_external>", line 940, in exec_module
  File "<frozen importlib._bootstrap>", line 241, in _call_with_frames_removed
  File "c:\users\kskzz\miniconda3\envs\env_isaaclab\lib\site-packages\isaacsim\kit\cache\ogn_generated\1.79.2\omni.replicator.core-1.12.27\omni.replicator.core\ogn\tests\TestOgnAugment.py", line 2, in <module>
    import omni.kit.test
  File "c:/users/kskzz/miniconda3/envs/env_isaaclab/lib/site-packages/isaacsim/extscache/omni.kit.test-2.0.1+69cbf6ad.wx64.r.cp311/omni/kit/test/__init__.py", line 7, in <module>
    from . import unittests
  File "c:/users/kskzz/miniconda3/envs/env_isaaclab/lib/site-packages/isaacsim/extscache/omni.kit.test-2.0.1+69cbf6ad.wx64.r.cp311/omni/kit/test/unittests.py", line 23, in <module>
    from .exttests import RunExtTests
  File "c:/users/kskzz/miniconda3/envs/env_isaaclab/lib/site-packages/isaacsim/extscache/omni.kit.test-2.0.1+69cbf6ad.wx64.r.cp311/omni/kit/test/exttests.py", line 31, in <module>
    from .sampling import SamplingFactor
  File "c:/users/kskzz/miniconda3/envs/env_isaaclab/lib/site-packages/isaacsim/extscache/omni.kit.test-2.0.1+69cbf6ad.wx64.r.cp311/omni/kit/test/sampling.py", line 4, in <module>
    from statistics import mean
  File "C:\robotics_sim\wlr_robot\resume_validation_fsm_residual_ppo\src\resume_validation\statistics.py", line 5, in <module>
    from statistics import mean, median, pstdev
ImportError: cannot import name 'mean' from partially initialized module 'statistics' (most likely due to a circular import) (C:\robotics_sim\wlr_robot\resume_validation_fsm_residual_ppo\src\resume_validation\statistics.py)

2026-08-01T02:19:45Z [5,464ms] [Error] [omni.graph.tools._impl.internal.extension_contents_1_18] Exception while importing test omni.replicator.core.ogn.tests.TestOgnOnTime: Traceback (most recent call last):
  File "c:/users/kskzz/miniconda3/envs/env_isaaclab/lib/site-packages/isaacsim/extscache/omni.graph.tools-1.79.2+69cbf6ad/omni/graph/tools/_impl/internal/extension_contents_1_18.py", line 394, in do_import_test_definition
    test_module = load_module_from_file(test_module_name, test_file)
                  ^^^^^^^^^^^^^^^^^^^^^^^^^^^^^^^^^^^^^^^^^^^^^^^^^^
  File "c:/users/kskzz/miniconda3/envs/env_isaaclab/lib/site-packages/isaacsim/extscache/omni.graph.tools-1.79.2+69cbf6ad/omni/graph/tools/_impl/internal/file_utils.py", line 239, in load_module_from_file
    spec.loader.exec_module(module)
  File "<frozen importlib._bootstrap_external>", line 940, in exec_module
  File "<frozen importlib._bootstrap>", line 241, in _call_with_frames_removed
  File "c:\users\kskzz\miniconda3\envs\env_isaaclab\lib\site-packages\isaacsim\kit\cache\ogn_generated\1.79.2\omni.replicator.core-1.12.27\omni.replicator.core\ogn\tests\TestOgnOnTime.py", line 4, in <module>
    import omni.graph.core.tests as ogts
  File "c:/users/kskzz/miniconda3/envs/env_isaaclab/lib/site-packages/isaacsim/extscache/omni.graph-1.141.2+69cbf6ad.wx64.r.cp311/omni/graph/core/tests/__init__.py", line 20, in <module>
    from .omnigraph_test_utils import OmniGraphTestCase
  File "c:/users/kskzz/miniconda3/envs/env_isaaclab/lib/site-packages/isaacsim/extscache/omni.graph-1.141.2+69cbf6ad.wx64.r.cp311/omni/graph/core/tests/omnigraph_test_utils.py", line 198, in <module>
    OmniGraphTestCase = test_case_class()
                        ^^^^^^^^^^^^^^^^^
  File "c:/users/kskzz/miniconda3/envs/env_isaaclab/lib/site-packages/isaacsim/extscache/omni.graph-1.141.2+69cbf6ad.wx64.r.cp311/omni/graph/core/tests/omnigraph_test_utils.py", line 135, in test_case_class
    base_class = omni.kit.test.AsyncTestCase
                 ^^^^^^^^^^^^^
AttributeError: cannot access submodule 'test' of module 'omni.kit' (most likely due to a circular import)

2026-08-01T02:19:45Z [5,474ms] [Error] [omni.graph.tools._impl.internal.extension_contents_1_18] Exception while importing test omni.replicator.core.ogn.tests.TestOgnAugmentCPU: Traceback (most recent call last):
  File "c:/users/kskzz/miniconda3/envs/env_isaaclab/lib/site-packages/isaacsim/extscache/omni.graph.tools-1.79.2+69cbf6ad/omni/graph/tools/_impl/internal/extension_contents_1_18.py", line 394, in do_import_test_definition
    test_module = load_module_from_file(test_module_name, test_file)
                  ^^^^^^^^^^^^^^^^^^^^^^^^^^^^^^^^^^^^^^^^^^^^^^^^^^
  File "c:/users/kskzz/miniconda3/envs/env_isaaclab/lib/site-packages/isaacsim/extscache/omni.graph.tools-1.79.2+69cbf6ad/omni/graph/tools/_impl/internal/file_utils.py", line 239, in load_module_from_file
    spec.loader.exec_module(module)
  File "<frozen importlib._bootstrap_external>", line 940, in exec_module
  File "<frozen importlib._bootstrap>", line 241, in _call_with_frames_removed
  File "c:\users\kskzz\miniconda3\envs\env_isaaclab\lib\site-packages\isaacsim\kit\cache\ogn_generated\1.79.2\omni.replicator.core-1.12.27\omni.replicator.core\ogn\tests\TestOgnAugmentCPU.py", line 4, in <module>
    import omni.graph.core.tests as ogts
  File "c:/users/kskzz/miniconda3/envs/env_isaaclab/lib/site-packages/isaacsim/extscache/omni.graph-1.141.2+69cbf6ad.wx64.r.cp311/omni/graph/core/tests/__init__.py", line 20, in <module>
    from .omnigraph_test_utils import OmniGraphTestCase
  File "c:/users/kskzz/miniconda3/envs/env_isaaclab/lib/site-packages/isaacsim/extscache/omni.graph-1.141.2+69cbf6ad.wx64.r.cp311/omni/graph/core/tests/omnigraph_test_utils.py", line 198, in <module>
    OmniGraphTestCase = test_case_class()
                        ^^^^^^^^^^^^^^^^^
  File "c:/users/kskzz/miniconda3/envs/env_isaaclab/lib/site-packages/isaacsim/extscache/omni.graph-1.141.2+69cbf6ad.wx64.r.cp311/omni/graph/core/tests/omnigraph_test_utils.py", line 135, in test_case_class
    base_class = omni.kit.test.AsyncTestCase
                 ^^^^^^^^^^^^^
AttributeError: cannot access submodule 'test' of module 'omni.kit' (most likely due to a circular import)

2026-08-01T02:19:45Z [5,489ms] [Error] [omni.graph.tools._impl.internal.extension_contents_1_18] Exception while importing test omni.replicator.core.ogn.tests.TestOgnAugMotionBlurExp: Traceback (most recent call last):
  File "c:/users/kskzz/miniconda3/envs/env_isaaclab/lib/site-packages/isaacsim/extscache/omni.graph.tools-1.79.2+69cbf6ad/omni/graph/tools/_impl/internal/extension_contents_1_18.py", line 394, in do_import_test_definition
    test_module = load_module_from_file(test_module_name, test_file)
                  ^^^^^^^^^^^^^^^^^^^^^^^^^^^^^^^^^^^^^^^^^^^^^^^^^^
  File "c:/users/kskzz/miniconda3/envs/env_isaaclab/lib/site-packages/isaacsim/extscache/omni.graph.tools-1.79.2+69cbf6ad/omni/graph/tools/_impl/internal/file_utils.py", line 239, in load_module_from_file
    spec.loader.exec_module(module)
  File "<frozen importlib._bootstrap_external>", line 940, in exec_module
  File "<frozen importlib._bootstrap>", line 241, in _call_with_frames_removed
  File "c:\users\kskzz\miniconda3\envs\env_isaaclab\lib\site-packages\isaacsim\kit\cache\ogn_generated\1.79.2\omni.replicator.core-1.12.27\omni.replicator.core\ogn\tests\TestOgnAugMotionBlurExp.py", line 4, in <module>
    import omni.graph.core.tests as ogts
  File "c:/users/kskzz/miniconda3/envs/env_isaaclab/lib/site-packages/isaacsim/extscache/omni.graph-1.141.2+69cbf6ad.wx64.r.cp311/omni/graph/core/tests/__init__.py", line 20, in <module>
    from .omnigraph_test_utils import OmniGraphTestCase
  File "c:/users/kskzz/miniconda3/envs/env_isaaclab/lib/site-packages/isaacsim/extscache/omni.graph-1.141.2+69cbf6ad.wx64.r.cp311/omni/graph/core/tests/omnigraph_test_utils.py", line 198, in <module>
    OmniGraphTestCase = test_case_class()
                        ^^^^^^^^^^^^^^^^^
  File "c:/users/kskzz/miniconda3/envs/env_isaaclab/lib/site-packages/isaacsim/extscache/omni.graph-1.141.2+69cbf6ad.wx64.r.cp311/omni/graph/core/tests/omnigraph_test_utils.py", line 135, in test_case_class
    base_class = omni.kit.test.AsyncTestCase
                 ^^^^^^^^^^^^^
AttributeError: cannot access submodule 'test' of module 'omni.kit' (most likely due to a circular import)

2026-08-01T02:19:45Z [5,497ms] [Error] [omni.graph.tools._impl.internal.extension_contents_1_18] Exception while importing test omni.replicator.core.ogn.tests.TestOgnOrbit: Traceback (most recent call last):
  File "c:/users/kskzz/miniconda3/envs/env_isaaclab/lib/site-packages/isaacsim/extscache/omni.graph.tools-1.79.2+69cbf6ad/omni/graph/tools/_impl/internal/extension_contents_1_18.py", line 394, in do_import_test_definition
    test_module = load_module_from_file(test_module_name, test_file)
                  ^^^^^^^^^^^^^^^^^^^^^^^^^^^^^^^^^^^^^^^^^^^^^^^^^^
  File "c:/users/kskzz/miniconda3/envs/env_isaaclab/lib/site-packages/isaacsim/extscache/omni.graph.tools-1.79.2+69cbf6ad/omni/graph/tools/_impl/internal/file_utils.py", line 239, in load_module_from_file
    spec.loader.exec_module(module)
  File "<frozen importlib._bootstrap_external>", line 940, in exec_module
  File "<frozen importlib._bootstrap>", line 241, in _call_with_frames_removed
  File "c:\users\kskzz\miniconda3\envs\env_isaaclab\lib\site-packages\isaacsim\kit\cache\ogn_generated\1.79.2\omni.replicator.core-1.12.27\omni.replicator.core\ogn\tests\TestOgnOrbit.py", line 4, in <module>
    import omni.graph.core.tests as ogts
  File "c:/users/kskzz/miniconda3/envs/env_isaaclab/lib/site-packages/isaacsim/extscache/omni.graph-1.141.2+69cbf6ad.wx64.r.cp311/omni/graph/core/tests/__init__.py", line 20, in <module>
    from .omnigraph_test_utils import OmniGraphTestCase
  File "c:/users/kskzz/miniconda3/envs/env_isaaclab/lib/site-packages/isaacsim/extscache/omni.graph-1.141.2+69cbf6ad.wx64.r.cp311/omni/graph/core/tests/omnigraph_test_utils.py", line 198, in <module>
    OmniGraphTestCase = test_case_class()
                        ^^^^^^^^^^^^^^^^^
  File "c:/users/kskzz/miniconda3/envs/env_isaaclab/lib/site-packages/isaacsim/extscache/omni.graph-1.141.2+69cbf6ad.wx64.r.cp311/omni/graph/core/tests/omnigraph_test_utils.py", line 135, in test_case_class
    base_class = omni.kit.test.AsyncTestCase
                 ^^^^^^^^^^^^^
AttributeError: cannot access submodule 'test' of module 'omni.kit' (most likely due to a circular import)

2026-08-01T02:19:45Z [5,512ms] [Error] [omni.graph.tools._impl.internal.extension_contents_1_18] Exception while importing test omni.replicator.core.ogn.tests.TestOgnAugPixellateExp: Traceback (most recent call last):
  File "c:/users/kskzz/miniconda3/envs/env_isaaclab/lib/site-packages/isaacsim/extscache/omni.graph.tools-1.79.2+69cbf6ad/omni/graph/tools/_impl/internal/extension_contents_1_18.py", line 394, in do_import_test_definition
    test_module = load_module_from_file(test_module_name, test_file)
                  ^^^^^^^^^^^^^^^^^^^^^^^^^^^^^^^^^^^^^^^^^^^^^^^^^^
  File "c:/users/kskzz/miniconda3/envs/env_isaaclab/lib/site-packages/isaacsim/extscache/omni.graph.tools-1.79.2+69cbf6ad/omni/graph/tools/_impl/internal/file_utils.py", line 239, in load_module_from_file
    spec.loader.exec_module(module)
  File "<frozen importlib._bootstrap_external>", line 940, in exec_module
  File "<frozen importlib._bootstrap>", line 241, in _call_with_frames_removed
  File "c:\users\kskzz\miniconda3\envs\env_isaaclab\lib\site-packages\isaacsim\kit\cache\ogn_generated\1.79.2\omni.replicator.core-1.12.27\omni.replicator.core\ogn\tests\TestOgnAugPixellateExp.py", line 4, in <module>
    import omni.graph.core.tests as ogts
  File "c:/users/kskzz/miniconda3/envs/env_isaaclab/lib/site-packages/isaacsim/extscache/omni.graph-1.141.2+69cbf6ad.wx64.r.cp311/omni/graph/core/tests/__init__.py", line 20, in <module>
    from .omnigraph_test_utils import OmniGraphTestCase
  File "c:/users/kskzz/miniconda3/envs/env_isaaclab/lib/site-packages/isaacsim/extscache/omni.graph-1.141.2+69cbf6ad.wx64.r.cp311/omni/graph/core/tests/omnigraph_test_utils.py", line 198, in <module>
    OmniGraphTestCase = test_case_class()
                        ^^^^^^^^^^^^^^^^^
  File "c:/users/kskzz/miniconda3/envs/env_isaaclab/lib/site-packages/isaacsim/extscache/omni.graph-1.141.2+69cbf6ad.wx64.r.cp311/omni/graph/core/tests/omnigraph_test_utils.py", line 135, in test_case_class
    base_class = omni.kit.test.AsyncTestCase
                 ^^^^^^^^^^^^^
AttributeError: cannot access submodule 'test' of module 'omni.kit' (most likely due to a circular import)

2026-08-01T02:19:45Z [5,519ms] [Error] [omni.graph.tools._impl.internal.extension_contents_1_18] Exception while importing test omni.replicator.core.ogn.tests.TestOgnPerAxisPose: Traceback (most recent call last):
  File "c:/users/kskzz/miniconda3/envs/env_isaaclab/lib/site-packages/isaacsim/extscache/omni.graph.tools-1.79.2+69cbf6ad/omni/graph/tools/_impl/internal/extension_contents_1_18.py", line 394, in do_import_test_definition
    test_module = load_module_from_file(test_module_name, test_file)
                  ^^^^^^^^^^^^^^^^^^^^^^^^^^^^^^^^^^^^^^^^^^^^^^^^^^
  File "c:/users/kskzz/miniconda3/envs/env_isaaclab/lib/site-packages/isaacsim/extscache/omni.graph.tools-1.79.2+69cbf6ad/omni/graph/tools/_impl/internal/file_utils.py", line 239, in load_module_from_file
    spec.loader.exec_module(module)
  File "<frozen importlib._bootstrap_external>", line 940, in exec_module
  File "<frozen importlib._bootstrap>", line 241, in _call_with_frames_removed
  File "c:\users\kskzz\miniconda3\envs\env_isaaclab\lib\site-packages\isaacsim\kit\cache\ogn_generated\1.79.2\omni.replicator.core-1.12.27\omni.replicator.core\ogn\tests\TestOgnPerAxisPose.py", line 4, in <module>
    import omni.graph.core.tests as ogts
  File "c:/users/kskzz/miniconda3/envs/env_isaaclab/lib/site-packages/isaacsim/extscache/omni.graph-1.141.2+69cbf6ad.wx64.r.cp311/omni/graph/core/tests/__init__.py", line 20, in <module>
    from .omnigraph_test_utils import OmniGraphTestCase
  File "c:/users/kskzz/miniconda3/envs/env_isaaclab/lib/site-packages/isaacsim/extscache/omni.graph-1.141.2+69cbf6ad.wx64.r.cp311/omni/graph/core/tests/omnigraph_test_utils.py", line 198, in <module>
    OmniGraphTestCase = test_case_class()
                        ^^^^^^^^^^^^^^^^^
  File "c:/users/kskzz/miniconda3/envs/env_isaaclab/lib/site-packages/isaacsim/extscache/omni.graph-1.141.2+69cbf6ad.wx64.r.cp311/omni/graph/core/tests/omnigraph_test_utils.py", line 135, in test_case_class
    base_class = omni.kit.test.AsyncTestCase
                 ^^^^^^^^^^^^^
AttributeError: cannot access submodule 'test' of module 'omni.kit' (most likely due to a circular import)

2026-08-01T02:19:45Z [5,534ms] [Error] [omni.graph.tools._impl.internal.extension_contents_1_18] Exception while importing test omni.replicator.core.ogn.tests.TestOgnAugRotateExp: Traceback (most recent call last):
  File "c:/users/kskzz/miniconda3/envs/env_isaaclab/lib/site-packages/isaacsim/extscache/omni.graph.tools-1.79.2+69cbf6ad/omni/graph/tools/_impl/internal/extension_contents_1_18.py", line 394, in do_import_test_definition
    test_module = load_module_from_file(test_module_name, test_file)
                  ^^^^^^^^^^^^^^^^^^^^^^^^^^^^^^^^^^^^^^^^^^^^^^^^^^
  File "c:/users/kskzz/miniconda3/envs/env_isaaclab/lib/site-packages/isaacsim/extscache/omni.graph.tools-1.79.2+69cbf6ad/omni/graph/tools/_impl/internal/file_utils.py", line 239, in load_module_from_file
    spec.loader.exec_module(module)
  File "<frozen importlib._bootstrap_external>", line 940, in exec_module
  File "<frozen importlib._bootstrap>", line 241, in _call_with_frames_removed
  File "c:\users\kskzz\miniconda3\envs\env_isaaclab\lib\site-packages\isaacsim\kit\cache\ogn_generated\1.79.2\omni.replicator.core-1.12.27\omni.replicator.core\ogn\tests\TestOgnAugRotateExp.py", line 2, in <module>
    import omni.kit.test
  File "c:/users/kskzz/miniconda3/envs/env_isaaclab/lib/site-packages/isaacsim/extscache/omni.kit.test-2.0.1+69cbf6ad.wx64.r.cp311/omni/kit/test/__init__.py", line 7, in <module>
    from . import unittests
  File "c:/users/kskzz/miniconda3/envs/env_isaaclab/lib/site-packages/isaacsim/extscache/omni.kit.test-2.0.1+69cbf6ad.wx64.r.cp311/omni/kit/test/unittests.py", line 23, in <module>
    from .exttests import RunExtTests
  File "c:/users/kskzz/miniconda3/envs/env_isaaclab/lib/site-packages/isaacsim/extscache/omni.kit.test-2.0.1+69cbf6ad.wx64.r.cp311/omni/kit/test/exttests.py", line 31, in <module>
    from .sampling import SamplingFactor
  File "c:/users/kskzz/miniconda3/envs/env_isaaclab/lib/site-packages/isaacsim/extscache/omni.kit.test-2.0.1+69cbf6ad.wx64.r.cp311/omni/kit/test/sampling.py", line 4, in <module>
    from statistics import mean
  File "C:\robotics_sim\wlr_robot\resume_validation_fsm_residual_ppo\src\resume_validation\statistics.py", line 5, in <module>
    from statistics import mean, median, pstdev
ImportError: cannot import name 'mean' from partially initialized module 'statistics' (most likely due to a circular import) (C:\robotics_sim\wlr_robot\resume_validation_fsm_residual_ppo\src\resume_validation\statistics.py)

2026-08-01T02:19:45Z [5,541ms] [Error] [omni.graph.tools._impl.internal.extension_contents_1_18] Exception while importing test omni.replicator.core.ogn.tests.TestOgnPhysicsReset: Traceback (most recent call last):
  File "c:/users/kskzz/miniconda3/envs/env_isaaclab/lib/site-packages/isaacsim/extscache/omni.graph.tools-1.79.2+69cbf6ad/omni/graph/tools/_impl/internal/extension_contents_1_18.py", line 394, in do_import_test_definition
    test_module = load_module_from_file(test_module_name, test_file)
                  ^^^^^^^^^^^^^^^^^^^^^^^^^^^^^^^^^^^^^^^^^^^^^^^^^^
  File "c:/users/kskzz/miniconda3/envs/env_isaaclab/lib/site-packages/isaacsim/extscache/omni.graph.tools-1.79.2+69cbf6ad/omni/graph/tools/_impl/internal/file_utils.py", line 239, in load_module_from_file
    spec.loader.exec_module(module)
  File "<frozen importlib._bootstrap_external>", line 940, in exec_module
  File "<frozen importlib._bootstrap>", line 241, in _call_with_frames_removed
  File "c:\users\kskzz\miniconda3\envs\env_isaaclab\lib\site-packages\isaacsim\kit\cache\ogn_generated\1.79.2\omni.replicator.core-1.12.27\omni.replicator.core\ogn\tests\TestOgnPhysicsReset.py", line 4, in <module>
    import omni.graph.core.tests as ogts
  File "c:/users/kskzz/miniconda3/envs/env_isaaclab/lib/site-packages/isaacsim/extscache/omni.graph-1.141.2+69cbf6ad.wx64.r.cp311/omni/graph/core/tests/__init__.py", line 20, in <module>
    from .omnigraph_test_utils import OmniGraphTestCase
  File "c:/users/kskzz/miniconda3/envs/env_isaaclab/lib/site-packages/isaacsim/extscache/omni.graph-1.141.2+69cbf6ad.wx64.r.cp311/omni/graph/core/tests/omnigraph_test_utils.py", line 198, in <module>
    OmniGraphTestCase = test_case_class()
                        ^^^^^^^^^^^^^^^^^
  File "c:/users/kskzz/miniconda3/envs/env_isaaclab/lib/site-packages/isaacsim/extscache/omni.graph-1.141.2+69cbf6ad.wx64.r.cp311/omni/graph/core/tests/omnigraph_test_utils.py", line 135, in test_case_class
    base_class = omni.kit.test.AsyncTestCase
                 ^^^^^^^^^^^^^
AttributeError: cannot access submodule 'test' of module 'omni.kit' (most likely due to a circular import)

2026-08-01T02:19:45Z [5,549ms] [Error] [omni.graph.tools._impl.internal.extension_contents_1_18] Exception while importing test omni.replicator.core.ogn.tests.TestOgnWritePrimAttribute: Traceback (most recent call last):
  File "c:/users/kskzz/miniconda3/envs/env_isaaclab/lib/site-packages/isaacsim/extscache/omni.graph.tools-1.79.2+69cbf6ad/omni/graph/tools/_impl/internal/extension_contents_1_18.py", line 394, in do_import_test_definition
    test_module = load_module_from_file(test_module_name, test_file)
                  ^^^^^^^^^^^^^^^^^^^^^^^^^^^^^^^^^^^^^^^^^^^^^^^^^^
  File "c:/users/kskzz/miniconda3/envs/env_isaaclab/lib/site-packages/isaacsim/extscache/omni.graph.tools-1.79.2+69cbf6ad/omni/graph/tools/_impl/internal/file_utils.py", line 239, in load_module_from_file
    spec.loader.exec_module(module)
  File "<frozen importlib._bootstrap_external>", line 940, in exec_module
  File "<frozen importlib._bootstrap>", line 241, in _call_with_frames_removed
  File "c:\users\kskzz\miniconda3\envs\env_isaaclab\lib\site-packages\isaacsim\kit\cache\ogn_generated\1.79.2\omni.replicator.core-1.12.27\omni.replicator.core\ogn\tests\TestOgnWritePrimAttribute.py", line 4, in <module>
    import omni.graph.core.tests as ogts
  File "c:/users/kskzz/miniconda3/envs/env_isaaclab/lib/site-packages/isaacsim/extscache/omni.graph-1.141.2+69cbf6ad.wx64.r.cp311/omni/graph/core/tests/__init__.py", line 20, in <module>
    from .omnigraph_test_utils import OmniGraphTestCase
  File "c:/users/kskzz/miniconda3/envs/env_isaaclab/lib/site-packages/isaacsim/extscache/omni.graph-1.141.2+69cbf6ad.wx64.r.cp311/omni/graph/core/tests/omnigraph_test_utils.py", line 198, in <module>
    OmniGraphTestCase = test_case_class()
                        ^^^^^^^^^^^^^^^^^
  File "c:/users/kskzz/miniconda3/envs/env_isaaclab/lib/site-packages/isaacsim/extscache/omni.graph-1.141.2+69cbf6ad.wx64.r.cp311/omni/graph/core/tests/omnigraph_test_utils.py", line 135, in test_case_class
    base_class = omni.kit.test.AsyncTestCase
                 ^^^^^^^^^^^^^
AttributeError: cannot access submodule 'test' of module 'omni.kit' (most likely due to a circular import)

2026-08-01T02:19:45Z [5,563ms] [Error] [omni.graph.tools._impl.internal.extension_contents_1_18] Exception while importing test omni.replicator.core.ogn.tests.TestOgnAugShadeSegmentation: Traceback (most recent call last):
  File "c:/users/kskzz/miniconda3/envs/env_isaaclab/lib/site-packages/isaacsim/extscache/omni.graph.tools-1.79.2+69cbf6ad/omni/graph/tools/_impl/internal/extension_contents_1_18.py", line 394, in do_import_test_definition
    test_module = load_module_from_file(test_module_name, test_file)
                  ^^^^^^^^^^^^^^^^^^^^^^^^^^^^^^^^^^^^^^^^^^^^^^^^^^
  File "c:/users/kskzz/miniconda3/envs/env_isaaclab/lib/site-packages/isaacsim/extscache/omni.graph.tools-1.79.2+69cbf6ad/omni/graph/tools/_impl/internal/file_utils.py", line 239, in load_module_from_file
    spec.loader.exec_module(module)
  File "<frozen importlib._bootstrap_external>", line 940, in exec_module
  File "<frozen importlib._bootstrap>", line 241, in _call_with_frames_removed
  File "c:\users\kskzz\miniconda3\envs\env_isaaclab\lib\site-packages\isaacsim\kit\cache\ogn_generated\1.79.2\omni.replicator.core-1.12.27\omni.replicator.core\ogn\tests\TestOgnAugShadeSegmentation.py", line 4, in <module>
    import omni.graph.core.tests as ogts
  File "c:/users/kskzz/miniconda3/envs/env_isaaclab/lib/site-packages/isaacsim/extscache/omni.graph-1.141.2+69cbf6ad.wx64.r.cp311/omni/graph/core/tests/__init__.py", line 20, in <module>
    from .omnigraph_test_utils import OmniGraphTestCase
  File "c:/users/kskzz/miniconda3/envs/env_isaaclab/lib/site-packages/isaacsim/extscache/omni.graph-1.141.2+69cbf6ad.wx64.r.cp311/omni/graph/core/tests/omnigraph_test_utils.py", line 198, in <module>
    OmniGraphTestCase = test_case_class()
                        ^^^^^^^^^^^^^^^^^
  File "c:/users/kskzz/miniconda3/envs/env_isaaclab/lib/site-packages/isaacsim/extscache/omni.graph-1.141.2+69cbf6ad.wx64.r.cp311/omni/graph/core/tests/omnigraph_test_utils.py", line 135, in test_case_class
    base_class = omni.kit.test.AsyncTestCase
                 ^^^^^^^^^^^^^
AttributeError: cannot access submodule 'test' of module 'omni.kit' (most likely due to a circular import)

2026-08-01T02:19:45Z [5,572ms] [Error] [omni.graph.tools._impl.internal.extension_contents_1_18] Exception while importing test omni.replicator.core.ogn.tests.TestOgnPhysicsSimulate: Traceback (most recent call last):
  File "c:/users/kskzz/miniconda3/envs/env_isaaclab/lib/site-packages/isaacsim/extscache/omni.graph.tools-1.79.2+69cbf6ad/omni/graph/tools/_impl/internal/extension_contents_1_18.py", line 394, in do_import_test_definition
    test_module = load_module_from_file(test_module_name, test_file)
                  ^^^^^^^^^^^^^^^^^^^^^^^^^^^^^^^^^^^^^^^^^^^^^^^^^^
  File "c:/users/kskzz/miniconda3/envs/env_isaaclab/lib/site-packages/isaacsim/extscache/omni.graph.tools-1.79.2+69cbf6ad/omni/graph/tools/_impl/internal/file_utils.py", line 239, in load_module_from_file
    spec.loader.exec_module(module)
  File "<frozen importlib._bootstrap_external>", line 940, in exec_module
  File "<frozen importlib._bootstrap>", line 241, in _call_with_frames_removed
  File "c:\users\kskzz\miniconda3\envs\env_isaaclab\lib\site-packages\isaacsim\kit\cache\ogn_generated\1.79.2\omni.replicator.core-1.12.27\omni.replicator.core\ogn\tests\TestOgnPhysicsSimulate.py", line 4, in <module>
    import omni.graph.core.tests as ogts
  File "c:/users/kskzz/miniconda3/envs/env_isaaclab/lib/site-packages/isaacsim/extscache/omni.graph-1.141.2+69cbf6ad.wx64.r.cp311/omni/graph/core/tests/__init__.py", line 20, in <module>
    from .omnigraph_test_utils import OmniGraphTestCase
  File "c:/users/kskzz/miniconda3/envs/env_isaaclab/lib/site-packages/isaacsim/extscache/omni.graph-1.141.2+69cbf6ad.wx64.r.cp311/omni/graph/core/tests/omnigraph_test_utils.py", line 198, in <module>
    OmniGraphTestCase = test_case_class()
                        ^^^^^^^^^^^^^^^^^
  File "c:/users/kskzz/miniconda3/envs/env_isaaclab/lib/site-packages/isaacsim/extscache/omni.graph-1.141.2+69cbf6ad.wx64.r.cp311/omni/graph/core/tests/omnigraph_test_utils.py", line 135, in test_case_class
    base_class = omni.kit.test.AsyncTestCase
                 ^^^^^^^^^^^^^
AttributeError: module 'omni.kit' has no attribute 'test'

2026-08-01T02:19:45Z [5,580ms] [Error] [omni.graph.tools._impl.internal.extension_contents_1_18] Exception while importing test omni.replicator.core.ogn.tests.TestOgnBindMaterial: Traceback (most recent call last):
  File "c:/users/kskzz/miniconda3/envs/env_isaaclab/lib/site-packages/isaacsim/extscache/omni.graph.tools-1.79.2+69cbf6ad/omni/graph/tools/_impl/internal/extension_contents_1_18.py", line 394, in do_import_test_definition
    test_module = load_module_from_file(test_module_name, test_file)
                  ^^^^^^^^^^^^^^^^^^^^^^^^^^^^^^^^^^^^^^^^^^^^^^^^^^
  File "c:/users/kskzz/miniconda3/envs/env_isaaclab/lib/site-packages/isaacsim/extscache/omni.graph.tools-1.79.2+69cbf6ad/omni/graph/tools/_impl/internal/file_utils.py", line 239, in load_module_from_file
    spec.loader.exec_module(module)
  File "<frozen importlib._bootstrap_external>", line 940, in exec_module
  File "<frozen importlib._bootstrap>", line 241, in _call_with_frames_removed
  File "c:\users\kskzz\miniconda3\envs\env_isaaclab\lib\site-packages\isaacsim\kit\cache\ogn_generated\1.79.2\omni.replicator.core-1.12.27\omni.replicator.core\ogn\tests\TestOgnBindMaterial.py", line 2, in <module>
    import omni.kit.test
  File "c:/users/kskzz/miniconda3/envs/env_isaaclab/lib/site-packages/isaacsim/extscache/omni.kit.test-2.0.1+69cbf6ad.wx64.r.cp311/omni/kit/test/__init__.py", line 7, in <module>
    from . import unittests
  File "c:/users/kskzz/miniconda3/envs/env_isaaclab/lib/site-packages/isaacsim/extscache/omni.kit.test-2.0.1+69cbf6ad.wx64.r.cp311/omni/kit/test/unittests.py", line 23, in <module>
    from .exttests import RunExtTests
  File "c:/users/kskzz/miniconda3/envs/env_isaaclab/lib/site-packages/isaacsim/extscache/omni.kit.test-2.0.1+69cbf6ad.wx64.r.cp311/omni/kit/test/exttests.py", line 31, in <module>
    from .sampling import SamplingFactor
  File "c:/users/kskzz/miniconda3/envs/env_isaaclab/lib/site-packages/isaacsim/extscache/omni.kit.test-2.0.1+69cbf6ad.wx64.r.cp311/omni/kit/test/sampling.py", line 4, in <module>
    from statistics import mean
  File "C:\robotics_sim\wlr_robot\resume_validation_fsm_residual_ppo\src\resume_validation\statistics.py", line 5, in <module>
    from statistics import mean, median, pstdev
ImportError: cannot import name 'mean' from partially initialized module 'statistics' (most likely due to a circular import) (C:\robotics_sim\wlr_robot\resume_validation_fsm_residual_ppo\src\resume_validation\statistics.py)

2026-08-01T02:19:45Z [5,587ms] [Error] [omni.graph.tools._impl.internal.extension_contents_1_18] Exception while importing test omni.replicator.core.ogn.tests.TestOgnWriter: Traceback (most recent call last):
  File "c:/users/kskzz/miniconda3/envs/env_isaaclab/lib/site-packages/isaacsim/extscache/omni.graph.tools-1.79.2+69cbf6ad/omni/graph/tools/_impl/internal/extension_contents_1_18.py", line 394, in do_import_test_definition
    test_module = load_module_from_file(test_module_name, test_file)
                  ^^^^^^^^^^^^^^^^^^^^^^^^^^^^^^^^^^^^^^^^^^^^^^^^^^
  File "c:/users/kskzz/miniconda3/envs/env_isaaclab/lib/site-packages/isaacsim/extscache/omni.graph.tools-1.79.2+69cbf6ad/omni/graph/tools/_impl/internal/file_utils.py", line 239, in load_module_from_file
    spec.loader.exec_module(module)
  File "<frozen importlib._bootstrap_external>", line 940, in exec_module
  File "<frozen importlib._bootstrap>", line 241, in _call_with_frames_removed
  File "c:\users\kskzz\miniconda3\envs\env_isaaclab\lib\site-packages\isaacsim\kit\cache\ogn_generated\1.79.2\omni.replicator.core-1.12.27\omni.replicator.core\ogn\tests\TestOgnWriter.py", line 4, in <module>
    import omni.graph.core.tests as ogts
  File "c:/users/kskzz/miniconda3/envs/env_isaaclab/lib/site-packages/isaacsim/extscache/omni.graph-1.141.2+69cbf6ad.wx64.r.cp311/omni/graph/core/tests/__init__.py", line 20, in <module>
    from .omnigraph_test_utils import OmniGraphTestCase
  File "c:/users/kskzz/miniconda3/envs/env_isaaclab/lib/site-packages/isaacsim/extscache/omni.graph-1.141.2+69cbf6ad.wx64.r.cp311/omni/graph/core/tests/omnigraph_test_utils.py", line 198, in <module>
    OmniGraphTestCase = test_case_class()
                        ^^^^^^^^^^^^^^^^^
  File "c:/users/kskzz/miniconda3/envs/env_isaaclab/lib/site-packages/isaacsim/extscache/omni.graph-1.141.2+69cbf6ad.wx64.r.cp311/omni/graph/core/tests/omnigraph_test_utils.py", line 135, in test_case_class
    base_class = omni.kit.test.AsyncTestCase
                 ^^^^^^^^^^^^^
AttributeError: cannot access submodule 'test' of module 'omni.kit' (most likely due to a circular import)

2026-08-01T02:19:45Z [5,601ms] [Error] [omni.graph.tools._impl.internal.extension_contents_1_18] Exception while importing test omni.replicator.core.ogn.tests.TestOgnPointCloudGenerator: Traceback (most recent call last):
  File "c:/users/kskzz/miniconda3/envs/env_isaaclab/lib/site-packages/isaacsim/extscache/omni.graph.tools-1.79.2+69cbf6ad/omni/graph/tools/_impl/internal/extension_contents_1_18.py", line 394, in do_import_test_definition
    test_module = load_module_from_file(test_module_name, test_file)
                  ^^^^^^^^^^^^^^^^^^^^^^^^^^^^^^^^^^^^^^^^^^^^^^^^^^
  File "c:/users/kskzz/miniconda3/envs/env_isaaclab/lib/site-packages/isaacsim/extscache/omni.graph.tools-1.79.2+69cbf6ad/omni/graph/tools/_impl/internal/file_utils.py", line 239, in load_module_from_file
    spec.loader.exec_module(module)
  File "<frozen importlib._bootstrap_external>", line 940, in exec_module
  File "<frozen importlib._bootstrap>", line 241, in _call_with_frames_removed
  File "c:\users\kskzz\miniconda3\envs\env_isaaclab\lib\site-packages\isaacsim\kit\cache\ogn_generated\1.79.2\omni.replicator.core-1.12.27\omni.replicator.core\ogn\tests\TestOgnPointCloudGenerator.py", line 4, in <module>
    import omni.graph.core.tests as ogts
  File "c:/users/kskzz/miniconda3/envs/env_isaaclab/lib/site-packages/isaacsim/extscache/omni.graph-1.141.2+69cbf6ad.wx64.r.cp311/omni/graph/core/tests/__init__.py", line 20, in <module>
    from .omnigraph_test_utils import OmniGraphTestCase
  File "c:/users/kskzz/miniconda3/envs/env_isaaclab/lib/site-packages/isaacsim/extscache/omni.graph-1.141.2+69cbf6ad.wx64.r.cp311/omni/graph/core/tests/omnigraph_test_utils.py", line 198, in <module>
    OmniGraphTestCase = test_case_class()
                        ^^^^^^^^^^^^^^^^^
  File "c:/users/kskzz/miniconda3/envs/env_isaaclab/lib/site-packages/isaacsim/extscache/omni.graph-1.141.2+69cbf6ad.wx64.r.cp311/omni/graph/core/tests/omnigraph_test_utils.py", line 135, in test_case_class
    base_class = omni.kit.test.AsyncTestCase
                 ^^^^^^^^^^^^^
AttributeError: cannot access submodule 'test' of module 'omni.kit' (most likely due to a circular import)

2026-08-01T02:19:45Z [5,610ms] [Error] [omni.graph.tools._impl.internal.extension_contents_1_18] Exception while importing test omni.replicator.core.ogn.tests.TestOgnWriteSemantics: Traceback (most recent call last):
  File "c:/users/kskzz/miniconda3/envs/env_isaaclab/lib/site-packages/isaacsim/extscache/omni.graph.tools-1.79.2+69cbf6ad/omni/graph/tools/_impl/internal/extension_contents_1_18.py", line 394, in do_import_test_definition
    test_module = load_module_from_file(test_module_name, test_file)
                  ^^^^^^^^^^^^^^^^^^^^^^^^^^^^^^^^^^^^^^^^^^^^^^^^^^
  File "c:/users/kskzz/miniconda3/envs/env_isaaclab/lib/site-packages/isaacsim/extscache/omni.graph.tools-1.79.2+69cbf6ad/omni/graph/tools/_impl/internal/file_utils.py", line 239, in load_module_from_file
    spec.loader.exec_module(module)
  File "<frozen importlib._bootstrap_external>", line 940, in exec_module
  File "<frozen importlib._bootstrap>", line 241, in _call_with_frames_removed
  File "c:\users\kskzz\miniconda3\envs\env_isaaclab\lib\site-packages\isaacsim\kit\cache\ogn_generated\1.79.2\omni.replicator.core-1.12.27\omni.replicator.core\ogn\tests\TestOgnWriteSemantics.py", line 4, in <module>
    import omni.graph.core.tests as ogts
  File "c:/users/kskzz/miniconda3/envs/env_isaaclab/lib/site-packages/isaacsim/extscache/omni.graph-1.141.2+69cbf6ad.wx64.r.cp311/omni/graph/core/tests/__init__.py", line 20, in <module>
    from .omnigraph_test_utils import OmniGraphTestCase
  File "c:/users/kskzz/miniconda3/envs/env_isaaclab/lib/site-packages/isaacsim/extscache/omni.graph-1.141.2+69cbf6ad.wx64.r.cp311/omni/graph/core/tests/omnigraph_test_utils.py", line 198, in <module>
    OmniGraphTestCase = test_case_class()
                        ^^^^^^^^^^^^^^^^^
  File "c:/users/kskzz/miniconda3/envs/env_isaaclab/lib/site-packages/isaacsim/extscache/omni.graph-1.141.2+69cbf6ad.wx64.r.cp311/omni/graph/core/tests/omnigraph_test_utils.py", line 135, in test_case_class
    base_class = omni.kit.test.AsyncTestCase
                 ^^^^^^^^^^^^^
AttributeError: cannot access submodule 'test' of module 'omni.kit' (most likely due to a circular import)

2026-08-01T02:19:45Z [5,617ms] [Error] [omni.graph.tools._impl.internal.extension_contents_1_18] Exception while importing test omni.replicator.core.ogn.tests.TestOgnBoundingBoxLegacy: Traceback (most recent call last):
  File "c:/users/kskzz/miniconda3/envs/env_isaaclab/lib/site-packages/isaacsim/extscache/omni.graph.tools-1.79.2+69cbf6ad/omni/graph/tools/_impl/internal/extension_contents_1_18.py", line 394, in do_import_test_definition
    test_module = load_module_from_file(test_module_name, test_file)
                  ^^^^^^^^^^^^^^^^^^^^^^^^^^^^^^^^^^^^^^^^^^^^^^^^^^
  File "c:/users/kskzz/miniconda3/envs/env_isaaclab/lib/site-packages/isaacsim/extscache/omni.graph.tools-1.79.2+69cbf6ad/omni/graph/tools/_impl/internal/file_utils.py", line 239, in load_module_from_file
    spec.loader.exec_module(module)
  File "<frozen importlib._bootstrap_external>", line 940, in exec_module
  File "<frozen importlib._bootstrap>", line 241, in _call_with_frames_removed
  File "c:\users\kskzz\miniconda3\envs\env_isaaclab\lib\site-packages\isaacsim\kit\cache\ogn_generated\1.79.2\omni.replicator.core-1.12.27\omni.replicator.core\ogn\tests\TestOgnBoundingBoxLegacy.py", line 4, in <module>
    import omni.graph.core.tests as ogts
  File "c:/users/kskzz/miniconda3/envs/env_isaaclab/lib/site-packages/isaacsim/extscache/omni.graph-1.141.2+69cbf6ad.wx64.r.cp311/omni/graph/core/tests/__init__.py", line 20, in <module>
    from .omnigraph_test_utils import OmniGraphTestCase
  File "c:/users/kskzz/miniconda3/envs/env_isaaclab/lib/site-packages/isaacsim/extscache/omni.graph-1.141.2+69cbf6ad.wx64.r.cp311/omni/graph/core/tests/omnigraph_test_utils.py", line 198, in <module>
    OmniGraphTestCase = test_case_class()
                        ^^^^^^^^^^^^^^^^^
  File "c:/users/kskzz/miniconda3/envs/env_isaaclab/lib/site-packages/isaacsim/extscache/omni.graph-1.141.2+69cbf6ad.wx64.r.cp311/omni/graph/core/tests/omnigraph_test_utils.py", line 135, in test_case_class
    base_class = omni.kit.test.AsyncTestCase
                 ^^^^^^^^^^^^^
AttributeError: cannot access submodule 'test' of module 'omni.kit' (most likely due to a circular import)

2026-08-01T02:19:45Z [5,624ms] [Error] [omni.graph.tools._impl.internal.extension_contents_1_18] Exception while importing test omni.replicator.core.ogn.tests.TestOgnSampleChoice: Traceback (most recent call last):
  File "c:/users/kskzz/miniconda3/envs/env_isaaclab/lib/site-packages/isaacsim/extscache/omni.graph.tools-1.79.2+69cbf6ad/omni/graph/tools/_impl/internal/extension_contents_1_18.py", line 394, in do_import_test_definition
    test_module = load_module_from_file(test_module_name, test_file)
                  ^^^^^^^^^^^^^^^^^^^^^^^^^^^^^^^^^^^^^^^^^^^^^^^^^^
  File "c:/users/kskzz/miniconda3/envs/env_isaaclab/lib/site-packages/isaacsim/extscache/omni.graph.tools-1.79.2+69cbf6ad/omni/graph/tools/_impl/internal/file_utils.py", line 239, in load_module_from_file
    spec.loader.exec_module(module)
  File "<frozen importlib._bootstrap_external>", line 940, in exec_module
  File "<frozen importlib._bootstrap>", line 241, in _call_with_frames_removed
  File "c:\users\kskzz\miniconda3\envs\env_isaaclab\lib\site-packages\isaacsim\kit\cache\ogn_generated\1.79.2\omni.replicator.core-1.12.27\omni.replicator.core\ogn\tests\TestOgnSampleChoice.py", line 4, in <module>
    import omni.graph.core.tests as ogts
  File "c:/users/kskzz/miniconda3/envs/env_isaaclab/lib/site-packages/isaacsim/extscache/omni.graph-1.141.2+69cbf6ad.wx64.r.cp311/omni/graph/core/tests/__init__.py", line 20, in <module>
    from .omnigraph_test_utils import OmniGraphTestCase
  File "c:/users/kskzz/miniconda3/envs/env_isaaclab/lib/site-packages/isaacsim/extscache/omni.graph-1.141.2+69cbf6ad.wx64.r.cp311/omni/graph/core/tests/omnigraph_test_utils.py", line 198, in <module>
    OmniGraphTestCase = test_case_class()
                        ^^^^^^^^^^^^^^^^^
  File "c:/users/kskzz/miniconda3/envs/env_isaaclab/lib/site-packages/isaacsim/extscache/omni.graph-1.141.2+69cbf6ad.wx64.r.cp311/omni/graph/core/tests/omnigraph_test_utils.py", line 135, in test_case_class
    base_class = omni.kit.test.AsyncTestCase
                 ^^^^^^^^^^^^^
AttributeError: cannot access submodule 'test' of module 'omni.kit' (most likely due to a circular import)

2026-08-01T02:19:45Z [5,631ms] [Error] [omni.graph.tools._impl.internal.extension_contents_1_18] Exception while importing test omni.replicator.core.ogn.tests.TestOgnCameraRelativePosition: Traceback (most recent call last):
  File "c:/users/kskzz/miniconda3/envs/env_isaaclab/lib/site-packages/isaacsim/extscache/omni.graph.tools-1.79.2+69cbf6ad/omni/graph/tools/_impl/internal/extension_contents_1_18.py", line 394, in do_import_test_definition
    test_module = load_module_from_file(test_module_name, test_file)
                  ^^^^^^^^^^^^^^^^^^^^^^^^^^^^^^^^^^^^^^^^^^^^^^^^^^
  File "c:/users/kskzz/miniconda3/envs/env_isaaclab/lib/site-packages/isaacsim/extscache/omni.graph.tools-1.79.2+69cbf6ad/omni/graph/tools/_impl/internal/file_utils.py", line 239, in load_module_from_file
    spec.loader.exec_module(module)
  File "<frozen importlib._bootstrap_external>", line 940, in exec_module
  File "<frozen importlib._bootstrap>", line 241, in _call_with_frames_removed
  File "c:\users\kskzz\miniconda3\envs\env_isaaclab\lib\site-packages\isaacsim\kit\cache\ogn_generated\1.79.2\omni.replicator.core-1.12.27\omni.replicator.core\ogn\tests\TestOgnCameraRelativePosition.py", line 4, in <module>
    import omni.graph.core.tests as ogts
  File "c:/users/kskzz/miniconda3/envs/env_isaaclab/lib/site-packages/isaacsim/extscache/omni.graph-1.141.2+69cbf6ad.wx64.r.cp311/omni/graph/core/tests/__init__.py", line 20, in <module>
    from .omnigraph_test_utils import OmniGraphTestCase
  File "c:/users/kskzz/miniconda3/envs/env_isaaclab/lib/site-packages/isaacsim/extscache/omni.graph-1.141.2+69cbf6ad.wx64.r.cp311/omni/graph/core/tests/omnigraph_test_utils.py", line 198, in <module>
    OmniGraphTestCase = test_case_class()
                        ^^^^^^^^^^^^^^^^^
  File "c:/users/kskzz/miniconda3/envs/env_isaaclab/lib/site-packages/isaacsim/extscache/omni.graph-1.141.2+69cbf6ad.wx64.r.cp311/omni/graph/core/tests/omnigraph_test_utils.py", line 135, in test_case_class
    base_class = omni.kit.test.AsyncTestCase
                 ^^^^^^^^^^^^^
AttributeError: module 'omni.kit' has no attribute 'test'

2026-08-01T02:19:45Z [5,639ms] [Error] [omni.graph.tools._impl.internal.extension_contents_1_18] Exception while importing test omni.replicator.core.ogn.tests.TestOgnSampleChoicePrim: Traceback (most recent call last):
  File "c:/users/kskzz/miniconda3/envs/env_isaaclab/lib/site-packages/isaacsim/extscache/omni.graph.tools-1.79.2+69cbf6ad/omni/graph/tools/_impl/internal/extension_contents_1_18.py", line 394, in do_import_test_definition
    test_module = load_module_from_file(test_module_name, test_file)
                  ^^^^^^^^^^^^^^^^^^^^^^^^^^^^^^^^^^^^^^^^^^^^^^^^^^
  File "c:/users/kskzz/miniconda3/envs/env_isaaclab/lib/site-packages/isaacsim/extscache/omni.graph.tools-1.79.2+69cbf6ad/omni/graph/tools/_impl/internal/file_utils.py", line 239, in load_module_from_file
    spec.loader.exec_module(module)
  File "<frozen importlib._bootstrap_external>", line 940, in exec_module
  File "<frozen importlib._bootstrap>", line 241, in _call_with_frames_removed
  File "c:\users\kskzz\miniconda3\envs\env_isaaclab\lib\site-packages\isaacsim\kit\cache\ogn_generated\1.79.2\omni.replicator.core-1.12.27\omni.replicator.core\ogn\tests\TestOgnSampleChoicePrim.py", line 2, in <module>
    import omni.kit.test
  File "c:/users/kskzz/miniconda3/envs/env_isaaclab/lib/site-packages/isaacsim/extscache/omni.kit.test-2.0.1+69cbf6ad.wx64.r.cp311/omni/kit/test/__init__.py", line 7, in <module>
    from . import unittests
  File "c:/users/kskzz/miniconda3/envs/env_isaaclab/lib/site-packages/isaacsim/extscache/omni.kit.test-2.0.1+69cbf6ad.wx64.r.cp311/omni/kit/test/unittests.py", line 23, in <module>
    from .exttests import RunExtTests
  File "c:/users/kskzz/miniconda3/envs/env_isaaclab/lib/site-packages/isaacsim/extscache/omni.kit.test-2.0.1+69cbf6ad.wx64.r.cp311/omni/kit/test/exttests.py", line 31, in <module>
    from .sampling import SamplingFactor
  File "c:/users/kskzz/miniconda3/envs/env_isaaclab/lib/site-packages/isaacsim/extscache/omni.kit.test-2.0.1+69cbf6ad.wx64.r.cp311/omni/kit/test/sampling.py", line 4, in <module>
    from statistics import mean
  File "C:\robotics_sim\wlr_robot\resume_validation_fsm_residual_ppo\src\resume_validation\statistics.py", line 5, in <module>
    from statistics import mean, median, pstdev
ImportError: cannot import name 'mean' from partially initialized module 'statistics' (most likely due to a circular import) (C:\robotics_sim\wlr_robot\resume_validation_fsm_residual_ppo\src\resume_validation\statistics.py)

2026-08-01T02:19:45Z [5,647ms] [Error] [omni.graph.tools._impl.internal.extension_contents_1_18] Exception while importing test omni.replicator.core.ogn.tests.TestOgnConditionScript: Traceback (most recent call last):
  File "c:/users/kskzz/miniconda3/envs/env_isaaclab/lib/site-packages/isaacsim/extscache/omni.graph.tools-1.79.2+69cbf6ad/omni/graph/tools/_impl/internal/extension_contents_1_18.py", line 394, in do_import_test_definition
    test_module = load_module_from_file(test_module_name, test_file)
                  ^^^^^^^^^^^^^^^^^^^^^^^^^^^^^^^^^^^^^^^^^^^^^^^^^^
  File "c:/users/kskzz/miniconda3/envs/env_isaaclab/lib/site-packages/isaacsim/extscache/omni.graph.tools-1.79.2+69cbf6ad/omni/graph/tools/_impl/internal/file_utils.py", line 239, in load_module_from_file
    spec.loader.exec_module(module)
  File "<frozen importlib._bootstrap_external>", line 940, in exec_module
  File "<frozen importlib._bootstrap>", line 241, in _call_with_frames_removed
  File "c:\users\kskzz\miniconda3\envs\env_isaaclab\lib\site-packages\isaacsim\kit\cache\ogn_generated\1.79.2\omni.replicator.core-1.12.27\omni.replicator.core\ogn\tests\TestOgnConditionScript.py", line 4, in <module>
    import omni.graph.core.tests as ogts
  File "c:/users/kskzz/miniconda3/envs/env_isaaclab/lib/site-packages/isaacsim/extscache/omni.graph-1.141.2+69cbf6ad.wx64.r.cp311/omni/graph/core/tests/__init__.py", line 20, in <module>
    from .omnigraph_test_utils import OmniGraphTestCase
  File "c:/users/kskzz/miniconda3/envs/env_isaaclab/lib/site-packages/isaacsim/extscache/omni.graph-1.141.2+69cbf6ad.wx64.r.cp311/omni/graph/core/tests/omnigraph_test_utils.py", line 198, in <module>
    OmniGraphTestCase = test_case_class()
                        ^^^^^^^^^^^^^^^^^
  File "c:/users/kskzz/miniconda3/envs/env_isaaclab/lib/site-packages/isaacsim/extscache/omni.graph-1.141.2+69cbf6ad.wx64.r.cp311/omni/graph/core/tests/omnigraph_test_utils.py", line 135, in test_case_class
    base_class = omni.kit.test.AsyncTestCase
                 ^^^^^^^^^^^^^
AttributeError: cannot access submodule 'test' of module 'omni.kit' (most likely due to a circular import)

2026-08-01T02:19:46Z [5,655ms] [Error] [omni.graph.tools._impl.internal.extension_contents_1_18] Exception while importing test omni.replicator.core.ogn.tests.TestOgnSampleCombine: Traceback (most recent call last):
  File "c:/users/kskzz/miniconda3/envs/env_isaaclab/lib/site-packages/isaacsim/extscache/omni.graph.tools-1.79.2+69cbf6ad/omni/graph/tools/_impl/internal/extension_contents_1_18.py", line 394, in do_import_test_definition
    test_module = load_module_from_file(test_module_name, test_file)
                  ^^^^^^^^^^^^^^^^^^^^^^^^^^^^^^^^^^^^^^^^^^^^^^^^^^
  File "c:/users/kskzz/miniconda3/envs/env_isaaclab/lib/site-packages/isaacsim/extscache/omni.graph.tools-1.79.2+69cbf6ad/omni/graph/tools/_impl/internal/file_utils.py", line 239, in load_module_from_file
    spec.loader.exec_module(module)
  File "<frozen importlib._bootstrap_external>", line 940, in exec_module
  File "<frozen importlib._bootstrap>", line 241, in _call_with_frames_removed
  File "c:\users\kskzz\miniconda3\envs\env_isaaclab\lib\site-packages\isaacsim\kit\cache\ogn_generated\1.79.2\omni.replicator.core-1.12.27\omni.replicator.core\ogn\tests\TestOgnSampleCombine.py", line 4, in <module>
    import omni.graph.core.tests as ogts
  File "c:/users/kskzz/miniconda3/envs/env_isaaclab/lib/site-packages/isaacsim/extscache/omni.graph-1.141.2+69cbf6ad.wx64.r.cp311/omni/graph/core/tests/__init__.py", line 20, in <module>
    from .omnigraph_test_utils import OmniGraphTestCase
  File "c:/users/kskzz/miniconda3/envs/env_isaaclab/lib/site-packages/isaacsim/extscache/omni.graph-1.141.2+69cbf6ad.wx64.r.cp311/omni/graph/core/tests/omnigraph_test_utils.py", line 198, in <module>
    OmniGraphTestCase = test_case_class()
                        ^^^^^^^^^^^^^^^^^
  File "c:/users/kskzz/miniconda3/envs/env_isaaclab/lib/site-packages/isaacsim/extscache/omni.graph-1.141.2+69cbf6ad.wx64.r.cp311/omni/graph/core/tests/omnigraph_test_utils.py", line 135, in test_case_class
    base_class = omni.kit.test.AsyncTestCase
                 ^^^^^^^^^^^^^
AttributeError: cannot access submodule 'test' of module 'omni.kit' (most likely due to a circular import)

2026-08-01T02:19:46Z [5,663ms] [Error] [omni.graph.tools._impl.internal.extension_contents_1_18] Exception while importing test omni.replicator.core.ogn.tests.TestOgnCreateProjectionMaterial: Traceback (most recent call last):
  File "c:/users/kskzz/miniconda3/envs/env_isaaclab/lib/site-packages/isaacsim/extscache/omni.graph.tools-1.79.2+69cbf6ad/omni/graph/tools/_impl/internal/extension_contents_1_18.py", line 394, in do_import_test_definition
    test_module = load_module_from_file(test_module_name, test_file)
                  ^^^^^^^^^^^^^^^^^^^^^^^^^^^^^^^^^^^^^^^^^^^^^^^^^^
  File "c:/users/kskzz/miniconda3/envs/env_isaaclab/lib/site-packages/isaacsim/extscache/omni.graph.tools-1.79.2+69cbf6ad/omni/graph/tools/_impl/internal/file_utils.py", line 239, in load_module_from_file
    spec.loader.exec_module(module)
  File "<frozen importlib._bootstrap_external>", line 940, in exec_module
  File "<frozen importlib._bootstrap>", line 241, in _call_with_frames_removed
  File "c:\users\kskzz\miniconda3\envs\env_isaaclab\lib\site-packages\isaacsim\kit\cache\ogn_generated\1.79.2\omni.replicator.core-1.12.27\omni.replicator.core\ogn\tests\TestOgnCreateProjectionMaterial.py", line 4, in <module>
    import omni.graph.core.tests as ogts
  File "c:/users/kskzz/miniconda3/envs/env_isaaclab/lib/site-packages/isaacsim/extscache/omni.graph-1.141.2+69cbf6ad.wx64.r.cp311/omni/graph/core/tests/__init__.py", line 20, in <module>
    from .omnigraph_test_utils import OmniGraphTestCase
  File "c:/users/kskzz/miniconda3/envs/env_isaaclab/lib/site-packages/isaacsim/extscache/omni.graph-1.141.2+69cbf6ad.wx64.r.cp311/omni/graph/core/tests/omnigraph_test_utils.py", line 198, in <module>
    OmniGraphTestCase = test_case_class()
                        ^^^^^^^^^^^^^^^^^
  File "c:/users/kskzz/miniconda3/envs/env_isaaclab/lib/site-packages/isaacsim/extscache/omni.graph-1.141.2+69cbf6ad.wx64.r.cp311/omni/graph/core/tests/omnigraph_test_utils.py", line 135, in test_case_class
    base_class = omni.kit.test.AsyncTestCase
                 ^^^^^^^^^^^^^
AttributeError: cannot access submodule 'test' of module 'omni.kit' (most likely due to a circular import)

2026-08-01T02:19:46Z [5,672ms] [Error] [omni.graph.tools._impl.internal.extension_contents_1_18] Exception while importing test omni.replicator.core.ogn.tests.TestOgnSampleLight: Traceback (most recent call last):
  File "c:/users/kskzz/miniconda3/envs/env_isaaclab/lib/site-packages/isaacsim/extscache/omni.graph.tools-1.79.2+69cbf6ad/omni/graph/tools/_impl/internal/extension_contents_1_18.py", line 394, in do_import_test_definition
    test_module = load_module_from_file(test_module_name, test_file)
                  ^^^^^^^^^^^^^^^^^^^^^^^^^^^^^^^^^^^^^^^^^^^^^^^^^^
  File "c:/users/kskzz/miniconda3/envs/env_isaaclab/lib/site-packages/isaacsim/extscache/omni.graph.tools-1.79.2+69cbf6ad/omni/graph/tools/_impl/internal/file_utils.py", line 239, in load_module_from_file
    spec.loader.exec_module(module)
  File "<frozen importlib._bootstrap_external>", line 940, in exec_module
  File "<frozen importlib._bootstrap>", line 241, in _call_with_frames_removed
  File "c:\users\kskzz\miniconda3\envs\env_isaaclab\lib\site-packages\isaacsim\kit\cache\ogn_generated\1.79.2\omni.replicator.core-1.12.27\omni.replicator.core\ogn\tests\TestOgnSampleLight.py", line 2, in <module>
    import omni.kit.test
  File "c:/users/kskzz/miniconda3/envs/env_isaaclab/lib/site-packages/isaacsim/extscache/omni.kit.test-2.0.1+69cbf6ad.wx64.r.cp311/omni/kit/test/__init__.py", line 7, in <module>
    from . import unittests
  File "c:/users/kskzz/miniconda3/envs/env_isaaclab/lib/site-packages/isaacsim/extscache/omni.kit.test-2.0.1+69cbf6ad.wx64.r.cp311/omni/kit/test/unittests.py", line 23, in <module>
    from .exttests import RunExtTests
  File "c:/users/kskzz/miniconda3/envs/env_isaaclab/lib/site-packages/isaacsim/extscache/omni.kit.test-2.0.1+69cbf6ad.wx64.r.cp311/omni/kit/test/exttests.py", line 31, in <module>
    from .sampling import SamplingFactor
  File "c:/users/kskzz/miniconda3/envs/env_isaaclab/lib/site-packages/isaacsim/extscache/omni.kit.test-2.0.1+69cbf6ad.wx64.r.cp311/omni/kit/test/sampling.py", line 4, in <module>
    from statistics import mean
  File "C:\robotics_sim\wlr_robot\resume_validation_fsm_residual_ppo\src\resume_validation\statistics.py", line 5, in <module>
    from statistics import mean, median, pstdev
ImportError: cannot import name 'mean' from partially initialized module 'statistics' (most likely due to a circular import) (C:\robotics_sim\wlr_robot\resume_validation_fsm_residual_ppo\src\resume_validation\statistics.py)

2026-08-01T02:19:46Z [6,309ms] [Error] [omni.graph.tools._impl.internal.extension_contents_1_18] Exception while importing test omni.replicator.core.ogn.tests.TestOgnDecal: Traceback (most recent call last):
  File "c:/users/kskzz/miniconda3/envs/env_isaaclab/lib/site-packages/isaacsim/extscache/omni.graph.tools-1.79.2+69cbf6ad/omni/graph/tools/_impl/internal/extension_contents_1_18.py", line 394, in do_import_test_definition
    test_module = load_module_from_file(test_module_name, test_file)
                  ^^^^^^^^^^^^^^^^^^^^^^^^^^^^^^^^^^^^^^^^^^^^^^^^^^
  File "c:/users/kskzz/miniconda3/envs/env_isaaclab/lib/site-packages/isaacsim/extscache/omni.graph.tools-1.79.2+69cbf6ad/omni/graph/tools/_impl/internal/file_utils.py", line 239, in load_module_from_file
    spec.loader.exec_module(module)
  File "<frozen importlib._bootstrap_external>", line 940, in exec_module
  File "<frozen importlib._bootstrap>", line 241, in _call_with_frames_removed
  File "c:\users\kskzz\miniconda3\envs\env_isaaclab\lib\site-packages\isaacsim\kit\cache\ogn_generated\1.79.2\omni.replicator.core-1.12.27\omni.replicator.core\ogn\tests\TestOgnDecal.py", line 2, in <module>
    import omni.kit.test
  File "c:/users/kskzz/miniconda3/envs/env_isaaclab/lib/site-packages/isaacsim/extscache/omni.kit.test-2.0.1+69cbf6ad.wx64.r.cp311/omni/kit/test/__init__.py", line 7, in <module>
    from . import unittests
  File "c:/users/kskzz/miniconda3/envs/env_isaaclab/lib/site-packages/isaacsim/extscache/omni.kit.test-2.0.1+69cbf6ad.wx64.r.cp311/omni/kit/test/unittests.py", line 23, in <module>
    from .exttests import RunExtTests
  File "c:/users/kskzz/miniconda3/envs/env_isaaclab/lib/site-packages/isaacsim/extscache/omni.kit.test-2.0.1+69cbf6ad.wx64.r.cp311/omni/kit/test/exttests.py", line 31, in <module>
    from .sampling import SamplingFactor
  File "c:/users/kskzz/miniconda3/envs/env_isaaclab/lib/site-packages/isaacsim/extscache/omni.kit.test-2.0.1+69cbf6ad.wx64.r.cp311/omni/kit/test/sampling.py", line 4, in <module>
    from statistics import mean
  File "C:\robotics_sim\wlr_robot\resume_validation_fsm_residual_ppo\src\resume_validation\statistics.py", line 5, in <module>
    from statistics import mean, median, pstdev
ImportError: cannot import name 'mean' from partially initialized module 'statistics' (most likely due to a circular import) (C:\robotics_sim\wlr_robot\resume_validation_fsm_residual_ppo\src\resume_validation\statistics.py)

2026-08-01T02:19:46Z [6,316ms] [Error] [omni.graph.tools._impl.internal.extension_contents_1_18] Exception while importing test omni.replicator.core.ogn.tests.TestOgnGetPrimAtPath: Traceback (most recent call last):
  File "c:/users/kskzz/miniconda3/envs/env_isaaclab/lib/site-packages/isaacsim/extscache/omni.graph.tools-1.79.2+69cbf6ad/omni/graph/tools/_impl/internal/extension_contents_1_18.py", line 394, in do_import_test_definition
    test_module = load_module_from_file(test_module_name, test_file)
                  ^^^^^^^^^^^^^^^^^^^^^^^^^^^^^^^^^^^^^^^^^^^^^^^^^^
  File "c:/users/kskzz/miniconda3/envs/env_isaaclab/lib/site-packages/isaacsim/extscache/omni.graph.tools-1.79.2+69cbf6ad/omni/graph/tools/_impl/internal/file_utils.py", line 239, in load_module_from_file
    spec.loader.exec_module(module)
  File "<frozen importlib._bootstrap_external>", line 940, in exec_module
  File "<frozen importlib._bootstrap>", line 241, in _call_with_frames_removed
  File "c:\users\kskzz\miniconda3\envs\env_isaaclab\lib\site-packages\isaacsim\kit\cache\ogn_generated\1.79.2\omni.replicator.core-1.12.27\omni.replicator.core\ogn\tests\TestOgnGetPrimAtPath.py", line 2, in <module>
    import omni.kit.test
  File "c:/users/kskzz/miniconda3/envs/env_isaaclab/lib/site-packages/isaacsim/extscache/omni.kit.test-2.0.1+69cbf6ad.wx64.r.cp311/omni/kit/test/__init__.py", line 7, in <module>
    from . import unittests
  File "c:/users/kskzz/miniconda3/envs/env_isaaclab/lib/site-packages/isaacsim/extscache/omni.kit.test-2.0.1+69cbf6ad.wx64.r.cp311/omni/kit/test/unittests.py", line 23, in <module>
    from .exttests import RunExtTests
  File "c:/users/kskzz/miniconda3/envs/env_isaaclab/lib/site-packages/isaacsim/extscache/omni.kit.test-2.0.1+69cbf6ad.wx64.r.cp311/omni/kit/test/exttests.py", line 31, in <module>
    from .sampling import SamplingFactor
  File "c:/users/kskzz/miniconda3/envs/env_isaaclab/lib/site-packages/isaacsim/extscache/omni.kit.test-2.0.1+69cbf6ad.wx64.r.cp311/omni/kit/test/sampling.py", line 4, in <module>
    from statistics import mean
  File "C:\robotics_sim\wlr_robot\resume_validation_fsm_residual_ppo\src\resume_validation\statistics.py", line 5, in <module>
    from statistics import mean, median, pstdev
ImportError: cannot import name 'mean' from partially initialized module 'statistics' (most likely due to a circular import) (C:\robotics_sim\wlr_robot\resume_validation_fsm_residual_ppo\src\resume_validation\statistics.py)

2026-08-01T02:19:46Z [6,321ms] [Error] [omni.graph.tools._impl.internal.extension_contents_1_18] Exception while importing test omni.replicator.core.ogn.tests.TestOgnSampleLogUniform: Traceback (most recent call last):
  File "c:/users/kskzz/miniconda3/envs/env_isaaclab/lib/site-packages/isaacsim/extscache/omni.graph.tools-1.79.2+69cbf6ad/omni/graph/tools/_impl/internal/extension_contents_1_18.py", line 394, in do_import_test_definition
    test_module = load_module_from_file(test_module_name, test_file)
                  ^^^^^^^^^^^^^^^^^^^^^^^^^^^^^^^^^^^^^^^^^^^^^^^^^^
  File "c:/users/kskzz/miniconda3/envs/env_isaaclab/lib/site-packages/isaacsim/extscache/omni.graph.tools-1.79.2+69cbf6ad/omni/graph/tools/_impl/internal/file_utils.py", line 239, in load_module_from_file
    spec.loader.exec_module(module)
  File "<frozen importlib._bootstrap_external>", line 940, in exec_module
  File "<frozen importlib._bootstrap>", line 241, in _call_with_frames_removed
  File "c:\users\kskzz\miniconda3\envs\env_isaaclab\lib\site-packages\isaacsim\kit\cache\ogn_generated\1.79.2\omni.replicator.core-1.12.27\omni.replicator.core\ogn\tests\TestOgnSampleLogUniform.py", line 2, in <module>
    import omni.kit.test
  File "c:/users/kskzz/miniconda3/envs/env_isaaclab/lib/site-packages/isaacsim/extscache/omni.kit.test-2.0.1+69cbf6ad.wx64.r.cp311/omni/kit/test/__init__.py", line 7, in <module>
    from . import unittests
  File "c:/users/kskzz/miniconda3/envs/env_isaaclab/lib/site-packages/isaacsim/extscache/omni.kit.test-2.0.1+69cbf6ad.wx64.r.cp311/omni/kit/test/unittests.py", line 23, in <module>
    from .exttests import RunExtTests
  File "c:/users/kskzz/miniconda3/envs/env_isaaclab/lib/site-packages/isaacsim/extscache/omni.kit.test-2.0.1+69cbf6ad.wx64.r.cp311/omni/kit/test/exttests.py", line 31, in <module>
    from .sampling import SamplingFactor
  File "c:/users/kskzz/miniconda3/envs/env_isaaclab/lib/site-packages/isaacsim/extscache/omni.kit.test-2.0.1+69cbf6ad.wx64.r.cp311/omni/kit/test/sampling.py", line 4, in <module>
    from statistics import mean
  File "C:\robotics_sim\wlr_robot\resume_validation_fsm_residual_ppo\src\resume_validation\statistics.py", line 5, in <module>
    from statistics import mean, median, pstdev
ImportError: cannot import name 'mean' from partially initialized module 'statistics' (most likely due to a circular import) (C:\robotics_sim\wlr_robot\resume_validation_fsm_residual_ppo\src\resume_validation\statistics.py)

2026-08-01T02:19:46Z [6,329ms] [Error] [omni.graph.tools._impl.internal.extension_contents_1_18] Exception while importing test omni.replicator.core.ogn.tests.TestOgnGetPrims: Traceback (most recent call last):
  File "c:/users/kskzz/miniconda3/envs/env_isaaclab/lib/site-packages/isaacsim/extscache/omni.graph.tools-1.79.2+69cbf6ad/omni/graph/tools/_impl/internal/extension_contents_1_18.py", line 394, in do_import_test_definition
    test_module = load_module_from_file(test_module_name, test_file)
                  ^^^^^^^^^^^^^^^^^^^^^^^^^^^^^^^^^^^^^^^^^^^^^^^^^^
  File "c:/users/kskzz/miniconda3/envs/env_isaaclab/lib/site-packages/isaacsim/extscache/omni.graph.tools-1.79.2+69cbf6ad/omni/graph/tools/_impl/internal/file_utils.py", line 239, in load_module_from_file
    spec.loader.exec_module(module)
  File "<frozen importlib._bootstrap_external>", line 940, in exec_module
  File "<frozen importlib._bootstrap>", line 241, in _call_with_frames_removed
  File "c:\users\kskzz\miniconda3\envs\env_isaaclab\lib\site-packages\isaacsim\kit\cache\ogn_generated\1.79.2\omni.replicator.core-1.12.27\omni.replicator.core\ogn\tests\TestOgnGetPrims.py", line 2, in <module>
    import omni.kit.test
  File "c:/users/kskzz/miniconda3/envs/env_isaaclab/lib/site-packages/isaacsim/extscache/omni.kit.test-2.0.1+69cbf6ad.wx64.r.cp311/omni/kit/test/__init__.py", line 7, in <module>
    from . import unittests
  File "c:/users/kskzz/miniconda3/envs/env_isaaclab/lib/site-packages/isaacsim/extscache/omni.kit.test-2.0.1+69cbf6ad.wx64.r.cp311/omni/kit/test/unittests.py", line 23, in <module>
    from .exttests import RunExtTests
  File "c:/users/kskzz/miniconda3/envs/env_isaaclab/lib/site-packages/isaacsim/extscache/omni.kit.test-2.0.1+69cbf6ad.wx64.r.cp311/omni/kit/test/exttests.py", line 31, in <module>
    from .sampling import SamplingFactor
  File "c:/users/kskzz/miniconda3/envs/env_isaaclab/lib/site-packages/isaacsim/extscache/omni.kit.test-2.0.1+69cbf6ad.wx64.r.cp311/omni/kit/test/sampling.py", line 4, in <module>
    from statistics import mean
  File "C:\robotics_sim\wlr_robot\resume_validation_fsm_residual_ppo\src\resume_validation\statistics.py", line 5, in <module>
    from statistics import mean, median, pstdev
ImportError: cannot import name 'mean' from partially initialized module 'statistics' (most likely due to a circular import) (C:\robotics_sim\wlr_robot\resume_validation_fsm_residual_ppo\src\resume_validation\statistics.py)

2026-08-01T02:19:46Z [6,336ms] [Error] [omni.graph.tools._impl.internal.extension_contents_1_18] Exception while importing test omni.replicator.core.ogn.tests.TestOgnSampleMaterial: Traceback (most recent call last):
  File "c:/users/kskzz/miniconda3/envs/env_isaaclab/lib/site-packages/isaacsim/extscache/omni.graph.tools-1.79.2+69cbf6ad/omni/graph/tools/_impl/internal/extension_contents_1_18.py", line 394, in do_import_test_definition
    test_module = load_module_from_file(test_module_name, test_file)
                  ^^^^^^^^^^^^^^^^^^^^^^^^^^^^^^^^^^^^^^^^^^^^^^^^^^
  File "c:/users/kskzz/miniconda3/envs/env_isaaclab/lib/site-packages/isaacsim/extscache/omni.graph.tools-1.79.2+69cbf6ad/omni/graph/tools/_impl/internal/file_utils.py", line 239, in load_module_from_file
    spec.loader.exec_module(module)
  File "<frozen importlib._bootstrap_external>", line 940, in exec_module
  File "<frozen importlib._bootstrap>", line 241, in _call_with_frames_removed
  File "c:\users\kskzz\miniconda3\envs\env_isaaclab\lib\site-packages\isaacsim\kit\cache\ogn_generated\1.79.2\omni.replicator.core-1.12.27\omni.replicator.core\ogn\tests\TestOgnSampleMaterial.py", line 2, in <module>
    import omni.kit.test
  File "c:/users/kskzz/miniconda3/envs/env_isaaclab/lib/site-packages/isaacsim/extscache/omni.kit.test-2.0.1+69cbf6ad.wx64.r.cp311/omni/kit/test/__init__.py", line 7, in <module>
    from . import unittests
  File "c:/users/kskzz/miniconda3/envs/env_isaaclab/lib/site-packages/isaacsim/extscache/omni.kit.test-2.0.1+69cbf6ad.wx64.r.cp311/omni/kit/test/unittests.py", line 23, in <module>
    from .exttests import RunExtTests
  File "c:/users/kskzz/miniconda3/envs/env_isaaclab/lib/site-packages/isaacsim/extscache/omni.kit.test-2.0.1+69cbf6ad.wx64.r.cp311/omni/kit/test/exttests.py", line 31, in <module>
    from .sampling import SamplingFactor
  File "c:/users/kskzz/miniconda3/envs/env_isaaclab/lib/site-packages/isaacsim/extscache/omni.kit.test-2.0.1+69cbf6ad.wx64.r.cp311/omni/kit/test/sampling.py", line 4, in <module>
    from statistics import mean
  File "C:\robotics_sim\wlr_robot\resume_validation_fsm_residual_ppo\src\resume_validation\statistics.py", line 5, in <module>
    from statistics import mean, median, pstdev
ImportError: cannot import name 'mean' from partially initialized module 'statistics' (most likely due to a circular import) (C:\robotics_sim\wlr_robot\resume_validation_fsm_residual_ppo\src\resume_validation\statistics.py)

2026-08-01T02:19:46Z [6,345ms] [Error] [omni.graph.tools._impl.internal.extension_contents_1_18] Exception while importing test omni.replicator.core.ogn.tests.TestOgnGetSkeletonData: Traceback (most recent call last):
  File "c:/users/kskzz/miniconda3/envs/env_isaaclab/lib/site-packages/isaacsim/extscache/omni.graph.tools-1.79.2+69cbf6ad/omni/graph/tools/_impl/internal/extension_contents_1_18.py", line 394, in do_import_test_definition
    test_module = load_module_from_file(test_module_name, test_file)
                  ^^^^^^^^^^^^^^^^^^^^^^^^^^^^^^^^^^^^^^^^^^^^^^^^^^
  File "c:/users/kskzz/miniconda3/envs/env_isaaclab/lib/site-packages/isaacsim/extscache/omni.graph.tools-1.79.2+69cbf6ad/omni/graph/tools/_impl/internal/file_utils.py", line 239, in load_module_from_file
    spec.loader.exec_module(module)
  File "<frozen importlib._bootstrap_external>", line 940, in exec_module
  File "<frozen importlib._bootstrap>", line 241, in _call_with_frames_removed
  File "c:\users\kskzz\miniconda3\envs\env_isaaclab\lib\site-packages\isaacsim\kit\cache\ogn_generated\1.79.2\omni.replicator.core-1.12.27\omni.replicator.core\ogn\tests\TestOgnGetSkeletonData.py", line 2, in <module>
    import omni.kit.test
  File "c:/users/kskzz/miniconda3/envs/env_isaaclab/lib/site-packages/isaacsim/extscache/omni.kit.test-2.0.1+69cbf6ad.wx64.r.cp311/omni/kit/test/__init__.py", line 7, in <module>
    from . import unittests
  File "c:/users/kskzz/miniconda3/envs/env_isaaclab/lib/site-packages/isaacsim/extscache/omni.kit.test-2.0.1+69cbf6ad.wx64.r.cp311/omni/kit/test/unittests.py", line 23, in <module>
    from .exttests import RunExtTests
  File "c:/users/kskzz/miniconda3/envs/env_isaaclab/lib/site-packages/isaacsim/extscache/omni.kit.test-2.0.1+69cbf6ad.wx64.r.cp311/omni/kit/test/exttests.py", line 31, in <module>
    from .sampling import SamplingFactor
  File "c:/users/kskzz/miniconda3/envs/env_isaaclab/lib/site-packages/isaacsim/extscache/omni.kit.test-2.0.1+69cbf6ad.wx64.r.cp311/omni/kit/test/sampling.py", line 4, in <module>
    from statistics import mean
  File "C:\robotics_sim\wlr_robot\resume_validation_fsm_residual_ppo\src\resume_validation\statistics.py", line 5, in <module>
    from statistics import mean, median, pstdev
ImportError: cannot import name 'mean' from partially initialized module 'statistics' (most likely due to a circular import) (C:\robotics_sim\wlr_robot\resume_validation_fsm_residual_ppo\src\resume_validation\statistics.py)

2026-08-01T02:19:46Z [6,352ms] [Error] [omni.graph.tools._impl.internal.extension_contents_1_18] Exception while importing test omni.replicator.core.ogn.tests.TestOgnSampleNormal: Traceback (most recent call last):
  File "c:/users/kskzz/miniconda3/envs/env_isaaclab/lib/site-packages/isaacsim/extscache/omni.graph.tools-1.79.2+69cbf6ad/omni/graph/tools/_impl/internal/extension_contents_1_18.py", line 394, in do_import_test_definition
    test_module = load_module_from_file(test_module_name, test_file)
                  ^^^^^^^^^^^^^^^^^^^^^^^^^^^^^^^^^^^^^^^^^^^^^^^^^^
  File "c:/users/kskzz/miniconda3/envs/env_isaaclab/lib/site-packages/isaacsim/extscache/omni.graph.tools-1.79.2+69cbf6ad/omni/graph/tools/_impl/internal/file_utils.py", line 239, in load_module_from_file
    spec.loader.exec_module(module)
  File "<frozen importlib._bootstrap_external>", line 940, in exec_module
  File "<frozen importlib._bootstrap>", line 241, in _call_with_frames_removed
  File "c:\users\kskzz\miniconda3\envs\env_isaaclab\lib\site-packages\isaacsim\kit\cache\ogn_generated\1.79.2\omni.replicator.core-1.12.27\omni.replicator.core\ogn\tests\TestOgnSampleNormal.py", line 2, in <module>
    import omni.kit.test
  File "c:/users/kskzz/miniconda3/envs/env_isaaclab/lib/site-packages/isaacsim/extscache/omni.kit.test-2.0.1+69cbf6ad.wx64.r.cp311/omni/kit/test/__init__.py", line 7, in <module>
    from . import unittests
  File "c:/users/kskzz/miniconda3/envs/env_isaaclab/lib/site-packages/isaacsim/extscache/omni.kit.test-2.0.1+69cbf6ad.wx64.r.cp311/omni/kit/test/unittests.py", line 23, in <module>
    from .exttests import RunExtTests
  File "c:/users/kskzz/miniconda3/envs/env_isaaclab/lib/site-packages/isaacsim/extscache/omni.kit.test-2.0.1+69cbf6ad.wx64.r.cp311/omni/kit/test/exttests.py", line 31, in <module>
    from .sampling import SamplingFactor
  File "c:/users/kskzz/miniconda3/envs/env_isaaclab/lib/site-packages/isaacsim/extscache/omni.kit.test-2.0.1+69cbf6ad.wx64.r.cp311/omni/kit/test/sampling.py", line 4, in <module>
    from statistics import mean
  File "C:\robotics_sim\wlr_robot\resume_validation_fsm_residual_ppo\src\resume_validation\statistics.py", line 5, in <module>
    from statistics import mean, median, pstdev
ImportError: cannot import name 'mean' from partially initialized module 'statistics' (most likely due to a circular import) (C:\robotics_sim\wlr_robot\resume_validation_fsm_residual_ppo\src\resume_validation\statistics.py)

2026-08-01T02:19:46Z [6,360ms] [Error] [omni.graph.tools._impl.internal.extension_contents_1_18] Exception while importing test omni.replicator.core.ogn.tests.TestOgnGroup: Traceback (most recent call last):
  File "c:/users/kskzz/miniconda3/envs/env_isaaclab/lib/site-packages/isaacsim/extscache/omni.graph.tools-1.79.2+69cbf6ad/omni/graph/tools/_impl/internal/extension_contents_1_18.py", line 394, in do_import_test_definition
    test_module = load_module_from_file(test_module_name, test_file)
                  ^^^^^^^^^^^^^^^^^^^^^^^^^^^^^^^^^^^^^^^^^^^^^^^^^^
  File "c:/users/kskzz/miniconda3/envs/env_isaaclab/lib/site-packages/isaacsim/extscache/omni.graph.tools-1.79.2+69cbf6ad/omni/graph/tools/_impl/internal/file_utils.py", line 239, in load_module_from_file
    spec.loader.exec_module(module)
  File "<frozen importlib._bootstrap_external>", line 940, in exec_module
  File "<frozen importlib._bootstrap>", line 241, in _call_with_frames_removed
  File "c:\users\kskzz\miniconda3\envs\env_isaaclab\lib\site-packages\isaacsim\kit\cache\ogn_generated\1.79.2\omni.replicator.core-1.12.27\omni.replicator.core\ogn\tests\TestOgnGroup.py", line 2, in <module>
    import omni.kit.test
  File "c:/users/kskzz/miniconda3/envs/env_isaaclab/lib/site-packages/isaacsim/extscache/omni.kit.test-2.0.1+69cbf6ad.wx64.r.cp311/omni/kit/test/__init__.py", line 7, in <module>
    from . import unittests
  File "c:/users/kskzz/miniconda3/envs/env_isaaclab/lib/site-packages/isaacsim/extscache/omni.kit.test-2.0.1+69cbf6ad.wx64.r.cp311/omni/kit/test/unittests.py", line 23, in <module>
    from .exttests import RunExtTests
  File "c:/users/kskzz/miniconda3/envs/env_isaaclab/lib/site-packages/isaacsim/extscache/omni.kit.test-2.0.1+69cbf6ad.wx64.r.cp311/omni/kit/test/exttests.py", line 31, in <module>
    from .sampling import SamplingFactor
  File "c:/users/kskzz/miniconda3/envs/env_isaaclab/lib/site-packages/isaacsim/extscache/omni.kit.test-2.0.1+69cbf6ad.wx64.r.cp311/omni/kit/test/sampling.py", line 4, in <module>
    from statistics import mean
  File "C:\robotics_sim\wlr_robot\resume_validation_fsm_residual_ppo\src\resume_validation\statistics.py", line 5, in <module>
    from statistics import mean, median, pstdev
ImportError: cannot import name 'mean' from partially initialized module 'statistics' (most likely due to a circular import) (C:\robotics_sim\wlr_robot\resume_validation_fsm_residual_ppo\src\resume_validation\statistics.py)

2026-08-01T02:19:46Z [6,367ms] [Error] [omni.graph.tools._impl.internal.extension_contents_1_18] Exception while importing test omni.replicator.core.ogn.tests.TestOgnSampleOmniPBR: Traceback (most recent call last):
  File "c:/users/kskzz/miniconda3/envs/env_isaaclab/lib/site-packages/isaacsim/extscache/omni.graph.tools-1.79.2+69cbf6ad/omni/graph/tools/_impl/internal/extension_contents_1_18.py", line 394, in do_import_test_definition
    test_module = load_module_from_file(test_module_name, test_file)
                  ^^^^^^^^^^^^^^^^^^^^^^^^^^^^^^^^^^^^^^^^^^^^^^^^^^
  File "c:/users/kskzz/miniconda3/envs/env_isaaclab/lib/site-packages/isaacsim/extscache/omni.graph.tools-1.79.2+69cbf6ad/omni/graph/tools/_impl/internal/file_utils.py", line 239, in load_module_from_file
    spec.loader.exec_module(module)
  File "<frozen importlib._bootstrap_external>", line 940, in exec_module
  File "<frozen importlib._bootstrap>", line 241, in _call_with_frames_removed
  File "c:\users\kskzz\miniconda3\envs\env_isaaclab\lib\site-packages\isaacsim\kit\cache\ogn_generated\1.79.2\omni.replicator.core-1.12.27\omni.replicator.core\ogn\tests\TestOgnSampleOmniPBR.py", line 2, in <module>
    import omni.kit.test
  File "c:/users/kskzz/miniconda3/envs/env_isaaclab/lib/site-packages/isaacsim/extscache/omni.kit.test-2.0.1+69cbf6ad.wx64.r.cp311/omni/kit/test/__init__.py", line 7, in <module>
    from . import unittests
  File "c:/users/kskzz/miniconda3/envs/env_isaaclab/lib/site-packages/isaacsim/extscache/omni.kit.test-2.0.1+69cbf6ad.wx64.r.cp311/omni/kit/test/unittests.py", line 23, in <module>
    from .exttests import RunExtTests
  File "c:/users/kskzz/miniconda3/envs/env_isaaclab/lib/site-packages/isaacsim/extscache/omni.kit.test-2.0.1+69cbf6ad.wx64.r.cp311/omni/kit/test/exttests.py", line 31, in <module>
    from .sampling import SamplingFactor
  File "c:/users/kskzz/miniconda3/envs/env_isaaclab/lib/site-packages/isaacsim/extscache/omni.kit.test-2.0.1+69cbf6ad.wx64.r.cp311/omni/kit/test/sampling.py", line 4, in <module>
    from statistics import mean
  File "C:\robotics_sim\wlr_robot\resume_validation_fsm_residual_ppo\src\resume_validation\statistics.py", line 5, in <module>
    from statistics import mean, median, pstdev
ImportError: cannot import name 'mean' from partially initialized module 'statistics' (most likely due to a circular import) (C:\robotics_sim\wlr_robot\resume_validation_fsm_residual_ppo\src\resume_validation\statistics.py)

2026-08-01T02:19:46Z [6,373ms] [Error] [omni.graph.tools._impl.internal.extension_contents_1_18] Exception while importing test omni.replicator.core.ogn.tests.TestOgnInstanceIdSegmentationLegacy: Traceback (most recent call last):
  File "c:/users/kskzz/miniconda3/envs/env_isaaclab/lib/site-packages/isaacsim/extscache/omni.graph.tools-1.79.2+69cbf6ad/omni/graph/tools/_impl/internal/extension_contents_1_18.py", line 394, in do_import_test_definition
    test_module = load_module_from_file(test_module_name, test_file)
                  ^^^^^^^^^^^^^^^^^^^^^^^^^^^^^^^^^^^^^^^^^^^^^^^^^^
  File "c:/users/kskzz/miniconda3/envs/env_isaaclab/lib/site-packages/isaacsim/extscache/omni.graph.tools-1.79.2+69cbf6ad/omni/graph/tools/_impl/internal/file_utils.py", line 239, in load_module_from_file
    spec.loader.exec_module(module)
  File "<frozen importlib._bootstrap_external>", line 940, in exec_module
  File "<frozen importlib._bootstrap>", line 241, in _call_with_frames_removed
  File "c:\users\kskzz\miniconda3\envs\env_isaaclab\lib\site-packages\isaacsim\kit\cache\ogn_generated\1.79.2\omni.replicator.core-1.12.27\omni.replicator.core\ogn\tests\TestOgnInstanceIdSegmentationLegacy.py", line 2, in <module>
    import omni.kit.test
  File "c:/users/kskzz/miniconda3/envs/env_isaaclab/lib/site-packages/isaacsim/extscache/omni.kit.test-2.0.1+69cbf6ad.wx64.r.cp311/omni/kit/test/__init__.py", line 7, in <module>
    from . import unittests
  File "c:/users/kskzz/miniconda3/envs/env_isaaclab/lib/site-packages/isaacsim/extscache/omni.kit.test-2.0.1+69cbf6ad.wx64.r.cp311/omni/kit/test/unittests.py", line 23, in <module>
    from .exttests import RunExtTests
  File "c:/users/kskzz/miniconda3/envs/env_isaaclab/lib/site-packages/isaacsim/extscache/omni.kit.test-2.0.1+69cbf6ad.wx64.r.cp311/omni/kit/test/exttests.py", line 31, in <module>
    from .sampling import SamplingFactor
  File "c:/users/kskzz/miniconda3/envs/env_isaaclab/lib/site-packages/isaacsim/extscache/omni.kit.test-2.0.1+69cbf6ad.wx64.r.cp311/omni/kit/test/sampling.py", line 4, in <module>
    from statistics import mean
  File "C:\robotics_sim\wlr_robot\resume_validation_fsm_residual_ppo\src\resume_validation\statistics.py", line 5, in <module>
    from statistics import mean, median, pstdev
ImportError: cannot import name 'mean' from partially initialized module 'statistics' (most likely due to a circular import) (C:\robotics_sim\wlr_robot\resume_validation_fsm_residual_ppo\src\resume_validation\statistics.py)

2026-08-01T02:19:46Z [6,382ms] [Error] [omni.graph.tools._impl.internal.extension_contents_1_18] Exception while importing test omni.replicator.core.ogn.tests.TestOgnSamplePopulation: Traceback (most recent call last):
  File "c:/users/kskzz/miniconda3/envs/env_isaaclab/lib/site-packages/isaacsim/extscache/omni.graph.tools-1.79.2+69cbf6ad/omni/graph/tools/_impl/internal/extension_contents_1_18.py", line 394, in do_import_test_definition
    test_module = load_module_from_file(test_module_name, test_file)
                  ^^^^^^^^^^^^^^^^^^^^^^^^^^^^^^^^^^^^^^^^^^^^^^^^^^
  File "c:/users/kskzz/miniconda3/envs/env_isaaclab/lib/site-packages/isaacsim/extscache/omni.graph.tools-1.79.2+69cbf6ad/omni/graph/tools/_impl/internal/file_utils.py", line 239, in load_module_from_file
    spec.loader.exec_module(module)
  File "<frozen importlib._bootstrap_external>", line 940, in exec_module
  File "<frozen importlib._bootstrap>", line 241, in _call_with_frames_removed
  File "c:\users\kskzz\miniconda3\envs\env_isaaclab\lib\site-packages\isaacsim\kit\cache\ogn_generated\1.79.2\omni.replicator.core-1.12.27\omni.replicator.core\ogn\tests\TestOgnSamplePopulation.py", line 2, in <module>
    import omni.kit.test
  File "c:/users/kskzz/miniconda3/envs/env_isaaclab/lib/site-packages/isaacsim/extscache/omni.kit.test-2.0.1+69cbf6ad.wx64.r.cp311/omni/kit/test/__init__.py", line 7, in <module>
    from . import unittests
  File "c:/users/kskzz/miniconda3/envs/env_isaaclab/lib/site-packages/isaacsim/extscache/omni.kit.test-2.0.1+69cbf6ad.wx64.r.cp311/omni/kit/test/unittests.py", line 23, in <module>
    from .exttests import RunExtTests
  File "c:/users/kskzz/miniconda3/envs/env_isaaclab/lib/site-packages/isaacsim/extscache/omni.kit.test-2.0.1+69cbf6ad.wx64.r.cp311/omni/kit/test/exttests.py", line 31, in <module>
    from .sampling import SamplingFactor
  File "c:/users/kskzz/miniconda3/envs/env_isaaclab/lib/site-packages/isaacsim/extscache/omni.kit.test-2.0.1+69cbf6ad.wx64.r.cp311/omni/kit/test/sampling.py", line 4, in <module>
    from statistics import mean
  File "C:\robotics_sim\wlr_robot\resume_validation_fsm_residual_ppo\src\resume_validation\statistics.py", line 5, in <module>
    from statistics import mean, median, pstdev
ImportError: cannot import name 'mean' from partially initialized module 'statistics' (most likely due to a circular import) (C:\robotics_sim\wlr_robot\resume_validation_fsm_residual_ppo\src\resume_validation\statistics.py)

2026-08-01T02:19:46Z [6,390ms] [Error] [omni.graph.tools._impl.internal.extension_contents_1_18] Exception while importing test omni.replicator.core.ogn.tests.TestOgnInstanceSegmentationLegacy: Traceback (most recent call last):
  File "c:/users/kskzz/miniconda3/envs/env_isaaclab/lib/site-packages/isaacsim/extscache/omni.graph.tools-1.79.2+69cbf6ad/omni/graph/tools/_impl/internal/extension_contents_1_18.py", line 394, in do_import_test_definition
    test_module = load_module_from_file(test_module_name, test_file)
                  ^^^^^^^^^^^^^^^^^^^^^^^^^^^^^^^^^^^^^^^^^^^^^^^^^^
  File "c:/users/kskzz/miniconda3/envs/env_isaaclab/lib/site-packages/isaacsim/extscache/omni.graph.tools-1.79.2+69cbf6ad/omni/graph/tools/_impl/internal/file_utils.py", line 239, in load_module_from_file
    spec.loader.exec_module(module)
  File "<frozen importlib._bootstrap_external>", line 940, in exec_module
  File "<frozen importlib._bootstrap>", line 241, in _call_with_frames_removed
  File "c:\users\kskzz\miniconda3\envs\env_isaaclab\lib\site-packages\isaacsim\kit\cache\ogn_generated\1.79.2\omni.replicator.core-1.12.27\omni.replicator.core\ogn\tests\TestOgnInstanceSegmentationLegacy.py", line 2, in <module>
    import omni.kit.test
  File "c:/users/kskzz/miniconda3/envs/env_isaaclab/lib/site-packages/isaacsim/extscache/omni.kit.test-2.0.1+69cbf6ad.wx64.r.cp311/omni/kit/test/__init__.py", line 7, in <module>
    from . import unittests
  File "c:/users/kskzz/miniconda3/envs/env_isaaclab/lib/site-packages/isaacsim/extscache/omni.kit.test-2.0.1+69cbf6ad.wx64.r.cp311/omni/kit/test/unittests.py", line 23, in <module>
    from .exttests import RunExtTests
  File "c:/users/kskzz/miniconda3/envs/env_isaaclab/lib/site-packages/isaacsim/extscache/omni.kit.test-2.0.1+69cbf6ad.wx64.r.cp311/omni/kit/test/exttests.py", line 31, in <module>
    from .sampling import SamplingFactor
  File "c:/users/kskzz/miniconda3/envs/env_isaaclab/lib/site-packages/isaacsim/extscache/omni.kit.test-2.0.1+69cbf6ad.wx64.r.cp311/omni/kit/test/sampling.py", line 4, in <module>
    from statistics import mean
  File "C:\robotics_sim\wlr_robot\resume_validation_fsm_residual_ppo\src\resume_validation\statistics.py", line 5, in <module>
    from statistics import mean, median, pstdev
ImportError: cannot import name 'mean' from partially initialized module 'statistics' (most likely due to a circular import) (C:\robotics_sim\wlr_robot\resume_validation_fsm_residual_ppo\src\resume_validation\statistics.py)

2026-08-01T02:19:46Z [6,398ms] [Error] [omni.graph.tools._impl.internal.extension_contents_1_18] Exception while importing test omni.replicator.core.ogn.tests.TestOgnSampleRotation: Traceback (most recent call last):
  File "c:/users/kskzz/miniconda3/envs/env_isaaclab/lib/site-packages/isaacsim/extscache/omni.graph.tools-1.79.2+69cbf6ad/omni/graph/tools/_impl/internal/extension_contents_1_18.py", line 394, in do_import_test_definition
    test_module = load_module_from_file(test_module_name, test_file)
                  ^^^^^^^^^^^^^^^^^^^^^^^^^^^^^^^^^^^^^^^^^^^^^^^^^^
  File "c:/users/kskzz/miniconda3/envs/env_isaaclab/lib/site-packages/isaacsim/extscache/omni.graph.tools-1.79.2+69cbf6ad/omni/graph/tools/_impl/internal/file_utils.py", line 239, in load_module_from_file
    spec.loader.exec_module(module)
  File "<frozen importlib._bootstrap_external>", line 940, in exec_module
  File "<frozen importlib._bootstrap>", line 241, in _call_with_frames_removed
  File "c:\users\kskzz\miniconda3\envs\env_isaaclab\lib\site-packages\isaacsim\kit\cache\ogn_generated\1.79.2\omni.replicator.core-1.12.27\omni.replicator.core\ogn\tests\TestOgnSampleRotation.py", line 2, in <module>
    import omni.kit.test
  File "c:/users/kskzz/miniconda3/envs/env_isaaclab/lib/site-packages/isaacsim/extscache/omni.kit.test-2.0.1+69cbf6ad.wx64.r.cp311/omni/kit/test/__init__.py", line 7, in <module>
    from . import unittests
  File "c:/users/kskzz/miniconda3/envs/env_isaaclab/lib/site-packages/isaacsim/extscache/omni.kit.test-2.0.1+69cbf6ad.wx64.r.cp311/omni/kit/test/unittests.py", line 23, in <module>
    from .exttests import RunExtTests
  File "c:/users/kskzz/miniconda3/envs/env_isaaclab/lib/site-packages/isaacsim/extscache/omni.kit.test-2.0.1+69cbf6ad.wx64.r.cp311/omni/kit/test/exttests.py", line 31, in <module>
    from .sampling import SamplingFactor
  File "c:/users/kskzz/miniconda3/envs/env_isaaclab/lib/site-packages/isaacsim/extscache/omni.kit.test-2.0.1+69cbf6ad.wx64.r.cp311/omni/kit/test/sampling.py", line 4, in <module>
    from statistics import mean
  File "C:\robotics_sim\wlr_robot\resume_validation_fsm_residual_ppo\src\resume_validation\statistics.py", line 5, in <module>
    from statistics import mean, median, pstdev
ImportError: cannot import name 'mean' from partially initialized module 'statistics' (most likely due to a circular import) (C:\robotics_sim\wlr_robot\resume_validation_fsm_residual_ppo\src\resume_validation\statistics.py)

2026-08-01T02:19:46Z [6,406ms] [Error] [omni.graph.tools._impl.internal.extension_contents_1_18] Exception while importing test omni.replicator.core.ogn.tests.TestOgnLookAt: Traceback (most recent call last):
  File "c:/users/kskzz/miniconda3/envs/env_isaaclab/lib/site-packages/isaacsim/extscache/omni.graph.tools-1.79.2+69cbf6ad/omni/graph/tools/_impl/internal/extension_contents_1_18.py", line 394, in do_import_test_definition
    test_module = load_module_from_file(test_module_name, test_file)
                  ^^^^^^^^^^^^^^^^^^^^^^^^^^^^^^^^^^^^^^^^^^^^^^^^^^
  File "c:/users/kskzz/miniconda3/envs/env_isaaclab/lib/site-packages/isaacsim/extscache/omni.graph.tools-1.79.2+69cbf6ad/omni/graph/tools/_impl/internal/file_utils.py", line 239, in load_module_from_file
    spec.loader.exec_module(module)
  File "<frozen importlib._bootstrap_external>", line 940, in exec_module
  File "<frozen importlib._bootstrap>", line 241, in _call_with_frames_removed
  File "c:\users\kskzz\miniconda3\envs\env_isaaclab\lib\site-packages\isaacsim\kit\cache\ogn_generated\1.79.2\omni.replicator.core-1.12.27\omni.replicator.core\ogn\tests\TestOgnLookAt.py", line 2, in <module>
    import omni.kit.test
  File "c:/users/kskzz/miniconda3/envs/env_isaaclab/lib/site-packages/isaacsim/extscache/omni.kit.test-2.0.1+69cbf6ad.wx64.r.cp311/omni/kit/test/__init__.py", line 7, in <module>
    from . import unittests
  File "c:/users/kskzz/miniconda3/envs/env_isaaclab/lib/site-packages/isaacsim/extscache/omni.kit.test-2.0.1+69cbf6ad.wx64.r.cp311/omni/kit/test/unittests.py", line 23, in <module>
    from .exttests import RunExtTests
  File "c:/users/kskzz/miniconda3/envs/env_isaaclab/lib/site-packages/isaacsim/extscache/omni.kit.test-2.0.1+69cbf6ad.wx64.r.cp311/omni/kit/test/exttests.py", line 31, in <module>
    from .sampling import SamplingFactor
  File "c:/users/kskzz/miniconda3/envs/env_isaaclab/lib/site-packages/isaacsim/extscache/omni.kit.test-2.0.1+69cbf6ad.wx64.r.cp311/omni/kit/test/sampling.py", line 4, in <module>
    from statistics import mean
  File "C:\robotics_sim\wlr_robot\resume_validation_fsm_residual_ppo\src\resume_validation\statistics.py", line 5, in <module>
    from statistics import mean, median, pstdev
ImportError: cannot import name 'mean' from partially initialized module 'statistics' (most likely due to a circular import) (C:\robotics_sim\wlr_robot\resume_validation_fsm_residual_ppo\src\resume_validation\statistics.py)

2026-08-01T02:19:46Z [6,414ms] [Error] [omni.graph.tools._impl.internal.extension_contents_1_18] Exception while importing test omni.replicator.core.ogn.tests.TestOgnSampleSequence: Traceback (most recent call last):
  File "c:/users/kskzz/miniconda3/envs/env_isaaclab/lib/site-packages/isaacsim/extscache/omni.graph.tools-1.79.2+69cbf6ad/omni/graph/tools/_impl/internal/extension_contents_1_18.py", line 394, in do_import_test_definition
    test_module = load_module_from_file(test_module_name, test_file)
                  ^^^^^^^^^^^^^^^^^^^^^^^^^^^^^^^^^^^^^^^^^^^^^^^^^^
  File "c:/users/kskzz/miniconda3/envs/env_isaaclab/lib/site-packages/isaacsim/extscache/omni.graph.tools-1.79.2+69cbf6ad/omni/graph/tools/_impl/internal/file_utils.py", line 239, in load_module_from_file
    spec.loader.exec_module(module)
  File "<frozen importlib._bootstrap_external>", line 940, in exec_module
  File "<frozen importlib._bootstrap>", line 241, in _call_with_frames_removed
  File "c:\users\kskzz\miniconda3\envs\env_isaaclab\lib\site-packages\isaacsim\kit\cache\ogn_generated\1.79.2\omni.replicator.core-1.12.27\omni.replicator.core\ogn\tests\TestOgnSampleSequence.py", line 2, in <module>
    import omni.kit.test
  File "c:/users/kskzz/miniconda3/envs/env_isaaclab/lib/site-packages/isaacsim/extscache/omni.kit.test-2.0.1+69cbf6ad.wx64.r.cp311/omni/kit/test/__init__.py", line 7, in <module>
    from . import unittests
  File "c:/users/kskzz/miniconda3/envs/env_isaaclab/lib/site-packages/isaacsim/extscache/omni.kit.test-2.0.1+69cbf6ad.wx64.r.cp311/omni/kit/test/unittests.py", line 23, in <module>
    from .exttests import RunExtTests
  File "c:/users/kskzz/miniconda3/envs/env_isaaclab/lib/site-packages/isaacsim/extscache/omni.kit.test-2.0.1+69cbf6ad.wx64.r.cp311/omni/kit/test/exttests.py", line 31, in <module>
    from .sampling import SamplingFactor
  File "c:/users/kskzz/miniconda3/envs/env_isaaclab/lib/site-packages/isaacsim/extscache/omni.kit.test-2.0.1+69cbf6ad.wx64.r.cp311/omni/kit/test/sampling.py", line 4, in <module>
    from statistics import mean
  File "C:\robotics_sim\wlr_robot\resume_validation_fsm_residual_ppo\src\resume_validation\statistics.py", line 5, in <module>
    from statistics import mean, median, pstdev
ImportError: cannot import name 'mean' from partially initialized module 'statistics' (most likely due to a circular import) (C:\robotics_sim\wlr_robot\resume_validation_fsm_residual_ppo\src\resume_validation\statistics.py)

2026-08-01T02:19:46Z [6,421ms] [Error] [omni.graph.tools._impl.internal.extension_contents_1_18] Exception while importing test omni.replicator.core.ogn.tests.TestOgnMeshBoundsDecalPlacement: Traceback (most recent call last):
  File "c:/users/kskzz/miniconda3/envs/env_isaaclab/lib/site-packages/isaacsim/extscache/omni.graph.tools-1.79.2+69cbf6ad/omni/graph/tools/_impl/internal/extension_contents_1_18.py", line 394, in do_import_test_definition
    test_module = load_module_from_file(test_module_name, test_file)
                  ^^^^^^^^^^^^^^^^^^^^^^^^^^^^^^^^^^^^^^^^^^^^^^^^^^
  File "c:/users/kskzz/miniconda3/envs/env_isaaclab/lib/site-packages/isaacsim/extscache/omni.graph.tools-1.79.2+69cbf6ad/omni/graph/tools/_impl/internal/file_utils.py", line 239, in load_module_from_file
    spec.loader.exec_module(module)
  File "<frozen importlib._bootstrap_external>", line 940, in exec_module
  File "<frozen importlib._bootstrap>", line 241, in _call_with_frames_removed
  File "c:\users\kskzz\miniconda3\envs\env_isaaclab\lib\site-packages\isaacsim\kit\cache\ogn_generated\1.79.2\omni.replicator.core-1.12.27\omni.replicator.core\ogn\tests\TestOgnMeshBoundsDecalPlacement.py", line 2, in <module>
    import omni.kit.test
  File "c:/users/kskzz/miniconda3/envs/env_isaaclab/lib/site-packages/isaacsim/extscache/omni.kit.test-2.0.1+69cbf6ad.wx64.r.cp311/omni/kit/test/__init__.py", line 7, in <module>
    from . import unittests
  File "c:/users/kskzz/miniconda3/envs/env_isaaclab/lib/site-packages/isaacsim/extscache/omni.kit.test-2.0.1+69cbf6ad.wx64.r.cp311/omni/kit/test/unittests.py", line 23, in <module>
    from .exttests import RunExtTests
  File "c:/users/kskzz/miniconda3/envs/env_isaaclab/lib/site-packages/isaacsim/extscache/omni.kit.test-2.0.1+69cbf6ad.wx64.r.cp311/omni/kit/test/exttests.py", line 31, in <module>
    from .sampling import SamplingFactor
  File "c:/users/kskzz/miniconda3/envs/env_isaaclab/lib/site-packages/isaacsim/extscache/omni.kit.test-2.0.1+69cbf6ad.wx64.r.cp311/omni/kit/test/sampling.py", line 4, in <module>
    from statistics import mean
  File "C:\robotics_sim\wlr_robot\resume_validation_fsm_residual_ppo\src\resume_validation\statistics.py", line 5, in <module>
    from statistics import mean, median, pstdev
ImportError: cannot import name 'mean' from partially initialized module 'statistics' (most likely due to a circular import) (C:\robotics_sim\wlr_robot\resume_validation_fsm_residual_ppo\src\resume_validation\statistics.py)

2026-08-01T02:19:46Z [6,428ms] [Error] [omni.graph.tools._impl.internal.extension_contents_1_18] Exception while importing test omni.replicator.core.ogn.tests.TestOgnSampleSequencePrim: Traceback (most recent call last):
  File "c:/users/kskzz/miniconda3/envs/env_isaaclab/lib/site-packages/isaacsim/extscache/omni.graph.tools-1.79.2+69cbf6ad/omni/graph/tools/_impl/internal/extension_contents_1_18.py", line 394, in do_import_test_definition
    test_module = load_module_from_file(test_module_name, test_file)
                  ^^^^^^^^^^^^^^^^^^^^^^^^^^^^^^^^^^^^^^^^^^^^^^^^^^
  File "c:/users/kskzz/miniconda3/envs/env_isaaclab/lib/site-packages/isaacsim/extscache/omni.graph.tools-1.79.2+69cbf6ad/omni/graph/tools/_impl/internal/file_utils.py", line 239, in load_module_from_file
    spec.loader.exec_module(module)
  File "<frozen importlib._bootstrap_external>", line 940, in exec_module
  File "<frozen importlib._bootstrap>", line 241, in _call_with_frames_removed
  File "c:\users\kskzz\miniconda3\envs\env_isaaclab\lib\site-packages\isaacsim\kit\cache\ogn_generated\1.79.2\omni.replicator.core-1.12.27\omni.replicator.core\ogn\tests\TestOgnSampleSequencePrim.py", line 2, in <module>
    import omni.kit.test
  File "c:/users/kskzz/miniconda3/envs/env_isaaclab/lib/site-packages/isaacsim/extscache/omni.kit.test-2.0.1+69cbf6ad.wx64.r.cp311/omni/kit/test/__init__.py", line 7, in <module>
    from . import unittests
  File "c:/users/kskzz/miniconda3/envs/env_isaaclab/lib/site-packages/isaacsim/extscache/omni.kit.test-2.0.1+69cbf6ad.wx64.r.cp311/omni/kit/test/unittests.py", line 23, in <module>
    from .exttests import RunExtTests
  File "c:/users/kskzz/miniconda3/envs/env_isaaclab/lib/site-packages/isaacsim/extscache/omni.kit.test-2.0.1+69cbf6ad.wx64.r.cp311/omni/kit/test/exttests.py", line 31, in <module>
    from .sampling import SamplingFactor
  File "c:/users/kskzz/miniconda3/envs/env_isaaclab/lib/site-packages/isaacsim/extscache/omni.kit.test-2.0.1+69cbf6ad.wx64.r.cp311/omni/kit/test/sampling.py", line 4, in <module>
    from statistics import mean
  File "C:\robotics_sim\wlr_robot\resume_validation_fsm_residual_ppo\src\resume_validation\statistics.py", line 5, in <module>
    from statistics import mean, median, pstdev
ImportError: cannot import name 'mean' from partially initialized module 'statistics' (most likely due to a circular import) (C:\robotics_sim\wlr_robot\resume_validation_fsm_residual_ppo\src\resume_validation\statistics.py)

2026-08-01T02:19:46Z [6,434ms] [Error] [omni.graph.tools._impl.internal.extension_contents_1_18] Exception while importing test omni.replicator.core.ogn.tests.TestOgnMeshDecal: Traceback (most recent call last):
  File "c:/users/kskzz/miniconda3/envs/env_isaaclab/lib/site-packages/isaacsim/extscache/omni.graph.tools-1.79.2+69cbf6ad/omni/graph/tools/_impl/internal/extension_contents_1_18.py", line 394, in do_import_test_definition
    test_module = load_module_from_file(test_module_name, test_file)
                  ^^^^^^^^^^^^^^^^^^^^^^^^^^^^^^^^^^^^^^^^^^^^^^^^^^
  File "c:/users/kskzz/miniconda3/envs/env_isaaclab/lib/site-packages/isaacsim/extscache/omni.graph.tools-1.79.2+69cbf6ad/omni/graph/tools/_impl/internal/file_utils.py", line 239, in load_module_from_file
    spec.loader.exec_module(module)
  File "<frozen importlib._bootstrap_external>", line 940, in exec_module
  File "<frozen importlib._bootstrap>", line 241, in _call_with_frames_removed
  File "c:\users\kskzz\miniconda3\envs\env_isaaclab\lib\site-packages\isaacsim\kit\cache\ogn_generated\1.79.2\omni.replicator.core-1.12.27\omni.replicator.core\ogn\tests\TestOgnMeshDecal.py", line 2, in <module>
    import omni.kit.test
  File "c:/users/kskzz/miniconda3/envs/env_isaaclab/lib/site-packages/isaacsim/extscache/omni.kit.test-2.0.1+69cbf6ad.wx64.r.cp311/omni/kit/test/__init__.py", line 7, in <module>
    from . import unittests
  File "c:/users/kskzz/miniconda3/envs/env_isaaclab/lib/site-packages/isaacsim/extscache/omni.kit.test-2.0.1+69cbf6ad.wx64.r.cp311/omni/kit/test/unittests.py", line 23, in <module>
    from .exttests import RunExtTests
  File "c:/users/kskzz/miniconda3/envs/env_isaaclab/lib/site-packages/isaacsim/extscache/omni.kit.test-2.0.1+69cbf6ad.wx64.r.cp311/omni/kit/test/exttests.py", line 31, in <module>
    from .sampling import SamplingFactor
  File "c:/users/kskzz/miniconda3/envs/env_isaaclab/lib/site-packages/isaacsim/extscache/omni.kit.test-2.0.1+69cbf6ad.wx64.r.cp311/omni/kit/test/sampling.py", line 4, in <module>
    from statistics import mean
  File "C:\robotics_sim\wlr_robot\resume_validation_fsm_residual_ppo\src\resume_validation\statistics.py", line 5, in <module>
    from statistics import mean, median, pstdev
ImportError: cannot import name 'mean' from partially initialized module 'statistics' (most likely due to a circular import) (C:\robotics_sim\wlr_robot\resume_validation_fsm_residual_ppo\src\resume_validation\statistics.py)

2026-08-01T02:19:46Z [6,441ms] [Error] [omni.graph.tools._impl.internal.extension_contents_1_18] Exception while importing test omni.replicator.core.ogn.tests.TestOgnSampleUniform: Traceback (most recent call last):
  File "c:/users/kskzz/miniconda3/envs/env_isaaclab/lib/site-packages/isaacsim/extscache/omni.graph.tools-1.79.2+69cbf6ad/omni/graph/tools/_impl/internal/extension_contents_1_18.py", line 394, in do_import_test_definition
    test_module = load_module_from_file(test_module_name, test_file)
                  ^^^^^^^^^^^^^^^^^^^^^^^^^^^^^^^^^^^^^^^^^^^^^^^^^^
  File "c:/users/kskzz/miniconda3/envs/env_isaaclab/lib/site-packages/isaacsim/extscache/omni.graph.tools-1.79.2+69cbf6ad/omni/graph/tools/_impl/internal/file_utils.py", line 239, in load_module_from_file
    spec.loader.exec_module(module)
  File "<frozen importlib._bootstrap_external>", line 940, in exec_module
  File "<frozen importlib._bootstrap>", line 241, in _call_with_frames_removed
  File "c:\users\kskzz\miniconda3\envs\env_isaaclab\lib\site-packages\isaacsim\kit\cache\ogn_generated\1.79.2\omni.replicator.core-1.12.27\omni.replicator.core\ogn\tests\TestOgnSampleUniform.py", line 2, in <module>
    import omni.kit.test
  File "c:/users/kskzz/miniconda3/envs/env_isaaclab/lib/site-packages/isaacsim/extscache/omni.kit.test-2.0.1+69cbf6ad.wx64.r.cp311/omni/kit/test/__init__.py", line 7, in <module>
    from . import unittests
  File "c:/users/kskzz/miniconda3/envs/env_isaaclab/lib/site-packages/isaacsim/extscache/omni.kit.test-2.0.1+69cbf6ad.wx64.r.cp311/omni/kit/test/unittests.py", line 23, in <module>
    from .exttests import RunExtTests
  File "c:/users/kskzz/miniconda3/envs/env_isaaclab/lib/site-packages/isaacsim/extscache/omni.kit.test-2.0.1+69cbf6ad.wx64.r.cp311/omni/kit/test/exttests.py", line 31, in <module>
    from .sampling import SamplingFactor
  File "c:/users/kskzz/miniconda3/envs/env_isaaclab/lib/site-packages/isaacsim/extscache/omni.kit.test-2.0.1+69cbf6ad.wx64.r.cp311/omni/kit/test/sampling.py", line 4, in <module>
    from statistics import mean
  File "C:\robotics_sim\wlr_robot\resume_validation_fsm_residual_ppo\src\resume_validation\statistics.py", line 5, in <module>
    from statistics import mean, median, pstdev
ImportError: cannot import name 'mean' from partially initialized module 'statistics' (most likely due to a circular import) (C:\robotics_sim\wlr_robot\resume_validation_fsm_residual_ppo\src\resume_validation\statistics.py)

2026-08-01T02:19:46Z [6,447ms] [Error] [omni.graph.tools._impl.internal.extension_contents_1_18] Exception while importing test omni.replicator.core.ogn.tests.TestOgnModifyAnimationTarget: Traceback (most recent call last):
  File "c:/users/kskzz/miniconda3/envs/env_isaaclab/lib/site-packages/isaacsim/extscache/omni.graph.tools-1.79.2+69cbf6ad/omni/graph/tools/_impl/internal/extension_contents_1_18.py", line 394, in do_import_test_definition
    test_module = load_module_from_file(test_module_name, test_file)
                  ^^^^^^^^^^^^^^^^^^^^^^^^^^^^^^^^^^^^^^^^^^^^^^^^^^
  File "c:/users/kskzz/miniconda3/envs/env_isaaclab/lib/site-packages/isaacsim/extscache/omni.graph.tools-1.79.2+69cbf6ad/omni/graph/tools/_impl/internal/file_utils.py", line 239, in load_module_from_file
    spec.loader.exec_module(module)
  File "<frozen importlib._bootstrap_external>", line 940, in exec_module
  File "<frozen importlib._bootstrap>", line 241, in _call_with_frames_removed
  File "c:\users\kskzz\miniconda3\envs\env_isaaclab\lib\site-packages\isaacsim\kit\cache\ogn_generated\1.79.2\omni.replicator.core-1.12.27\omni.replicator.core\ogn\tests\TestOgnModifyAnimationTarget.py", line 2, in <module>
    import omni.kit.test
  File "c:/users/kskzz/miniconda3/envs/env_isaaclab/lib/site-packages/isaacsim/extscache/omni.kit.test-2.0.1+69cbf6ad.wx64.r.cp311/omni/kit/test/__init__.py", line 7, in <module>
    from . import unittests
  File "c:/users/kskzz/miniconda3/envs/env_isaaclab/lib/site-packages/isaacsim/extscache/omni.kit.test-2.0.1+69cbf6ad.wx64.r.cp311/omni/kit/test/unittests.py", line 23, in <module>
    from .exttests import RunExtTests
  File "c:/users/kskzz/miniconda3/envs/env_isaaclab/lib/site-packages/isaacsim/extscache/omni.kit.test-2.0.1+69cbf6ad.wx64.r.cp311/omni/kit/test/exttests.py", line 31, in <module>
    from .sampling import SamplingFactor
  File "c:/users/kskzz/miniconda3/envs/env_isaaclab/lib/site-packages/isaacsim/extscache/omni.kit.test-2.0.1+69cbf6ad.wx64.r.cp311/omni/kit/test/sampling.py", line 4, in <module>
    from statistics import mean
  File "C:\robotics_sim\wlr_robot\resume_validation_fsm_residual_ppo\src\resume_validation\statistics.py", line 5, in <module>
    from statistics import mean, median, pstdev
ImportError: cannot import name 'mean' from partially initialized module 'statistics' (most likely due to a circular import) (C:\robotics_sim\wlr_robot\resume_validation_fsm_residual_ppo\src\resume_validation\statistics.py)

2026-08-01T02:19:46Z [6,453ms] [Error] [omni.graph.tools._impl.internal.extension_contents_1_18] Exception while importing test omni.replicator.core.ogn.tests.TestOgnScatter2D: Traceback (most recent call last):
  File "c:/users/kskzz/miniconda3/envs/env_isaaclab/lib/site-packages/isaacsim/extscache/omni.graph.tools-1.79.2+69cbf6ad/omni/graph/tools/_impl/internal/extension_contents_1_18.py", line 394, in do_import_test_definition
    test_module = load_module_from_file(test_module_name, test_file)
                  ^^^^^^^^^^^^^^^^^^^^^^^^^^^^^^^^^^^^^^^^^^^^^^^^^^
  File "c:/users/kskzz/miniconda3/envs/env_isaaclab/lib/site-packages/isaacsim/extscache/omni.graph.tools-1.79.2+69cbf6ad/omni/graph/tools/_impl/internal/file_utils.py", line 239, in load_module_from_file
    spec.loader.exec_module(module)
  File "<frozen importlib._bootstrap_external>", line 940, in exec_module
  File "<frozen importlib._bootstrap>", line 241, in _call_with_frames_removed
  File "c:\users\kskzz\miniconda3\envs\env_isaaclab\lib\site-packages\isaacsim\kit\cache\ogn_generated\1.79.2\omni.replicator.core-1.12.27\omni.replicator.core\ogn\tests\TestOgnScatter2D.py", line 2, in <module>
    import omni.kit.test
  File "c:/users/kskzz/miniconda3/envs/env_isaaclab/lib/site-packages/isaacsim/extscache/omni.kit.test-2.0.1+69cbf6ad.wx64.r.cp311/omni/kit/test/__init__.py", line 7, in <module>
    from . import unittests
  File "c:/users/kskzz/miniconda3/envs/env_isaaclab/lib/site-packages/isaacsim/extscache/omni.kit.test-2.0.1+69cbf6ad.wx64.r.cp311/omni/kit/test/unittests.py", line 23, in <module>
    from .exttests import RunExtTests
  File "c:/users/kskzz/miniconda3/envs/env_isaaclab/lib/site-packages/isaacsim/extscache/omni.kit.test-2.0.1+69cbf6ad.wx64.r.cp311/omni/kit/test/exttests.py", line 31, in <module>
    from .sampling import SamplingFactor
  File "c:/users/kskzz/miniconda3/envs/env_isaaclab/lib/site-packages/isaacsim/extscache/omni.kit.test-2.0.1+69cbf6ad.wx64.r.cp311/omni/kit/test/sampling.py", line 4, in <module>
    from statistics import mean
  File "C:\robotics_sim\wlr_robot\resume_validation_fsm_residual_ppo\src\resume_validation\statistics.py", line 5, in <module>
    from statistics import mean, median, pstdev
ImportError: cannot import name 'mean' from partially initialized module 'statistics' (most likely due to a circular import) (C:\robotics_sim\wlr_robot\resume_validation_fsm_residual_ppo\src\resume_validation\statistics.py)

2026-08-01T02:19:46Z [6,458ms] [Error] [omni.graph.tools._impl.internal.extension_contents_1_18] Exception while importing test omni.replicator.core.ogn.tests.TestOgnModifyProjectionMaterial: Traceback (most recent call last):
  File "c:/users/kskzz/miniconda3/envs/env_isaaclab/lib/site-packages/isaacsim/extscache/omni.graph.tools-1.79.2+69cbf6ad/omni/graph/tools/_impl/internal/extension_contents_1_18.py", line 394, in do_import_test_definition
    test_module = load_module_from_file(test_module_name, test_file)
                  ^^^^^^^^^^^^^^^^^^^^^^^^^^^^^^^^^^^^^^^^^^^^^^^^^^
  File "c:/users/kskzz/miniconda3/envs/env_isaaclab/lib/site-packages/isaacsim/extscache/omni.graph.tools-1.79.2+69cbf6ad/omni/graph/tools/_impl/internal/file_utils.py", line 239, in load_module_from_file
    spec.loader.exec_module(module)
  File "<frozen importlib._bootstrap_external>", line 940, in exec_module
  File "<frozen importlib._bootstrap>", line 241, in _call_with_frames_removed
  File "c:\users\kskzz\miniconda3\envs\env_isaaclab\lib\site-packages\isaacsim\kit\cache\ogn_generated\1.79.2\omni.replicator.core-1.12.27\omni.replicator.core\ogn\tests\TestOgnModifyProjectionMaterial.py", line 2, in <module>
    import omni.kit.test
  File "c:/users/kskzz/miniconda3/envs/env_isaaclab/lib/site-packages/isaacsim/extscache/omni.kit.test-2.0.1+69cbf6ad.wx64.r.cp311/omni/kit/test/__init__.py", line 7, in <module>
    from . import unittests
  File "c:/users/kskzz/miniconda3/envs/env_isaaclab/lib/site-packages/isaacsim/extscache/omni.kit.test-2.0.1+69cbf6ad.wx64.r.cp311/omni/kit/test/unittests.py", line 23, in <module>
    from .exttests import RunExtTests
  File "c:/users/kskzz/miniconda3/envs/env_isaaclab/lib/site-packages/isaacsim/extscache/omni.kit.test-2.0.1+69cbf6ad.wx64.r.cp311/omni/kit/test/exttests.py", line 31, in <module>
    from .sampling import SamplingFactor
  File "c:/users/kskzz/miniconda3/envs/env_isaaclab/lib/site-packages/isaacsim/extscache/omni.kit.test-2.0.1+69cbf6ad.wx64.r.cp311/omni/kit/test/sampling.py", line 4, in <module>
    from statistics import mean
  File "C:\robotics_sim\wlr_robot\resume_validation_fsm_residual_ppo\src\resume_validation\statistics.py", line 5, in <module>
    from statistics import mean, median, pstdev
ImportError: cannot import name 'mean' from partially initialized module 'statistics' (most likely due to a circular import) (C:\robotics_sim\wlr_robot\resume_validation_fsm_residual_ppo\src\resume_validation\statistics.py)

2026-08-01T02:19:46Z [6,463ms] [Error] [omni.graph.tools._impl.internal.extension_contents_1_18] Exception while importing test omni.replicator.core.ogn.tests.TestOgnScatter3D: Traceback (most recent call last):
  File "c:/users/kskzz/miniconda3/envs/env_isaaclab/lib/site-packages/isaacsim/extscache/omni.graph.tools-1.79.2+69cbf6ad/omni/graph/tools/_impl/internal/extension_contents_1_18.py", line 394, in do_import_test_definition
    test_module = load_module_from_file(test_module_name, test_file)
                  ^^^^^^^^^^^^^^^^^^^^^^^^^^^^^^^^^^^^^^^^^^^^^^^^^^
  File "c:/users/kskzz/miniconda3/envs/env_isaaclab/lib/site-packages/isaacsim/extscache/omni.graph.tools-1.79.2+69cbf6ad/omni/graph/tools/_impl/internal/file_utils.py", line 239, in load_module_from_file
    spec.loader.exec_module(module)
  File "<frozen importlib._bootstrap_external>", line 940, in exec_module
  File "<frozen importlib._bootstrap>", line 241, in _call_with_frames_removed
  File "c:\users\kskzz\miniconda3\envs\env_isaaclab\lib\site-packages\isaacsim\kit\cache\ogn_generated\1.79.2\omni.replicator.core-1.12.27\omni.replicator.core\ogn\tests\TestOgnScatter3D.py", line 2, in <module>
    import omni.kit.test
  File "c:/users/kskzz/miniconda3/envs/env_isaaclab/lib/site-packages/isaacsim/extscache/omni.kit.test-2.0.1+69cbf6ad.wx64.r.cp311/omni/kit/test/__init__.py", line 7, in <module>
    from . import unittests
  File "c:/users/kskzz/miniconda3/envs/env_isaaclab/lib/site-packages/isaacsim/extscache/omni.kit.test-2.0.1+69cbf6ad.wx64.r.cp311/omni/kit/test/unittests.py", line 23, in <module>
    from .exttests import RunExtTests
  File "c:/users/kskzz/miniconda3/envs/env_isaaclab/lib/site-packages/isaacsim/extscache/omni.kit.test-2.0.1+69cbf6ad.wx64.r.cp311/omni/kit/test/exttests.py", line 31, in <module>
    from .sampling import SamplingFactor
  File "c:/users/kskzz/miniconda3/envs/env_isaaclab/lib/site-packages/isaacsim/extscache/omni.kit.test-2.0.1+69cbf6ad.wx64.r.cp311/omni/kit/test/sampling.py", line 4, in <module>
    from statistics import mean
  File "C:\robotics_sim\wlr_robot\resume_validation_fsm_residual_ppo\src\resume_validation\statistics.py", line 5, in <module>
    from statistics import mean, median, pstdev
ImportError: cannot import name 'mean' from partially initialized module 'statistics' (most likely due to a circular import) (C:\robotics_sim\wlr_robot\resume_validation_fsm_residual_ppo\src\resume_validation\statistics.py)

2026-08-01T02:19:46Z [6,472ms] [Error] [omni.graph.tools._impl.internal.extension_contents_1_18] Exception while importing test omni.replicator.core.ogn.tests.TestOgnOnCondition: Traceback (most recent call last):
  File "c:/users/kskzz/miniconda3/envs/env_isaaclab/lib/site-packages/isaacsim/extscache/omni.graph.tools-1.79.2+69cbf6ad/omni/graph/tools/_impl/internal/extension_contents_1_18.py", line 394, in do_import_test_definition
    test_module = load_module_from_file(test_module_name, test_file)
                  ^^^^^^^^^^^^^^^^^^^^^^^^^^^^^^^^^^^^^^^^^^^^^^^^^^
  File "c:/users/kskzz/miniconda3/envs/env_isaaclab/lib/site-packages/isaacsim/extscache/omni.graph.tools-1.79.2+69cbf6ad/omni/graph/tools/_impl/internal/file_utils.py", line 239, in load_module_from_file
    spec.loader.exec_module(module)
  File "<frozen importlib._bootstrap_external>", line 940, in exec_module
  File "<frozen importlib._bootstrap>", line 241, in _call_with_frames_removed
  File "c:\users\kskzz\miniconda3\envs\env_isaaclab\lib\site-packages\isaacsim\kit\cache\ogn_generated\1.79.2\omni.replicator.core-1.12.27\omni.replicator.core\ogn\tests\TestOgnOnCondition.py", line 2, in <module>
    import omni.kit.test
  File "c:/users/kskzz/miniconda3/envs/env_isaaclab/lib/site-packages/isaacsim/extscache/omni.kit.test-2.0.1+69cbf6ad.wx64.r.cp311/omni/kit/test/__init__.py", line 7, in <module>
    from . import unittests
  File "c:/users/kskzz/miniconda3/envs/env_isaaclab/lib/site-packages/isaacsim/extscache/omni.kit.test-2.0.1+69cbf6ad.wx64.r.cp311/omni/kit/test/unittests.py", line 23, in <module>
    from .exttests import RunExtTests
  File "c:/users/kskzz/miniconda3/envs/env_isaaclab/lib/site-packages/isaacsim/extscache/omni.kit.test-2.0.1+69cbf6ad.wx64.r.cp311/omni/kit/test/exttests.py", line 31, in <module>
    from .sampling import SamplingFactor
  File "c:/users/kskzz/miniconda3/envs/env_isaaclab/lib/site-packages/isaacsim/extscache/omni.kit.test-2.0.1+69cbf6ad.wx64.r.cp311/omni/kit/test/sampling.py", line 4, in <module>
    from statistics import mean
  File "C:\robotics_sim\wlr_robot\resume_validation_fsm_residual_ppo\src\resume_validation\statistics.py", line 5, in <module>
    from statistics import mean, median, pstdev
ImportError: cannot import name 'mean' from partially initialized module 'statistics' (most likely due to a circular import) (C:\robotics_sim\wlr_robot\resume_validation_fsm_residual_ppo\src\resume_validation\statistics.py)

2026-08-01T02:19:46Z [6,480ms] [Error] [omni.graph.tools._impl.internal.extension_contents_1_18] Exception while importing test omni.replicator.core.ogn.tests.TestOgnScheduleWriter: Traceback (most recent call last):
  File "c:/users/kskzz/miniconda3/envs/env_isaaclab/lib/site-packages/isaacsim/extscache/omni.graph.tools-1.79.2+69cbf6ad/omni/graph/tools/_impl/internal/extension_contents_1_18.py", line 394, in do_import_test_definition
    test_module = load_module_from_file(test_module_name, test_file)
                  ^^^^^^^^^^^^^^^^^^^^^^^^^^^^^^^^^^^^^^^^^^^^^^^^^^
  File "c:/users/kskzz/miniconda3/envs/env_isaaclab/lib/site-packages/isaacsim/extscache/omni.graph.tools-1.79.2+69cbf6ad/omni/graph/tools/_impl/internal/file_utils.py", line 239, in load_module_from_file
    spec.loader.exec_module(module)
  File "<frozen importlib._bootstrap_external>", line 940, in exec_module
  File "<frozen importlib._bootstrap>", line 241, in _call_with_frames_removed
  File "c:\users\kskzz\miniconda3\envs\env_isaaclab\lib\site-packages\isaacsim\kit\cache\ogn_generated\1.79.2\omni.replicator.core-1.12.27\omni.replicator.core\ogn\tests\TestOgnScheduleWriter.py", line 2, in <module>
    import omni.kit.test
  File "c:/users/kskzz/miniconda3/envs/env_isaaclab/lib/site-packages/isaacsim/extscache/omni.kit.test-2.0.1+69cbf6ad.wx64.r.cp311/omni/kit/test/__init__.py", line 7, in <module>
    from . import unittests
  File "c:/users/kskzz/miniconda3/envs/env_isaaclab/lib/site-packages/isaacsim/extscache/omni.kit.test-2.0.1+69cbf6ad.wx64.r.cp311/omni/kit/test/unittests.py", line 23, in <module>
    from .exttests import RunExtTests
  File "c:/users/kskzz/miniconda3/envs/env_isaaclab/lib/site-packages/isaacsim/extscache/omni.kit.test-2.0.1+69cbf6ad.wx64.r.cp311/omni/kit/test/exttests.py", line 31, in <module>
    from .sampling import SamplingFactor
  File "c:/users/kskzz/miniconda3/envs/env_isaaclab/lib/site-packages/isaacsim/extscache/omni.kit.test-2.0.1+69cbf6ad.wx64.r.cp311/omni/kit/test/sampling.py", line 4, in <module>
    from statistics import mean
  File "C:\robotics_sim\wlr_robot\resume_validation_fsm_residual_ppo\src\resume_validation\statistics.py", line 5, in <module>
    from statistics import mean, median, pstdev
ImportError: cannot import name 'mean' from partially initialized module 'statistics' (most likely due to a circular import) (C:\robotics_sim\wlr_robot\resume_validation_fsm_residual_ppo\src\resume_validation\statistics.py)

2026-08-01T02:19:46Z [6,493ms] [Error] [omni.graph.tools._impl.internal.extension_contents_1_18] Exception while importing test omni.replicator.core.ogn.tests.TestOgnSemanticSegmentation: Traceback (most recent call last):
  File "c:/users/kskzz/miniconda3/envs/env_isaaclab/lib/site-packages/isaacsim/extscache/omni.graph.tools-1.79.2+69cbf6ad/omni/graph/tools/_impl/internal/extension_contents_1_18.py", line 394, in do_import_test_definition
    test_module = load_module_from_file(test_module_name, test_file)
                  ^^^^^^^^^^^^^^^^^^^^^^^^^^^^^^^^^^^^^^^^^^^^^^^^^^
  File "c:/users/kskzz/miniconda3/envs/env_isaaclab/lib/site-packages/isaacsim/extscache/omni.graph.tools-1.79.2+69cbf6ad/omni/graph/tools/_impl/internal/file_utils.py", line 239, in load_module_from_file
    spec.loader.exec_module(module)
  File "<frozen importlib._bootstrap_external>", line 940, in exec_module
  File "<frozen importlib._bootstrap>", line 241, in _call_with_frames_removed
  File "c:\users\kskzz\miniconda3\envs\env_isaaclab\lib\site-packages\isaacsim\kit\cache\ogn_generated\1.79.2\omni.replicator.core-1.12.27\omni.replicator.core\ogn\tests\TestOgnSemanticSegmentation.py", line 2, in <module>
    import omni.kit.test
  File "c:/users/kskzz/miniconda3/envs/env_isaaclab/lib/site-packages/isaacsim/extscache/omni.kit.test-2.0.1+69cbf6ad.wx64.r.cp311/omni/kit/test/__init__.py", line 7, in <module>
    from . import unittests
  File "c:/users/kskzz/miniconda3/envs/env_isaaclab/lib/site-packages/isaacsim/extscache/omni.kit.test-2.0.1+69cbf6ad.wx64.r.cp311/omni/kit/test/unittests.py", line 23, in <module>
    from .exttests import RunExtTests
  File "c:/users/kskzz/miniconda3/envs/env_isaaclab/lib/site-packages/isaacsim/extscache/omni.kit.test-2.0.1+69cbf6ad.wx64.r.cp311/omni/kit/test/exttests.py", line 31, in <module>
    from .sampling import SamplingFactor
  File "c:/users/kskzz/miniconda3/envs/env_isaaclab/lib/site-packages/isaacsim/extscache/omni.kit.test-2.0.1+69cbf6ad.wx64.r.cp311/omni/kit/test/sampling.py", line 4, in <module>
    from statistics import mean
  File "C:\robotics_sim\wlr_robot\resume_validation_fsm_residual_ppo\src\resume_validation\statistics.py", line 5, in <module>
    from statistics import mean, median, pstdev
ImportError: cannot import name 'mean' from partially initialized module 'statistics' (most likely due to a circular import) (C:\robotics_sim\wlr_robot\resume_validation_fsm_residual_ppo\src\resume_validation\statistics.py)

2026-08-01T02:19:46Z [6,500ms] [Error] [omni.graph.tools._impl.internal.extension_contents_1_18] Exception while importing test omni.replicator.core.ogn.tests.TestOgnSetPivot: Traceback (most recent call last):
  File "c:/users/kskzz/miniconda3/envs/env_isaaclab/lib/site-packages/isaacsim/extscache/omni.graph.tools-1.79.2+69cbf6ad/omni/graph/tools/_impl/internal/extension_contents_1_18.py", line 394, in do_import_test_definition
    test_module = load_module_from_file(test_module_name, test_file)
                  ^^^^^^^^^^^^^^^^^^^^^^^^^^^^^^^^^^^^^^^^^^^^^^^^^^
  File "c:/users/kskzz/miniconda3/envs/env_isaaclab/lib/site-packages/isaacsim/extscache/omni.graph.tools-1.79.2+69cbf6ad/omni/graph/tools/_impl/internal/file_utils.py", line 239, in load_module_from_file
    spec.loader.exec_module(module)
  File "<frozen importlib._bootstrap_external>", line 940, in exec_module
  File "<frozen importlib._bootstrap>", line 241, in _call_with_frames_removed
  File "c:\users\kskzz\miniconda3\envs\env_isaaclab\lib\site-packages\isaacsim\kit\cache\ogn_generated\1.79.2\omni.replicator.core-1.12.27\omni.replicator.core\ogn\tests\TestOgnSetPivot.py", line 2, in <module>
    import omni.kit.test
  File "c:/users/kskzz/miniconda3/envs/env_isaaclab/lib/site-packages/isaacsim/extscache/omni.kit.test-2.0.1+69cbf6ad.wx64.r.cp311/omni/kit/test/__init__.py", line 7, in <module>
    from . import unittests
  File "c:/users/kskzz/miniconda3/envs/env_isaaclab/lib/site-packages/isaacsim/extscache/omni.kit.test-2.0.1+69cbf6ad.wx64.r.cp311/omni/kit/test/unittests.py", line 23, in <module>
    from .exttests import RunExtTests
  File "c:/users/kskzz/miniconda3/envs/env_isaaclab/lib/site-packages/isaacsim/extscache/omni.kit.test-2.0.1+69cbf6ad.wx64.r.cp311/omni/kit/test/exttests.py", line 31, in <module>
    from .sampling import SamplingFactor
  File "c:/users/kskzz/miniconda3/envs/env_isaaclab/lib/site-packages/isaacsim/extscache/omni.kit.test-2.0.1+69cbf6ad.wx64.r.cp311/omni/kit/test/sampling.py", line 4, in <module>
    from statistics import mean
  File "C:\robotics_sim\wlr_robot\resume_validation_fsm_residual_ppo\src\resume_validation\statistics.py", line 5, in <module>
    from statistics import mean, median, pstdev
ImportError: cannot import name 'mean' from partially initialized module 'statistics' (most likely due to a circular import) (C:\robotics_sim\wlr_robot\resume_validation_fsm_residual_ppo\src\resume_validation\statistics.py)

2026-08-01T02:19:46Z [6,514ms] [Error] [omni.graph.tools._impl.internal.extension_contents_1_18] Exception while importing test omni.replicator.core.ogn.tests.TestOgnSetTimeline: Traceback (most recent call last):
  File "c:/users/kskzz/miniconda3/envs/env_isaaclab/lib/site-packages/isaacsim/extscache/omni.graph.tools-1.79.2+69cbf6ad/omni/graph/tools/_impl/internal/extension_contents_1_18.py", line 394, in do_import_test_definition
    test_module = load_module_from_file(test_module_name, test_file)
                  ^^^^^^^^^^^^^^^^^^^^^^^^^^^^^^^^^^^^^^^^^^^^^^^^^^
  File "c:/users/kskzz/miniconda3/envs/env_isaaclab/lib/site-packages/isaacsim/extscache/omni.graph.tools-1.79.2+69cbf6ad/omni/graph/tools/_impl/internal/file_utils.py", line 239, in load_module_from_file
    spec.loader.exec_module(module)
  File "<frozen importlib._bootstrap_external>", line 940, in exec_module
  File "<frozen importlib._bootstrap>", line 241, in _call_with_frames_removed
  File "c:\users\kskzz\miniconda3\envs\env_isaaclab\lib\site-packages\isaacsim\kit\cache\ogn_generated\1.79.2\omni.replicator.core-1.12.27\omni.replicator.core\ogn\tests\TestOgnSetTimeline.py", line 2, in <module>
    import omni.kit.test
  File "c:/users/kskzz/miniconda3/envs/env_isaaclab/lib/site-packages/isaacsim/extscache/omni.kit.test-2.0.1+69cbf6ad.wx64.r.cp311/omni/kit/test/__init__.py", line 7, in <module>
    from . import unittests
  File "c:/users/kskzz/miniconda3/envs/env_isaaclab/lib/site-packages/isaacsim/extscache/omni.kit.test-2.0.1+69cbf6ad.wx64.r.cp311/omni/kit/test/unittests.py", line 23, in <module>
    from .exttests import RunExtTests
  File "c:/users/kskzz/miniconda3/envs/env_isaaclab/lib/site-packages/isaacsim/extscache/omni.kit.test-2.0.1+69cbf6ad.wx64.r.cp311/omni/kit/test/exttests.py", line 31, in <module>
    from .sampling import SamplingFactor
  File "c:/users/kskzz/miniconda3/envs/env_isaaclab/lib/site-packages/isaacsim/extscache/omni.kit.test-2.0.1+69cbf6ad.wx64.r.cp311/omni/kit/test/sampling.py", line 4, in <module>
    from statistics import mean
  File "C:\robotics_sim\wlr_robot\resume_validation_fsm_residual_ppo\src\resume_validation\statistics.py", line 5, in <module>
    from statistics import mean, median, pstdev
ImportError: cannot import name 'mean' from partially initialized module 'statistics' (most likely due to a circular import) (C:\robotics_sim\wlr_robot\resume_validation_fsm_residual_ppo\src\resume_validation\statistics.py)

2026-08-01T02:19:46Z [6,520ms] [Error] [omni.graph.tools._impl.internal.extension_contents_1_18] Exception while importing test omni.replicator.core.ogn.tests.TestOgnSetVariant: Traceback (most recent call last):
  File "c:/users/kskzz/miniconda3/envs/env_isaaclab/lib/site-packages/isaacsim/extscache/omni.graph.tools-1.79.2+69cbf6ad/omni/graph/tools/_impl/internal/extension_contents_1_18.py", line 394, in do_import_test_definition
    test_module = load_module_from_file(test_module_name, test_file)
                  ^^^^^^^^^^^^^^^^^^^^^^^^^^^^^^^^^^^^^^^^^^^^^^^^^^
  File "c:/users/kskzz/miniconda3/envs/env_isaaclab/lib/site-packages/isaacsim/extscache/omni.graph.tools-1.79.2+69cbf6ad/omni/graph/tools/_impl/internal/file_utils.py", line 239, in load_module_from_file
    spec.loader.exec_module(module)
  File "<frozen importlib._bootstrap_external>", line 940, in exec_module
  File "<frozen importlib._bootstrap>", line 241, in _call_with_frames_removed
  File "c:\users\kskzz\miniconda3\envs\env_isaaclab\lib\site-packages\isaacsim\kit\cache\ogn_generated\1.79.2\omni.replicator.core-1.12.27\omni.replicator.core\ogn\tests\TestOgnSetVariant.py", line 2, in <module>
    import omni.kit.test
  File "c:/users/kskzz/miniconda3/envs/env_isaaclab/lib/site-packages/isaacsim/extscache/omni.kit.test-2.0.1+69cbf6ad.wx64.r.cp311/omni/kit/test/__init__.py", line 7, in <module>
    from . import unittests
  File "c:/users/kskzz/miniconda3/envs/env_isaaclab/lib/site-packages/isaacsim/extscache/omni.kit.test-2.0.1+69cbf6ad.wx64.r.cp311/omni/kit/test/unittests.py", line 23, in <module>
    from .exttests import RunExtTests
  File "c:/users/kskzz/miniconda3/envs/env_isaaclab/lib/site-packages/isaacsim/extscache/omni.kit.test-2.0.1+69cbf6ad.wx64.r.cp311/omni/kit/test/exttests.py", line 31, in <module>
    from .sampling import SamplingFactor
  File "c:/users/kskzz/miniconda3/envs/env_isaaclab/lib/site-packages/isaacsim/extscache/omni.kit.test-2.0.1+69cbf6ad.wx64.r.cp311/omni/kit/test/sampling.py", line 4, in <module>
    from statistics import mean
  File "C:\robotics_sim\wlr_robot\resume_validation_fsm_residual_ppo\src\resume_validation\statistics.py", line 5, in <module>
    from statistics import mean, median, pstdev
ImportError: cannot import name 'mean' from partially initialized module 'statistics' (most likely due to a circular import) (C:\robotics_sim\wlr_robot\resume_validation_fsm_residual_ppo\src\resume_validation\statistics.py)

2026-08-01T02:19:46Z [6,525ms] [Error] [omni.graph.tools._impl.internal.extension_contents_1_18] Exception while importing test omni.replicator.core.ogn.tests.TestOgnSetVisibility: Traceback (most recent call last):
  File "c:/users/kskzz/miniconda3/envs/env_isaaclab/lib/site-packages/isaacsim/extscache/omni.graph.tools-1.79.2+69cbf6ad/omni/graph/tools/_impl/internal/extension_contents_1_18.py", line 394, in do_import_test_definition
    test_module = load_module_from_file(test_module_name, test_file)
                  ^^^^^^^^^^^^^^^^^^^^^^^^^^^^^^^^^^^^^^^^^^^^^^^^^^
  File "c:/users/kskzz/miniconda3/envs/env_isaaclab/lib/site-packages/isaacsim/extscache/omni.graph.tools-1.79.2+69cbf6ad/omni/graph/tools/_impl/internal/file_utils.py", line 239, in load_module_from_file
    spec.loader.exec_module(module)
  File "<frozen importlib._bootstrap_external>", line 940, in exec_module
  File "<frozen importlib._bootstrap>", line 241, in _call_with_frames_removed
  File "c:\users\kskzz\miniconda3\envs\env_isaaclab\lib\site-packages\isaacsim\kit\cache\ogn_generated\1.79.2\omni.replicator.core-1.12.27\omni.replicator.core\ogn\tests\TestOgnSetVisibility.py", line 2, in <module>
    import omni.kit.test
  File "c:/users/kskzz/miniconda3/envs/env_isaaclab/lib/site-packages/isaacsim/extscache/omni.kit.test-2.0.1+69cbf6ad.wx64.r.cp311/omni/kit/test/__init__.py", line 7, in <module>
    from . import unittests
  File "c:/users/kskzz/miniconda3/envs/env_isaaclab/lib/site-packages/isaacsim/extscache/omni.kit.test-2.0.1+69cbf6ad.wx64.r.cp311/omni/kit/test/unittests.py", line 23, in <module>
    from .exttests import RunExtTests
  File "c:/users/kskzz/miniconda3/envs/env_isaaclab/lib/site-packages/isaacsim/extscache/omni.kit.test-2.0.1+69cbf6ad.wx64.r.cp311/omni/kit/test/exttests.py", line 31, in <module>
    from .sampling import SamplingFactor
  File "c:/users/kskzz/miniconda3/envs/env_isaaclab/lib/site-packages/isaacsim/extscache/omni.kit.test-2.0.1+69cbf6ad.wx64.r.cp311/omni/kit/test/sampling.py", line 4, in <module>
    from statistics import mean
  File "C:\robotics_sim\wlr_robot\resume_validation_fsm_residual_ppo\src\resume_validation\statistics.py", line 5, in <module>
    from statistics import mean, median, pstdev
ImportError: cannot import name 'mean' from partially initialized module 'statistics' (most likely due to a circular import) (C:\robotics_sim\wlr_robot\resume_validation_fsm_residual_ppo\src\resume_validation\statistics.py)

2026-08-01T02:19:46Z [6,531ms] [Error] [omni.graph.tools._impl.internal.extension_contents_1_18] Exception while importing test omni.replicator.core.ogn.tests.TestOgnSizeToScale: Traceback (most recent call last):
  File "c:/users/kskzz/miniconda3/envs/env_isaaclab/lib/site-packages/isaacsim/extscache/omni.graph.tools-1.79.2+69cbf6ad/omni/graph/tools/_impl/internal/extension_contents_1_18.py", line 394, in do_import_test_definition
    test_module = load_module_from_file(test_module_name, test_file)
                  ^^^^^^^^^^^^^^^^^^^^^^^^^^^^^^^^^^^^^^^^^^^^^^^^^^
  File "c:/users/kskzz/miniconda3/envs/env_isaaclab/lib/site-packages/isaacsim/extscache/omni.graph.tools-1.79.2+69cbf6ad/omni/graph/tools/_impl/internal/file_utils.py", line 239, in load_module_from_file
    spec.loader.exec_module(module)
  File "<frozen importlib._bootstrap_external>", line 940, in exec_module
  File "<frozen importlib._bootstrap>", line 241, in _call_with_frames_removed
  File "c:\users\kskzz\miniconda3\envs\env_isaaclab\lib\site-packages\isaacsim\kit\cache\ogn_generated\1.79.2\omni.replicator.core-1.12.27\omni.replicator.core\ogn\tests\TestOgnSizeToScale.py", line 2, in <module>
    import omni.kit.test
  File "c:/users/kskzz/miniconda3/envs/env_isaaclab/lib/site-packages/isaacsim/extscache/omni.kit.test-2.0.1+69cbf6ad.wx64.r.cp311/omni/kit/test/__init__.py", line 7, in <module>
    from . import unittests
  File "c:/users/kskzz/miniconda3/envs/env_isaaclab/lib/site-packages/isaacsim/extscache/omni.kit.test-2.0.1+69cbf6ad.wx64.r.cp311/omni/kit/test/unittests.py", line 23, in <module>
    from .exttests import RunExtTests
  File "c:/users/kskzz/miniconda3/envs/env_isaaclab/lib/site-packages/isaacsim/extscache/omni.kit.test-2.0.1+69cbf6ad.wx64.r.cp311/omni/kit/test/exttests.py", line 31, in <module>
    from .sampling import SamplingFactor
  File "c:/users/kskzz/miniconda3/envs/env_isaaclab/lib/site-packages/isaacsim/extscache/omni.kit.test-2.0.1+69cbf6ad.wx64.r.cp311/omni/kit/test/sampling.py", line 4, in <module>
    from statistics import mean
  File "C:\robotics_sim\wlr_robot\resume_validation_fsm_residual_ppo\src\resume_validation\statistics.py", line 5, in <module>
    from statistics import mean, median, pstdev
ImportError: cannot import name 'mean' from partially initialized module 'statistics' (most likely due to a circular import) (C:\robotics_sim\wlr_robot\resume_validation_fsm_residual_ppo\src\resume_validation\statistics.py)

2026-08-01T02:19:46Z [6,538ms] [Error] [omni.graph.tools._impl.internal.extension_contents_1_18] Exception while importing test omni.replicator.core.ogn.tests.TestOgnTriggerGate: Traceback (most recent call last):
  File "c:/users/kskzz/miniconda3/envs/env_isaaclab/lib/site-packages/isaacsim/extscache/omni.graph.tools-1.79.2+69cbf6ad/omni/graph/tools/_impl/internal/extension_contents_1_18.py", line 394, in do_import_test_definition
    test_module = load_module_from_file(test_module_name, test_file)
                  ^^^^^^^^^^^^^^^^^^^^^^^^^^^^^^^^^^^^^^^^^^^^^^^^^^
  File "c:/users/kskzz/miniconda3/envs/env_isaaclab/lib/site-packages/isaacsim/extscache/omni.graph.tools-1.79.2+69cbf6ad/omni/graph/tools/_impl/internal/file_utils.py", line 239, in load_module_from_file
    spec.loader.exec_module(module)
  File "<frozen importlib._bootstrap_external>", line 940, in exec_module
  File "<frozen importlib._bootstrap>", line 241, in _call_with_frames_removed
  File "c:\users\kskzz\miniconda3\envs\env_isaaclab\lib\site-packages\isaacsim\kit\cache\ogn_generated\1.79.2\omni.replicator.core-1.12.27\omni.replicator.core\ogn\tests\TestOgnTriggerGate.py", line 2, in <module>
    import omni.kit.test
  File "c:/users/kskzz/miniconda3/envs/env_isaaclab/lib/site-packages/isaacsim/extscache/omni.kit.test-2.0.1+69cbf6ad.wx64.r.cp311/omni/kit/test/__init__.py", line 7, in <module>
    from . import unittests
  File "c:/users/kskzz/miniconda3/envs/env_isaaclab/lib/site-packages/isaacsim/extscache/omni.kit.test-2.0.1+69cbf6ad.wx64.r.cp311/omni/kit/test/unittests.py", line 23, in <module>
    from .exttests import RunExtTests
  File "c:/users/kskzz/miniconda3/envs/env_isaaclab/lib/site-packages/isaacsim/extscache/omni.kit.test-2.0.1+69cbf6ad.wx64.r.cp311/omni/kit/test/exttests.py", line 31, in <module>
    from .sampling import SamplingFactor
  File "c:/users/kskzz/miniconda3/envs/env_isaaclab/lib/site-packages/isaacsim/extscache/omni.kit.test-2.0.1+69cbf6ad.wx64.r.cp311/omni/kit/test/sampling.py", line 4, in <module>
    from statistics import mean
  File "C:\robotics_sim\wlr_robot\resume_validation_fsm_residual_ppo\src\resume_validation\statistics.py", line 5, in <module>
    from statistics import mean, median, pstdev
ImportError: cannot import name 'mean' from partially initialized module 'statistics' (most likely due to a circular import) (C:\robotics_sim\wlr_robot\resume_validation_fsm_residual_ppo\src\resume_validation\statistics.py)

2026-08-01T02:19:46Z [6,546ms] [Error] [omni.graph.tools._impl.internal.extension_contents_1_18] Exception while importing test omni.replicator.core.ogn.tests.TestOgnWriteCarbSetting: Traceback (most recent call last):
  File "c:/users/kskzz/miniconda3/envs/env_isaaclab/lib/site-packages/isaacsim/extscache/omni.graph.tools-1.79.2+69cbf6ad/omni/graph/tools/_impl/internal/extension_contents_1_18.py", line 394, in do_import_test_definition
    test_module = load_module_from_file(test_module_name, test_file)
                  ^^^^^^^^^^^^^^^^^^^^^^^^^^^^^^^^^^^^^^^^^^^^^^^^^^
  File "c:/users/kskzz/miniconda3/envs/env_isaaclab/lib/site-packages/isaacsim/extscache/omni.graph.tools-1.79.2+69cbf6ad/omni/graph/tools/_impl/internal/file_utils.py", line 239, in load_module_from_file
    spec.loader.exec_module(module)
  File "<frozen importlib._bootstrap_external>", line 940, in exec_module
  File "<frozen importlib._bootstrap>", line 241, in _call_with_frames_removed
  File "c:\users\kskzz\miniconda3\envs\env_isaaclab\lib\site-packages\isaacsim\kit\cache\ogn_generated\1.79.2\omni.replicator.core-1.12.27\omni.replicator.core\ogn\tests\TestOgnWriteCarbSetting.py", line 2, in <module>
    import omni.kit.test
  File "c:/users/kskzz/miniconda3/envs/env_isaaclab/lib/site-packages/isaacsim/extscache/omni.kit.test-2.0.1+69cbf6ad.wx64.r.cp311/omni/kit/test/__init__.py", line 7, in <module>
    from . import unittests
  File "c:/users/kskzz/miniconda3/envs/env_isaaclab/lib/site-packages/isaacsim/extscache/omni.kit.test-2.0.1+69cbf6ad.wx64.r.cp311/omni/kit/test/unittests.py", line 23, in <module>
    from .exttests import RunExtTests
  File "c:/users/kskzz/miniconda3/envs/env_isaaclab/lib/site-packages/isaacsim/extscache/omni.kit.test-2.0.1+69cbf6ad.wx64.r.cp311/omni/kit/test/exttests.py", line 31, in <module>
    from .sampling import SamplingFactor
  File "c:/users/kskzz/miniconda3/envs/env_isaaclab/lib/site-packages/isaacsim/extscache/omni.kit.test-2.0.1+69cbf6ad.wx64.r.cp311/omni/kit/test/sampling.py", line 4, in <module>
    from statistics import mean
  File "C:\robotics_sim\wlr_robot\resume_validation_fsm_residual_ppo\src\resume_validation\statistics.py", line 5, in <module>
    from statistics import mean, median, pstdev
ImportError: cannot import name 'mean' from partially initialized module 'statistics' (most likely due to a circular import) (C:\robotics_sim\wlr_robot\resume_validation_fsm_residual_ppo\src\resume_validation\statistics.py)

2026-08-01T02:19:46Z [6,552ms] [Error] [omni.graph.tools._impl.internal.extension_contents_1_18] Exception while importing test omni.replicator.core.ogn.tests.TestOgnWritePhysics: Traceback (most recent call last):
  File "c:/users/kskzz/miniconda3/envs/env_isaaclab/lib/site-packages/isaacsim/extscache/omni.graph.tools-1.79.2+69cbf6ad/omni/graph/tools/_impl/internal/extension_contents_1_18.py", line 394, in do_import_test_definition
    test_module = load_module_from_file(test_module_name, test_file)
                  ^^^^^^^^^^^^^^^^^^^^^^^^^^^^^^^^^^^^^^^^^^^^^^^^^^
  File "c:/users/kskzz/miniconda3/envs/env_isaaclab/lib/site-packages/isaacsim/extscache/omni.graph.tools-1.79.2+69cbf6ad/omni/graph/tools/_impl/internal/file_utils.py", line 239, in load_module_from_file
    spec.loader.exec_module(module)
  File "<frozen importlib._bootstrap_external>", line 940, in exec_module
  File "<frozen importlib._bootstrap>", line 241, in _call_with_frames_removed
  File "c:\users\kskzz\miniconda3\envs\env_isaaclab\lib\site-packages\isaacsim\kit\cache\ogn_generated\1.79.2\omni.replicator.core-1.12.27\omni.replicator.core\ogn\tests\TestOgnWritePhysics.py", line 2, in <module>
    import omni.kit.test
  File "c:/users/kskzz/miniconda3/envs/env_isaaclab/lib/site-packages/isaacsim/extscache/omni.kit.test-2.0.1+69cbf6ad.wx64.r.cp311/omni/kit/test/__init__.py", line 7, in <module>
    from . import unittests
  File "c:/users/kskzz/miniconda3/envs/env_isaaclab/lib/site-packages/isaacsim/extscache/omni.kit.test-2.0.1+69cbf6ad.wx64.r.cp311/omni/kit/test/unittests.py", line 23, in <module>
    from .exttests import RunExtTests
  File "c:/users/kskzz/miniconda3/envs/env_isaaclab/lib/site-packages/isaacsim/extscache/omni.kit.test-2.0.1+69cbf6ad.wx64.r.cp311/omni/kit/test/exttests.py", line 31, in <module>
    from .sampling import SamplingFactor
  File "c:/users/kskzz/miniconda3/envs/env_isaaclab/lib/site-packages/isaacsim/extscache/omni.kit.test-2.0.1+69cbf6ad.wx64.r.cp311/omni/kit/test/sampling.py", line 4, in <module>
    from statistics import mean
  File "C:\robotics_sim\wlr_robot\resume_validation_fsm_residual_ppo\src\resume_validation\statistics.py", line 5, in <module>
    from statistics import mean, median, pstdev
ImportError: cannot import name 'mean' from partially initialized module 'statistics' (most likely due to a circular import) (C:\robotics_sim\wlr_robot\resume_validation_fsm_residual_ppo\src\resume_validation\statistics.py)

2026-08-01T02:19:46Z [6,553ms] [Info] [omni.graph.core.plugin] Creating unregistered node type omni.replicator.core.OgnArray (version 1)
2026-08-01T02:19:46Z [6,553ms] [Info] [omni.graph.core.plugin] Creating unregistered node type omni.replicator.core.AugBgRandExp (version 1)
2026-08-01T02:19:46Z [6,553ms] [Info] [omni.graph.core.plugin] Creating unregistered node type omni.replicator.core.AugCanny (version 1)
2026-08-01T02:19:46Z [6,553ms] [Info] [omni.graph.core.plugin] Creating unregistered node type omni.replicator.core.AugContrastExp (version 1)
2026-08-01T02:19:46Z [6,553ms] [Info] [omni.graph.core.plugin] Creating unregistered node type omni.replicator.core.AugConv2dExp (version 1)
2026-08-01T02:19:46Z [6,554ms] [Info] [omni.graph.core.plugin] Creating unregistered node type omni.replicator.core.AugCropResizeExp (version 1)
2026-08-01T02:19:46Z [6,554ms] [Info] [omni.graph.core.plugin] Creating unregistered node type omni.replicator.core.AugCutMixExp (version 1)
2026-08-01T02:19:46Z [6,554ms] [Info] [omni.graph.core.plugin] Creating unregistered node type omni.replicator.core.AugImgBlendExp (version 1)
2026-08-01T02:19:46Z [6,554ms] [Info] [omni.graph.core.plugin] Creating unregistered node type omni.replicator.core.OgnOnFrame (version 2)
2026-08-01T02:19:46Z [6,554ms] [Info] [omni.graph.core.plugin] Creating unregistered node type omni.replicator.core.OgnAugment (version 1)
2026-08-01T02:19:46Z [6,554ms] [Info] [omni.graph.core.plugin] Creating unregistered node type omni.replicator.core.OgnOnTime (version 3)
2026-08-01T02:19:46Z [6,554ms] [Info] [omni.graph.core.plugin] Creating unregistered node type omni.replicator.core.OgnAugmentCPU (version 1)
2026-08-01T02:19:46Z [6,554ms] [Info] [omni.graph.core.plugin] Creating unregistered node type omni.replicator.core.AugMotionBlurExp (version 1)
2026-08-01T02:19:46Z [6,554ms] [Info] [omni.graph.core.plugin] Creating unregistered node type omni.replicator.core.OgnOrbit (version 1)
2026-08-01T02:19:46Z [6,555ms] [Info] [omni.graph.core.plugin] Creating unregistered node type omni.replicator.core.AugPixellateExp (version 1)
2026-08-01T02:19:46Z [6,555ms] [Info] [omni.graph.core.plugin] Creating unregistered node type omni.replicator.core.OgnPerAxisPose (version 1)
2026-08-01T02:19:46Z [6,555ms] [Info] [omni.graph.core.plugin] Creating unregistered node type omni.replicator.core.AugRotateExp (version 1)
2026-08-01T02:19:46Z [6,555ms] [Info] [omni.graph.core.plugin] Creating unregistered node type omni.replicator.core.OgnPhysicsReset (version 1)
2026-08-01T02:19:46Z [6,555ms] [Info] [omni.graph.core.plugin] Creating unregistered node type omni.replicator.core.OgnWritePrimAttribute (version 1)
2026-08-01T02:19:46Z [6,555ms] [Info] [omni.graph.core.plugin] Creating unregistered node type omni.replicator.core.OgnAugShadeSegmentation (version 1)
2026-08-01T02:19:46Z [6,555ms] [Info] [omni.graph.core.plugin] Creating unregistered node type omni.replicator.core.OgnPhysicsSimulate (version 1)
2026-08-01T02:19:46Z [6,555ms] [Info] [omni.graph.core.plugin] Creating unregistered node type omni.replicator.core.OgnBindMaterial (version 2)
2026-08-01T02:19:46Z [6,555ms] [Info] [omni.graph.core.plugin] Creating unregistered node type omni.replicator.core.OgnWriter (version 2)
2026-08-01T02:19:46Z [6,555ms] [Info] [omni.graph.core.plugin] Creating unregistered node type omni.replicator.core.OgnPointCloudGenerator (version 1)
2026-08-01T02:19:46Z [6,555ms] [Info] [omni.graph.core.plugin] Creating unregistered node type omni.replicator.core.OgnWriteSemantics (version 3)
2026-08-01T02:19:46Z [6,556ms] [Info] [omni.graph.core.plugin] Creating unregistered node type omni.replicator.core.BoundingBoxLegacy (version 1)
2026-08-01T02:19:46Z [6,556ms] [Info] [omni.graph.core.plugin] Creating unregistered node type omni.replicator.core.OgnSampleChoice (version 1)
2026-08-01T02:19:46Z [6,556ms] [Info] [omni.graph.core.plugin] Creating unregistered node type omni.replicator.core.OgnCameraRelativePosition (version 1)
2026-08-01T02:19:46Z [6,556ms] [Info] [omni.graph.core.plugin] Creating unregistered node type omni.replicator.core.OgnSampleChoicePrim (version 1)
2026-08-01T02:19:46Z [6,556ms] [Info] [omni.graph.core.plugin] Creating unregistered node type omni.replicator.core.OgnConditionScript (version 1)
2026-08-01T02:19:46Z [6,556ms] [Info] [omni.graph.core.plugin] Creating unregistered node type omni.replicator.core.OgnSampleCombine (version 1)
2026-08-01T02:19:46Z [6,556ms] [Info] [omni.graph.core.plugin] Creating unregistered node type omni.replicator.core.OgnCreateProjectionMaterial (version 1)
2026-08-01T02:19:46Z [6,556ms] [Info] [omni.graph.core.plugin] Creating unregistered node type omni.replicator.core.OgnSampleLight (version 1)
2026-08-01T02:19:46Z [6,556ms] [Info] [omni.graph.core.plugin] Creating unregistered node type omni.replicator.core.OgnDecal (version 1)
2026-08-01T02:19:46Z [6,556ms] [Info] [omni.graph.core.plugin] Creating unregistered node type omni.replicator.core.OgnGetPrimAtPath (version 1)
2026-08-01T02:19:46Z [6,556ms] [Info] [omni.graph.core.plugin] Creating unregistered node type omni.replicator.core.OgnSampleLogUniform (version 1)
2026-08-01T02:19:46Z [6,556ms] [Info] [omni.graph.core.plugin] Creating unregistered node type omni.replicator.core.OgnGetPrims (version 1)
2026-08-01T02:19:46Z [6,556ms] [Info] [omni.graph.core.plugin] Creating unregistered node type omni.replicator.core.OgnSampleMaterial (version 1)
2026-08-01T02:19:46Z [6,557ms] [Info] [omni.graph.core.plugin] Creating unregistered node type omni.replicator.core.OgnGetSkeletonData (version 2)
2026-08-01T02:19:46Z [6,557ms] [Info] [omni.graph.core.plugin] Creating unregistered node type omni.replicator.core.OgnSampleNormal (version 1)
2026-08-01T02:19:46Z [6,557ms] [Info] [omni.graph.core.plugin] Creating unregistered node type omni.replicator.core.OgnGroup (version 1)
2026-08-01T02:19:46Z [6,557ms] [Info] [omni.graph.core.plugin] Creating unregistered node type omni.replicator.core.OgnSampleOmniPBR (version 1)
2026-08-01T02:19:46Z [6,557ms] [Info] [omni.graph.core.plugin] Creating unregistered node type omni.replicator.core.InstanceIdSegmentationLegacy (version 1)
2026-08-01T02:19:46Z [6,557ms] [Info] [omni.graph.core.plugin] Creating unregistered node type omni.replicator.core.OgnSamplePopulation (version 2)
2026-08-01T02:19:46Z [6,557ms] [Info] [omni.graph.core.plugin] Creating unregistered node type omni.replicator.core.InstanceSegmentationLegacy (version 1)
2026-08-01T02:19:46Z [6,557ms] [Info] [omni.graph.core.plugin] Creating unregistered node type omni.replicator.core.OgnSampleRotation (version 1)
2026-08-01T02:19:46Z [6,557ms] [Info] [omni.graph.core.plugin] Creating unregistered node type omni.replicator.core.OgnLookAt (version 2)
2026-08-01T02:19:46Z [6,557ms] [Info] [omni.graph.core.plugin] Creating unregistered node type omni.replicator.core.OgnSampleSequence (version 1)
2026-08-01T02:19:46Z [6,557ms] [Info] [omni.graph.core.plugin] Creating unregistered node type omni.replicator.core.OgnMeshBoundsDecalPlacement (version 1)
2026-08-01T02:19:46Z [6,558ms] [Info] [omni.graph.core.plugin] Creating unregistered node type omni.replicator.core.OgnSampleSequencePrim (version 1)
2026-08-01T02:19:46Z [6,558ms] [Info] [omni.graph.core.plugin] Creating unregistered node type omni.replicator.core.OgnMeshDecal (version 1)
2026-08-01T02:19:46Z [6,558ms] [Info] [omni.graph.core.plugin] Creating unregistered node type omni.replicator.core.OgnSampleUniform (version 1)
2026-08-01T02:19:46Z [6,558ms] [Info] [omni.graph.core.plugin] Creating unregistered node type omni.replicator.core.OgnModifyAnimationTarget (version 2)
2026-08-01T02:19:46Z [6,558ms] [Info] [omni.graph.core.plugin] Creating unregistered node type omni.replicator.core.OgnScatter2D (version 1)
2026-08-01T02:19:46Z [6,558ms] [Info] [omni.graph.core.plugin] Creating unregistered node type omni.replicator.core.OgnModifyProjectionMaterial (version 1)
2026-08-01T02:19:46Z [6,558ms] [Info] [omni.graph.core.plugin] Creating unregistered node type omni.replicator.core.OgnScatter3D (version 1)
2026-08-01T02:19:46Z [6,559ms] [Info] [omni.graph.core.plugin] Creating unregistered node type omni.replicator.core.OgnOnCondition (version 1)
2026-08-01T02:19:46Z [6,559ms] [Info] [omni.graph.core.plugin] Creating unregistered node type omni.replicator.core.OgnScheduleWriter (version 1)
2026-08-01T02:19:46Z [6,559ms] [Info] [omni.graph.core.plugin] Creating unregistered node type omni.replicator.core.SemanticSegmentation (version 1)
2026-08-01T02:19:46Z [6,559ms] [Info] [omni.graph.core.plugin] Creating unregistered node type omni.replicator.core.OgnSetPivot (version 1)
2026-08-01T02:19:46Z [6,559ms] [Info] [omni.graph.core.plugin] Creating unregistered node type omni.replicator.core.OgnSetTimeline (version 1)
2026-08-01T02:19:46Z [6,559ms] [Info] [omni.graph.core.plugin] Creating unregistered node type omni.replicator.core.OgnSetVariant (version 1)
2026-08-01T02:19:46Z [6,559ms] [Info] [omni.graph.core.plugin] Creating unregistered node type omni.replicator.core.OgnSetVisibility (version 1)
2026-08-01T02:19:46Z [6,559ms] [Info] [omni.graph.core.plugin] Creating unregistered node type omni.replicator.core.OgnSizeToScale (version 1)
2026-08-01T02:19:46Z [6,559ms] [Info] [omni.graph.core.plugin] Creating unregistered node type omni.replicator.core.OgnTriggerGate (version 1)
2026-08-01T02:19:46Z [6,559ms] [Info] [omni.graph.core.plugin] Creating unregistered node type omni.replicator.core.OgnWriteCarbSetting (version 1)
2026-08-01T02:19:46Z [6,559ms] [Info] [omni.graph.core.plugin] Creating unregistered node type omni.replicator.core.OgnWritePhysics (version 1)
2026-08-01T02:19:47Z [7,024ms] [Info] [omni.ext._impl._internal] Searching for classes derived from 'omni.ext.IExt' in 'isaaclab_assets' ('c:\robotics_sim\isaaclab\source\isaaclab_assets')
2026-08-01T02:19:47Z [7,024ms] [Info] [omni.ext.plugin] [ext: isaaclab_assets-0.2.4] started, startup time: 1848 (ms)
2026-08-01T02:19:47Z [7,024ms] [Info] [omni.ext.plugin] About to startup: [ext: isaaclab_tasks-0.11.16] (order: 1000) Triggered by: isaaclab.python.headless-2.3.2, isaaclab_mimic-1.0.16, isaaclab_rl-0.5.1 (path: c:/robotics_sim/isaaclab/source/isaaclab_tasks)
2026-08-01T02:19:47Z [7,024ms] [Info] [omni.kit.app.plugin] [7.067s] [ext: isaaclab_tasks-0.11.16] startup
2026-08-01T02:19:47Z [7,024ms] [Info] [omni.ext.plugin] [ext manager] preferLocalVersions: 1
2026-08-01T02:19:47Z [7,426ms] [Info] [omni.ext._impl._internal] Searching for classes derived from 'omni.ext.IExt' in 'isaaclab_tasks' ('c:\robotics_sim\isaaclab\source\isaaclab_tasks')
2026-08-01T02:19:47Z [7,426ms] [Info] [omni.ext.plugin] [ext: isaaclab_tasks-0.11.16] started, startup time: 402 (ms)
2026-08-01T02:19:47Z [7,426ms] [Info] [omni.ext.plugin] About to startup: [ext: isaaclab_rl-0.5.1] (order: 1000) Triggered by: isaaclab.python.headless-2.3.2 (path: c:/robotics_sim/isaaclab/source/isaaclab_rl)
2026-08-01T02:19:47Z [7,426ms] [Info] [omni.kit.app.plugin] [7.469s] [ext: isaaclab_rl-0.5.1] startup
2026-08-01T02:19:47Z [7,427ms] [Info] [omni.ext.plugin] [ext manager] preferLocalVersions: 1
2026-08-01T02:19:47Z [7,427ms] [Info] [omni.ext._impl._internal] Searching for classes derived from 'omni.ext.IExt' in 'isaaclab_rl' ('c:\robotics_sim\isaaclab\source\isaaclab_rl')
2026-08-01T02:19:47Z [7,428ms] [Info] [omni.ext.plugin] [ext: isaaclab_rl-0.5.1] started, startup time: 1 (ms)
2026-08-01T02:19:47Z [7,428ms] [Info] [omni.ext.plugin] About to startup: [ext: isaaclab_mimic-1.0.16] (order: 1000) Triggered by: isaaclab.python.headless-2.3.2 (path: c:/robotics_sim/isaaclab/source/isaaclab_mimic)
2026-08-01T02:19:47Z [7,428ms] [Info] [omni.kit.app.plugin] [7.471s] [ext: isaaclab_mimic-1.0.16] startup
2026-08-01T02:19:47Z [7,428ms] [Info] [omni.ext.plugin] [ext manager] preferLocalVersions: 1
2026-08-01T02:19:47Z [7,429ms] [Info] [omni.ext._impl._internal] Searching for classes derived from 'omni.ext.IExt' in 'isaaclab_mimic' ('c:\robotics_sim\isaaclab\source\isaaclab_mimic')
2026-08-01T02:19:47Z [7,429ms] [Info] [omni.ext.plugin] [ext: isaaclab_mimic-1.0.16] started, startup time: 0 (ms)
2026-08-01T02:19:47Z [7,429ms] [Info] [omni.ext.plugin] About to startup: [ext: isaaclab.python.headless-2.3.2] (order: 0) Triggered by: isaaclab.python.headless.rendering-2.3.2 (path: c:/robotics_sim/isaaclab/apps/isaaclab.python.headless.kit)
2026-08-01T02:19:47Z [7,429ms] [Info] [omni.kit.app.plugin] [7.472s] [ext: isaaclab.python.headless-2.3.2] startup
2026-08-01T02:19:47Z [7,429ms] [Info] [omni.ext.plugin] [ext: isaaclab.python.headless-2.3.2] started, startup time: 0 (ms)
2026-08-01T02:19:47Z [7,429ms] [Info] [omni.ext.plugin] [ext manager] preferLocalVersions: 1
2026-08-01T02:19:47Z [7,429ms] [Info] [omni.ext.plugin] About to startup: [ext: isaaclab.python.headless.rendering-2.3.2] (order: 0) Triggered by API/CLI/Config. (path: c:/robotics_sim/isaaclab/apps/isaaclab.python.headless.rendering.kit)
2026-08-01T02:19:47Z [7,429ms] [Info] [omni.kit.app.plugin] [7.473s] [ext: isaaclab.python.headless.rendering-2.3.2] startup
2026-08-01T02:19:47Z [7,429ms] [Info] [omni.ext.plugin] [ext: isaaclab.python.headless.rendering-2.3.2] started, startup time: 0 (ms)
2026-08-01T02:19:47Z [7,432ms] [Info] [omni.kit.app.plugin] app started
2026-08-01T02:19:47Z [7,432ms] [Info] [simulation_app.simulation_app] SimulationApp._start_app: Kit application startup completed
2026-08-01T02:19:47Z [7,433ms] [Info] [simulation_app.simulation_app] SimulationApp._set_render_settings: Completed render settings configuration
2026-08-01T02:19:47Z [7,433ms] [Info] [omni.kit.app.plugin] [7.476s] Simulation App Starting
2026-08-01T02:19:47Z [7,433ms] [Info] [carb] Plugin omni.fabric.endframe.plugin is already a dependency of omni.fabric.plugin; not changing unload order
2026-08-01T02:19:47Z [7,435ms] [Info] [omni.kit.menu.utils.utils] omni.kit.menu.utils.refresh_menu_items Replicator
2026-08-01T02:19:47Z [7,435ms] [Info] [omni.kit.renderer.plugin] Transitioning from present thread
2026-08-01T02:19:47Z [7,440ms] [Info] [simulation_app.simulation_app] SimulationApp.__init__: Creating new stage
2026-08-01T02:19:47Z [7,528ms] [Info] [carb] Initializing plugin: omni.hydra.usdrt_delegate.plugin (interfaces: [omni::hydra::usdrt::ISceneDelegateFactory v0.1]) (impl: omni.hydra.usdrt_delegate.plugin)
2026-08-01T02:19:47Z [7,528ms] [Info] [carb] Initializing plugin: omni.gpucompute-cuda.plugin (interfaces: [omni::gpucompute::GpuCompute v0.3]) (impl: omni.gpucompute-cuda.plugin)
2026-08-01T02:19:47Z [7,529ms] [Info] [usdrt.population.plugin] using high frequency span with attrs is disabled
2026-08-01T02:19:47Z [7,529ms] [Info] [usdrt.population.plugin] using high frequency span is disabled
2026-08-01T02:19:47Z [7,531ms] [Info] [omni.usd] Status (secondary thread): in _OpenAsset at line 360 of C:\g\181840452\source\library\OmniUsdResolver_Ar2.cpp -- OmniUsdResolver: Opening filesystem asset 'C:\users\kskzz\miniconda3\envs\env_isaaclab\lib\site-packages\isaacsim\extscache\omni.usd.schema.geospatial-0.0.0+69cbf6ad.wx64.r.cp311\plugins\omniGeospatial\resources\generatedSchema.usda' for read

2026-08-01T02:19:47Z [7,531ms] [Info] [omni.usd] Status (secondary thread): in _OpenAsset at line 360 of C:\g\181840452\source\library\OmniUsdResolver_Ar2.cpp -- OmniUsdResolver: Opening filesystem asset 'C:\users\kskzz\miniconda3\envs\env_isaaclab\lib\site-packages\isaacsim\extscache\omni.usd.libs-1.0.1+69cbf6ad.wx64.r.cp311\bin\usd\usdSemantics\resources\generatedSchema.usda' for read

2026-08-01T02:19:47Z [7,531ms] [Info] [omni.usd] Status (secondary thread): in _OpenAsset at line 360 of C:\g\181840452\source\library\OmniUsdResolver_Ar2.cpp -- OmniUsdResolver: Opening filesystem asset 'C:\users\kskzz\miniconda3\envs\env_isaaclab\lib\site-packages\isaacsim\extscache\omni.usd.libs-1.0.1+69cbf6ad.wx64.r.cp311\bin\usd\usdRender\resources\generatedSchema.usda' for read

2026-08-01T02:19:47Z [7,531ms] [Info] [omni.usd] Status: in _OpenAsset at line 360 of C:\g\181840452\source\library\OmniUsdResolver_Ar2.cpp -- OmniUsdResolver: Opening filesystem asset 'C:\users\kskzz\miniconda3\envs\env_isaaclab\lib\site-packages\isaacsim\extscache\omni.usd.libs-1.0.1+69cbf6ad.wx64.r.cp311\bin\usd\usdSkel\resources\generatedSchema.usda' for read

2026-08-01T02:19:47Z [7,531ms] [Info] [omni.usd] Status (secondary thread): in _OpenAsset at line 360 of C:\g\181840452\source\library\OmniUsdResolver_Ar2.cpp -- OmniUsdResolver: Opening filesystem asset 'C:\users\kskzz\miniconda3\envs\env_isaaclab\lib\site-packages\isaacsim\extscache\omni.usd.schema.audio-0.0.0+69cbf6ad.wx64.r.cp311\plugins\omniAudioSchema\resources\generatedSchema.usda' for read

2026-08-01T02:19:47Z [7,531ms] [Info] [omni.usd] Status (secondary thread): in _OpenAsset at line 360 of C:\g\181840452\source\library\OmniUsdResolver_Ar2.cpp -- OmniUsdResolver: Opening filesystem asset 'C:\users\kskzz\miniconda3\envs\env_isaaclab\lib\site-packages\isaacsim\extscache\omni.usd.schema.anim-0.0.0+69cbf6ad.wx64.r.cp311\plugins\animationSchema\resources\generatedSchema.usda' for read

2026-08-01T02:19:47Z [7,531ms] [Info] [omni.usd] Status (secondary thread): in _OpenAsset at line 360 of C:\g\181840452\source\library\OmniUsdResolver_Ar2.cpp -- OmniUsdResolver: Opening filesystem asset 'C:\users\kskzz\miniconda3\envs\env_isaaclab\lib\site-packages\isaacsim\extscache\omni.usd.schema.physx-107.3.26+107.3.3.wx64.r.cp311.u353\plugins\OmniUsdPhysicsDeformableSchema\resources\generatedSchema.usda' for read

2026-08-01T02:19:47Z [7,532ms] [Info] [omni.usd] Status (secondary thread): in _OpenAsset at line 360 of C:\g\181840452\source\library\OmniUsdResolver_Ar2.cpp -- OmniUsdResolver: Opening filesystem asset 'C:\users\kskzz\miniconda3\envs\env_isaaclab\lib\site-packages\isaacsim\extscache\omni.usd.libs-1.0.1+69cbf6ad.wx64.r.cp311\bin\usd\usdProc\resources\generatedSchema.usda' for read

2026-08-01T02:19:47Z [7,532ms] [Info] [omni.usd] Status (secondary thread): in _OpenAsset at line 360 of C:\g\181840452\source\library\OmniUsdResolver_Ar2.cpp -- OmniUsdResolver: Opening filesystem asset 'C:\users\kskzz\miniconda3\envs\env_isaaclab\lib\site-packages\isaacsim\extscache\omni.usd.libs-1.0.1+69cbf6ad.wx64.r.cp311\bin\usd\usdVol\resources\generatedSchema.usda' for read

2026-08-01T02:19:47Z [7,532ms] [Info] [omni.usd] Status (secondary thread): in _OpenAsset at line 360 of C:\g\181840452\source\library\OmniUsdResolver_Ar2.cpp -- OmniUsdResolver: Opening filesystem asset 'C:\users\kskzz\miniconda3\envs\env_isaaclab\lib\site-packages\isaacsim\extscache\omni.usd.schema.anim-0.0.0+69cbf6ad.wx64.r.cp311\plugins\omniSkelSchema\resources\generatedSchema.usda' for read

2026-08-01T02:19:47Z [7,532ms] [Info] [omni.usd] Status (secondary thread): in _OpenAsset at line 360 of C:\g\181840452\source\library\OmniUsdResolver_Ar2.cpp -- OmniUsdResolver: Opening filesystem asset 'C:\users\kskzz\miniconda3\envs\env_isaaclab\lib\site-packages\isaacsim\extscache\omni.usd.libs-1.0.1+69cbf6ad.wx64.r.cp311\bin\usd\usd\resources\generatedSchema.usda' for read

2026-08-01T02:19:47Z [7,532ms] [Info] [omni.usd] Status (secondary thread): in _OpenAsset at line 360 of C:\g\181840452\source\library\OmniUsdResolver_Ar2.cpp -- OmniUsdResolver: Opening filesystem asset 'C:\users\kskzz\miniconda3\envs\env_isaaclab\lib\site-packages\isaacsim\extscache\omni.usd.schema.semantics-0.0.0+69cbf6ad.wx64.r.cp311\plugins\semantics\resources\generatedSchema.usda' for read

2026-08-01T02:19:47Z [7,532ms] [Info] [omni.usd] Status (secondary thread): in _OpenAsset at line 360 of C:\g\181840452\source\library\OmniUsdResolver_Ar2.cpp -- OmniUsdResolver: Opening filesystem asset 'C:\users\kskzz\miniconda3\envs\env_isaaclab\lib\site-packages\isaacsim\extscache\omni.usd.schema.physx-107.3.26+107.3.3.wx64.r.cp311.u353\plugins\PhysxSchemaAddition\resources\generatedSchema.usda' for read

2026-08-01T02:19:47Z [7,532ms] [Info] [omni.usd] Status (secondary thread): in _OpenAsset at line 360 of C:\g\181840452\source\library\OmniUsdResolver_Ar2.cpp -- OmniUsdResolver: Opening filesystem asset 'C:\users\kskzz\miniconda3\envs\env_isaaclab\lib\site-packages\isaacsim\extscache\omni.usd.libs-1.0.1+69cbf6ad.wx64.r.cp311\bin\usd\usdPhysics\resources\generatedSchema.usda' for read

2026-08-01T02:19:47Z [7,532ms] [Info] [omni.usd] Status (secondary thread): in _OpenAsset at line 360 of C:\g\181840452\source\library\OmniUsdResolver_Ar2.cpp -- OmniUsdResolver: Opening filesystem asset 'C:\users\kskzz\miniconda3\envs\env_isaaclab\lib\site-packages\isaacsim\extscache\omni.usd.libs-1.0.1+69cbf6ad.wx64.r.cp311\bin\usd\usdUI\resources\generatedSchema.usda' for read

2026-08-01T02:19:47Z [7,532ms] [Info] [omni.usd] Status (secondary thread): in _OpenAsset at line 360 of C:\g\181840452\source\library\OmniUsdResolver_Ar2.cpp -- OmniUsdResolver: Opening filesystem asset 'C:\users\kskzz\miniconda3\envs\env_isaaclab\lib\site-packages\isaacsim\extscache\omni.usd.libs-1.0.1+69cbf6ad.wx64.r.cp311\bin\usd\usdMedia\resources\generatedSchema.usda' for read

2026-08-01T02:19:47Z [7,532ms] [Info] [omni.usd] Status (secondary thread): in _OpenAsset at line 360 of C:\g\181840452\source\library\OmniUsdResolver_Ar2.cpp -- OmniUsdResolver: Opening filesystem asset 'C:\users\kskzz\miniconda3\envs\env_isaaclab\lib\site-packages\isaacsim\extscache\omni.usd.libs-1.0.1+69cbf6ad.wx64.r.cp311\bin\usd\usdLux\resources\generatedSchema.usda' for read

2026-08-01T02:19:47Z [7,532ms] [Info] [omni.usd] Status (secondary thread): in _OpenAsset at line 360 of C:\g\181840452\source\library\OmniUsdResolver_Ar2.cpp -- OmniUsdResolver: Opening filesystem asset 'C:\users\kskzz\miniconda3\envs\env_isaaclab\lib\site-packages\isaacsim\extscache\omni.usd.schema.physx-107.3.26+107.3.3.wx64.r.cp311.u353\plugins\PhysxSchema\resources\generatedSchema.usda' for read

2026-08-01T02:19:47Z [7,532ms] [Info] [omni.usd] Status (secondary thread): in _OpenAsset at line 360 of C:\g\181840452\source\library\OmniUsdResolver_Ar2.cpp -- OmniUsdResolver: Opening filesystem asset 'C:\users\kskzz\miniconda3\envs\env_isaaclab\lib\site-packages\isaacsim\extscache\omni.usd.schema.omnigraph-1.0.0+69cbf6ad.wx64.r.cp311\plugins\omniGraphSchema\resources\generatedSchema.usda' for read

2026-08-01T02:19:47Z [7,532ms] [Info] [omni.usd] Status (secondary thread): in _OpenAsset at line 360 of C:\g\181840452\source\library\OmniUsdResolver_Ar2.cpp -- OmniUsdResolver: Opening filesystem asset 'C:\users\kskzz\miniconda3\envs\env_isaaclab\lib\site-packages\isaacsim\extscache\omni.usd.schema.anim-0.0.0+69cbf6ad.wx64.r.cp311\plugins\retargetingSchema\resources\generatedSchema.usda' for read

2026-08-01T02:19:47Z [7,532ms] [Info] [omni.usd] Status (secondary thread): in _OpenAsset at line 360 of C:\g\181840452\source\library\OmniUsdResolver_Ar2.cpp -- OmniUsdResolver: Opening filesystem asset 'C:\users\kskzz\miniconda3\envs\env_isaaclab\lib\site-packages\isaacsim\extscache\omni.usd.libs-1.0.1+69cbf6ad.wx64.r.cp311\bin\usd\usdHydra\resources\generatedSchema.usda' for read

2026-08-01T02:19:47Z [7,532ms] [Info] [omni.usd] Status (secondary thread): in _OpenAsset at line 360 of C:\g\181840452\source\library\OmniUsdResolver_Ar2.cpp -- OmniUsdResolver: Opening filesystem asset 'C:\users\kskzz\miniconda3\envs\env_isaaclab\lib\site-packages\isaacsim\extscache\omni.usd.libs-1.0.1+69cbf6ad.wx64.r.cp311\bin\usd\usdGeom\resources\generatedSchema.usda' for read

2026-08-01T02:19:47Z [7,532ms] [Info] [omni.usd] Status (secondary thread): in _OpenAsset at line 360 of C:\g\181840452\source\library\OmniUsdResolver_Ar2.cpp -- OmniUsdResolver: Opening filesystem asset 'C:\users\kskzz\miniconda3\envs\env_isaaclab\lib\site-packages\isaacsim\extscache\omni.usd.libs-1.0.1+69cbf6ad.wx64.r.cp311\bin\usd\usdRi\resources\generatedSchema.usda' for read

2026-08-01T02:19:47Z [7,532ms] [Info] [omni.usd] Status (secondary thread): in _OpenAsset at line 360 of C:\g\181840452\source\library\OmniUsdResolver_Ar2.cpp -- OmniUsdResolver: Opening filesystem asset 'C:\users\kskzz\miniconda3\envs\env_isaaclab\lib\site-packages\isaacsim\extscache\omni.usd.libs-1.0.1+69cbf6ad.wx64.r.cp311\bin\usd\usdShade\resources\generatedSchema.usda' for read

2026-08-01T02:19:47Z [7,532ms] [Info] [omni.usd] Status (secondary thread): in _OpenAsset at line 360 of C:\g\181840452\source\library\OmniUsdResolver_Ar2.cpp -- OmniUsdResolver: Opening filesystem asset 'C:\Users\kskzz\miniconda3\envs\env_isaaclab\Lib\site-packages\isaacsim\extscache\omni.usd.schema.omni_sensors-0.0.0+69cbf6ad\usd_plugins\generatedSchema.usda' for read

2026-08-01T02:19:47Z [7,603ms] [Info] [usdrt.population.plugin] USDRT population: Total primvar size: 0.000, sparse primvar size: 0.000 
2026-08-01T02:19:47Z [7,603ms] [Info] [usdrt.population.plugin] FabricPopulation: 0 meshes, 0 materials -> 0 after de-duplication, 0 geo instance proxies
2026-08-01T02:19:47Z [7,603ms] [Info] [carb] Initializing plugin: omni.usd-abi.plugin (interfaces: [omni::usd::IPathAbi v0.1],[omni::usd::IRenderProductPrimFactory v1.5],[omni::usd::IRenderSettings v0.2],[omni::usd::IRenderSettingsLegacy v0.1],[omni::usd::IResolverPathAbi v0.2],[omni::usd::ITokenAbi v0.2]) (impl: omni.usd-abi.plugin)
2026-08-01T02:19:47Z [7,604ms] [Info] [carb] Plugin isaacsim.core.simulation_manager.plugin is already a dependency of omni.fabric.plugin; not changing unload order
2026-08-01T02:19:47Z [7,604ms] [Info] [isaacsim.core.simulation_manager.plugin] Initialized TimeSampleStorage with circular buffer capacity 31 for stage 9223001
2026-08-01T02:19:47Z [7,604ms] [Info] [omni.physx.plugin] Using CUDA device ordinal 0.
2026-08-01T02:19:48Z [7,661ms] [Info] [carb] Plugin omni.stageupdate.plugin is already a dependency of omni.fabric.plugin; not changing unload order
2026-08-01T02:19:48Z [7,664ms] [Info] [carb] Plugin omni.stageupdate.plugin is already a dependency of omni.fabric.plugin; not changing unload order
2026-08-01T02:19:48Z [7,664ms] [Info] [carb] Plugin omni.stageupdate.plugin is already a dependency of omni.fabric.plugin; not changing unload order
2026-08-01T02:19:48Z [7,672ms] [Info] [omni.usd] UsdManager::createHydraEngineWithDefaultConfigImpl - engine: 'rtx'
2026-08-01T02:19:48Z [7,672ms] [Info] [omni.usd] HydraEngineManager::addEngine - added new engine:  uid: 1024 type: rtx flags: 0 tickRateInHz: 0 deviceMask: 0 creationIndex: 0
2026-08-01T02:19:48Z [7,672ms] [Info] [omni.usd] UsdManager::createNewHydraEngineInstance - created new hydra engine instance name: 'rtx', uid: 1024, index: 0
2026-08-01T02:19:48Z [7,672ms] [Info] [omni.usd] [MBVH]: enableHydraengineMasking: OFF, for indexForEngineInstance: 0
2026-08-01T02:19:48Z [7,672ms] [Info] [omni.usd] [MBVH]: raytracingMotion/enable: OFF, for indexForEngineInstance: 0
2026-08-01T02:19:48Z [7,672ms] [Info] [omni.usd] UsdManager::addHydraEngineWithConfiguration - engine: ' uid: 1024 type: rtx flags: 0 tickRateInHz: 0 deviceMask: 0 creationIndex: 0'
2026-08-01T02:19:48Z [7,672ms] [Info] [omni.usd] UsdManager::getHydraEngineDeviceMask - engine: 'rtx', mask: 1
2026-08-01T02:19:48Z [7,672ms] [Info] [gpu.foundation.plugin] Setting mgpu copy backend to 'cuda'
2026-08-01T02:19:48Z [7,674ms] [Info] [carb] Initializing plugin: carb.scenerenderer-rtx.plugin (interfaces: [carb::renderer::SceneRenderer v9.4],[carb::renderer::SceneRendererRTX v0.1]) (impl: carb.scenerenderer-rtx.plugin)
2026-08-01T02:19:48Z [7,675ms] [Info] [omni.hydra.rtx] [MBVH]: Creating SceneRenderer 0 with raytracing motion 'OFF' (device mask: 0x1)
2026-08-01T02:19:48Z [7,675ms] [Info] [omni.usd-abi.plugin] No setting was found for '/rtx-defaults/ambientOcclusion/enabled'
2026-08-01T02:19:48Z [7,675ms] [Info] [omni.usd-abi.plugin] No setting was found for '/rtx-defaults/directLighting/sampledLighting/enabled'
2026-08-01T02:19:48Z [7,675ms] [Info] [omni.usd-abi.plugin] No setting was found for '/rtx-defaults/indirectDiffuse/enabled'
2026-08-01T02:19:48Z [7,675ms] [Info] [omni.usd-abi.plugin] No setting was found for '/rtx-defaults/pathtracing/optixDenoiser/enabled'
2026-08-01T02:19:48Z [7,675ms] [Info] [omni.usd-abi.plugin] No setting was found for '/rtx-defaults-transient/rt2Enabled'
2026-08-01T02:19:48Z [7,675ms] [Info] [omni.usd-abi.plugin] No setting was found for '/rtx-defaults/post/aa/op'
2026-08-01T02:19:48Z [7,675ms] [Info] [omni.usd-abi.plugin] No setting was found for '/rtx-defaults-transient/ptEnabled'
2026-08-01T02:19:48Z [7,675ms] [Info] [omni.usd-abi.plugin] No setting was found for '/rtx-defaults/raytracing/cached/enabled'
2026-08-01T02:19:48Z [7,675ms] [Info] [omni.usd-abi.plugin] No setting was found for '/rtx-defaults/reflections/enabled'
2026-08-01T02:19:48Z [7,675ms] [Info] [omni.usd-abi.plugin] No setting was found for '/rtx-defaults/rendermode'
2026-08-01T02:19:48Z [7,675ms] [Info] [omni.usd-abi.plugin] No setting was found for '/rtx-defaults-transient/rtEnabled'
2026-08-01T02:19:48Z [7,676ms] [Info] [omni.usd-abi.plugin] No setting was found for '/rtx-defaults/sceneDb/ambientLightIntensity'
2026-08-01T02:19:48Z [7,676ms] [Info] [omni.usd-abi.plugin] No setting was found for '/rtx-defaults/translucency/enabled'
2026-08-01T02:19:48Z [7,676ms] [Info] [omni.usd-abi.plugin] No setting was found for '/rtx-defaults/viewTile/limit'
2026-08-01T02:19:48Z [7,677ms] [Info] [carb.scenerenderer-rtx.plugin] [MBVH]: RtxRenderContext 0 has motion instance 'DISABLED' (device mask: 0x1)
2026-08-01T02:19:48Z [7,680ms] [Info] [omni.usd-abi.plugin] Could not find a valid value for carb-setting: '/rtx/useViewLightingMode'
2026-08-01T02:19:48Z [7,680ms] [Info] [omni.usd-abi.plugin] Could not find a valid value for carb-setting: '/rtx/post/taa/samples'
2026-08-01T02:19:48Z [7,680ms] [Info] [omni.usd-abi.plugin] Could not find a valid value for carb-setting: '/rtx/post/backgroundZeroAlpha/enabled'
2026-08-01T02:19:48Z [7,680ms] [Info] [omni.usd-abi.plugin] Could not find a valid value for carb-setting: '/rtx/post/backgroundZeroAlpha/backgroundComposite'
2026-08-01T02:19:48Z [7,680ms] [Info] [omni.usd-abi.plugin] Could not find a valid value for carb-setting: '/rtx/post/backgroundZeroAlpha/blackBackgroundInComposite'
2026-08-01T02:19:48Z [7,680ms] [Info] [omni.usd-abi.plugin] Could not find a valid value for carb-setting: '/rtx/background/source/type'
2026-08-01T02:19:48Z [7,680ms] [Info] [omni.usd-abi.plugin] Could not find a valid value for carb-setting: '/rtx/debugView/viewIndex'
2026-08-01T02:19:48Z [7,680ms] [Info] [omni.usd-abi.plugin] Could not find a valid value for carb-setting: '/rtx/pathtracing/nrc/enabled'
2026-08-01T02:19:48Z [7,680ms] [Info] [omni.usd-abi.plugin] Could not find a valid value for carb-setting: '/rtx/matteObject/blend/fadeOut'
2026-08-01T02:19:48Z [7,680ms] [Info] [omni.usd-abi.plugin] Could not find a valid value for carb-setting: '/rtx/pathtracing/dynamicResolution/ratio'
2026-08-01T02:19:48Z [7,680ms] [Info] [omni.usd-abi.plugin] Could not find a valid value for carb-setting: '/rtx/pathtracing/temporalAccumulation'
2026-08-01T02:19:48Z [7,681ms] [Info] [omni.usd-abi.plugin] Could not find a valid value for carb-setting: '/rtx/material/translucencyAsOpacity'
2026-08-01T02:19:48Z [7,681ms] [Info] [omni.usd-abi.plugin] Could not find a valid value for carb-setting: '/rtx/material/enableRefraction'
2026-08-01T02:19:48Z [7,681ms] [Info] [carb] Initializing plugin: rtx.mdltranslator.plugin (interfaces: [rtx::mdltranslator::MdlTranslator v12.0]) (impl: rtx.mdltranslator.plugin)
2026-08-01T02:19:48Z [7,681ms] [Info] [rtx.mdltranslator.plugin] MDL translator code generation hash: '0x8e58e454d157f8c4'
2026-08-01T02:19:48Z [7,681ms] [Info] [carb] Initializing plugin: rtx.neuraylib.plugin (interfaces: [rtx::neuray::NeurayLib v1.5]) (impl: rtx.neuraylib.plugin)
2026-08-01T02:19:48Z [7,874ms] [Info] [rtx.neuraylib.plugin] [EntityResolver] add MDL search path: file:/C:/users/kskzz/miniconda3/envs/env_isaaclab/lib/site-packages/isaacsim/extscache/omni.replicator.core-1.12.27+107.3.3.wx64.r.cp311/mdl)
2026-08-01T02:19:48Z [7,874ms] [Info] [rtx.neuraylib.plugin] Added MDL path: 'file:/C:/users/kskzz/miniconda3/envs/env_isaaclab/lib/site-packages/isaacsim/extscache/omni.replicator.core-1.12.27+107.3.3.wx64.r.cp311/mdl'
2026-08-01T02:19:48Z [7,874ms] [Info] [rtx.neuraylib.plugin] [EntityResolver] add MDL search path: file:/C:/users/kskzz/miniconda3/envs/env_isaaclab/lib/site-packages/isaacsim/kit/mdl/rtx)
2026-08-01T02:19:48Z [7,874ms] [Info] [rtx.neuraylib.plugin] Added MDL path: 'file:/C:/users/kskzz/miniconda3/envs/env_isaaclab/lib/site-packages/isaacsim/kit/mdl/rtx'
2026-08-01T02:19:48Z [7,874ms] [Info] [rtx.neuraylib.plugin] [EntityResolver] add MDL search path: file:/C:/users/kskzz/miniconda3/envs/env_isaaclab/lib/site-packages/isaacsim/kit/mdl/rtx/iray)
2026-08-01T02:19:48Z [7,874ms] [Info] [rtx.neuraylib.plugin] Added MDL path: 'file:/C:/users/kskzz/miniconda3/envs/env_isaaclab/lib/site-packages/isaacsim/kit/mdl/rtx/iray'
2026-08-01T02:19:48Z [7,874ms] [Info] [rtx.neuraylib.plugin] [EntityResolver] add MDL search path: file:/C:/users/kskzz/miniconda3/envs/env_isaaclab/lib/site-packages/isaacsim/kit/mdl/core/Base)
2026-08-01T02:19:48Z [7,874ms] [Info] [rtx.neuraylib.plugin] Added MDL path: 'file:/C:/users/kskzz/miniconda3/envs/env_isaaclab/lib/site-packages/isaacsim/kit/mdl/core/Base'
2026-08-01T02:19:48Z [7,874ms] [Info] [rtx.neuraylib.plugin] [EntityResolver] add MDL search path: file:/C:/users/kskzz/miniconda3/envs/env_isaaclab/lib/site-packages/isaacsim/kit/mdl/core/Ue4)
2026-08-01T02:19:48Z [7,874ms] [Info] [rtx.neuraylib.plugin] Added MDL path: 'file:/C:/users/kskzz/miniconda3/envs/env_isaaclab/lib/site-packages/isaacsim/kit/mdl/core/Ue4'
2026-08-01T02:19:48Z [7,875ms] [Info] [rtx.neuraylib.plugin] [EntityResolver] add MDL search path: file:/C:/users/kskzz/miniconda3/envs/env_isaaclab/lib/site-packages/isaacsim/kit/mdl/core/VRay)
2026-08-01T02:19:48Z [7,875ms] [Info] [rtx.neuraylib.plugin] Added MDL path: 'file:/C:/users/kskzz/miniconda3/envs/env_isaaclab/lib/site-packages/isaacsim/kit/mdl/core/VRay'
2026-08-01T02:19:48Z [7,875ms] [Info] [rtx.neuraylib.plugin] [EntityResolver] add MDL search path: file:/C:/users/kskzz/miniconda3/envs/env_isaaclab/lib/site-packages/isaacsim/kit/mdl/core/Volume)
2026-08-01T02:19:48Z [7,875ms] [Info] [rtx.neuraylib.plugin] Added MDL path: 'file:/C:/users/kskzz/miniconda3/envs/env_isaaclab/lib/site-packages/isaacsim/kit/mdl/core/Volume'
2026-08-01T02:19:48Z [7,875ms] [Info] [rtx.neuraylib.plugin] [EntityResolver] add MDL search path: file:/C:/users/kskzz/miniconda3/envs/env_isaaclab/lib/site-packages/isaacsim/kit/mdl/core/mdl)
2026-08-01T02:19:48Z [7,875ms] [Info] [rtx.neuraylib.plugin] Added MDL path: 'file:/C:/users/kskzz/miniconda3/envs/env_isaaclab/lib/site-packages/isaacsim/kit/mdl/core/mdl'
2026-08-01T02:19:48Z [7,876ms] [Info] [rtx.neuraylib.plugin] [EntityResolver] add MDL search path: file:/C:/users/kskzz/miniconda3/envs/env_isaaclab/lib/site-packages/isaacsim/extscache/omni.mdl-56.0.3+69cbf6ad.wx64.r.cp311/search_paths/omniverse_exts)
2026-08-01T02:19:48Z [7,876ms] [Info] [rtx.neuraylib.plugin] Added MDL path: 'file:/C:/users/kskzz/miniconda3/envs/env_isaaclab/lib/site-packages/isaacsim/extscache/omni.mdl-56.0.3+69cbf6ad.wx64.r.cp311/search_paths/omniverse_exts'
2026-08-01T02:19:48Z [7,876ms] [Info] [rtx.mdltranslator.plugin] Distilling is enabled.
2026-08-01T02:19:48Z [7,877ms] [Info] [gpu.foundation.plugin] The list of unsupported driver ranges being verified with known bugs (RTX):
[0.0, 537.58)
The recommended drivers: 537.58 (GameReady, Studio), 537.70 (RTX/Quadro, Grid/vGPU)
The latest driver version may also work but is not fully tested.
2026-08-01T02:19:48Z [7,877ms] [Info] [carb] Initializing plugin: rtx.multigpumanager.plugin (interfaces: [rtx::multigpumanager::MultiGpuManager v0.9]) (impl: rtx.multigpumanager.plugin)
2026-08-01T02:19:48Z [7,877ms] [Info] [carb] Initializing plugin: rtx.scenedb.plugin (interfaces: [rtx::scenedb::FabricSceneDb v0.1],[rtx::scenedb::SceneDb v4.4]) (impl: rtx.scenedb.plugin)
2026-08-01T02:19:48Z [7,879ms] [Info] [carb] Plugin rtx.scenedb.plugin is already a dependency of omni.fabric.plugin; not changing unload order
2026-08-01T02:19:48Z [7,879ms] [Info] [carb] Plugin rtx.scenedb.plugin is already a dependency of omni.fabric.plugin; not changing unload order
2026-08-01T02:19:48Z [7,937ms] [Info] [carb] Initializing plugin: carb.graphics_optional.plugin (interfaces: [carb::graphics::IOptionalFeatures v2.1]) (impl: carb.graphics_optional.plugin)
2026-08-01T02:19:48Z [7,937ms] [Info] [carb.graphics-vulkan.plugin] carb.graphics optional features library path: c:/users/kskzz/miniconda3/envs/env_isaaclab/lib/site-packages/isaacsim/extscache/omni.gpu_foundation-0.0.0+69cbf6ad.wx64.r.cp311/bin/deps
2026-08-01T02:19:50Z [9,873ms] [Info] [carb.graphics-vulkan.plugin] NGX DLSS Frame Generation Feature Supported
2026-08-01T02:19:50Z [9,874ms] [Info] [carb] Initializing plugin: rtx.rasterizing.plugin (interfaces: [rtx::rasterizing::Primitive v0.1],[rtx::rasterizing::Selection v0.1]) (impl: rtx.rasterizing.plugin)
2026-08-01T02:19:50Z [9,874ms] [Info] [carb] Initializing plugin: rtx.materialdb.plugin (interfaces: [rtx::materialdb::MaterialDb v1.10]) (impl: rtx.materialdb.plugin)
2026-08-01T02:19:50Z [9,875ms] [Info] [carb] Plugin rtx.materialdb.plugin is already a dependency of carb.ujitsodefault.plugin; not changing unload order
2026-08-01T02:19:50Z [9,885ms] [Info] [carb] Initializing plugin: rtx.raytracing.plugin (interfaces: [rtx::raytracing::AmbientOcclusion v1.0],[rtx::raytracing::AovConverter v1.4],[rtx::raytracing::Caustics v1.0],[rtx::raytracing::Compositing v1.0],[rtx::raytracing::CopyDepth v1.0],[rtx::raytracing::DebugView v1.1],[rtx::raytracing::DirectLightingLtc v1.0],[rtx::raytracing::DirectLightingSampled v1.0],[rtx::raytracing::GBuffer v4.0],[rtx::raytracing::GlobalVolumetricEffects v0.6],[rtx::raytracing::Hair v1.0],[rtx::raytracing::IndirectDiffuse v2.0],[rtx::raytracing::MaterialBaking v0.2],[rtx::raytracing::PathTracing v1.4],[rtx::raytracing::Picking v1.1],[rtx::raytracing::RTXRaycastQueryManager v0.1],[rtx::raytracing::RaycastQueryManager v1.0],[rtx::raytracing::Reflections v2.0],[rtx::raytracing::SamplerFeedback v2.0],[rtx::raytracing::Selection v0.1],[rtx::raytracing::Shadows v2.0],[rtx::raytracing::SpatialHashGrid v0.2],[rtx::raytracing::Subsurface v1.0],[rtx::raytracing::SyntheticAttributeData v0.1],[rtx::raytracing::SyntheticImageData v1.0],[rtx::raytracing::Translucency v5.2]) (impl: rtx.raytracing.plugin)
2026-08-01T02:19:50Z [9,890ms] [Info] [carb] Initializing plugin: rtx.denoising.plugin (interfaces: [denoising::RtDenoising v1.0],[rtx::denoising::Caustics v0.1],[rtx::denoising::DirectLighting v0.1],[rtx::denoising::GIReprojection v0.1],[rtx::denoising::IndirectDiffuse v0.1]) (impl: rtx.denoising.plugin)
2026-08-01T02:19:50Z [9,918ms] [Info] [omni.usd-abi.plugin] No setting was found for '/rtx-defaults/pathtracing/clampSpp'
2026-08-01T02:19:50Z [9,918ms] [Info] [omni.usd-abi.plugin] No setting was found for '/rtx-defaults/pathtracing/maxBounces'
2026-08-01T02:19:50Z [9,918ms] [Info] [omni.usd-abi.plugin] No setting was found for '/rtx-defaults/pathtracing/maxSamplesPerLaunch'
2026-08-01T02:19:50Z [9,918ms] [Info] [omni.usd-abi.plugin] No setting was found for '/rtx-defaults/pathtracing/maxSpecularAndTransmissionBounces'
2026-08-01T02:19:50Z [9,918ms] [Info] [omni.usd-abi.plugin] No setting was found for '/rtx-defaults/pathtracing/maxVolumeBounces'
2026-08-01T02:19:50Z [9,919ms] [Info] [omni.usd-abi.plugin] No setting was found for '/rtx-defaults/pathtracing/spp'
2026-08-01T02:19:50Z [9,919ms] [Info] [omni.usd-abi.plugin] No setting was found for '/rtx-defaults/pathtracing/totalSpp'
2026-08-01T02:19:50Z [9,919ms] [Info] [omni.usd-abi.plugin] No setting was found for '/rtx-defaults-transient/meshlights/forceDisable'
2026-08-01T02:19:50Z [10,014ms] [Info] [carb] Initializing plugin: rtx.postprocessing.plugin (interfaces: [rtx::postprocessing::AlphaZeroMask v3.0],[rtx::postprocessing::ChromaticAberration v1.0],[rtx::postprocessing::DLSS v2.2],[rtx::postprocessing::DepthSensor v1.0],[rtx::postprocessing::Downsample v0.1],[rtx::postprocessing::Downsample2x v0.1],[rtx::postprocessing::Fullscreen v0.1],[rtx::postprocessing::Fxaa v1.0],[rtx::postprocessing::Histogram v1.0],[rtx::postprocessing::LensFlare v1.0],[rtx::postprocessing::MotionBlur v2.0],[rtx::postprocessing::NuRecVolumeCompositing v1.0],[rtx::postprocessing::Outline v0.2],[rtx::postprocessing::Postprocessing v5.0],[rtx::postprocessing::RegisterCompositing v0.0],[rtx::postprocessing::RegisteredCompositing v4.0],[rtx::postprocessing::TemporalAA v2.0],[rtx::postprocessing::TileCompositing v0.1],[rtx::postprocessing::Tonemapping v1.1],[rtx::postprocessing::TvNoise v1.0],[rtx::postprocessing::ViewCombiner v0.1]) (impl: rtx.postprocessing.plugin)
2026-08-01T02:19:50Z [10,014ms] [Info] [omni.usd-abi.plugin] No setting was found for '/rtx-defaults/post/dlss/execMode'
2026-08-01T02:19:50Z [10,038ms] [Info] [carb] Initializing plugin: rtx.optixdenoising.plugin (interfaces: [rtx::optixdenoising::OptixDenoising75 v0.2]) (impl: rtx.optixdenoising.plugin)
2026-08-01T02:19:50Z [10,039ms] [Info] [rtx.optixdenoising.plugin] Creating Optix 7.5 adaptor for device 0
2026-08-01T02:19:50Z [10,189ms] [Info] [carb] Initializing plugin: rtx.reshade.plugin (interfaces: [rtx::reshade::Reshade v0.3]) (impl: rtx.reshade.plugin)
2026-08-01T02:19:50Z [10,197ms] [Info] [carb] Initializing plugin: rtx.rtxsensor.plugin (interfaces: [rtx::rtxsensor::RtxSensor v2.0]) (impl: rtx.rtxsensor.plugin)
2026-08-01T02:19:50Z [10,322ms] [Info] [carb] Initializing plugin: rtx.syntheticdata.plugin (interfaces: [rtx::syntheticdataannotation::SyntheticDataAnnotation v0.2]) (impl: rtx.syntheticdata.plugin)
2026-08-01T02:19:50Z [10,322ms] [Info] [carb] Initializing plugin: rtx.cameraisp.plugin (interfaces: [rtx::cameraisp::CameraIsp v0.5]) (impl: rtx.cameraisp.plugin)
2026-08-01T02:19:50Z [10,370ms] [Info] [rtx.neuraylib.plugin] [EntityResolver] DONE  ::Default  <--->  ::Default  (file:/C:/users/kskzz/miniconda3/envs/env_isaaclab/lib/site-packages/isaacsim/kit/mdl/rtx/Default.mdl)
2026-08-01T02:19:50Z [10,370ms] [Info] [omni.usd] Status (secondary thread): in _OpenAsset at line 360 of C:\g\181840452\source\library\OmniUsdResolver_Ar2.cpp -- OmniUsdResolver: Opening filesystem asset 'C:/users/kskzz/miniconda3/envs/env_isaaclab/lib/site-packages/isaacsim/kit/mdl/rtx/Default.mdl' for read

2026-08-01T02:19:50Z [10,373ms] [Info] [rtx.neuraylib.plugin] FileWatcher: Started watching: 'mdl::Default'
2026-08-01T02:19:50Z [10,373ms] [Info] [rtx.neuraylib.plugin] Stored MdlEntitySnapshot to DB: usd::rtx_scope0::*Default::::Default::Default((0))
2026-08-01T02:19:50Z [10,374ms] [Info] [rtx.neuraylib.plugin] [EntityResolver] DONE  ::DebugWhite  <--->  ::DebugWhite  (file:/C:/users/kskzz/miniconda3/envs/env_isaaclab/lib/site-packages/isaacsim/kit/mdl/rtx/DebugWhite.mdl)
2026-08-01T02:19:50Z [10,374ms] [Info] [omni.usd] Status (secondary thread): in _OpenAsset at line 360 of C:\g\181840452\source\library\OmniUsdResolver_Ar2.cpp -- OmniUsdResolver: Opening filesystem asset 'C:/users/kskzz/miniconda3/envs/env_isaaclab/lib/site-packages/isaacsim/kit/mdl/rtx/DebugWhite.mdl' for read

2026-08-01T02:19:50Z [10,376ms] [Info] [rtx.neuraylib.plugin] FileWatcher: Started watching: 'mdl::DebugWhite'
2026-08-01T02:19:50Z [10,376ms] [Info] [rtx.neuraylib.plugin] Stored MdlEntitySnapshot to DB: usd::rtx_scope0::*DebugWhite::::DebugWhite::DebugWhite((1))
2026-08-01T02:19:50Z [10,377ms] [Info] [rtx.neuraylib.plugin] [EntityResolver] DONE  ::DebugWhiteEmissive  <--->  ::DebugWhiteEmissive  (file:/C:/users/kskzz/miniconda3/envs/env_isaaclab/lib/site-packages/isaacsim/kit/mdl/rtx/DebugWhiteEmissive.mdl)
2026-08-01T02:19:50Z [10,377ms] [Info] [omni.usd] Status (secondary thread): in _OpenAsset at line 360 of C:\g\181840452\source\library\OmniUsdResolver_Ar2.cpp -- OmniUsdResolver: Opening filesystem asset 'C:/users/kskzz/miniconda3/envs/env_isaaclab/lib/site-packages/isaacsim/kit/mdl/rtx/DebugWhiteEmissive.mdl' for read

2026-08-01T02:19:50Z [10,379ms] [Info] [rtx.neuraylib.plugin] FileWatcher: Started watching: 'mdl::DebugWhiteEmissive'
2026-08-01T02:19:50Z [10,379ms] [Info] [rtx.neuraylib.plugin] Stored MdlEntitySnapshot to DB: usd::rtx_scope0::*DebugWhiteEmissive::::DebugWhiteEmissive::DebugWhiteEmissive((2))
2026-08-01T02:19:50Z [10,380ms] [Info] [rtx.neuraylib.plugin] [EntityResolver] DONE  ::WhiteShadowCatcher  <--->  ::WhiteShadowCatcher  (file:/C:/users/kskzz/miniconda3/envs/env_isaaclab/lib/site-packages/isaacsim/kit/mdl/rtx/WhiteShadowCatcher.mdl)
2026-08-01T02:19:50Z [10,380ms] [Info] [omni.usd] Status (secondary thread): in _OpenAsset at line 360 of C:\g\181840452\source\library\OmniUsdResolver_Ar2.cpp -- OmniUsdResolver: Opening filesystem asset 'C:/users/kskzz/miniconda3/envs/env_isaaclab/lib/site-packages/isaacsim/kit/mdl/rtx/WhiteShadowCatcher.mdl' for read

2026-08-01T02:19:50Z [10,382ms] [Info] [rtx.neuraylib.plugin] FileWatcher: Started watching: 'mdl::WhiteShadowCatcher'
2026-08-01T02:19:50Z [10,382ms] [Info] [rtx.neuraylib.plugin] Stored MdlEntitySnapshot to DB: usd::rtx_scope0::*WhiteShadowCatcher::::WhiteShadowCatcher::WhiteShadowCatcher((3))
2026-08-01T02:19:51Z [10,975ms] [Info] [omni.usd] UsdManager::initializeHydraEngineInstance - engine initialized ' uid: 1024 type: rtx flags: 2 tickRateInHz: 0 deviceMask: 1 creationIndex: 0'
2026-08-01T02:19:51Z [10,975ms] [Info] [omni.usd] UsdContext::addHydraEngineImp - engine uid: 1024
2026-08-01T02:19:51Z [10,975ms] [Info] [omni.usd] [UsdContext] Set default Hydra Engine uid: 1024 type: rtx
2026-08-01T02:19:51Z [10,975ms] [Info] [omni.usd] UsdContext::addHydraEngineWithExistingInstanceDataImp - engine to add ' uid: 1024 type: rtx flags: 2 tickRateInHz: 0 deviceMask: 1 creationIndex: 0'
2026-08-01T02:19:51Z [10,975ms] [Info] [omni.usd] UsdContext::addHydraEngineWithExistingInstanceDataImp - succesfully created engine uid: 1024
2026-08-01T02:19:51Z [10,993ms] [Info] [rtx.scenedb.plugin] [MBVH]: Creating scene acceleration structures for context 0, device mask: 0x1
2026-08-01T02:19:51Z [10,996ms] [Info] [rtx.neuraylib.plugin] [EntityResolver] DONE  ::MdlStates  <--->  ::MdlStates  (file:/C:/users/kskzz/miniconda3/envs/env_isaaclab/lib/site-packages/isaacsim/kit/mdl/rtx/MdlStates.mdl)
2026-08-01T02:19:51Z [10,996ms] [Info] [omni.usd] Status (secondary thread): in _OpenAsset at line 360 of C:\g\181840452\source\library\OmniUsdResolver_Ar2.cpp -- OmniUsdResolver: Opening filesystem asset 'C:/users/kskzz/miniconda3/envs/env_isaaclab/lib/site-packages/isaacsim/kit/mdl/rtx/MdlStates.mdl' for read

2026-08-01T02:19:51Z [10,997ms] [Info] [rtx.neuraylib.plugin] [EntityResolver] CACHED  ::Default  <--->  ::Default  (file:/C:/users/kskzz/miniconda3/envs/env_isaaclab/lib/site-packages/isaacsim/kit/mdl/rtx/Default.mdl)
2026-08-01T02:19:51Z [10,998ms] [Info] [rtx.neuraylib.plugin] FileWatcher: Started watching: 'mdl::MdlStates'
2026-08-01T02:19:51Z [10,998ms] [Info] [rtx.neuraylib.plugin] Stored MdlEntitySnapshot to DB: usd::rtx_scope0::*MdlStates-Streaming::::MdlStates::Streaming((4))
2026-08-01T02:19:51Z [10,998ms] [Info] [rtx.neuraylib.plugin] Stored MdlEntitySnapshot to DB: usd::rtx_scope0::*MdlStates-Failed::::MdlStates::CompileFailed((5))
2026-08-01T02:19:51Z [10,999ms] [Info] [rtx.neuraylib.plugin] [EntityResolver] DONE  ::UsdPreviewSurfaceMonolithic  <--->  ::UsdPreviewSurfaceMonolithic  (file:/C:/users/kskzz/miniconda3/envs/env_isaaclab/lib/site-packages/isaacsim/kit/mdl/rtx/UsdPreviewSurfaceMonolithic.mdl)
2026-08-01T02:19:51Z [11,000ms] [Info] [omni.usd] Status (secondary thread): in _OpenAsset at line 360 of C:\g\181840452\source\library\OmniUsdResolver_Ar2.cpp -- OmniUsdResolver: Opening filesystem asset 'C:/users/kskzz/miniconda3/envs/env_isaaclab/lib/site-packages/isaacsim/kit/mdl/rtx/UsdPreviewSurfaceMonolithic.mdl' for read

2026-08-01T02:19:51Z [11,005ms] [Info] [rtx.neuraylib.plugin] [EntityResolver] DONE  .::UsdPreviewSurface  <--->  ::UsdPreviewSurface  (file:/C:/users/kskzz/miniconda3/envs/env_isaaclab/lib/site-packages/isaacsim/kit/mdl/rtx/UsdPreviewSurface.mdl)
2026-08-01T02:19:51Z [11,005ms] [Info] [omni.usd] Status (secondary thread): in _OpenAsset at line 360 of C:\g\181840452\source\library\OmniUsdResolver_Ar2.cpp -- OmniUsdResolver: Opening filesystem asset 'C:/users/kskzz/miniconda3/envs/env_isaaclab/lib/site-packages/isaacsim/kit/mdl/rtx/UsdPreviewSurface.mdl' for read

2026-08-01T02:19:51Z [11,009ms] [Info] [rtx.neuraylib.plugin] [EntityResolver] DONE  .::UsdPreviewSurfaceLib  <--->  ::UsdPreviewSurfaceLib  (file:/C:/users/kskzz/miniconda3/envs/env_isaaclab/lib/site-packages/isaacsim/kit/mdl/rtx/UsdPreviewSurfaceLib.mdl)
2026-08-01T02:19:51Z [11,009ms] [Info] [omni.usd] Status (secondary thread): in _OpenAsset at line 360 of C:\g\181840452\source\library\OmniUsdResolver_Ar2.cpp -- OmniUsdResolver: Opening filesystem asset 'C:/users/kskzz/miniconda3/envs/env_isaaclab/lib/site-packages/isaacsim/kit/mdl/rtx/UsdPreviewSurfaceLib.mdl' for read

2026-08-01T02:19:51Z [11,015ms] [Info] [rtx.neuraylib.plugin] [EntityResolver] CACHED  .::UsdPreviewSurfaceLib  <--->  ::UsdPreviewSurfaceLib  (file:/C:/users/kskzz/miniconda3/envs/env_isaaclab/lib/site-packages/isaacsim/kit/mdl/rtx/UsdPreviewSurfaceLib.mdl)
2026-08-01T02:19:51Z [11,015ms] [Info] [rtx.neuraylib.plugin] [EntityResolver] CACHED  .::UsdPreviewSurfaceLib  <--->  ::UsdPreviewSurfaceLib  (file:/C:/users/kskzz/miniconda3/envs/env_isaaclab/lib/site-packages/isaacsim/kit/mdl/rtx/UsdPreviewSurfaceLib.mdl)
2026-08-01T02:19:51Z [11,021ms] [Info] [rtx.neuraylib.plugin] [EntityResolver] CACHED  .::UsdPreviewSurfaceLib  <--->  ::UsdPreviewSurfaceLib  (file:/C:/users/kskzz/miniconda3/envs/env_isaaclab/lib/site-packages/isaacsim/kit/mdl/rtx/UsdPreviewSurfaceLib.mdl)
2026-08-01T02:19:51Z [11,021ms] [Info] [rtx.neuraylib.plugin] [EntityResolver] CACHED  .::UsdPreviewSurfaceLib  <--->  ::UsdPreviewSurfaceLib  (file:/C:/users/kskzz/miniconda3/envs/env_isaaclab/lib/site-packages/isaacsim/kit/mdl/rtx/UsdPreviewSurfaceLib.mdl)
2026-08-01T02:19:51Z [11,021ms] [Info] [rtx.neuraylib.plugin] [EntityResolver] CACHED  .::UsdPreviewSurfaceLib  <--->  ::UsdPreviewSurfaceLib  (file:/C:/users/kskzz/miniconda3/envs/env_isaaclab/lib/site-packages/isaacsim/kit/mdl/rtx/UsdPreviewSurfaceLib.mdl)
2026-08-01T02:19:51Z [11,021ms] [Info] [rtx.neuraylib.plugin] [EntityResolver] CACHED  .::UsdPreviewSurfaceLib  <--->  ::UsdPreviewSurfaceLib  (file:/C:/users/kskzz/miniconda3/envs/env_isaaclab/lib/site-packages/isaacsim/kit/mdl/rtx/UsdPreviewSurfaceLib.mdl)
2026-08-01T02:19:51Z [11,026ms] [Info] [rtx.neuraylib.plugin] FileWatcher: Started watching: 'mdl::UsdPreviewSurfaceLib'
2026-08-01T02:19:51Z [11,026ms] [Info] [rtx.neuraylib.plugin] FileWatcher: Started watching: 'mdl::UsdPreviewSurface'
2026-08-01T02:19:51Z [11,026ms] [Info] [rtx.neuraylib.plugin] FileWatcher: Started watching: 'mdl::UsdPreviewSurfaceMonolithic'
2026-08-01T02:19:51Z [11,028ms] [Info] [rtx.neuraylib.plugin] Stored MdlEntitySnapshot to DB: usd::rtx_scope0::*UsdPreviewSurfaceMonolithic::::UsdPreviewSurfaceMonolithic::UsdPreviewSurfaceMonolithic((6))
2026-08-01T02:19:51Z [11,031ms] [Info] [rtx.neuraylib.plugin] [EntityResolver] DONE  ::UsdPreviewSurfaceMonolithicLite  <--->  ::UsdPreviewSurfaceMonolithicLite  (file:/C:/users/kskzz/miniconda3/envs/env_isaaclab/lib/site-packages/isaacsim/kit/mdl/rtx/UsdPreviewSurfaceMonolithicLite.mdl)
2026-08-01T02:19:51Z [11,032ms] [Info] [omni.usd] Status (secondary thread): in _OpenAsset at line 360 of C:\g\181840452\source\library\OmniUsdResolver_Ar2.cpp -- OmniUsdResolver: Opening filesystem asset 'C:/users/kskzz/miniconda3/envs/env_isaaclab/lib/site-packages/isaacsim/kit/mdl/rtx/UsdPreviewSurfaceMonolithicLite.mdl' for read

2026-08-01T02:19:51Z [11,035ms] [Info] [rtx.neuraylib.plugin] [EntityResolver] CACHED  .::UsdPreviewSurface  <--->  ::UsdPreviewSurface  (file:/C:/users/kskzz/miniconda3/envs/env_isaaclab/lib/site-packages/isaacsim/kit/mdl/rtx/UsdPreviewSurface.mdl)
2026-08-01T02:19:51Z [11,035ms] [Info] [rtx.neuraylib.plugin] [EntityResolver] CACHED  .::UsdPreviewSurfaceLib  <--->  ::UsdPreviewSurfaceLib  (file:/C:/users/kskzz/miniconda3/envs/env_isaaclab/lib/site-packages/isaacsim/kit/mdl/rtx/UsdPreviewSurfaceLib.mdl)
2026-08-01T02:19:51Z [11,035ms] [Info] [rtx.neuraylib.plugin] [EntityResolver] CACHED  .::UsdPreviewSurfaceLib  <--->  ::UsdPreviewSurfaceLib  (file:/C:/users/kskzz/miniconda3/envs/env_isaaclab/lib/site-packages/isaacsim/kit/mdl/rtx/UsdPreviewSurfaceLib.mdl)
2026-08-01T02:19:51Z [11,035ms] [Info] [rtx.neuraylib.plugin] [EntityResolver] CACHED  .::UsdPreviewSurfaceLib  <--->  ::UsdPreviewSurfaceLib  (file:/C:/users/kskzz/miniconda3/envs/env_isaaclab/lib/site-packages/isaacsim/kit/mdl/rtx/UsdPreviewSurfaceLib.mdl)
2026-08-01T02:19:51Z [11,035ms] [Info] [rtx.neuraylib.plugin] [EntityResolver] CACHED  .::UsdPreviewSurfaceLib  <--->  ::UsdPreviewSurfaceLib  (file:/C:/users/kskzz/miniconda3/envs/env_isaaclab/lib/site-packages/isaacsim/kit/mdl/rtx/UsdPreviewSurfaceLib.mdl)
2026-08-01T02:19:51Z [11,035ms] [Info] [rtx.neuraylib.plugin] [EntityResolver] CACHED  .::UsdPreviewSurfaceLib  <--->  ::UsdPreviewSurfaceLib  (file:/C:/users/kskzz/miniconda3/envs/env_isaaclab/lib/site-packages/isaacsim/kit/mdl/rtx/UsdPreviewSurfaceLib.mdl)
2026-08-01T02:19:51Z [11,038ms] [Info] [rtx.neuraylib.plugin] FileWatcher: Started watching: 'mdl::UsdPreviewSurfaceMonolithicLite'
2026-08-01T02:19:51Z [11,039ms] [Info] [rtx.neuraylib.plugin] Stored MdlEntitySnapshot to DB: usd::rtx_scope0::*UsdPreviewSurfaceMonolithicLite::::UsdPreviewSurfaceMonolithicLite::UsdPreviewSurfaceMonolithicLite((7))
2026-08-01T02:19:52Z [12,233ms] [Info] [omni.usd] Status: in _OpenAsset at line 360 of C:\g\181840452\source\library\OmniUsdResolver_Ar2.cpp -- OmniUsdResolver: Opening filesystem asset 'C:\users\kskzz\miniconda3\envs\env_isaaclab\lib\site-packages\isaacsim\extscache\omni.usd.libs-1.0.1+69cbf6ad.wx64.r.cp311\bin\usd\usdShaders\resources\shaders\shaderDefs.usda' for read

2026-08-01T02:19:52Z [12,309ms] [Info] [omni.usd] Status: in _OpenAsset at line 360 of C:\g\181840452\source\library\OmniUsdResolver_Ar2.cpp -- OmniUsdResolver: Opening filesystem asset 'C:\users\kskzz\miniconda3\envs\env_isaaclab\lib\site-packages\isaacsim\extscache\omni.usd.libs-1.0.1+69cbf6ad.wx64.r.cp311\bin\usd\usdHydra\resources\shaders\shaderDefs.usda' for read

2026-08-01T02:19:52Z [12,312ms] [Info] [omni.usdMdl] Initializing Neuray
2026-08-01T02:19:52Z [12,312ms] [Info] [omni.usdMdl] scope: rtx_scope0
2026-08-01T02:19:52Z [12,312ms] [Info] [omni.usdMdl] MdlModuleRegistry::DiscoverPreviewSurfaceModule()
2026-08-01T02:19:52Z [12,312ms] [Info] [omni.usdMdl] MdlModuleRegistry::_GetOrCreateModule(c:/users/kskzz/miniconda3/envs/env_isaaclab/lib/site-packages/isaacsim/kit/mdl/rtx/UsdPreviewSurface.mdl, 1, 1)
2026-08-01T02:19:52Z [12,312ms] [Info] [omni.usdMdl] MdlModuleRegistry::_GetOrCreateModule(c:/users/kskzz/miniconda3/envs/env_isaaclab/lib/site-packages/isaacsim/kit/mdl/rtx/UsdPreviewSurface.mdl, 1, 1)	Done	created: 1
2026-08-01T02:19:52Z [12,312ms] [Info] [omni.usdMdl] ModuleRegistryItem::GetOrCreateModule(1, 1)	assetPath: c:/users/kskzz/miniconda3/envs/env_isaaclab/lib/site-packages/isaacsim/kit/mdl/rtx/UsdPreviewSurface.mdl
2026-08-01T02:19:52Z [12,312ms] [Info] [omni.usdMdl] MdlModule::MdlModule(c:/users/kskzz/miniconda3/envs/env_isaaclab/lib/site-packages/isaacsim/kit/mdl/rtx/UsdPreviewSurface.mdl, 1, 1)
2026-08-01T02:19:52Z [12,312ms] [Info] [omni.usdMdl] Neuray::LoadModule(c:/users/kskzz/miniconda3/envs/env_isaaclab/lib/site-packages/isaacsim/kit/mdl/rtx/UsdPreviewSurface.mdl, UsdPreviewSurface.mdl, 1)
2026-08-01T02:19:52Z [12,312ms] [Info] [omni.usdMdl] MdlNotice::ModuleLoaded	c:/users/kskzz/miniconda3/envs/env_isaaclab/lib/site-packages/isaacsim/kit/mdl/rtx/UsdPreviewSurface.mdl
2026-08-01T02:19:52Z [12,312ms] [Info] [omni.usdMdl] Neuray::LoadModule(c:/users/kskzz/miniconda3/envs/env_isaaclab/lib/site-packages/isaacsim/kit/mdl/rtx/UsdPreviewSurface.mdl, UsdPreviewSurface.mdl, 1)	Done	success: 1
2026-08-01T02:19:52Z [12,312ms] [Info] [omni.usdMdl] MdlModule::MdlModule(c:/users/kskzz/miniconda3/envs/env_isaaclab/lib/site-packages/isaacsim/kit/mdl/rtx/UsdPreviewSurface.mdl, 1, 1)	Done	function count: 21	valid: 1
2026-08-01T02:19:52Z [12,312ms] [Info] [omni.usdMdl] ModuleRegistryItem::GetOrCreateModule(1, 1)	assetPath: c:/users/kskzz/miniconda3/envs/env_isaaclab/lib/site-packages/isaacsim/kit/mdl/rtx/UsdPreviewSurface.mdl	Done	created: 1
2026-08-01T02:19:52Z [12,313ms] [Info] [usdrt.hydra.fabric_scene_delegate.plugin] using high frequency span is disabled
2026-08-01T02:19:52Z [12,313ms] [Info] [usdrt.hydra.fabric_scene_delegate.plugin] using high frequency span with attrs is disabled
2026-08-01T02:19:52Z [12,313ms] [Info] [omni.usd] UsdContext::addHydraEngineWithExistingInstanceDataImp - set default RTX engine: 1024
2026-08-01T02:19:52Z [12,313ms] [Info] [omni.hydratexture.plugin] HydraTexture with name 'omni_kit_widget_viewport_ViewportTexture_0' has settings-path of '/exts/omni.kit.hydra_texture/omni_kit_widget_viewport_ViewportTexture_0/'
2026-08-01T02:19:52Z [12,313ms] [Info] [omni.usd] UsdContext::createViewportImpl - engine type: 'rtx', tick rate: 120 , flags: 0 , device: 0
2026-08-01T02:19:52Z [12,314ms] [Info] [omni.usd] [MBVH]: enableHydraengineMasking: OFF, for indexForEngineInstance: 0
2026-08-01T02:19:52Z [12,314ms] [Info] [omni.usd] [MBVH]: raytracingMotion/enable: OFF, for indexForEngineInstance: 0
2026-08-01T02:19:52Z [12,314ms] [Info] [omni.usd] UsdContext::createRunloopThreadForHydraEngineImpl - engine: ' uid: 1024 type: rtx flags: 2 tickRateInHz: 0 deviceMask: 1 creationIndex: 0'
2026-08-01T02:19:52Z [12,314ms] [Info] [omni.usd] [MBVH]: enableHydraengineMasking: OFF, for indexForEngineInstance: 0
2026-08-01T02:19:52Z [12,314ms] [Info] [omni.usd] [MBVH]: raytracingMotion/enable: OFF, for indexForEngineInstance: 0
2026-08-01T02:19:52Z [12,314ms] [Info] [carb] Initializing plugin: omni.usd.hydra.renderproduct.plugin (interfaces: [omni::usd::hydra::IRenderProductManager v0.1]) (impl: omni.usd.hydra.renderproduct.plugin)
2026-08-01T02:19:52Z [12,314ms] [Info] [omni.usd] UsdContext::createViewportImpl - handle: 0, engine: 1024
2026-08-01T02:19:52Z [12,314ms] [Info] [omni.usd-abi.plugin] No setting was found for '/rtx-defaults/rtxsensor/fallbackTimestamps/enabled'
2026-08-01T02:19:52Z [12,314ms] [Info] [omni.usd-abi.plugin] No setting was found for '/rtx-defaults/multiThreading/enabled'
2026-08-01T02:19:52Z [12,319ms] [Info] [carb] Plugin isaacsim.core.simulation_manager.plugin is already a dependency of omni.fabric.plugin; not changing unload order
2026-08-01T02:19:52Z [12,320ms] [Info] [usdrt.population.plugin] USDRT population: Total primvar size: 0.000, sparse primvar size: 0.000 
2026-08-01T02:19:52Z [12,320ms] [Info] [usdrt.population.plugin] FabricPopulation: 0 meshes, 0 materials -> 0 after de-duplication, 0 geo instance proxies
2026-08-01T02:19:52Z [12,320ms] [Warning] [omni.fabric.plugin] Warning: attribute viewPickingId not found for bucket id 7

2026-08-01T02:19:52Z [12,323ms] [Info] [omni.graph.core.plugin] queryCudaDeviceOrdinal: CUDA device ordinal: 0.
2026-08-01T02:19:52Z [12,349ms] [Info] [rtx.multigpumanager.plugin] View 0 (/Render/OmniverseKit/HydraTextures/omni_kit_widget_viewport_ViewportTexture_0) assigned to device 0
2026-08-01T02:19:52Z [12,349ms] [Info] [rtx.multigpumanager.plugin] View 0 (/Render/OmniverseKit/HydraTextures/omni_kit_widget_viewport_ViewportTexture_0) switching to 1x1 layout
2026-08-01T02:19:52Z [12,516ms] [Info] [omni.kit.app.plugin] kEventAppReady event was delayed by: omni.usd,omni.usd
2026-08-01T02:19:52Z [12,518ms] [Info] [simulation_app.simulation_app] SimulationApp._prepare_ui: Starting UI setup
2026-08-01T02:19:52Z [12,536ms] [Info] [omni.kit.app.plugin] [12.579s] app ready
2026-08-01T02:19:52Z [12,536ms] [Info] [omni.kit.test.plugin] No test libraries found. Skipping tests.
2026-08-01T02:19:52Z [12,536ms] [Info] [omni.kit.app._impl] python GC: gc.enable()
2026-08-01T02:19:53Z [12,679ms] [Info] [omni.kit.material.library.material_library] Material cache loaded c:/users/kskzz/miniconda3/envs/env_isaaclab/lib/site-packages/isaacsim/kit/cache/Kit/107.3/69cbf6ad/material_cache.json
2026-08-01T02:19:53Z [12,707ms] [Info] [simulation_app.simulation_app] SimulationApp._prepare_ui: UI setup completed
2026-08-01T02:19:53Z [12,707ms] [Info] [simulation_app.simulation_app] SimulationApp._wait_for_viewport: Starting viewport wait
2026-08-01T02:19:53Z [12,707ms] [Info] [simulation_app.simulation_app] SimulationApp._wait_for_viewport: Running final update frames for docking
2026-08-01T02:19:53Z [12,708ms] [Info] [rtx.neuraylib.plugin] [EntityResolver] DONE  ::Z73file_3A::Z16C_3A::users::kskzz::miniconda3::envs::env_isaaclab::lib::ZC9site_2Dpackages::isaacsim::kit::mdl::core::Base::OmniPBR  <--->  ::Z73file_3A::Z16C_3A::users::kskzz::miniconda3::envs::env_isaaclab::lib::ZC9site_2Dpackages::isaacsim::kit::mdl::core::Base::OmniPBR  (file:/C:/users/kskzz/miniconda3/envs/env_isaaclab/lib/site-packages/isaacsim/kit/mdl/core/Base/OmniPBR.mdl)
2026-08-01T02:19:53Z [12,708ms] [Info] [omni.usd] Status (secondary thread): in _OpenAsset at line 360 of C:\g\181840452\source\library\OmniUsdResolver_Ar2.cpp -- OmniUsdResolver: Opening filesystem asset 'C:/users/kskzz/miniconda3/envs/env_isaaclab/lib/site-packages/isaacsim/kit/mdl/core/Base/OmniPBR.mdl' for read

2026-08-01T02:19:53Z [12,712ms] [Info] [rtx.neuraylib.plugin] [EntityResolver] DONE  ::nvidia::core_definitions  <--->  ::nvidia::core_definitions  (file:/C:/users/kskzz/miniconda3/envs/env_isaaclab/lib/site-packages/isaacsim/kit/mdl/core/mdl/nvidia/core_definitions.mdl)
2026-08-01T02:19:53Z [12,712ms] [Info] [omni.usd] Status (secondary thread): in _OpenAsset at line 360 of C:\g\181840452\source\library\OmniUsdResolver_Ar2.cpp -- OmniUsdResolver: Opening filesystem asset 'C:/users/kskzz/miniconda3/envs/env_isaaclab/lib/site-packages/isaacsim/kit/mdl/core/mdl/nvidia/core_definitions.mdl' for read

2026-08-01T02:19:53Z [12,721ms] [Info] [rtx.neuraylib.plugin] [EntityResolver] DONE  .::support_definitions  <--->  ::nvidia::support_definitions  (file:/C:/users/kskzz/miniconda3/envs/env_isaaclab/lib/site-packages/isaacsim/kit/mdl/core/mdl/nvidia/support_definitions.mdl)
2026-08-01T02:19:53Z [12,721ms] [Info] [omni.usd] Status (secondary thread): in _OpenAsset at line 360 of C:\g\181840452\source\library\OmniUsdResolver_Ar2.cpp -- OmniUsdResolver: Opening filesystem asset 'C:/users/kskzz/miniconda3/envs/env_isaaclab/lib/site-packages/isaacsim/kit/mdl/core/mdl/nvidia/support_definitions.mdl' for read

2026-08-01T02:19:53Z [12,727ms] [Info] [rtx.neuraylib.plugin] [EntityResolver] DONE  .::aux_definitions  <--->  ::nvidia::aux_definitions  (file:/C:/users/kskzz/miniconda3/envs/env_isaaclab/lib/site-packages/isaacsim/kit/mdl/core/mdl/nvidia/aux_definitions.mdl)
2026-08-01T02:19:53Z [12,727ms] [Info] [omni.usd] Status (secondary thread): in _OpenAsset at line 360 of C:\g\181840452\source\library\OmniUsdResolver_Ar2.cpp -- OmniUsdResolver: Opening filesystem asset 'C:/users/kskzz/miniconda3/envs/env_isaaclab/lib/site-packages/isaacsim/kit/mdl/core/mdl/nvidia/aux_definitions.mdl' for read

2026-08-01T02:19:53Z [12,792ms] [Info] [rtx.neuraylib.plugin] [EntityResolver] CACHED  ::nvidia::core_definitions  <--->  ::nvidia::core_definitions  (file:/C:/users/kskzz/miniconda3/envs/env_isaaclab/lib/site-packages/isaacsim/kit/mdl/core/mdl/nvidia/core_definitions.mdl)
2026-08-01T02:19:53Z [12,793ms] [Info] [rtx.neuraylib.plugin] [EntityResolver] DONE  .::OmniPBR_ClearCoat  <--->  ::Z73file_3A::Z16C_3A::users::kskzz::miniconda3::envs::env_isaaclab::lib::ZC9site_2Dpackages::isaacsim::kit::mdl::core::Base::OmniPBR_ClearCoat  (file:/C:/users/kskzz/miniconda3/envs/env_isaaclab/lib/site-packages/isaacsim/kit/mdl/core/Base/OmniPBR_ClearCoat.mdl)
2026-08-01T02:19:53Z [12,793ms] [Info] [omni.usd] Status (secondary thread): in _OpenAsset at line 360 of C:\g\181840452\source\library\OmniUsdResolver_Ar2.cpp -- OmniUsdResolver: Opening filesystem asset 'C:/users/kskzz/miniconda3/envs/env_isaaclab/lib/site-packages/isaacsim/kit/mdl/core/Base/OmniPBR_ClearCoat.mdl' for read

2026-08-01T02:19:53Z [12,796ms] [Info] [rtx.neuraylib.plugin] [EntityResolver] CACHED  ::nvidia::core_definitions  <--->  ::nvidia::core_definitions  (file:/C:/users/kskzz/miniconda3/envs/env_isaaclab/lib/site-packages/isaacsim/kit/mdl/core/mdl/nvidia/core_definitions.mdl)
2026-08-01T02:19:53Z [12,796ms] [Info] [rtx.neuraylib.plugin] [EntityResolver] CACHED  ::nvidia::core_definitions  <--->  ::nvidia::core_definitions  (file:/C:/users/kskzz/miniconda3/envs/env_isaaclab/lib/site-packages/isaacsim/kit/mdl/core/mdl/nvidia/core_definitions.mdl)
2026-08-01T02:19:53Z [12,796ms] [Info] [rtx.neuraylib.plugin] [EntityResolver] DONE  .::OmniPBRBase  <--->  ::Z73file_3A::Z16C_3A::users::kskzz::miniconda3::envs::env_isaaclab::lib::ZC9site_2Dpackages::isaacsim::kit::mdl::core::Base::OmniPBRBase  (file:/C:/users/kskzz/miniconda3/envs/env_isaaclab/lib/site-packages/isaacsim/kit/mdl/core/Base/OmniPBRBase.mdl)
2026-08-01T02:19:53Z [12,797ms] [Info] [omni.usd] Status (secondary thread): in _OpenAsset at line 360 of C:\g\181840452\source\library\OmniUsdResolver_Ar2.cpp -- OmniUsdResolver: Opening filesystem asset 'C:/users/kskzz/miniconda3/envs/env_isaaclab/lib/site-packages/isaacsim/kit/mdl/core/Base/OmniPBRBase.mdl' for read

2026-08-01T02:19:53Z [12,813ms] [Info] [rtx.neuraylib.plugin] FileWatcher: Started watching: 'mdl::Z73file_3A::Z16C_3A::users::kskzz::miniconda3::envs::env_isaaclab::lib::ZC9site_2Dpackages::isaacsim::kit::mdl::core::Base::OmniPBRBase'
2026-08-01T02:19:53Z [12,813ms] [Info] [rtx.neuraylib.plugin] FileWatcher: Started watching: 'mdl::nvidia::aux_definitions'
2026-08-01T02:19:53Z [12,813ms] [Info] [rtx.neuraylib.plugin] FileWatcher: Started watching: 'mdl::nvidia::support_definitions'
2026-08-01T02:19:53Z [12,813ms] [Info] [rtx.neuraylib.plugin] FileWatcher: Started watching: 'mdl::nvidia::core_definitions'
2026-08-01T02:19:53Z [12,813ms] [Info] [rtx.neuraylib.plugin] FileWatcher: Started watching: 'mdl::Z73file_3A::Z16C_3A::users::kskzz::miniconda3::envs::env_isaaclab::lib::ZC9site_2Dpackages::isaacsim::kit::mdl::core::Base::OmniPBR_ClearCoat'
2026-08-01T02:19:53Z [12,813ms] [Info] [rtx.neuraylib.plugin] FileWatcher: Started watching: 'mdl::Z73file_3A::Z16C_3A::users::kskzz::miniconda3::envs::env_isaaclab::lib::ZC9site_2Dpackages::isaacsim::kit::mdl::core::Base::OmniPBR'
2026-08-01T02:19:53Z [12,896ms] [Info] [simulation_app.simulation_app] SimulationApp._wait_for_viewport: Viewport wait completed
2026-08-01T02:19:53Z [12,896ms] [Info] [omni.kit.app.plugin] [12.939s] Simulation App Startup Complete
2026-08-01T02:19:53Z [13,521ms] [Info] [omni.usd] Status: in _OpenAsset at line 360 of C:\g\181840452\source\library\OmniUsdResolver_Ar2.cpp -- OmniUsdResolver: Opening filesystem asset 'C:\robotics_sim\wlr_robot\usd\wlr_robot_drive_test.usd' for read

2026-08-01T02:19:54Z [13,662ms] [Info] [omni.usd] Status: in _OpenAsset at line 360 of C:\g\181840452\source\library\OmniUsdResolver_Ar2.cpp -- OmniUsdResolver: Opening filesystem asset 'C:\robotics_sim\wlr_robot\resume_validation_fsm_residual_ppo\assets\converted\wlr_robot_validation.usd' for read

2026-08-01T02:19:54Z [13,690ms] [Info] [omni.usd] UsdContext::destroyViewport - handle: 0
2026-08-01T02:19:54Z [13,690ms] [Info] [omni.usd] UsdContext::destroyViewport - engine: ' uid: 1024 type: rtx flags: 2 tickRateInHz: 0 deviceMask: 1 creationIndex: 0
2026-08-01T02:19:54Z [13,726ms] [Info] [usdrt.population.plugin] USDRT population: Total primvar size: 0.000, sparse primvar size: 0.000 
2026-08-01T02:19:54Z [13,726ms] [Info] [usdrt.population.plugin] FabricPopulation: 0 meshes, 0 materials -> 0 after de-duplication, 0 geo instance proxies
2026-08-01T02:19:54Z [13,728ms] [Info] [isaacsim.core.api.physics_context.physics_context] Defining a new Physics Scene at path `/physicsScene`
2026-08-01T02:19:54Z [13,731ms] [Info] [usdrt.population.plugin] USDRT population: Total primvar size: 0.000, sparse primvar size: 0.000 
2026-08-01T02:19:54Z [13,731ms] [Info] [usdrt.population.plugin] FabricPopulation: 0 meshes, 0 materials -> 0 after de-duplication, 0 geo instance proxies
2026-08-01T02:19:54Z [13,735ms] [Info] [usdrt.population.plugin] USDRT population: Total primvar size: 0.000, sparse primvar size: 0.000 
2026-08-01T02:19:54Z [13,735ms] [Info] [usdrt.population.plugin] FabricPopulation: 0 meshes, 0 materials -> 0 after de-duplication, 0 geo instance proxies
2026-08-01T02:19:54Z [13,738ms] [Info] [usdrt.population.plugin] USDRT population: Total primvar size: 0.000, sparse primvar size: 0.000 
2026-08-01T02:19:54Z [13,738ms] [Info] [usdrt.population.plugin] FabricPopulation: 0 meshes, 0 materials -> 0 after de-duplication, 0 geo instance proxies
2026-08-01T02:19:54Z [13,740ms] [Info] [usdrt.population.plugin] USDRT population: Total primvar size: 0.000, sparse primvar size: 0.000 
2026-08-01T02:19:54Z [13,740ms] [Info] [usdrt.population.plugin] FabricPopulation: 0 meshes, 0 materials -> 0 after de-duplication, 0 geo instance proxies
2026-08-01T02:19:54Z [13,855ms] [Info] [omni.usd] Status: in _OpenAsset at line 360 of C:\g\181840452\source\library\OmniUsdResolver_Ar2.cpp -- OmniUsdResolver: Opening filesystem asset 'C:\robotics_sim\wlr_robot\resume_validation_fsm_residual_ppo\assets\converted\wlr_robot_validation.usd' for read

2026-08-01T02:19:54Z [13,881ms] [Info] [omni.usdMdl] MdlModuleRegistry::GetSdrFromDiscoveryResult(c:/users/kskzz/miniconda3/envs/env_isaaclab/lib/site-packages/isaacsim/kit/mdl/rtx/UsdPreviewSurface.mdl, 1)
2026-08-01T02:19:54Z [13,893ms] [Info] [carb.omniclient.plugin]  Main: provider_http: Successfully created S3 provider for https://omniverse-content-production.s3-us-west-2.amazonaws.com
2026-08-01T02:19:54Z [14,206ms] [Info] [carb.omniclient.plugin]  Tick: provider_http: Using CloudFront http://dcb18d6mfegct.cloudfront.net/, List = No
2026-08-01T02:19:54Z [14,308ms] [Info] [omni.usd] Status: in Open at line 72 of C:\g\181840452\source\library\OmniUsdAsset.cpp -- OmniUsdResolver: Opened asset 'https://omniverse-content-production.s3-us-west-2.amazonaws.com/Assets/Isaac/5.1/Isaac/Environments/Grid/default_environment.usd' for read

2026-08-01T02:19:54Z [14,363ms] [Info] [carb] Plugin isaacsim.core.simulation_manager.plugin is already a dependency of omni.fabric.plugin; not changing unload order
2026-08-01T02:19:54Z [14,390ms] [Info] [carb] `get_post_update_event_stream` is deprecated. Use Events 2.0. Callstack:   File "C:\robotics_sim\wlr_robot\wlr_obstacle_rl_env.py", line 667, in __init__
    super().__init__(cfg, render_mode, **kwargs)
  File "c:/robotics_sim/isaaclab/source/isaaclab/isaaclab/envs/direct_rl_env.py", line 144, in __init__
    self.viewport_camera_controller = ViewportCameraController(self, self.cfg.viewer)
  File "c:/robotics_sim/isaaclab/source/isaaclab/isaaclab/envs/ui/viewport_camera_controller.py", line 80, in __init__
    app_event_stream = app_interface.get_post_update_event_stream()
  File "C:\Users\kskzz\miniconda3\envs\env_isaaclab\Lib\site-packages\isaacsim\kit\kernel\py\carb\__init__.py", line 107, in wrapped
    obj.__name__, message, "".join(traceback.format_stack(limit=4))[:-1]
2026-08-01T02:19:55Z [14,872ms] [Info] [omni.usd] Status (secondary thread): in Resolve at line 246 of C:\g\181840452\source\library\ResolverHelper.cpp -- OmniUsdResolver: Disabling base URL to resolve MDL identifier 'OmniPBR.mdl'

2026-08-01T02:19:55Z [14,872ms] [Info] [omni.usd] Status (secondary thread): in Resolve at line 246 of C:\g\181840452\source\library\ResolverHelper.cpp -- OmniUsdResolver: Disabling base URL to resolve MDL identifier 'OmniPBR.mdl'

2026-08-01T02:19:55Z [14,872ms] [Info] [omni.usd] Status (secondary thread): in Resolve at line 246 of C:\g\181840452\source\library\ResolverHelper.cpp -- OmniUsdResolver: Disabling base URL to resolve MDL identifier 'OmniPBR.mdl'

2026-08-01T02:19:55Z [14,872ms] [Info] [omni.usd] Status (secondary thread): in Resolve at line 246 of C:\g\181840452\source\library\ResolverHelper.cpp -- OmniUsdResolver: Disabling base URL to resolve MDL identifier 'OmniPBR.mdl'

2026-08-01T02:19:55Z [14,986ms] [Info] [usdrt.population.plugin] USDRT population: Total primvar size: 0.000, sparse primvar size: 0.000 
2026-08-01T02:19:55Z [14,986ms] [Info] [usdrt.population.plugin] FabricPopulation: 27 meshes, 32 materials -> 0 after de-duplication, 26 geo instance proxies
2026-08-01T02:19:55Z [14,992ms] [Info] [omni.usd] Status: in Resolve at line 246 of C:\g\181840452\source\library\ResolverHelper.cpp -- OmniUsdResolver: Disabling base URL to resolve MDL identifier 'OmniPBR.mdl'

2026-08-01T02:19:55Z [15,027ms] [Info] [omni.physx.tensors.plugin] Physics using context 000001E4DA6DD6D0, device 0
2026-08-01T02:19:56Z [15,777ms] [Info] [isaacsim.core.simulation_manager.plugin] onResume: Stored initial time data
2026-08-01T02:19:56Z [15,781ms] [Info] [omni.kit.menu.utils.utils] omni.kit.menu.utils.refresh_menu_items Replicator
2026-08-01T02:19:58Z [17,935ms] [Info] [omni.hydratexture.plugin] HydraTexture with name 'Replicator' has settings-path of '/exts/omni.kit.hydra_texture/Replicator/'
2026-08-01T02:19:58Z [17,935ms] [Info] [omni.usd] UsdContext::createViewportImpl - engine type: 'rtx', tick rate: 120 , flags: 0 , device: 0
2026-08-01T02:19:58Z [17,935ms] [Info] [omni.usd] [MBVH]: enableHydraengineMasking: OFF, for indexForEngineInstance: 0
2026-08-01T02:19:58Z [17,935ms] [Info] [omni.usd] [MBVH]: raytracingMotion/enable: OFF, for indexForEngineInstance: 0
2026-08-01T02:19:58Z [17,935ms] [Info] [omni.usd] UsdContext::createRunloopThreadForHydraEngineImpl - engine: ' uid: 1024 type: rtx flags: 2 tickRateInHz: 0 deviceMask: 1 creationIndex: 0'
2026-08-01T02:19:58Z [17,935ms] [Info] [omni.usd] [MBVH]: enableHydraengineMasking: OFF, for indexForEngineInstance: 0
2026-08-01T02:19:58Z [17,935ms] [Info] [omni.usd] [MBVH]: raytracingMotion/enable: OFF, for indexForEngineInstance: 0
2026-08-01T02:19:58Z [17,935ms] [Info] [omni.usd] UsdContext::createViewportImpl - handle: 1, engine: 1024
2026-08-01T02:19:58Z [17,937ms] [Info] [omni.replicator.core.scripts.annotators] Attaching rgb to render product(s) ['/Render/OmniverseKit/HydraTextures/Replicator']
2026-08-01T02:20:00Z [20,522ms] [Info] [usdrt.population.plugin] USDRT population: Total primvar size: 0.000, sparse primvar size: 0.000 
2026-08-01T02:20:00Z [20,523ms] [Info] [usdrt.population.plugin] FabricPopulation: 0 meshes, 0 materials -> 0 after de-duplication, 0 geo instance proxies
2026-08-01T02:20:01Z [21,016ms] [Info] [omni.kit.menu.utils.utils] omni.kit.menu.utils.refresh_menu_items Replicator
2026-08-01T02:20:01Z [21,033ms] [Info] [gpu.foundation.plugin] Setting mgpu copy backend to 'cuda'
2026-08-01T02:20:01Z [21,042ms] [Warning] [omni.fabric.plugin] getAttributeCount called on non-existent path /World/envs/env_0/Robot/rear_right_wheel/visuals/rear_right_wheel/node_STL_BINARY_
2026-08-01T02:20:01Z [21,042ms] [Warning] [omni.fabric.plugin] getTypes called on non-existent path /World/envs/env_0/Robot/rear_right_wheel/visuals/rear_right_wheel/node_STL_BINARY_
2026-08-01T02:20:01Z [21,053ms] [Info] [omni.usdMdl] MdlModuleRegistry::GetSdrFromDiscoveryResult(C:\users\kskzz\miniconda3\envs\env_isaaclab\lib\site-packages\isaacsim\kit\mdl\core\Base\OmniPBR.mdl, 1)
2026-08-01T02:20:01Z [21,053ms] [Info] [omni.usdMdl] MdlModuleRegistry::_GetOrCreateModule(C:\users\kskzz\miniconda3\envs\env_isaaclab\lib\site-packages\isaacsim\kit\mdl\core\Base\OmniPBR.mdl, 1, 0)
2026-08-01T02:20:01Z [21,053ms] [Info] [omni.usdMdl] MdlModuleRegistry::_GetOrCreateModule(C:\users\kskzz\miniconda3\envs\env_isaaclab\lib\site-packages\isaacsim\kit\mdl\core\Base\OmniPBR.mdl, 1, 0)	Done	created: 1
2026-08-01T02:20:01Z [21,053ms] [Info] [omni.usdMdl] ModuleRegistryItem::GetOrCreateModule(1, 0)	assetPath: C:\users\kskzz\miniconda3\envs\env_isaaclab\lib\site-packages\isaacsim\kit\mdl\core\Base\OmniPBR.mdl
2026-08-01T02:20:01Z [21,053ms] [Info] [omni.usdMdl] MdlModule::MdlModule(C:\users\kskzz\miniconda3\envs\env_isaaclab\lib\site-packages\isaacsim\kit\mdl\core\Base\OmniPBR.mdl, 1, 0)
2026-08-01T02:20:01Z [21,053ms] [Info] [omni.usdMdl] Neuray::LoadModule(C:\users\kskzz\miniconda3\envs\env_isaaclab\lib\site-packages\isaacsim\kit\mdl\core\Base\OmniPBR.mdl, OmniPBR.mdl, 0)
2026-08-01T02:20:01Z [21,054ms] [Info] [rtx.neuraylib.plugin] [EntityResolver] DONE  ::OmniPBR  <--->  ::OmniPBR  (file:/C:/users/kskzz/miniconda3/envs/env_isaaclab/lib/site-packages/isaacsim/kit/mdl/core/Base/OmniPBR.mdl)
2026-08-01T02:20:01Z [21,054ms] [Info] [omni.usd] Status (secondary thread): in _OpenAsset at line 360 of C:\g\181840452\source\library\OmniUsdResolver_Ar2.cpp -- OmniUsdResolver: Opening filesystem asset 'C:/users/kskzz/miniconda3/envs/env_isaaclab/lib/site-packages/isaacsim/kit/mdl/core/Base/OmniPBR.mdl' for read

2026-08-01T02:20:01Z [21,056ms] [Info] [rtx.neuraylib.plugin] [EntityResolver] CACHED  ::nvidia::core_definitions  <--->  ::nvidia::core_definitions  (file:/C:/users/kskzz/miniconda3/envs/env_isaaclab/lib/site-packages/isaacsim/kit/mdl/core/mdl/nvidia/core_definitions.mdl)
2026-08-01T02:20:01Z [21,056ms] [Info] [rtx.neuraylib.plugin] [EntityResolver] CACHED  ::nvidia::core_definitions  <--->  ::nvidia::core_definitions  (file:/C:/users/kskzz/miniconda3/envs/env_isaaclab/lib/site-packages/isaacsim/kit/mdl/core/mdl/nvidia/core_definitions.mdl)
2026-08-01T02:20:01Z [21,058ms] [Info] [rtx.neuraylib.plugin] [EntityResolver] DONE  .::OmniPBR_ClearCoat  <--->  ::OmniPBR_ClearCoat  (file:/C:/users/kskzz/miniconda3/envs/env_isaaclab/lib/site-packages/isaacsim/kit/mdl/core/Base/OmniPBR_ClearCoat.mdl)
2026-08-01T02:20:01Z [21,058ms] [Info] [omni.usd] Status (secondary thread): in _OpenAsset at line 360 of C:\g\181840452\source\library\OmniUsdResolver_Ar2.cpp -- OmniUsdResolver: Opening filesystem asset 'C:/users/kskzz/miniconda3/envs/env_isaaclab/lib/site-packages/isaacsim/kit/mdl/core/Base/OmniPBR_ClearCoat.mdl' for read

2026-08-01T02:20:01Z [21,061ms] [Info] [rtx.neuraylib.plugin] [EntityResolver] CACHED  ::nvidia::core_definitions  <--->  ::nvidia::core_definitions  (file:/C:/users/kskzz/miniconda3/envs/env_isaaclab/lib/site-packages/isaacsim/kit/mdl/core/mdl/nvidia/core_definitions.mdl)
2026-08-01T02:20:01Z [21,061ms] [Info] [rtx.neuraylib.plugin] [EntityResolver] CACHED  ::nvidia::core_definitions  <--->  ::nvidia::core_definitions  (file:/C:/users/kskzz/miniconda3/envs/env_isaaclab/lib/site-packages/isaacsim/kit/mdl/core/mdl/nvidia/core_definitions.mdl)
2026-08-01T02:20:01Z [21,062ms] [Info] [rtx.neuraylib.plugin] [EntityResolver] DONE  .::OmniPBRBase  <--->  ::OmniPBRBase  (file:/C:/users/kskzz/miniconda3/envs/env_isaaclab/lib/site-packages/isaacsim/kit/mdl/core/Base/OmniPBRBase.mdl)
2026-08-01T02:20:01Z [21,062ms] [Info] [omni.usd] Status (secondary thread): in _OpenAsset at line 360 of C:\g\181840452\source\library\OmniUsdResolver_Ar2.cpp -- OmniUsdResolver: Opening filesystem asset 'C:/users/kskzz/miniconda3/envs/env_isaaclab/lib/site-packages/isaacsim/kit/mdl/core/Base/OmniPBRBase.mdl' for read

2026-08-01T02:20:01Z [21,075ms] [Info] [rtx.neuraylib.plugin] FileWatcher: Started watching: 'mdl::OmniPBRBase'
2026-08-01T02:20:01Z [21,075ms] [Info] [rtx.neuraylib.plugin] FileWatcher: Started watching: 'mdl::OmniPBR_ClearCoat'
2026-08-01T02:20:01Z [21,075ms] [Info] [rtx.neuraylib.plugin] FileWatcher: Started watching: 'mdl::OmniPBR'
2026-08-01T02:20:01Z [21,075ms] [Info] [omni.usdMdl] MdlNotice::ModuleLoaded	C:\users\kskzz\miniconda3\envs\env_isaaclab\lib\site-packages\isaacsim\kit\mdl\core\Base\OmniPBR.mdl
2026-08-01T02:20:01Z [21,075ms] [Info] [omni.usdMdl] Neuray::LoadModule(C:\users\kskzz\miniconda3\envs\env_isaaclab\lib\site-packages\isaacsim\kit\mdl\core\Base\OmniPBR.mdl, OmniPBR.mdl, 0)	Done	success: 1
2026-08-01T02:20:01Z [21,075ms] [Info] [omni.usdMdl] MdlModule::MdlModule(C:\users\kskzz\miniconda3\envs\env_isaaclab\lib\site-packages\isaacsim\kit\mdl\core\Base\OmniPBR.mdl, 1, 0)	Done	function count: 1	valid: 1
2026-08-01T02:20:01Z [21,075ms] [Info] [omni.usdMdl] ModuleRegistryItem::GetOrCreateModule(1, 0)	assetPath: C:\users\kskzz\miniconda3\envs\env_isaaclab\lib\site-packages\isaacsim\kit\mdl\core\Base\OmniPBR.mdl	Done	created: 1
2026-08-01T02:20:01Z [21,077ms] [Info] [omni.hydra] Resolved MdlEntity function overload for prim '/__Fabric_StageInfo/MaterialPool/mat_9c8cee69/Shader' as '::OmniPBR::OmniPBR.mdl'.
2026-08-01T02:20:01Z [21,077ms] [Info] [rtx.neuraylib.plugin] Stored MdlEntitySnapshot to DB: usd::rtx_scope0::/__Fabric_StageInfo/MaterialPool/mat_9c8cee69/Shader::::OmniPBR::OmniPBR((8))
2026-08-01T02:20:01Z [21,077ms] [Info] [omni.usdMdl] MdlModuleRegistry::SubscribeModuleReloaded(15990615255681255094<OmniPBR><mdl>)
2026-08-01T02:20:01Z [21,077ms] [Info] [omni.hydra] Structural change on shade node '/__Fabric_StageInfo/MaterialPool/mat_9c8cee69/Shader'. Initiating database and shader updates.
2026-08-01T02:20:01Z [21,077ms] [Info] [omni.hydra] Start creating rendering material for prim '/__Fabric_StageInfo/MaterialPool/mat_9c8cee69/Shader': usd::rtx_scope0::/__Fabric_StageInfo/MaterialPool/mat_9c8cee69/Shader::::OmniPBR::OmniPBR((8))
2026-08-01T02:20:02Z [21,854ms] [Info] [omni.hydra] Setting new rendering material for prim '/__Fabric_StageInfo/MaterialPool/mat_9c8cee69/Shader': usd::rtx_scope0::/__Fabric_StageInfo/MaterialPool/mat_9c8cee69/Shader::::OmniPBR::OmniPBR((8))
2026-08-01T02:20:02Z [21,854ms] [Info] [omni.hydra] Resolved MdlEntity function overload for prim '/__Fabric_StageInfo/MaterialPool/mat_70451a2c/Shader' as '::OmniPBR::OmniPBR.mdl'.
2026-08-01T02:20:02Z [21,855ms] [Info] [rtx.neuraylib.plugin] Stored MdlEntitySnapshot to DB: usd::rtx_scope0::/__Fabric_StageInfo/MaterialPool/mat_70451a2c/Shader::::OmniPBR::OmniPBR((9))
2026-08-01T02:20:02Z [21,855ms] [Info] [omni.usdMdl] MdlModuleRegistry::SubscribeModuleReloaded(15990615255681255094<OmniPBR><mdl>)
2026-08-01T02:20:02Z [21,856ms] [Info] [gpu.foundation.plugin] Texture cache is at  and C:/Users/kskzz/AppData/Local/ov/cache/texturecache (local)
2026-08-01T02:20:02Z [21,856ms] [Info] [gpu.foundation.plugin] IndeX Direct: volume handling enabled.
2026-08-01T02:20:02Z [21,863ms] [Info] [omni.hydra] Structural change on shade node '/__Fabric_StageInfo/MaterialPool/mat_70451a2c/Shader'. Initiating database and shader updates.
2026-08-01T02:20:02Z [21,863ms] [Info] [omni.hydra] Start creating rendering material for prim '/__Fabric_StageInfo/MaterialPool/mat_70451a2c/Shader': usd::rtx_scope0::/__Fabric_StageInfo/MaterialPool/mat_70451a2c/Shader::::OmniPBR::OmniPBR((9))
2026-08-01T02:20:02Z [21,864ms] [Info] [omni.hydra] Setting new rendering material for prim '/__Fabric_StageInfo/MaterialPool/mat_70451a2c/Shader': usd::rtx_scope0::/__Fabric_StageInfo/MaterialPool/mat_70451a2c/Shader::::OmniPBR::OmniPBR((9))
2026-08-01T02:20:02Z [21,865ms] [Info] [omni.hydra] Resolved MdlEntity function overload for prim '/__Fabric_StageInfo/MaterialPool/mat_2ec8506/DefaultMaterial' as '::OmniPBR::OmniPBR.mdl'.
2026-08-01T02:20:02Z [21,865ms] [Info] [rtx.neuraylib.plugin] Stored MdlEntitySnapshot to DB: usd::rtx_scope0::/__Fabric_StageInfo/MaterialPool/mat_2ec8506/DefaultMaterial::::OmniPBR::OmniPBR((10))
2026-08-01T02:20:02Z [21,865ms] [Info] [omni.usdMdl] MdlModuleRegistry::SubscribeModuleReloaded(15990615255681255094<OmniPBR><mdl>)
2026-08-01T02:20:02Z [21,865ms] [Info] [omni.hydra] Structural change on shade node '/__Fabric_StageInfo/MaterialPool/mat_2ec8506/DefaultMaterial'. Initiating database and shader updates.
2026-08-01T02:20:02Z [21,865ms] [Info] [omni.hydra] Start creating rendering material for prim '/__Fabric_StageInfo/MaterialPool/mat_2ec8506/DefaultMaterial': usd::rtx_scope0::/__Fabric_StageInfo/MaterialPool/mat_2ec8506/DefaultMaterial::::OmniPBR::OmniPBR((10))
2026-08-01T02:20:02Z [21,866ms] [Info] [omni.hydra] Setting new rendering material for prim '/__Fabric_StageInfo/MaterialPool/mat_2ec8506/DefaultMaterial': usd::rtx_scope0::/__Fabric_StageInfo/MaterialPool/mat_2ec8506/DefaultMaterial::::OmniPBR::OmniPBR((10))
2026-08-01T02:20:02Z [21,866ms] [Info] [omni.hydra] Resolved MdlEntity function overload for prim '/__Fabric_StageInfo/MaterialPool/mat_c355a743/Shader' as '::OmniPBR::OmniPBR.mdl'.
2026-08-01T02:20:02Z [21,866ms] [Info] [rtx.neuraylib.plugin] Stored MdlEntitySnapshot to DB: usd::rtx_scope0::/__Fabric_StageInfo/MaterialPool/mat_c355a743/Shader::::OmniPBR::OmniPBR((11))
2026-08-01T02:20:02Z [21,866ms] [Info] [omni.usdMdl] MdlModuleRegistry::SubscribeModuleReloaded(15990615255681255094<OmniPBR><mdl>)
2026-08-01T02:20:02Z [21,867ms] [Info] [omni.hydra] Structural change on shade node '/__Fabric_StageInfo/MaterialPool/mat_c355a743/Shader'. Initiating database and shader updates.
2026-08-01T02:20:02Z [21,867ms] [Info] [omni.hydra] Start creating rendering material for prim '/__Fabric_StageInfo/MaterialPool/mat_c355a743/Shader': usd::rtx_scope0::/__Fabric_StageInfo/MaterialPool/mat_c355a743/Shader::::OmniPBR::OmniPBR((11))
2026-08-01T02:20:02Z [21,867ms] [Info] [omni.hydra] Setting new rendering material for prim '/__Fabric_StageInfo/MaterialPool/mat_c355a743/Shader': usd::rtx_scope0::/__Fabric_StageInfo/MaterialPool/mat_c355a743/Shader::::OmniPBR::OmniPBR((11))
2026-08-01T02:20:02Z [21,868ms] [Info] [omni.hydra] Resolved MdlEntity function overload for prim '/__Prototype_15630650499468660181/front_right_upper/node_STL_BINARY_/Looks/DefaultMaterial/DefaultMaterial' as '::OmniPBR::OmniPBR.mdl'.
2026-08-01T02:20:02Z [21,868ms] [Info] [rtx.neuraylib.plugin] Stored MdlEntitySnapshot to DB: usd::rtx_scope0::/__Prototype_15630650499468660181/front_right_upper/node_STL_BINARY_/Looks/DefaultMaterial/DefaultMaterial::::OmniPBR::OmniPBR((12))
2026-08-01T02:20:02Z [21,868ms] [Info] [omni.usdMdl] MdlModuleRegistry::SubscribeModuleReloaded(15990615255681255094<OmniPBR><mdl>)
2026-08-01T02:20:02Z [21,868ms] [Info] [omni.hydra] Structural change on shade node '/__Prototype_15630650499468660181/front_right_upper/node_STL_BINARY_/Looks/DefaultMaterial/DefaultMaterial'. Initiating database and shader updates.
2026-08-01T02:20:02Z [21,868ms] [Info] [omni.hydra] Start creating rendering material for prim '/__Prototype_15630650499468660181/front_right_upper/node_STL_BINARY_/Looks/DefaultMaterial/DefaultMaterial': usd::rtx_scope0::/__Prototype_15630650499468660181/front_right_upper/node_STL_BINARY_/Looks/DefaultMaterial/DefaultMaterial::::OmniPBR::OmniPBR((12))
2026-08-01T02:20:02Z [21,869ms] [Info] [omni.hydra] Setting new rendering material for prim '/__Prototype_15630650499468660181/front_right_upper/node_STL_BINARY_/Looks/DefaultMaterial/DefaultMaterial': usd::rtx_scope0::/__Prototype_15630650499468660181/front_right_upper/node_STL_BINARY_/Looks/DefaultMaterial/DefaultMaterial::::OmniPBR::OmniPBR((12))
2026-08-01T02:20:02Z [21,869ms] [Info] [omni.usd] Status: in _OpenAsset at line 360 of C:\g\181840452\source\library\OmniUsdResolver_Ar2.cpp -- OmniUsdResolver: Opening filesystem asset 'C:\users\kskzz\miniconda3\envs\env_isaaclab\lib\site-packages\isaacsim\extscache\omni.usd.libs-1.0.1+69cbf6ad.wx64.r.cp311\bin\usd\usdShaders\resources\shaders\shaderDefs.usda' for read

2026-08-01T02:20:02Z [21,873ms] [Info] [omni.hydra] Resolved MdlEntity function overload for prim '/__Prototype_9422073362661829238/rear_left_wheel/node_STL_BINARY_/Looks/DefaultMaterial/DefaultMaterial' as '::OmniPBR::OmniPBR.mdl'.
2026-08-01T02:20:02Z [21,874ms] [Info] [rtx.neuraylib.plugin] Stored MdlEntitySnapshot to DB: usd::rtx_scope0::/__Prototype_9422073362661829238/rear_left_wheel/node_STL_BINARY_/Looks/DefaultMaterial/DefaultMaterial::::OmniPBR::OmniPBR((13))
2026-08-01T02:20:02Z [21,874ms] [Info] [omni.usdMdl] MdlModuleRegistry::SubscribeModuleReloaded(15990615255681255094<OmniPBR><mdl>)
2026-08-01T02:20:02Z [21,874ms] [Info] [omni.hydra] Structural change on shade node '/__Prototype_9422073362661829238/rear_left_wheel/node_STL_BINARY_/Looks/DefaultMaterial/DefaultMaterial'. Initiating database and shader updates.
2026-08-01T02:20:02Z [21,874ms] [Info] [omni.hydra] Start creating rendering material for prim '/__Prototype_9422073362661829238/rear_left_wheel/node_STL_BINARY_/Looks/DefaultMaterial/DefaultMaterial': usd::rtx_scope0::/__Prototype_9422073362661829238/rear_left_wheel/node_STL_BINARY_/Looks/DefaultMaterial/DefaultMaterial::::OmniPBR::OmniPBR((13))
2026-08-01T02:20:02Z [21,875ms] [Info] [omni.hydra] Setting new rendering material for prim '/__Prototype_9422073362661829238/rear_left_wheel/node_STL_BINARY_/Looks/DefaultMaterial/DefaultMaterial': usd::rtx_scope0::/__Prototype_9422073362661829238/rear_left_wheel/node_STL_BINARY_/Looks/DefaultMaterial/DefaultMaterial::::OmniPBR::OmniPBR((13))
2026-08-01T02:20:02Z [21,875ms] [Info] [omni.hydra] Resolved MdlEntity function overload for prim '/__Prototype_16793831744940123814/front_right_bot/node_STL_BINARY_/Looks/DefaultMaterial/DefaultMaterial' as '::OmniPBR::OmniPBR.mdl'.
2026-08-01T02:20:02Z [21,875ms] [Info] [rtx.neuraylib.plugin] Stored MdlEntitySnapshot to DB: usd::rtx_scope0::/__Prototype_16793831744940123814/front_right_bot/node_STL_BINARY_/Looks/DefaultMaterial/DefaultMaterial::::OmniPBR::OmniPBR((14))
2026-08-01T02:20:02Z [21,875ms] [Info] [omni.usdMdl] MdlModuleRegistry::SubscribeModuleReloaded(15990615255681255094<OmniPBR><mdl>)
2026-08-01T02:20:02Z [21,876ms] [Info] [omni.hydra] Structural change on shade node '/__Prototype_16793831744940123814/front_right_bot/node_STL_BINARY_/Looks/DefaultMaterial/DefaultMaterial'. Initiating database and shader updates.
2026-08-01T02:20:02Z [21,876ms] [Info] [omni.hydra] Start creating rendering material for prim '/__Prototype_16793831744940123814/front_right_bot/node_STL_BINARY_/Looks/DefaultMaterial/DefaultMaterial': usd::rtx_scope0::/__Prototype_16793831744940123814/front_right_bot/node_STL_BINARY_/Looks/DefaultMaterial/DefaultMaterial::::OmniPBR::OmniPBR((14))
2026-08-01T02:20:02Z [21,877ms] [Info] [omni.hydra] Setting new rendering material for prim '/__Prototype_16793831744940123814/front_right_bot/node_STL_BINARY_/Looks/DefaultMaterial/DefaultMaterial': usd::rtx_scope0::/__Prototype_16793831744940123814/front_right_bot/node_STL_BINARY_/Looks/DefaultMaterial/DefaultMaterial::::OmniPBR::OmniPBR((14))
2026-08-01T02:20:02Z [21,877ms] [Info] [omni.hydra] Resolved MdlEntity function overload for prim '/__Prototype_5978157613774116598/front_left_bot/node_STL_BINARY_/Looks/DefaultMaterial/DefaultMaterial' as '::OmniPBR::OmniPBR.mdl'.
2026-08-01T02:20:02Z [21,877ms] [Info] [rtx.neuraylib.plugin] Stored MdlEntitySnapshot to DB: usd::rtx_scope0::/__Prototype_5978157613774116598/front_left_bot/node_STL_BINARY_/Looks/DefaultMaterial/DefaultMaterial::::OmniPBR::OmniPBR((15))
2026-08-01T02:20:02Z [21,877ms] [Info] [omni.usdMdl] MdlModuleRegistry::SubscribeModuleReloaded(15990615255681255094<OmniPBR><mdl>)
2026-08-01T02:20:02Z [21,877ms] [Info] [omni.hydra] Structural change on shade node '/__Prototype_5978157613774116598/front_left_bot/node_STL_BINARY_/Looks/DefaultMaterial/DefaultMaterial'. Initiating database and shader updates.
2026-08-01T02:20:02Z [21,877ms] [Info] [omni.hydra] Start creating rendering material for prim '/__Prototype_5978157613774116598/front_left_bot/node_STL_BINARY_/Looks/DefaultMaterial/DefaultMaterial': usd::rtx_scope0::/__Prototype_5978157613774116598/front_left_bot/node_STL_BINARY_/Looks/DefaultMaterial/DefaultMaterial::::OmniPBR::OmniPBR((15))
2026-08-01T02:20:02Z [21,878ms] [Info] [omni.hydra] Setting new rendering material for prim '/__Prototype_5978157613774116598/front_left_bot/node_STL_BINARY_/Looks/DefaultMaterial/DefaultMaterial': usd::rtx_scope0::/__Prototype_5978157613774116598/front_left_bot/node_STL_BINARY_/Looks/DefaultMaterial/DefaultMaterial::::OmniPBR::OmniPBR((15))
2026-08-01T02:20:02Z [21,878ms] [Info] [omni.hydra] Resolved MdlEntity function overload for prim '/__Prototype_18261804515077961830/front_left_wheel/node_STL_BINARY_/Looks/DefaultMaterial/DefaultMaterial' as '::OmniPBR::OmniPBR.mdl'.
2026-08-01T02:20:02Z [21,879ms] [Info] [rtx.neuraylib.plugin] Stored MdlEntitySnapshot to DB: usd::rtx_scope0::/__Prototype_18261804515077961830/front_left_wheel/node_STL_BINARY_/Looks/DefaultMaterial/DefaultMaterial::::OmniPBR::OmniPBR((16))
2026-08-01T02:20:02Z [21,879ms] [Info] [omni.usdMdl] MdlModuleRegistry::SubscribeModuleReloaded(15990615255681255094<OmniPBR><mdl>)
2026-08-01T02:20:02Z [21,879ms] [Info] [omni.hydra] Structural change on shade node '/__Prototype_18261804515077961830/front_left_wheel/node_STL_BINARY_/Looks/DefaultMaterial/DefaultMaterial'. Initiating database and shader updates.
2026-08-01T02:20:02Z [21,879ms] [Info] [omni.hydra] Start creating rendering material for prim '/__Prototype_18261804515077961830/front_left_wheel/node_STL_BINARY_/Looks/DefaultMaterial/DefaultMaterial': usd::rtx_scope0::/__Prototype_18261804515077961830/front_left_wheel/node_STL_BINARY_/Looks/DefaultMaterial/DefaultMaterial::::OmniPBR::OmniPBR((16))
2026-08-01T02:20:02Z [21,880ms] [Info] [omni.hydra] Setting new rendering material for prim '/__Prototype_18261804515077961830/front_left_wheel/node_STL_BINARY_/Looks/DefaultMaterial/DefaultMaterial': usd::rtx_scope0::/__Prototype_18261804515077961830/front_left_wheel/node_STL_BINARY_/Looks/DefaultMaterial/DefaultMaterial::::OmniPBR::OmniPBR((16))
2026-08-01T02:20:02Z [21,880ms] [Info] [omni.hydra] Resolved MdlEntity function overload for prim '/__Prototype_5314682972658707716/rear_right_bot/node_STL_BINARY_/Looks/DefaultMaterial/DefaultMaterial' as '::OmniPBR::OmniPBR.mdl'.
2026-08-01T02:20:02Z [21,880ms] [Info] [rtx.neuraylib.plugin] Stored MdlEntitySnapshot to DB: usd::rtx_scope0::/__Prototype_5314682972658707716/rear_right_bot/node_STL_BINARY_/Looks/DefaultMaterial/DefaultMaterial::::OmniPBR::OmniPBR((17))
2026-08-01T02:20:02Z [21,880ms] [Info] [omni.usdMdl] MdlModuleRegistry::SubscribeModuleReloaded(15990615255681255094<OmniPBR><mdl>)
2026-08-01T02:20:02Z [21,881ms] [Info] [omni.hydra] Structural change on shade node '/__Prototype_5314682972658707716/rear_right_bot/node_STL_BINARY_/Looks/DefaultMaterial/DefaultMaterial'. Initiating database and shader updates.
2026-08-01T02:20:02Z [21,881ms] [Info] [omni.hydra] Start creating rendering material for prim '/__Prototype_5314682972658707716/rear_right_bot/node_STL_BINARY_/Looks/DefaultMaterial/DefaultMaterial': usd::rtx_scope0::/__Prototype_5314682972658707716/rear_right_bot/node_STL_BINARY_/Looks/DefaultMaterial/DefaultMaterial::::OmniPBR::OmniPBR((17))
2026-08-01T02:20:02Z [21,881ms] [Info] [omni.hydra] Setting new rendering material for prim '/__Prototype_5314682972658707716/rear_right_bot/node_STL_BINARY_/Looks/DefaultMaterial/DefaultMaterial': usd::rtx_scope0::/__Prototype_5314682972658707716/rear_right_bot/node_STL_BINARY_/Looks/DefaultMaterial/DefaultMaterial::::OmniPBR::OmniPBR((17))
2026-08-01T02:20:02Z [21,882ms] [Info] [omni.hydra] Resolved MdlEntity function overload for prim '/__Prototype_3396563510775204888/rear_left_bot/node_STL_BINARY_/Looks/DefaultMaterial/DefaultMaterial' as '::OmniPBR::OmniPBR.mdl'.
2026-08-01T02:20:02Z [21,882ms] [Info] [rtx.neuraylib.plugin] Stored MdlEntitySnapshot to DB: usd::rtx_scope0::/__Prototype_3396563510775204888/rear_left_bot/node_STL_BINARY_/Looks/DefaultMaterial/DefaultMaterial::::OmniPBR::OmniPBR((18))
2026-08-01T02:20:02Z [21,882ms] [Info] [omni.usdMdl] MdlModuleRegistry::SubscribeModuleReloaded(15990615255681255094<OmniPBR><mdl>)
2026-08-01T02:20:02Z [21,882ms] [Info] [omni.hydra] Structural change on shade node '/__Prototype_3396563510775204888/rear_left_bot/node_STL_BINARY_/Looks/DefaultMaterial/DefaultMaterial'. Initiating database and shader updates.
2026-08-01T02:20:02Z [21,882ms] [Info] [omni.hydra] Start creating rendering material for prim '/__Prototype_3396563510775204888/rear_left_bot/node_STL_BINARY_/Looks/DefaultMaterial/DefaultMaterial': usd::rtx_scope0::/__Prototype_3396563510775204888/rear_left_bot/node_STL_BINARY_/Looks/DefaultMaterial/DefaultMaterial::::OmniPBR::OmniPBR((18))
2026-08-01T02:20:02Z [21,883ms] [Info] [omni.hydra] Setting new rendering material for prim '/__Prototype_3396563510775204888/rear_left_bot/node_STL_BINARY_/Looks/DefaultMaterial/DefaultMaterial': usd::rtx_scope0::/__Prototype_3396563510775204888/rear_left_bot/node_STL_BINARY_/Looks/DefaultMaterial/DefaultMaterial::::OmniPBR::OmniPBR((18))
2026-08-01T02:20:02Z [21,883ms] [Info] [omni.hydra] Resolved MdlEntity function overload for prim '/__Prototype_2236752383622944782/rear_right_upper/node_STL_BINARY_/Looks/DefaultMaterial/DefaultMaterial' as '::OmniPBR::OmniPBR.mdl'.
2026-08-01T02:20:02Z [21,883ms] [Info] [rtx.neuraylib.plugin] Stored MdlEntitySnapshot to DB: usd::rtx_scope0::/__Prototype_2236752383622944782/rear_right_upper/node_STL_BINARY_/Looks/DefaultMaterial/DefaultMaterial::::OmniPBR::OmniPBR((19))
2026-08-01T02:20:02Z [21,883ms] [Info] [omni.usdMdl] MdlModuleRegistry::SubscribeModuleReloaded(15990615255681255094<OmniPBR><mdl>)
2026-08-01T02:20:02Z [21,884ms] [Info] [omni.hydra] Structural change on shade node '/__Prototype_2236752383622944782/rear_right_upper/node_STL_BINARY_/Looks/DefaultMaterial/DefaultMaterial'. Initiating database and shader updates.
2026-08-01T02:20:02Z [21,884ms] [Info] [omni.hydra] Start creating rendering material for prim '/__Prototype_2236752383622944782/rear_right_upper/node_STL_BINARY_/Looks/DefaultMaterial/DefaultMaterial': usd::rtx_scope0::/__Prototype_2236752383622944782/rear_right_upper/node_STL_BINARY_/Looks/DefaultMaterial/DefaultMaterial::::OmniPBR::OmniPBR((19))
2026-08-01T02:20:02Z [21,885ms] [Info] [omni.hydra] Setting new rendering material for prim '/__Prototype_2236752383622944782/rear_right_upper/node_STL_BINARY_/Looks/DefaultMaterial/DefaultMaterial': usd::rtx_scope0::/__Prototype_2236752383622944782/rear_right_upper/node_STL_BINARY_/Looks/DefaultMaterial/DefaultMaterial::::OmniPBR::OmniPBR((19))
2026-08-01T02:20:02Z [21,885ms] [Info] [omni.hydra] Resolved MdlEntity function overload for prim '/__Prototype_2652513501197848032/rear_right_wheel/node_STL_BINARY_/Looks/DefaultMaterial/DefaultMaterial' as '::OmniPBR::OmniPBR.mdl'.
2026-08-01T02:20:02Z [21,885ms] [Info] [rtx.neuraylib.plugin] Stored MdlEntitySnapshot to DB: usd::rtx_scope0::/__Prototype_2652513501197848032/rear_right_wheel/node_STL_BINARY_/Looks/DefaultMaterial/DefaultMaterial::::OmniPBR::OmniPBR((20))
2026-08-01T02:20:02Z [21,885ms] [Info] [omni.usdMdl] MdlModuleRegistry::SubscribeModuleReloaded(15990615255681255094<OmniPBR><mdl>)
2026-08-01T02:20:02Z [21,885ms] [Info] [omni.hydra] Structural change on shade node '/__Prototype_2652513501197848032/rear_right_wheel/node_STL_BINARY_/Looks/DefaultMaterial/DefaultMaterial'. Initiating database and shader updates.
2026-08-01T02:20:02Z [21,885ms] [Info] [omni.hydra] Start creating rendering material for prim '/__Prototype_2652513501197848032/rear_right_wheel/node_STL_BINARY_/Looks/DefaultMaterial/DefaultMaterial': usd::rtx_scope0::/__Prototype_2652513501197848032/rear_right_wheel/node_STL_BINARY_/Looks/DefaultMaterial/DefaultMaterial::::OmniPBR::OmniPBR((20))
2026-08-01T02:20:02Z [21,886ms] [Info] [omni.hydra] Setting new rendering material for prim '/__Prototype_2652513501197848032/rear_right_wheel/node_STL_BINARY_/Looks/DefaultMaterial/DefaultMaterial': usd::rtx_scope0::/__Prototype_2652513501197848032/rear_right_wheel/node_STL_BINARY_/Looks/DefaultMaterial/DefaultMaterial::::OmniPBR::OmniPBR((20))
2026-08-01T02:20:02Z [21,886ms] [Info] [omni.hydra] Resolved MdlEntity function overload for prim '/__Prototype_9714715757344905858/front_right_wheel/node_STL_BINARY_/Looks/DefaultMaterial/DefaultMaterial' as '::OmniPBR::OmniPBR.mdl'.
2026-08-01T02:20:02Z [21,886ms] [Info] [rtx.neuraylib.plugin] Stored MdlEntitySnapshot to DB: usd::rtx_scope0::/__Prototype_9714715757344905858/front_right_wheel/node_STL_BINARY_/Looks/DefaultMaterial/DefaultMaterial::::OmniPBR::OmniPBR((21))
2026-08-01T02:20:02Z [21,887ms] [Info] [omni.usdMdl] MdlModuleRegistry::SubscribeModuleReloaded(15990615255681255094<OmniPBR><mdl>)
2026-08-01T02:20:02Z [21,887ms] [Info] [omni.hydra] Structural change on shade node '/__Prototype_9714715757344905858/front_right_wheel/node_STL_BINARY_/Looks/DefaultMaterial/DefaultMaterial'. Initiating database and shader updates.
2026-08-01T02:20:02Z [21,887ms] [Info] [omni.hydra] Start creating rendering material for prim '/__Prototype_9714715757344905858/front_right_wheel/node_STL_BINARY_/Looks/DefaultMaterial/DefaultMaterial': usd::rtx_scope0::/__Prototype_9714715757344905858/front_right_wheel/node_STL_BINARY_/Looks/DefaultMaterial/DefaultMaterial::::OmniPBR::OmniPBR((21))
2026-08-01T02:20:02Z [21,888ms] [Info] [omni.hydra] Setting new rendering material for prim '/__Prototype_9714715757344905858/front_right_wheel/node_STL_BINARY_/Looks/DefaultMaterial/DefaultMaterial': usd::rtx_scope0::/__Prototype_9714715757344905858/front_right_wheel/node_STL_BINARY_/Looks/DefaultMaterial/DefaultMaterial::::OmniPBR::OmniPBR((21))
2026-08-01T02:20:02Z [21,888ms] [Info] [omni.hydra] Resolved MdlEntity function overload for prim '/__Prototype_3939417760039802638/base_link/node_STL_BINARY_/Looks/DefaultMaterial/DefaultMaterial' as '::OmniPBR::OmniPBR.mdl'.
2026-08-01T02:20:02Z [21,888ms] [Info] [rtx.neuraylib.plugin] Stored MdlEntitySnapshot to DB: usd::rtx_scope0::/__Prototype_3939417760039802638/base_link/node_STL_BINARY_/Looks/DefaultMaterial/DefaultMaterial::::OmniPBR::OmniPBR((22))
2026-08-01T02:20:02Z [21,888ms] [Info] [omni.usdMdl] MdlModuleRegistry::SubscribeModuleReloaded(15990615255681255094<OmniPBR><mdl>)
2026-08-01T02:20:02Z [21,888ms] [Info] [omni.hydra] Structural change on shade node '/__Prototype_3939417760039802638/base_link/node_STL_BINARY_/Looks/DefaultMaterial/DefaultMaterial'. Initiating database and shader updates.
2026-08-01T02:20:02Z [21,888ms] [Info] [omni.hydra] Start creating rendering material for prim '/__Prototype_3939417760039802638/base_link/node_STL_BINARY_/Looks/DefaultMaterial/DefaultMaterial': usd::rtx_scope0::/__Prototype_3939417760039802638/base_link/node_STL_BINARY_/Looks/DefaultMaterial/DefaultMaterial::::OmniPBR::OmniPBR((22))
2026-08-01T02:20:02Z [21,889ms] [Info] [omni.hydra] Setting new rendering material for prim '/__Prototype_3939417760039802638/base_link/node_STL_BINARY_/Looks/DefaultMaterial/DefaultMaterial': usd::rtx_scope0::/__Prototype_3939417760039802638/base_link/node_STL_BINARY_/Looks/DefaultMaterial/DefaultMaterial::::OmniPBR::OmniPBR((22))
2026-08-01T02:20:02Z [21,889ms] [Info] [omni.hydra] Resolved MdlEntity function overload for prim '/__Prototype_8068571397074850600/front_left_upper/node_STL_BINARY_/Looks/DefaultMaterial/DefaultMaterial' as '::OmniPBR::OmniPBR.mdl'.
2026-08-01T02:20:02Z [21,890ms] [Info] [rtx.neuraylib.plugin] Stored MdlEntitySnapshot to DB: usd::rtx_scope0::/__Prototype_8068571397074850600/front_left_upper/node_STL_BINARY_/Looks/DefaultMaterial/DefaultMaterial::::OmniPBR::OmniPBR((23))
2026-08-01T02:20:02Z [21,890ms] [Info] [omni.usdMdl] MdlModuleRegistry::SubscribeModuleReloaded(15990615255681255094<OmniPBR><mdl>)
2026-08-01T02:20:02Z [21,890ms] [Info] [omni.hydra] Structural change on shade node '/__Prototype_8068571397074850600/front_left_upper/node_STL_BINARY_/Looks/DefaultMaterial/DefaultMaterial'. Initiating database and shader updates.
2026-08-01T02:20:02Z [21,890ms] [Info] [omni.hydra] Start creating rendering material for prim '/__Prototype_8068571397074850600/front_left_upper/node_STL_BINARY_/Looks/DefaultMaterial/DefaultMaterial': usd::rtx_scope0::/__Prototype_8068571397074850600/front_left_upper/node_STL_BINARY_/Looks/DefaultMaterial/DefaultMaterial::::OmniPBR::OmniPBR((23))
2026-08-01T02:20:02Z [21,891ms] [Info] [omni.hydra] Setting new rendering material for prim '/__Prototype_8068571397074850600/front_left_upper/node_STL_BINARY_/Looks/DefaultMaterial/DefaultMaterial': usd::rtx_scope0::/__Prototype_8068571397074850600/front_left_upper/node_STL_BINARY_/Looks/DefaultMaterial/DefaultMaterial::::OmniPBR::OmniPBR((23))
2026-08-01T02:20:02Z [21,891ms] [Info] [omni.hydra] Resolved MdlEntity function overload for prim '/__Prototype_1040074017843954152/rear_left_upper/node_STL_BINARY_/Looks/DefaultMaterial/DefaultMaterial' as '::OmniPBR::OmniPBR.mdl'.
2026-08-01T02:20:02Z [21,891ms] [Info] [rtx.neuraylib.plugin] Stored MdlEntitySnapshot to DB: usd::rtx_scope0::/__Prototype_1040074017843954152/rear_left_upper/node_STL_BINARY_/Looks/DefaultMaterial/DefaultMaterial::::OmniPBR::OmniPBR((24))
2026-08-01T02:20:02Z [21,891ms] [Info] [omni.usdMdl] MdlModuleRegistry::SubscribeModuleReloaded(15990615255681255094<OmniPBR><mdl>)
2026-08-01T02:20:02Z [21,892ms] [Info] [omni.hydra] Structural change on shade node '/__Prototype_1040074017843954152/rear_left_upper/node_STL_BINARY_/Looks/DefaultMaterial/DefaultMaterial'. Initiating database and shader updates.
2026-08-01T02:20:02Z [21,892ms] [Info] [omni.hydra] Start creating rendering material for prim '/__Prototype_1040074017843954152/rear_left_upper/node_STL_BINARY_/Looks/DefaultMaterial/DefaultMaterial': usd::rtx_scope0::/__Prototype_1040074017843954152/rear_left_upper/node_STL_BINARY_/Looks/DefaultMaterial/DefaultMaterial::::OmniPBR::OmniPBR((24))
2026-08-01T02:20:02Z [21,893ms] [Info] [omni.hydra] Setting new rendering material for prim '/__Prototype_1040074017843954152/rear_left_upper/node_STL_BINARY_/Looks/DefaultMaterial/DefaultMaterial': usd::rtx_scope0::/__Prototype_1040074017843954152/rear_left_upper/node_STL_BINARY_/Looks/DefaultMaterial/DefaultMaterial::::OmniPBR::OmniPBR((24))
2026-08-01T02:20:02Z [21,900ms] [Info] [rtx.materialdb.plugin] Nonvisual material ID (0) was not set because legacy CSV was enabled by setting
2026-08-01T02:20:02Z [22,209ms] [Info] [rtx.multigpumanager.plugin] View 0 (/Render/OmniverseKit/HydraTextures/Replicator) assigned to device 0
2026-08-01T02:20:02Z [22,209ms] [Info] [rtx.multigpumanager.plugin] View 0 (/Render/OmniverseKit/HydraTextures/Replicator) switching to 1x1 layout
2026-08-01T02:20:02Z [22,320ms] [Warning] [omni.syntheticdata.plugin] OgnSdPostRenderVarToHost : rendervar copy from texture directly to host buffer is counter-performant. Please use copy from texture to device buffer first.
2026-08-01T02:20:05Z [25,160ms] [Info] [simulation_app.simulation_app] SimulationApp.close: Closing application
2026-08-01T02:20:05Z [25,160ms] [Info] [omni.replicator.core.scripts.orchestrator] Replicator Stop
2026-08-01T02:20:05Z [25,161ms] [Info] [omni.kit.menu.utils.utils] omni.kit.menu.utils.refresh_menu_items Replicator
2026-08-01T02:20:05Z [25,161ms] [Info] [simulation_app.simulation_app] SimulationApp.close: Replicator shutdown finished
2026-08-01T02:20:05Z [25,170ms] [Info] [omni.hydra] Destroying MdlShadeNode for prim: /__Fabric_StageInfo/MaterialPool/mat_9c8cee69/Shader (rtx)
2026-08-01T02:20:05Z [25,170ms] [Info] [rtx.neuraylib.plugin] Deleted MdlEntity for prim: /__Fabric_StageInfo/MaterialPool/mat_9c8cee69/Shader
2026-08-01T02:20:05Z [25,170ms] [Info] [omni.hydra] Destroying MdlShadeNode for prim: /__Fabric_StageInfo/MaterialPool/mat_70451a2c/Shader (rtx)
2026-08-01T02:20:05Z [25,170ms] [Info] [rtx.neuraylib.plugin] Deleted MdlEntity for prim: /__Fabric_StageInfo/MaterialPool/mat_70451a2c/Shader
2026-08-01T02:20:05Z [25,170ms] [Info] [omni.hydra] Destroying MdlShadeNode for prim: /__Fabric_StageInfo/MaterialPool/mat_2ec8506/DefaultMaterial (rtx)
2026-08-01T02:20:05Z [25,170ms] [Info] [rtx.neuraylib.plugin] Deleted MdlEntity for prim: /__Fabric_StageInfo/MaterialPool/mat_2ec8506/DefaultMaterial
2026-08-01T02:20:05Z [25,170ms] [Info] [omni.hydra] Destroying MdlShadeNode for prim: /__Fabric_StageInfo/MaterialPool/mat_c355a743/Shader (rtx)
2026-08-01T02:20:05Z [25,170ms] [Info] [rtx.neuraylib.plugin] Deleted MdlEntity for prim: /__Fabric_StageInfo/MaterialPool/mat_c355a743/Shader
2026-08-01T02:20:05Z [25,170ms] [Info] [omni.hydra] Destroying MdlShadeNode for prim: /__Prototype_15630650499468660181/front_right_upper/node_STL_BINARY_/Looks/DefaultMaterial/DefaultMaterial (rtx)
2026-08-01T02:20:05Z [25,170ms] [Info] [rtx.neuraylib.plugin] Deleted MdlEntity for prim: /__Prototype_15630650499468660181/front_right_upper/node_STL_BINARY_/Looks/DefaultMaterial/DefaultMaterial
2026-08-01T02:20:05Z [25,170ms] [Info] [omni.hydra] Destroying MdlShadeNode for prim: /__Prototype_9422073362661829238/rear_left_wheel/node_STL_BINARY_/Looks/DefaultMaterial/DefaultMaterial (rtx)
2026-08-01T02:20:05Z [25,170ms] [Info] [rtx.neuraylib.plugin] Deleted MdlEntity for prim: /__Prototype_9422073362661829238/rear_left_wheel/node_STL_BINARY_/Looks/DefaultMaterial/DefaultMaterial
2026-08-01T02:20:05Z [25,170ms] [Info] [omni.hydra] Destroying MdlShadeNode for prim: /__Prototype_16793831744940123814/front_right_bot/node_STL_BINARY_/Looks/DefaultMaterial/DefaultMaterial (rtx)
2026-08-01T02:20:05Z [25,170ms] [Info] [rtx.neuraylib.plugin] Deleted MdlEntity for prim: /__Prototype_16793831744940123814/front_right_bot/node_STL_BINARY_/Looks/DefaultMaterial/DefaultMaterial
2026-08-01T02:20:05Z [25,170ms] [Info] [omni.hydra] Destroying MdlShadeNode for prim: /__Prototype_5978157613774116598/front_left_bot/node_STL_BINARY_/Looks/DefaultMaterial/DefaultMaterial (rtx)
2026-08-01T02:20:05Z [25,170ms] [Info] [rtx.neuraylib.plugin] Deleted MdlEntity for prim: /__Prototype_5978157613774116598/front_left_bot/node_STL_BINARY_/Looks/DefaultMaterial/DefaultMaterial
2026-08-01T02:20:05Z [25,170ms] [Info] [omni.hydra] Destroying MdlShadeNode for prim: /__Prototype_18261804515077961830/front_left_wheel/node_STL_BINARY_/Looks/DefaultMaterial/DefaultMaterial (rtx)
2026-08-01T02:20:05Z [25,170ms] [Info] [rtx.neuraylib.plugin] Deleted MdlEntity for prim: /__Prototype_18261804515077961830/front_left_wheel/node_STL_BINARY_/Looks/DefaultMaterial/DefaultMaterial
2026-08-01T02:20:05Z [25,170ms] [Info] [omni.hydra] Destroying MdlShadeNode for prim: /__Prototype_5314682972658707716/rear_right_bot/node_STL_BINARY_/Looks/DefaultMaterial/DefaultMaterial (rtx)
2026-08-01T02:20:05Z [25,170ms] [Info] [rtx.neuraylib.plugin] Deleted MdlEntity for prim: /__Prototype_5314682972658707716/rear_right_bot/node_STL_BINARY_/Looks/DefaultMaterial/DefaultMaterial
2026-08-01T02:20:05Z [25,170ms] [Info] [omni.hydra] Destroying MdlShadeNode for prim: /__Prototype_3396563510775204888/rear_left_bot/node_STL_BINARY_/Looks/DefaultMaterial/DefaultMaterial (rtx)
2026-08-01T02:20:05Z [25,170ms] [Info] [rtx.neuraylib.plugin] Deleted MdlEntity for prim: /__Prototype_3396563510775204888/rear_left_bot/node_STL_BINARY_/Looks/DefaultMaterial/DefaultMaterial
2026-08-01T02:20:05Z [25,170ms] [Info] [omni.hydra] Destroying MdlShadeNode for prim: /__Prototype_2236752383622944782/rear_right_upper/node_STL_BINARY_/Looks/DefaultMaterial/DefaultMaterial (rtx)
2026-08-01T02:20:05Z [25,170ms] [Info] [rtx.neuraylib.plugin] Deleted MdlEntity for prim: /__Prototype_2236752383622944782/rear_right_upper/node_STL_BINARY_/Looks/DefaultMaterial/DefaultMaterial
2026-08-01T02:20:05Z [25,170ms] [Info] [omni.hydra] Destroying MdlShadeNode for prim: /__Prototype_2652513501197848032/rear_right_wheel/node_STL_BINARY_/Looks/DefaultMaterial/DefaultMaterial (rtx)
2026-08-01T02:20:05Z [25,170ms] [Info] [rtx.neuraylib.plugin] Deleted MdlEntity for prim: /__Prototype_2652513501197848032/rear_right_wheel/node_STL_BINARY_/Looks/DefaultMaterial/DefaultMaterial
2026-08-01T02:20:05Z [25,171ms] [Info] [omni.hydra] Destroying MdlShadeNode for prim: /__Prototype_9714715757344905858/front_right_wheel/node_STL_BINARY_/Looks/DefaultMaterial/DefaultMaterial (rtx)
2026-08-01T02:20:05Z [25,171ms] [Info] [rtx.neuraylib.plugin] Deleted MdlEntity for prim: /__Prototype_9714715757344905858/front_right_wheel/node_STL_BINARY_/Looks/DefaultMaterial/DefaultMaterial
2026-08-01T02:20:05Z [25,171ms] [Info] [omni.hydra] Destroying MdlShadeNode for prim: /__Prototype_3939417760039802638/base_link/node_STL_BINARY_/Looks/DefaultMaterial/DefaultMaterial (rtx)
2026-08-01T02:20:05Z [25,171ms] [Info] [rtx.neuraylib.plugin] Deleted MdlEntity for prim: /__Prototype_3939417760039802638/base_link/node_STL_BINARY_/Looks/DefaultMaterial/DefaultMaterial
2026-08-01T02:20:05Z [25,171ms] [Info] [omni.hydra] Destroying MdlShadeNode for prim: /__Prototype_8068571397074850600/front_left_upper/node_STL_BINARY_/Looks/DefaultMaterial/DefaultMaterial (rtx)
2026-08-01T02:20:05Z [25,171ms] [Info] [rtx.neuraylib.plugin] Deleted MdlEntity for prim: /__Prototype_8068571397074850600/front_left_upper/node_STL_BINARY_/Looks/DefaultMaterial/DefaultMaterial
2026-08-01T02:20:05Z [25,171ms] [Info] [omni.hydra] Destroying MdlShadeNode for prim: /__Prototype_1040074017843954152/rear_left_upper/node_STL_BINARY_/Looks/DefaultMaterial/DefaultMaterial (rtx)
2026-08-01T02:20:05Z [25,171ms] [Info] [rtx.neuraylib.plugin] Deleted MdlEntity for prim: /__Prototype_1040074017843954152/rear_left_upper/node_STL_BINARY_/Looks/DefaultMaterial/DefaultMaterial
2026-08-01T02:20:05Z [25,171ms] [Info] [rtx.neuraylib.plugin] Deleted MdlEntity for prim: *MdlStates-Streaming
2026-08-01T02:20:05Z [25,171ms] [Info] [rtx.neuraylib.plugin] Deleted MdlEntity for prim: *MdlStates-Failed
2026-08-01T02:20:05Z [25,171ms] [Info] [rtx.neuraylib.plugin] Deleted MdlEntity for prim: *UsdPreviewSurfaceMonolithic
2026-08-01T02:20:05Z [25,171ms] [Info] [rtx.neuraylib.plugin] Deleted MdlEntity for prim: *UsdPreviewSurfaceMonolithicLite
2026-08-01T02:20:05Z [25,185ms] [Info] [isaacsim.core.simulation_manager.plugin] onStop: Cleared time samples
2026-08-01T02:20:05Z [25,286ms] [Info] [omni.physx.plugin] Using CUDA device ordinal 0.
2026-08-01T02:20:05Z [25,296ms] [Info] [omni.kit.menu.utils.utils] omni.kit.menu.utils.refresh_menu_items Replicator
2026-08-01T02:20:05Z [25,296ms] [Info] [omni.usd-abi.plugin] IRenderSettingsContext destroying Usd value-cache for 9223001
2026-08-01T02:20:05Z [25,296ms] [Info] [omni.usd-abi.plugin] IRenderSettingsContext destroying Usd value-cache for 9223001
2026-08-01T02:20:05Z [25,303ms] [Info] [omni.usd] UsdContext::destroyViewport - handle: 1
2026-08-01T02:20:05Z [25,303ms] [Info] [omni.usd] UsdContext::destroyViewport - engine: ' uid: 1024 type: rtx flags: 2 tickRateInHz: 0 deviceMask: 1 creationIndex: 0
2026-08-01T02:20:05Z [25,304ms] [Info] [simulation_app.simulation_app] SimulationApp.close: Stage closed
2026-08-01T02:20:05Z [25,304ms] [Info] [omni.kit.app.plugin] [25.347s] Simulation App Shutting Down
2026-08-01T02:20:05Z [25,334ms] [Info] [simulation_app.simulation_app] SimulationApp.close: shutting down app and releasing framework
