time_s,env_id,base_x_m,pitch_rad,pitch_rate_rad_s,margin_m,fsm_phase,action_l2,reward,roll_rad,fl_contact_state,fr_contact_state,rl_contact_state,rr_contact_state,fl_contact_force_n,fr_contact_force_n,rl_contact_force_n,rr_contact_force_n,fl_contact_upward_force_n,fr_contact_upward_force_n,rl_contact_upward_force_n,rr_contact_upward_force_n,fl_full_wheel_on_top,fr_full_wheel_on_top,rl_full_wheel_on_top,rr_full_wheel_on_top,all_wheels_on_top,support_score,fl_wheel_y_m,fr_wheel_y_m,rl_wheel_y_m,rr_wheel_y_m,fl_wheel_x_m,fl_wheel_z_m,fr_wheel_x_m,fr_wheel_z_m,rl_wheel_x_m,rl_wheel_z_m,rr_wheel_x_m,rr_wheel_z_m,fl_load_trim_z_m,fr_load_trim_z_m,fl_unload_trim_m,fr_unload_trim_m,rl_unload_trim_m,rr_unload_trim_m,policy_action_00,policy_action_01,policy_action_02,policy_action_03,policy_action_04,policy_action_05,policy_action_06,policy_action_07,policy_action_08,policy_action_09,policy_action_10,policy_action_11,executed_action_00,executed_action_01,executed_action_02,executed_action_03,executed_action_04,executed_action_05,executed_action_06,executed_action_07,executed_action_08,executed_action_09,executed_action_10,executed_action_11,scaled_wheel_center_residual_m_00,scaled_wheel_center_residual_m_01,scaled_wheel_center_residual_m_02,scaled_wheel_center_residual_m_03,scaled_wheel_center_residual_m_04,scaled_wheel_center_residual_m_05,scaled_wheel_center_residual_m_06,scaled_wheel_center_residual_m_07,scaled_wheel_speed_residual_rad_s_00,scaled_wheel_speed_residual_rad_s_01,scaled_wheel_speed_residual_rad_s_02,scaled_wheel_speed_residual_rad_s_03,requested_wheel_center_target_m_00,requested_wheel_center_target_m_01,requested_wheel_center_target_m_02,requested_wheel_center_target_m_03,requested_wheel_center_target_m_04,requested_wheel_center_target_m_05,requested_wheel_center_target_m_06,requested_wheel_center_target_m_07,final_wheel_center_target_m_00,final_wheel_center_target_m_01,final_wheel_center_target_m_02,final_wheel_center_target_m_03,final_wheel_center_target_m_04,final_wheel_center_target_m_05,final_wheel_center_target_m_06,final_wheel_center_target_m_07,final_servo_target_rad_00,final_servo_target_rad_01,final_servo_target_rad_02,final_servo_target_rad_03,final_servo_target_rad_04,final_servo_target_rad_05,final_servo_target_rad_06,final_servo_target_rad_07,final_wheel_target_rad_s_00,final_wheel_target_rad_s_01,final_wheel_target_rad_s_02,final_wheel_target_rad_s_03,reference_00,reference_01,reference_02,reference_03,reference_04,reference_05,reference_06,reference_07,reference_08,reference_09,reference_10,reference_11
0.0,0,0.023341462016105652,-0.013022538274526596,0.11482547223567963,0.2811872363090515,0.0,0.16387154161930084,-1.7035406827926636,0.0011024805717170238,1,1,1,1,12.714151382446289,3.8829269409179688,7.918721675872803,0.0,12.714151382446289,3.8829269409179688,7.918721675872803,0.0,0,0,0,0,0,0.9998812675476074,0.08114944398403168,-0.3171718716621399,0.07888796180486679,-0.31741735339164734,0.2740977704524994,0.03834109753370285,0.2775287330150604,0.03980577737092972,-0.2972661554813385,0.048968832939863205,-0.29712435603141785,0.0495038703083992,0.0,0.0,0.0,0.0,0.0,0.0,-0.06645865738391876,0.004347904119640589,-0.04960396885871887,-0.03034544736146927,0.04007065296173096,-0.04170231521129608,0.011605893261730671,0.042768318206071854,0.00660539697855711,0.055446259677410126,0.044751666486263275,0.0927773118019104,0.0,0.0,0.0,0.0,0.0,0.0,0.0,0.0,0.0,0.0,0.0,0.0,0.0,0.0,0.0,0.0,0.0,0.0,0.0,0.0,0.0,0.0,0.0,0.0,0.134965717792511,-0.15710830688476562,0.13928383588790894,-0.15407103300094604,0.13638877868652344,0.1497691422700882,0.13452383875846863,0.1492631733417511,0.134965717792511,-0.15710830688476562,0.13928383588790894,-0.15407103300094604,0.13638877868652344,0.1497691422700882,0.13452383875846863,0.1492631733417511,-0.0016772589879110456,-0.013852698728442192,0.019468417391180992,-0.017904143780469894,-0.0474177822470665,0.012228554114699364,-0.049882590770721436,0.04951764643192291,0.30000001192092896,0.30000001192092896,0.30000001192092896,0.30000001192092896,0.0,0.0,1.0,0.0,-0.0,1.0,-0.0,-0.9999998807907104,0.30000001192092896,0.30000001192092896,0.30000001192092896,0.30000001192092896
0.05,0,0.015763260424137115,-0.027061624452471733,0.1285000741481781,0.28049609065055847,0.0,0.39023783802986145,-0.18791478872299194,0.0017721728654578328,1,1,1,1,10.173738479614258,0.0,2.130288600921631,14.604421615600586,10.173738479614258,0.0,2.130288600921631,14.604421615600586,0,0,0,0,0,0.9999768733978271,0.0801595151424408,-0.3181586265563965,0.07897806912660599,-0.3173292577266693,0.2690623700618744,0.048951078206300735,0.27023693919181824,0.04994091019034386,-0.298612117767334,0.04919779673218727,-0.2988338768482208,0.049283795058727264,0.0,0.0,0.0,0.0,0.0,0.0,-0.1462576538324356,-0.01988914981484413,-0.143366277217865,0.013862176798284054,0.10533441603183746,-0.042079031467437744,0.0438847579061985,0.08385254442691803,-0.08550548553466797,0.12956662476062775,0.14570745825767517,0.2063981145620346,-0.033731184899806976,0.02013298310339451,-0.048226866871118546,0.05855819582939148,-0.14899347722530365,-0.19025102257728577,0.10329436510801315,0.09201087802648544,-0.1275472193956375,0.19680188596248627,0.04741356149315834,0.10568315535783768,-0.0005059677641838789,0.0004026596434414387,-0.0007234030053950846,0.001171163865365088,-0.002234902000054717,-0.003805020358413458,0.0015494154067710042,0.0018402175046503544,-0.04464152455329895,0.06888066232204437,0.016594747081398964,0.03698910400271416,0.1344597488641739,-0.15670564770698547,0.1385604292154312,-0.1528998762369156,0.13415387272834778,0.145964115858078,0.1360732614994049,0.15110339224338531,0.134965717792511,-0.15710830688476562,0.13928383588790894,-0.15407103300094604,0.13638877868652344,0.1497691422700882,0.13452383875846863,0.1492631733417511,-0.0016772589879110456,-0.013852698728442192,0.019468417391180992,-0.017904143780469894,-0.0474177822470665,0.012228554114699364,-0.049882590770721436,0.04951764643192291,0.25535848736763,0.3688806891441345,0.3165947496891022,0.3369891047477722,0.0,0.0,1.0,0.0,-0.0,1.0,-0.0,-0.9999998807907104,0.30000001192092896,0.30000001192092896,0.30000001192092896,0.30000001192092896
0.1,0,0.014235341921448708,-0.0245371051132679,0.041628267616033554,0.28131720423698425,0.0,0.33312374353408813,-0.021738190203905106,0.00164277374278754,1,1,1,1,12.906782150268555,0.9789186120033264,1.740647792816162,13.284002304077148,12.906782150268555,0.9789186120033264,1.740647792816162,13.284002304077148,0,0,0,0,0,0.9999867677688599,0.08016370236873627,-0.31814008951187134,0.07899627834558487,-0.31730639934539795,0.2688484191894531,0.048922207206487656,0.26794376969337463,0.04933236166834831,-0.2975485324859619,0.049173612147569656,-0.2985025942325592,0.0493311807513237,0.0,0.0,0.0,0.0,0.0,0.0,-0.12491968274116516,-0.046716153621673584,-0.108562171459198,0.005443165544420481,0.04883051663637161,-0.057482581585645676,0.04530198872089386,0.1123836413025856,-0.06842072308063507,0.12197362631559372,0.13772432506084442,0.14990249276161194,-0.08815040439367294,-0.010920784436166286,-0.07133407890796661,-0.005765164270997047,-0.005990542005747557,-0.07487647980451584,0.03948480263352394,0.09227555245161057,-0.030738016590476036,0.10752148926258087,0.08825596421957016,0.10762190073728561,-0.0013222560519352555,-0.00021841569105163217,-0.0010700111743062735,-0.00011530328629305586,-8.985812746686861e-05,-0.0014975295634940267,0.0005922720301896334,0.001845511025749147,-0.01075830589979887,0.037632521241903305,0.030889587476849556,0.037667665630578995,0.13364346325397491,-0.15732672810554504,0.13821382820606232,-0.15418633818626404,0.13629892468452454,0.1482716053724289,0.1351161152124405,0.15110868215560913,0.13364346325397491,-0.15732672810554504,0.13821382820606232,-0.15418635308742523,0.13629892468452454,0.1482716053724289,0.13511613011360168,0.15110866725444794,-0.003927686717361212,-0.020037174224853516,0.018270254135131836,-0.023546218872070312,-0.057558536529541016,0.02244091033935547,-0.037667810916900635,0.034026265144348145,0.2892417013645172,0.33763253688812256,0.33088961243629456,0.33766767382621765,0.0,0.0,1.0,0.0,-0.0,1.0,-0.0,-0.9999998807907104,0.30000001192092896,0.30000001192092896,0.30000001192092896,0.30000001192092896
0.15,0,0.01362430676817894,-0.024004213511943817,0.01735156588256359,0.2816797196865082,0.0,0.23351548612117767,-0.013495514169335365,0.0018819990800693631,1,1,1,1,10.107767105102539,3.8578803539276123,4.216835021972656,10.550249099731445,10.107767105102539,3.8578803539276123,4.216835021972656,10.550249099731445,0,0,0,0,0,0.9999938011169434,0.08015323430299759,-0.31815120577812195,0.07896894961595535,-0.3173317611217499,0.2689111530780792,0.04892275482416153,0.2680493891239166,0.049425382167100906,-0.2965458333492279,0.04906837269663811,-0.29790133237838745,0.049433548003435135,0.0,0.0,0.0,0.0,0.0,0.0,-0.09247887879610062,-0.008862125687301159,-0.04814575985074043,-0.006153987254947424,-0.018177026882767677,-0.10089147835969925,0.06697095930576324,0.09153545647859573,-0.0257545318454504,0.10196304321289062,0.04852193966507912,0.08219022303819656,-0.14503757655620575,-0.03823189437389374,-0.12467794865369797,0.012709877453744411,0.0754196047782898,-0.052749987691640854,0.053547203540802,0.10361345112323761,-0.08522823452949524,0.1373608410358429,0.14612114429473877,0.17535939812660217,-0.0021755637135356665,-0.0007646378944627941,-0.0018701691878959537,0.0002541975409258157,0.0011312940623611212,-0.0010549997678026557,0.000803208036813885,0.0020722688641399145,-0.029829882085323334,0.04807629436254501,0.05114239826798439,0.06137578934431076,0.13279014825820923,-0.15787294507026672,0.13741366565227509,-0.1538168340921402,0.13752007484436035,0.14871414005756378,0.1353270411491394,0.1513354480266571,0.134965717792511,-0.15710830688476562,0.13928383588790894,-0.15407103300094604,0.13638877868652344,0.1497691422700882,0.13452383875846863,0.1492631733417511,-0.0016772589879110456,-0.013852698728442192,0.019468417391180992,-0.017904143780469894,-0.0474177822470665,0.012228554114699364,-0.049882590770721436,0.04951764643192291,0.270170122385025,0.34807631373405457,0.35114240646362305,0.3613758087158203,0.0,0.0,1.0,0.0,-0.0,1.0,-0.0,-0.9999998807907104,0.30000001192092896,0.30000001192092896,0.30000001192092896,0.30000001192092896
0.2,0,0.013533989898860455,-0.023769496008753777,0.012830524705350399,0.28180575370788574,0.0,0.22558626532554626,0.0014328313991427422,0.0018786229193210602,1,1,1,1,10.1056547164917,3.931933641433716,4.313127040863037,10.4202880859375,10.1056547164917,3.931933641433716,4.313127040863037,10.4202880859375,0,0,0,0,0,0.999996542930603,0.08015236258506775,-0.3181515038013458,0.07896997034549713,-0.3173293173313141,0.26910775899887085,0.0489630401134491,0.2681256830692291,0.0495297871530056,-0.29558876156806946,0.04894140735268593,-0.2972361445426941,0.049535609781742096,0.0,0.0,0.0,0.0,0.0,0.0,-0.07052291929721832,-0.00551651231944561,-0.022608863189816475,-0.010540944524109364,-0.06256657838821411,-0.12700912356376648,0.07176049053668976,0.09602218121290207,-0.008558816276490688,0.09106703847646713,0.01814093254506588,0.04638646915555,-0.07053011655807495,-0.008169993758201599,-0.03040923736989498,-0.016814207658171654,-0.05054796487092972,-0.11192887276411057,0.05913231894373894,0.0979490652680397,-0.00342239486053586,0.09252763539552689,0.03422626480460167,0.053637925535440445,-0.0010579517111182213,-0.0001633998763281852,-0.00045613854308612645,-0.00033628413802944124,-0.0007582194521091878,-0.002238577464595437,0.000886984751559794,0.001958981156349182,-0.0011978382244706154,0.03238467127084732,0.01197919249534607,0.0187732744961977,0.1339077651500702,-0.15727171301841736,0.13882769644260406,-0.1544073224067688,0.1356305629014969,0.14753057062625885,0.1354108303785324,0.15122215449810028,0.134965717792511,-0.15710830688476562,0.13928383588790894,-0.15407103300094604,0.13638877868652344,0.1497691422700882,0.13452383875846863,0.1492631733417511,-0.0016772589879110456,-0.013852698728442192,0.019468417391180992,-0.017904143780469894,-0.0474177822470665,0.012228554114699364,-0.049882590770721436,0.04951764643192291,0.2988021671772003,0.3323846757411957,0.311979204416275,0.3187732994556427,0.0,0.0,1.0,0.0,-0.0,1.0,-0.0,-0.9999998807907104,0.30000001192092896,0.30000001192092896,0.30000001192092896,0.30000001192092896
0.25,0,0.013806256465613842,-0.023623066022992134,-0.0068033598363399506,0.2817544639110565,0.0,0.2190154641866684,0.00418900977820158,0.0014727682573720813,1,1,1,1,12.070164680480957,1.1627072095870972,2.0755629539489746,12.594194412231445,12.070164680480957,1.1627072095870972,2.0755629539489746,12.594194412231445,0,0,0,0,0,0.9999973773956299,0.0801553949713707,-0.3181467354297638,0.07900146394968033,-0.3172960579395294,0.26939457654953003,0.04903362691402435,0.2682049870491028,0.04963282495737076,-0.2946453392505646,0.04897257313132286,-0.29649898409843445,0.04961370676755905,0.0,0.0,0.0,0.0,0.0,0.0,-0.08474494516849518,-0.011527624912559986,-0.036411140114068985,-0.011026769876480103,-0.029968513175845146,-0.10796520859003067,0.06698882579803467,0.09324523061513901,-0.013831064105033875,0.08806605637073517,0.03530115634202957,0.06539072096347809,-0.06406587362289429,-0.009173884987831116,-0.021935507655143738,-0.019289476796984673,-0.0493672750890255,-0.09847869724035263,0.051435910165309906,0.09173951297998428,0.001695792656391859,0.08519201725721359,0.0314764566719532,0.04732590168714523,-0.0009609881090000272,-0.0001834776921896264,-0.000329032598529011,-0.0003857895208057016,-0.0007405091309919953,-0.001969573786482215,0.0007715386454947293,0.0018347902223467827,0.0005935273948125541,0.029817204922437668,0.011016760021448135,0.01656406559050083,0.13400472700595856,-0.15729178488254547,0.13895480334758759,-0.15445682406425476,0.13564826548099518,0.1477995663881302,0.13529537618160248,0.15109796822071075,0.13400472700595856,-0.15729179978370667,0.13895481824874878,-0.15445682406425476,0.13564825057983398,0.1477995663881302,0.13529536128044128,0.15109798312187195,-0.0034726648591458797,-0.01818680763244629,0.01673215627670288,-0.01731109619140625,-0.06044501066207886,0.029317855834960938,-0.03783738613128662,0.03304576873779297,0.3005935251712799,0.3298172056674957,0.3110167682170868,0.31656408309936523,0.0,0.0,1.0,0.0,-0.0,1.0,-0.0,-0.9999998807907104,0.30000001192092896,0.30000001192092896,0.30000001192092896,0.30000001192092896
0.3,0,0.014421187341213226,-0.0233821552246809,-0.006522370968014002,0.28153082728385925,0.0,0.20382240414619446,-0.00019077910110354424,0.0014846321428194642,1,1,1,1,13.214929580688477,0.8781228065490723,1.6812305450439453,13.271621704101562,13.214929580688477,0.8781228065490723,1.6812305450439453,13.271621704101562,0,0,0,0,0,0.9999974966049194,0.0801546573638916,-0.3181482255458832,0.0789959505200386,-0.3173014223575592,0.26981285214424133,0.04911167547106743,0.26872745156288147,0.04973137378692627,-0.2937875986099243,0.04911318048834801,-0.2956639528274536,0.04971875622868538,0.0,0.0,0.0,0.0,0.0,0.0,-0.07639595121145248,-0.007163769565522671,-0.02105563133955002,-0.013512606732547283,-0.04145490750670433,-0.1084989458322525,0.06731616705656052,0.08843990415334702,-0.004326700232923031,0.07991444319486618,0.020062971860170364,0.04877304658293724,-0.0731920599937439,-0.008360696956515312,-0.040559954941272736,-0.02311568707227707,-0.028690962120890617,-0.08779284358024597,0.041639119386672974,0.09595965594053268,0.0015115663409233093,0.09225916117429733,0.05311254411935806,0.06802018731832504,-0.0010978808859363198,-0.00016721393330954015,-0.0006083993357606232,-0.0004623137356247753,-0.00043036442366428673,-0.0017558567924425006,0.0006245867698453367,0.0019191930769011378,0.0005290482076816261,0.03229070454835892,0.018589390441775322,0.023807065561413765,0.13386783003807068,-0.15727552771568298,0.13867543637752533,-0.15453334152698517,0.13595841825008392,0.14801327884197235,0.13514842092990875,0.1511823683977127,0.13386783003807068,-0.15727552771568298,0.13867543637752533,-0.15453334152698517,0.13595843315124512,0.14801327884197235,0.13514842092990875,0.1511823683977127,-0.003444948699325323,-0.0190889835357666,0.016105830669403076,-0.018474817276000977,-0.05914807319641113,0.02611517906188965,-0.037184834480285645,0.03335416316986084,0.3005290627479553,0.3322907090187073,0.31858938932418823,0.32380709052085876,0.0,0.0,1.0,0.0,-0.0,1.0,-0.0,-0.9999998807907104,0.30000001192092896,0.30000001192092896,0.30000001192092896,0.30000001192092896
0.35,0,0.015132028609514236,-0.023252584040164948,-0.010694123804569244,0.28126123547554016,0.0,0.20730708539485931,1.733517274260521e-05,0.00158405932597816,1,1,1,1,13.418806076049805,0.6438494324684143,0.8523841500282288,13.713325500488281,13.418806076049805,0.6438494324684143,0.8523841500282288,13.713325500488281,0,0,0,0,0,0.9999974370002747,0.08014890551567078,-0.31815487146377563,0.07898537814617157,-0.3173123598098755,0.2702608108520508,0.049195561558008194,0.2693016231060028,0.04981701448559761,-0.29291024804115295,0.04925225302577019,-0.29474377632141113,0.04980245977640152,0.0,0.0,0.0,0.0,0.0,0.0,-0.07194392383098602,-0.003747454145923257,-0.018223553895950317,-0.011073190718889236,-0.050841912627220154,-0.11515509337186813,0.06915875524282455,0.08671683818101883,-0.006312502548098564,0.08289145678281784,0.014464388601481915,0.04542187973856926,-0.08296854048967361,-0.015222828835248947,-0.049458444118499756,-0.024564536288380623,-0.012139801867306232,-0.07901377975940704,0.03877517208456993,0.09757667779922485,-0.0025263000279664993,0.0926702469587326,0.06539209187030792,0.07907231152057648,-0.0012445281026884913,-0.0003044565673917532,-0.0007418766617774963,-0.0004912907024845481,-0.00018209702102467418,-0.0015802755951881409,0.0005816275952383876,0.001951533486135304,-0.0008842049865052104,0.03243458643555641,0.022887231782078743,0.027675308287143707,0.13372118771076202,-0.15741276741027832,0.13854196667671204,-0.1545623242855072,0.13620668649673462,0.14818885922431946,0.1351054608821869,0.15121470391750336,0.13372118771076202,-0.15741276741027832,0.13854198157787323,-0.1545623242855072,0.13620668649673462,0.14818885922431946,0.1351054459810257,0.15121470391750336,-0.004461744334548712,-0.019003748893737793,0.015856683254241943,-0.019079923629760742,-0.05807638168334961,0.023518919944763184,-0.03694188594818115,0.0333939790725708,0.2991158068180084,0.33243459463119507,0.32288724184036255,0.32767531275749207,0.0,0.0,1.0,0.0,-0.0,1.0,-0.0,-0.9999998807907104,0.30000001192092896,0.30000001192092896,0.30000001192092896,0.30000001192092896
0.4,0,0.015826787799596786,-0.023155346512794495,-0.009828365407884121,0.28103139996528625,0.0,0.20324023067951202,0.00105180311948061,0.0016504742670804262,1,1,1,1,13.342986106872559,0.7916404604911804,1.1186801195144653,13.522181510925293,13.342986106872559,0.7916404604911804,1.1186801195144653,13.522181510925293,0,0,0,0,0,0.9999973773956299,0.08014453202486038,-0.31816038489341736,0.07898470014333725,-0.31731340289115906,0.27073049545288086,0.04927540943026543,0.26993197202682495,0.049888379871845245,-0.29209861159324646,0.049374327063560486,-0.2938808798789978,0.049877166748046875,0.0,0.0,0.0,0.0,0.0,0.0,-0.0727764368057251,-0.006290871649980545,-0.01530633494257927,-0.01502098049968481,-0.05000627413392067,-0.11219535768032074,0.06732736527919769,0.08833133429288864,-0.0012429981725290418,0.07841378450393677,0.014659320935606956,0.04149341583251953,-0.06717651337385178,-0.004548046737909317,-0.02795136719942093,-0.0247329194098711,-0.04213222861289978,-0.09586292505264282,0.04613979905843735,0.09331496059894562,0.007768810726702213,0.08587334305047989,0.03801590949296951,0.05443128943443298,-0.0010076477192342281,-9.096092981053516e-05,-0.00041927050915546715,-0.0004946583649143577,-0.0006319833919405937,-0.0019172584870830178,0.0006920969462953508,0.0018662991933524609,0.0027190838009119034,0.03005567006766796,0.013305568136274815,0.019050950184464455,0.13395807147026062,-0.15719926357269287,0.13886456191539764,-0.154565691947937,0.13575679063796997,0.1478518843650818,0.13521593809127808,0.15112946927547455,0.133958101272583,-0.15719926357269287,0.13886456191539764,-0.154565691947937,0.13575679063796997,0.1478518843650818,0.13521593809127808,0.15112946927547455,-0.002875009085983038,-0.019084930419921875,0.015960216522216797,-0.017126083374023438,-0.06014454364776611,0.028342008590698242,-0.037580788135528564,0.03330516815185547,0.3027190864086151,0.33005568385124207,0.3133055865764618,0.31905096769332886,0.0,0.0,1.0,0.0,-0.0,1.0,-0.0,-0.9999998807907104,0.30000001192092896,0.30000001192092896,0.30000001192092896,0.30000001192092896
0.45,0,0.016538340598344803,-0.023110337555408478,-0.010681640356779099,0.28081464767456055,0.0,0.19964221119880676,0.0018541556783020496,0.0017760414630174637,1,1,1,1,12.77874755859375,1.0369906425476074,1.334315538406372,13.097654342651367,12.77874755859375,1.0369906425476074,1.334315538406372,13.097654342651367,0,0,0,0,0,0.9999973773956299,0.08013934642076492,-0.3181667923927307,0.07898618280887604,-0.31731218099594116,0.2712257206439972,0.04935624077916145,0.2705918848514557,0.04994552582502365,-0.2912749946117401,0.04948270320892334,-0.293022096157074,0.0499357171356678,0.0,0.0,0.0,0.0,0.0,0.0,-0.07181138545274734,-0.005949077662080526,-0.01303828414529562,-0.01528267003595829,-0.04930860176682472,-0.11045166105031967,0.06784182041883469,0.08658099919557571,-0.0012447591871023178,0.07566224038600922,0.012902536429464817,0.04048089683055878,-0.06469673663377762,-0.0038504740223288536,-0.026353584602475166,-0.02868441306054592,-0.046815089881420135,-0.09623368829488754,0.04114793241024017,0.09437669068574905,0.013561500236392021,0.08754392713308334,0.036708392202854156,0.05038541555404663,-0.0009704510448500514,-7.700947753619403e-05,-0.00039530376670882106,-0.0005736882449127734,-0.0007022263598628342,-0.0019246736774221063,0.0006172189605422318,0.001887533813714981,0.004746525082737207,0.0306403748691082,0.01284793671220541,0.01763489469885826,0.13399526476860046,-0.15718531608581543,0.13888853788375854,-0.15464472770690918,0.13568654656410217,0.14784446358680725,0.135141059756279,0.15115070343017578,0.13399526476860046,-0.15718531608581543,0.13888853788375854,-0.15464472770690918,0.13568654656410217,0.14784447848796844,0.135141059756279,0.15115070343017578,-0.0027584820054471493,-0.018964409828186035,0.015434205532073975,-0.01645505428314209,-0.06015896797180176,0.02880382537841797,-0.03739595413208008,0.03360486030578613,0.30474653840065,0.33064037561416626,0.31284794211387634,0.3176349103450775,0.0,0.0,1.0,0.0,-0.0,1.0,-0.0,-0.9999998807907104,0.30000001192092896,0.30000001192092896,0.30000001192092896,0.30000001192092896
0.5,0,0.017273245379328728,-0.02306060679256916,-0.010385327972471714,0.2805918753147125,0.0,0.19834113121032715,0.0010938504710793495,0.0019130284199491143,1,1,1,1,13.381208419799805,0.784579336643219,1.0831749439239502,13.513568878173828,13.381208419799805,0.784579336643219,1.0831749439239502,13.513568878173828,0,0,0,0,0,0.9999973773956299,0.08011828362941742,-0.3181891441345215,0.0789739340543747,-0.31732481718063354,0.27173545956611633,0.049432795494794846,0.2712712585926056,0.049992140382528305,-0.29045066237449646,0.04957753047347069,-0.29215025901794434,0.04997960478067398,0.0,0.0,0.0,0.0,0.0,0.0,-0.06972111761569977,-0.005623179022222757,-0.010587810538709164,-0.017103467136621475,-0.05297229811549187,-0.11057481169700623,0.06563153862953186,0.0870095044374466,0.0024119869340211153,0.07536888122558594,0.011288742534816265,0.03629312291741371,-0.06526221334934235,-0.004098671488463879,-0.025760894641280174,-0.02875436656177044,-0.04816792532801628,-0.09610790759325027,0.041746728122234344,0.0950925424695015,0.013648147694766521,0.08873066306114197,0.03762521222233772,0.050351329147815704,-0.0009789331816136837,-8.197342685889453e-05,-0.0003864134196192026,-0.0005750873242504895,-0.00072251888923347,-0.001922158058732748,0.000626200926490128,0.0019018508028239012,0.004776851739734411,0.03105573169887066,0.013168823905289173,0.017622964456677437,0.13398678600788116,-0.15719027817249298,0.13889741897583008,-0.1546461135149002,0.13566626608371735,0.147846981883049,0.13515004515647888,0.15116502344608307,0.13398677110671997,-0.15719027817249298,0.13889740407466888,-0.1546461284160614,0.13566626608371735,0.14784696698188782,0.13515004515647888,0.15116503834724426,-0.002797046210616827,-0.018979907035827637,0.01542818546295166,-0.01639258861541748,-0.0601314902305603,0.028907299041748047,-0.03730350732803345,0.03345835208892822,0.3047768771648407,0.33105573058128357,0.31316882371902466,0.31762298941612244,0.0,0.0,1.0,0.0,-0.0,1.0,-0.0,-0.9999998807907104,0.30000001192092896,0.30000001192092896,0.30000001192092896,0.30000001192092896
0.55,0,0.018007608130574226,-0.023034213110804558,-0.01815478317439556,0.28039121627807617,0.0,0.19839030504226685,0.000742652453482151,0.002111779060214758,1,1,1,1,13.421066284179688,0.7471615672111511,1.0261694192886353,13.326098442077637,13.421066284179688,0.7471615672111511,1.0261694192886353,13.326098442077637,0,0,0,0,0,0.9999973773956299,0.08011120557785034,-0.31819742918014526,0.07896863669157028,-0.317330539226532,0.2722689211368561,0.04950512573122978,0.2719716727733612,0.050021857023239136,-0.28962862491607666,0.04966314882040024,-0.2912832200527191,0.05001123994588852,0.0,0.0,0.0,0.0,0.0,0.0,-0.06965320557355881,-0.005567376501858234,-0.010001178830862045,-0.01730779930949211,-0.05304787680506706,-0.11105725169181824,0.06643307209014893,0.08672083169221878,0.0021001482382416725,0.07452569156885147,0.010590401478111744,0.036390550434589386,-0.0658050924539566,-0.004712766036391258,-0.026796789839863777,-0.031182002276182175,-0.044863469898700714,-0.09407984465360641,0.03856227919459343,0.0946623831987381,0.015537820756435394,0.08758234977722168,0.038499291986227036,0.05118019878864288,-0.000987076316960156,-9.425531607121229e-05,-0.0004019518382847309,-0.0006236400222405791,-0.000672952039167285,-0.001881596865132451,0.000578434148337692,0.0018932475941255689,0.005438236985355616,0.0306538213044405,0.013474752195179462,0.01791306957602501,0.13397863507270813,-0.1572025567293167,0.1388818770647049,-0.15469467639923096,0.13571582734584808,0.14788754284381866,0.1351022720336914,0.15115642547607422,0.13397863507270813,-0.1572025567293167,0.1388818919658661,-0.15469466149806976,0.13571582734584808,0.14788754284381866,0.1351022720336914,0.1511564403772354,-0.002884963061660528,-0.0189436674118042,0.015093445777893066,-0.016161561012268066,-0.059880733489990234,0.028354525566101074,-0.03733593225479126,0.033794522285461426,0.30543825030326843,0.3306538462638855,0.31347477436065674,0.31791308522224426,0.0,0.0,1.0,0.0,-0.0,1.0,-0.0,-0.9999998807907104,0.30000001192092896,0.30000001192092896,0.30000001192092896,0.30000001192092896
0.6,0,0.018753686919808388,-0.023029552772641182,-0.016389211639761925,0.280195415019989,0.0,0.19651097059249878,0.0014808792620897293,0.0022909054532647133,1,1,1,1,13.464387893676758,0.759484589099884,1.1244072914123535,13.286100387573242,13.464387893676758,0.759484589099884,1.1244072914123535,13.286100387573242,0,0,0,0,0,0.9999973773956299,0.0800994336605072,-0.3182107210159302,0.07895855605602264,-0.3173411190509796,0.2728174328804016,0.049575939774513245,0.2727103531360626,0.05004171282052994,-0.2888181209564209,0.04973692074418068,-0.2904132604598999,0.050025805830955505,0.0,0.0,0.0,0.0,0.0,0.0,-0.06506501138210297,-0.0040380628779530525,-0.003850366920232773,-0.01806582696735859,-0.060347411781549454,-0.11201167106628418,0.06574014574289322,0.08545706421136856,0.005419816821813583,0.07299896329641342,0.005014661233872175,0.02879462204873562,-0.06257636100053787,-0.003718474879860878,-0.021149607375264168,-0.03256150707602501,-0.05129297077655792,-0.09449531883001328,0.038624800741672516,0.09409002214670181,0.019547944888472557,0.08497501909732819,0.034468259662389755,0.04566117748618126,-0.0009386453893966973,-7.436949817929417e-05,-0.000317244092002511,-0.0006512301042675972,-0.0007693945663049817,-0.001889906357973814,0.0005793719901703298,0.0018818003591150045,0.0068417806178331375,0.029741255566477776,0.0120638906955719,0.015981411561369896,0.13402707874774933,-0.15718267858028412,0.13896659016609192,-0.15472225844860077,0.1356193870306015,0.1478792428970337,0.13510321080684662,0.15114496648311615,0.13402707874774933,-0.15718267858028412,0.1389666050672531,-0.15472225844860077,0.1356193870306015,0.14787925779819489,0.13510319590568542,0.15114496648311615,-0.002721646334975958,-0.018798232078552246,0.014938890933990479,-0.01546943187713623,-0.059887468814849854,0.0289762020111084,-0.03741425275802612,0.03386414051055908,0.30684179067611694,0.3297412693500519,0.31206390261650085,0.3159814178943634,0.0,0.0,1.0,0.0,-0.0,1.0,-0.0,-0.9999998807907104,0.30000001192092896,0.30000001192092896,0.30000001192092896,0.30000001192092896
0.65,0,0.019340217113494873,-0.02295340783894062,0.0018089277436956763,0.2801661789417267,0.0,0.19440190494060516,0.018229644745588303,0.0029862544033676386,1,1,1,1,8.92293930053711,5.301580905914307,5.4178032875061035,9.109037399291992,8.92293930053711,5.301580905914307,5.4178032875061035,9.109037399291992,0,0,0,0,0,0.9999977946281433,0.08006210625171661,-0.31825000047683716,0.0789133608341217,-0.3173877000808716,0.2733558714389801,0.0496278814971447,0.27341264486312866,0.05005534365773201,-0.2880633473396301,0.04977785423398018,-0.2895723581314087,0.050047699362039566,0.0,0.0,0.0,0.0,0.0,0.0,-0.0652070865035057,-0.004598929081112146,-0.004145347513258457,-0.018819348886609077,-0.05858566612005234,-0.11000616103410721,0.06463957577943802,0.0851500928401947,0.005494098644703627,0.07229243218898773,0.006433161906898022,0.029789594933390617,-0.059404049068689346,-0.00255644042044878,-0.01925777457654476,-0.03314175829291344,-0.05765990912914276,-0.09757928550243378,0.03800603747367859,0.0942683294415474,0.020564358681440353,0.08709998428821564,0.032176341861486435,0.04278764873743057,-0.0008910607430152595,-5.112880899105221e-05,-0.000288866605842486,-0.0006628351402468979,-0.0008648986113257706,-0.0019515856401994824,0.0005700905458070338,0.001885366509668529,0.007197525352239609,0.030484994873404503,0.011261719278991222,0.014975677244365215,0.13407465815544128,-0.15715943276882172,0.138994961977005,-0.15473386645317078,0.13552388548851013,0.14781755208969116,0.13509392738342285,0.15114854276180267,0.134965717792511,-0.15710830688476562,0.13928383588790894,-0.15407103300094604,0.13638877868652344,0.1497691422700882,0.13452383875846863,0.1492631733417511,-0.0016772589879110456,-0.013852698728442192,0.019468417391180992,-0.017904143780469894,-0.0474177822470665,0.012228554114699364,-0.049882590770721436,0.04951764643192291,0.30719754099845886,0.3304850161075592,0.31126174330711365,0.31497567892074585,0.0,0.0,1.0,0.0,-0.0,1.0,-0.0,-0.9999998807907104,0.30000001192092896,0.30000001192092896,0.30000001192092896,0.30000001192092896
0.7,0,0.020085927098989487,-0.022984648123383522,-0.016118017956614494,0.2799431383609772,0.0,0.18976499140262604,0.0018436117097735405,0.0030587392393499613,1,1,1,1,13.51541519165039,0.7492707371711731,0.7941767573356628,13.616268157958984,13.51541519165039,0.7492707371711731,0.7941767573356628,13.616268157958984,0,0,0,0,0,0.9999977350234985,0.08005501329898834,-0.3182581663131714,0.07891736924648285,-0.31738412380218506,0.27392691373825073,0.049690570682287216,0.2741582989692688,0.050043702125549316,-0.2873048782348633,0.0498422347009182,-0.2887241840362549,0.05001737177371979,0.0,0.0,0.0,0.0,0.0,0.0,-0.06798750907182693,-0.007304516155272722,-0.008542557246983051,-0.021129971370100975,-0.04970552772283554,-0.10285300016403198,0.06064094975590706,0.0856327936053276,0.0052087376825511456,0.07211841642856598,0.014149846509099007,0.03643554449081421,-0.06509102135896683,-0.008361048996448517,-0.010022683069109917,-0.026695482432842255,-0.03619031608104706,-0.08116282522678375,0.046400781720876694,0.08176808804273605,0.012741862796247005,0.06835850328207016,0.02396385557949543,0.03945296257734299,-0.0009763652924448252,-0.00016722097643651068,-0.00015034024545457214,-0.000533909653313458,-0.0005428547156043351,-0.0016232564812526107,0.000696011702530086,0.0016353616956621408,0.004459652118384838,0.023925475776195526,0.008387349545955658,0.0138085363432765,0.1339893490076065,-0.15727552771568298,0.1391334980726242,-0.1546049416065216,0.13584592938423157,0.1481458842754364,0.13521985709667206,0.1508985310792923,0.1339893341064453,-0.15727552771568298,0.1391335278749466,-0.1546049416065216,0.13584591448307037,0.1481458991765976,0.13521984219551086,0.1508985310792923,-0.003371873404830694,-0.018386244773864746,0.015796363353729248,-0.015250921249389648,-0.058188438415527344,0.02592635154724121,-0.03915137052536011,0.034793972969055176,0.30445966124534607,0.3239254951477051,0.3083873689174652,0.3138085603713989,0.0,0.0,1.0,0.0,-0.0,1.0,-0.0,-0.9999998807907104,0.30000001192092896,0.30000001192092896,0.30000001192092896,0.30000001192092896
0.75,0,0.020870784297585487,-0.02307562716305256,-0.028533417731523514,0.279783695936203,0.0,0.1838567852973938,0.003971780650317669,0.0030381407123059034,1,1,1,1,13.712974548339844,0.1486412137746811,0.1958938091993332,13.558929443359375,13.712974548339844,0.1486412137746811,0.1958938091993332,13.558929443359375,0,0,0,0,0,0.999997615814209,0.08004126697778702,-0.31827273964881897,0.0789274126291275,-0.3173743784427643,0.2745318114757538,0.0497574545443058,0.27493569254875183,0.050019968301057816,-0.28655120730400085,0.049893371760845184,-0.287873774766922,0.04998534172773361,0.0,0.0,0.0,0.0,0.0,0.0,-0.06280517578125,-0.004862717352807522,-0.0009370336192660034,-0.02094694785773754,-0.05494607612490654,-0.10185428708791733,0.061340752989053726,0.08189989626407623,0.0074425251223146915,0.06759808212518692,0.006981775630265474,0.029295817017555237,-0.06248624622821808,-0.003577632363885641,-0.020838582888245583,-0.03483150154352188,-0.049625638872385025,-0.0944044291973114,0.036374494433403015,0.09326981008052826,0.022241322323679924,0.08468391746282578,0.03255048766732216,0.04439742490649223,-0.0009372936910949647,-7.155264756875113e-05,-0.0003125787479802966,-0.0006966300425119698,-0.0007443845388479531,-0.0018880885327234864,0.000545617425814271,0.0018653961597010493,0.007784462533891201,0.02963937073945999,0.011392670683562756,0.015539098531007767,0.13402841985225677,-0.15717986226081848,0.1389712542295456,-0.15476766228675842,0.13564439117908478,0.14788106083869934,0.13506945967674255,0.15112857520580292,0.13402841985225677,-0.15717986226081848,0.1389712542295456,-0.15476766228675842,0.13564437627792358,0.14788106083869934,0.13506944477558136,0.1511285901069641,-0.002701678778976202,-0.01880967617034912,0.0146331787109375,-0.01513826847076416,-0.05988800525665283,0.028817176818847656,-0.037507057189941406,0.03416907787322998,0.30778446793556213,0.32963937520980835,0.3113926947116852,0.3155391216278076,0.0,0.0,1.0,0.0,-0.0,1.0,-0.0,-0.9999998807907104,0.30000001192092896,0.30000001192092896,0.30000001192092896,0.30000001192092896
0.8,0,0.021497245877981186,-0.023032991215586662,-0.0007161151152104139,0.2803070843219757,0.0,0.17983487248420715,0.018066897988319397,0.0035698290448635817,1,1,1,1,9.643993377685547,4.744736671447754,4.74745512008667,9.664626121520996,9.643993377685547,4.744736671447754,4.74745512008667,9.664626121520996,0,0,0,0,0,0.9999979734420776,0.08001935482025146,-0.3182964026927948,0.07889809459447861,-0.3174051344394684,0.2751343846321106,0.04979037120938301,0.2757135331630707,0.04999082535505295,-0.2858324646949768,0.04990372061729431,-0.2870393991470337,0.04995936527848244,0.0,0.0,0.0,0.0,0.0,0.0,-0.061368174850940704,-0.005895212758332491,0.0012982834596186876,-0.02022697776556015,-0.05471748858690262,-0.0992753654718399,0.06115322560071945,0.08062856644392014,0.006457956973463297,0.06496863067150116,0.0057798936031758785,0.027251342311501503,-0.053884632885456085,0.004668418783694506,-0.009068231098353863,-0.03194244205951691,-0.0746435895562172,-0.11164999008178711,0.04735840857028961,0.09293220192193985,0.022977134212851524,0.08533334732055664,0.016696901991963387,0.03098621405661106,-0.0008082694839686155,9.336837683804333e-05,-0.00013602346007246524,-0.0006388488109223545,-0.0011196538107469678,-0.002232999773696065,0.0007103761308826506,0.0018586439546197653,0.008041996508836746,0.029866671189665794,0.00584391551092267,0.010845175012946129,0.1341574490070343,-0.15701493620872498,0.1391478180885315,-0.15470987558364868,0.13526912033557892,0.14753614366054535,0.13523422181606293,0.1511218100786209,0.134965717792511,-0.15710830688476562,0.13928383588790894,-0.15407103300094604,0.13638877868652344,0.1497691422700882,0.13452383875846863,0.1492631733417511,-0.0016772589879110456,-0.013852698728442192,0.019468417391180992,-0.017904143780469894,-0.0474177822470665,0.012228554114699364,-0.049882590770721436,0.04951764643192291,0.3080420196056366,0.3298666775226593,0.30584391951560974,0.31084519624710083,0.0,0.0,1.0,0.0,-0.0,1.0,-0.0,-0.9999998807907104,0.30000001192092896,0.30000001192092896,0.30000001192092896,0.30000001192092896
0.85,0,0.022258101031184196,-0.023125113919377327,-0.020374806597828865,0.2795886993408203,0.0,0.17838454246520996,0.0034613097086548805,0.0035692148376256227,1,1,1,1,14.391865730285645,0.002646819921210408,0.2333793044090271,13.995009422302246,14.391865730285645,0.002646819921210408,0.2333793044090271,13.995009422302246,0,0,0,0,0,0.9999979734420776,0.08000728487968445,-0.31830936670303345,0.07889227569103241,-0.3174114525318146,0.27574118971824646,0.049841780215501785,0.27649199962615967,0.04994097724556923,-0.28512075543403625,0.04993729665875435,-0.2862027883529663,0.04988821968436241,0.0,0.0,0.0,0.0,0.0,0.0,-0.05991235375404358,-0.004483650904148817,0.0016326764598488808,-0.02340315841138363,-0.05539277195930481,-0.09828677773475647,0.05783605948090553,0.08071038872003555,0.011412595398724079,0.06491043418645859,0.005716308485716581,0.026400096714496613,-0.06383456289768219,-0.007869872264564037,-0.008533930405974388,-0.02884775400161743,-0.03836427628993988,-0.08311792463064194,0.04581015184521675,0.0821925476193428,0.015461002476513386,0.06644010543823242,0.021959664300084114,0.03701552748680115,-0.0009575184085406363,-0.00015739744412712753,-0.0001280089491046965,-0.0005769550916738808,-0.0005754641024395823,-0.001662358408793807,0.0006871522637084126,0.0016438509337604046,0.005411350633949041,0.023254036903381348,0.00768588250502944,0.012955434620380402,0.13400819897651672,-0.15726570785045624,0.1391558200120926,-0.15464799106121063,0.13581331074237823,0.14810678362846375,0.13521099090576172,0.1509070247411728,0.13400821387767792,-0.15726572275161743,0.1391558051109314,-0.15464799106121063,0.13581329584121704,0.14810676872730255,0.13521099090576172,0.1509070247411728,-0.0032942681573331356,-0.018343806266784668,0.015513181686401367,-0.014829754829406738,-0.058438003063201904,0.02637028694152832,-0.0390889048576355,0.03479039669036865,0.30541136860847473,0.3232540488243103,0.30768588185310364,0.31295543909072876,0.0,0.0,1.0,0.0,-0.0,1.0,-0.0,-0.9999998807907104,0.30000001192092896,0.30000001192092896,0.30000001192092896,0.30000001192092896
0.9,0,0.023019419983029366,-0.023162104189395905,0.005524598993360996,0.279466450214386,0.0,0.1826399564743042,0.0008071069605648518,0.003534529358148575,1,1,1,1,14.597933769226074,0.0,0.0,15.410643577575684,14.597933769226074,0.0,0.0,15.410643577575684,0,0,0,0,0,0.9999978542327881,0.08000971376895905,-0.31830742955207825,0.07889850437641144,-0.31740546226501465,0.27636992931365967,0.04987892135977745,0.2772367596626282,0.04993237927556038,-0.2843553125858307,0.049955736845731735,-0.2854032814502716,0.04992849752306938,0.0,0.0,0.0,0.0,0.0,0.0,-0.06102624163031578,-0.0036184373311698437,-0.00017874082550406456,-0.02123185247182846,-0.05627855658531189,-0.10181217640638351,0.05979200452566147,0.08111076802015305,0.00900668278336525,0.06782923638820648,0.005373531021177769,0.027774136513471603,-0.07339980453252792,-0.007255959790199995,-0.03274903446435928,-0.029889391735196114,-0.031234748661518097,-0.08897609263658524,0.040806565433740616,0.09356532990932465,0.008716310374438763,0.08881760388612747,0.0450284481048584,0.061262909322977066,-0.0011009970912709832,-0.00014511919289361686,-0.0004912355216220021,-0.0005977878463454545,-0.0004685212334152311,-0.0017795218154788017,0.000612098490819335,0.0018713065655902028,0.0030507086776196957,0.031086161732673645,0.01575995609164238,0.021442018449306488,0.13386471569538116,-0.1572534292936325,0.13879260420799255,-0.15466882288455963,0.13592025637626648,0.14798961579799652,0.1351359337568283,0.15113447606563568,0.13386473059654236,-0.1572534292936325,0.13879260420799255,-0.15466882288455963,0.1359202265739441,0.14798961579799652,0.13513591885566711,0.15113449096679688,-0.0032974272035062313,-0.019257068634033203,0.015233993530273438,-0.016869068145751953,-0.05928981304168701,0.026492595672607422,-0.03750324249267578,0.033741116523742676,0.3030507266521454,0.3310861587524414,0.31575995683670044,0.32144203782081604,0.0,0.0,1.0,0.0,-0.0,1.0,-0.0,-0.9999998807907104,0.30000001192092896,0.30000001192092896,0.30000001192092896,0.30000001192092896
0.95,0,0.02377711422741413,-0.023190191015601158,0.0025849812664091587,0.27934226393699646,0.0,0.1896878331899643,0.0020917910151183605,0.0036140279844403267,1,1,1,1,14.331755638122559,0.0,0.0,15.048293113708496,14.331755638122559,0.0,0.0,15.048293113708496,0,0,0,0,0,0.9999978542327881,0.07999959588050842,-0.31831860542297363,0.07890240848064423,-0.3174017071723938,0.2769949734210968,0.04990538954734802,0.27797314524650574,0.049965158104896545,-0.2835375666618347,0.049949705600738525,-0.2846111059188843,0.04995984584093094,0.0,0.0,0.0,0.0,0.0,0.0,-0.058644264936447144,-0.0005425416748039424,0.0038871727883815765,-0.02227274514734745,-0.06502899527549744,-0.10910944640636444,0.06194305792450905,0.08178354054689407,0.012908480130136013,0.0687079131603241,-0.0013283273437991738,0.02196684293448925,-0.07262123376131058,-0.012475480325520039,-0.03441384807229042,-0.026705365628004074,-0.021601185202598572,-0.07231035828590393,0.03269967436790466,0.08992022275924683,0.0043510026298463345,0.0859578475356102,0.053304389119148254,0.0612582191824913,-0.0010893185390159488,-0.00024950961233116686,-0.000516207714099437,-0.0005341073265299201,-0.00032401777571067214,-0.0014462071703746915,0.0004904951201751828,0.0017984043806791306,0.0015228509437292814,0.0300852470099926,0.0186565350741148,0.021440375596284866,0.13387639820575714,-0.1573578119277954,0.13876762986183167,-0.15460513532161713,0.13606476783752441,0.1483229398727417,0.1350143402814865,0.15106157958507538,0.13387639820575714,-0.1573578119277954,0.13876761496067047,-0.15460513532161713,0.13606475293636322,0.1483229398727417,0.1350143551826477,0.15106159448623657,-0.003995993640273809,-0.018480539321899414,0.01565563678741455,-0.01744377613067627,-0.05709356069564819,0.023494839668273926,-0.03793191909790039,0.03493058681488037,0.3015228509902954,0.33008524775505066,0.3186565339565277,0.3214403986930847,0.0,0.0,1.0,0.0,-0.0,1.0,-0.0,-0.9999998807907104,0.30000001192092896,0.30000001192092896,0.30000001192092896,0.30000001192092896
1.0,0,0.02455320954322815,-0.023173410445451736,0.00267966790124774,0.2792072594165802,0.0,0.1923370659351349,0.001011658925563097,0.0037247121799737215,1,1,1,1,14.680583953857422,0.0,0.0,15.260540008544922,14.680583953857422,0.0,0.0,15.260540008544922,0,0,0,0,0,0.9999977946281433,0.07999290525913239,-0.31832605600357056,0.07888035476207733,-0.31742367148399353,0.27763551473617554,0.0499224029481411,0.27870261669158936,0.049998197704553604,-0.28267908096313477,0.04996384307742119,-0.28379037976264954,0.04998024180531502,0.0,0.0,0.0,0.0,0.0,0.0,-0.06312993913888931,-0.0016476488672196865,-0.0012931374367326498,-0.022550106048583984,-0.05986422672867775,-0.11076552420854568,0.062092315405607224,0.08386823534965515,0.012438785284757614,0.06998296827077866,0.0017330331029370427,0.026417028158903122,-0.07937150448560715,-0.014796094968914986,-0.040054623037576675,-0.028105007484555244,-0.013080699369311333,-0.07081220299005508,0.033127833157777786,0.09209771454334259,0.0028559351339936256,0.08839060366153717,0.06046999618411064,0.0700334757566452,-0.0011905725114047527,-0.0002959218982141465,-0.0006008193595334888,-0.0005621001473627985,-0.00019621048704721034,-0.0014162440784275532,0.0004969174624420702,0.0018419543048366904,0.0009995772270485759,0.03093671053647995,0.02116449922323227,0.02451171539723873,0.13377514481544495,-0.15740422904491425,0.138683021068573,-0.15463313460350037,0.13619257509708405,0.14835289120674133,0.13502076268196106,0.1511051207780838,0.13377512991428375,-0.15740422904491425,0.138683021068573,-0.15463314950466156,0.13619257509708405,0.14835287630558014,0.13502074778079987,0.151105135679245,-0.004371204879134893,-0.01875019073486328,0.015432775020599365,-0.017763376235961914,-0.05695319175720215,0.02254664897918701,-0.037639737129211426,0.034607887268066406,0.30099958181381226,0.3309367299079895,0.3211645185947418,0.32451173663139343,0.0,0.0,1.0,0.0,-0.0,1.0,-0.0,-0.9999998807907104,0.30000001192092896,0.30000001192092896,0.30000001192092896,0.30000001192092896
1.05,0,0.025342214852571487,-0.023140983656048775,0.005086683668196201,0.2790752947330475,0.0,0.19775079190731049,0.0006740717217326164,0.0039047859609127045,1,1,1,1,14.840963363647461,0.0,0.0,15.37450122833252,14.840963363647461,0.0,0.0,15.37450122833252,0,0,0,0,0,0.9999976754188538,0.07997962832450867,-0.31834015250205994,0.07886875420808792,-0.31743526458740234,0.27828824520111084,0.049928758293390274,0.27944207191467285,0.050008099526166916,-0.2818281650543213,0.04999733716249466,-0.28296545147895813,0.04998551309108734,0.0,0.0,0.0,0.0,0.0,0.0,-0.06666766852140427,-0.0026360643096268177,-0.004537447355687618,-0.02281230129301548,-0.05883542448282242,-0.11363119632005692,0.06301887333393097,0.08618868142366409,0.011405437253415585,0.07309306412935257,0.0039886534214019775,0.029167579486966133,-0.0721428170800209,-0.011819308623671532,-0.030589627102017403,-0.026657868176698685,-0.023245390504598618,-0.07610060274600983,0.03768730163574219,0.08923087269067764,0.0045587001368403435,0.08226623386144638,0.0486205592751503,0.05989018827676773,-0.0010821422329172492,-0.00023638617130927742,-0.0004588443844113499,-0.0005331573775038123,-0.00034868085640482605,-0.0015220120549201965,0.0005653094849549234,0.0017846174305304885,0.0015955449780449271,0.028793182224035263,0.017017195001244545,0.020961565896868706,0.13388358056545258,-0.15734469890594482,0.13882498443126678,-0.15460419654846191,0.1360400915145874,0.1482471227645874,0.13508914411067963,0.15104779601097107,0.13388358056545258,-0.15734469890594482,0.13882498443126678,-0.15460418164730072,0.1360400915145874,0.1482471227645874,0.13508917391300201,0.15104779601097107,-0.0039030699990689754,-0.018528103828430176,0.01568424701690674,-0.01710641384124756,-0.057597219944000244,0.02412867546081543,-0.038066565990448,0.03458285331726074,0.3015955686569214,0.3287931978702545,0.31701719760894775,0.3209615647792816,0.0,0.0,1.0,0.0,-0.0,1.0,-0.0,-0.9999998807907104,0.30000001192092896,0.30000001192092896,0.30000001192092896,0.30000001192092896
1.1,0,0.02613571472465992,-0.023088812828063965,0.008422587998211384,0.2789565324783325,0.0,0.20163118839263916,-0.005565126892179251,0.004060192499309778,1,1,1,1,15.19921588897705,0.0,0.0,15.561442375183105,15.19921588897705,0.0,0.0,15.561442375183105,0,0,0,0,0,0.999997615814209,0.07996760308742523,-0.31835293769836426,0.0788835883140564,-0.3174203634262085,0.27895626425743103,0.049926865845918655,0.2801578640937805,0.0500040166079998,-0.2809598743915558,0.05002574995160103,-0.2821270525455475,0.0499807745218277,0.0,0.0,0.0,0.0,0.0,0.0,-0.06678495556116104,-0.0024621763732284307,-0.0036020034458488226,-0.022844484075903893,-0.06137896329164505,-0.11788283288478851,0.06536600738763809,0.08714006841182709,0.01135176233947277,0.07233089208602905,0.0014749699039384723,0.027592675760388374,-0.0729135125875473,-0.013250197283923626,-0.030941009521484375,-0.028155554085969925,-0.022129874676465988,-0.07334722578525543,0.03445037081837654,0.08994676917791367,0.00649668462574482,0.08296436816453934,0.050445493310689926,0.05915722995996475,-0.0010937026236206293,-0.0002650039386935532,-0.0004641151463147253,-0.0005631110980175436,-0.00033194810384884477,-0.001466944464482367,0.0005167555646039546,0.0017989353509619832,0.0022738396655768156,0.02903752774000168,0.01765592209994793,0.020705029368400574,0.13387201726436615,-0.157373309135437,0.13881972432136536,-0.15463414788246155,0.1360568255186081,0.14830219745635986,0.13504059612751007,0.15106211602687836,0.13387203216552734,-0.157373309135437,0.13881972432136536,-0.15463414788246155,0.1360568404197693,0.14830218255519867,0.13504061102867126,0.15106211602687836,-0.004103460814803839,-0.01840054988861084,0.015479326248168945,-0.016938090324401855,-0.05723088979721069,0.02367532253265381,-0.03794276714324951,0.03477346897125244,0.30227383971214294,0.32903754711151123,0.31765592098236084,0.3207050561904907,0.0,0.0,1.0,0.0,-0.0,1.0,-0.0,-0.9999998807907104,0.30000001192092896,0.30000001192092896,0.30000001192092896,0.30000001192092896
1.15,0,0.02692524529993534,-0.02307608723640442,0.0113527812063694,0.2788229286670685,0.0,0.20686110854148865,0.003128279000520706,0.00417182594537735,1,1,1,1,14.84406566619873,0.0,0.0,15.306757926940918,14.84406566619873,0.0,0.0,15.306757926940918,0,0,0,0,0,0.9999975562095642,0.07995626330375671,-0.31836482882499695,0.07883524894714355,-0.3174687325954437,0.2796163558959961,0.04991353303194046,0.2809039354324341,0.04999852553009987,-0.2800956964492798,0.05000871792435646,-0.2812701463699341,0.04995478317141533,0.0,0.0,0.0,0.0,0.0,0.0,-0.058918386697769165,0.0022435837890952826,0.0063276952132582664,-0.025118324905633926,-0.0765567347407341,-0.12457811087369919,0.06519202142953873,0.08596337586641312,0.019946442916989326,0.07010874897241592,-0.010699713602662086,0.01400765497237444,-0.07712498307228088,-0.016677385196089745,-0.037835538387298584,-0.028214558959007263,-0.018955828621983528,-0.06638308614492416,0.028606386855244637,0.09286215156316757,0.003700702451169491,0.09294714033603668,0.06373236328363419,0.06572592258453369,-0.0011568746995180845,-0.00033354770857840776,-0.0005675330758094788,-0.0005642911419272423,-0.0002843374095391482,-0.0013276616809889674,0.0004290957876946777,0.0018572430126369,0.0012952458346262574,0.0325314998626709,0.022306326776742935,0.023004071786999702,0.13380883634090424,-0.1574418544769287,0.13871631026268005,-0.15463532507419586,0.13610443472862244,0.14844147861003876,0.13495293259620667,0.1511204093694687,0.13380885124206543,-0.1574418544769287,0.13871632516384125,-0.15463533997535706,0.13610443472862244,0.14844147861003876,0.13495294749736786,0.1511203944683075,-0.004605033900588751,-0.01829969882965088,0.015431106090545654,-0.017549514770507812,-0.056306660175323486,0.022496819496154785,-0.0374985933303833,0.0349045991897583,0.3012952506542206,0.33253151178359985,0.3223063349723816,0.3230040967464447,0.0,0.0,1.0,0.0,-0.0,1.0,-0.0,-0.9999998807907104,0.30000001192092896,0.30000001192092896,0.30000001192092896,0.30000001192092896
1.2,0,0.027741888538002968,-0.02303209714591503,0.007483741734176874,0.2786935567855835,0.0,0.2037886381149292,-0.0008134804666042328,0.004346830770373344,1,1,1,1,14.795071601867676,0.0,0.0,15.198555946350098,14.795071601867676,0.0,0.0,15.198555946350098,0,0,0,0,0,0.9999974370002747,0.07994218915700912,-0.31837978959083557,0.07884032279253006,-0.3174637258052826,0.28029608726501465,0.049887172877788544,0.2816569209098816,0.049964066594839096,-0.2792171537876129,0.050003889948129654,-0.2804212272167206,0.04991837590932846,0.0,0.0,0.0,0.0,0.0,0.0,-0.0662587508559227,-0.002642866922542453,-0.0020607926417142153,-0.024633314460515976,-0.06449377536773682,-0.11973698437213898,0.06487232446670532,0.08815974742174149,0.013650339096784592,0.07228454202413559,0.00010307785123586655,0.025163542479276657,-0.07862179726362228,-0.016892792657017708,-0.03524000197649002,-0.025504883378744125,-0.010368863120675087,-0.06783382594585419,0.03640688210725784,0.08910901099443436,-0.0004073481250088662,0.0822063609957695,0.055332787334918976,0.06452836841344833,-0.0011793269077315927,-0.00033785583218559623,-0.0005286000086925924,-0.0005100976559333503,-0.00015553293633274734,-0.0013566764537245035,0.0005461032269522548,0.0017821801593527198,-0.00014257183647714555,0.028772225603461266,0.019366474822163582,0.022584928199648857,0.1337863951921463,-0.15744616091251373,0.13875523209571838,-0.15458112955093384,0.13623324036598206,0.14841246604919434,0.13506993651390076,0.15104535222053528,0.1337863951921463,-0.15744617581367493,0.1387552171945572,-0.15458112955093384,0.13623325526714325,0.14841246604919434,0.13506993651390076,0.15104535222053528,-0.004647830035537481,-0.018400073051452637,0.01581329107284546,-0.017678141593933105,-0.05656784772872925,0.02192246913909912,-0.03807264566421509,0.034711480140686035,0.2998574376106262,0.32877224683761597,0.3193664848804474,0.32258492708206177,0.0,0.0,1.0,0.0,-0.0,1.0,-0.0,-0.9999998807907104,0.30000001192092896,0.30000001192092896,0.30000001192092896,0.30000001192092896
1.25,0,0.02856476418673992,-0.02301637828350067,0.0023743673227727413,0.27858400344848633,0.0,0.2030482292175293,0.00026994384825229645,0.004421244841068983,1,1,1,1,14.423500061035156,0.2397441864013672,0.0,14.953556060791016,14.423500061035156,0.2397441864013672,0.0,14.953556060791016,0,0,0,0,0,0.9999973773956299,0.07992669194936752,-0.3183959424495697,0.07883335649967194,-0.3174707293510437,0.2810041904449463,0.04985304921865463,0.282443106174469,0.04991867020726204,-0.2783534824848175,0.04997636005282402,-0.27955636382102966,0.04986811801791191,0.0,0.0,0.0,0.0,0.0,0.0,-0.06800279021263123,-0.0027419442776590586,-0.0040893591940402985,-0.026819536462426186,-0.06160097196698189,-0.11779449880123138,0.06212818995118141,0.08879312127828598,0.016082776710391045,0.07372298091650009,0.0030848043970763683,0.02725929766893387,-0.07304517179727554,-0.014396882615983486,-0.028089351952075958,-0.029892370104789734,-0.020124604925513268,-0.06959023326635361,0.03372861072421074,0.08878311514854431,0.00844672229140997,0.07946638762950897,0.04958173260092735,0.056528616696596146,-0.0010956776095554233,-0.00028793764067813754,-0.0004213402571622282,-0.0005978473927825689,-0.00030186906224116683,-0.0013918046606704593,0.0005059291725046933,0.0017756622983142734,0.002956352662295103,0.02781323529779911,0.017353605479002,0.019785014912486076,0.13387003540992737,-0.15739624202251434,0.1388624906539917,-0.1546688824892044,0.13608691096305847,0.14837734401226044,0.13502976298332214,0.15103884041309357,0.13387002050876617,-0.15739624202251434,0.1388624906539917,-0.1546688824892044,0.13608691096305847,0.14837734401226044,0.13502976298332214,0.15103885531425476,-0.004259624984115362,-0.018256187438964844,0.015260577201843262,-0.016449928283691406,-0.05673438310623169,0.023013591766357422,-0.03809487819671631,0.034989237785339355,0.30295637249946594,0.3278132379055023,0.31735360622406006,0.3197850286960602,0.0,0.0,1.0,0.0,-0.0,1.0,-0.0,-0.9999998807907104,0.30000001192092896,0.30000001192092896,0.30000001192092896,0.30000001192092896
1.3,0,0.02941582165658474,-0.023027857765555382,0.009829970076680183,0.27848783135414124,1.0,0.2023322880268097,-2.003260850906372,0.0044383704662323,1,1,1,1,14.889662742614746,0.06285052001476288,0.0,15.22313404083252,14.889662742614746,0.06285052001476288,0.0,15.22313404083252,0,0,0,0,0,0.9999972581863403,0.07992655038833618,-0.31839650869369507,0.07882006466388702,-0.317484050989151,0.2817549407482147,0.04980083554983139,0.28327369689941406,0.04985984042286873,-0.27750125527381897,0.049951422959566116,-0.2786655128002167,0.04979736730456352,0.0,0.0,0.0,0.0,0.0,0.0,-0.06595463305711746,-0.0032790335826575756,-0.0013122509699314833,-0.02697395533323288,-0.064670130610466,-0.11738844960927963,0.062027037143707275,0.0887439176440239,0.01629788987338543,0.07284333556890488,0.0018873113440349698,0.02424517832696438,-0.07524877786636353,-0.011660690419375896,-0.03035883605480194,-0.031246984377503395,-0.02644355595111847,-0.08031772077083588,0.03675743192434311,0.09258844703435898,0.009623280726373196,0.08726804703474045,0.0486915148794651,0.059250034391880035,-0.0011287316447123885,-0.00023321381013374776,-0.00045538254198618233,-0.000624939682893455,-0.00039665334043093026,-0.0016063543735072017,0.0005513614742085338,0.0018517689313739538,0.0033681481145322323,0.030543815344572067,0.01704202964901924,0.020737512037158012,0.13383698463439941,-0.15734152495861053,0.13882845640182495,-0.15469597280025482,0.1359921246767044,0.14816278219223022,0.13507519662380219,0.15111494064331055,0.13383698463439941,-0.15734153985977173,0.13882844150066376,-0.15469598770141602,0.1359921395778656,0.14816278219223022,0.13507519662380219,0.15111494064331055,-0.00390986492857337,-0.018818974494934082,0.015064001083374023,-0.016473054885864258,-0.058147311210632324,0.024954676628112793,-0.037602901458740234,0.034224867820739746,0.30336815118789673,0.3305438160896301,0.3170420527458191,0.3207375109195709,0.0,0.0,1.0,0.0,-0.0,1.0,-0.0,-0.9999998807907104,0.30000001192092896,0.30000001192092896,0.30000001192092896,0.30000001192092896
1.35,0,0.030112678185105324,-0.02281152456998825,0.00034360549761913717,0.28005746006965637,1.0,0.25240376591682434,0.0017834906466305256,0.004926867783069611,1,1,1,1,10.108059883117676,4.316485404968262,4.219266414642334,10.114688873291016,10.108059883117676,4.316485404968262,4.219266414642334,10.114688873291016,0,0,0,0,0,0.9999975562095642,0.07989824563264847,-0.3184261918067932,0.07880081981420517,-0.31750422716140747,0.28249794244766235,0.04972834512591362,0.284060537815094,0.04978844150900841,-0.2766590714454651,0.049890145659446716,-0.2778547704219818,0.049802515655756,0.0,0.0,0.0,0.0,0.0,0.0,-0.011080301366746426,0.011225209571421146,0.055392295122146606,-0.05201587826013565,-0.13079804182052612,-0.14548921585083008,0.0834989920258522,0.07400184124708176,0.045471880584955215,0.0024691929575055838,-0.06109611690044403,-0.03398250415921211,-0.025923654437065125,-0.0034148702397942543,0.020464079454541206,-0.058840151876211166,-0.07553214579820633,-0.09389981627464294,0.048127517104148865,0.07425297796726227,0.038455042988061905,0.012774613685905933,-0.006267373450100422,0.007416528649628162,-0.0003888547944370657,-6.82974059600383e-05,0.0003069611848331988,-0.0011768030235543847,-0.0011329822009429336,-0.0018779962556436658,0.0007219127146527171,0.0014850595034658909,0.013459265232086182,0.004471114836633205,-0.00219358061440289,0.0025957850739359856,0.13457685708999634,-0.15717659890651703,0.1395907998085022,-0.15524783730506897,0.13525579869747162,0.14789114892482758,0.13524575531482697,0.15074823796749115,0.134965717792511,-0.15710830688476562,0.13928383588790894,-0.15407103300094604,0.13638877868652344,0.1497691422700882,0.13452383875846863,0.1492631733417511,-0.0016772589879110456,-0.013852698728442192,0.019468417391180992,-0.017904143780469894,-0.0474177822470665,0.012228554114699364,-0.049882590770721436,0.04951764643192291,0.31345927715301514,0.30447113513946533,0.29780644178390503,0.3025957942008972,0.0,0.0,1.0,0.0,-0.0,1.0,-0.0,-0.9999998807907104,0.30000001192092896,0.30000001192092896,0.30000001192092896,0.30000001192092896
1.4,0,0.03068523108959198,-0.022672150284051895,-0.000848140160087496,0.28016185760498047,1.0,0.2127564400434494,0.0004231976345181465,0.004818858578801155,1,1,1,1,9.555976867675781,4.854546546936035,4.974729061126709,9.34821891784668,9.555976867675781,4.854546546936035,4.974729061126709,9.34821891784668,0,0,0,0,0,0.9999979138374329,0.07989957928657532,-0.31842511892318726,0.0788077861070633,-0.317498117685318,0.28322187066078186,0.04966166988015175,0.28477880358695984,0.049832314252853394,-0.27601391077041626,0.04984308406710625,-0.2771546542644501,0.04987189173698425,0.0,0.0,0.0,0.0,0.0,0.0,-0.015083934180438519,0.0035642320290207863,0.045940421521663666,-0.05680207535624504,-0.10647771507501602,-0.12029502540826797,0.06955184042453766,0.07160166651010513,0.04353588446974754,-0.0005967372562736273,-0.041002307087183,-0.018398437649011612,-0.007197709288448095,0.006520332768559456,0.05205550417304039,-0.05951634421944618,-0.11205461621284485,-0.11543498188257217,0.06344243139028549,0.06859873235225677,0.05152546614408493,-0.0025249156169593334,-0.04498080909252167,-0.026990126818418503,-0.00010796563583426178,0.0001304066536249593,0.0007808325462974608,-0.001190326875075698,-0.0016808192012831569,-0.0023086995352059603,0.0009516364661976695,0.001371974591165781,0.018033912405371666,-0.0008837204659357667,-0.015743283554911613,-0.009446544572710991,0.13485775887966156,-0.15697790682315826,0.14006467163562775,-0.1552613526582718,0.1347079575061798,0.1474604457616806,0.13547547161579132,0.15063515305519104,0.134965717792511,-0.15710830688476562,0.13928383588790894,-0.15407103300094604,0.13638877868652344,0.1497691422700882,0.13452383875846863,0.1492631733417511,-0.0016772589879110456,-0.013852698728442192,0.019468417391180992,-0.017904143780469894,-0.0474177822470665,0.012228554114699364,-0.049882590770721436,0.04951764643192291,0.31803393363952637,0.2991162836551666,0.2842567265033722,0.290553480386734,0.0,0.0,1.0,0.0,-0.0,1.0,-0.0,-0.9999998807907104,0.30000001192092896,0.30000001192092896,0.30000001192092896,0.30000001192092896
1.45,0,0.031236611306667328,-0.022452473640441895,-0.0033916656393557787,0.28026315569877625,1.0,0.21452021598815918,-0.0029381276108324528,0.004903455264866352,1,1,1,1,9.580941200256348,4.846917629241943,4.927149772644043,9.383078575134277,9.580941200256348,4.846917629241943,4.927149772644043,9.383078575134277,0,0,0,0,0,0.9999983310699463,0.0798906460404396,-0.3184348940849304,0.07879549264907837,-0.3175116777420044,0.28395876288414,0.049577683210372925,0.28548502922058105,0.0499015711247921,-0.27538812160491943,0.049786850810050964,-0.276445209980011,0.04993387684226036,0.0,0.0,0.0,0.0,0.0,0.0,-0.003176795318722725,0.007984437048435211,0.05897082760930061,-0.06324964016675949,-0.11300815641880035,-0.10703318566083908,0.0569506473839283,0.0639018788933754,0.05851021409034729,-0.005606187507510185,-0.04876646026968956,-0.03286614269018173,-0.000849397387355566,0.007101244293153286,0.05955464392900467,-0.061509013175964355,-0.11428702622652054,-0.1052836924791336,0.05629975348711014,0.0638522133231163,0.05633268505334854,-0.005469405557960272,-0.04759730026125908,-0.03414028137922287,-1.2740960301016457e-05,0.00014202488819137216,0.0008933196659199893,-0.0012301802635192871,-0.0017143053701147437,-0.002105673775076866,0.0008444963023066521,0.0012770441826432943,0.01971643976867199,-0.001914291875436902,-0.016659054905176163,-0.01194909866899252,0.13495297729969025,-0.15696628391742706,0.1401771605014801,-0.15530121326446533,0.13467447459697723,0.14766347408294678,0.13536833226680756,0.15054021775722504,0.134965717792511,-0.15710830688476562,0.13928383588790894,-0.15407103300094604,0.13638877868652344,0.1497691422700882,0.13452383875846863,0.1492631733417511,-0.0016772589879110456,-0.013852698728442192,0.019468417391180992,-0.017904143780469894,-0.0474177822470665,0.012228554114699364,-0.049882590770721436,0.04951764643192291,0.3197164535522461,0.2980857193470001,0.2833409607410431,0.28805091977119446,0.0,0.0,1.0,0.0,-0.0,1.0,-0.0,-0.9999998807907104,0.30000001192092896,0.30000001192092896,0.30000001192092896,0.30000001192092896
1.5,0,0.03187410533428192,-0.022335853427648544,-0.00481228344142437,0.28031954169273376,1.0,0.21161432564258575,-0.004919418133795261,0.0047698006965219975,1,1,1,1,9.707104682922363,4.768572807312012,4.801756858825684,9.457466125488281,9.707104682922363,4.768572807312012,4.801756858825684,9.457466125488281,0,0,0,0,0,0.9999985098838806,0.07989215850830078,-0.3184334337711334,0.0788002535700798,-0.31750762462615967,0.2847204804420471,0.04948212578892708,0.2862071394920349,0.04995663836598396,-0.2747395932674408,0.04972066357731819,-0.27571722865104675,0.04998379200696945,0.0,0.0,0.0,0.0,0.0,0.0,-0.0062824999913573265,0.0071486495435237885,0.05462181195616722,-0.06477032601833344,-0.10969550907611847,-0.10824667662382126,0.05643347278237343,0.06608086079359055,0.05830676108598709,-0.00421776482835412,-0.04499097913503647,-0.02770906873047352,-0.006156838499009609,0.006208051461726427,0.05391179770231247,-0.06358813494443893,-0.10902278125286102,-0.1071166843175888,0.056163541972637177,0.06635499745607376,0.05664493888616562,-0.0032448493875563145,-0.04353206977248192,-0.027619969099760056,-9.235257311956957e-05,0.00012416102981660515,0.0008086769375950098,-0.00127176265232265,-0.0016353416722267866,-0.002142333658412099,0.0008424530969932675,0.0013270999770611525,0.019825728610157967,-0.0011356972390785813,-0.015236224047839642,-0.009666988626122475,0.13487336039543152,-0.1569841504096985,0.14009250700473785,-0.15534280240535736,0.13475343585014343,0.14762680232524872,0.135366290807724,0.15059027075767517,0.134965717792511,-0.15710830688476562,0.13928383588790894,-0.15407103300094604,0.13638877868652344,0.1497691422700882,0.13452383875846863,0.1492631733417511,-0.0016772589879110456,-0.013852698728442192,0.019468417391180992,-0.017904143780469894,-0.0474177822470665,0.012228554114699364,-0.049882590770721436,0.04951764643192291,0.3198257386684418,0.29886430501937866,0.28476378321647644,0.2903330326080322,0.0,0.0,1.0,0.0,-0.0,1.0,-0.0,-0.9999998807907104,0.30000001192092896,0.30000001192092896,0.30000001192092896,0.30000001192092896
1.55,0,0.032577138394117355,-0.022283313795924187,-0.006574350409209728,0.2803463041782379,1.0,0.2118988335132599,-0.0054555549286305904,0.004512197803705931,1,1,1,1,9.672080993652344,4.844127655029297,4.824092388153076,9.392057418823242,9.672080993652344,4.844127655029297,4.824092388153076,9.392057418823242,0,0,0,0,0,0.9999985694885254,0.07989905774593353,-0.3184262812137604,0.07880836725234985,-0.3175000250339508,0.2855060398578644,0.049374401569366455,0.2869500517845154,0.04999999329447746,-0.2740647494792938,0.04964431747794151,-0.2749672532081604,0.05002078786492348,0.0,0.0,0.0,0.0,0.0,0.0,-0.007362465374171734,0.007288292516022921,0.053946707397699356,-0.0649014562368393,-0.10880596935749054,-0.10966511815786362,0.05760866031050682,0.06624680757522583,0.0577535443007946,-0.004546014126390219,-0.045266710221767426,-0.026335421949625015,-0.006558047607541084,0.007017367985099554,0.05404745042324066,-0.0650545135140419,-0.1089823842048645,-0.10746314376592636,0.05563563480973244,0.06614293903112411,0.05842044577002525,-0.0035362495109438896,-0.044038623571395874,-0.026995960623025894,-9.837071411311626e-05,0.00014034735795576125,0.0008107117610052228,-0.001301090233027935,-0.0016347357304766774,-0.0021492629311978817,0.0008345345268025994,0.0013228587340563536,0.020447155460715294,-0.001237687305547297,-0.015413518063724041,-0.009448586031794548,0.1348673403263092,-0.15696795284748077,0.1400945484638214,-0.15537212789058685,0.13475404679775238,0.14761987328529358,0.13535837829113007,0.15058603882789612,0.134965717792511,-0.15710830688476562,0.13928383588790894,-0.15407103300094604,0.13638877868652344,0.1497691422700882,0.13452383875846863,0.1492631733417511,-0.0016772589879110456,-0.013852698728442192,0.019468417391180992,-0.017904143780469894,-0.0474177822470665,0.012228554114699364,-0.049882590770721436,0.04951764643192291,0.32044717669487,0.29876232147216797,0.28458648920059204,0.29055142402648926,0.0,0.0,1.0,0.0,-0.0,1.0,-0.0,-0.9999998807907104,0.30000001192092896,0.30000001192092896,0.30000001192092896,0.30000001192092896
1.6,0,0.03330552205443382,-0.022246170789003372,-0.006826837547123432,0.28035977482795715,1.0,0.21777020394802094,-0.006005654111504555,0.004182248376309872,1,1,1,1,9.598223686218262,4.975805282592773,4.907136917114258,9.258833885192871,9.598223686218262,4.975805282592773,4.907136917114258,9.258833885192871,0,0,0,0,0,0.9999986886978149,0.07990971952676773,-0.3184152841567993,0.07882072031497955,-0.3174879252910614,0.28630122542381287,0.04925372079014778,0.28770023584365845,0.050032731145620346,-0.273372620344162,0.049556829035282135,-0.2742047905921936,0.050045982003211975,0.0,0.0,0.0,0.0,0.0,0.0,-0.006469727493822575,0.00794719997793436,0.05423570051789284,-0.06555917114019394,-0.11257104575634003,-0.11380337923765182,0.058232445269823074,0.06782825291156769,0.05923716723918915,-0.003717058105394244,-0.04665157198905945,-0.027658022940158844,-0.006624949164688587,0.0074827419593930244,0.05443272739648819,-0.06540780514478683,-0.10995405167341232,-0.1093367487192154,0.05652653053402901,0.06638900190591812,0.058920226991176605,-0.0038024582900106907,-0.04525427892804146,-0.027382563799619675,-9.937423601513728e-05,0.00014965483569540083,0.0008164909086190164,-0.0013081560609862208,-0.001649310695938766,-0.002186734927818179,0.0008478979580104351,0.0013277799589559436,0.020622078329324722,-0.001330860424786806,-0.015838997438549995,-0.009583896957337856,0.13486634194850922,-0.1569586545228958,0.14010033011436462,-0.15537919104099274,0.1347394734621048,0.14758241176605225,0.13537172973155975,0.1505909562110901,0.134965717792511,-0.15710830688476562,0.13928383588790894,-0.15407103300094604,0.13638877868652344,0.1497691422700882,0.13452383875846863,0.1492631733417511,-0.0016772589879110456,-0.013852698728442192,0.019468417391180992,-0.017904143780469894,-0.0474177822470665,0.012228554114699364,-0.049882590770721436,0.04951764643192291,0.3206220865249634,0.29866915941238403,0.2841610014438629,0.2904161214828491,0.0,0.0,1.0,0.0,-0.0,1.0,-0.0,-0.9999998807907104,0.30000001192092896,0.30000001192092896,0.30000001192092896,0.30000001192092896
1.65,0,0.03405831381678581,-0.022239424288272858,-0.008986654691398144,0.28036996722221375,1.0,0.214546799659729,-0.006266509648412466,0.0038085547275841236,1,1,1,1,9.693653106689453,4.755681037902832,4.645987033843994,9.483838081359863,9.693653106689453,4.755681037902832,4.645987033843994,9.483838081359863,0,0,0,0,0,0.9999986886978149,0.07992155104875565,-0.31840288639068604,0.07883553951978683,-0.31747323274612427,0.287108451128006,0.04912003129720688,0.2884655296802521,0.05005312338471413,-0.2726720869541168,0.0494554378092289,-0.2734379172325134,0.05005720257759094,0.0,0.0,0.0,0.0,0.0,0.0,-0.006729414686560631,0.007770874537527561,0.05421692132949829,-0.06673739105463028,-0.1107044592499733,-0.11037401109933853,0.055695708841085434,0.06693952530622482,0.06051605939865112,-0.003428608411923051,-0.045402735471725464,-0.02784113958477974,-0.00710839731618762,0.007236292120069265,0.053654588758945465,-0.06554538756608963,-0.10962224006652832,-0.10966354608535767,0.05636078864336014,0.06688961386680603,0.058748502284288406,-0.0030720068607479334,-0.044534679502248764,-0.026594825088977814,-0.00010662595741450787,0.00014472584007307887,0.0008048188174143434,-0.001310907769948244,-0.001644333591684699,-0.0021932709496468306,0.0008454117923974991,0.0013377922587096691,0.020561976358294487,-0.0010752023663371801,-0.015587138012051582,-0.00930818822234869,0.1348590850830078,-0.15696358680725098,0.14008864760398865,-0.1553819477558136,0.13474445044994354,0.14757587015628815,0.13536925613880157,0.15060096979141235,0.134965717792511,-0.15710830688476562,0.13928383588790894,-0.15407103300094604,0.13638877868652344,0.1497691422700882,0.13452383875846863,0.1492631733417511,-0.0016772589879110456,-0.013852698728442192,0.019468417391180992,-0.017904143780469894,-0.0474177822470665,0.012228554114699364,-0.049882590770721436,0.04951764643192291,0.3205619752407074,0.2989248037338257,0.28441286087036133,0.2906918227672577,0.0,0.0,1.0,0.0,-0.0,1.0,-0.0,-0.9999998807907104,0.30000001192092896,0.30000001192092896,0.30000001192092896,0.30000001192092896
1.7,0,0.03482262045145035,-0.022235823795199394,-0.00841444544494152,0.28036341071128845,1.0,0.21339501440525055,-0.005913836881518364,0.0034191638696938753,1,1,1,1,9.566568374633789,5.0565972328186035,4.946446418762207,9.144702911376953,9.566568374633789,5.0565972328186035,4.946446418762207,9.144702911376953,0,0,0,0,0,0.9999986886978149,0.0799345076084137,-0.3183892071247101,0.0788511261343956,-0.3174575865268707,0.2879253327846527,0.04897008091211319,0.28922390937805176,0.05006122961640358,-0.2719545066356659,0.04934404045343399,-0.27266669273376465,0.05005742609500885,0.0,0.0,0.0,0.0,0.0,0.0,-0.007708868011832237,0.007556008640676737,0.0540090948343277,-0.06593357771635056,-0.10908177495002747,-0.1105930358171463,0.05729777365922928,0.06650671362876892,0.05906326323747635,-0.00464726984500885,-0.04588646814227104,-0.026556136086583138,-0.005442446563392878,0.008111875504255295,0.05653800442814827,-0.06616020202636719,-0.11292536556720734,-0.11029636114835739,0.05621293932199478,0.06636835634708405,0.06086263433098793,-0.0037984370719641447,-0.047200173139572144,-0.02989274449646473,-8.163669554051012e-05,0.00016223751299548894,0.0008480700198560953,-0.0013232040219008923,-0.0016938804183155298,-0.0022059271577745676,0.000843194080516696,0.0013273671502247453,0.02130192145705223,-0.0013294529635459185,-0.01652006059885025,-0.010462460108101368,0.1348840743303299,-0.156946063041687,0.1401319056749344,-0.15539424121379852,0.134694904088974,0.14756321907043457,0.1353670358657837,0.15059053897857666,0.134965717792511,-0.15710830688476562,0.13928383588790894,-0.15407103300094604,0.13638877868652344,0.1497691422700882,0.13452383875846863,0.1492631733417511,-0.0016772589879110456,-0.013852698728442192,0.019468417391180992,-0.017904143780469894,-0.0474177822470665,0.012228554114699364,-0.049882590770721436,0.04951764643192291,0.3213019371032715,0.29867056012153625,0.2834799587726593,0.28953754901885986,0.0,0.0,1.0,0.0,-0.0,1.0,-0.0,-0.9999998807907104,0.30000001192092896,0.30000001192092896,0.30000001192092896,0.30000001192092896
1.75,0,0.035560913383960724,-0.022300902754068375,-0.010149537585675716,0.2803713381290436,1.0,0.21170517802238464,0.0006177942268550396,0.0031458809971809387,1,1,1,1,10.999778747558594,3.430025815963745,3.735410690307617,10.791345596313477,10.999778747558594,3.430025815963745,3.735410690307617,10.791345596313477,0,0,0,0,0,0.9999988079071045,0.07994187623262405,-0.3183811604976654,0.07886199653148651,-0.317446768283844,0.28870251774787903,0.04888525605201721,0.28996869921684265,0.05005950480699539,-0.27123773097991943,0.049224644899368286,-0.27190133929252625,0.050043027848005295,0.0,0.0,0.0,0.0,0.0,0.0,-0.009915878996253014,0.006866696290671825,0.051070138812065125,-0.0659673810005188,-0.10759983956813812,-0.11135439574718475,0.05720944702625275,0.06830417364835739,0.05844765901565552,-0.0020685060881078243,-0.04269703850150108,-0.023545673117041588,-0.007723964750766754,0.007393906358629465,0.05438162758946419,-0.065839484333992,-0.10933735966682434,-0.1094665452837944,0.05659055709838867,0.06661882996559143,0.059546586126089096,-0.00354101718403399,-0.04514124244451523,-0.02668890915811062,-0.00011585946776904166,0.00014787811960559338,0.000815724371932447,-0.00131678965408355,-0.0016400603344663978,-0.002189330756664276,0.0008488583262078464,0.00133237661793828,0.02084130421280861,-0.0012393560027703643,-0.01579943485558033,-0.009341117925941944,0.13484986126422882,-0.15696042776107788,0.14009955525398254,-0.15538781881332397,0.13474871218204498,0.14757981896400452,0.13537269830703735,0.1505955457687378,0.134965717792511,-0.15710830688476562,0.13928383588790894,-0.15407103300094604,0.13638877868652344,0.1497691422700882,0.13452383875846863,0.1492631733417511,-0.0016772589879110456,-0.013852698728442192,0.019468417391180992,-0.017904143780469894,-0.0474177822470665,0.012228554114699364,-0.049882590770721436,0.04951764643192291,0.32084131240844727,0.29876065254211426,0.2842005789279938,0.2906588912010193,0.0,0.0,1.0,0.0,-0.0,1.0,-0.0,-0.9999998807907104,0.30000001192092896,0.30000001192092896,0.30000001192092896,0.30000001192092896
1.8,0,0.03613556921482086,-0.02226872369647026,-0.004868573509156704,0.2804643511772156,1.0,0.19073499739170074,-0.005132714752107859,0.0034343122970312834,1,1,1,1,9.955404281616211,4.18691873550415,4.619551658630371,9.935506820678711,9.955404281616211,4.18691873550415,4.619551658630371,9.935506820678711,0,0,0,0,0,0.999998927116394,0.07992289960384369,-0.3184009790420532,0.07884369790554047,-0.3174661099910736,0.28932783007621765,0.04900530353188515,0.29065951704978943,0.05005671828985214,-0.2706419825553894,0.049321092665195465,-0.2711910605430603,0.05003468692302704,0.0,0.0,0.0,0.0,0.0,0.0,-0.016143182292580605,0.00550945196300745,0.04424870014190674,-0.061711087822914124,-0.09158425033092499,-0.10203561186790466,0.05825940892100334,0.06481502950191498,0.05045387148857117,-0.0019820304587483406,-0.034789349883794785,-0.01299100648611784,0.0010664173169061542,0.009323921985924244,0.06430580466985703,-0.0634046420454979,-0.12481483072042465,-0.11647601425647736,0.06138002127408981,0.06497550755739212,0.058330222964286804,-0.006769118830561638,-0.05660402029752731,-0.03952254727482796,1.5996260117390193e-05,0.00018647844262886792,0.000964587030466646,-0.0012680927757173777,-0.0018722224049270153,-0.002329520182684064,0.0009207003167830408,0.001299510127864778,0.02041557803750038,-0.002369191497564316,-0.01981140673160553,-0.01383289135992527,0.13498170673847198,-0.15692183375358582,0.14024841785430908,-0.15533912181854248,0.13451655209064484,0.1474396288394928,0.1354445368051529,0.15056268870830536,0.134965717792511,-0.15710830688476562,0.13928383588790894,-0.15407103300094604,0.13638877868652344,0.1497691422700882,0.13452383875846863,0.1492631733417511,-0.0016772589879110456,-0.013852698728442192,0.019468417391180992,-0.017904143780469894,-0.0474177822470665,0.012228554114699364,-0.049882590770721436,0.04951764643192291,0.32041558623313904,0.29763081669807434,0.2801886200904846,0.28616711497306824,0.0,0.0,1.0,0.0,-0.0,1.0,-0.0,-0.9999998807907104,0.30000001192092896,0.30000001192092896,0.30000001192092896,0.30000001192092896
1.8499999999999999,0,0.03677339479327202,-0.02226741425693035,-0.003135410603135824,0.28052470088005066,1.0,0.19430068135261536,-0.005938849411904812,0.0037501235492527485,1,1,1,1,10.15974235534668,4.114910125732422,4.40118408203125,10.090739250183105,10.15974235534668,4.114910125732422,4.40118408203125,10.090739250183105,0,0,0,0,0,0.9999990463256836,0.07990346848964691,-0.31842106580734253,0.07882677018642426,-0.3174838125705719,0.28997164964675903,0.049119237810373306,0.2913687825202942,0.050044771283864975,-0.27000150084495544,0.049423135817050934,-0.27045685052871704,0.050013378262519836,0.0,0.0,0.0,0.0,0.0,0.0,-0.01648612879216671,0.005358844064176083,0.04345741122961044,-0.06193222478032112,-0.093122199177742,-0.105625681579113,0.05975259840488434,0.0663553848862648,0.05012843757867813,-0.0020073249470442533,-0.035198282450437546,-0.013051798567175865,-0.01548228319734335,0.005555343348532915,0.04533473402261734,-0.06175028905272484,-0.09245993942022324,-0.10265450179576874,0.05898357182741165,0.06452606618404388,0.05056672543287277,-0.003251404967159033,-0.0362081378698349,-0.014036718755960464,-0.00023223424796015024,0.00011110686318716034,0.0006800210103392601,-0.0012350057950243354,-0.001386899035423994,-0.0020530899055302143,0.0008847535355016589,0.001290521351620555,0.01769835315644741,-0.0011379916686564684,-0.0126728480681777,-0.004912851378321648,0.13473348319530487,-0.1569972038269043,0.13996385037899017,-0.15530604124069214,0.13500188291072845,0.14771604537963867,0.13540859520435333,0.15055368840694427,0.134965717792511,-0.15710830688476562,0.13928383588790894,-0.15407103300094604,0.13638877868652344,0.1497691422700882,0.13452383875846863,0.1492631733417511,-0.0016772589879110456,-0.013852698728442192,0.019468417391180992,-0.017904143780469894,-0.0474177822470665,0.012228554114699364,-0.049882590770721436,0.04951764643192291,0.3176983594894409,0.2988620102405548,0.2873271703720093,0.29508715867996216,0.0,0.0,1.0,0.0,-0.0,1.0,-0.0,-0.9999998807907104,0.30000001192092896,0.30000001192092896,0.30000001192092896,0.30000001192092896
1.9,0,0.037432000041007996,-0.02228173054754734,-0.00657639279961586,0.28057220578193665,1.0,0.19668713212013245,-0.006308334413915873,0.0040688891895115376,1,1,1,1,10.387375831604004,3.987910747528076,4.245211124420166,10.222650527954102,10.387375831604004,3.987910747528076,4.245211124420166,10.222650527954102,0,0,0,0,0,0.9999991655349731,0.07988285273313522,-0.31844234466552734,0.07880771160125732,-0.3175036609172821,0.2906263470649719,0.04922833666205406,0.2920815348625183,0.05002203956246376,-0.2693488597869873,0.049519386142492294,-0.26971930265426636,0.04997911676764488,0.0,0.0,0.0,0.0,0.0,0.0,-0.01437081303447485,0.0063265846110880375,0.04588590934872627,-0.06228301674127579,-0.09547466784715652,-0.10570487380027771,0.05946364626288414,0.0654497891664505,0.05160081014037132,-0.0031598019413650036,-0.037688110023736954,-0.015907131135463715,-0.01546589843928814,0.005482040345668793,0.04433005675673485,-0.062097933143377304,-0.09371013939380646,-0.10507158190011978,0.05917530879378319,0.06586539000272751,0.050567544996738434,-0.002593709621578455,-0.03588489815592766,-0.01416013017296791,-0.00023198846611194313,0.00010964080138364807,0.0006649508140981197,-0.0012419585837051272,-0.0014056520303711295,-0.0021014316007494926,0.0008876296342350543,0.0013173078186810017,0.017698640003800392,-0.0009077983559109271,-0.012559713795781136,-0.004956045653671026,0.13473373651504517,-0.1569986641407013,0.1399487853050232,-0.15531298518180847,0.1349831223487854,0.14766770601272583,0.13541147112846375,0.1505804806947708,0.134965717792511,-0.15710830688476562,0.13928383588790894,-0.15407103300094604,0.13638877868652344,0.1497691422700882,0.13452383875846863,0.1492631733417511,-0.0016772589879110456,-0.013852698728442192,0.019468417391180992,-0.017904143780469894,-0.0474177822470665,0.012228554114699364,-0.049882590770721436,0.04951764643192291,0.3176986575126648,0.29909220337867737,0.28744029998779297,0.2950439751148224,0.0,0.0,1.0,0.0,-0.0,1.0,-0.0,-0.9999998807907104,0.30000001192092896,0.30000001192092896,0.30000001192092896,0.30000001192092896
1.95,0,0.038115233182907104,-0.02231024205684662,-0.004170901607722044,0.2806033492088318,1.0,0.19737006723880768,-0.006630796939134598,0.004391632042825222,1,1,1,1,10.439216613769531,3.8574624061584473,4.078994274139404,10.375587463378906,10.439216613769531,3.8574624061584473,4.078994274139404,10.375587463378906,0,0,0,0,0,0.9999991655349731,0.07986212521791458,-0.31846368312835693,0.07879222184419632,-0.31751978397369385,0.29129326343536377,0.04933024197816849,0.2927977442741394,0.049987949430942535,-0.2686755657196045,0.04960818588733673,-0.26896971464157104,0.049932971596717834,0.0,0.0,0.0,0.0,0.0,0.0,-0.014125842601060867,0.005906754173338413,0.0458502322435379,-0.06264424324035645,-0.09598786383867264,-0.10611461102962494,0.05926399677991867,0.06592992693185806,0.051735542714595795,-0.00334990699775517,-0.03751523792743683,-0.016304291784763336,-0.013849934563040733,0.0058632949367165565,0.046197693794965744,-0.06282946467399597,-0.09583991020917892,-0.10574983805418015,0.05916070193052292,0.06561461091041565,0.05192812904715538,-0.004055378958582878,-0.03788691386580467,-0.016590973362326622,-0.00020774902077391744,0.00011726589582394809,0.0006929654045961797,-0.001256589312106371,-0.0014375986065715551,-0.0021149967797100544,0.000887410482391715,0.00131229218095541,0.018174845725297928,-0.0014193826355040073,-0.013260419480502605,-0.005806840490549803,0.13475796580314636,-0.15699103474617004,0.13997679948806763,-0.15532761812210083,0.1349511742591858,0.14765414595603943,0.13541124761104584,0.1505754590034485,0.134965717792511,-0.15710830688476562,0.13928383588790894,-0.15407103300094604,0.13638877868652344,0.1497691422700882,0.13452383875846863,0.1492631733417511,-0.0016772589879110456,-0.013852698728442192,0.019468417391180992,-0.017904143780469894,-0.0474177822470665,0.012228554114699364,-0.049882590770721436,0.04951764643192291,0.3181748688220978,0.2985806167125702,0.2867395877838135,0.29419317841529846,0.0,0.0,1.0,0.0,-0.0,1.0,-0.0,-0.9999998807907104,0.30000001192092896,0.30000001192092896,0.30000001192092896,0.30000001192092896
2.0,0,0.03880978375673294,-0.02234558016061783,-0.0036315657198429108,0.28063449263572693,1.0,0.19913586974143982,-0.007042496465146542,0.004738223738968372,1,1,1,1,10.508172035217285,3.881798505783081,3.984600067138672,10.443645477294922,10.508172035217285,3.881798505783081,3.984600067138672,10.443645477294922,0,0,0,0,0,0.9999991655349731,0.07984065264463425,-0.31848567724227905,0.07877650111913681,-0.3175361156463623,0.2919636070728302,0.049425095319747925,0.2935236096382141,0.04994369298219681,-0.26798951625823975,0.049689412117004395,-0.26821717619895935,0.049875665456056595,0.0,0.0,0.0,0.0,0.0,0.0,-0.01264765951782465,0.006052303593605757,0.04749279469251633,-0.06300827115774155,-0.09783318638801575,-0.10611217468976974,0.058874599635601044,0.06559130549430847,0.05257993936538696,-0.004255375359207392,-0.038890089839696884,-0.018388373777270317,-0.013571487739682198,0.005996354855597019,0.04641237109899521,-0.0630481019616127,-0.09653310477733612,-0.10604012757539749,0.05886463448405266,0.06577447056770325,0.05235416442155838,-0.0037867699284106493,-0.038008902221918106,-0.017087966203689575,-0.00020357231551315635,0.0001199270918732509,0.0006961855688132346,-0.0012609619880095124,-0.0014479965902864933,-0.0021208024118095636,0.0008829694706946611,0.001315489411354065,0.018323957920074463,-0.001325369463302195,-0.013303115963935852,-0.005980788264423609,0.13476213812828064,-0.15698838233947754,0.1399800181388855,-0.15533199906349182,0.13494078814983368,0.14764833450317383,0.13540680706501007,0.15057866275310516,0.134965717792511,-0.15710830688476562,0.13928383588790894,-0.15407103300094604,0.13638877868652344,0.1497691422700882,0.13452383875846863,0.1492631733417511,-0.0016772589879110456,-0.013852698728442192,0.019468417391180992,-0.017904143780469894,-0.0474177822470665,0.012228554114699364,-0.049882590770721436,0.04951764643192291,0.3183239698410034,0.29867464303970337,0.2866969108581543,0.2940192222595215,0.0,0.0,1.0,0.0,-0.0,1.0,-0.0,-0.9999998807907104,0.30000001192092896,0.30000001192092896,0.30000001192092896,0.30000001192092896
2.05,0,0.039513733237981796,-0.0223788321018219,-0.004234465770423412,0.2806601822376251,1.0,0.19897204637527466,-0.01159376185387373,0.005104010924696922,1,1,1,1,10.60749626159668,3.739644765853882,3.662017583847046,10.526312828063965,10.60749626159668,3.739644765853882,3.662017583847046,10.526312828063965,0,0,0,0,0,0.9999991655349731,0.07981976866722107,-0.3185071647167206,0.07875605672597885,-0.3175569474697113,0.29264035820961,0.04951051250100136,0.29425424337387085,0.049888674169778824,-0.2672867178916931,0.049762945622205734,-0.2674562931060791,0.04980648308992386,0.0,0.0,0.0,0.0,0.0,0.0,-0.01276294607669115,0.005840630736202002,0.04713616520166397,-0.06368432193994522,-0.0973217561841011,-0.10591510683298111,0.058236103504896164,0.06590195000171661,0.05336470901966095,-0.004474762361496687,-0.0385594442486763,-0.01834847405552864,-0.014011669903993607,0.0049656108021736145,0.0449284128844738,-0.06333000212907791,-0.0955052450299263,-0.10470948368310928,0.05749084800481796,0.06652548164129257,0.05201515182852745,-0.002618210157379508,-0.03567419946193695,-0.01610925979912281,-0.00021017504332121462,9.931221575243399e-05,0.0006739262025803328,-0.0012665999820455909,-0.0014325786614790559,-0.0020941896364092827,0.0008623626781627536,0.0013305095490068197,0.018205303698778152,-0.00091637356672436,-0.012485969811677933,-0.005638240836560726,0.13475553691387177,-0.15700899064540863,0.1399577558040619,-0.1553376317024231,0.13495619595050812,0.14767494797706604,0.13538619875907898,0.15059368312358856,0.134965717792511,-0.15710830688476562,0.13928383588790894,-0.15407103300094604,0.13638877868652344,0.1497691422700882,0.13452383875846863,0.1492631733417511,-0.0016772589879110456,-0.013852698728442192,0.019468417391180992,-0.017904143780469894,-0.0474177822470665,0.012228554114699364,-0.049882590770721436,0.04951764643192291,0.318205326795578,0.2990836501121521,0.2875140309333801,0.29436177015304565,0.0,0.0,1.0,0.0,-0.0,1.0,-0.0,-0.9999998807907104,0.30000001192092896,0.30000001192092896,0.30000001192092896,0.30000001192092896
2.1,0,0.040246013551950455,-0.022448381409049034,-0.00548349367454648,0.2806755006313324,1.0,0.20366515219211578,-0.00732132513076067,0.0054535106755793095,1,1,1,1,10.98652172088623,3.3746964931488037,3.5048625469207764,10.845281600952148,10.98652172088623,3.3746964931488037,3.5048625469207764,10.845281600952148,0,0,0,0,0,0.9999991655349731,0.0797986313700676,-0.31852883100509644,0.07873934507369995,-0.31757408380508423,0.2933281660079956,0.04958782717585564,0.2949959337711334,0.049820687621831894,-0.2665695250034332,0.049825988709926605,-0.2666764557361603,0.049722038209438324,0.0,0.0,0.0,0.0,0.0,0.0,-0.01084508839994669,0.006645978428423405,0.049694038927555084,-0.06391715258359909,-0.10113503038883209,-0.1076381579041481,0.058840975165367126,0.06569868326187134,0.05446270853281021,-0.00531979463994503,-0.04136505350470543,-0.021550150588154793,-0.016977956518530846,0.009794085286557674,0.03166500851511955,-0.057227570563554764,-0.0861520916223526,-0.10517759621143341,0.0563923679292202,0.06254357099533081,0.04029468446969986,0.011307974345982075,-0.026976214721798897,0.0038134607020765543,-0.0002546693431213498,0.00019588170107454062,0.00047497512423433363,-0.0011445514392107725,-0.0012922813184559345,-0.0021035519894212484,0.0008458854863420129,0.0012508713407441974,0.014103139750659466,0.0039577907882630825,-0.009441674686968327,0.0013347112108021975,0.13471104204654694,-0.1569124311208725,0.13975881040096283,-0.15521559119224548,0.1350964903831482,0.1476655900478363,0.13536971807479858,0.15051405131816864,0.134965717792511,-0.15710830688476562,0.13928383588790894,-0.15407103300094604,0.13638877868652344,0.1497691422700882,0.13452383875846863,0.1492631733417511,-0.0016772589879110456,-0.013852698728442192,0.019468417391180992,-0.017904143780469894,-0.0474177822470665,0.012228554114699364,-0.049882590770721436,0.04951764643192291,0.3141031563282013,0.3039577901363373,0.2905583381652832,0.3013347089290619,0.0,0.0,1.0,0.0,-0.0,1.0,-0.0,-0.9999998807907104,0.30000001192092896,0.30000001192092896,0.30000001192092896,0.30000001192092896
2.15,0,0.040983423590660095,-0.022488340735435486,-0.0031094769947230816,0.2806850075721741,1.0,0.1953059583902359,-0.007539114914834499,0.005843580234795809,1,1,1,1,11.299806594848633,3.217759370803833,3.290973663330078,11.198576927185059,11.299806594848633,3.217759370803833,3.290973663330078,11.198576927185059,0,0,0,0,0,0.9999990463256836,0.07977620512247086,-0.3185516595840454,0.07872197777032852,-0.3175918459892273,0.2940291166305542,0.04965627193450928,0.29573962092399597,0.04974215105175972,-0.265834242105484,0.049883246421813965,-0.26589760184288025,0.04963505268096924,0.0,0.0,0.0,0.0,0.0,0.0,-0.014377071522176266,0.004740353673696518,0.04509621113538742,-0.06409531086683273,-0.09505687654018402,-0.1038634181022644,0.056848056614398956,0.06652654707431793,0.05266665294766426,-0.002882344415411353,-0.03522508218884468,-0.016418633982539177,-0.014327321201562881,0.005251121707260609,0.04572683200240135,-0.06418099254369736,-0.09532919526100159,-0.10458314418792725,0.05760277807712555,0.06630776077508926,0.05304339900612831,-0.0037808609195053577,-0.03628763183951378,-0.016827721148729324,-0.00021490981453098357,0.00010502243094379082,0.0006859024870209396,-0.001283619785681367,-0.0014299378963187337,-0.0020916627254337072,0.0008640416781418025,0.001326155150309205,0.018565189093351364,-0.0013233013451099396,-0.012700671330094337,-0.005889702122658491,0.13475081324577332,-0.1570032835006714,0.13996973633766174,-0.15535464882850647,0.13495883345603943,0.147677481174469,0.13538788259029388,0.15058933198451996,0.134965717792511,-0.15710830688476562,0.13928383588790894,-0.15407103300094604,0.13638877868652344,0.1497691422700882,0.13452383875846863,0.1492631733417511,-0.0016772589879110456,-0.013852698728442192,0.019468417391180992,-0.017904143780469894,-0.0474177822470665,0.012228554114699364,-0.049882590770721436,0.04951764643192291,0.3185651898384094,0.2986766993999481,0.28729933500289917,0.2941102981567383,0.0,0.0,1.0,0.0,-0.0,1.0,-0.0,-0.9999998807907104,0.30000001192092896,0.30000001192092896,0.30000001192092896,0.30000001192092896
2.2,0,0.04165179282426834,-0.022325558587908745,-0.003534079995006323,0.2807163596153259,1.0,0.1955813318490982,-0.006847359240055084,0.0061075338162481785,1,1,1,1,11.712522506713867,2.4879283905029297,2.7146756649017334,11.818474769592285,11.712522506713867,2.4879283905029297,2.7146756649017334,11.818474769592285,0,0,0,0,0,0.9999990463256836,0.07976096868515015,-0.3185669481754303,0.07870212942361832,-0.31761178374290466,0.29471176862716675,0.04971469193696976,0.29646071791648865,0.04965393245220184,-0.2650846838951111,0.04992518946528435,-0.26523250341415405,0.04972216859459877,0.0,0.0,0.0,0.0,0.0,0.0,-0.014750155620276928,0.005878093186765909,0.04258546233177185,-0.06401797384023666,-0.09473763406276703,-0.10624359548091888,0.05703407898545265,0.06717371195554733,0.05214417725801468,-0.0004134762566536665,-0.03413686156272888,-0.013247400522232056,-0.01929895021021366,0.004100488033145666,0.03795105591416359,-0.06369691342115402,-0.08698341250419617,-0.10108461230993271,0.0552586130797863,0.0673673003911972,0.050180740654468536,0.0024485141038894653,-0.02773231826722622,-0.007341135758906603,-0.0002894842473324388,8.200975571526214e-05,0.0005692658014595509,-0.0012739382218569517,-0.0013047511456534266,-0.0020216922275722027,0.0008288791868835688,0.0013473459985107183,0.017563259229063988,0.0008569799247197807,-0.00970631092786789,-0.002569397445768118,0.1346762329339981,-0.1570262908935547,0.1398531049489975,-0.15534497797489166,0.13508403301239014,0.1477474570274353,0.1353527158498764,0.1506105214357376,0.134965717792511,-0.15710830688476562,0.13928383588790894,-0.15407103300094604,0.13638877868652344,0.1497691422700882,0.13452383875846863,0.1492631733417511,-0.0016772589879110456,-0.013852698728442192,0.019468417391180992,-0.017904143780469894,-0.0474177822470665,0.012228554114699364,-0.049882590770721436,0.04951764643192291,0.3175632655620575,0.30085697770118713,0.29029369354248047,0.2974306046962738,0.0,0.0,1.0,0.0,-0.0,1.0,-0.0,-0.9999998807907104,0.30000001192092896,0.30000001192092896,0.30000001192092896,0.30000001192092896
2.25,0,0.04231516271829605,-0.022339720278978348,-0.0077548762783408165,0.2807404100894928,1.0,0.20037175714969635,-0.0070778923109173775,0.006085986737161875,1,1,1,1,11.18636417388916,3.0055177211761475,3.2957088947296143,11.283689498901367,11.18636417388916,3.0055177211761475,3.2957088947296143,11.283689498901367,0,0,0,0,0,0.9999991655349731,0.07975926995277405,-0.31856873631477356,0.07870285212993622,-0.31761112809181213,0.29539284110069275,0.04976949840784073,0.297151654958725,0.049730684608221054,-0.26438891887664795,0.0499565415084362,-0.2645723521709442,0.049800943583250046,0.0,0.0,0.0,0.0,0.0,0.0,-0.012311208061873913,0.006826299242675304,0.04545999690890312,-0.0630127489566803,-0.0993233323097229,-0.10847289115190506,0.05811510235071182,0.06691370159387589,0.052424829453229904,-0.00027627291274257004,-0.03762383759021759,-0.01622243970632553,-0.015321445651352406,0.005922683980315924,0.04232531413435936,-0.06405214965343475,-0.09475162625312805,-0.10685229301452637,0.05742549151182175,0.06755409389734268,0.05224263668060303,-7.157195068430156e-05,-0.03404141962528229,-0.01303767692297697,-0.0002298216859344393,0.00011845367407659069,0.000634879688732326,-0.0012810429325327277,-0.001421274384483695,-0.002137045841664076,0.000861382344737649,0.0013510818826034665,0.01828492246568203,-2.5050181648111902e-05,-0.011914496310055256,-0.0045631867833435535,0.13473589718341827,-0.15698985755443573,0.139918714761734,-0.15535207092761993,0.13496750593185425,0.14763209223747253,0.13538521528244019,0.15061426162719727,0.134965717792511,-0.15710830688476562,0.13928383588790894,-0.15407103300094604,0.13638877868652344,0.1497691422700882,0.13452383875846863,0.1492631733417511,-0.0016772589879110456,-0.013852698728442192,0.019468417391180992,-0.017904143780469894,-0.0474177822470665,0.012228554114699364,-0.049882590770721436,0.04951764643192291,0.31828492879867554,0.2999749481678009,0.2880855202674866,0.295436829328537,0.0,0.0,1.0,0.0,-0.0,1.0,-0.0,-0.9999998807907104,0.30000001192092896,0.30000001192092896,0.30000001192092896,0.30000001192092896
2.3,0,0.0429922416806221,-0.02237483486533165,-0.009028766304254532,0.2807583510875702,1.0,0.20474107563495636,-0.007524862885475159,0.0060395412147045135,1,1,1,1,11.250967979431152,2.95676326751709,3.18772029876709,11.338746070861816,11.250967979431152,2.95676326751709,3.18772029876709,11.338746070861816,0,0,0,0,0,0.9999991655349731,0.07975801825523376,-0.3185701370239258,0.07870045304298401,-0.31761348247528076,0.2960796654224396,0.049814485013484955,0.29784712195396423,0.049811605364084244,-0.2636946737766266,0.04998116195201874,-0.2638998031616211,0.04986954480409622,0.0,0.0,0.0,0.0,0.0,0.0,-0.011196843348443508,0.007251915987581015,0.04716325178742409,-0.06358731538057327,-0.10244188457727432,-0.11045796424150467,0.05851161479949951,0.06730079650878906,0.05378919467329979,-0.0005561260040849447,-0.03974199667572975,-0.018759410828351974,-0.012953824363648891,0.006747327744960785,0.04494858533143997,-0.06294156610965729,-0.09991069883108139,-0.11031068861484528,0.05907485634088516,0.06770475953817368,0.05207567289471626,0.00020343549840617925,-0.03772007301449776,-0.015887491405010223,-0.00019430735846981406,0.00013494654558598995,0.000674228766001761,-0.001258831238374114,-0.0014986604219302535,-0.0022062137722969055,0.0008861228125169873,0.0013540951767936349,0.018226485699415207,7.120242662495002e-05,-0.013202025555074215,-0.005560622084885836,0.1347714066505432,-0.15697336196899414,0.13995806872844696,-0.1553298681974411,0.1348901242017746,0.1475629210472107,0.13540996611118317,0.15061727166175842,0.134965717792511,-0.15710830688476562,0.13928383588790894,-0.15407103300094604,0.13638877868652344,0.1497691422700882,0.13452383875846863,0.1492631733417511,-0.0016772589879110456,-0.013852698728442192,0.019468417391180992,-0.017904143780469894,-0.0474177822470665,0.012228554114699364,-0.049882590770721436,0.04951764643192291,0.31822648644447327,0.30007120966911316,0.28679800033569336,0.2944393754005432,0.0,0.0,1.0,0.0,-0.0,1.0,-0.0,-0.9999998807907104,0.30000001192092896,0.30000001192092896,0.30000001192092896,0.30000001192092896
2.35,0,0.04369589313864708,-0.02239503525197506,-0.006922942586243153,0.2807620167732239,1.0,0.20559750497341156,-0.008125890046358109,0.0059417677111923695,1,1,1,1,11.002793312072754,3.2002501487731934,3.4565467834472656,11.08934211730957,11.002793312072754,3.2002501487731934,3.4565467834472656,11.08934211730957,0,0,0,0,0,0.9999991655349731,0.07976046204566956,-0.31856775283813477,0.07870329171419144,-0.31761062145233154,0.29677972197532654,0.049849484115839005,0.29855212569236755,0.04988297447562218,-0.2629861533641815,0.04999522864818573,-0.26321303844451904,0.04992988333106041,0.0,0.0,0.0,0.0,0.0,0.0,-0.010842837393283844,0.0069635892286896706,0.047758836299180984,-0.06382005661725998,-0.10329598188400269,-0.11041717976331711,0.05814502760767937,0.0675472691655159,0.054270047694444656,-0.0006365615408867598,-0.04007621482014656,-0.01982746832072735,-0.011839255690574646,0.007008594460785389,0.04649306833744049,-0.06383432447910309,-0.10147658735513687,-0.11036056280136108,0.05851301550865173,0.06756403297185898,0.05370331183075905,-0.0006697417120449245,-0.03906625881791115,-0.017831483855843544,-0.00017758883768692613,0.0001401718909619376,0.0006973959971219301,-0.0012766864383593202,-0.0015221487265080214,-0.0022072112187743187,0.0008776952163316309,0.001351280603557825,0.018796158954501152,-0.00023440959921572357,-0.013673190027475357,-0.00624101934954524,0.1347881257534027,-0.1569681316614151,0.1399812251329422,-0.15534771978855133,0.1348666250705719,0.1475619375705719,0.13540153205394745,0.15061445534229279,0.134965717792511,-0.15710830688476562,0.13928383588790894,-0.15407103300094604,0.13638877868652344,0.1497691422700882,0.13452383875846863,0.1492631733417511,-0.0016772589879110456,-0.013852698728442192,0.019468417391180992,-0.017904143780469894,-0.0474177822470665,0.012228554114699364,-0.049882590770721436,0.04951764643192291,0.31879615783691406,0.29976561665534973,0.2863268256187439,0.29375898838043213,0.0,0.0,1.0,0.0,-0.0,1.0,-0.0,-0.9999998807907104,0.30000001192092896,0.30000001192092896,0.30000001192092896,0.30000001192092896
2.4,0,0.04440655559301376,-0.022441858425736427,-0.009801114909350872,0.28076592087745667,1.0,0.2081090360879898,-0.007477529812604189,0.005842076614499092,1,1,1,1,11.320016860961914,2.9483938217163086,3.1389365196228027,11.332452774047852,11.320016860961914,2.9483938217163086,3.1389365196228027,11.332452774047852,0,0,0,0,0,0.9999991655349731,0.07976286113262177,-0.31856536865234375,0.07870594412088394,-0.3176078796386719,0.29748621582984924,0.04987550526857376,0.2992618680000305,0.04994407296180725,-0.2622780501842499,0.04999987781047821,-0.2625197768211365,0.04998026043176651,0.0,0.0,0.0,0.0,0.0,0.0,-0.009984851814806461,0.007547088898718357,0.049312494695186615,-0.0644143596291542,-0.10489507764577866,-0.11106908321380615,0.058266520500183105,0.06731806695461273,0.055626410990953445,-0.0014703987399116158,-0.04179919511079788,-0.021496951580047607,-0.011588706634938717,0.006651036906987429,0.046995386481285095,-0.06428174674510956,-0.10159432888031006,-0.1094379797577858,0.05762208625674248,0.06755074858665466,0.05442317947745323,-0.0008954331860877573,-0.03898821398615837,-0.018699919804930687,-0.0001738306018523872,0.00013302073057275265,0.0007049308042041957,-0.0012856349349021912,-0.0015239148633554578,-0.002188759623095393,0.000864331261254847,0.001351014943793416,0.019048113375902176,-0.00031340160057879984,-0.013645874336361885,-0.006544971838593483,0.13479188084602356,-0.15697528421878815,0.1399887651205063,-0.15535667538642883,0.13486486673355103,0.14758038520812988,0.13538816571235657,0.1506141871213913,0.134965717792511,-0.15710830688476562,0.13928383588790894,-0.15407103300094604,0.13638877868652344,0.1497691422700882,0.13452383875846863,0.1492631733417511,-0.0016772589879110456,-0.013852698728442192,0.019468417391180992,-0.017904143780469894,-0.0474177822470665,0.012228554114699364,-0.049882590770721436,0.04951764643192291,0.319048136472702,0.29968661069869995,0.286354124546051,0.2934550344944,0.0,0.0,1.0,0.0,-0.0,1.0,-0.0,-0.9999998807907104,0.30000001192092896,0.30000001192092896,0.30000001192092896,0.30000001192092896
2.45,0,0.045115143060684204,-0.022485675290226936,-0.011038004420697689,0.28077149391174316,1.0,0.20366308093070984,-0.007662915624678135,0.005770071409642696,1,1,1,1,11.347330093383789,2.98720383644104,3.124906063079834,11.323801040649414,11.347330093383789,2.98720383644104,3.124906063079834,11.323801040649414,0,0,0,0,0,0.9999991655349731,0.07976322621107101,-0.3185650706291199,0.07870849967002869,-0.3176053762435913,0.29818055033683777,0.049889322370290756,0.29997149109840393,0.04999568313360214,-0.2615622580051422,0.049995504319667816,-0.2618231177330017,0.050021786242723465,0.0,0.0,0.0,0.0,0.0,0.0,-0.011792207136750221,0.006318653468042612,0.047236744314432144,-0.0650031641125679,-0.1011386588215828,-0.1091240867972374,0.05726536363363266,0.06756344437599182,0.05495993047952652,-0.0017158398404717445,-0.03884389251470566,-0.01814737170934677,-0.00990509893745184,0.007466535083949566,0.04953213036060333,-0.06439202278852463,-0.10515301674604416,-0.11120809614658356,0.05844125896692276,0.067389115691185,0.05556593835353851,-0.0015556294238194823,-0.04197735711932182,-0.021694615483283997,-0.00014857648056931794,0.00014933069178368896,0.0007429819670505822,-0.0012878404231742024,-0.0015772952465340495,-0.0022241619881242514,0.0008766188402660191,0.0013477823231369257,0.01944807730615139,-0.0005444702692329884,-0.014692074619233608,-0.007593115326017141,0.13481713831424713,-0.15695898234844208,0.14002682268619537,-0.15535888075828552,0.13481149077415466,0.1475449800491333,0.1354004591703415,0.15061095356941223,0.134965717792511,-0.15710830688476562,0.13928383588790894,-0.15407103300094604,0.13638877868652344,0.1497691422700882,0.13452383875846863,0.1492631733417511,-0.0016772589879110456,-0.013852698728442192,0.019468417391180992,-0.017904143780469894,-0.0474177822470665,0.012228554114699364,-0.049882590770721436,0.04951764643192291,0.3194480836391449,0.29945555329322815,0.28530794382095337,0.2924068868160248,0.0,0.0,1.0,0.0,-0.0,1.0,-0.0,-0.9999998807907104,0.30000001192092896,0.30000001192092896,0.30000001192092896,0.30000001192092896
2.5,0,0.045830585062503815,-0.022519120946526527,-0.011756778694689274,0.28077253699302673,1.0,0.21110045909881592,-0.00640469416975975,0.005618964321911335,1,1,1,1,11.740372657775879,2.5957322120666504,3.199207067489624,11.23452377319336,11.740372657775879,2.5957322120666504,3.199207067489624,11.23452377319336,0,0,0,0,0,0.9999992251396179,0.07976905256509781,-0.31855911016464233,0.07871125638484955,-0.3176024258136749,0.2988821864128113,0.04990629106760025,0.30068451166152954,0.050036147236824036,-0.26085010170936584,0.04997987672686577,-0.26111429929733276,0.05005339905619621,0.0,0.0,0.0,0.0,0.0,0.0,-0.008502950891852379,0.007595274597406387,0.05103392153978348,-0.06498986482620239,-0.10752426832914352,-0.11162292212247849,0.057672228664159775,0.0675346776843071,0.05692074075341225,-0.0015780305257067084,-0.043271783739328384,-0.024128826335072517,-0.00875514093786478,0.00785214826464653,0.05097727105021477,-0.06517210602760315,-0.1064818874001503,-0.11136949807405472,0.05812441557645798,0.06705141812562943,0.05700903385877609,-0.0028319028206169605,-0.043500661849975586,-0.023647097870707512,-0.00013132710591889918,0.0001570429594721645,0.0007646590238437057,-0.0013034420553594828,-0.0015972282271832228,-0.0022273899521678686,0.0008718662429600954,0.0013410283718258142,0.019953161478042603,-0.0009911659872159362,-0.015225231647491455,-0.008276483975350857,0.1348343938589096,-0.15695126354694366,0.14004848897457123,-0.15537448227405548,0.1347915530204773,0.14754174649715424,0.13539570569992065,0.15060420334339142,0.134965717792511,-0.15710830688476562,0.13928383588790894,-0.15407103300094604,0.13638877868652344,0.1497691422700882,0.13452383875846863,0.1492631733417511,-0.0016772589879110456,-0.013852698728442192,0.019468417391180992,-0.017904143780469894,-0.0474177822470665,0.012228554114699364,-0.049882590770721436,0.04951764643192291,0.31995317339897156,0.299008846282959,0.2847747802734375,0.2917235195636749,0.0,0.0,1.0,0.0,-0.0,1.0,-0.0,-0.9999998807907104,0.30000001192092896,0.30000001192092896,0.30000001192092896,0.30000001192092896
2.55,0,0.046539872884750366,-0.022596290335059166,-0.011783620342612267,0.2807784080505371,1.0,0.20489878952503204,-0.006899876520037651,0.005507280118763447,1,1,1,1,11.952408790588379,2.4279673099517822,3.028027296066284,11.37558650970459,11.952408790588379,2.4279673099517822,3.028027296066284,11.37558650970459,0,0,0,0,0,0.9999992251396179,0.07977219671010971,-0.31855568289756775,0.07871346920728683,-0.317600280046463,0.2995782792568207,0.04994373396039009,0.30139368772506714,0.050066784024238586,-0.26014062762260437,0.04995395988225937,-0.26040637493133545,0.050074439495801926,0.0,0.0,0.0,0.0,0.0,0.0,-0.010343626141548157,0.007510416675359011,0.04780871421098709,-0.06472915410995483,-0.1027812734246254,-0.10968593508005142,0.05701286718249321,0.06684061884880066,0.05510374903678894,-0.0008682604529894888,-0.04023429751396179,-0.01937711238861084,-0.008807924576103687,0.007309346459805965,0.05078710615634918,-0.06524601578712463,-0.10683092474937439,-0.11197546124458313,0.05828424543142319,0.0675586462020874,0.05653370916843414,-0.0026557305827736855,-0.043281592428684235,-0.02330651879310608,-0.0001321188610745594,0.00014618692512158304,0.0007618065574206412,-0.0013049202971160412,-0.0016024638898670673,-0.00223950925283134,0.0008742636418901384,0.0013511729193851352,0.01978679746389389,-0.0009295056806877255,-0.015148556791245937,-0.008157281205058098,0.13483360409736633,-0.15696212649345398,0.1400456428527832,-0.15537595748901367,0.13478630781173706,0.14752963185310364,0.13539810478687286,0.15061435103416443,0.134965717792511,-0.15710830688476562,0.13928383588790894,-0.15407103300094604,0.13638877868652344,0.1497691422700882,0.13452383875846863,0.1492631733417511,-0.0016772589879110456,-0.013852698728442192,0.019468417391180992,-0.017904143780469894,-0.0474177822470665,0.012228554114699364,-0.049882590770721436,0.04951764643192291,0.31978681683540344,0.2990705072879791,0.28485146164894104,0.2918427288532257,0.0,0.0,1.0,0.0,-0.0,1.0,-0.0,-0.9999998807907104,0.30000001192092896,0.30000001192092896,0.30000001192092896,0.30000001192092896
2.6,0,0.047249533236026764,-0.022684983909130096,-0.011660879477858543,0.2807661294937134,1.0,0.2119460105895996,-0.007195179350674152,0.005425655283033848,1,1,1,1,12.060723304748535,2.383165121078491,2.8825860023498535,11.52836799621582,12.060723304748535,2.383165121078491,2.8825860023498535,11.52836799621582,0,0,0,0,0,0.9999992847442627,0.07977202534675598,-0.3185557425022125,0.0787164717912674,-0.31759724020957947,0.3002663850784302,0.04997292160987854,0.3020825684070587,0.05008834972977638,-0.2594209611415863,0.04991840943694115,-0.25969329476356506,0.050086233764886856,0.0,0.0,0.0,0.0,0.0,0.0,-0.0086144357919693,0.007356759626418352,0.051983147859573364,-0.06561087816953659,-0.10691499710083008,-0.11198411136865616,0.05902687460184097,0.067301906645298,0.05701643228530884,-0.00445227837190032,-0.044264908879995346,-0.023889129981398582,-0.006514975801110268,0.008629542775452137,0.05404449999332428,-0.0656646192073822,-0.11077503859996796,-0.1130686104297638,0.0583704449236393,0.0669122040271759,0.05872740224003792,-0.003706523682922125,-0.046822164207696915,-0.027597321197390556,-9.772463818080723e-05,0.00017259085143450648,0.0008106674649752676,-0.0013132923049852252,-0.0016616255743429065,-0.002261372050270438,0.0008755566668696702,0.0013382440665736794,0.020554590970277786,-0.0012972832191735506,-0.016387756913900375,-0.009659062139689922,0.13486799597740173,-0.15693572163581848,0.14009450376033783,-0.15538433194160461,0.13472715020179749,0.14750777184963226,0.13539940118789673,0.15060141682624817,0.134965717792511,-0.15710830688476562,0.13928383588790894,-0.15407103300094604,0.13638877868652344,0.1497691422700882,0.13452383875846863,0.1492631733417511,-0.0016772589879110456,-0.013852698728442192,0.019468417391180992,-0.017904143780469894,-0.0474177822470665,0.012228554114699364,-0.049882590770721436,0.04951764643192291,0.32055461406707764,0.2987027168273926,0.2836122512817383,0.29034096002578735,0.0,0.0,1.0,0.0,-0.0,1.0,-0.0,-0.9999998807907104,0.30000001192092896,0.30000001192092896,0.30000001192092896,0.30000001192092896
2.65,0,0.047999292612075806,-0.022741489112377167,-0.008453897200524807,0.2807416617870331,1.0,0.22103005647659302,-0.007988952100276947,0.0053465841338038445,1,1,1,1,11.649450302124023,2.7268643379211426,3.1950790882110596,11.209938049316406,11.649450302124023,2.7268643379211426,3.1950790882110596,11.209938049316406,0,0,0,0,0,0.9999992251396179,0.07976830005645752,-0.31855902075767517,0.07871594280004501,-0.31759774684906006,0.3010193109512329,0.04998742789030075,0.3027985095977783,0.05009940266609192,-0.2586974501609802,0.04990752413868904,-0.25896501541137695,0.05008799582719803,0.0,0.0,0.0,0.0,0.0,0.0,-0.003494778648018837,0.009915819391608238,0.056288547813892365,-0.06565552204847336,-0.1152358278632164,-0.1146356463432312,0.058485157787799835,0.06643009930849075,0.059477705508470535,-0.004202220123261213,-0.04950053617358208,-0.031702399253845215,-0.007925186306238174,0.007976877503097057,0.05184619873762131,-0.06606735289096832,-0.10821308195590973,-0.11245440691709518,0.0580383837223053,0.06747433543205261,0.058075934648513794,-0.0033700396306812763,-0.04436039552092552,-0.0248823594301939,-0.00011887778964592144,0.00015953755064401776,0.0007776929414831102,-0.0013213470811024308,-0.0016231961781159043,-0.0022490881383419037,0.0008705757209099829,0.001349486643448472,0.020326577126979828,-0.0011795138707384467,-0.015526138246059418,-0.008708825334906578,0.13484683632850647,-0.1569487750530243,0.14006152749061584,-0.1553923785686493,0.13476558029651642,0.147520050406456,0.1353944092988968,0.15061266720294952,0.134965717792511,-0.15710830688476562,0.13928383588790894,-0.15407103300094604,0.13638877868652344,0.1497691422700882,0.13452383875846863,0.1492631733417511,-0.0016772589879110456,-0.013852698728442192,0.019468417391180992,-0.017904143780469894,-0.0474177822470665,0.012228554114699364,-0.049882590770721436,0.04951764643192291,0.3203265964984894,0.29882049560546875,0.28447386622428894,0.29129117727279663,0.0,0.0,1.0,0.0,-0.0,1.0,-0.0,-0.9999998807907104,0.30000001192092896,0.30000001192092896,0.30000001192092896,0.30000001192092896
2.7,0,0.04875466227531433,-0.022787516936659813,-0.011920780874788761,0.2807266414165497,1.0,0.21166583895683289,-0.008339554071426392,0.0052985530346632,1,1,1,1,11.695828437805176,2.8508434295654297,3.2847182750701904,11.027170181274414,11.695828437805176,2.8508434295654297,3.2847182750701904,11.027170181274414,0,0,0,0,0,0.9999992251396179,0.0797644704580307,-0.31856268644332886,0.07871868461370468,-0.3175950348377228,0.3017743229866028,0.04999125748872757,0.30353033542633057,0.05009983107447624,-0.257966548204422,0.04989825189113617,-0.2582278251647949,0.050079941749572754,0.0,0.0,0.0,0.0,0.0,0.0,-0.008015727624297142,0.008210206404328346,0.052199430763721466,-0.06627961993217468,-0.10742420703172684,-0.1108679249882698,0.05692552775144577,0.06679117679595947,0.05868205428123474,-0.0031700378749519587,-0.04412970319390297,-0.024873683229088783,-0.008512379601597786,0.008110013790428638,0.049741461873054504,-0.063805490732193,-0.10664655268192291,-0.11103221774101257,0.05774378031492233,0.06659688800573349,0.054324232041835785,0.0002385053812758997,-0.04185354337096214,-0.02175583690404892,-0.00012768569285981357,0.00016220027464441955,0.0007461219211108983,-0.0012761098332703114,-0.0015996982110664248,-0.0022206443827599287,0.0008661567117087543,0.0013319377321749926,0.019013481214642525,8.347687980858609e-05,-0.01464874017983675,-0.007614542730152607,0.1348380297422409,-0.1569461077451706,0.14002995193004608,-0.15534713864326477,0.13478907942771912,0.14754849672317505,0.1353899985551834,0.15059511363506317,0.134965717792511,-0.15710830688476562,0.13928383588790894,-0.15407103300094604,0.13638877868652344,0.1497691422700882,0.13452383875846863,0.1492631733417511,-0.0016772589879110456,-0.013852698728442192,0.019468417391180992,-0.017904143780469894,-0.0474177822470665,0.012228554114699364,-0.049882590770721436,0.04951764643192291,0.3190135061740875,0.3000834882259369,0.2853512763977051,0.292385458946228,0.0,0.0,1.0,0.0,-0.0,1.0,-0.0,-0.9999998807907104,0.30000001192092896,0.30000001192092896,0.30000001192092896,0.30000001192092896
2.75,0,0.049504417926073074,-0.022832801565527916,-0.00938418135046959,0.28068992495536804,1.0,0.21275457739830017,-0.008421022444963455,0.00524007435888052,1,1,1,1,11.704560279846191,2.714553117752075,3.0820019245147705,11.235821723937988,11.704560279846191,2.714553117752075,3.0820019245147705,11.235821723937988,0,0,0,0,0,0.9999991655349731,0.07975827902555466,-0.31856831908226013,0.07871895283460617,-0.31759464740753174,0.30254101753234863,0.04998649284243584,0.30423569679260254,0.05008994787931442,-0.25723689794540405,0.04987666755914688,-0.2574862539768219,0.050058986991643906,0.0,0.0,0.0,0.0,0.0,0.0,-0.0071335239335894585,0.008818795904517174,0.05195993185043335,-0.06488938629627228,-0.10940863192081451,-0.1123819649219513,0.057897113263607025,0.06672613322734833,0.05672470107674599,-0.0013035689480602741,-0.04442065581679344,-0.025067780166864395,-0.006730125285685062,0.008323444053530693,0.05447310209274292,-0.06572126597166061,-0.10962668061256409,-0.11151576042175293,0.058275654911994934,0.06634588539600372,0.05839015170931816,-0.0046929726377129555,-0.04635975882411003,-0.027357567101716995,-0.00010095187462866306,0.00016646887524984777,0.0008170965011231601,-0.001314425258897245,-0.001644400181248784,-0.002230315236374736,0.0008741348283365369,0.0013269176706671715,0.02043655328452587,-0.0016425404464825988,-0.016225915402173996,-0.009575148113071918,0.13486476242542267,-0.15694183111190796,0.14010092616081238,-0.15538546442985535,0.13474437594413757,0.14753882586956024,0.13539797067642212,0.15059009194374084,0.134965717792511,-0.15710830688476562,0.13928383588790894,-0.15407103300094604,0.13638877868652344,0.1497691422700882,0.13452383875846863,0.1492631733417511,-0.0016772589879110456,-0.013852698728442192,0.019468417391180992,-0.017904143780469894,-0.0474177822470665,0.012228554114699364,-0.049882590770721436,0.04951764643192291,0.3204365670681,0.29835745692253113,0.28377410769462585,0.2904248535633087,0.0,0.0,1.0,0.0,-0.0,1.0,-0.0,-0.9999998807907104,0.30000001192092896,0.30000001192092896,0.30000001192092896,0.30000001192092896
2.8,0,0.05024256557226181,-0.02286462113261223,-0.00813802145421505,0.2806854248046875,1.0,0.21846653521060944,-0.00667930394411087,0.005202209576964378,1,1,1,1,12.063323020935059,2.5235109329223633,2.8046414852142334,11.457574844360352,12.063323020935059,2.5235109329223633,2.8046414852142334,11.457574844360352,0,0,0,0,0,0.9999992251396179,0.07975585013628006,-0.31857046484947205,0.07871825248003006,-0.31759533286094666,0.303304523229599,0.04996410384774208,0.3049674928188324,0.05006949231028557,-0.2565113306045532,0.04984569549560547,-0.25674644112586975,0.05002918466925621,0.0,0.0,0.0,0.0,0.0,0.0,-0.005350038409233093,0.00882068369537592,0.05554966628551483,-0.06600598245859146,-0.1130441427230835,-0.11341599375009537,0.058215901255607605,0.06690200418233871,0.059285927563905716,-0.0038033113814890385,-0.047733210027217865,-0.029389875009655952,-0.003585612401366234,0.010061141103506088,0.056972019374370575,-0.06642880290746689,-0.11643852293491364,-0.1158992126584053,0.058812215924263,0.06694462895393372,0.06051773577928543,-0.004534704610705376,-0.050269629806280136,-0.032479073852300644,-5.378418427426368e-05,0.00020122282148804516,0.0008545802556909621,-0.0013285760069265962,-0.001746577792800963,-0.0023179841227829456,0.000882183201611042,0.0013388924999162555,0.02118120715022087,-0.0015871465438976884,-0.017594370990991592,-0.011367675848305225,0.1349119395017624,-0.1569070816040039,0.1401384174823761,-0.1553996056318283,0.13464219868183136,0.14745116233825684,0.1354060173034668,0.1506020724773407,0.134965717792511,-0.15710830688476562,0.13928383588790894,-0.15407103300094604,0.13638877868652344,0.1497691422700882,0.13452383875846863,0.1492631733417511,-0.0016772589879110456,-0.013852698728442192,0.019468417391180992,-0.017904143780469894,-0.0474177822470665,0.012228554114699364,-0.049882590770721436,0.04951764643192291,0.32118120789527893,0.29841285943984985,0.28240564465522766,0.288632333278656,0.0,0.0,1.0,0.0,-0.0,1.0,-0.0,-0.9999998807907104,0.30000001192092896,0.30000001192092896,0.30000001192092896,0.30000001192092896
2.85,0,0.05102818086743355,-0.022914990782737732,-0.009748958982527256,0.2806437015533447,1.0,0.19849534332752228,-0.010243114084005356,0.005144048482179642,1,1,1,1,11.664407730102539,2.7963380813598633,2.9749808311462402,11.175761222839355,11.664407730102539,2.7963380813598633,2.9749808311462402,11.175761222839355,0,0,0,0,0,0.9999991655349731,0.07974904775619507,-0.31857672333717346,0.07871807366609573,-0.3175951838493347,0.3040965795516968,0.049933433532714844,0.3056977093219757,0.05003548413515091,-0.25575605034828186,0.04980296641588211,-0.25602293014526367,0.049982909113168716,0.0,0.0,0.0,0.0,0.0,0.0,-0.009201831184327602,0.014745551161468029,0.04105166345834732,-0.05579054355621338,-0.10200740396976471,-0.11469155550003052,0.0598871186375618,0.06047673150897026,0.04172869399189949,0.011345947161316872,-0.03974076360464096,-0.006896648555994034,-0.003215805161744356,0.009253156371414661,0.056934915482997894,-0.06652303785085678,-0.11693983525037766,-0.1157006099820137,0.05793502554297447,0.06736920028924942,0.06051125377416611,-0.0039770700968801975,-0.049579836428165436,-0.031955476850271225,-4.82370778627228e-05,0.00018506312335375696,0.0008540237322449684,-0.0013304607709869742,-0.001754097524099052,-0.0023140120320022106,0.0008690253598615527,0.001347383949905634,0.021178938448429108,-0.0013919745106250048,-0.017352942377328873,-0.011184416711330414,0.1349174827337265,-0.15692324936389923,0.14013786613941193,-0.15540149807929993,0.13463468849658966,0.1474551260471344,0.13539285957813263,0.15061055123806,0.134965717792511,-0.15710830688476562,0.13928383588790894,-0.15407103300094604,0.13638877868652344,0.1497691422700882,0.13452383875846863,0.1492631733417511,-0.0016772589879110456,-0.013852698728442192,0.019468417391180992,-0.017904143780469894,-0.0474177822470665,0.012228554114699364,-0.049882590770721436,0.04951764643192291,0.32117894291877747,0.29860803484916687,0.2826470732688904,0.28881558775901794,0.0,0.0,1.0,0.0,-0.0,1.0,-0.0,-0.9999998807907104,0.30000001192092896,0.30000001192092896,0.30000001192092896,0.30000001192092896
2.9,0,0.05178140848875046,-0.022939950227737427,-0.014794377610087395,0.2806233763694763,1.0,0.23029087483882904,-0.008487487211823463,0.005109848454594612,1,1,1,1,11.744762420654297,2.8401355743408203,3.0958149433135986,11.089234352111816,11.744762420654297,2.8401355743408203,3.0958149433135986,11.089234352111816,0,0,0,0,0,0.9999991655349731,0.07974598556756973,-0.31857946515083313,0.07871775329113007,-0.31759560108184814,0.3048757314682007,0.049887824803590775,0.30642879009246826,0.04999060183763504,-0.255014568567276,0.04974878951907158,-0.2552579343318939,0.049927499145269394,0.0,0.0,0.0,0.0,0.0,0.0,-0.007368492893874645,0.002527279779314995,0.0638713389635086,-0.07122937589883804,-0.11533200740814209,-0.1117113009095192,0.06022438034415245,0.07173068821430206,0.06781182438135147,-0.01569845713675022,-0.051447395235300064,-0.04213259741663933,-0.007049612235277891,0.008340517990291119,0.05297810956835747,-0.06712634116411209,-0.10881907492876053,-0.11271120607852936,0.05795706808567047,0.06711442768573761,0.05913626402616501,-0.005799313075840473,-0.046074118465185165,-0.026840940117836,-0.00010574418411124498,0.00016681035049259663,0.0007946716505102813,-0.0013425267534330487,-0.001632286119274795,-0.0022542241495102644,0.0008693559793755412,0.0013422885676845908,0.020697692409157753,-0.0020297595765441656,-0.016125941649079323,-0.0093943290412426,0.13485997915267944,-0.1569415032863617,0.14007851481437683,-0.15541355311870575,0.13475649058818817,0.1475149244070053,0.1353931874036789,0.1506054550409317,0.134965717792511,-0.15710830688476562,0.13928383588790894,-0.15407103300094604,0.13638877868652344,0.1497691422700882,0.13452383875846863,0.1492631733417511,-0.0016772589879110456,-0.013852698728442192,0.019468417391180992,-0.017904143780469894,-0.0474177822470665,0.012228554114699364,-0.049882590770721436,0.04951764643192291,0.32069769501686096,0.2979702651500702,0.2838740646839142,0.29060569405555725,0.0,0.0,1.0,0.0,-0.0,1.0,-0.0,-0.9999998807907104,0.30000001192092896,0.30000001192092896,0.30000001192092896,0.30000001192092896
2.95,0,0.05253850668668747,-0.022973932325839996,-0.0019023485947400331,0.2806013524532318,1.0,0.20945100486278534,-0.008216467685997486,0.00506183598190546,1,1,1,1,11.583028793334961,3.1124088764190674,3.2889912128448486,10.872726440429688,11.583028793334961,3.1124088764190674,3.2889912128448486,10.872726440429688,0,0,0,0,0,0.9999991655349731,0.079741932451725,-0.3185829818248749,0.07871551066637039,-0.317597895860672,0.30566883087158203,0.04982804134488106,0.3071609139442444,0.049935292452573776,-0.2542780339717865,0.04968220368027687,-0.2544978857040405,0.04986005276441574,0.0,0.0,0.0,0.0,0.0,0.0,-0.009960606694221497,0.006481166463345289,0.05069694668054581,-0.06799770891666412,-0.10362474620342255,-0.10982073098421097,0.0566863939166069,0.06790400296449661,0.059488631784915924,-0.005068811122328043,-0.042564939707517624,-0.023136405274271965,-0.005503069143742323,0.008961258456110954,0.05568377673625946,-0.06710200756788254,-0.11491911113262177,-0.11610343307256699,0.05881015211343765,0.06843291968107224,0.061109866946935654,-0.0033351085148751736,-0.048269227147102356,-0.030212104320526123,-8.254603744717315e-05,0.00017922517145052552,0.0008352566510438919,-0.0013420401373878121,-0.0017237865831702948,-0.0023220686707645655,0.0008821522351354361,0.001368658384308219,0.021388452500104904,-0.001167287933640182,-0.016894228756427765,-0.010574236512184143,0.13488316535949707,-0.15692907571792603,0.14011909067630768,-0.15541307628154755,0.13466499745845795,0.14744707942008972,0.1354059875011444,0.1506318300962448,0.134965717792511,-0.15710830688476562,0.13928383588790894,-0.15407103300094604,0.13638877868652344,0.1497691422700882,0.13452383875846863,0.1492631733417511,-0.0016772589879110456,-0.013852698728442192,0.019468417391180992,-0.017904143780469894,-0.0474177822470665,0.012228554114699364,-0.049882590770721436,0.04951764643192291,0.32138845324516296,0.2988327145576477,0.2831057906150818,0.289425790309906,0.0,0.0,1.0,0.0,-0.0,1.0,-0.0,-0.9999998807907104,0.30000001192092896,0.30000001192092896,0.30000001192092896,0.30000001192092896
3.0,0,0.053337983787059784,-0.022979464381933212,-0.013698472641408443,0.28055283427238464,1.0,0.22177407145500183,-0.007362948264926672,0.0050410497933626175,1,1,1,1,11.68797779083252,3.141216993331909,3.311195135116577,10.766207695007324,11.68797779083252,3.141216993331909,3.311195135116577,10.766207695007324,0,0,0,0,0,0.9999991655349731,0.07973607629537582,-0.3185884952545166,0.07872390002012253,-0.31758952140808105,0.3064804971218109,0.049756672233343124,0.3079051971435547,0.04986567050218582,-0.25348642468452454,0.04960829019546509,-0.2537086308002472,0.04977782443165779,0.0,0.0,0.0,0.0,0.0,0.0,-0.004420846700668335,0.008784884586930275,0.058806754648685455,-0.06639031320810318,-0.11655230820178986,-0.11265063285827637,0.058249302208423615,0.06601635366678238,0.06024203076958656,-0.005832767114043236,-0.049217164516448975,-0.03331533446907997,-0.012018254958093166,0.004758570808917284,0.04818911850452423,-0.06640968471765518,-0.09867403656244278,-0.10400094091892242,0.053986284881830215,0.06713630259037018,0.05652962625026703,-0.001979408785700798,-0.03738168999552727,-0.019876115024089813,-0.00018027382611762732,9.51714173424989e-05,0.0007228367612697184,-0.0013281936990097165,-0.001480110571719706,-0.0020800188649445772,0.0008097942336462438,0.0013427260564640164,0.01978536881506443,-0.000692793051712215,-0.013083591125905514,-0.006956640165299177,0.13478544354438782,-0.15701313316822052,0.1400066763162613,-0.15539923310279846,0.13490866124629974,0.1476891189813614,0.13533362746238708,0.15060590207576752,0.134965717792511,-0.15710830688476562,0.13928383588790894,-0.15407103300094604,0.13638877868652344,0.1497691422700882,0.13452383875846863,0.1492631733417511,-0.0016772589879110456,-0.013852698728442192,0.019468417391180992,-0.017904143780469894,-0.0474177822470665,0.012228554114699364,-0.049882590770721436,0.04951764643192291,0.31978538632392883,0.2993072271347046,0.28691643476486206,0.2930433750152588,0.0,0.0,1.0,0.0,-0.0,1.0,-0.0,-0.9999998807907104,0.30000001192092896,0.30000001192092896,0.30000001192092896,0.30000001192092896
3.05,0,0.054138701409101486,-0.02301853708922863,-0.009140104055404663,0.2805227041244507,1.0,0.19632278382778168,-0.006522614508867264,0.004976451396942139,1,1,1,1,11.648345947265625,2.9214963912963867,2.977130174636841,10.995997428894043,11.648345947265625,2.9214963912963867,2.977130174636841,10.995997428894043,0,0,0,0,0,0.9999991655349731,0.07973295450210571,-0.31859123706817627,0.07872909307479858,-0.31758421659469604,0.30729833245277405,0.049669794738292694,0.30866867303848267,0.04978496581315994,-0.2527076303958893,0.049515847116708755,-0.25291454792022705,0.049680229276418686,0.0,0.0,0.0,0.0,0.0,0.0,-0.014532678760588169,0.006435598712414503,0.047241464257240295,-0.06605874001979828,-0.0964079201221466,-0.10224071145057678,0.054011739790439606,0.06511484086513519,0.05555591359734535,3.053919135709293e-05,-0.03684726729989052,-0.01858670450747013,-0.010188243351876736,0.007197054568678141,0.04950052499771118,-0.06693378835916519,-0.10559919476509094,-0.11123963445425034,0.056825894862413406,0.06838338822126389,0.0575827918946743,-0.000514922896400094,-0.04077225178480148,-0.021264370530843735,-0.00015282364620361477,0.0001439410843886435,0.000742507865652442,-0.0013386757345870137,-0.0015839878469705582,-0.0022247927263379097,0.0008523883880116045,0.0013676676899194717,0.02015397697687149,-0.00018022301082964987,-0.014270287938416004,-0.007442529778927565,0.13481289148330688,-0.15696436166763306,0.14002634584903717,-0.15540970861911774,0.13480478525161743,0.14754435420036316,0.1353762298822403,0.15063084661960602,0.134965717792511,-0.15710830688476562,0.13928383588790894,-0.15407103300094604,0.13638877868652344,0.1497691422700882,0.13452383875846863,0.1492631733417511,-0.0016772589879110456,-0.013852698728442192,0.019468417391180992,-0.017904143780469894,-0.0474177822470665,0.012228554114699364,-0.049882590770721436,0.04951764643192291,0.32015398144721985,0.29981979727745056,0.2857297360897064,0.2925574779510498,0.0,0.0,1.0,0.0,-0.0,1.0,-0.0,-0.9999998807907104,0.30000001192092896,0.30000001192092896,0.30000001192092896,0.30000001192092896
3.1,0,0.05495225638151169,-0.023054318502545357,-0.012328045442700386,0.28048861026763916,1.0,0.22888927161693573,-0.006890526972711086,0.0049009970389306545,1,1,1,1,11.692667007446289,3.105409860610962,3.329237699508667,10.743685722351074,11.692667007446289,3.105409860610962,3.329237699508667,10.743685722351074,0,0,0,0,0,0.9999991655349731,0.07972897589206696,-0.31859472393989563,0.07873767614364624,-0.3175758123397827,0.3081294894218445,0.04956573620438576,0.30943936109542847,0.04968978092074394,-0.2519274652004242,0.04941238462924957,-0.25211000442504883,0.04957092925906181,0.0,0.0,0.0,0.0,0.0,0.0,-0.0027985856868326664,0.010189645923674107,0.06030890345573425,-0.06778584420681,-0.11977387219667435,-0.11689374595880508,0.05840776488184929,0.06711024791002274,0.0632350817322731,-0.00478082150220871,-0.053068503737449646,-0.03582705557346344,-0.0037277364172041416,0.009416119195520878,0.05889822915196419,-0.06791344285011292,-0.117576964199543,-0.11571625620126724,0.05816350132226944,0.06747852265834808,0.06259593367576599,-0.004985107574611902,-0.05121263116598129,-0.034163881093263626,-5.591604349319823e-05,0.0001883223740151152,0.0008834734326228499,-0.0013582687824964523,-0.0017636544071137905,-0.0023143249563872814,0.0008724525105208158,0.0013495704624801874,0.021908575668931007,-0.0017447876743972301,-0.017924420535564423,-0.011957358568906784,0.13490980863571167,-0.15691998600959778,0.14016731083393097,-0.15542930364608765,0.1346251219511032,0.14745481312274933,0.13539628684520721,0.1506127417087555,0.134965717792511,-0.15710830688476562,0.13928383588790894,-0.15407103300094604,0.13638877868652344,0.1497691422700882,0.13452383875846863,0.1492631733417511,-0.0016772589879110456,-0.013852698728442192,0.019468417391180992,-0.017904143780469894,-0.0474177822470665,0.012228554114699364,-0.049882590770721436,0.04951764643192291,0.3219085931777954,0.29825523495674133,0.28207558393478394,0.28804266452789307,0.0,0.0,1.0,0.0,-0.0,1.0,-0.0,-0.9999998807907104,0.30000001192092896,0.30000001192092896,0.30000001192092896,0.30000001192092896
3.15,0,0.05576565861701965,-0.023093393072485924,-0.011238456703722477,0.2804581820964813,1.0,0.21196472644805908,-0.006232841871678829,0.004824432544410229,1,1,1,1,11.568453788757324,3.142575263977051,3.145719289779663,10.820021629333496,11.568453788757324,3.142575263977051,3.145719289779663,10.820021629333496,0,0,0,0,0,0.9999991655349731,0.07972705364227295,-0.31859612464904785,0.07873397320508957,-0.31757932901382446,0.30896350741386414,0.0494484044611454,0.31021738052368164,0.04958079382777214,-0.25114309787750244,0.04929284751415253,-0.25129303336143494,0.049444280564785004,0.0,0.0,0.0,0.0,0.0,0.0,-0.01216149516403675,0.005357172340154648,0.048296716064214706,-0.06843594461679459,-0.10571601241827011,-0.11295340210199356,0.05691152811050415,0.07123519480228424,0.058828938752412796,-0.0007982334354892373,-0.039362069219350815,-0.02185904234647751,-0.01259934064000845,0.005225528031587601,0.048778168857097626,-0.0684661939740181,-0.10373805463314056,-0.11099986732006073,0.05679650977253914,0.07016682624816895,0.05869917571544647,-0.0021362549159675837,-0.03914206102490425,-0.020463183522224426,-0.00018899010319728404,0.0001045105600496754,0.0007316725095734,-0.0013693238142877817,-0.0015560707543045282,-0.0022199973464012146,0.0008519476396031678,0.0014033365296199918,0.020544711500406265,-0.0007476892205886543,-0.013699721544981003,-0.007162114139646292,0.13477672636508942,-0.15700379014015198,0.14001551270484924,-0.15544036030769348,0.1348327100276947,0.14754915237426758,0.13537578284740448,0.1506665050983429,0.134965717792511,-0.15710830688476562,0.13928383588790894,-0.15407103300094604,0.13638877868652344,0.1497691422700882,0.13452383875846863,0.1492631733417511,-0.0016772589879110456,-0.013852698728442192,0.019468417391180992,-0.017904143780469894,-0.0474177822470665,0.012228554114699364,-0.049882590770721436,0.04951764643192291,0.3205447196960449,0.29925233125686646,0.28630030155181885,0.29283788800239563,0.0,0.0,1.0,0.0,-0.0,1.0,-0.0,-0.9999998807907104,0.30000001192092896,0.30000001192092896,0.30000001192092896,0.30000001192092896
3.2,0,0.056586530059576035,-0.023134762421250343,-0.009994776919484138,0.2804206311702728,1.0,0.22831067442893982,-0.007911662571132183,0.004751214291900396,1,1,1,1,11.430146217346191,3.2262179851531982,3.3896708488464355,10.620365142822266,11.430146217346191,3.2262179851531982,3.3896708488464355,10.620365142822266,0,0,0,0,0,0.9999991655349731,0.07972349971532822,-0.318599134683609,0.07873975485563278,-0.3175736367702484,0.30980610847473145,0.04931778460741043,0.3109928369522095,0.04945959895849228,-0.25035208463668823,0.04916117340326309,-0.25047433376312256,0.04930444061756134,0.0,0.0,0.0,0.0,0.0,0.0,-0.0033881603740155697,0.00968293659389019,0.060852229595184326,-0.06852485984563828,-0.11898525059223175,-0.11568106710910797,0.05806967243552208,0.06717255711555481,0.06410089135169983,-0.005597991868853569,-0.05268161743879318,-0.03581090644001961,-0.002690438646823168,0.009660745039582253,0.060749322175979614,-0.06830049306154251,-0.11970771104097366,-0.11572369188070297,0.05767963454127312,0.06726407259702682,0.06384696066379547,-0.004907612223178148,-0.052557747811079025,-0.03631727769970894,-4.035657912027091e-05,0.00019321490253787488,0.0009112398256547749,-0.0013660098193213344,-0.0017956156516447663,-0.0023144737351685762,0.0008651944808661938,0.0013452813727781177,0.022346435114741325,-0.0017176643013954163,-0.018395211547613144,-0.012711047194898129,0.13492536544799805,-0.1569150984287262,0.1401950716972351,-0.15543703734874725,0.1345931589603424,0.1474546641111374,0.1353890299797058,0.15060845017433167,0.134965717792511,-0.15710830688476562,0.13928383588790894,-0.15407103300094604,0.13638877868652344,0.1497691422700882,0.13452383875846863,0.1492631733417511,-0.0016772589879110456,-0.013852698728442192,0.019468417391180992,-0.017904143780469894,-0.0474177822470665,0.012228554114699364,-0.049882590770721436,0.04951764643192291,0.32234644889831543,0.29828235507011414,0.2816047966480255,0.28728896379470825,0.0,0.0,1.0,0.0,-0.0,1.0,-0.0,-0.9999998807907104,0.30000001192092896,0.30000001192092896,0.30000001192092896,0.30000001192092896
3.25,0,0.057441022247076035,-0.023210952058434486,-0.01616322249174118,0.28037604689598083,1.0,0.23405776917934418,-0.004948943853378296,0.004692586604505777,1,1,1,1,12.13641357421875,3.0894775390625,3.0547609329223633,10.997297286987305,12.13641357421875,3.0894775390625,3.0547609329223633,10.997297286987305,0,0,0,0,0,0.9999990463256836,0.07972116023302078,-0.3186010718345642,0.0787414163351059,-0.31757211685180664,0.31065690517425537,0.04917313903570175,0.3117883503437042,0.04932171478867531,-0.2495478093624115,0.04901492968201637,-0.2496388703584671,0.04914604499936104,0.0,0.0,0.0,0.0,0.0,0.0,-0.0008322308422066271,0.010007045231759548,0.06222936511039734,-0.06981625407934189,-0.12300082296133041,-0.11799871176481247,0.05769658833742142,0.06785265356302261,0.065758615732193,-0.006929446943104267,-0.054789088666439056,-0.03969341889023781,-0.0061037070117890835,0.0077132247388362885,0.05561405047774315,-0.06902020424604416,-0.1145077794790268,-0.11473242193460464,0.0568687841296196,0.06924204528331757,0.06238856166601181,-0.003652324667200446,-0.04712270200252533,-0.031126562505960464,-9.155560110229999e-05,0.0001542644895380363,0.0008342107175849378,-0.0013804041082039475,-0.001717616687528789,-0.002294648438692093,0.0008530317572876811,0.0013848409289494157,0.021835995838046074,-0.0012783135753124952,-0.016492946073412895,-0.010894296690821648,0.134874165058136,-0.15695403516292572,0.1401180475950241,-0.1554514318704605,0.1346711665391922,0.1474744975566864,0.13537687063217163,0.15064801275730133,0.134965717792511,-0.15710830688476562,0.13928383588790894,-0.15407103300094604,0.13638877868652344,0.1497691422700882,0.13452383875846863,0.1492631733417511,-0.0016772589879110456,-0.013852698728442192,0.019468417391180992,-0.017904143780469894,-0.0474177822470665,0.012228554114699364,-0.049882590770721436,0.04951764643192291,0.321835994720459,0.29872170090675354,0.2835070788860321,0.28910571336746216,0.0,0.0,1.0,0.0,-0.0,1.0,-0.0,-0.9999998807907104,0.30000001192092896,0.30000001192092896,0.30000001192092896,0.30000001192092896
3.3,0,0.058076612651348114,-0.02345648966729641,-0.015573224984109402,0.27925220131874084,1.0,0.22352942824363708,-0.0021434142254292965,0.005155310966074467,1,1,1,1,12.88326644897461,1.554824948310852,1.5139216184616089,12.860357284545898,12.88326644897461,1.554824948310852,1.5139216184616089,12.860357284545898,0,0,0,0,0,0.9999992847442627,0.07969344407320023,-0.3186289072036743,0.07871243357658386,-0.3176020383834839,0.31130439043045044,0.049274131655693054,0.3124881088733673,0.04919823259115219,-0.24878692626953125,0.04885892942547798,-0.24887976050376892,0.048994842916727066,0.0,0.0,0.0,0.0,0.0,0.0,-0.003257391508668661,0.008424942381680012,0.05851101130247116,-0.0691773071885109,-0.11711764335632324,-0.11260892450809479,0.05550864338874817,0.06769710034132004,0.06315286457538605,-0.0036178117152303457,-0.04902176931500435,-0.03476853296160698,-0.0038987293373793364,0.007104458753019571,0.05860240012407303,-0.06778024882078171,-0.11708331853151321,-0.11441586911678314,0.0580267608165741,0.06885982304811478,0.06135363504290581,-0.004048594273626804,-0.04967644810676575,-0.03409812971949577,-5.848093860549852e-05,0.00014208917855285108,0.0008790359715931118,-0.0013556049671024084,-0.0017562496941536665,-0.002288317307829857,0.0008704013889655471,0.0013771964004263282,0.021473772823810577,-0.0014170079957693815,-0.01738675683736801,-0.011934345588088036,0.13490723073482513,-0.1569662243127823,0.1401628702878952,-0.15542663633823395,0.13463252782821655,0.1474808305501938,0.13539424538612366,0.1506403684616089,0.134965717792511,-0.15710830688476562,0.13928383588790894,-0.15407103300094604,0.13638877868652344,0.1497691422700882,0.13452383875846863,0.1492631733417511,-0.0016772589879110456,-0.013852698728442192,0.019468417391180992,-0.017904143780469894,-0.0474177822470665,0.012228554114699364,-0.049882590770721436,0.04951764643192291,0.32147377729415894,0.2985830008983612,0.28261324763298035,0.28806567192077637,0.0,0.0,1.0,0.0,-0.0,1.0,-0.0,-0.9999998807907104,0.30000001192092896,0.30000001192092896,0.30000001192092896,0.30000001192092896
3.35,0,0.058588698506355286,-0.023450538516044617,-0.006544825620949268,0.2793255150318146,1.0,0.2216026932001114,-0.002135402290150523,0.005463810171931982,1,1,1,1,13.99462890625,0.0,0.5545463562011719,14.428102493286133,13.99462890625,0.0,0.5545463562011719,14.428102493286133,0,0,0,0,0,0.9999993443489075,0.07967166602611542,-0.31864985823631287,0.07869628816843033,-0.31761887669563293,0.31191471219062805,0.04936320707201958,0.3130546808242798,0.04906235635280609,-0.24805185198783875,0.04870458319783211,-0.2483561486005783,0.04909513518214226,0.0,0.0,0.0,0.0,0.0,0.0,-0.0020251243840903044,0.011075216345489025,0.053347211331129074,-0.06746765971183777,-0.11869057267904282,-0.11414813250303268,0.05210176855325699,0.06824042648077011,0.06214451789855957,0.006841321941465139,-0.046321749687194824,-0.03225107863545418,-0.013809689320623875,0.00493186991661787,0.04474804922938347,-0.06865305453538895,-0.09794309735298157,-0.10346055775880814,0.05192739889025688,0.06832493096590042,0.057207606732845306,0.0026294176932424307,-0.033850692212581635,-0.017659470438957214,-0.00020714533457066864,9.863739251159132e-05,0.0006712207105010748,-0.0013730610953643918,-0.0014691464602947235,-0.0020692110992968082,0.0007789109949953854,0.0013664985308423638,0.020022662356495857,0.0009202961809933186,-0.011847741901874542,-0.00618081446737051,0.1347585767507553,-0.15700967609882355,0.1399550586938858,-0.15544410049915314,0.13491962850093842,0.14769993722438812,0.13530275225639343,0.1506296694278717,0.134965717792511,-0.15710830688476562,0.13928383588790894,-0.15407103300094604,0.13638877868652344,0.1497691422700882,0.13452383875846863,0.1492631733417511,-0.0016772589879110456,-0.013852698728442192,0.019468417391180992,-0.017904143780469894,-0.0474177822470665,0.012228554114699364,-0.049882590770721436,0.04951764643192291,0.32002267241477966,0.300920307636261,0.288152277469635,0.2938191890716553,0.0,0.0,1.0,0.0,-0.0,1.0,-0.0,-0.9999998807907104,0.30000001192092896,0.30000001192092896,0.30000001192092896,0.30000001192092896
3.4,0,0.05915522202849388,-0.023341387510299683,-0.0038463822565972805,0.2793637216091156,1.0,0.19335122406482697,-0.007154420949518681,0.005606854800134897,1,1,1,1,12.03941822052002,1.9493426084518433,2.39534854888916,12.363642692565918,12.03941822052002,1.9493426084518433,2.39534854888916,12.363642692565918,0,0,0,0,0,0.9999994039535522,0.07965852320194244,-0.31866317987442017,0.07869261503219604,-0.31762251257896423,0.31254303455352783,0.04945066198706627,0.31368958950042725,0.04910903424024582,-0.24734480679035187,0.0487278588116169,-0.2477901130914688,0.049210842698812485,0.0,0.0,0.0,0.0,0.0,0.0,-0.018832851201295853,0.006571372505277395,0.03535449877381325,-0.06088860705494881,-0.09183558821678162,-0.10971124470233917,0.059430081397295,0.07019858807325363,0.04660837724804878,0.009677864611148834,-0.02831284888088703,-0.0056344205513596535,-0.013782186433672905,0.00214823498390615,0.03916799649596214,-0.06742234528064728,-0.09461158514022827,-0.10287965834140778,0.050430841743946075,0.07084928452968597,0.05367673933506012,0.004248639103025198,-0.028733933344483376,-0.014204142615199089,-0.00020673278777394444,4.2964697058778256e-05,0.0005875199567526579,-0.0013484468217939138,-0.0014191737864166498,-0.002057593083009124,0.0007564626284874976,0.0014169856440275908,0.018786858767271042,0.001487023662775755,-0.010056876577436924,-0.004971449729055166,0.13475897908210754,-0.15706534683704376,0.13987135887145996,-0.1554194837808609,0.13496960699558258,0.14771154522895813,0.1352802962064743,0.15068015456199646,0.134965717792511,-0.15710830688476562,0.13928383588790894,-0.15407103300094604,0.13638877868652344,0.1497691422700882,0.13452383875846863,0.1492631733417511,-0.0016772589879110456,-0.013852698728442192,0.019468417391180992,-0.017904143780469894,-0.0474177822470665,0.012228554114699364,-0.049882590770721436,0.04951764643192291,0.3187868595123291,0.3014870285987854,0.289943128824234,0.29502856731414795,0.0,0.0,1.0,0.0,-0.0,1.0,-0.0,-0.9999998807907104,0.30000001192092896,0.30000001192092896,0.30000001192092896,0.30000001192092896
3.4499999999999997,0,0.05979350209236145,-0.023281460627913475,-0.006756877526640892,0.27936452627182007,1.0,0.19623902440071106,-0.007056794129312038,0.005615054629743099,1,1,1,1,12.184771537780762,1.9887943267822266,2.3625411987304688,12.392369270324707,12.184771537780762,1.9887943267822266,2.3625411987304688,12.392369270324707,0,0,0,0,0,0.999999463558197,0.07965554296970367,-0.3186666667461395,0.0786886066198349,-0.31762608885765076,0.3131931722164154,0.04953385517001152,0.3143741488456726,0.04924448952078819,-0.24663402140140533,0.048794835805892944,-0.247176393866539,0.04932551458477974,0.0,0.0,0.0,0.0,0.0,0.0,-0.019632911309599876,0.0058395653031766415,0.0370202511548996,-0.06109168007969856,-0.09263338148593903,-0.11181187629699707,0.061538323760032654,0.07028508186340332,0.04621060565114021,0.0075612482614815235,-0.030707841739058495,-0.0064923521131277084,-0.01834268867969513,0.006948194466531277,0.03844529390335083,-0.06052510812878609,-0.09275606274604797,-0.1100442111492157,0.061234261840581894,0.06861333549022675,0.04655718430876732,0.006662987172603607,-0.032046783715486526,-0.007965057156980038,-0.00027514033718034625,0.0001389638928230852,0.0005766794201917946,-0.001210502116009593,-0.0013913408620283008,-0.0022008842788636684,0.0009185139206238091,0.0013722666772082448,0.016295013949275017,0.0023320454638451338,-0.01121637411415577,-0.002787770004943013,0.13469058275222778,-0.1569693386554718,0.13986051082611084,-0.15528152883052826,0.1349974423646927,0.1475682556629181,0.1354423463344574,0.15063543617725372,0.134965717792511,-0.15710830688476562,0.13928383588790894,-0.15407103300094604,0.13638877868652344,0.1497691422700882,0.13452383875846863,0.1492631733417511,-0.0016772589879110456,-0.013852698728442192,0.019468417391180992,-0.017904143780469894,-0.0474177822470665,0.012228554114699364,-0.049882590770721436,0.04951764643192291,0.3162950277328491,0.3023320436477661,0.28878363966941833,0.29721224308013916,0.0,0.0,1.0,0.0,-0.0,1.0,-0.0,-0.9999998807907104,0.30000001192092896,0.30000001192092896,0.30000001192092896,0.30000001192092896
3.5,0,0.06045147776603699,-0.023261426016688347,-0.005820480640977621,0.27935904264450073,1.0,0.20040272176265717,-0.007714967243373394,0.005597071722149849,1,1,1,1,12.156987190246582,1.9798697233200073,2.3774378299713135,12.379430770874023,12.156987190246582,1.9798697233200073,2.3774378299713135,12.379430770874023,0,0,0,0,0,0.9999995231628418,0.0796537771821022,-0.3186689615249634,0.07868769764900208,-0.3176266849040985,0.31384989619255066,0.04960993677377701,0.3150635361671448,0.04937136173248291,-0.24592578411102295,0.04885284602642059,-0.24655213952064514,0.04943399503827095,0.0,0.0,0.0,0.0,0.0,0.0,-0.01766088604927063,0.005881233140826225,0.038910552859306335,-0.06219353899359703,-0.09678605198860168,-0.11302611976861954,0.06012306734919548,0.07116751372814178,0.048839010298252106,0.008070141077041626,-0.032425135374069214,-0.010434693656861782,-0.019095148891210556,0.005919347517192364,0.037400390952825546,-0.06149737536907196,-0.09418241679668427,-0.11285270750522614,0.06124084070324898,0.0708085298538208,0.047142986208200455,0.007952425628900528,-0.03133660554885864,-0.007620945107191801,-0.00028642723918892443,0.00011838694626931101,0.0005610058433376253,-0.0012299474328756332,-0.001412736251950264,-0.002257054205983877,0.0009186125826090574,0.0014161706203594804,0.016500044614076614,0.0027833490166813135,-0.010967811569571495,-0.0026673306711018085,0.13467928767204285,-0.1569899171590805,0.1398448348045349,-0.15530097484588623,0.13497604429721832,0.14751209318637848,0.13544245064258575,0.150679349899292,0.134965717792511,-0.15710830688476562,0.13928383588790894,-0.15407103300094604,0.13638877868652344,0.1497691422700882,0.13452383875846863,0.1492631733417511,-0.0016772589879110456,-0.013852698728442192,0.019468417391180992,-0.017904143780469894,-0.0474177822470665,0.012228554114699364,-0.049882590770721436,0.04951764643192291,0.31650006771087646,0.30278337001800537,0.2890321910381317,0.29733267426490784,0.0,0.0,1.0,0.0,-0.0,1.0,-0.0,-0.9999998807907104,0.30000001192092896,0.30000001192092896,0.30000001192092896,0.30000001192092896
3.55,0,0.0611250177025795,-0.023295721039175987,-0.008210524916648865,0.27935659885406494,1.0,0.2082889825105667,-0.007553045637905598,0.005527539178729057,1,1,1,1,12.240033149719238,1.8228837251663208,2.1695892810821533,12.48405647277832,12.240033149719238,1.8228837251663208,2.1695892810821533,12.48405647277832,0,0,0,0,0,0.9999995231628418,0.07965172082185745,-0.31867143511772156,0.0786922350525856,-0.3176218867301941,0.314516544342041,0.049681589007377625,0.31575262546539307,0.04948658496141434,-0.2452341914176941,0.04890206828713417,-0.24592170119285583,0.0495329387485981,0.0,0.0,0.0,0.0,0.0,0.0,-0.014703064225614071,0.007825878448784351,0.044116996228694916,-0.06332042068243027,-0.10197270661592484,-0.11632099002599716,0.062165163457393646,0.0700678899884224,0.05170793458819389,0.003829461755231023,-0.03885862976312637,-0.01580193266272545,-0.018419357016682625,0.004691365174949169,0.038337595760822296,-0.06311314553022385,-0.09571471065282822,-0.1116817444562912,0.059246402233839035,0.07178866118192673,0.049191102385520935,0.007870051078498363,-0.030675632879137993,-0.00957581028342247,-0.0002762903459370136,9.382730058860034e-05,0.0005750639247708023,-0.0012622629292309284,-0.001435720594599843,-0.0022336349356919527,0.000888695998582989,0.0014357732143253088,0.017216885462403297,0.0027545178309082985,-0.01073647104203701,-0.003351533552631736,0.13468942046165466,-0.15701447427272797,0.1398589015007019,-0.15533329546451569,0.13495305180549622,0.147535502910614,0.1354125291109085,0.1506989449262619,0.134965717792511,-0.15710830688476562,0.13928383588790894,-0.15407103300094604,0.13638877868652344,0.1497691422700882,0.13452383875846863,0.1492631733417511,-0.0016772589879110456,-0.013852698728442192,0.019468417391180992,-0.017904143780469894,-0.0474177822470665,0.012228554114699364,-0.049882590770721436,0.04951764643192291,0.3172169029712677,0.3027545213699341,0.2892635464668274,0.29664847254753113,0.0,0.0,1.0,0.0,-0.0,1.0,-0.0,-0.9999998807907104,0.30000001192092896,0.30000001192092896,0.30000001192092896,0.30000001192092896
3.6,0,0.061795517802238464,-0.0233052559196949,-0.007407030556350946,0.28061696887016296,1.0,0.20963013172149658,-0.008008834905922413,0.005457837134599686,1,1,1,1,12.298871994018555,2.052312135696411,2.3920581340789795,12.327374458312988,12.298871994018555,2.052312135696411,2.3920581340789795,12.327374458312988,0,0,0,0,0,0.9999995231628418,0.07965374737977982,-0.3186696767807007,0.07870108634233475,-0.3176126778125763,0.3151896595954895,0.049740251153707504,0.31644541025161743,0.049590013921260834,-0.24454881250858307,0.048943620175123215,-0.2452952265739441,0.049626726657152176,0.0,0.0,0.0,0.0,0.0,0.0,-0.012992773205041885,0.0076609523966908455,0.046496253460645676,-0.063553586602211,-0.10389228165149689,-0.11541786044836044,0.06151710823178291,0.069511279463768,0.0528058223426342,0.002845034934580326,-0.04064856842160225,-0.01834159903228283,-0.012435820885002613,0.008325979113578796,0.04638025909662247,-0.06328575313091278,-0.1058678850531578,-0.11702942103147507,0.061723385006189346,0.06988248974084854,0.05268385633826256,0.004116679076105356,-0.040875185281038284,-0.018952950835227966,-0.00018653730512596667,0.0001665195741225034,0.0006957038422115147,-0.0012657149927690625,-0.0015880182618275285,-0.002340588252991438,0.000925850763451308,0.0013976497575640678,0.01843934878706932,0.001440837630070746,-0.014306314289569855,-0.006633532699197531,0.1347791850566864,-0.15694178640842438,0.1399795413017273,-0.15533675253391266,0.1348007619380951,0.14742855727672577,0.13544969260692596,0.15066082775592804,0.134965717792511,-0.15710830688476562,0.13928383588790894,-0.15407103300094604,0.13638877868652344,0.1497691422700882,0.13452383875846863,0.1492631733417511,-0.0016772589879110456,-0.013852698728442192,0.019468417391180992,-0.017904143780469894,-0.0474177822470665,0.012228554114699364,-0.049882590770721436,0.04951764643192291,0.3184393644332886,0.3014408349990845,0.2856937050819397,0.2933664917945862,0.0,0.0,1.0,0.0,-0.0,1.0,-0.0,-0.9999998807907104,0.30000001192092896,0.30000001192092896,0.30000001192092896,0.30000001192092896
3.65,0,0.06249520555138588,-0.023359548300504684,-0.006971889175474644,0.28061723709106445,1.0,0.21766836941242218,-0.007867120206356049,0.005368988495320082,1,1,1,1,12.07213020324707,2.0711450576782227,2.4690027236938477,12.241681098937988,12.07213020324707,2.0711450576782227,2.4690027236938477,12.241681098937988,0,0,0,0,0,0.9999995231628418,0.07965068519115448,-0.31867286562919617,0.07871028780937195,-0.31760305166244507,0.31587186455726624,0.049795497208833694,0.3171350061893463,0.04968782886862755,-0.24383720755577087,0.048973198980093,-0.24465148150920868,0.04971110075712204,0.0,0.0,0.0,0.0,0.0,0.0,-0.010202799923717976,0.009665829129517078,0.049671825021505356,-0.06353908777236938,-0.11062470823526382,-0.11909303814172745,0.06194601207971573,0.06943639367818832,0.05488470941781998,0.003619916969910264,-0.04499135911464691,-0.023412102833390236,-0.014220918528735638,0.005182708613574505,0.042853668332099915,-0.06505532562732697,-0.10046517103910446,-0.11096110194921494,0.05666150152683258,0.07071910053491592,0.0529586486518383,0.005664459429681301,-0.03458552062511444,-0.015499038621783257,-0.00021331377502065152,0.0001036541725625284,0.0006428050110116601,-0.0013011065311729908,-0.0015069774817675352,-0.002219222020357847,0.0008499224786646664,0.0014143820153549314,0.01853552646934986,0.001982560846954584,-0.012104932218790054,-0.005424663424491882,0.13475240767002106,-0.15700465440750122,0.13992664217948914,-0.15537214279174805,0.13488179445266724,0.14754992723464966,0.13537375628948212,0.15067756175994873,0.134965717792511,-0.15710830688476562,0.13928383588790894,-0.15407103300094604,0.13638877868652344,0.1497691422700882,0.13452383875846863,0.1492631733417511,-0.0016772589879110456,-0.013852698728442192,0.019468417391180992,-0.017904143780469894,-0.0474177822470665,0.012228554114699364,-0.049882590770721436,0.04951764643192291,0.31853553652763367,0.301982581615448,0.2878950834274292,0.2945753335952759,0.0,0.0,1.0,0.0,-0.0,1.0,-0.0,-0.9999998807907104,0.30000001192092896,0.30000001192092896,0.30000001192092896,0.30000001192092896
3.6999999999999997,0,0.06320220232009888,-0.023398377001285553,-0.010126371867954731,0.27935269474983215,1.0,0.21131770312786102,-0.0075715044513344765,0.005289156921207905,1,1,1,1,12.288435935974121,1.6830300092697144,1.6321638822555542,12.880188941955566,12.288435935974121,1.6830300092697144,1.6321638822555542,12.880188941955566,0,0,0,0,0,0.9999995231628418,0.07965120673179626,-0.3186724781990051,0.07872476428747177,-0.3175882399082184,0.3165680468082428,0.049840256571769714,0.3178349435329437,0.04977243021130562,-0.24312478303909302,0.04899653047323227,-0.24400174617767334,0.049787912517786026,0.0,0.0,0.0,0.0,0.0,0.0,-0.014478134922683239,0.00559684494510293,0.043751440942287445,-0.0638391524553299,-0.10604304820299149,-0.11690356582403183,0.06122506409883499,0.07328715920448303,0.05222320929169655,0.0070624444633722305,-0.03625058755278587,-0.017386090010404587,-0.011591702699661255,0.008031142875552177,0.04793493449687958,-0.0646023079752922,-0.10587721318006516,-0.11511737108230591,0.06008147448301315,0.06943891197443008,0.054796479642391205,0.002560146851465106,-0.04160388186573982,-0.02099432982504368,-0.0001738755381666124,0.00016062284703366458,0.0007190239848569036,-0.0012920461595058441,-0.0015881581930443645,-0.0023023474495857954,0.0009012221125885844,0.0013887782115489244,0.019178766757249832,0.0008960514096543193,-0.014561358839273453,-0.007348015438765287,0.13479183614253998,-0.15694768726825714,0.14000286161899567,-0.1553630828857422,0.13480062782764435,0.14746679365634918,0.13542506098747253,0.1506519466638565,0.134965717792511,-0.15710830688476562,0.13928383588790894,-0.15407103300094604,0.13638877868652344,0.1497691422700882,0.13452383875846863,0.1492631733417511,-0.0016772589879110456,-0.013852698728442192,0.019468417391180992,-0.017904143780469894,-0.0474177822470665,0.012228554114699364,-0.049882590770721436,0.04951764643192291,0.3191787898540497,0.3008960485458374,0.2854386568069458,0.2926520109176636,0.0,0.0,1.0,0.0,-0.0,1.0,-0.0,-0.9999998807907104,0.30000001192092896,0.30000001192092896,0.30000001192092896,0.30000001192092896
3.75,0,0.06389281153678894,-0.02341841533780098,-0.009966730140149593,0.2793593406677246,1.0,0.21273371577262878,-0.006198653485625982,0.005215086508542299,1,1,1,1,12.093889236450195,1.9194304943084717,2.0737860202789307,12.338807106018066,12.093889236450195,1.9194304943084717,2.0737860202789307,12.338807106018066,0,0,0,0,0,0.9999995231628418,0.07965119183063507,-0.31867268681526184,0.0787363275885582,-0.31757643818855286,0.3172603249549866,0.0498734787106514,0.3185296654701233,0.04984864220023155,-0.2424211949110031,0.049010783433914185,-0.24335725605487823,0.049859173595905304,0.0,0.0,0.0,0.0,0.0,0.0,-0.011468525044620037,0.006016922183334827,0.04802442342042923,-0.064362071454525,-0.10880573093891144,-0.11453910917043686,0.05978604406118393,0.07165373116731644,0.054079871624708176,0.005285549443215132,-0.03914700448513031,-0.022079458460211754,-0.006569258403033018,0.01044867280870676,0.053863443434238434,-0.0643552839756012,-0.11551465839147568,-0.11843346059322357,0.06068741902709007,0.06891831010580063,0.057923320680856705,0.0029350921977311373,-0.047894950956106186,-0.02879716083407402,-9.853887604549527e-05,0.00020897344802506268,0.0008079516119323671,-0.0012871056096628308,-0.0017327198293060064,-0.0023686692584306,0.0009103112388402224,0.0013783661415800452,0.02027316205203533,0.0010272822109982371,-0.01676323264837265,-0.010079005733132362,0.13486717641353607,-0.1568993330001831,0.14009179174900055,-0.15535813570022583,0.13465605676174164,0.14740046858787537,0.13543415069580078,0.1506415456533432,0.134965717792511,-0.15710830688476562,0.13928383588790894,-0.15407103300094604,0.13638877868652344,0.1497691422700882,0.13452383875846863,0.1492631733417511,-0.0016772589879110456,-0.013852698728442192,0.019468417391180992,-0.017904143780469894,-0.0474177822470665,0.012228554114699364,-0.049882590770721436,0.04951764643192291,0.32027316093444824,0.3010272979736328,0.2832367718219757,0.28992101550102234,0.0,0.0,1.0,0.0,-0.0,1.0,-0.0,-0.9999998807907104,0.30000001192092896,0.30000001192092896,0.30000001192092896,0.30000001192092896
3.8,0,0.06459525227546692,-0.0234710481017828,-0.007834077812731266,0.2793526351451874,1.0,0.21842913329601288,-0.006532761268317699,0.005131020210683346,1,1,1,1,12.157631874084473,1.9955480098724365,2.1729679107666016,12.344070434570312,12.157631874084473,1.9955480098724365,2.1729679107666016,12.344070434570312,0,0,0,0,0,0.9999995231628418,0.0796513631939888,-0.31867271661758423,0.07875384390354156,-0.317558616399765,0.3179449141025543,0.04989573359489441,0.3192146122455597,0.04991566762328148,-0.24170556664466858,0.049012959003448486,-0.24270562827587128,0.049918610602617264,0.0,0.0,0.0,0.0,0.0,0.0,-0.006173360161483288,0.007607797626405954,0.05359681323170662,-0.06685283035039902,-0.11368826031684875,-0.11372313648462296,0.056161049753427505,0.06921475380659103,0.05940389260649681,0.0018775149947032332,-0.045362845063209534,-0.02967362478375435,-0.011311790905892849,0.006156643386930227,0.0481327585875988,-0.06363292783498764,-0.11064110696315765,-0.11484267562627792,0.05985927954316139,0.07206422835588455,0.05398135259747505,0.007400923408567905,-0.03904183208942413,-0.0231491606682539,-0.00016967685951385647,0.0001231328642461449,0.0007219913532026112,-0.00127265858463943,-0.001659616595134139,-0.002296853344887495,0.0008978892001323402,0.0014412845484912395,0.018893472850322723,0.0025903230998665094,-0.013664641417562962,-0.008102206513285637,0.13479603826999664,-0.15698517858982086,0.14000582695007324,-0.155343696475029,0.13472916185855865,0.1474722921848297,0.1354217231273651,0.15070445835590363,0.134965717792511,-0.15710830688476562,0.13928383588790894,-0.15407103300094604,0.13638877868652344,0.1497691422700882,0.13452383875846863,0.1492631733417511,-0.0016772589879110456,-0.013852698728442192,0.019468417391180992,-0.017904143780469894,-0.0474177822470665,0.012228554114699364,-0.049882590770721436,0.04951764643192291,0.3188934922218323,0.30259034037590027,0.28633537888526917,0.29189780354499817,0.0,0.0,1.0,0.0,-0.0,1.0,-0.0,-0.9999998807907104,0.30000001192092896,0.30000001192092896,0.30000001192092896,0.30000001192092896
3.85,0,0.06530028581619263,-0.02349434792995453,-0.006792483851313591,0.2806227505207062,1.0,0.22483345866203308,-0.007805144414305687,0.005001479294151068,1,1,1,1,12.198552131652832,2.045754909515381,2.2458202838897705,12.236869812011719,12.198552131652832,2.045754909515381,2.2458202838897705,12.236869812011719,0,0,0,0,0,0.9999995231628418,0.07965491712093353,-0.31866905093193054,0.07876642048358917,-0.317546010017395,0.3186541795730591,0.0499064102768898,0.3199181854724884,0.049970563501119614,-0.24099774658679962,0.0490039587020874,-0.24198944866657257,0.049964774399995804,0.0,0.0,0.0,0.0,0.0,0.0,-0.005955234635621309,0.010556596331298351,0.054442085325717926,-0.06665847450494766,-0.11730416864156723,-0.118166483938694,0.058044273406267166,0.06971580535173416,0.06126907467842102,0.0041915965266525745,-0.048048458993434906,-0.031028082594275475,-0.00947638414800167,0.00703798234462738,0.049960907548666,-0.06542614847421646,-0.11361204832792282,-0.11669229716062546,0.05902347341179848,0.07219831645488739,0.05670318007469177,0.006084122229367495,-0.041327957063913345,-0.025406155735254288,-0.00014214575639925897,0.00014075964281801134,0.0007494136225432158,-0.0013085228856652975,-0.0017041807295754552,-0.002333845943212509,0.0008853520848788321,0.0014439662918448448,0.01984611339867115,0.0021294427569955587,-0.014464784413576126,-0.008892154321074486,0.13482357561588287,-0.15696755051612854,0.14003324508666992,-0.1553795486688614,0.13468459248542786,0.1474352926015854,0.1354091912508011,0.15070714056491852,0.134965717792511,-0.15710830688476562,0.13928383588790894,-0.15407103300094604,0.13638877868652344,0.1497691422700882,0.13452383875846863,0.1492631733417511,-0.0016772589879110456,-0.013852698728442192,0.019468417391180992,-0.017904143780469894,-0.0474177822470665,0.012228554114699364,-0.049882590770721436,0.04951764643192291,0.31984612345695496,0.30212944746017456,0.28553521633148193,0.2911078631877899,0.0,0.0,1.0,0.0,-0.0,1.0,-0.0,-0.9999998807907104,0.30000001192092896,0.30000001192092896,0.30000001192092896,0.30000001192092896
3.9,0,0.06604105234146118,-0.023541221395134926,-0.007968246005475521,0.2793525457382202,1.0,0.22744280099868774,-0.006981132086366415,0.004869865253567696,1,1,1,1,12.445182800292969,1.973238229751587,2.070323944091797,12.363022804260254,12.445182800292969,1.973238229751587,2.070323944091797,12.363022804260254,0,0,0,0,0,0.9999995231628418,0.07965822517871857,-0.31866586208343506,0.0787813663482666,-0.3175306022167206,0.31937628984451294,0.04990764334797859,0.3206321597099304,0.05001481622457504,-0.2402593344449997,0.04898688569664955,-0.24131475389003754,0.050006214529275894,0.0,0.0,0.0,0.0,0.0,0.0,-0.006171820219606161,0.010423153638839722,0.05590633675456047,-0.06703901290893555,-0.11794967949390411,-0.11941990256309509,0.05973491445183754,0.06991810351610184,0.06199498102068901,0.0017279557650908828,-0.04971679672598839,-0.03186815604567528,-0.012946702539920807,0.00581728620454669,0.04719234257936478,-0.06673943996429443,-0.10470923781394958,-0.11195243149995804,0.057242341339588165,0.07111764699220657,0.05677282437682152,0.0037843806203454733,-0.038263335824012756,-0.020770207047462463,-0.00019420053286012262,0.00011634572001639754,0.0007078851340338588,-0.0013347887434065342,-0.0015706385020166636,-0.002239048480987549,0.000858635117765516,0.0014223528560250998,0.019870487973093987,0.0013245332520455122,-0.013392167165875435,-0.007269572466611862,0.13477151095867157,-0.15699195861816406,0.13999171555042267,-0.15540581941604614,0.13481813669204712,0.14753009378910065,0.13538247346878052,0.15068551898002625,0.134965717792511,-0.15710830688476562,0.13928383588790894,-0.15407103300094604,0.13638877868652344,0.1497691422700882,0.13452383875846863,0.1492631733417511,-0.0016772589879110456,-0.013852698728442192,0.019468417391180992,-0.017904143780469894,-0.0474177822470665,0.012228554114699364,-0.049882590770721436,0.04951764643192291,0.3198705017566681,0.3013245463371277,0.2866078317165375,0.292730450630188,0.0,0.0,1.0,0.0,-0.0,1.0,-0.0,-0.9999998807907104,0.30000001192092896,0.30000001192092896,0.30000001192092896,0.30000001192092896
3.9499999999999997,0,0.0667663961648941,-0.023634469136595726,-0.009959845803678036,0.27934888005256653,1.0,0.2000228762626648,-0.006836326327174902,0.004771539941430092,1,1,1,1,12.804824829101562,1.3954917192459106,1.7296861410140991,12.5482177734375,12.804824829101562,1.3954917192459106,1.7296861410140991,12.5482177734375,0,0,0,0,0,0.9999995231628418,0.07965919375419617,-0.31866469979286194,0.07879386097192764,-0.31751763820648193,0.32008346915245056,0.049939461052417755,0.3213299512863159,0.050047826021909714,-0.2395288050174713,0.04896058514714241,-0.24064478278160095,0.050037235021591187,0.0,0.0,0.0,0.0,0.0,0.0,-0.015212009660899639,0.01013656985014677,0.03388920798897743,-0.06207816302776337,-0.10091473907232285,-0.11405361443758011,0.05430049076676369,0.07094825804233551,0.04747343435883522,0.022994723170995712,-0.026629174128174782,-0.0026486192364245653,-0.007892169989645481,0.007515291683375835,0.053683213889598846,-0.06685598194599152,-0.11389107257127762,-0.11526082456111908,0.05817994847893715,0.07010342180728912,0.0590180940926075,0.001957919914275408,-0.04509793967008591,-0.02891867607831955,-0.00011838254431495443,0.00015030583017505705,0.000805248215328902,-0.001337119610980153,-0.0017083660932257771,-0.0023052163887768984,0.0008726991945877671,0.001402068417519331,0.02065633237361908,0.0006852719816379249,-0.015784278512001038,-0.010121536441147327,0.13484732806682587,-0.15695799887180328,0.14008907973766327,-0.15540815889835358,0.13468040525913239,0.14746393263339996,0.1353965401649475,0.15066523849964142,0.134965717792511,-0.15710830688476562,0.13928383588790894,-0.15407103300094604,0.13638877868652344,0.1497691422700882,0.13452383875846863,0.1492631733417511,-0.0016772589879110456,-0.013852698728442192,0.019468417391180992,-0.017904143780469894,-0.0474177822470665,0.012228554114699364,-0.049882590770721436,0.04951764643192291,0.32065635919570923,0.3006852865219116,0.2842157483100891,0.2898784875869751,0.0,0.0,1.0,0.0,-0.0,1.0,-0.0,-0.9999998807907104,0.30000001192092896,0.30000001192092896,0.30000001192092896,0.30000001192092896
4.0,0,0.06746691465377808,-0.023720266297459602,-0.010377125814557076,0.2793443202972412,1.0,0.20593293011188507,-0.008030983619391918,0.004644833970814943,1,1,1,1,13.028332710266113,1.357549786567688,1.8354716300964355,12.544699668884277,13.028332710266113,1.357549786567688,1.8354716300964355,12.544699668884277,0,0,0,0,0,0.9999995231628418,0.07966159284114838,-0.3186620771884918,0.07879889011383057,-0.3175123929977417,0.32077041268348694,0.04996298626065254,0.32202231884002686,0.05007156729698181,-0.2388271987438202,0.04892304539680481,-0.23996587097644806,0.050056591629981995,0.0,0.0,0.0,0.0,0.0,0.0,-0.00887963268905878,0.014069167897105217,0.03998445346951485,-0.05990405008196831,-0.1060522273182869,-0.11917133629322052,0.05801801383495331,0.0653209388256073,0.04587268456816673,0.015464555472135544,-0.03828548267483711,-0.007300473749637604,-0.0014275441644713283,0.011998691596090794,0.06198488175868988,-0.06413498520851135,-0.12766718864440918,-0.12478432059288025,0.06363121420145035,0.06853842735290527,0.05977228656411171,0.0006927745998837054,-0.05771791934967041,-0.039286449551582336,-2.1413161448435858e-05,0.00023997382959350944,0.0009297732030972838,-0.0012826996389776468,-0.0019150078296661377,-0.0024956862907856703,0.0009544682106934488,0.001370768528431654,0.020920300856232643,0.00024247111286967993,-0.020201271399855614,-0.013750256970524788,0.13494430482387543,-0.1568683385848999,0.14021360874176025,-0.15535373985767365,0.1344737708568573,0.147273451089859,0.13547830283641815,0.15063394606113434,0.134965717792511,-0.15710830688476562,0.13928383588790894,-0.15407103300094604,0.13638877868652344,0.1497691422700882,0.13452383875846863,0.1492631733417511,-0.0016772589879110456,-0.013852698728442192,0.019468417391180992,-0.017904143780469894,-0.0474177822470665,0.012228554114699364,-0.049882590770721436,0.04951764643192291,0.32092031836509705,0.30024248361587524,0.2797987461090088,0.2862497568130493,0.0,0.0,1.0,0.0,-0.0,1.0,-0.0,-0.9999998807907104,0.30000001192092896,0.30000001192092896,0.30000001192092896,0.30000001192092896
4.05,0,0.0681624561548233,-0.023794038221240044,-0.013684782199561596,0.27934831380844116,1.0,0.22646409273147583,-0.0054261935874819756,0.00454778503626585,1,1,1,1,13.533245086669922,0.9161971807479858,1.1661301851272583,13.638500213623047,13.533245086669922,0.9161971807479858,1.1661301851272583,13.638500213623047,0,0,0,0,0,0.9999995231628418,0.07966485619544983,-0.31865864992141724,0.07880934327840805,-0.31750214099884033,0.321465402841568,0.04997827857732773,0.32271048426628113,0.050082433968782425,-0.23812705278396606,0.04887841269373894,-0.2392420917749405,0.05006479471921921,0.0,0.0,0.0,0.0,0.0,0.0,-0.005689007230103016,0.011087422259151936,0.05524091795086861,-0.06640099734067917,-0.11822447180747986,-0.12018802016973495,0.059567492455244064,0.06948694586753845,0.059886008501052856,0.0038435268215835094,-0.048763178288936615,-0.029869211837649345,-0.006473235785961151,0.009133834391832352,0.05521037429571152,-0.06601986289024353,-0.11883138120174408,-0.12283971905708313,0.06246596947312355,0.07088490575551987,0.05889655649662018,0.00011249650560785085,-0.05070362612605095,-0.03181076422333717,-9.709853475214913e-05,0.00018267668201588094,0.0008281556074507535,-0.0013203972484916449,-0.0017824707319959998,-0.002456794260069728,0.000936989497859031,0.0014176981057971716,0.020613795146346092,3.9373775507556275e-05,-0.017746269702911377,-0.011133767664432526,0.13486862182617188,-0.15692563354969025,0.1401119977235794,-0.15539142489433289,0.13460630178451538,0.14731234312057495,0.13546082377433777,0.15068086981773376,0.134965717792511,-0.15710830688476562,0.13928383588790894,-0.15407103300094604,0.13638877868652344,0.1497691422700882,0.13452383875846863,0.1492631733417511,-0.0016772589879110456,-0.013852698728442192,0.019468417391180992,-0.017904143780469894,-0.0474177822470665,0.012228554114699364,-0.049882590770721436,0.04951764643192291,0.3206138014793396,0.3000393807888031,0.2822537422180176,0.288866251707077,0.0,0.0,1.0,0.0,-0.0,1.0,-0.0,-0.9999998807907104,0.30000001192092896,0.30000001192092896,0.30000001192092896,0.30000001192092896
4.1,0,0.06887757778167725,-0.023870408535003662,-0.009141882881522179,0.27936363220214844,1.0,0.22529202699661255,-0.005058318376541138,0.004472874570637941,1,1,1,1,13.023822784423828,1.3835359811782837,1.8517134189605713,12.566047668457031,13.023822784423828,1.3835359811782837,1.8517134189605713,12.566047668457031,0,0,0,0,0,0.9999995231628418,0.07966353744268417,-0.3186597228050232,0.07883574068546295,-0.31747525930404663,0.322181761264801,0.049979668110609055,0.32339268922805786,0.050087518990039825,-0.23739513754844666,0.04882112890481949,-0.23857982456684113,0.05006730556488037,0.0,0.0,0.0,0.0,0.0,0.0,-0.004687403328716755,0.009276189841330051,0.05624239891767502,-0.07026727497577667,-0.11761094629764557,-0.1148211807012558,0.05374700203537941,0.07008123397827148,0.06584827601909637,0.0021731038577854633,-0.0474153496325016,-0.03380070626735687,-0.006669548340141773,0.009967748075723648,0.05432618781924248,-0.06559442728757858,-0.11628122627735138,-0.120775006711483,0.06137824431061745,0.06974393874406815,0.05857531353831291,0.0011808486888185143,-0.04997963085770607,-0.03039519116282463,-0.00010004322393797338,0.00019935495220124722,0.0008148928172886372,-0.001311888569034636,-0.0017442184034734964,-0.0024155001156032085,0.0009206736576743424,0.0013948787236586213,0.020501360297203064,0.00041329703526571393,-0.01749286986887455,-0.010638317093253136,0.1348656713962555,-0.15690895915031433,0.14009873569011688,-0.1553829163312912,0.1346445530653,0.1473536491394043,0.1354445070028305,0.15065805613994598,0.134965717792511,-0.15710830688476562,0.13928383588790894,-0.15407103300094604,0.13638877868652344,0.1497691422700882,0.13452383875846863,0.1492631733417511,-0.0016772589879110456,-0.013852698728442192,0.019468417391180992,-0.017904143780469894,-0.0474177822470665,0.012228554114699364,-0.049882590770721436,0.04951764643192291,0.3205013871192932,0.3004133105278015,0.28250715136528015,0.2893616855144501,0.0,0.0,1.0,0.0,-0.0,1.0,-0.0,-0.9999998807907104,0.30000001192092896,0.30000001192092896,0.30000001192092896,0.30000001192092896
4.15,0,0.0696091502904892,-0.02396388351917267,-0.01561430748552084,0.279378741979599,1.0,0.21641279757022858,-0.0049474663101136684,0.004375825636088848,1,1,1,1,13.344934463500977,1.162891149520874,1.599054217338562,12.695947647094727,13.344934463500977,1.162891149520874,1.599054217338562,12.695947647094727,0,0,0,0,0,0.9999995231628418,0.0796641856431961,-0.3186587691307068,0.0788383036851883,-0.3174724280834198,0.3229171633720398,0.04997159540653229,0.3240927755832672,0.05007661134004593,-0.2366647720336914,0.04875342547893524,-0.23789043724536896,0.05005394294857979,0.0,0.0,0.0,0.0,0.0,0.0,-0.010305700823664665,0.006351455580443144,0.05084379017353058,-0.06690533459186554,-0.11093743145465851,-0.11412425339221954,0.05724330618977547,0.07076041400432587,0.05837811902165413,0.0040022204630076885,-0.042997464537620544,-0.02717428095638752,-0.005340502597391605,0.0075452434830367565,0.05577724799513817,-0.06814602762460709,-0.11817126721143723,-0.11640859395265579,0.05686793103814125,0.07066983729600906,0.061282217502593994,0.0018274030881002545,-0.04694512113928795,-0.03240013122558594,-8.010753663256764e-05,0.00015090485976543278,0.0008366586989723146,-0.001362920505926013,-0.001772568910382688,-0.0023281718604266644,0.0008530189516022801,0.0014133966760709882,0.021448776125907898,0.000639591075014323,-0.016430791467428207,-0.011340045370161533,0.13488560914993286,-0.15695740282535553,0.1401204913854599,-0.15543395280838013,0.1346162110567093,0.14744096994400024,0.13537685573101044,0.15067656338214874,0.134965717792511,-0.15710830688476562,0.13928383588790894,-0.15407103300094604,0.13638877868652344,0.1497691422700882,0.13452383875846863,0.1492631733417511,-0.0016772589879110456,-0.013852698728442192,0.019468417391180992,-0.017904143780469894,-0.0474177822470665,0.012228554114699364,-0.049882590770721436,0.04951764643192291,0.32144880294799805,0.3006395995616913,0.28356921672821045,0.2886599600315094,0.0,0.0,1.0,0.0,-0.0,1.0,-0.0,-0.9999998807907104,0.30000001192092896,0.30000001192092896,0.30000001192092896,0.30000001192092896
4.2,0,0.07033522427082062,-0.023822858929634094,0.0020206421613693237,0.28053927421569824,1.0,0.19714276492595673,-0.008867708966135979,0.0044446075335145,1,1,1,1,12.044142723083496,2.4451215267181396,2.8149654865264893,11.91464614868164,12.044142723083496,2.4451215267181396,2.8149654865264893,11.91464614868164,0,0,0,0,0,0.999999463558197,0.07965497672557831,-0.31866782903671265,0.07883806526660919,-0.3174724578857422,0.32366859912872314,0.04994872957468033,0.3248082995414734,0.050057508051395416,-0.2359844148159027,0.048854462802410126,-0.23719079792499542,0.050038065761327744,0.0,0.0,0.0,0.0,0.0,0.0,-0.02042027935385704,0.0051512401551008224,0.041194088757038116,-0.063724584877491,-0.09161826968193054,-0.10942308604717255,0.0613882914185524,0.06925120949745178,0.049777038395404816,0.0022244725842028856,-0.033627066761255264,-0.010904870927333832,-0.0006284063565544784,0.01180188450962305,0.0629149079322815,-0.06903942674398422,-0.12569653987884521,-0.12110008299350739,0.05913855507969856,0.06867194920778275,0.06630091369152069,-0.0023359598126262426,-0.05669135972857475,-0.04048546031117439,-9.426094948139507e-06,0.00023603768204338849,0.0009437236003577709,-0.00138078851159662,-0.0018854480003938079,-0.002422001678496599,0.0008870782912708819,0.001373438979499042,0.023205319419503212,-0.0008175859111361206,-0.019841976463794708,-0.014169910922646523,0.13495628535747528,-0.15687227249145508,0.1402275562286377,-0.15545181930065155,0.1345033347606659,0.14734713733196259,0.13541091978549957,0.15063661336898804,0.134965717792511,-0.15710830688476562,0.13928383588790894,-0.15407103300094604,0.13638877868652344,0.1497691422700882,0.13452383875846863,0.1492631733417511,-0.0016772589879110456,-0.013852698728442192,0.019468417391180992,-0.017904143780469894,-0.0474177822470665,0.012228554114699364,-0.049882590770721436,0.04951764643192291,0.3232053220272064,0.2991824150085449,0.28015804290771484,0.2858301103115082,0.0,0.0,1.0,0.0,-0.0,1.0,-0.0,-0.9999998807907104,0.30000001192092896,0.30000001192092896,0.30000001192092896,0.30000001192092896
4.25,0,0.07110892236232758,-0.023643774911761284,-0.004809610079973936,0.2804957628250122,1.0,0.2048221379518509,-0.009358714334666729,0.004537309054285288,1,1,1,1,12.008090019226074,2.6221957206726074,2.9201924800872803,11.417037010192871,12.008090019226074,2.6221957206726074,2.9201924800872803,11.417037010192871,0,0,0,0,0,0.9999994039535522,0.07964655011892319,-0.3186763525009155,0.078839510679245,-0.3174715042114258,0.32442817091941833,0.04991405829787254,0.3255445659160614,0.05002798140048981,-0.23528538644313812,0.04899684712290764,-0.2363608479499817,0.05000662803649902,0.0,0.0,0.0,0.0,0.0,0.0,-0.01723342016339302,0.005865066312253475,0.04381842911243439,-0.06310893595218658,-0.09854767471551895,-0.11382705718278885,0.06280858814716339,0.07021544128656387,0.05039997026324272,0.002542138332501054,-0.037179917097091675,-0.015671418979763985,-0.015740660950541496,0.007902787066996098,0.04520801082253456,-0.06326287239789963,-0.09854457527399063,-0.11034351587295532,0.05987808108329773,0.06771393865346909,0.05199090763926506,0.0044715022668242455,-0.03738170489668846,-0.016061095520853996,-0.00023610990319866687,0.0001580557436682284,0.000678120122756809,-0.0012652573641389608,-0.001478168647736311,-0.0022068703547120094,0.0008981712162494659,0.001354278763756156,0.018196817487478256,0.0015650257701054215,-0.013083596713840961,-0.005621383432298899,0.13472960889339447,-0.15695025026798248,0.13996195793151855,-0.15533629059791565,0.13491061329841614,0.14756226539611816,0.1354220062494278,0.15061745047569275,0.134965717792511,-0.15710830688476562,0.13928383588790894,-0.15407103300094604,0.13638877868652344,0.1497691422700882,0.13452383875846863,0.1492631733417511,-0.0016772589879110456,-0.013852698728442192,0.019468417391180992,-0.017904143780469894,-0.0474177822470665,0.012228554114699364,-0.049882590770721436,0.04951764643192291,0.3181968331336975,0.3015650510787964,0.2869164049625397,0.2943786382675171,0.0,0.0,1.0,0.0,-0.0,1.0,-0.0,-0.9999998807907104,0.30000001192092896,0.30000001192092896,0.30000001192092896,0.30000001192092896
4.3,0,0.07187975198030472,-0.023463496938347816,-0.001158774015493691,0.28046590089797974,1.0,0.20497022569179535,-0.009556158445775509,0.004648268222808838,1,1,1,1,11.506817817687988,2.988557815551758,3.2313408851623535,11.02911376953125,11.506817817687988,2.988557815551758,3.2313408851623535,11.02911376953125,0,0,0,0,0,0.9999993443489075,0.07963568717241287,-0.31868743896484375,0.07883618772029877,-0.31747496128082275,0.3251905143260956,0.049864962697029114,0.3262903094291687,0.04998639225959778,-0.23459039628505707,0.04912802577018738,-0.2355770766735077,0.04996323585510254,0.0,0.0,0.0,0.0,0.0,0.0,-0.014594906941056252,0.00679381936788559,0.04826219379901886,-0.06502687186002731,-0.09969904273748398,-0.10995960980653763,0.05995576083660126,0.06775005161762238,0.05443607270717621,-0.0003494008269626647,-0.040141552686691284,-0.020133676007390022,-0.01641964726150036,0.005892491899430752,0.045354921370744705,-0.06448033452033997,-0.09792941808700562,-0.11135615408420563,0.06096181645989418,0.06901972740888596,0.052141036838293076,0.0009067905484698713,-0.037662919610738754,-0.0166581142693758,-0.0002462947159074247,0.00011784983507823199,0.000680323806591332,-0.0012896066764369607,-0.0014689412200823426,-0.0022271231282502413,0.0009144272189587355,0.0013803945621475577,0.01824936270713806,0.0003173766890540719,-0.013182021677494049,-0.005830340087413788,0.13471941649913788,-0.15699045360088348,0.13996416330337524,-0.1553606390953064,0.13491983711719513,0.14754201471805573,0.13543826341629028,0.15064357221126556,0.134965717792511,-0.15710830688476562,0.13928383588790894,-0.15407103300094604,0.13638877868652344,0.1497691422700882,0.13452383875846863,0.1492631733417511,-0.0016772589879110456,-0.013852698728442192,0.019468417391180992,-0.017904143780469894,-0.0474177822470665,0.012228554114699364,-0.049882590770721436,0.04951764643192291,0.318249374628067,0.3003173768520355,0.2868179976940155,0.29416966438293457,0.0,0.0,1.0,0.0,-0.0,1.0,-0.0,-0.9999998807907104,0.30000001192092896,0.30000001192092896,0.30000001192092896,0.30000001192092896
4.35,0,0.07266196608543396,-0.02329842932522297,-0.0034539129119366407,0.2804403603076935,1.0,0.2026020586490631,-0.009045882150530815,0.004734278656542301,1,1,1,1,11.304023742675781,3.312512159347534,3.5110843181610107,10.731995582580566,11.304023742675781,3.312512159347534,3.5110843181610107,10.731995582580566,0,0,0,0,0,0.9999992847442627,0.07962730526924133,-0.3186958134174347,0.0788293331861496,-0.31748199462890625,0.325971394777298,0.049802061170339584,0.3270514905452728,0.049933020025491714,-0.23389990627765656,0.04924950376152992,-0.23478160798549652,0.04990527033805847,0.0,0.0,0.0,0.0,0.0,0.0,-0.017433667555451393,0.005804349668323994,0.046279389411211014,-0.06514696776866913,-0.09672246128320694,-0.10964632779359818,0.06042585149407387,0.06852215528488159,0.05363314598798752,0.00036596431164070964,-0.03790789470076561,-0.01691981963813305,-0.013323595747351646,0.007106180768460035,0.049049634486436844,-0.06471848487854004,-0.10351092368364334,-0.11261507868766785,0.06039216369390488,0.06853976845741272,0.054592858999967575,0.0008476581424474716,-0.04166490584611893,-0.022547820582985878,-0.00019985393737442791,0.0001421236083842814,0.0007357444847002625,-0.001294369692914188,-0.001552663859911263,-0.0022523014340549707,0.0009058824507519603,0.0013707953039556742,0.019107500091195107,0.000296680344035849,-0.01458271685987711,-0.007891736924648285,0.1347658634185791,-0.1569661796092987,0.14001958072185516,-0.15536540746688843,0.1348361074924469,0.14751684665679932,0.1354297250509262,0.15063397586345673,0.134965717792511,-0.15710830688476562,0.13928383588790894,-0.15407103300094604,0.13638877868652344,0.1497691422700882,0.13452383875846863,0.1492631733417511,-0.0016772589879110456,-0.013852698728442192,0.019468417391180992,-0.017904143780469894,-0.0474177822470665,0.012228554114699364,-0.049882590770721436,0.04951764643192291,0.3191075026988983,0.30029669404029846,0.2854172885417938,0.2921082675457001,0.0,0.0,1.0,0.0,-0.0,1.0,-0.0,-0.9999998807907104,0.30000001192092896,0.30000001192092896,0.30000001192092896,0.30000001192092896
4.4,0,0.07343842089176178,-0.023107312619686127,-0.002279972657561302,0.2804216146469116,1.0,0.20127080380916595,-0.009075302630662918,0.004844243172556162,1,1,1,1,10.911741256713867,3.6650640964508057,3.8411478996276855,10.34946346282959,10.911741256713867,3.6650640964508057,3.8411478996276855,10.34946346282959,0,0,0,0,0,0.9999991655349731,0.07961535453796387,-0.31870797276496887,0.07882440090179443,-0.31748709082603455,0.32675519585609436,0.049727413803339005,0.3278166949748993,0.049866482615470886,-0.23320700228214264,0.04936264082789421,-0.2339857965707779,0.049834541976451874,0.0,0.0,0.0,0.0,0.0,0.0,-0.01737702079117298,0.0054262056946754456,0.045664966106414795,-0.06632259488105774,-0.09587769210338593,-0.1081240177154541,0.05830192565917969,0.0687202736735344,0.055102866142988205,0.0006764890276826918,-0.03682437911629677,-0.017228204756975174,-0.015078676864504814,0.006758690346032381,0.048385798931121826,-0.06542744487524033,-0.10030336678028107,-0.1108039915561676,0.05998144671320915,0.06800221651792526,0.0549926832318306,-9.203497029375285e-05,-0.04062984883785248,-0.020339449867606163,-0.00022618014190811664,0.00013517380284611136,0.0007257869583554566,-0.001308548846282065,-0.0015045504551380873,-0.0022160797379910946,0.000899721693713218,0.0013600443489849567,0.01924743875861168,-3.22122396028135e-05,-0.014220447279512882,-0.007118807174265385,0.13473953306674957,-0.15697313845157623,0.14000962674617767,-0.15537957847118378,0.13488422334194183,0.14755305647850037,0.13542355597019196,0.15062321722507477,0.134965717792511,-0.15710830688476562,0.13928383588790894,-0.15407103300094604,0.13638877868652344,0.1497691422700882,0.13452383875846863,0.1492631733417511,-0.0016772589879110456,-0.013852698728442192,0.019468417391180992,-0.017904143780469894,-0.0474177822470665,0.012228554114699364,-0.049882590770721436,0.04951764643192291,0.31924745440483093,0.29996779561042786,0.28577956557273865,0.29288119077682495,0.0,0.0,1.0,0.0,-0.0,1.0,-0.0,-0.9999998807907104,0.30000001192092896,0.30000001192092896,0.30000001192092896,0.30000001192092896
4.45,0,0.07422840595245361,-0.022933246567845345,-0.003607647493481636,0.28039973974227905,1.0,0.19885478913784027,-0.00938063208013773,0.004937141668051481,1,1,1,1,10.668872833251953,3.9421803951263428,4.092594146728516,10.05566120147705,10.668872833251953,3.9421803951263428,4.092594146728516,10.05566120147705,0,0,0,0,0,0.9999991655349731,0.07960563898086548,-0.31871774792671204,0.07881578803062439,-0.31749579310417175,0.32754844427108765,0.04963909462094307,0.3285910189151764,0.049787621945142746,-0.23251010477542877,0.04946545138955116,-0.2331751435995102,0.04974822327494621,0.0,0.0,0.0,0.0,0.0,0.0,-0.019165925681591034,0.005915068089962006,0.04353870451450348,-0.06571577489376068,-0.09350837767124176,-0.1083638146519661,0.058624714612960815,0.0685005709528923,0.053595345467329025,0.0027985060587525368,-0.03523555025458336,-0.01375399436801672,-0.01618949882686138,0.0061798240058124065,0.04767676070332527,-0.06591132283210754,-0.09916277229785919,-0.11050017923116684,0.05965559929609299,0.06853701919317245,0.05529576912522316,0.0002946464519482106,-0.03961177542805672,-0.01954609341919422,-0.00024284247774630785,0.00012359647371340543,0.0007151513709686697,-0.001318226451985538,-0.0014874415937811136,-0.0022100035566836596,0.0008948339964263141,0.0013707403559237719,0.01935351826250553,0.00010312625818187371,-0.013864121399819851,-0.006841132417321205,0.13472287356853485,-0.15698471665382385,0.13999898731708527,-0.15538926422595978,0.13490132987499237,0.14755913615226746,0.13541866838932037,0.15063391625881195,0.134965717792511,-0.15710830688476562,0.13928383588790894,-0.15407103300094604,0.13638877868652344,0.1497691422700882,0.13452383875846863,0.1492631733417511,-0.0016772589879110456,-0.013852698728442192,0.019468417391180992,-0.017904143780469894,-0.0474177822470665,0.012228554114699364,-0.049882590770721436,0.04951764643192291,0.31935352087020874,0.3001031279563904,0.28613588213920593,0.2931588888168335,0.0,0.0,1.0,0.0,-0.0,1.0,-0.0,-0.9999998807907104,0.30000001192092896,0.30000001192092896,0.30000001192092896,0.30000001192092896
4.5,0,0.07503024488687515,-0.02275776118040085,-0.0074933660216629505,0.2803846597671509,1.0,0.2011147439479828,-0.00882700365036726,0.005036251153796911,1,1,1,1,10.225837707519531,4.438011646270752,4.63321590423584,9.272199630737305,10.225837707519531,4.438011646270752,4.63321590423584,9.272199630737305,0,0,0,0,0,0.9999990463256836,0.07959548383951187,-0.3187282383441925,0.07880620658397675,-0.3175053894519806,0.32834842801094055,0.049536045640707016,0.32938361167907715,0.0496944859623909,-0.2318093627691269,0.0495595782995224,-0.23235392570495605,0.04964807257056236,0.0,0.0,0.0,0.0,0.0,0.0,-0.018219299614429474,0.004808587022125721,0.04585377871990204,-0.06776805967092514,-0.09425485879182816,-0.10808593034744263,0.05795754864811897,0.06843015551567078,0.05586357042193413,-0.0019541913643479347,-0.03726173937320709,-0.01660395786166191,-0.016345681622624397,0.006306755356490612,0.048441290855407715,-0.06677357852458954,-0.09895181655883789,-0.11068100482225418,0.05984542891383171,0.0682317465543747,0.056331027299165726,-0.0012680217623710632,-0.04078260436654091,-0.02028927579522133,-0.0002451852196827531,0.0001261350989807397,0.0007266193279065192,-0.0013354715192690492,-0.0014842771925032139,-0.002213620115071535,0.0008976813987828791,0.0013646349543705583,0.01971585862338543,-0.00044380759936757386,-0.014273911714553833,-0.0071012466214597225,0.13472053408622742,-0.1569821685552597,0.14001046121120453,-0.15540650486946106,0.13490450382232666,0.14755551517009735,0.1354215145111084,0.15062780678272247,0.134965717792511,-0.15710830688476562,0.13928383588790894,-0.15407103300094604,0.13638877868652344,0.1497691422700882,0.13452383875846863,0.1492631733417511,-0.0016772589879110456,-0.013852698728442192,0.019468417391180992,-0.017904143780469894,-0.0474177822470665,0.012228554114699364,-0.049882590770721436,0.04951764643192291,0.31971585750579834,0.2995561957359314,0.2857261002063751,0.2928987741470337,0.0,0.0,1.0,0.0,-0.0,1.0,-0.0,-0.9999998807907104,0.30000001192092896,0.30000001192092896,0.30000001192092896,0.30000001192092896
4.55,0,0.07583498954772949,-0.022576777264475822,-0.0012915137922391295,0.28036803007125854,1.0,0.20573344826698303,-0.00873466208577156,0.005139869172126055,1,1,1,1,9.923711776733398,4.740067958831787,4.781997203826904,9.27169132232666,9.923711776733398,4.740067958831787,4.781997203826904,9.27169132232666,0,0,0,0,0,0.999998927116394,0.07958495616912842,-0.3187389373779297,0.07879877090454102,-0.31751304864883423,0.32915711402893066,0.049418870359659195,0.33017784357070923,0.049589499831199646,-0.23110494017601013,0.04964330419898033,-0.23153145611286163,0.049533262848854065,0.0,0.0,0.0,0.0,0.0,0.0,-0.01658693328499794,0.006037610583007336,0.04888896644115448,-0.06777043640613556,-0.09828124195337296,-0.1092267856001854,0.05855466425418854,0.06802024692296982,0.057692427188158035,-0.001540202647447586,-0.040403515100479126,-0.020576102659106255,-0.015031058341264725,0.00041168180177919567,0.05754024535417557,-0.07239343225955963,-0.10236150026321411,-0.10658889263868332,0.05874897912144661,0.07121901959180832,0.06570469588041306,-0.013884419575333595,-0.045463260263204575,-0.03463031351566315,-0.00022546587570104748,8.23363552626688e-06,0.000863103661686182,-0.0014478686498478055,-0.0015354225179180503,-0.0021317778155207634,0.0008812346495687962,0.0014243803452700377,0.02299664355814457,-0.004859546665102243,-0.015912141650915146,-0.012120609171688557,0.13474024832248688,-0.15710006654262543,0.14014694094657898,-0.15551890432834625,0.13485336303710938,0.14763736724853516,0.13540507853031158,0.1506875604391098,0.134965717792511,-0.15710830688476562,0.13928383588790894,-0.15407103300094604,0.13638877868652344,0.1497691422700882,0.13452383875846863,0.1492631733417511,-0.0016772589879110456,-0.013852698728442192,0.019468417391180992,-0.017904143780469894,-0.0474177822470665,0.012228554114699364,-0.049882590770721436,0.04951764643192291,0.3229966461658478,0.29514047503471375,0.2840878665447235,0.28787940740585327,0.0,0.0,1.0,0.0,-0.0,1.0,-0.0,-0.9999998807907104,0.30000001192092896,0.30000001192092896,0.30000001192092896,0.30000001192092896
4.6,0,0.07663968205451965,-0.022390207275748253,-0.0009119379101321101,0.28035569190979004,1.0,0.20180103182792664,-0.009018618613481522,0.00524738198146224,1,1,1,1,9.671159744262695,5.021608352661133,5.049903392791748,8.996543884277344,9.671159744262695,5.021608352661133,5.049903392791748,8.996543884277344,0,0,0,0,0,0.9999988079071045,0.07957462221384048,-0.31874948740005493,0.07878796011209488,-0.3175238370895386,0.32996758818626404,0.049287084490060806,0.3309781849384308,0.0494692288339138,-0.23040081560611725,0.04971592128276825,-0.23070241510868073,0.04940393194556236,0.0,0.0,0.0,0.0,0.0,0.0,-0.01805748976767063,0.005099797155708075,0.04717922583222389,-0.0680563747882843,-0.09498577564954758,-0.10709977895021439,0.057379867881536484,0.0680164247751236,0.05737033858895302,-0.0011773776495829225,-0.03827434405684471,-0.018574601039290428,-0.018235191702842712,0.0052596088498830795,0.046939197927713394,-0.06761739403009415,-0.09575419127941132,-0.10861460119485855,0.05850483849644661,0.06847698241472244,0.05668269097805023,-0.0008476270595565438,-0.038399625569581985,-0.01808411069214344,-0.0002735278685577214,0.00010519217175897211,0.0007040879572741687,-0.0013523478992283344,-0.0014363127993419766,-0.0021722919773310423,0.0008775725727900863,0.0013695396482944489,0.01983894221484661,-0.00029666945920325816,-0.013439868576824665,-0.006329438649117947,0.13469219207763672,-0.15700311958789825,0.13998793065547943,-0.1554233878850937,0.13495247066020966,0.14759685099124908,0.1354014128446579,0.15063270926475525,0.134965717792511,-0.15710830688476562,0.13928383588790894,-0.15407103300094604,0.13638877868652344,0.1497691422700882,0.13452383875846863,0.1492631733417511,-0.0016772589879110456,-0.013852698728442192,0.019468417391180992,-0.017904143780469894,-0.0474177822470665,0.012228554114699364,-0.049882590770721436,0.04951764643192291,0.3198389410972595,0.29970332980155945,0.28656014800071716,0.29367056488990784,0.0,0.0,1.0,0.0,-0.0,1.0,-0.0,-0.9999998807907104,0.30000001192092896,0.30000001192092896,0.30000001192092896,0.30000001192092896
4.65,0,0.07745610922574997,-0.022200245410203934,0.0005413128528743982,0.2803455889225006,1.0,0.19517382979393005,-0.008195651695132256,0.00536704994738102,1,1,1,1,9.043600082397461,5.576242446899414,5.428843975067139,8.44225025177002,9.043600082397461,5.576242446899414,5.428843975067139,8.44225025177002,0,0,0,0,0,0.9999986886978149,0.07956317067146301,-0.31876125931739807,0.07877799868583679,-0.3175337314605713,0.3307836949825287,0.049141015857458115,0.33179202675819397,0.049335233867168427,-0.2296838015317917,0.049779012799263,-0.22986313700675964,0.04925813153386116,0.0,0.0,0.0,0.0,0.0,0.0,-0.022327715530991554,0.003113748040050268,0.04236409440636635,-0.06860512495040894,-0.08861882984638214,-0.10452890396118164,0.05614854767918587,0.06939136981964111,0.05599101632833481,0.0008171978406608105,-0.03227043151855469,-0.012600254267454147,-0.017769169062376022,0.005667348392307758,0.04780028760433197,-0.06853249669075012,-0.0960054099559784,-0.10809626430273056,0.057607006281614304,0.06806842982769012,0.05836060643196106,-0.0015316582284867764,-0.03926848620176315,-0.019347701221704483,-0.00026653753593564034,0.0001133469631895423,0.0007170042954385281,-0.0013706499012187123,-0.0014400811633095145,-0.0021619251929223537,0.0008641050662845373,0.0013613685732707381,0.02042621187865734,-0.0005360803916119039,-0.013743969611823559,-0.006771695334464312,0.13469918072223663,-0.15699495375156403,0.1400008350610733,-0.15544168651103973,0.1349487006664276,0.14760722219944,0.13538794219493866,0.15062454342842102,0.134965717792511,-0.15710830688476562,0.13928383588790894,-0.15407103300094604,0.13638877868652344,0.1497691422700882,0.13452383875846863,0.1492631733417511,-0.0016772589879110456,-0.013852698728442192,0.019468417391180992,-0.017904143780469894,-0.0474177822470665,0.012228554114699364,-0.049882590770721436,0.04951764643192291,0.32042622566223145,0.2994639277458191,0.2862560451030731,0.2932283282279968,0.0,0.0,1.0,0.0,-0.0,1.0,-0.0,-0.9999998807907104,0.30000001192092896,0.30000001192092896,0.30000001192092896,0.30000001192092896
4.7,0,0.07828957587480545,-0.022022221237421036,0.001151603413745761,0.2803269028663635,1.0,0.20261120796203613,-0.011857466772198677,0.0054832990281283855,1,1,1,1,8.8499755859375,5.920191287994385,5.691335678100586,8.290404319763184,8.8499755859375,5.920191287994385,5.691335678100586,8.290404319763184,0,0,0,0,0,0.9999985694885254,0.07955196499824524,-0.3187728524208069,0.07876668125391006,-0.31754499673843384,0.33160877227783203,0.048978764563798904,0.3326112627983093,0.04918433353304863,-0.22896313667297363,0.04983282461762428,-0.22901307046413422,0.049095798283815384,0.0,0.0,0.0,0.0,0.0,0.0,-0.019291942939162254,0.0051728165708482265,0.047227874398231506,-0.06896857172250748,-0.0939115583896637,-0.10771491378545761,0.05792408064007759,0.06811119616031647,0.05837547034025192,-0.002175486646592617,-0.038790587335824966,-0.018217429518699646,-0.017879799008369446,0.00560852512717247,0.04844245687127113,-0.06841537356376648,-0.09654977917671204,-0.1086079329252243,0.058029621839523315,0.06797828525304794,0.05842334032058716,-0.0016688323812559247,-0.040189970284700394,-0.020168181508779526,-0.0002681969781406224,0.00011217049905098975,0.0007266368484124541,-0.0013683073921129107,-0.0014482466503977776,-0.0021721585653722286,0.0008704442880116403,0.0013595656491816044,0.020448168739676476,-0.0005840913509018719,-0.014066489413380623,-0.007058863528072834,0.13469752669334412,-0.15699613094329834,0.14001047611236572,-0.1554393470287323,0.13494053483009338,0.14759698510169983,0.13539429008960724,0.15062274038791656,0.134965717792511,-0.15710830688476562,0.13928383588790894,-0.15407103300094604,0.13638877868652344,0.1497691422700882,0.13452383875846863,0.1492631733417511,-0.0016772589879110456,-0.013852698728442192,0.019468417391180992,-0.017904143780469894,-0.0474177822470665,0.012228554114699364,-0.049882590770721436,0.04951764643192291,0.3204481899738312,0.2994159162044525,0.2859335243701935,0.292941153049469,0.0,0.0,1.0,0.0,-0.0,1.0,-0.0,-0.9999998807907104,0.30000001192092896,0.30000001192092896,0.30000001192092896,0.30000001192092896
4.75,0,0.0792413204908371,-0.022005664184689522,-0.015522798523306847,0.28026488423347473,1.0,0.20030145347118378,-0.02306385338306427,0.005047529935836792,1,1,1,1,10.265186309814453,4.485061168670654,4.544977188110352,9.295804977416992,10.265186309814453,4.485061168670654,4.544977188110352,9.295804977416992,0,0,0,0,0,0.9999983310699463,0.0795680433511734,-0.31875571608543396,0.0787901058793068,-0.31752046942710876,0.3324466347694397,0.04882171377539635,0.33346912264823914,0.04899885877966881,-0.22821183502674103,0.04988756403326988,-0.22813700139522552,0.048895470798015594,0.0,0.0,0.0,0.0,0.0,0.0,-0.02077024057507515,0.004610621370375156,0.04581005871295929,-0.06948769837617874,-0.09124509990215302,-0.10671336948871613,0.0574013777077198,0.06823872774839401,0.058414921164512634,-0.0023365013767033815,-0.03731507807970047,-0.01630578562617302,-0.04759940877556801,-0.0033921836875379086,0.014299905858933926,-0.06601250171661377,-0.04174354299902916,-0.08214332908391953,0.04955827817320824,0.06769997626543045,0.041627053171396255,0.011979721486568451,-0.002219719346612692,0.022488005459308624,-0.0007139911176636815,-6.784366996726021e-05,0.00021449857740662992,-0.0013202499831095338,-0.0006261531380005181,-0.001642866525799036,0.0007433741702698171,0.0013539994833990932,0.014569468796253204,0.0041929022409021854,-0.0007769017829559743,0.007870801724493504,0.13425172865390778,-0.1571761518716812,0.13949833810329437,-0.15539127588272095,0.13576263189315796,0.1481262743473053,0.1352672129869461,0.15061716735363007,0.13425171375274658,-0.1571761667728424,0.13949833810329437,-0.15539126098155975,0.13576261699199677,0.1481262892484665,0.1352672278881073,0.15061716735363007,-0.0025444417260587215,-0.01754140853881836,0.010605216026306152,-0.007799744606018066,-0.05827939510345459,0.026543736457824707,-0.04108834266662598,0.03635537624359131,0.31456947326660156,0.3041929006576538,0.2992231249809265,0.3078708052635193,0.0,0.0,1.0,0.0,-0.0,1.0,-0.0,-0.9999998807907104,0.30000001192092896,0.30000001192092896,0.30000001192092896,0.30000001192092896
4.8,0,0.08001790940761566,-0.02190626785159111,-0.0010849955724552274,0.2802869975566864,1.0,0.20106655359268188,-0.006092501804232597,0.005577562842518091,1,1,1,1,9.136069297790527,5.611749649047852,5.6840596199035645,8.323655128479004,9.136069297790527,5.611749649047852,5.6840596199035645,8.323655128479004,0,0,0,0,0,0.9999983310699463,0.07953644543886185,-0.3187882602214813,0.0787578895688057,-0.31755298376083374,0.33323028683662415,0.04874734207987785,0.33427995443344116,0.048829905688762665,-0.22746418416500092,0.04990720748901367,-0.2272902876138687,0.048713263124227524,0.0,0.0,0.0,0.0,0.0,0.0,-0.019068103283643723,0.00554459635168314,0.048577867448329926,-0.06846677511930466,-0.09209615737199783,-0.10626483708620071,0.059062592685222626,0.06625587493181229,0.0577487014234066,-0.005470404867082834,-0.040207259356975555,-0.01876986399292946,-0.030843030661344528,0.005414421670138836,0.021379677578806877,-0.07770323008298874,-0.08716470748186111,-0.11462650448083878,0.044952746480703354,0.08215619623661041,0.061808064579963684,0.026182981207966805,-0.013725688681006432,0.007787963375449181,-0.00046264546108432114,0.00010828843369381502,0.0003206951660104096,-0.0015540645690634847,-0.0013074706075713038,-0.00229253014549613,0.0006742911646142602,0.0016431239200755954,0.02163282223045826,0.009164043702185154,-0.004803990945219994,0.002725787227973342,0.1345030665397644,-0.15700002014636993,0.13960452377796173,-0.1556251049041748,0.13508130609989166,0.14747661352157593,0.13519813120365143,0.1509062945842743,0.134965717792511,-0.15710830688476562,0.13928383588790894,-0.15407103300094604,0.13638877868652344,0.1497691422700882,0.13452383875846863,0.1492631733417511,-0.0016772589879110456,-0.013852698728442192,0.019468417391180992,-0.017904143780469894,-0.0474177822470665,0.012228554114699364,-0.049882590770721436,0.04951764643192291,0.32163283228874207,0.30916404724121094,0.2951960265636444,0.30272579193115234,0.0,0.0,1.0,0.0,-0.0,1.0,-0.0,-0.9999998807907104,0.30000001192092896,0.30000001192092896,0.30000001192092896,0.30000001192092896
4.85,0,0.08079469203948975,-0.02179233357310295,-0.0012499559670686722,0.280305415391922,1.0,0.20357105135917664,-0.006443376187235117,0.006047558505088091,1,1,1,1,8.969146728515625,5.818197250366211,5.825941562652588,8.122720718383789,8.969146728515625,5.818197250366211,5.825941562652588,8.122720718383789,0,0,0,0,0,0.9999982118606567,0.07950829714536667,-0.318817138671875,0.07872869819402695,-0.3175821304321289,0.3340134024620056,0.04866062104701996,0.3350870907306671,0.04864535853266716,-0.22672289609909058,0.0499211885035038,-0.22645066678524017,0.04851280152797699,0.0,0.0,0.0,0.0,0.0,0.0,-0.017089471220970154,0.005208885762840509,0.050423234701156616,-0.069305419921875,-0.09504112601280212,-0.10602737963199615,0.0573929026722908,0.06666554510593414,0.05956543609499931,-0.005107789300382137,-0.041270624846220016,-0.022045202553272247,-0.02102592960000038,0.005211093928664923,0.046894919127225876,-0.06862052530050278,-0.08968965709209442,-0.10616151988506317,0.05942986533045769,0.06674894690513611,0.05722210556268692,-0.0049648345448076725,-0.03853824362158775,-0.01643473282456398,-0.00031538892653770745,0.00010422187915537506,0.0007034237496554852,-0.001372410450130701,-0.0013453448191285133,-0.002123230369761586,0.0008914479403756559,0.0013349789660423994,0.020027736201882362,-0.0017376920441165566,-0.013488384895026684,-0.005752156488597393,0.1346503347158432,-0.15700408816337585,0.1399872601032257,-0.1554434448480606,0.1350434273481369,0.14764590561389923,0.13541528582572937,0.15059815347194672,0.134965717792511,-0.15710830688476562,0.13928383588790894,-0.15407103300094604,0.13638877868652344,0.1497691422700882,0.13452383875846863,0.1492631733417511,-0.0016772589879110456,-0.013852698728442192,0.019468417391180992,-0.017904143780469894,-0.0474177822470665,0.012228554114699364,-0.049882590770721436,0.04951764643192291,0.32002773880958557,0.2982623279094696,0.28651162981987,0.2942478656768799,0.0,0.0,1.0,0.0,-0.0,1.0,-0.0,-0.9999998807907104,0.30000001192092896,0.30000001192092896,0.30000001192092896,0.30000001192092896
4.9,0,0.08151905983686447,-0.021503714844584465,0.0012653289595618844,0.280326247215271,1.0,0.20318405330181122,-0.004015757702291012,0.006232799496501684,1,1,1,1,8.93742561340332,5.949459552764893,5.988065719604492,8.449097633361816,8.93742561340332,5.949459552764893,5.988065719604492,8.449097633361816,0,0,0,0,0,0.9999982118606567,0.07949401438236237,-0.3188314735889435,0.07871491461992264,-0.3175961375236511,0.33479103446006775,0.04856269434094429,0.335861474275589,0.04848655313253403,-0.22598181664943695,0.04992861673235893,-0.22570396959781647,0.04851658269762993,0.0,0.0,0.0,0.0,0.0,0.0,-0.019919494166970253,0.007224579341709614,0.045179251581430435,-0.06944698095321655,-0.09263072162866592,-0.11041134595870972,0.05847413092851639,0.06787637621164322,0.05871884897351265,-0.001152348006144166,-0.03877996280789375,-0.014834870584309101,-0.019606508314609528,0.005275028292089701,0.048176974058151245,-0.06954851001501083,-0.09214199334383011,-0.10662946850061417,0.058296702802181244,0.06694602966308594,0.05892276018857956,-0.0049675218760967255,-0.03978770598769188,-0.018562154844403267,-0.0002940976119134575,0.00010550056322244927,0.0007226545712910593,-0.0013909701956436038,-0.00138212984893471,-0.002132589230313897,0.0008744505466893315,0.0013389205560088158,0.020622964948415756,-0.0017386326799169183,-0.013925696723163128,-0.0064967540092766285,0.13467161357402802,-0.15700280666351318,0.14000649750232697,-0.15546199679374695,0.13500665128231049,0.1476365476846695,0.1353982836008072,0.1506020873785019,0.134965717792511,-0.15710830688476562,0.13928383588790894,-0.15407103300094604,0.13638877868652344,0.1497691422700882,0.13452383875846863,0.1492631733417511,-0.0016772589879110456,-0.013852698728442192,0.019468417391180992,-0.017904143780469894,-0.0474177822470665,0.012228554114699364,-0.049882590770721436,0.04951764643192291,0.320622980594635,0.2982613742351532,0.28607431054115295,0.2935032546520233,0.0,0.0,1.0,0.0,-0.0,1.0,-0.0,-0.9999998807907104,0.30000001192092896,0.30000001192092896,0.30000001192092896,0.30000001192092896
4.95,0,0.08221623301506042,-0.021295174956321716,0.0001820452162064612,0.2803276777267456,1.0,0.19480513036251068,-0.007335887290537357,0.006031897850334644,1,1,1,1,8.178967475891113,6.261345863342285,6.628288269042969,7.664992809295654,8.178967475891113,6.261345863342285,6.628288269042969,7.664992809295654,0,0,0,0,0,0.9999983310699463,0.07949775457382202,-0.3188279867172241,0.07872097939252853,-0.3175903260707855,0.3355463743209839,0.04845357686281204,0.33658233284950256,0.048531606793403625,-0.22527600824832916,0.049929648637771606,-0.22497230768203735,0.04855639487504959,0.0,0.0,0.0,0.0,0.0,0.0,-0.025044376030564308,0.004220049828290939,0.038778144866228104,-0.06694809347391129,-0.08618059009313583,-0.10814394801855087,0.05852630361914635,0.06986451148986816,0.053200092166662216,0.0042440579272806644,-0.03141842409968376,-0.007365558296442032,-0.018552495166659355,0.005958798807114363,0.04593168944120407,-0.0663803443312645,-0.09552149474620819,-0.1092420220375061,0.0585571825504303,0.0680990070104599,0.0548458956182003,0.0025429364759474993,-0.037735674530267715,-0.01611223630607128,-0.00027828742167912424,0.0001191759729408659,0.0006889753276482224,-0.001327606849372387,-0.0014328224351629615,-0.0021848403848707676,0.000878357735928148,0.001361980102956295,0.01919606328010559,0.0008900277316570282,-0.013207485899329185,-0.005639282520860434,0.1346874237060547,-0.15698912739753723,0.13997280597686768,-0.1553986370563507,0.13495595753192902,0.14758430421352386,0.13540220260620117,0.15062515437602997,0.134965717792511,-0.15710830688476562,0.13928383588790894,-0.15407103300094604,0.13638877868652344,0.1497691422700882,0.13452383875846863,0.1492631733417511,-0.0016772589879110456,-0.013852698728442192,0.019468417391180992,-0.017904143780469894,-0.0474177822470665,0.012228554114699364,-0.049882590770721436,0.04951764643192291,0.31919607520103455,0.3008900284767151,0.286792516708374,0.2943607270717621,0.0,0.0,1.0,0.0,-0.0,1.0,-0.0,-0.9999998807907104,0.30000001192092896,0.30000001192092896,0.30000001192092896,0.30000001192092896
