time_s,env_id,base_x_m,pitch_rad,pitch_rate_rad_s,margin_m,fsm_phase,action_l2,reward,roll_rad,fl_contact_state,fr_contact_state,rl_contact_state,rr_contact_state,fl_contact_force_n,fr_contact_force_n,rl_contact_force_n,rr_contact_force_n,fl_contact_upward_force_n,fr_contact_upward_force_n,rl_contact_upward_force_n,rr_contact_upward_force_n,fl_full_wheel_on_top,fr_full_wheel_on_top,rl_full_wheel_on_top,rr_full_wheel_on_top,all_wheels_on_top,support_score,fl_wheel_y_m,fr_wheel_y_m,rl_wheel_y_m,rr_wheel_y_m,fl_wheel_x_m,fl_wheel_z_m,fr_wheel_x_m,fr_wheel_z_m,rl_wheel_x_m,rl_wheel_z_m,rr_wheel_x_m,rr_wheel_z_m,fl_load_trim_z_m,fr_load_trim_z_m,fl_unload_trim_m,fr_unload_trim_m,rl_unload_trim_m,rr_unload_trim_m,policy_action_00,policy_action_01,policy_action_02,policy_action_03,policy_action_04,policy_action_05,policy_action_06,policy_action_07,policy_action_08,policy_action_09,policy_action_10,policy_action_11,executed_action_00,executed_action_01,executed_action_02,executed_action_03,executed_action_04,executed_action_05,executed_action_06,executed_action_07,executed_action_08,executed_action_09,executed_action_10,executed_action_11,scaled_wheel_center_residual_m_00,scaled_wheel_center_residual_m_01,scaled_wheel_center_residual_m_02,scaled_wheel_center_residual_m_03,scaled_wheel_center_residual_m_04,scaled_wheel_center_residual_m_05,scaled_wheel_center_residual_m_06,scaled_wheel_center_residual_m_07,scaled_wheel_speed_residual_rad_s_00,scaled_wheel_speed_residual_rad_s_01,scaled_wheel_speed_residual_rad_s_02,scaled_wheel_speed_residual_rad_s_03,requested_wheel_center_target_m_00,requested_wheel_center_target_m_01,requested_wheel_center_target_m_02,requested_wheel_center_target_m_03,requested_wheel_center_target_m_04,requested_wheel_center_target_m_05,requested_wheel_center_target_m_06,requested_wheel_center_target_m_07,final_wheel_center_target_m_00,final_wheel_center_target_m_01,final_wheel_center_target_m_02,final_wheel_center_target_m_03,final_wheel_center_target_m_04,final_wheel_center_target_m_05,final_wheel_center_target_m_06,final_wheel_center_target_m_07,final_servo_target_rad_00,final_servo_target_rad_01,final_servo_target_rad_02,final_servo_target_rad_03,final_servo_target_rad_04,final_servo_target_rad_05,final_servo_target_rad_06,final_servo_target_rad_07,final_wheel_target_rad_s_00,final_wheel_target_rad_s_01,final_wheel_target_rad_s_02,final_wheel_target_rad_s_03,reference_00,reference_01,reference_02,reference_03,reference_04,reference_05,reference_06,reference_07,reference_08,reference_09,reference_10,reference_11
0.0,0,0.023341462016105652,-0.013022538274526596,0.11482547223567963,0.2811872363090515,0.0,0.09763345122337341,0.14912132918834686,0.0011024805717170238,1,1,1,1,12.714151382446289,3.8829269409179688,7.918721675872803,0.0,12.714151382446289,3.8829269409179688,7.918721675872803,0.0,0,0,0,0,0,0.9998812675476074,0.08114944398403168,-0.3171718716621399,0.07888796180486679,-0.31741735339164734,0.2740977704524994,0.03834109753370285,0.2775287330150604,0.03980577737092972,-0.2972661554813385,0.048968832939863205,-0.29712435603141785,0.0495038703083992,0.0,0.0,0.0,0.0,0.0,0.0,-0.06272957473993301,0.010681056417524815,-0.05179034546017647,-0.009730573743581772,-0.014846335165202618,0.021067235618829727,0.0037235536146909,-0.017168991267681122,-0.0014091981574892998,-0.02041863463819027,0.03433774784207344,0.01163675170391798,0.0,-0.0,0.0,-0.0,0.0,0.0,0.0,0.0,0.0,0.0,0.0,0.0,0.0,-0.0,0.0,-0.0,0.0,0.0,0.0,0.0,0.0,0.0,0.0,0.0,0.134965717792511,-0.15710830688476562,0.13928383588790894,-0.15407103300094604,0.13638877868652344,0.1497691422700882,0.13452383875846863,0.1492631733417511,0.134965717792511,-0.15710830688476562,0.13928383588790894,-0.15407103300094604,0.13638877868652344,0.1497691422700882,0.13452383875846863,0.1492631733417511,-0.0016772589879110456,-0.013852698728442192,0.019468417391180992,-0.017904143780469894,-0.0474177822470665,0.012228554114699364,-0.049882590770721436,0.04951764643192291,0.30000001192092896,0.30000001192092896,0.30000001192092896,0.30000001192092896,0.0,0.0,1.0,0.0,-0.0,1.0,-0.0,-0.9999998807907104,0.30000001192092896,0.30000001192092896,0.30000001192092896,0.30000001192092896
0.05,0,0.015666522085666656,-0.02682233788073063,0.1289275586605072,0.2805386483669281,0.0,0.06555917859077454,-0.024424001574516296,0.0023936801590025425,1,1,1,1,10.592903137207031,0.0,1.932223916053772,14.988917350769043,10.592903137207031,0.0,1.932223916053772,14.988917350769043,0,0,0,0,0,0.9999775886535645,0.08023785054683685,-0.3180806040763855,0.07894018292427063,-0.31736695766448975,0.26907098293304443,0.048941176384687424,0.2702953815460205,0.049775630235672,-0.29860198497772217,0.04920469596982002,-0.29886698722839355,0.049287114292383194,0.0,0.0,0.0,0.0,0.0,0.0,-0.01455201767385006,-0.033615000545978546,0.005557850003242493,-0.009889316745102406,0.014024795033037663,-0.028200333938002586,0.0021841181442141533,-0.030393516644835472,0.00793688464909792,-0.01950824074447155,-0.01334038283675909,-0.01689871773123741,0.0,-0.0,0.0,-0.0,0.0,0.0,0.0,0.0,0.0,0.0,0.0,0.0,0.0,-0.0,0.0,-0.0,0.0,0.0,0.0,0.0,0.0,0.0,0.0,0.0,0.134965717792511,-0.15710830688476562,0.13928383588790894,-0.15407103300094604,0.13638877868652344,0.1497691422700882,0.13452383875846863,0.1492631733417511,0.134965717792511,-0.15710830688476562,0.13928383588790894,-0.15407103300094604,0.13638877868652344,0.1497691422700882,0.13452383875846863,0.1492631733417511,-0.0016772589879110456,-0.013852698728442192,0.019468417391180992,-0.017904143780469894,-0.0474177822470665,0.012228554114699364,-0.049882590770721436,0.04951764643192291,0.30000001192092896,0.30000001192092896,0.30000001192092896,0.30000001192092896,0.0,0.0,1.0,0.0,-0.0,1.0,-0.0,-0.9999998807907104,0.30000001192092896,0.30000001192092896,0.30000001192092896,0.30000001192092896
0.1,0,0.013757815584540367,-0.02484786882996559,0.020577864721417427,0.28191494941711426,0.0,0.12182819098234177,0.014425680972635746,0.0029744512867182493,1,1,1,1,10.273694038391113,3.593501567840576,4.040676116943359,10.773796081542969,10.273694038391113,3.593501567840576,4.040676116943359,10.773796081542969,0,0,0,0,0,0.9999909996986389,0.08020824939012527,-0.31810399889945984,0.07892251014709473,-0.31738439202308655,0.26883742213249207,0.048888951539993286,0.2691113352775574,0.04921359196305275,-0.2982182502746582,0.0491439551115036,-0.29869601130485535,0.049320951104164124,0.0,0.0,0.0,0.0,0.0,0.0,0.04174932837486267,-0.05098407343029976,0.0651841014623642,-0.019657056778669357,0.0275160800665617,-0.046659816056489944,-0.001099440036341548,-0.022790130227804184,-0.004336513578891754,-0.018600216135382652,-0.03787538781762123,-0.024701591581106186,0.0,-0.0,0.0,-0.0,0.0,0.0,0.0,0.0,0.0,0.0,0.0,0.0,0.0,-0.0,0.0,-0.0,0.0,0.0,0.0,0.0,0.0,0.0,0.0,0.0,0.134965717792511,-0.15710830688476562,0.13928383588790894,-0.15407103300094604,0.13638877868652344,0.1497691422700882,0.13452383875846863,0.1492631733417511,0.134965717792511,-0.15710830688476562,0.13928383588790894,-0.15407103300094604,0.13638877868652344,0.1497691422700882,0.13452383875846863,0.1492631733417511,-0.0016772589879110456,-0.013852698728442192,0.019468417391180992,-0.017904143780469894,-0.0474177822470665,0.012228554114699364,-0.049882590770721436,0.04951764643192291,0.30000001192092896,0.30000001192092896,0.30000001192092896,0.30000001192092896,0.0,0.0,1.0,0.0,-0.0,1.0,-0.0,-0.9999998807907104,0.30000001192092896,0.30000001192092896,0.30000001192092896,0.30000001192092896
0.15,0,0.013109934516251087,-0.02424972504377365,0.012135099619626999,0.2821604609489441,0.0,0.06834235042333603,0.016540121287107468,0.002885970054194331,1,1,1,1,10.919865608215332,3.0849831104278564,3.525653123855591,11.23495101928711,10.919865608215332,3.0849831104278564,3.525653123855591,11.23495101928711,0,0,0,0,0,0.9999959468841553,0.0802120715379715,-0.3180989623069763,0.07892055809497833,-0.31738588213920593,0.2689136266708374,0.04890654608607292,0.26898953318595886,0.04927949607372284,-0.2975761592388153,0.049030330032110214,-0.2981964349746704,0.049402784556150436,0.0,0.0,0.0,0.0,0.0,0.0,0.013522782362997532,-0.03908948227763176,0.02246568351984024,-0.018421050161123276,0.016521207988262177,-0.02434110827744007,-0.003603789024055004,-0.005905771628022194,-0.0062189726158976555,-0.017814891412854195,-0.025179265066981316,-0.014575173147022724,0.0,-0.0,0.0,-0.0,0.0,0.0,0.0,0.0,0.0,0.0,0.0,0.0,0.0,-0.0,0.0,-0.0,0.0,0.0,0.0,0.0,0.0,0.0,0.0,0.0,0.134965717792511,-0.15710830688476562,0.13928383588790894,-0.15407103300094604,0.13638877868652344,0.1497691422700882,0.13452383875846863,0.1492631733417511,0.134965717792511,-0.15710830688476562,0.13928383588790894,-0.15407103300094604,0.13638877868652344,0.1497691422700882,0.13452383875846863,0.1492631733417511,-0.0016772589879110456,-0.013852698728442192,0.019468417391180992,-0.017904143780469894,-0.0474177822470665,0.012228554114699364,-0.049882590770721436,0.04951764643192291,0.30000001192092896,0.30000001192092896,0.30000001192092896,0.30000001192092896,0.0,0.0,1.0,0.0,-0.0,1.0,-0.0,-0.9999998807907104,0.30000001192092896,0.30000001192092896,0.30000001192092896,0.30000001192092896
0.2,0,0.013016348704695702,-0.024022843688726425,0.0038820814806967974,0.28224417567253113,0.0,0.0682622492313385,0.019020982086658478,0.002764298813417554,1,1,1,1,11.135567665100098,2.8916923999786377,2.985776424407959,11.529383659362793,11.135567665100098,2.8916923999786377,2.985776424407959,11.529383659362793,0,0,0,0,0,0.9999979734420776,0.08021669834852219,-0.3180934488773346,0.07891468703746796,-0.3173910081386566,0.2691338360309601,0.04895373061299324,0.26908713579177856,0.0493650957942009,-0.29676899313926697,0.048887819051742554,-0.2975711524486542,0.049497589468955994,0.0,0.0,0.0,0.0,0.0,0.0,0.01991063728928566,-0.038988951593637466,0.023595452308654785,-0.014409367926418781,0.01961735263466835,-0.01905028708279133,-0.0062898192554712296,0.0034580493811517954,-0.012736434116959572,-0.016125213354825974,-0.024377934634685516,-0.012766782194375992,0.0,-0.0,0.0,-0.0,0.0,0.0,0.0,0.0,0.0,0.0,0.0,0.0,0.0,-0.0,0.0,-0.0,0.0,0.0,0.0,0.0,0.0,0.0,0.0,0.0,0.134965717792511,-0.15710830688476562,0.13928383588790894,-0.15407103300094604,0.13638877868652344,0.1497691422700882,0.13452383875846863,0.1492631733417511,0.134965717792511,-0.15710830688476562,0.13928383588790894,-0.15407103300094604,0.13638877868652344,0.1497691422700882,0.13452383875846863,0.1492631733417511,-0.0016772589879110456,-0.013852698728442192,0.019468417391180992,-0.017904143780469894,-0.0474177822470665,0.012228554114699364,-0.049882590770721436,0.04951764643192291,0.30000001192092896,0.30000001192092896,0.30000001192092896,0.30000001192092896,0.0,0.0,1.0,0.0,-0.0,1.0,-0.0,-0.9999998807907104,0.30000001192092896,0.30000001192092896,0.30000001192092896,0.30000001192092896
0.25,0,0.01319970190525055,-0.023659981787204742,0.021236876025795937,0.2822675406932831,0.0,0.07233326882123947,0.019470367580652237,0.002884095534682274,1,1,1,1,10.570789337158203,3.4994900226593018,4.008712291717529,10.836610794067383,10.570789337158203,3.4994900226593018,4.008712291717529,10.836610794067383,0,0,0,0,0,0.999998927116394,0.08020981401205063,-0.31810110807418823,0.0789145678281784,-0.3173907995223999,0.2694382667541504,0.04901048541069031,0.2694564163684845,0.049450211226940155,-0.2959713935852051,0.048987533897161484,-0.2968793213367462,0.04960213229060173,0.0,0.0,0.0,0.0,0.0,0.0,0.022294996306300163,-0.04097454622387886,0.025660047307610512,-0.013186962343752384,0.022678552195429802,-0.01887570135295391,-0.007278546690940857,0.004743070341646671,-0.013646602630615234,-0.015792306512594223,-0.025707492604851723,-0.013461155816912651,0.0,-0.0,0.0,-0.0,0.0,0.0,0.0,0.0,0.0,0.0,0.0,0.0,0.0,-0.0,0.0,-0.0,0.0,0.0,0.0,0.0,0.0,0.0,0.0,0.0,0.134965717792511,-0.15710830688476562,0.13928383588790894,-0.15407103300094604,0.13638877868652344,0.1497691422700882,0.13452383875846863,0.1492631733417511,0.134965717792511,-0.15710830688476562,0.13928383588790894,-0.15407103300094604,0.13638877868652344,0.1497691422700882,0.13452383875846863,0.1492631733417511,-0.0016772589879110456,-0.013852698728442192,0.019468417391180992,-0.017904143780469894,-0.0474177822470665,0.012228554114699364,-0.049882590770721436,0.04951764643192291,0.30000001192092896,0.30000001192092896,0.30000001192092896,0.30000001192092896,0.0,0.0,1.0,0.0,-0.0,1.0,-0.0,-0.9999998807907104,0.30000001192092896,0.30000001192092896,0.30000001192092896,0.30000001192092896
0.3,0,0.013581688515841961,-0.023410849273204803,0.01740395277738571,0.28230682015419006,0.0,0.0682116150856018,0.019226618111133575,0.003046697936952114,1,1,1,1,10.485687255859375,3.566459894180298,3.844695568084717,10.889389038085938,10.485687255859375,3.566459894180298,3.844695568084717,10.889389038085938,0,0,0,0,0,0.9999992847442627,0.0801989734172821,-0.3181130290031433,0.07890252768993378,-0.31740251183509827,0.26980406045913696,0.04907643049955368,0.26994946599006653,0.04953519627451897,-0.29517650604248047,0.049130555242300034,-0.2961544096469879,0.04970023036003113,0.0,0.0,0.0,0.0,0.0,0.0,0.018888909369707108,-0.03903145343065262,0.015461615286767483,-0.013146201148629189,0.02012932114303112,-0.012107276357710361,-0.008790450170636177,0.01728886552155018,-0.017105260863900185,-0.015713868662714958,-0.02658049762248993,-0.013663951307535172,0.0,-0.0,0.0,-0.0,0.0,0.0,0.0,0.0,0.0,0.0,0.0,0.0,0.0,-0.0,0.0,-0.0,0.0,0.0,0.0,0.0,0.0,0.0,0.0,0.0,0.134965717792511,-0.15710830688476562,0.13928383588790894,-0.15407103300094604,0.13638877868652344,0.1497691422700882,0.13452383875846863,0.1492631733417511,0.134965717792511,-0.15710830688476562,0.13928383588790894,-0.15407103300094604,0.13638877868652344,0.1497691422700882,0.13452383875846863,0.1492631733417511,-0.0016772589879110456,-0.013852698728442192,0.019468417391180992,-0.017904143780469894,-0.0474177822470665,0.012228554114699364,-0.049882590770721436,0.04951764643192291,0.30000001192092896,0.30000001192092896,0.30000001192092896,0.30000001192092896,0.0,0.0,1.0,0.0,-0.0,1.0,-0.0,-0.9999998807907104,0.30000001192092896,0.30000001192092896,0.30000001192092896,0.30000001192092896
0.35,0,0.014054040424525738,-0.023187492042779922,0.008401703089475632,0.28229984641075134,0.0,0.07962596416473389,0.01936875283718109,0.00321564800105989,1,1,1,1,9.858565330505371,4.082683563232422,4.325572967529297,10.420578956604004,9.858565330505371,4.082683563232422,4.325572967529297,10.420578956604004,0,0,0,0,0,0.9999995231628418,0.0801876038312912,-0.31812551617622375,0.07888652384281158,-0.31741851568222046,0.2702014446258545,0.04914586618542671,0.27046632766723633,0.04961453750729561,-0.29439765214920044,0.049263082444667816,-0.2954004406929016,0.04978952184319496,0.0,0.0,0.0,0.0,0.0,0.0,0.025973983108997345,-0.04275275394320488,0.023235179483890533,-0.013509221374988556,0.026718709617853165,-0.016084512695670128,-0.00892655923962593,0.018283776938915253,-0.01729959435760975,-0.015464680269360542,-0.031114457175135612,-0.014911523088812828,0.0,-0.0,0.0,-0.0,0.0,0.0,0.0,0.0,0.0,0.0,0.0,0.0,0.0,-0.0,0.0,-0.0,0.0,0.0,0.0,0.0,0.0,0.0,0.0,0.0,0.134965717792511,-0.15710830688476562,0.13928383588790894,-0.15407103300094604,0.13638877868652344,0.1497691422700882,0.13452383875846863,0.1492631733417511,0.134965717792511,-0.15710830688476562,0.13928383588790894,-0.15407103300094604,0.13638877868652344,0.1497691422700882,0.13452383875846863,0.1492631733417511,-0.0016772589879110456,-0.013852698728442192,0.019468417391180992,-0.017904143780469894,-0.0474177822470665,0.012228554114699364,-0.049882590770721436,0.04951764643192291,0.30000001192092896,0.30000001192092896,0.30000001192092896,0.30000001192092896,0.0,0.0,1.0,0.0,-0.0,1.0,-0.0,-0.9999998807907104,0.30000001192092896,0.30000001192092896,0.30000001192092896,0.30000001192092896
0.4,0,0.014690288342535496,-0.023027727380394936,0.0076033324003219604,0.2822261452674866,0.0,0.072750024497509,0.019365958869457245,0.003440412925556302,1,1,1,1,10.194955825805664,3.852424383163452,4.099093437194824,10.556655883789062,10.194955825805664,3.852424383163452,4.099093437194824,10.556655883789062,0,0,0,0,0,0.9999995231628418,0.08017473667860031,-0.31813961267471313,0.07887893915176392,-0.31742653250694275,0.2706605792045593,0.049223992973566055,0.2710447907447815,0.04969676584005356,-0.2935950756072998,0.04938562586903572,-0.29459020495414734,0.049871381372213364,0.0,0.0,0.0,0.0,0.0,0.0,0.02401113510131836,-0.03982357680797577,0.019161025062203407,-0.012092757038772106,0.023932132869958878,-0.013214454054832458,-0.009716571308672428,0.017015494406223297,-0.017570266500115395,-0.015174208208918571,-0.027554871514439583,-0.013681543990969658,0.0,-0.0,0.0,-0.0,0.0,0.0,0.0,0.0,0.0,0.0,0.0,0.0,0.0,-0.0,0.0,-0.0,0.0,0.0,0.0,0.0,0.0,0.0,0.0,0.0,0.134965717792511,-0.15710830688476562,0.13928383588790894,-0.15407103300094604,0.13638877868652344,0.1497691422700882,0.13452383875846863,0.1492631733417511,0.134965717792511,-0.15710830688476562,0.13928383588790894,-0.15407103300094604,0.13638877868652344,0.1497691422700882,0.13452383875846863,0.1492631733417511,-0.0016772589879110456,-0.013852698728442192,0.019468417391180992,-0.017904143780469894,-0.0474177822470665,0.012228554114699364,-0.049882590770721436,0.04951764643192291,0.30000001192092896,0.30000001192092896,0.30000001192092896,0.30000001192092896,0.0,0.0,1.0,0.0,-0.0,1.0,-0.0,-0.9999998807907104,0.30000001192092896,0.30000001192092896,0.30000001192092896,0.30000001192092896
0.45,0,0.015337272547185421,-0.022904474288225174,0.005827965680509806,0.28216031193733215,0.0,0.07193252444267273,0.019636597484350204,0.0036294881720095873,1,1,1,1,10.17713451385498,3.8326568603515625,4.0276570320129395,10.581562042236328,10.17713451385498,3.8326568603515625,4.0276570320129395,10.581562042236328,0,0,0,0,0,0.9999995231628418,0.08016060292720795,-0.31815487146377563,0.07886599749326706,-0.3174399137496948,0.27113211154937744,0.04930020123720169,0.2716386020183563,0.04977027699351311,-0.2928112745285034,0.049493975937366486,-0.2937697470188141,0.04993797838687897,0.0,0.0,0.0,0.0,0.0,0.0,0.023572750389575958,-0.03934904560446739,0.017398664727807045,-0.012101259082555771,0.02503516525030136,-0.011873751878738403,-0.00965945515781641,0.018856022506952286,-0.018875014036893845,-0.015345292165875435,-0.02621571719646454,-0.011202849447727203,0.0,-0.0,0.0,-0.0,0.0,0.0,0.0,0.0,0.0,0.0,0.0,0.0,0.0,-0.0,0.0,-0.0,0.0,0.0,0.0,0.0,0.0,0.0,0.0,0.0,0.134965717792511,-0.15710830688476562,0.13928383588790894,-0.15407103300094604,0.13638877868652344,0.1497691422700882,0.13452383875846863,0.1492631733417511,0.134965717792511,-0.15710830688476562,0.13928383588790894,-0.15407103300094604,0.13638877868652344,0.1497691422700882,0.13452383875846863,0.1492631733417511,-0.0016772589879110456,-0.013852698728442192,0.019468417391180992,-0.017904143780469894,-0.0474177822470665,0.012228554114699364,-0.049882590770721436,0.04951764643192291,0.30000001192092896,0.30000001192092896,0.30000001192092896,0.30000001192092896,0.0,0.0,1.0,0.0,-0.0,1.0,-0.0,-0.9999998807907104,0.30000001192092896,0.30000001192092896,0.30000001192092896,0.30000001192092896
0.5,0,0.016034597530961037,-0.022852426394820213,0.004010581411421299,0.28208813071250916,0.0,0.07169468700885773,0.019736938178539276,0.003818090772256255,1,1,1,1,10.218354225158691,3.911592960357666,4.387474536895752,10.349945068359375,10.218354225158691,3.911592960357666,4.387474536895752,10.349945068359375,0,0,0,0,0,0.9999995231628418,0.08014889061450958,-0.31816771626472473,0.07885773479938507,-0.3174484968185425,0.27163299918174744,0.04937625676393509,0.2722628712654114,0.049839086830616,-0.2920158803462982,0.04959217831492424,-0.2929479777812958,0.049993883818387985,0.0,0.0,0.0,0.0,0.0,0.0,0.02498987875878811,-0.03842181712388992,0.01836017705500126,-0.011909752152860165,0.024280555546283722,-0.01132679358124733,-0.00981740839779377,0.018865663558244705,-0.019183440133929253,-0.014681614004075527,-0.026109276339411736,-0.011183686554431915,0.0,-0.0,0.0,-0.0,0.0,0.0,0.0,0.0,0.0,0.0,0.0,0.0,0.0,-0.0,0.0,-0.0,0.0,0.0,0.0,0.0,0.0,0.0,0.0,0.0,0.134965717792511,-0.15710830688476562,0.13928383588790894,-0.15407103300094604,0.13638877868652344,0.1497691422700882,0.13452383875846863,0.1492631733417511,0.134965717792511,-0.15710830688476562,0.13928383588790894,-0.15407103300094604,0.13638877868652344,0.1497691422700882,0.13452383875846863,0.1492631733417511,-0.0016772589879110456,-0.013852698728442192,0.019468417391180992,-0.017904143780469894,-0.0474177822470665,0.012228554114699364,-0.049882590770721436,0.04951764643192291,0.30000001192092896,0.30000001192092896,0.30000001192092896,0.30000001192092896,0.0,0.0,1.0,0.0,-0.0,1.0,-0.0,-0.9999998807907104,0.30000001192092896,0.30000001192092896,0.30000001192092896,0.30000001192092896
0.55,0,0.016727807000279427,-0.02280762791633606,0.0036854995414614677,0.2820153832435608,0.0,0.07419604808092117,0.019443180412054062,0.003969062119722366,1,1,1,1,10.193528175354004,3.8938863277435303,4.260622024536133,10.573785781860352,10.193528175354004,3.8938863277435303,4.260622024536133,10.573785781860352,0,0,0,0,0,0.9999995231628418,0.08013743162155151,-0.31818002462387085,0.07884223014116287,-0.3174644112586975,0.27214375138282776,0.04944891110062599,0.2728842794895172,0.049899108707904816,-0.2912285327911377,0.04967597872018814,-0.2921248972415924,0.050034962594509125,0.0,0.0,0.0,0.0,0.0,0.0,0.02678908221423626,-0.039239682257175446,0.02004793845117092,-0.012302318587899208,0.025886019691824913,-0.012044898234307766,-0.009558770805597305,0.0188599843531847,-0.01937662437558174,-0.014598524197936058,-0.026924584060907364,-0.010892211459577084,0.0,-0.0,0.0,-0.0,0.0,0.0,0.0,0.0,0.0,0.0,0.0,0.0,0.0,-0.0,0.0,-0.0,0.0,0.0,0.0,0.0,0.0,0.0,0.0,0.0,0.134965717792511,-0.15710830688476562,0.13928383588790894,-0.15407103300094604,0.13638877868652344,0.1497691422700882,0.13452383875846863,0.1492631733417511,0.134965717792511,-0.15710830688476562,0.13928383588790894,-0.15407103300094604,0.13638877868652344,0.1497691422700882,0.13452383875846863,0.1492631733417511,-0.0016772589879110456,-0.013852698728442192,0.019468417391180992,-0.017904143780469894,-0.0474177822470665,0.012228554114699364,-0.049882590770721436,0.04951764643192291,0.30000001192092896,0.30000001192092896,0.30000001192092896,0.30000001192092896,0.0,0.0,1.0,0.0,-0.0,1.0,-0.0,-0.9999998807907104,0.30000001192092896,0.30000001192092896,0.30000001192092896,0.30000001192092896
0.6,0,0.017435800284147263,-0.022796379402279854,0.0018285491969436407,0.28194791078567505,0.0,0.07560662180185318,0.01941438764333725,0.004131522960960865,1,1,1,1,10.126166343688965,4.0218424797058105,4.251471996307373,10.342216491699219,10.126166343688965,4.0218424797058105,4.251471996307373,10.342216491699219,0,0,0,0,0,0.999999463558197,0.08012823015451431,-0.31819018721580505,0.07883168756961823,-0.317475289106369,0.2726677656173706,0.04951734468340874,0.2735224664211273,0.049952346831560135,-0.2904347777366638,0.04974789172410965,-0.291287899017334,0.050060078501701355,0.0,0.0,0.0,0.0,0.0,0.0,0.029124854132533073,-0.03907084837555885,0.02300652675330639,-0.011316775344312191,0.025406695902347565,-0.011882985942065716,-0.009896823205053806,0.01806027814745903,-0.020403370261192322,-0.014054344967007637,-0.026951419189572334,-0.011540178209543228,0.0,-0.0,0.0,-0.0,0.0,0.0,0.0,0.0,0.0,0.0,0.0,0.0,0.0,-0.0,0.0,-0.0,0.0,0.0,0.0,0.0,0.0,0.0,0.0,0.0,0.134965717792511,-0.15710830688476562,0.13928383588790894,-0.15407103300094604,0.13638877868652344,0.1497691422700882,0.13452383875846863,0.1492631733417511,0.134965717792511,-0.15710830688476562,0.13928383588790894,-0.15407103300094604,0.13638877868652344,0.1497691422700882,0.13452383875846863,0.1492631733417511,-0.0016772589879110456,-0.013852698728442192,0.019468417391180992,-0.017904143780469894,-0.0474177822470665,0.012228554114699364,-0.049882590770721436,0.04951764643192291,0.30000001192092896,0.30000001192092896,0.30000001192092896,0.30000001192092896,0.0,0.0,1.0,0.0,-0.0,1.0,-0.0,-0.9999998807907104,0.30000001192092896,0.30000001192092896,0.30000001192092896,0.30000001192092896
0.65,0,0.018162256106734276,-0.022812020033597946,-0.0034965763334184885,0.2818816304206848,0.0,0.07246246188879013,0.019850194454193115,0.004290284123271704,1,1,1,1,10.371542930603027,3.9234840869903564,4.144803047180176,10.41141128540039,10.371542930603027,3.9234840869903564,4.144803047180176,10.41141128540039,0,0,0,0,0,0.9999994039535522,0.08011730015277863,-0.31820207834243774,0.07882529497146606,-0.317482054233551,0.2732211649417877,0.04958411678671837,0.2741750478744507,0.049997929483652115,-0.28964197635650635,0.04980767145752907,-0.2904590666294098,0.05007301643490791,0.0,0.0,0.0,0.0,0.0,0.0,0.02724538743495941,-0.037527039647102356,0.01990653946995735,-0.010978879407048225,0.023737503215670586,-0.01020426582545042,-0.010441687889397144,0.01941882260143757,-0.021200936287641525,-0.014297574758529663,-0.025582268834114075,-0.011015604250133038,0.0,-0.0,0.0,-0.0,0.0,0.0,0.0,0.0,0.0,0.0,0.0,0.0,0.0,-0.0,0.0,-0.0,0.0,0.0,0.0,0.0,0.0,0.0,0.0,0.0,0.134965717792511,-0.15710830688476562,0.13928383588790894,-0.15407103300094604,0.13638877868652344,0.1497691422700882,0.13452383875846863,0.1492631733417511,0.134965717792511,-0.15710830688476562,0.13928383588790894,-0.15407103300094604,0.13638877868652344,0.1497691422700882,0.13452383875846863,0.1492631733417511,-0.0016772589879110456,-0.013852698728442192,0.019468417391180992,-0.017904143780469894,-0.0474177822470665,0.012228554114699364,-0.049882590770721436,0.04951764643192291,0.30000001192092896,0.30000001192092896,0.30000001192092896,0.30000001192092896,0.0,0.0,1.0,0.0,-0.0,1.0,-0.0,-0.9999998807907104,0.30000001192092896,0.30000001192092896,0.30000001192092896,0.30000001192092896
0.7,0,0.018873224034905434,-0.022840606048703194,-0.001570901949889958,0.2818072736263275,0.0,0.0761256068944931,0.0196889229118824,0.004425265826284885,1,1,1,1,10.480517387390137,3.776002883911133,3.7495617866516113,10.6643705368042,10.480517387390137,3.776002883911133,3.7495617866516113,10.6643705368042,0,0,0,0,0,0.9999994039535522,0.08010793477296829,-0.31821203231811523,0.07881136983633041,-0.3174963593482971,0.2737742066383362,0.0496453195810318,0.2748070955276489,0.05003504082560539,-0.2888606786727905,0.049852773547172546,-0.28962233662605286,0.050070032477378845,0.0,0.0,0.0,0.0,0.0,0.0,0.029952015727758408,-0.03868774697184563,0.022539762780070305,-0.01122513972222805,0.026552123948931694,-0.011464463546872139,-0.010043595917522907,0.019330015406012535,-0.02059434913098812,-0.013646873645484447,-0.027037257328629494,-0.010716719552874565,0.0,-0.0,0.0,-0.0,0.0,0.0,0.0,0.0,0.0,0.0,0.0,0.0,0.0,-0.0,0.0,-0.0,0.0,0.0,0.0,0.0,0.0,0.0,0.0,0.0,0.134965717792511,-0.15710830688476562,0.13928383588790894,-0.15407103300094604,0.13638877868652344,0.1497691422700882,0.13452383875846863,0.1492631733417511,0.134965717792511,-0.15710830688476562,0.13928383588790894,-0.15407103300094604,0.13638877868652344,0.1497691422700882,0.13452383875846863,0.1492631733417511,-0.0016772589879110456,-0.013852698728442192,0.019468417391180992,-0.017904143780469894,-0.0474177822470665,0.012228554114699364,-0.049882590770721436,0.04951764643192291,0.30000001192092896,0.30000001192092896,0.30000001192092896,0.30000001192092896,0.0,0.0,1.0,0.0,-0.0,1.0,-0.0,-0.9999998807907104,0.30000001192092896,0.30000001192092896,0.30000001192092896,0.30000001192092896
0.75,0,0.019588235765695572,-0.022872231900691986,-0.0033212515991181135,0.28173837065696716,0.0,0.0734618604183197,0.019963782280683517,0.004572680685669184,1,1,1,1,10.407952308654785,3.8984618186950684,3.8543667793273926,10.60055923461914,10.407952308654785,3.8984618186950684,3.8543667793273926,10.60055923461914,0,0,0,0,0,0.9999994039535522,0.08009742200374603,-0.31822317838668823,0.07880210876464844,-0.31750595569610596,0.27433881163597107,0.049699872732162476,0.2754473090171814,0.05006314814090729,-0.28807586431503296,0.049885764718055725,-0.2887958288192749,0.05005514249205589,0.0,0.0,0.0,0.0,0.0,0.0,0.027921276167035103,-0.03673941269516945,0.01983785443007946,-0.01026089582592249,0.02595083974301815,-0.008773718029260635,-0.010870775207877159,0.020576557144522667,-0.021507246419787407,-0.013009929098188877,-0.026859667152166367,-0.011098756454885006,0.0,-0.0,0.0,-0.0,0.0,0.0,0.0,0.0,0.0,0.0,0.0,0.0,0.0,-0.0,0.0,-0.0,0.0,0.0,0.0,0.0,0.0,0.0,0.0,0.0,0.134965717792511,-0.15710830688476562,0.13928383588790894,-0.15407103300094604,0.13638877868652344,0.1497691422700882,0.13452383875846863,0.1492631733417511,0.134965717792511,-0.15710830688476562,0.13928383588790894,-0.15407103300094604,0.13638877868652344,0.1497691422700882,0.13452383875846863,0.1492631733417511,-0.0016772589879110456,-0.013852698728442192,0.019468417391180992,-0.017904143780469894,-0.0474177822470665,0.012228554114699364,-0.049882590770721436,0.04951764643192291,0.30000001192092896,0.30000001192092896,0.30000001192092896,0.30000001192092896,0.0,0.0,1.0,0.0,-0.0,1.0,-0.0,-0.9999998807907104,0.30000001192092896,0.30000001192092896,0.30000001192092896,0.30000001192092896
0.8,0,0.02032119780778885,-0.02292165346443653,-0.0037299690302461386,0.28168633580207825,0.0,0.07445062696933746,0.019761189818382263,0.004721889737993479,1,1,1,1,10.400141716003418,3.9604249000549316,3.8048088550567627,10.58030891418457,10.400141716003418,3.9604249000549316,3.8048088550567627,10.58030891418457,0,0,0,0,0,0.9999993443489075,0.08008737117052078,-0.3182341158390045,0.07879260182380676,-0.3175157904624939,0.2749200761318207,0.04974967986345291,0.276120662689209,0.05008275806903839,-0.2872869074344635,0.049906175583601,-0.2879607379436493,0.050025250762701035,0.0,0.0,0.0,0.0,0.0,0.0,0.02995533123612404,-0.03700713813304901,0.020790714770555496,-0.00988701730966568,0.026085393503308296,-0.008920262567698956,-0.010628891177475452,0.021907582879066467,-0.02238960564136505,-0.013013849966228008,-0.025320131331682205,-0.009018909186124802,0.0,-0.0,0.0,-0.0,0.0,0.0,0.0,0.0,0.0,0.0,0.0,0.0,0.0,-0.0,0.0,-0.0,0.0,0.0,0.0,0.0,0.0,0.0,0.0,0.0,0.134965717792511,-0.15710830688476562,0.13928383588790894,-0.15407103300094604,0.13638877868652344,0.1497691422700882,0.13452383875846863,0.1492631733417511,0.134965717792511,-0.15710830688476562,0.13928383588790894,-0.15407103300094604,0.13638877868652344,0.1497691422700882,0.13452383875846863,0.1492631733417511,-0.0016772589879110456,-0.013852698728442192,0.019468417391180992,-0.017904143780469894,-0.0474177822470665,0.012228554114699364,-0.049882590770721436,0.04951764643192291,0.30000001192092896,0.30000001192092896,0.30000001192092896,0.30000001192092896,0.0,0.0,1.0,0.0,-0.0,1.0,-0.0,-0.9999998807907104,0.30000001192092896,0.30000001192092896,0.30000001192092896,0.30000001192092896
0.85,0,0.021037045866250992,-0.022961987182497978,-0.003836381481960416,0.2816193103790283,0.0,0.07087670266628265,0.019842874258756638,0.004871207755059004,1,1,1,1,10.327409744262695,4.053600788116455,3.853309392929077,10.4649658203125,10.327409744262695,4.053600788116455,3.853309392929077,10.4649658203125,0,0,0,0,0,0.9999993443489075,0.080077163875103,-0.3182448148727417,0.07878204435110092,-0.31752678751945496,0.2755056321620941,0.04979220777750015,0.2767653167247772,0.050092920660972595,-0.28650400042533875,0.049915023148059845,-0.28712350130081177,0.04998014494776726,0.0,0.0,0.0,0.0,0.0,0.0,0.028204521164298058,-0.0354546494781971,0.01840645633637905,-0.009119486436247826,0.024653440341353416,-0.006339128129184246,-0.0106110954657197,0.02286716178059578,-0.022591084241867065,-0.012117964215576649,-0.0234141293913126,-0.007753409445285797,0.0,-0.0,0.0,-0.0,0.0,0.0,0.0,0.0,0.0,0.0,0.0,0.0,0.0,-0.0,0.0,-0.0,0.0,0.0,0.0,0.0,0.0,0.0,0.0,0.0,0.134965717792511,-0.15710830688476562,0.13928383588790894,-0.15407103300094604,0.13638877868652344,0.1497691422700882,0.13452383875846863,0.1492631733417511,0.134965717792511,-0.15710830688476562,0.13928383588790894,-0.15407103300094604,0.13638877868652344,0.1497691422700882,0.13452383875846863,0.1492631733417511,-0.0016772589879110456,-0.013852698728442192,0.019468417391180992,-0.017904143780469894,-0.0474177822470665,0.012228554114699364,-0.049882590770721436,0.04951764643192291,0.30000001192092896,0.30000001192092896,0.30000001192092896,0.30000001192092896,0.0,0.0,1.0,0.0,-0.0,1.0,-0.0,-0.9999998807907104,0.30000001192092896,0.30000001192092896,0.30000001192092896,0.30000001192092896
0.9,0,0.021776380017399788,-0.023018701002001762,-0.0022651618346571922,0.28157180547714233,0.0,0.07088708877563477,0.019783731549978256,0.005011565517634153,1,1,1,1,10.090238571166992,4.122998237609863,4.049118995666504,10.18099308013916,10.090238571166992,4.122998237609863,4.049118995666504,10.18099308013916,0,0,0,0,0,0.9999992847442627,0.08006801456212997,-0.318254679441452,0.07877639681100845,-0.31753265857696533,0.27611008286476135,0.0498293973505497,0.27744874358177185,0.05009361729025841,-0.28571826219558716,0.04992508143186569,-0.28629201650619507,0.04992342367768288,0.0,0.0,0.0,0.0,0.0,0.0,0.027810147032141685,-0.03445819765329361,0.015759052708745003,-0.007463419809937477,0.028137952089309692,-0.005078603513538837,-0.011516915634274483,0.024751411750912666,-0.023579785600304604,-0.012537315487861633,-0.021379802376031876,-0.005202156025916338,0.0,-0.0,0.0,-0.0,0.0,0.0,0.0,0.0,0.0,0.0,0.0,0.0,0.0,-0.0,0.0,-0.0,0.0,0.0,0.0,0.0,0.0,0.0,0.0,0.0,0.134965717792511,-0.15710830688476562,0.13928383588790894,-0.15407103300094604,0.13638877868652344,0.1497691422700882,0.13452383875846863,0.1492631733417511,0.134965717792511,-0.15710830688476562,0.13928383588790894,-0.15407103300094604,0.13638877868652344,0.1497691422700882,0.13452383875846863,0.1492631733417511,-0.0016772589879110456,-0.013852698728442192,0.019468417391180992,-0.017904143780469894,-0.0474177822470665,0.012228554114699364,-0.049882590770721436,0.04951764643192291,0.30000001192092896,0.30000001192092896,0.30000001192092896,0.30000001192092896,0.0,0.0,1.0,0.0,-0.0,1.0,-0.0,-0.9999998807907104,0.30000001192092896,0.30000001192092896,0.30000001192092896,0.30000001192092896
0.95,0,0.022494396194815636,-0.02296076901257038,-0.002844183938577771,0.2815361022949219,0.0,0.06577339768409729,0.019129913300275803,0.005177373066544533,1,1,1,1,10.619481086730957,3.6413891315460205,3.393115520477295,11.000673294067383,10.619481086730957,3.6413891315460205,3.393115520477295,11.000673294067383,0,0,0,0,0,0.9999992847442627,0.08005817234516144,-0.31826522946357727,0.07876920700073242,-0.3175402283668518,0.2767167389392853,0.049858517944812775,0.27813440561294556,0.050086650997400284,-0.2849348187446594,0.04996107891201973,-0.2854921817779541,0.04994108900427818,0.0,0.0,0.0,0.0,0.0,0.0,0.025900989770889282,-0.032703060656785965,0.015393886715173721,-0.0066988044418394566,0.024098768830299377,-0.004069753922522068,-0.011431701481342316,0.022251557558774948,-0.02313234657049179,-0.011105585843324661,-0.01982184313237667,-0.005428504664450884,0.0,-0.0,0.0,-0.0,0.0,0.0,0.0,0.0,0.0,0.0,0.0,0.0,0.0,-0.0,0.0,-0.0,0.0,0.0,0.0,0.0,0.0,0.0,0.0,0.0,0.134965717792511,-0.15710830688476562,0.13928383588790894,-0.15407103300094604,0.13638877868652344,0.1497691422700882,0.13452383875846863,0.1492631733417511,0.134965717792511,-0.15710830688476562,0.13928383588790894,-0.15407103300094604,0.13638877868652344,0.1497691422700882,0.13452383875846863,0.1492631733417511,-0.0016772589879110456,-0.013852698728442192,0.019468417391180992,-0.017904143780469894,-0.0474177822470665,0.012228554114699364,-0.049882590770721436,0.04951764643192291,0.30000001192092896,0.30000001192092896,0.30000001192092896,0.30000001192092896,0.0,0.0,1.0,0.0,-0.0,1.0,-0.0,-0.9999998807907104,0.30000001192092896,0.30000001192092896,0.30000001192092896,0.30000001192092896
1.0,0,0.023197399452328682,-0.022894641384482384,-0.0023653905373066664,0.2814905345439911,0.0,0.0747937262058258,0.01925298199057579,0.005306340288370848,1,1,1,1,10.534554481506348,3.6986606121063232,3.417128086090088,10.967784881591797,10.534554481506348,3.6986606121063232,3.417128086090088,10.967784881591797,0,0,0,0,0,0.9999992847442627,0.08005069196224213,-0.31827312707901,0.07876139879226685,-0.31754833459854126,0.27732133865356445,0.0498778261244297,0.27879598736763,0.05006678029894829,-0.2841690182685852,0.04998694360256195,-0.2847132384777069,0.04997139424085617,0.0,0.0,0.0,0.0,0.0,0.0,0.031133973971009254,-0.035907600075006485,0.020730776712298393,-0.008701152168214321,0.026270078495144844,-0.007036222610622644,-0.011303060688078403,0.02364729531109333,-0.02312336303293705,-0.01168762519955635,-0.025557629764080048,-0.008881651796400547,0.0,-0.0,0.0,-0.0,0.0,0.0,0.0,0.0,0.0,0.0,0.0,0.0,0.0,-0.0,0.0,-0.0,0.0,0.0,0.0,0.0,0.0,0.0,0.0,0.0,0.134965717792511,-0.15710830688476562,0.13928383588790894,-0.15407103300094604,0.13638877868652344,0.1497691422700882,0.13452383875846863,0.1492631733417511,0.134965717792511,-0.15710830688476562,0.13928383588790894,-0.15407103300094604,0.13638877868652344,0.1497691422700882,0.13452383875846863,0.1492631733417511,-0.0016772589879110456,-0.013852698728442192,0.019468417391180992,-0.017904143780469894,-0.0474177822470665,0.012228554114699364,-0.049882590770721436,0.04951764643192291,0.30000001192092896,0.30000001192092896,0.30000001192092896,0.30000001192092896,0.0,0.0,1.0,0.0,-0.0,1.0,-0.0,-0.9999998807907104,0.30000001192092896,0.30000001192092896,0.30000001192092896,0.30000001192092896
1.05,0,0.0239253006875515,-0.022833503782749176,-0.0036268318071961403,0.28145381808280945,0.0,0.07618355005979538,0.019399162381887436,0.005456865765154362,1,1,1,1,10.279510498046875,3.958033561706543,3.7305502891540527,10.778714179992676,10.279510498046875,3.958033561706543,3.7305502891540527,10.778714179992676,0,0,0,0,0,0.9999992847442627,0.08004090189933777,-0.31828343868255615,0.07876010984182358,-0.3175499439239502,0.27794909477233887,0.04989071935415268,0.2794891893863678,0.050038307905197144,-0.2833699584007263,0.049998894333839417,-0.2839282155036926,0.049991361796855927,0.0,0.0,0.0,0.0,0.0,0.0,0.03133416920900345,-0.035963524132966995,0.021462276577949524,-0.008749563246965408,0.02695370465517044,-0.005885636899620295,-0.011718696914613247,0.022843312472105026,-0.02445305325090885,-0.01234857551753521,-0.02665689028799534,-0.010498881340026855,0.0,-0.0,0.0,-0.0,0.0,0.0,0.0,0.0,0.0,0.0,0.0,0.0,0.0,-0.0,0.0,-0.0,0.0,0.0,0.0,0.0,0.0,0.0,0.0,0.0,0.134965717792511,-0.15710830688476562,0.13928383588790894,-0.15407103300094604,0.13638877868652344,0.1497691422700882,0.13452383875846863,0.1492631733417511,0.134965717792511,-0.15710830688476562,0.13928383588790894,-0.15407103300094604,0.13638877868652344,0.1497691422700882,0.13452383875846863,0.1492631733417511,-0.0016772589879110456,-0.013852698728442192,0.019468417391180992,-0.017904143780469894,-0.0474177822470665,0.012228554114699364,-0.049882590770721436,0.04951764643192291,0.30000001192092896,0.30000001192092896,0.30000001192092896,0.30000001192092896,0.0,0.0,1.0,0.0,-0.0,1.0,-0.0,-0.9999998807907104,0.30000001192092896,0.30000001192092896,0.30000001192092896,0.30000001192092896
1.1,0,0.02465568669140339,-0.022792859002947807,-0.0034252596087753773,0.2814226746559143,0.0,0.07333066314458847,0.018972676247358322,0.005577284377068281,1,1,1,1,10.908575057983398,3.350048780441284,2.928987503051758,11.416801452636719,10.908575057983398,3.350048780441284,2.928987503051758,11.416801452636719,0,0,0,0,0,0.9999992251396179,0.08003386855125427,-0.31829094886779785,0.07874883711338043,-0.317561537027359,0.2785819172859192,0.04989559203386307,0.28019118309020996,0.05000055581331253,-0.2825844883918762,0.04999785125255585,-0.28313252329826355,0.049997229129076004,0.0,0.0,0.0,0.0,0.0,0.0,0.030679892748594284,-0.03432145714759827,0.017931904643774033,-0.008177457377314568,0.026251178234815598,-0.004175703972578049,-0.01123969629406929,0.026768799871206284,-0.024766016751527786,-0.011009545996785164,-0.023440230637788773,-0.006022712681442499,0.0,-0.0,0.0,-0.0,0.0,0.0,0.0,0.0,0.0,0.0,0.0,0.0,0.0,-0.0,0.0,-0.0,0.0,0.0,0.0,0.0,0.0,0.0,0.0,0.0,0.134965717792511,-0.15710830688476562,0.13928383588790894,-0.15407103300094604,0.13638877868652344,0.1497691422700882,0.13452383875846863,0.1492631733417511,0.134965717792511,-0.15710830688476562,0.13928383588790894,-0.15407103300094604,0.13638877868652344,0.1497691422700882,0.13452383875846863,0.1492631733417511,-0.0016772589879110456,-0.013852698728442192,0.019468417391180992,-0.017904143780469894,-0.0474177822470665,0.012228554114699364,-0.049882590770721436,0.04951764643192291,0.30000001192092896,0.30000001192092896,0.30000001192092896,0.30000001192092896,0.0,0.0,1.0,0.0,-0.0,1.0,-0.0,-0.9999998807907104,0.30000001192092896,0.30000001192092896,0.30000001192092896,0.30000001192092896
1.15,0,0.025395195931196213,-0.022754531353712082,-0.004563798662275076,0.2813880741596222,0.0,0.07509322464466095,0.019140291959047318,0.0056996275670826435,1,1,1,1,11.253137588500977,3.1851768493652344,2.8717310428619385,11.460171699523926,11.253137588500977,3.1851768493652344,2.8717310428619385,11.460171699523926,0,0,0,0,0,0.9999991655349731,0.08002777397632599,-0.3182975649833679,0.07874837517738342,-0.31756240129470825,0.27921807765960693,0.04988931491971016,0.2808956801891327,0.04995008185505867,-0.2817893922328949,0.049987222999334335,-0.28233814239501953,0.049990952014923096,0.0,0.0,0.0,0.0,0.0,0.0,0.03281436860561371,-0.03509831801056862,0.020915940403938293,-0.008623010478913784,0.02656351588666439,-0.006231091450899839,-0.010970265604555607,0.02456369809806347,-0.023552848026156425,-0.010533595457673073,-0.025194993242621422,-0.007059377618134022,0.0,-0.0,0.0,-0.0,0.0,0.0,0.0,0.0,0.0,0.0,0.0,0.0,0.0,-0.0,0.0,-0.0,0.0,0.0,0.0,0.0,0.0,0.0,0.0,0.0,0.134965717792511,-0.15710830688476562,0.13928383588790894,-0.15407103300094604,0.13638877868652344,0.1497691422700882,0.13452383875846863,0.1492631733417511,0.134965717792511,-0.15710830688476562,0.13928383588790894,-0.15407103300094604,0.13638877868652344,0.1497691422700882,0.13452383875846863,0.1492631733417511,-0.0016772589879110456,-0.013852698728442192,0.019468417391180992,-0.017904143780469894,-0.0474177822470665,0.012228554114699364,-0.049882590770721436,0.04951764643192291,0.30000001192092896,0.30000001192092896,0.30000001192092896,0.30000001192092896,0.0,0.0,1.0,0.0,-0.0,1.0,-0.0,-0.9999998807907104,0.30000001192092896,0.30000001192092896,0.30000001192092896,0.30000001192092896
1.2,0,0.02612391486763954,-0.02274566888809204,-0.007607644889503717,0.2813566327095032,0.0,0.07164213806390762,0.019131917506456375,0.005756985861808062,1,1,1,1,10.55324649810791,3.7994003295898438,3.1344780921936035,11.140005111694336,10.55324649810791,3.7994003295898438,3.1344780921936035,11.140005111694336,0,0,0,0,0,0.9999991655349731,0.08002495765686035,-0.31830093264579773,0.07873859256505966,-0.31757238507270813,0.2798568308353424,0.049873679876327515,0.2815953493118286,0.049944330006837845,-0.2809988260269165,0.04996075853705406,-0.28153595328330994,0.04997238144278526,0.0,0.0,0.0,0.0,0.0,0.0,0.02923126332461834,-0.03290806710720062,0.01578918658196926,-0.007835309021174908,0.02619493007659912,-0.0025249237660318613,-0.011500746943056583,0.027857797220349312,-0.025570886209607124,-0.010944755747914314,-0.022162672132253647,-0.004333913791924715,0.0,-0.0,0.0,-0.0,0.0,0.0,0.0,0.0,0.0,0.0,0.0,0.0,0.0,-0.0,0.0,-0.0,0.0,0.0,0.0,0.0,0.0,0.0,0.0,0.0,0.134965717792511,-0.15710830688476562,0.13928383588790894,-0.15407103300094604,0.13638877868652344,0.1497691422700882,0.13452383875846863,0.1492631733417511,0.134965717792511,-0.15710830688476562,0.13928383588790894,-0.15407103300094604,0.13638877868652344,0.1497691422700882,0.13452383875846863,0.1492631733417511,-0.0016772589879110456,-0.013852698728442192,0.019468417391180992,-0.017904143780469894,-0.0474177822470665,0.012228554114699364,-0.049882590770721436,0.04951764643192291,0.30000001192092896,0.30000001192092896,0.30000001192092896,0.30000001192092896,0.0,0.0,1.0,0.0,-0.0,1.0,-0.0,-0.9999998807907104,0.30000001192092896,0.30000001192092896,0.30000001192092896,0.30000001192092896
1.25,0,0.026872791349887848,-0.022782810032367706,-0.005458641331642866,0.2813127040863037,0.0,0.08066190779209137,0.01887442171573639,0.005759078543633223,1,1,1,1,10.267010688781738,4.131108283996582,3.3322362899780273,10.879179954528809,10.267010688781738,4.131108283996582,3.3322362899780273,10.879179954528809,0,0,0,0,0,0.9999991655349731,0.08002433180809021,-0.318302184343338,0.07874161005020142,-0.31756946444511414,0.2805139124393463,0.04985060542821884,0.2822951078414917,0.049975670874118805,-0.28019315004348755,0.04992307722568512,-0.2807280421257019,0.049941156059503555,0.0,0.0,0.0,0.0,0.0,0.0,0.036035094410181046,-0.035610049962997437,0.02265901118516922,-0.007494271267205477,0.02961910516023636,-0.0056357355788350105,-0.011933485046029091,0.028242269530892372,-0.02623974345624447,-0.010805557481944561,-0.02591719850897789,-0.006638732273131609,0.0,-0.0,0.0,-0.0,0.0,0.0,0.0,0.0,0.0,0.0,0.0,0.0,0.0,-0.0,0.0,-0.0,0.0,0.0,0.0,0.0,0.0,0.0,0.0,0.0,0.134965717792511,-0.15710830688476562,0.13928383588790894,-0.15407103300094604,0.13638877868652344,0.1497691422700882,0.13452383875846863,0.1492631733417511,0.134965717792511,-0.15710830688476562,0.13928383588790894,-0.15407103300094604,0.13638877868652344,0.1497691422700882,0.13452383875846863,0.1492631733417511,-0.0016772589879110456,-0.013852698728442192,0.019468417391180992,-0.017904143780469894,-0.0474177822470665,0.012228554114699364,-0.049882590770721436,0.04951764643192291,0.30000001192092896,0.30000001192092896,0.30000001192092896,0.30000001192092896,0.0,0.0,1.0,0.0,-0.0,1.0,-0.0,-0.9999998807907104,0.30000001192092896,0.30000001192092896,0.30000001192092896,0.30000001192092896
1.3,0,0.027632642537355423,-0.022821173071861267,-0.006358628161251545,0.2812720537185669,1.0,0.08223313838243484,0.01609145849943161,0.005711414385586977,1,1,1,1,10.555059432983398,3.9759700298309326,3.35150146484375,10.854860305786133,10.555059432983398,3.9759700298309326,3.35150146484375,10.854860305786133,0,0,0,0,0,0.9999991655349731,0.08002230525016785,-0.3183046579360962,0.07873989641666412,-0.317571222782135,0.2811879515647888,0.04981619492173195,0.2830081582069397,0.049997542053461075,-0.2794034481048584,0.04987436160445213,-0.2799130082130432,0.04989516735076904,0.0,0.0,0.0,0.0,0.0,0.0,0.03811296820640564,-0.03659216687083244,0.026534073054790497,-0.007237791549414396,0.029624363407492638,-0.0074685742147266865,-0.011678104288876057,0.02528955787420273,-0.02573545277118683,-0.010457489639520645,-0.02609371207654476,-0.0072376844473183155,0.0,-0.0,0.0,-0.0,0.0,0.0,0.0,0.0,0.0,0.0,0.0,0.0,0.0,-0.0,0.0,-0.0,0.0,0.0,0.0,0.0,0.0,0.0,0.0,0.0,0.134965717792511,-0.15710830688476562,0.13928383588790894,-0.15407103300094604,0.13638877868652344,0.1497691422700882,0.13452383875846863,0.1492631733417511,0.134965717792511,-0.15710830688476562,0.13928383588790894,-0.15407103300094604,0.13638877868652344,0.1497691422700882,0.13452383875846863,0.1492631733417511,-0.0016772589879110456,-0.013852698728442192,0.019468417391180992,-0.017904143780469894,-0.0474177822470665,0.012228554114699364,-0.049882590770721436,0.04951764643192291,0.30000001192092896,0.30000001192092896,0.30000001192092896,0.30000001192092896,0.0,0.0,1.0,0.0,-0.0,1.0,-0.0,-0.9999998807907104,0.30000001192092896,0.30000001192092896,0.30000001192092896,0.30000001192092896
1.35,0,0.02841339446604252,-0.022879477590322495,-0.006437691394239664,0.2812243402004242,1.0,0.09022080153226852,0.0034883758053183556,0.00562081765383482,1,1,1,1,10.630279541015625,3.9831645488739014,3.340390920639038,10.883631706237793,10.630279541015625,3.9831645488739014,3.340390920639038,10.883631706237793,0,0,0,0,0,0.9999991655349731,0.08002282679080963,-0.3183043599128723,0.07874657958745956,-0.31756454706192017,0.2818945348262787,0.04977045953273773,0.2837313115596771,0.05000728741288185,-0.27860918641090393,0.04981215298175812,-0.2790853679180145,0.04983578622341156,0.0,0.0,0.0,0.0,0.0,0.0,0.02280866540968418,-0.04037526249885559,0.04409206286072731,-0.024710291996598244,0.007155191618949175,-0.0399177223443985,0.0019202574621886015,-0.026114147156476974,-0.018348131328821182,-0.02491186559200287,-0.010027395561337471,-0.006828345358371735,0.0,-0.0,0.0,-0.0,0.0,0.0,0.0,0.0,0.0,0.0,0.0,0.0,0.0,-0.0,0.0,-0.0,0.0,0.0,0.0,0.0,0.0,0.0,0.0,0.0,0.134965717792511,-0.15710830688476562,0.13928383588790894,-0.15407103300094604,0.13638877868652344,0.1497691422700882,0.13452383875846863,0.1492631733417511,0.134965717792511,-0.15710830688476562,0.13928383588790894,-0.15407103300094604,0.13638877868652344,0.1497691422700882,0.13452383875846863,0.1492631733417511,-0.0016772589879110456,-0.013852698728442192,0.019468417391180992,-0.017904143780469894,-0.0474177822470665,0.012228554114699364,-0.049882590770721436,0.04951764643192291,0.30000001192092896,0.30000001192092896,0.30000001192092896,0.30000001192092896,0.0,0.0,1.0,0.0,-0.0,1.0,-0.0,-0.9999998807907104,0.30000001192092896,0.30000001192092896,0.30000001192092896,0.30000001192092896
1.4,0,0.029204394668340683,-0.022917011752724648,-0.006168130785226822,0.2811748683452606,1.0,0.0893838033080101,0.0036820275709033012,0.005528158508241177,1,1,1,1,10.643121719360352,3.888460397720337,3.671370267868042,10.536566734313965,10.643121719360352,3.888460397720337,3.671370267868042,10.536566734313965,0,0,0,0,0,0.9999991655349731,0.08002256602048874,-0.31830480694770813,0.07874783873558044,-0.3175632357597351,0.28261712193489075,0.04971423000097275,0.28446489572525024,0.05000786855816841,-0.2777949273586273,0.0497405044734478,-0.27826637029647827,0.04978025332093239,0.0,0.0,0.0,0.0,0.0,0.0,0.02367796003818512,-0.0371989868581295,0.044828884303569794,-0.025967499241232872,0.0048099481500685215,-0.039909180253744125,0.0025034805294126272,-0.028602054342627525,-0.01564032770693302,-0.023234546184539795,-0.00987910944968462,-0.006231405772268772,0.0,-0.0,0.0,-0.0,0.0,0.0,0.0,0.0,0.0,0.0,0.0,0.0,0.0,-0.0,0.0,-0.0,0.0,0.0,0.0,0.0,0.0,0.0,0.0,0.0,0.134965717792511,-0.15710830688476562,0.13928383588790894,-0.15407103300094604,0.13638877868652344,0.1497691422700882,0.13452383875846863,0.1492631733417511,0.134965717792511,-0.15710830688476562,0.13928383588790894,-0.15407103300094604,0.13638877868652344,0.1497691422700882,0.13452383875846863,0.1492631733417511,-0.0016772589879110456,-0.013852698728442192,0.019468417391180992,-0.017904143780469894,-0.0474177822470665,0.012228554114699364,-0.049882590770721436,0.04951764643192291,0.30000001192092896,0.30000001192092896,0.30000001192092896,0.30000001192092896,0.0,0.0,1.0,0.0,-0.0,1.0,-0.0,-0.9999998807907104,0.30000001192092896,0.30000001192092896,0.30000001192092896,0.30000001192092896
1.45,0,0.029941895976662636,-0.022828061133623123,-0.008005378767848015,0.2811390459537506,1.0,0.09251384437084198,0.0035059545189142227,0.005288916174322367,1,1,1,1,10.935712814331055,3.4908573627471924,3.319221019744873,10.976285934448242,10.935712814331055,3.4908573627471924,3.319221019744873,10.976285934448242,0,0,0,0,0,0.9999991655349731,0.08002933114767075,-0.31829768419265747,0.07875385880470276,-0.3175572454929352,0.2833368480205536,0.04964855685830116,0.2851744294166565,0.049997374415397644,-0.2769966721534729,0.04965551197528839,-0.27751946449279785,0.04985306039452553,0.0,0.0,0.0,0.0,0.0,0.0,0.026385731995105743,-0.03856012970209122,0.046833161264657974,-0.027331097051501274,0.006211417261511087,-0.041204653680324554,0.0033918858971446753,-0.027205849066376686,-0.015284783206880093,-0.022362709045410156,-0.012966603972017765,-0.006743155885487795,0.0,-0.0,0.0,-0.0,0.0,0.0,0.0,0.0,0.0,0.0,0.0,0.0,0.0,-0.0,0.0,-0.0,0.0,0.0,0.0,0.0,0.0,0.0,0.0,0.0,0.134965717792511,-0.15710830688476562,0.13928383588790894,-0.15407103300094604,0.13638877868652344,0.1497691422700882,0.13452383875846863,0.1492631733417511,0.134965717792511,-0.15710830688476562,0.13928383588790894,-0.15407103300094604,0.13638877868652344,0.1497691422700882,0.13452383875846863,0.1492631733417511,-0.0016772589879110456,-0.013852698728442192,0.019468417391180992,-0.017904143780469894,-0.0474177822470665,0.012228554114699364,-0.049882590770721436,0.04951764643192291,0.30000001192092896,0.30000001192092896,0.30000001192092896,0.30000001192092896,0.0,0.0,1.0,0.0,-0.0,1.0,-0.0,-0.9999998807907104,0.30000001192092896,0.30000001192092896,0.30000001192092896,0.30000001192092896
1.5,0,0.030695021152496338,-0.022777725011110306,-0.011274280026555061,0.2810954451560974,1.0,0.09062489867210388,0.0037631066516041756,0.005041360389441252,1,1,1,1,11.327168464660645,3.21472430229187,2.7611536979675293,11.356453895568848,11.327168464660645,3.21472430229187,2.7611536979675293,11.356453895568848,0,0,0,0,0,0.9999991655349731,0.08003625273704529,-0.3182903528213501,0.07876582443714142,-0.31754523515701294,0.2840717136859894,0.04957153648138046,0.28588569164276123,0.04997637867927551,-0.27619510889053345,0.04955583065748215,-0.2767695188522339,0.04991496354341507,0.0,0.0,0.0,0.0,0.0,0.0,0.026489010080695152,-0.038172315806150436,0.04560437798500061,-0.026664413511753082,0.006371808238327503,-0.040472254157066345,0.002997421193867922,-0.025115543976426125,-0.01608632691204548,-0.022341420873999596,-0.012239987961947918,-0.006101197097450495,0.0,-0.0,0.0,-0.0,0.0,0.0,0.0,0.0,0.0,0.0,0.0,0.0,0.0,-0.0,0.0,-0.0,0.0,0.0,0.0,0.0,0.0,0.0,0.0,0.0,0.134965717792511,-0.15710830688476562,0.13928383588790894,-0.15407103300094604,0.13638877868652344,0.1497691422700882,0.13452383875846863,0.1492631733417511,0.134965717792511,-0.15710830688476562,0.13928383588790894,-0.15407103300094604,0.13638877868652344,0.1497691422700882,0.13452383875846863,0.1492631733417511,-0.0016772589879110456,-0.013852698728442192,0.019468417391180992,-0.017904143780469894,-0.0474177822470665,0.012228554114699364,-0.049882590770721436,0.04951764643192291,0.30000001192092896,0.30000001192092896,0.30000001192092896,0.30000001192092896,0.0,0.0,1.0,0.0,-0.0,1.0,-0.0,-0.9999998807907104,0.30000001192092896,0.30000001192092896,0.30000001192092896,0.30000001192092896
1.55,0,0.03148492053151131,-0.02278299815952778,-0.011390198022127151,0.2810475826263428,1.0,0.08900187909603119,0.0037133917212486267,0.004751871339976788,1,1,1,1,11.735716819763184,2.9229516983032227,2.5439414978027344,11.551291465759277,11.735716819763184,2.9229516983032227,2.5439414978027344,11.551291465759277,0,0,0,0,0,0.9999991655349731,0.08004522323608398,-0.3182809054851532,0.07877662777900696,-0.31753435730934143,0.2848286032676697,0.049480486661195755,0.2866201400756836,0.04994317889213562,-0.2754017412662506,0.04944354668259621,-0.27600395679473877,0.04996591433882713,0.0,0.0,0.0,0.0,0.0,0.0,0.025633037090301514,-0.03753235191106796,0.04463592916727066,-0.025715885683894157,0.007051308639347553,-0.0400594100356102,0.002885066671296954,-0.025995517149567604,-0.016046712175011635,-0.022262047976255417,-0.009703460149466991,-0.004013820551335812,0.0,-0.0,0.0,-0.0,0.0,0.0,0.0,0.0,0.0,0.0,0.0,0.0,0.0,-0.0,0.0,-0.0,0.0,0.0,0.0,0.0,0.0,0.0,0.0,0.0,0.134965717792511,-0.15710830688476562,0.13928383588790894,-0.15407103300094604,0.13638877868652344,0.1497691422700882,0.13452383875846863,0.1492631733417511,0.134965717792511,-0.15710830688476562,0.13928383588790894,-0.15407103300094604,0.13638877868652344,0.1497691422700882,0.13452383875846863,0.1492631733417511,-0.0016772589879110456,-0.013852698728442192,0.019468417391180992,-0.017904143780469894,-0.0474177822470665,0.012228554114699364,-0.049882590770721436,0.04951764643192291,0.30000001192092896,0.30000001192092896,0.30000001192092896,0.30000001192092896,0.0,0.0,1.0,0.0,-0.0,1.0,-0.0,-0.9999998807907104,0.30000001192092896,0.30000001192092896,0.30000001192092896,0.30000001192092896
1.6,0,0.03226068243384361,-0.02277417667210102,-0.008273066021502018,0.2809995114803314,1.0,0.09546966105699539,0.003504771739244461,0.004457173869013786,1,1,1,1,11.662138938903809,2.717820882797241,2.5068795680999756,11.70192813873291,11.662138938903809,2.717820882797241,2.5068795680999756,11.70192813873291,0,0,0,0,0,0.9999991655349731,0.08005339652299881,-0.3182719945907593,0.07878772169351578,-0.31752312183380127,0.2855934798717499,0.04937814548611641,0.2873443365097046,0.04989967122673988,-0.2746111750602722,0.04931829869747162,-0.275238573551178,0.050005991011857986,0.0,0.0,0.0,0.0,0.0,0.0,0.029646961018443108,-0.03946544975042343,0.04961615428328514,-0.02694331668317318,0.006998765282332897,-0.042445652186870575,0.0031231169123202562,-0.02588711678981781,-0.01584126241505146,-0.021813489496707916,-0.013702392578125,-0.006726414896547794,0.0,-0.0,0.0,-0.0,0.0,0.0,0.0,0.0,0.0,0.0,0.0,0.0,0.0,-0.0,0.0,-0.0,0.0,0.0,0.0,0.0,0.0,0.0,0.0,0.0,0.134965717792511,-0.15710830688476562,0.13928383588790894,-0.15407103300094604,0.13638877868652344,0.1497691422700882,0.13452383875846863,0.1492631733417511,0.134965717792511,-0.15710830688476562,0.13928383588790894,-0.15407103300094604,0.13638877868652344,0.1497691422700882,0.13452383875846863,0.1492631733417511,-0.0016772589879110456,-0.013852698728442192,0.019468417391180992,-0.017904143780469894,-0.0474177822470665,0.012228554114699364,-0.049882590770721436,0.04951764643192291,0.30000001192092896,0.30000001192092896,0.30000001192092896,0.30000001192092896,0.0,0.0,1.0,0.0,-0.0,1.0,-0.0,-0.9999998807907104,0.30000001192092896,0.30000001192092896,0.30000001192092896,0.30000001192092896
1.65,0,0.03305811062455177,-0.022661609575152397,-0.000566157337743789,0.280954509973526,1.0,0.09781837463378906,0.0033984920009970665,0.004220902454108,1,1,1,1,10.897104263305664,3.626710891723633,3.6346187591552734,10.69328784942627,10.897104263305664,3.626710891723633,3.6346187591552734,10.69328784942627,0,0,0,0,0,0.9999991655349731,0.08005833625793457,-0.31826677918434143,0.07879935204982758,-0.31751129031181335,0.2863757908344269,0.04925677552819252,0.2880980968475342,0.049843285232782364,-0.27382034063339233,0.0492599755525589,-0.2744597792625427,0.05003788322210312,0.0,0.0,0.0,0.0,0.0,0.0,0.031493429094552994,-0.040357474237680435,0.05149306356906891,-0.026725390926003456,0.00846137385815382,-0.043510351330041885,0.00296480068936944,-0.025071732699871063,-0.015887442976236343,-0.021573757752776146,-0.014654971659183502,-0.006881637964397669,0.0,-0.0,0.0,-0.0,0.0,0.0,0.0,0.0,0.0,0.0,0.0,0.0,0.0,-0.0,0.0,-0.0,0.0,0.0,0.0,0.0,0.0,0.0,0.0,0.0,0.134965717792511,-0.15710830688476562,0.13928383588790894,-0.15407103300094604,0.13638877868652344,0.1497691422700882,0.13452383875846863,0.1492631733417511,0.134965717792511,-0.15710830688476562,0.13928383588790894,-0.15407103300094604,0.13638877868652344,0.1497691422700882,0.13452383875846863,0.1492631733417511,-0.0016772589879110456,-0.013852698728442192,0.019468417391180992,-0.017904143780469894,-0.0474177822470665,0.012228554114699364,-0.049882590770721436,0.04951764643192291,0.30000001192092896,0.30000001192092896,0.30000001192092896,0.30000001192092896,0.0,0.0,1.0,0.0,-0.0,1.0,-0.0,-0.9999998807907104,0.30000001192092896,0.30000001192092896,0.30000001192092896,0.30000001192092896
1.7,0,0.03385201841592789,-0.02230534516274929,0.001817740616388619,0.2809097468852997,1.0,0.09027673304080963,0.0029198871925473213,0.004198396112769842,1,1,1,1,10.311452865600586,4.197141647338867,3.9964733123779297,10.227784156799316,10.311452865600586,4.197141647338867,3.9964733123779297,10.227784156799316,0,0,0,0,0,0.9999989867210388,0.08005524426698685,-0.3182699382305145,0.07879464328289032,-0.3175158202648163,0.28715959191322327,0.04911687225103378,0.2888660430908203,0.04977446794509888,-0.273080050945282,0.04938312619924545,-0.2736666202545166,0.050061505287885666,0.0,0.0,0.0,0.0,0.0,0.0,0.02642884850502014,-0.03925824537873268,0.044775571674108505,-0.026003088802099228,0.008571145124733448,-0.04036785289645195,0.002136585535481572,-0.022804105654358864,-0.015672676265239716,-0.022131437435746193,-0.014461737126111984,-0.007548926398158073,0.0,-0.0,0.0,-0.0,0.0,0.0,0.0,0.0,0.0,0.0,0.0,0.0,0.0,-0.0,0.0,-0.0,0.0,0.0,0.0,0.0,0.0,0.0,0.0,0.0,0.134965717792511,-0.15710830688476562,0.13928383588790894,-0.15407103300094604,0.13638877868652344,0.1497691422700882,0.13452383875846863,0.1492631733417511,0.134965717792511,-0.15710830688476562,0.13928383588790894,-0.15407103300094604,0.13638877868652344,0.1497691422700882,0.13452383875846863,0.1492631733417511,-0.0016772589879110456,-0.013852698728442192,0.019468417391180992,-0.017904143780469894,-0.0474177822470665,0.012228554114699364,-0.049882590770721436,0.04951764643192291,0.30000001192092896,0.30000001192092896,0.30000001192092896,0.30000001192092896,0.0,0.0,1.0,0.0,-0.0,1.0,-0.0,-0.9999998807907104,0.30000001192092896,0.30000001192092896,0.30000001192092896,0.30000001192092896
1.75,0,0.034632232040166855,-0.022053612396121025,0.0011516268132254481,0.28085577487945557,1.0,0.09196737408638,0.0034661199897527695,0.00393344322219491,1,1,1,1,9.14374828338623,5.256019115447998,5.3785786628723145,8.926032066345215,9.14374828338623,5.256019115447998,5.3785786628723145,8.926032066345215,0,0,0,0,0,0.999998927116394,0.08006256073713303,-0.31826263666152954,0.07880272716283798,-0.31750738620758057,0.28793343901634216,0.048974569886922836,0.2896026074886322,0.049833521246910095,-0.2723728120326996,0.04948883876204491,-0.2728669047355652,0.0500684417784214,0.0,0.0,0.0,0.0,0.0,0.0,0.0267530158162117,-0.03951362147927284,0.0465983971953392,-0.025548309087753296,0.009191123768687248,-0.04070103541016579,0.0016819390002638102,-0.02378426305949688,-0.01636926643550396,-0.022663410753011703,-0.014288237318396568,-0.007843030616641045,0.0,-0.0,0.0,-0.0,0.0,0.0,0.0,0.0,0.0,0.0,0.0,0.0,0.0,-0.0,0.0,-0.0,0.0,0.0,0.0,0.0,0.0,0.0,0.0,0.0,0.134965717792511,-0.15710830688476562,0.13928383588790894,-0.15407103300094604,0.13638877868652344,0.1497691422700882,0.13452383875846863,0.1492631733417511,0.134965717792511,-0.15710830688476562,0.13928383588790894,-0.15407103300094604,0.13638877868652344,0.1497691422700882,0.13452383875846863,0.1492631733417511,-0.0016772589879110456,-0.013852698728442192,0.019468417391180992,-0.017904143780469894,-0.0474177822470665,0.012228554114699364,-0.049882590770721436,0.04951764643192291,0.30000001192092896,0.30000001192092896,0.30000001192092896,0.30000001192092896,0.0,0.0,1.0,0.0,-0.0,1.0,-0.0,-0.9999998807907104,0.30000001192092896,0.30000001192092896,0.30000001192092896,0.30000001192092896
1.8,0,0.03541146591305733,-0.021844662725925446,-0.002175770001485944,0.28080883622169495,1.0,0.09080752730369568,0.0033840686082839966,0.003705585841089487,1,1,1,1,9.369503021240234,5.2982940673828125,5.467296600341797,8.771988868713379,9.369503021240234,5.2982940673828125,5.467296600341797,8.771988868713379,0,0,0,0,0,0.9999988079071045,0.08006896823644638,-0.3182561695575714,0.07881230860948563,-0.31749746203422546,0.2886977195739746,0.04885149747133255,0.2903421223163605,0.049897175282239914,-0.2716667950153351,0.049587149173021317,-0.2720593810081482,0.050058867782354355,0.0,0.0,0.0,0.0,0.0,0.0,0.026509415358304977,-0.039126213639974594,0.04605143517255783,-0.025178570300340652,0.009256135672330856,-0.03997458145022392,0.0014611937804147601,-0.02321591228246689,-0.016759229823946953,-0.022700857371091843,-0.013571331277489662,-0.00725002633407712,0.0,-0.0,0.0,-0.0,0.0,0.0,0.0,0.0,0.0,0.0,0.0,0.0,0.0,-0.0,0.0,-0.0,0.0,0.0,0.0,0.0,0.0,0.0,0.0,0.0,0.134965717792511,-0.15710830688476562,0.13928383588790894,-0.15407103300094604,0.13638877868652344,0.1497691422700882,0.13452383875846863,0.1492631733417511,0.134965717792511,-0.15710830688476562,0.13928383588790894,-0.15407103300094604,0.13638877868652344,0.1497691422700882,0.13452383875846863,0.1492631733417511,-0.0016772589879110456,-0.013852698728442192,0.019468417391180992,-0.017904143780469894,-0.0474177822470665,0.012228554114699364,-0.049882590770721436,0.04951764643192291,0.30000001192092896,0.30000001192092896,0.30000001192092896,0.30000001192092896,0.0,0.0,1.0,0.0,-0.0,1.0,-0.0,-0.9999998807907104,0.30000001192092896,0.30000001192092896,0.30000001192092896,0.30000001192092896
1.8499999999999999,0,0.03602227568626404,-0.021851560100913048,-0.0034623693209141493,0.28086403012275696,1.0,0.08980546146631241,0.0033260593190789223,0.0039302874356508255,1,1,1,1,9.599885940551758,4.575314044952393,4.931919097900391,9.62834358215332,9.599885940551758,4.575314044952393,4.931919097900391,9.62834358215332,0,0,0,0,0,0.999998927116394,0.08005359768867493,-0.3182724416255951,0.07879775762557983,-0.3175126910209656,0.28929123282432556,0.04897027835249901,0.2910224199295044,0.049953605979681015,-0.2710058391094208,0.049668148159980774,-0.2713170647621155,0.05004554241895676,0.0,0.0,0.0,0.0,0.0,0.0,0.026419904083013535,-0.03792957589030266,0.04591705650091171,-0.025386370718479156,0.008178209885954857,-0.03935494273900986,0.0019491590792313218,-0.024084653705358505,-0.01677250675857067,-0.022565321996808052,-0.012092776596546173,-0.006261125672608614,0.0,-0.0,0.0,-0.0,0.0,0.0,0.0,0.0,0.0,0.0,0.0,0.0,0.0,-0.0,0.0,-0.0,0.0,0.0,0.0,0.0,0.0,0.0,0.0,0.0,0.134965717792511,-0.15710830688476562,0.13928383588790894,-0.15407103300094604,0.13638877868652344,0.1497691422700882,0.13452383875846863,0.1492631733417511,0.134965717792511,-0.15710830688476562,0.13928383588790894,-0.15407103300094604,0.13638877868652344,0.1497691422700882,0.13452383875846863,0.1492631733417511,-0.0016772589879110456,-0.013852698728442192,0.019468417391180992,-0.017904143780469894,-0.0474177822470665,0.012228554114699364,-0.049882590770721436,0.04951764643192291,0.30000001192092896,0.30000001192092896,0.30000001192092896,0.30000001192092896,0.0,0.0,1.0,0.0,-0.0,1.0,-0.0,-0.9999998807907104,0.30000001192092896,0.30000001192092896,0.30000001192092896,0.30000001192092896
1.9,0,0.03667318820953369,-0.021908016875386238,-0.004750527441501617,0.28089970350265503,1.0,0.08874296396970749,0.003265839070081711,0.004147449973970652,1,1,1,1,9.653636932373047,4.37043571472168,4.7662200927734375,9.770416259765625,9.653636932373047,4.37043571472168,4.7662200927734375,9.770416259765625,0,0,0,0,0,0.9999990463256836,0.08003868162631989,-0.3182882070541382,0.07878763973712921,-0.3175233006477356,0.28990375995635986,0.04908480867743492,0.2917124629020691,0.050001781433820724,-0.2703259587287903,0.04974081739783287,-0.27056679129600525,0.050020765513181686,0.0,0.0,0.0,0.0,0.0,0.0,0.02638077922165394,-0.03765350580215454,0.045195650309324265,-0.025330781936645508,0.008272831328213215,-0.038733240216970444,0.0019329233327880502,-0.023265719413757324,-0.016979916021227837,-0.022340454161167145,-0.011940238997340202,-0.005793954711407423,0.0,-0.0,0.0,-0.0,0.0,0.0,0.0,0.0,0.0,0.0,0.0,0.0,0.0,-0.0,0.0,-0.0,0.0,0.0,0.0,0.0,0.0,0.0,0.0,0.0,0.134965717792511,-0.15710830688476562,0.13928383588790894,-0.15407103300094604,0.13638877868652344,0.1497691422700882,0.13452383875846863,0.1492631733417511,0.134965717792511,-0.15710830688476562,0.13928383588790894,-0.15407103300094604,0.13638877868652344,0.1497691422700882,0.13452383875846863,0.1492631733417511,-0.0016772589879110456,-0.013852698728442192,0.019468417391180992,-0.017904143780469894,-0.0474177822470665,0.012228554114699364,-0.049882590770721436,0.04951764643192291,0.30000001192092896,0.30000001192092896,0.30000001192092896,0.30000001192092896,0.0,0.0,1.0,0.0,-0.0,1.0,-0.0,-0.9999998807907104,0.30000001192092896,0.30000001192092896,0.30000001192092896,0.30000001192092896
1.95,0,0.03734753280878067,-0.021993489935994148,-0.00530215771868825,0.2809191942214966,1.0,0.08665359020233154,0.0032479139044880867,0.004361141473054886,1,1,1,1,9.695779800415039,4.542561054229736,4.823256969451904,9.669334411621094,9.695779800415039,4.542561054229736,4.823256969451904,9.669334411621094,0,0,0,0,0,0.9999990463256836,0.08002324402332306,-0.3183043599128723,0.07877522706985474,-0.3175361752510071,0.2905306816101074,0.04919305443763733,0.29240405559539795,0.05003996193408966,-0.26963672041893005,0.04980648308992386,-0.26980915665626526,0.04998292773962021,0.0,0.0,0.0,0.0,0.0,0.0,0.025037014856934547,-0.03640243783593178,0.043591514229774475,-0.025381939485669136,0.007082523312419653,-0.03678477182984352,0.001464603585191071,-0.024288715794682503,-0.017532896250486374,-0.022726919502019882,-0.011867898516356945,-0.007229204755276442,0.0,-0.0,0.0,-0.0,0.0,0.0,0.0,0.0,0.0,0.0,0.0,0.0,0.0,-0.0,0.0,-0.0,0.0,0.0,0.0,0.0,0.0,0.0,0.0,0.0,0.134965717792511,-0.15710830688476562,0.13928383588790894,-0.15407103300094604,0.13638877868652344,0.1497691422700882,0.13452383875846863,0.1492631733417511,0.134965717792511,-0.15710830688476562,0.13928383588790894,-0.15407103300094604,0.13638877868652344,0.1497691422700882,0.13452383875846863,0.1492631733417511,-0.0016772589879110456,-0.013852698728442192,0.019468417391180992,-0.017904143780469894,-0.0474177822470665,0.012228554114699364,-0.049882590770721436,0.04951764643192291,0.30000001192092896,0.30000001192092896,0.30000001192092896,0.30000001192092896,0.0,0.0,1.0,0.0,-0.0,1.0,-0.0,-0.9999998807907104,0.30000001192092896,0.30000001192092896,0.30000001192092896,0.30000001192092896
2.0,0,0.03802888095378876,-0.022075265645980835,-0.009563242085278034,0.2809379994869232,1.0,0.08930797874927521,0.0033907704055309296,0.004579134285449982,1,1,1,1,9.502103805541992,4.810700416564941,5.252254486083984,9.545797348022461,9.502103805541992,4.810700416564941,5.252254486083984,9.545797348022461,0,0,0,0,0,0.9999990463256836,0.08000770211219788,-0.31832051277160645,0.07876194268465042,-0.3175497055053711,0.2911672294139862,0.04929398000240326,0.2931021451950073,0.050068002194166183,-0.2689394950866699,0.049863144755363464,-0.26905056834220886,0.04993332549929619,0.0,0.0,0.0,0.0,0.0,0.0,0.027358097955584526,-0.03757154941558838,0.04600303992629051,-0.024994587525725365,0.008529109880328178,-0.03855704888701439,0.0015939699951559305,-0.023256894201040268,-0.01722373627126217,-0.02203327789902687,-0.01229347288608551,-0.006225075107067823,0.0,-0.0,0.0,-0.0,0.0,0.0,0.0,0.0,0.0,0.0,0.0,0.0,0.0,-0.0,0.0,-0.0,0.0,0.0,0.0,0.0,0.0,0.0,0.0,0.0,0.134965717792511,-0.15710830688476562,0.13928383588790894,-0.15407103300094604,0.13638877868652344,0.1497691422700882,0.13452383875846863,0.1492631733417511,0.134965717792511,-0.15710830688476562,0.13928383588790894,-0.15407103300094604,0.13638877868652344,0.1497691422700882,0.13452383875846863,0.1492631733417511,-0.0016772589879110456,-0.013852698728442192,0.019468417391180992,-0.017904143780469894,-0.0474177822470665,0.012228554114699364,-0.049882590770721436,0.04951764643192291,0.30000001192092896,0.30000001192092896,0.30000001192092896,0.30000001192092896,0.0,0.0,1.0,0.0,-0.0,1.0,-0.0,-0.9999998807907104,0.30000001192092896,0.30000001192092896,0.30000001192092896,0.30000001192092896
2.05,0,0.03872166574001312,-0.022191394120454788,-0.0063933865167200565,0.28093576431274414,1.0,0.08827347308397293,0.0034306803718209267,0.004802201874554157,1,1,1,1,9.877416610717773,4.420332908630371,4.664684772491455,9.773397445678711,9.877416610717773,4.420332908630371,4.664684772491455,9.773397445678711,0,0,0,0,0,0.9999991655349731,0.07999272644519806,-0.31833598017692566,0.07875074446201324,-0.3175612986087799,0.29181212186813354,0.04938816279172897,0.2937854826450348,0.05008669197559357,-0.26823729276657104,0.04990897700190544,-0.2682839334011078,0.04987091198563576,0.0,0.0,0.0,0.0,0.0,0.0,0.02722756750881672,-0.037361398339271545,0.04534835368394852,-0.024650882929563522,0.008760799653828144,-0.038093045353889465,0.001482197199948132,-0.02230064943432808,-0.017597222700715065,-0.02193061262369156,-0.01185806654393673,-0.005681307055056095,0.0,-0.0,0.0,-0.0,0.0,0.0,0.0,0.0,0.0,0.0,0.0,0.0,0.0,-0.0,0.0,-0.0,0.0,0.0,0.0,0.0,0.0,0.0,0.0,0.0,0.134965717792511,-0.15710830688476562,0.13928383588790894,-0.15407103300094604,0.13638877868652344,0.1497691422700882,0.13452383875846863,0.1492631733417511,0.134965717792511,-0.15710830688476562,0.13928383588790894,-0.15407103300094604,0.13638877868652344,0.1497691422700882,0.13452383875846863,0.1492631733417511,-0.0016772589879110456,-0.013852698728442192,0.019468417391180992,-0.017904143780469894,-0.0474177822470665,0.012228554114699364,-0.049882590770721436,0.04951764643192291,0.30000001192092896,0.30000001192092896,0.30000001192092896,0.30000001192092896,0.0,0.0,1.0,0.0,-0.0,1.0,-0.0,-0.9999998807907104,0.30000001192092896,0.30000001192092896,0.30000001192092896,0.30000001192092896
2.1,0,0.03944326564669609,-0.02231246419250965,-0.006773548666387796,0.28093820810317993,1.0,0.0883813127875328,0.003363213501870632,0.0050298068672418594,1,1,1,1,9.878665924072266,4.456092357635498,4.673748970031738,9.709861755371094,9.878665924072266,4.456092357635498,4.673748970031738,9.709861755371094,0,0,0,0,0,0.9999991655349731,0.07997650653123856,-0.3183527886867523,0.07873724400997162,-0.31757500767707825,0.29247167706489563,0.04947669804096222,0.29450029134750366,0.05009598657488823,-0.2675146460533142,0.04994778707623482,-0.2674967646598816,0.04979534447193146,0.0,0.0,0.0,0.0,0.0,0.0,0.027368120849132538,-0.037442829459905624,0.04511507973074913,-0.02499675378203392,0.008982772938907146,-0.038213253021240234,0.0015749955782666802,-0.02220454439520836,-0.017415726557374,-0.02189682610332966,-0.012233525514602661,-0.005582683719694614,0.0,-0.0,0.0,-0.0,0.0,0.0,0.0,0.0,0.0,0.0,0.0,0.0,0.0,-0.0,0.0,-0.0,0.0,0.0,0.0,0.0,0.0,0.0,0.0,0.0,0.134965717792511,-0.15710830688476562,0.13928383588790894,-0.15407103300094604,0.13638877868652344,0.1497691422700882,0.13452383875846863,0.1492631733417511,0.134965717792511,-0.15710830688476562,0.13928383588790894,-0.15407103300094604,0.13638877868652344,0.1497691422700882,0.13452383875846863,0.1492631733417511,-0.0016772589879110456,-0.013852698728442192,0.019468417391180992,-0.017904143780469894,-0.0474177822470665,0.012228554114699364,-0.049882590770721436,0.04951764643192291,0.30000001192092896,0.30000001192092896,0.30000001192092896,0.30000001192092896,0.0,0.0,1.0,0.0,-0.0,1.0,-0.0,-0.9999998807907104,0.30000001192092896,0.30000001192092896,0.30000001192092896,0.30000001192092896
2.15,0,0.04016246646642685,-0.022434521466493607,-0.007339823991060257,0.2809399962425232,1.0,0.08610762655735016,0.0034102601930499077,0.005260840058326721,1,1,1,1,9.919899940490723,4.439639568328857,4.605133056640625,9.747313499450684,9.919899940490723,4.439639568328857,4.605133056640625,9.747313499450684,0,0,0,0,0,0.9999991655349731,0.07996193319559097,-0.3183678388595581,0.07872053235769272,-0.3175920248031616,0.2931326925754547,0.04955679923295975,0.2952136695384979,0.050093259662389755,-0.26679182052612305,0.04997489973902702,-0.2667063772678375,0.04970689117908478,0.0,0.0,0.0,0.0,0.0,0.0,0.026221292093396187,-0.03632478043437004,0.043888241052627563,-0.024535026401281357,0.007702765986323357,-0.036267224699258804,0.0011819557985290885,-0.022717859596014023,-0.018172677606344223,-0.02199782244861126,-0.011485355906188488,-0.006412921939045191,0.0,-0.0,0.0,-0.0,0.0,0.0,0.0,0.0,0.0,0.0,0.0,0.0,0.0,-0.0,0.0,-0.0,0.0,0.0,0.0,0.0,0.0,0.0,0.0,0.0,0.134965717792511,-0.15710830688476562,0.13928383588790894,-0.15407103300094604,0.13638877868652344,0.1497691422700882,0.13452383875846863,0.1492631733417511,0.134965717792511,-0.15710830688476562,0.13928383588790894,-0.15407103300094604,0.13638877868652344,0.1497691422700882,0.13452383875846863,0.1492631733417511,-0.0016772589879110456,-0.013852698728442192,0.019468417391180992,-0.017904143780469894,-0.0474177822470665,0.012228554114699364,-0.049882590770721436,0.04951764643192291,0.30000001192092896,0.30000001192092896,0.30000001192092896,0.30000001192092896,0.0,0.0,1.0,0.0,-0.0,1.0,-0.0,-0.9999998807907104,0.30000001192092896,0.30000001192092896,0.30000001192092896,0.30000001192092896
2.2,0,0.04088670387864113,-0.022551173344254494,-0.008177689276635647,0.2809418737888336,1.0,0.0862879604101181,0.003462699241936207,0.005477624945342541,1,1,1,1,10.704895973205566,3.654698133468628,3.801286220550537,10.537087440490723,10.704895973205566,3.654698133468628,3.801286220550537,10.537087440490723,0,0,0,0,0,0.9999991655349731,0.07994857430458069,-0.3183816373348236,0.07870712876319885,-0.3176057040691376,0.29380089044570923,0.04962880164384842,0.2959316372871399,0.05007944256067276,-0.26606130599975586,0.049992796033620834,-0.2659239172935486,0.04964151605963707,0.0,0.0,0.0,0.0,0.0,0.0,0.027774572372436523,-0.03668128326535225,0.044193681329488754,-0.024404488503932953,0.00965675339102745,-0.0369216687977314,0.001576260314323008,-0.02050028368830681,-0.017694301903247833,-0.021031076088547707,-0.011313231661915779,-0.004173142835497856,0.0,-0.0,0.0,-0.0,0.0,0.0,0.0,0.0,0.0,0.0,0.0,0.0,0.0,-0.0,0.0,-0.0,0.0,0.0,0.0,0.0,0.0,0.0,0.0,0.0,0.134965717792511,-0.15710830688476562,0.13928383588790894,-0.15407103300094604,0.13638877868652344,0.1497691422700882,0.13452383875846863,0.1492631733417511,0.134965717792511,-0.15710830688476562,0.13928383588790894,-0.15407103300094604,0.13638877868652344,0.1497691422700882,0.13452383875846863,0.1492631733417511,-0.0016772589879110456,-0.013852698728442192,0.019468417391180992,-0.017904143780469894,-0.0474177822470665,0.012228554114699364,-0.049882590770721436,0.04951764643192291,0.30000001192092896,0.30000001192092896,0.30000001192092896,0.30000001192092896,0.0,0.0,1.0,0.0,-0.0,1.0,-0.0,-0.9999998807907104,0.30000001192092896,0.30000001192092896,0.30000001192092896,0.30000001192092896
2.25,0,0.041537344455718994,-0.02249203249812126,-0.009301058016717434,0.2809673845767975,1.0,0.08973916620016098,0.003618154674768448,0.005601563956588507,1,1,1,1,11.047219276428223,3.2078487873077393,3.5064351558685303,11.026473999023438,11.047219276428223,3.2078487873077393,3.5064351558685303,11.026473999023438,0,0,0,0,0,0.9999991655349731,0.0799393504858017,-0.31839102506637573,0.07869977504014969,-0.317613422870636,0.2944534122943878,0.04969305172562599,0.29662024974823,0.05005466938018799,-0.26533812284469604,0.050000596791505814,-0.2652527093887329,0.04972977936267853,0.0,0.0,0.0,0.0,0.0,0.0,0.029152173548936844,-0.0377650260925293,0.04659542813897133,-0.024875830858945847,0.009231148287653923,-0.03874827176332474,0.0020625474862754345,-0.021987540647387505,-0.017191501334309578,-0.020834485068917274,-0.012503355741500854,-0.005179327912628651,0.0,-0.0,0.0,-0.0,0.0,0.0,0.0,0.0,0.0,0.0,0.0,0.0,0.0,-0.0,0.0,-0.0,0.0,0.0,0.0,0.0,0.0,0.0,0.0,0.0,0.134965717792511,-0.15710830688476562,0.13928383588790894,-0.15407103300094604,0.13638877868652344,0.1497691422700882,0.13452383875846863,0.1492631733417511,0.134965717792511,-0.15710830688476562,0.13928383588790894,-0.15407103300094604,0.13638877868652344,0.1497691422700882,0.13452383875846863,0.1492631733417511,-0.0016772589879110456,-0.013852698728442192,0.019468417391180992,-0.017904143780469894,-0.0474177822470665,0.012228554114699364,-0.049882590770721436,0.04951764643192291,0.30000001192092896,0.30000001192092896,0.30000001192092896,0.30000001192092896,0.0,0.0,1.0,0.0,-0.0,1.0,-0.0,-0.9999998807907104,0.30000001192092896,0.30000001192092896,0.30000001192092896,0.30000001192092896
2.3,0,0.04220966994762421,-0.02247156947851181,-0.009055680595338345,0.28093859553337097,1.0,0.09097003191709518,0.0033129025250673294,0.005717726424336433,1,1,1,1,11.424759864807129,2.8062026500701904,3.0248141288757324,11.464120864868164,11.424759864807129,2.8062026500701904,3.0248141288757324,11.464120864868164,0,0,0,0,0,0.9999991655349731,0.07993150502443314,-0.3183988332748413,0.07868991792201996,-0.3176235854625702,0.295114129781723,0.04974832013249397,0.2973140776157379,0.050019338726997375,-0.2646067440509796,0.049997106194496155,-0.2645736336708069,0.049808356910943985,0.0,0.0,0.0,0.0,0.0,0.0,0.030359415337443352,-0.03803229331970215,0.0475919246673584,-0.024989480152726173,0.00958771537989378,-0.0391697958111763,0.00216314266435802,-0.021759554743766785,-0.017240313813090324,-0.020521750673651695,-0.012978210113942623,-0.005174227524548769,0.0,-0.0,0.0,-0.0,0.0,0.0,0.0,0.0,0.0,0.0,0.0,0.0,0.0,-0.0,0.0,-0.0,0.0,0.0,0.0,0.0,0.0,0.0,0.0,0.0,0.134965717792511,-0.15710830688476562,0.13928383588790894,-0.15407103300094604,0.13638877868652344,0.1497691422700882,0.13452383875846863,0.1492631733417511,0.134965717792511,-0.15710830688476562,0.13928383588790894,-0.15407103300094604,0.13638877868652344,0.1497691422700882,0.13452383875846863,0.1492631733417511,-0.0016772589879110456,-0.013852698728442192,0.019468417391180992,-0.017904143780469894,-0.0474177822470665,0.012228554114699364,-0.049882590770721436,0.04951764643192291,0.30000001192092896,0.30000001192092896,0.30000001192092896,0.30000001192092896,0.0,0.0,1.0,0.0,-0.0,1.0,-0.0,-0.9999998807907104,0.30000001192092896,0.30000001192092896,0.30000001192092896,0.30000001192092896
2.35,0,0.04289820045232773,-0.02247113734483719,-0.008475497364997864,0.28091344237327576,1.0,0.09175661206245422,0.003314821980893612,0.005825643893331289,1,1,1,1,11.895999908447266,2.2516138553619385,2.4575345516204834,12.041362762451172,11.895999908447266,2.2516138553619385,2.4575345516204834,12.041362762451172,0,0,0,0,0,0.9999991655349731,0.0799238309264183,-0.3184063732624054,0.07868216186761856,-0.31763172149658203,0.2957827150821686,0.049795281141996384,0.29801106452941895,0.04997324198484421,-0.2638654410839081,0.04998200759291649,-0.2638906240463257,0.04987800866365433,0.0,0.0,0.0,0.0,0.0,0.0,0.03129173815250397,-0.03837483748793602,0.04818917065858841,-0.024975592270493507,0.009765633381903172,-0.03949832543730736,0.0021794536150991917,-0.020968209952116013,-0.017457105219364166,-0.020267419517040253,-0.013447435572743416,-0.005024462006986141,0.0,-0.0,0.0,-0.0,0.0,0.0,0.0,0.0,0.0,0.0,0.0,0.0,0.0,-0.0,0.0,-0.0,0.0,0.0,0.0,0.0,0.0,0.0,0.0,0.0,0.134965717792511,-0.15710830688476562,0.13928383588790894,-0.15407103300094604,0.13638877868652344,0.1497691422700882,0.13452383875846863,0.1492631733417511,0.134965717792511,-0.15710830688476562,0.13928383588790894,-0.15407103300094604,0.13638877868652344,0.1497691422700882,0.13452383875846863,0.1492631733417511,-0.0016772589879110456,-0.013852698728442192,0.019468417391180992,-0.017904143780469894,-0.0474177822470665,0.012228554114699364,-0.049882590770721436,0.04951764643192291,0.30000001192092896,0.30000001192092896,0.30000001192092896,0.30000001192092896,0.0,0.0,1.0,0.0,-0.0,1.0,-0.0,-0.9999998807907104,0.30000001192092896,0.30000001192092896,0.30000001192092896,0.30000001192092896
2.4,0,0.04360480234026909,-0.022466914728283882,-0.009090660139918327,0.2809296250343323,1.0,0.0930912122130394,0.00337386317551136,0.005935865920037031,1,1,1,1,12.261358261108398,2.0708084106445312,2.1456451416015625,12.275701522827148,12.261358261108398,2.0708084106445312,2.1456451416015625,12.275701522827148,0,0,0,0,0,0.9999991655349731,0.07991667836904526,-0.3184134066104889,0.07867556810379028,-0.3176386058330536,0.2964623272418976,0.04983219504356384,0.2987152338027954,0.04991559684276581,-0.26310643553733826,0.04995736479759216,-0.26319950819015503,0.04993918910622597,0.0,0.0,0.0,0.0,0.0,0.0,0.03216459974646568,-0.03881358727812767,0.048797607421875,-0.025206107646226883,0.011038935743272305,-0.040396854281425476,0.0022494520526379347,-0.020581260323524475,-0.017072254791855812,-0.020140040665864944,-0.014302389696240425,-0.004930587951093912,0.0,-0.0,0.0,-0.0,0.0,0.0,0.0,0.0,0.0,0.0,0.0,0.0,0.0,-0.0,0.0,-0.0,0.0,0.0,0.0,0.0,0.0,0.0,0.0,0.0,0.134965717792511,-0.15710830688476562,0.13928383588790894,-0.15407103300094604,0.13638877868652344,0.1497691422700882,0.13452383875846863,0.1492631733417511,0.134965717792511,-0.15710830688476562,0.13928383588790894,-0.15407103300094604,0.13638877868652344,0.1497691422700882,0.13452383875846863,0.1492631733417511,-0.0016772589879110456,-0.013852698728442192,0.019468417391180992,-0.017904143780469894,-0.0474177822470665,0.012228554114699364,-0.049882590770721436,0.04951764643192291,0.30000001192092896,0.30000001192092896,0.30000001192092896,0.30000001192092896,0.0,0.0,1.0,0.0,-0.0,1.0,-0.0,-0.9999998807907104,0.30000001192092896,0.30000001192092896,0.30000001192092896,0.30000001192092896
2.45,0,0.04430825263261795,-0.022472333163022995,-0.012477048672735691,0.2787083387374878,1.0,0.09044336527585983,0.003245767205953598,0.0060446918942034245,1,1,1,1,12.84115219116211,1.618056058883667,1.6556581258773804,12.757822036743164,12.84115219116211,1.618056058883667,1.6556581258773804,12.757822036743164,0,0,0,0,0,0.9999991655349731,0.07990993559360504,-0.31842005252838135,0.07866647094488144,-0.3176480829715729,0.2971435785293579,0.04985831305384636,0.2994228005409241,0.049848660826683044,-0.2623482942581177,0.04991990327835083,-0.2625074088573456,0.049990978091955185,0.0,0.0,0.0,0.0,0.0,0.0,0.03132282570004463,-0.037716444581747055,0.047496527433395386,-0.024579301476478577,0.009678889997303486,-0.03880443796515465,0.0020717126317322254,-0.020052747800946236,-0.017916088923811913,-0.019989604130387306,-0.013028532266616821,-0.00448412774130702,0.0,-0.0,0.0,-0.0,0.0,0.0,0.0,0.0,0.0,0.0,0.0,0.0,0.0,-0.0,0.0,-0.0,0.0,0.0,0.0,0.0,0.0,0.0,0.0,0.0,0.134965717792511,-0.15710830688476562,0.13928383588790894,-0.15407103300094604,0.13638877868652344,0.1497691422700882,0.13452383875846863,0.1492631733417511,0.134965717792511,-0.15710830688476562,0.13928383588790894,-0.15407103300094604,0.13638877868652344,0.1497691422700882,0.13452383875846863,0.1492631733417511,-0.0016772589879110456,-0.013852698728442192,0.019468417391180992,-0.017904143780469894,-0.0474177822470665,0.012228554114699364,-0.049882590770721436,0.04951764643192291,0.30000001192092896,0.30000001192092896,0.30000001192092896,0.30000001192092896,0.0,0.0,1.0,0.0,-0.0,1.0,-0.0,-0.9999998807907104,0.30000001192092896,0.30000001192092896,0.30000001192092896,0.30000001192092896
2.5,0,0.04502790421247482,-0.022458460181951523,-0.010472950525581837,0.27867966890335083,1.0,0.09645426273345947,0.0034407703205943108,0.006163426209241152,1,1,1,1,12.867266654968262,1.5067380666732788,1.4496921300888062,12.935800552368164,12.867266654968262,1.5067380666732788,1.4496921300888062,12.935800552368164,0,0,0,0,0,0.9999991655349731,0.07990109920501709,-0.3184286653995514,0.0786566510796547,-0.3176582455635071,0.2978343963623047,0.0498751737177372,0.30012813210487366,0.04977133870124817,-0.2615862786769867,0.04989399388432503,-0.26180705428123474,0.05003367364406586,0.0,0.0,0.0,0.0,0.0,0.0,0.03462839871644974,-0.03975943103432655,0.05107731744647026,-0.025536760687828064,0.012835736386477947,-0.041595056653022766,0.0025976873002946377,-0.020205995067954063,-0.017216095700860023,-0.019848648458719254,-0.015455546788871288,-0.004826684016734362,0.0,-0.0,0.0,-0.0,0.0,0.0,0.0,0.0,0.0,0.0,0.0,0.0,0.0,-0.0,0.0,-0.0,0.0,0.0,0.0,0.0,0.0,0.0,0.0,0.0,0.134965717792511,-0.15710830688476562,0.13928383588790894,-0.15407103300094604,0.13638877868652344,0.1497691422700882,0.13452383875846863,0.1492631733417511,0.134965717792511,-0.15710830688476562,0.13928383588790894,-0.15407103300094604,0.13638877868652344,0.1497691422700882,0.13452383875846863,0.1492631733417511,-0.0016772589879110456,-0.013852698728442192,0.019468417391180992,-0.017904143780469894,-0.0474177822470665,0.012228554114699364,-0.049882590770721436,0.04951764643192291,0.30000001192092896,0.30000001192092896,0.30000001192092896,0.30000001192092896,0.0,0.0,1.0,0.0,-0.0,1.0,-0.0,-0.9999998807907104,0.30000001192092896,0.30000001192092896,0.30000001192092896,0.30000001192092896
2.55,0,0.04575782269239426,-0.022384855896234512,-0.010259163565933704,0.27863654494285583,1.0,0.09424415975809097,0.003253927454352379,0.0063032349571585655,1,1,1,1,13.123917579650879,1.3518805503845215,1.8605456352233887,12.636289596557617,13.123917579650879,1.3518805503845215,1.8605456352233887,12.636289596557617,0,0,0,0,0,0.9999990463256836,0.07989464700222015,-0.31843501329421997,0.0786605030298233,-0.31765466928482056,0.2985224425792694,0.04987899214029312,0.30083125829696655,0.049683038145303726,-0.2607952058315277,0.04988087713718414,-0.2611008286476135,0.0500686913728714,0.0,0.0,0.0,0.0,0.0,0.0,0.034057214856147766,-0.038964804261922836,0.05050097405910492,-0.02425827831029892,0.010323230177164078,-0.03976396098732948,0.00196419982239604,-0.02020551823079586,-0.018172182142734528,-0.01949159987270832,-0.014765050262212753,-0.006081125233322382,0.0,-0.0,0.0,-0.0,0.0,0.0,0.0,0.0,0.0,0.0,0.0,0.0,0.0,-0.0,0.0,-0.0,0.0,0.0,0.0,0.0,0.0,0.0,0.0,0.0,0.134965717792511,-0.15710830688476562,0.13928383588790894,-0.15407103300094604,0.13638877868652344,0.1497691422700882,0.13452383875846863,0.1492631733417511,0.134965717792511,-0.15710830688476562,0.13928383588790894,-0.15407103300094604,0.13638877868652344,0.1497691422700882,0.13452383875846863,0.1492631733417511,-0.0016772589879110456,-0.013852698728442192,0.019468417391180992,-0.017904143780469894,-0.0474177822470665,0.012228554114699364,-0.049882590770721436,0.04951764643192291,0.30000001192092896,0.30000001192092896,0.30000001192092896,0.30000001192092896,0.0,0.0,1.0,0.0,-0.0,1.0,-0.0,-0.9999998807907104,0.30000001192092896,0.30000001192092896,0.30000001192092896,0.30000001192092896
2.6,0,0.046472448855638504,-0.022399865090847015,-0.011236624792218208,0.28091007471084595,1.0,0.09165635704994202,0.0034227892756462097,0.00626382976770401,1,1,1,1,12.250082015991211,2.051340103149414,2.556467294692993,11.888038635253906,12.250082015991211,2.051340103149414,2.556467294692993,11.888038635253906,0,0,0,0,0,0.9999990463256836,0.07989532500505447,-0.3184341788291931,0.07865879684686661,-0.3176560699939728,0.2992025911808014,0.04991795867681503,0.3015093505382538,0.04971428960561752,-0.26001766324043274,0.04985928162932396,-0.26038479804992676,0.05009150132536888,0.0,0.0,0.0,0.0,0.0,0.0,0.031285855919122696,-0.03781271353363991,0.04753444716334343,-0.025786403566598892,0.0115736098960042,-0.03913610428571701,0.002443445846438408,-0.020122358575463295,-0.018688570708036423,-0.02082080952823162,-0.014002619311213493,-0.0035376735031604767,0.0,-0.0,0.0,-0.0,0.0,0.0,0.0,0.0,0.0,0.0,0.0,0.0,0.0,-0.0,0.0,-0.0,0.0,0.0,0.0,0.0,0.0,0.0,0.0,0.0,0.134965717792511,-0.15710830688476562,0.13928383588790894,-0.15407103300094604,0.13638877868652344,0.1497691422700882,0.13452383875846863,0.1492631733417511,0.134965717792511,-0.15710830688476562,0.13928383588790894,-0.15407103300094604,0.13638877868652344,0.1497691422700882,0.13452383875846863,0.1492631733417511,-0.0016772589879110456,-0.013852698728442192,0.019468417391180992,-0.017904143780469894,-0.0474177822470665,0.012228554114699364,-0.049882590770721436,0.04951764643192291,0.30000001192092896,0.30000001192092896,0.30000001192092896,0.30000001192092896,0.0,0.0,1.0,0.0,-0.0,1.0,-0.0,-0.9999998807907104,0.30000001192092896,0.30000001192092896,0.30000001192092896,0.30000001192092896
2.65,0,0.047192513942718506,-0.02250577136874199,-0.014392648823559284,0.2785777747631073,1.0,0.09227477759122849,0.0033169900998473167,0.006152481772005558,1,1,1,1,12.527215957641602,1.8130600452423096,2.2957773208618164,12.10274600982666,12.527215957641602,1.8130600452423096,2.2957773208618164,12.10274600982666,0,0,0,0,0,0.9999991655349731,0.07989870011806488,-0.3184310793876648,0.07866531610488892,-0.31764930486679077,0.29988789558410645,0.04995236173272133,0.3022103011608124,0.04979659989476204,-0.259265273809433,0.04982782155275345,-0.25966259837150574,0.05010027438402176,0.0,0.0,0.0,0.0,0.0,0.0,0.032658178359270096,-0.03748968616127968,0.04872940853238106,-0.024850137531757355,0.010596128180623055,-0.03880548104643822,0.0016963337548077106,-0.02017234079539776,-0.019268469884991646,-0.020459821447730064,-0.01440522726625204,-0.005018292460590601,0.0,-0.0,0.0,-0.0,0.0,0.0,0.0,0.0,0.0,0.0,0.0,0.0,0.0,-0.0,0.0,-0.0,0.0,0.0,0.0,0.0,0.0,0.0,0.0,0.0,0.134965717792511,-0.15710830688476562,0.13928383588790894,-0.15407103300094604,0.13638877868652344,0.1497691422700882,0.13452383875846863,0.1492631733417511,0.134965717792511,-0.15710830688476562,0.13928383588790894,-0.15407103300094604,0.13638877868652344,0.1497691422700882,0.13452383875846863,0.1492631733417511,-0.0016772589879110456,-0.013852698728442192,0.019468417391180992,-0.017904143780469894,-0.0474177822470665,0.012228554114699364,-0.049882590770721436,0.04951764643192291,0.30000001192092896,0.30000001192092896,0.30000001192092896,0.30000001192092896,0.0,0.0,1.0,0.0,-0.0,1.0,-0.0,-0.9999998807907104,0.30000001192092896,0.30000001192092896,0.30000001192092896,0.30000001192092896
2.7,0,0.047920554876327515,-0.02265107072889805,-0.014232298359274864,0.2808939814567566,1.0,0.09249063581228256,0.00336478091776371,0.0060287355445325375,1,1,1,1,12.345598220825195,2.245168924331665,2.515186071395874,11.97277545928955,12.345598220825195,2.245168924331665,2.515186071395874,11.97277545928955,0,0,0,0,0,0.9999991655349731,0.07990210503339767,-0.318427711725235,0.07866709679365158,-0.31764742732048035,0.3005825877189636,0.049974773079156876,0.3029194176197052,0.04986979812383652,-0.2585321366786957,0.04978611692786217,-0.2589323818683624,0.05009893700480461,0.0,0.0,0.0,0.0,0.0,0.0,0.0331132672727108,-0.037509284913539886,0.04935692623257637,-0.02425065077841282,0.010075535625219345,-0.03858768939971924,0.001354237669147551,-0.01996331661939621,-0.01975858025252819,-0.020478587597608566,-0.014070166274905205,-0.005314623471349478,0.0,-0.0,0.0,-0.0,0.0,0.0,0.0,0.0,0.0,0.0,0.0,0.0,0.0,-0.0,0.0,-0.0,0.0,0.0,0.0,0.0,0.0,0.0,0.0,0.0,0.134965717792511,-0.15710830688476562,0.13928383588790894,-0.15407103300094604,0.13638877868652344,0.1497691422700882,0.13452383875846863,0.1492631733417511,0.134965717792511,-0.15710830688476562,0.13928383588790894,-0.15407103300094604,0.13638877868652344,0.1497691422700882,0.13452383875846863,0.1492631733417511,-0.0016772589879110456,-0.013852698728442192,0.019468417391180992,-0.017904143780469894,-0.0474177822470665,0.012228554114699364,-0.049882590770721436,0.04951764643192291,0.30000001192092896,0.30000001192092896,0.30000001192092896,0.30000001192092896,0.0,0.0,1.0,0.0,-0.0,1.0,-0.0,-0.9999998807907104,0.30000001192092896,0.30000001192092896,0.30000001192092896,0.30000001192092896
2.75,0,0.048670411109924316,-0.022780057042837143,-0.013037767261266708,0.28085556626319885,1.0,0.09666337817907333,0.003107069991528988,0.005852582864463329,1,1,1,1,12.280962944030762,2.147653818130493,2.5337624549865723,11.775965690612793,12.280962944030762,2.147653818130493,2.5337624549865723,11.775965690612793,0,0,0,0,0,0.9999991655349731,0.07990280538797379,-0.3184266984462738,0.07867522537708282,-0.3176390528678894,0.3013205826282501,0.04998941347002983,0.3036155700683594,0.04993324354290962,-0.2577904760837555,0.04973417893052101,-0.25818967819213867,0.050084639340639114,0.0,0.0,0.0,0.0,0.0,0.0,0.03506387770175934,-0.039093729108572006,0.05150013789534569,-0.02582474797964096,0.013066493906080723,-0.04080226644873619,0.0022019031457602978,-0.01989680714905262,-0.019037004560232162,-0.020431118085980415,-0.015354149974882603,-0.0038669565692543983,0.0,-0.0,0.0,-0.0,0.0,0.0,0.0,0.0,0.0,0.0,0.0,0.0,0.0,-0.0,0.0,-0.0,0.0,0.0,0.0,0.0,0.0,0.0,0.0,0.0,0.134965717792511,-0.15710830688476562,0.13928383588790894,-0.15407103300094604,0.13638877868652344,0.1497691422700882,0.13452383875846863,0.1492631733417511,0.134965717792511,-0.15710830688476562,0.13928383588790894,-0.15407103300094604,0.13638877868652344,0.1497691422700882,0.13452383875846863,0.1492631733417511,-0.0016772589879110456,-0.013852698728442192,0.019468417391180992,-0.017904143780469894,-0.0474177822470665,0.012228554114699364,-0.049882590770721436,0.04951764643192291,0.30000001192092896,0.30000001192092896,0.30000001192092896,0.30000001192092896,0.0,0.0,1.0,0.0,-0.0,1.0,-0.0,-0.9999998807907104,0.30000001192092896,0.30000001192092896,0.30000001192092896,0.30000001192092896
2.8,0,0.049429818987846375,-0.022928189486265182,-0.011895096860826015,0.280825138092041,1.0,0.09574596583843231,0.003394855186343193,0.005672577768564224,1,1,1,1,12.301590919494629,2.124450445175171,2.557565212249756,11.835037231445312,12.301590919494629,2.124450445175171,2.557565212249756,11.835037231445312,0,0,0,0,0,0.9999991655349731,0.07990169525146484,-0.3184274733066559,0.0786794126033783,-0.3176346719264984,0.30206868052482605,0.049991920590400696,0.30432847142219543,0.04998631402850151,-0.25704607367515564,0.04966927692294121,-0.25743547081947327,0.0500585213303566,0.0,0.0,0.0,0.0,0.0,0.0,0.035416506230831146,-0.037949495017528534,0.05228576809167862,-0.024484585970640182,0.010722345672547817,-0.03951980173587799,0.0014065620489418507,-0.02098739892244339,-0.019095677882432938,-0.019601628184318542,-0.015297801233828068,-0.006113659590482712,0.0,-0.0,0.0,-0.0,0.0,0.0,0.0,0.0,0.0,0.0,0.0,0.0,0.0,-0.0,0.0,-0.0,0.0,0.0,0.0,0.0,0.0,0.0,0.0,0.0,0.134965717792511,-0.15710830688476562,0.13928383588790894,-0.15407103300094604,0.13638877868652344,0.1497691422700882,0.13452383875846863,0.1492631733417511,0.134965717792511,-0.15710830688476562,0.13928383588790894,-0.15407103300094604,0.13638877868652344,0.1497691422700882,0.13452383875846863,0.1492631733417511,-0.0016772589879110456,-0.013852698728442192,0.019468417391180992,-0.017904143780469894,-0.0474177822470665,0.012228554114699364,-0.049882590770721436,0.04951764643192291,0.30000001192092896,0.30000001192092896,0.30000001192092896,0.30000001192092896,0.0,0.0,1.0,0.0,-0.0,1.0,-0.0,-0.9999998807907104,0.30000001192092896,0.30000001192092896,0.30000001192092896,0.30000001192092896
2.85,0,0.05020533502101898,-0.023073801770806313,-0.011298556812107563,0.2807932496070862,1.0,0.09558422863483429,0.0032944753766059875,0.005506316665560007,1,1,1,1,12.207832336425781,2.286466121673584,2.787341833114624,11.583138465881348,12.207832336425781,2.286466121673584,2.787341833114624,11.583138465881348,0,0,0,0,0,0.9999991655349731,0.07990290224552155,-0.3184260427951813,0.07869387418031693,-0.31762009859085083,0.3028317987918854,0.04998144134879112,0.3050537705421448,0.05002951994538307,-0.25628799200057983,0.04959491267800331,-0.25667500495910645,0.050022464245557785,0.0,0.0,0.0,0.0,0.0,0.0,0.03467952087521553,-0.03851702809333801,0.05156237632036209,-0.024930577725172043,0.010809548199176788,-0.0400017611682415,0.0017361155478283763,-0.020850758999586105,-0.018957646563649178,-0.019885936751961708,-0.015248706564307213,-0.005270662251859903,0.0,-0.0,0.0,-0.0,0.0,0.0,0.0,0.0,0.0,0.0,0.0,0.0,0.0,-0.0,0.0,-0.0,0.0,0.0,0.0,0.0,0.0,0.0,0.0,0.0,0.134965717792511,-0.15710830688476562,0.13928383588790894,-0.15407103300094604,0.13638877868652344,0.1497691422700882,0.13452383875846863,0.1492631733417511,0.134965717792511,-0.15710830688476562,0.13928383588790894,-0.15407103300094604,0.13638877868652344,0.1497691422700882,0.13452383875846863,0.1492631733417511,-0.0016772589879110456,-0.013852698728442192,0.019468417391180992,-0.017904143780469894,-0.0474177822470665,0.012228554114699364,-0.049882590770721436,0.04951764643192291,0.30000001192092896,0.30000001192092896,0.30000001192092896,0.30000001192092896,0.0,0.0,1.0,0.0,-0.0,1.0,-0.0,-0.9999998807907104,0.30000001192092896,0.30000001192092896,0.30000001192092896,0.30000001192092896
2.9,0,0.05093676969408989,-0.023199083283543587,-0.00854813028126955,0.2807769775390625,1.0,0.09807917475700378,0.0031900685280561447,0.005351898726075888,1,1,1,1,12.178886413574219,2.33052659034729,2.6983249187469482,11.756925582885742,12.178886413574219,2.33052659034729,2.6983249187469482,11.756925582885742,0,0,0,0,0,0.9999992251396179,0.07990100979804993,-0.3184276521205902,0.07869686186313629,-0.3176170587539673,0.3035871386528015,0.04995984211564064,0.30576178431510925,0.05006125196814537,-0.2555505037307739,0.04950593784451485,-0.25591611862182617,0.04997321218252182,0.0,0.0,0.0,0.0,0.0,0.0,0.03621279448270798,-0.03901173919439316,0.05339724197983742,-0.025001227855682373,0.011860723607242107,-0.040784288197755814,0.0016780344303697348,-0.021303847432136536,-0.018900522962212563,-0.01986689120531082,-0.01616213656961918,-0.006006098818033934,0.0,-0.0,0.0,-0.0,0.0,0.0,0.0,0.0,0.0,0.0,0.0,0.0,0.0,-0.0,0.0,-0.0,0.0,0.0,0.0,0.0,0.0,0.0,0.0,0.0,0.134965717792511,-0.15710830688476562,0.13928383588790894,-0.15407103300094604,0.13638877868652344,0.1497691422700882,0.13452383875846863,0.1492631733417511,0.134965717792511,-0.15710830688476562,0.13928383588790894,-0.15407103300094604,0.13638877868652344,0.1497691422700882,0.13452383875846863,0.1492631733417511,-0.0016772589879110456,-0.013852698728442192,0.019468417391180992,-0.017904143780469894,-0.0474177822470665,0.012228554114699364,-0.049882590770721436,0.04951764643192291,0.30000001192092896,0.30000001192092896,0.30000001192092896,0.30000001192092896,0.0,0.0,1.0,0.0,-0.0,1.0,-0.0,-0.9999998807907104,0.30000001192092896,0.30000001192092896,0.30000001192092896,0.30000001192092896
2.95,0,0.051715537905693054,-0.023336874321103096,-0.012675835750997066,0.28074347972869873,1.0,0.09407387673854828,0.0033623194321990013,0.005186273250728846,1,1,1,1,12.35877513885498,2.3228232860565186,2.638920783996582,11.6923189163208,12.35877513885498,2.3228232860565186,2.638920783996582,11.6923189163208,0,0,0,0,0,0.9999992847442627,0.07990173250436783,-0.31842660903930664,0.07870683073997498,-0.31760692596435547,0.3043656349182129,0.0499248243868351,0.30649256706237793,0.05008239299058914,-0.25477585196495056,0.049405746161937714,-0.2551393508911133,0.04991108551621437,0.0,0.0,0.0,0.0,0.0,0.0,0.03496076911687851,-0.03793274238705635,0.05059654638171196,-0.024180946871638298,0.011495523154735565,-0.03891432285308838,0.001134583493694663,-0.01893325336277485,-0.02005869522690773,-0.020019667223095894,-0.014581877738237381,-0.004692582879215479,0.0,-0.0,0.0,-0.0,0.0,0.0,0.0,0.0,0.0,0.0,0.0,0.0,0.0,-0.0,0.0,-0.0,0.0,0.0,0.0,0.0,0.0,0.0,0.0,0.0,0.134965717792511,-0.15710830688476562,0.13928383588790894,-0.15407103300094604,0.13638877868652344,0.1497691422700882,0.13452383875846863,0.1492631733417511,0.134965717792511,-0.15710830688476562,0.13928383588790894,-0.15407103300094604,0.13638877868652344,0.1497691422700882,0.13452383875846863,0.1492631733417511,-0.0016772589879110456,-0.013852698728442192,0.019468417391180992,-0.017904143780469894,-0.0474177822470665,0.012228554114699364,-0.049882590770721436,0.04951764643192291,0.30000001192092896,0.30000001192092896,0.30000001192092896,0.30000001192092896,0.0,0.0,1.0,0.0,-0.0,1.0,-0.0,-0.9999998807907104,0.30000001192092896,0.30000001192092896,0.30000001192092896,0.30000001192092896
3.0,0,0.052472073584795,-0.02344351075589657,-0.013695836998522282,0.28072577714920044,1.0,0.08965779095888138,0.0031618764623999596,0.005059218965470791,1,1,1,1,12.137730598449707,2.490936040878296,2.8182506561279297,11.482431411743164,12.137730598449707,2.490936040878296,2.8182506561279297,11.482431411743164,0,0,0,0,0,0.9999992847442627,0.07990135252475739,-0.3184267282485962,0.0787167102098465,-0.3175969421863556,0.30513995885849,0.049878429621458054,0.30722400546073914,0.05009356886148453,-0.2540040910243988,0.04929675906896591,-0.2543662488460541,0.04983854293823242,0.0,0.0,0.0,0.0,0.0,0.0,0.032457537949085236,-0.03645072132349014,0.04824485629796982,-0.023486195132136345,0.008642402477562428,-0.03675837442278862,0.0011939910473302007,-0.019612738862633705,-0.020194754004478455,-0.01946874149143696,-0.012647869996726513,-0.004292114172130823,0.0,-0.0,0.0,-0.0,0.0,0.0,0.0,0.0,0.0,0.0,0.0,0.0,0.0,-0.0,0.0,-0.0,0.0,0.0,0.0,0.0,0.0,0.0,0.0,0.0,0.134965717792511,-0.15710830688476562,0.13928383588790894,-0.15407103300094604,0.13638877868652344,0.1497691422700882,0.13452383875846863,0.1492631733417511,0.134965717792511,-0.15710830688476562,0.13928383588790894,-0.15407103300094604,0.13638877868652344,0.1497691422700882,0.13452383875846863,0.1492631733417511,-0.0016772589879110456,-0.013852698728442192,0.019468417391180992,-0.017904143780469894,-0.0474177822470665,0.012228554114699364,-0.049882590770721436,0.04951764643192291,0.30000001192092896,0.30000001192092896,0.30000001192092896,0.30000001192092896,0.0,0.0,1.0,0.0,-0.0,1.0,-0.0,-0.9999998807907104,0.30000001192092896,0.30000001192092896,0.30000001192092896,0.30000001192092896
3.05,0,0.053283050656318665,-0.023608382791280746,-0.013349548913538456,0.2806856036186218,1.0,0.09610102325677872,0.0032713916152715683,0.0048733060248196125,1,1,1,1,12.17785930633545,2.5040783882141113,2.8711254596710205,11.312763214111328,12.17785930633545,2.5040783882141113,2.8711254596710205,11.312763214111328,0,0,0,0,0,0.9999992847442627,0.0799049437046051,-0.3184228837490082,0.07873006165027618,-0.31758344173431396,0.30594420433044434,0.04981619119644165,0.307975172996521,0.05009148269891739,-0.25322067737579346,0.049172621220350266,-0.2535650134086609,0.049750104546546936,0.0,0.0,0.0,0.0,0.0,0.0,0.03644053265452385,-0.03843383863568306,0.05243390426039696,-0.023871585726737976,0.012169367633759975,-0.039561279118061066,0.0009190253913402557,-0.01899699866771698,-0.020068293437361717,-0.01967879757285118,-0.01492299698293209,-0.004853946156799793,0.0,-0.0,0.0,-0.0,0.0,0.0,0.0,0.0,0.0,0.0,0.0,0.0,0.0,-0.0,0.0,-0.0,0.0,0.0,0.0,0.0,0.0,0.0,0.0,0.0,0.134965717792511,-0.15710830688476562,0.13928383588790894,-0.15407103300094604,0.13638877868652344,0.1497691422700882,0.13452383875846863,0.1492631733417511,0.134965717792511,-0.15710830688476562,0.13928383588790894,-0.15407103300094604,0.13638877868652344,0.1497691422700882,0.13452383875846863,0.1492631733417511,-0.0016772589879110456,-0.013852698728442192,0.019468417391180992,-0.017904143780469894,-0.0474177822470665,0.012228554114699364,-0.049882590770721436,0.04951764643192291,0.30000001192092896,0.30000001192092896,0.30000001192092896,0.30000001192092896,0.0,0.0,1.0,0.0,-0.0,1.0,-0.0,-0.9999998807907104,0.30000001192092896,0.30000001192092896,0.30000001192092896,0.30000001192092896
3.1,0,0.05407031625509262,-0.02376342937350273,-0.015982193872332573,0.2806597650051117,1.0,0.09913155436515808,0.0031041698530316353,0.004667805973440409,1,1,1,1,12.291398048400879,2.4852559566497803,2.6069159507751465,11.45697021484375,12.291398048400879,2.4852559566497803,2.6069159507751465,11.45697021484375,0,0,0,0,0,0.9999993443489075,0.07990912348031998,-0.3184181749820709,0.0787319764494896,-0.3175814151763916,0.30674752593040466,0.04973968490958214,0.30872517824172974,0.05007869750261307,-0.25244924426078796,0.04903167858719826,-0.2527587413787842,0.049646295607089996,0.0,0.0,0.0,0.0,0.0,0.0,0.03793640434741974,-0.03948771953582764,0.05437954142689705,-0.024045748636126518,0.013352172449231148,-0.040594808757305145,0.001158491475507617,-0.019529594108462334,-0.01997009478509426,-0.019593192264437675,-0.01639522984623909,-0.005728278774768114,0.0,-0.0,0.0,-0.0,0.0,0.0,0.0,0.0,0.0,0.0,0.0,0.0,0.0,-0.0,0.0,-0.0,0.0,0.0,0.0,0.0,0.0,0.0,0.0,0.0,0.134965717792511,-0.15710830688476562,0.13928383588790894,-0.15407103300094604,0.13638877868652344,0.1497691422700882,0.13452383875846863,0.1492631733417511,0.134965717792511,-0.15710830688476562,0.13928383588790894,-0.15407103300094604,0.13638877868652344,0.1497691422700882,0.13452383875846863,0.1492631733417511,-0.0016772589879110456,-0.013852698728442192,0.019468417391180992,-0.017904143780469894,-0.0474177822470665,0.012228554114699364,-0.049882590770721436,0.04951764643192291,0.30000001192092896,0.30000001192092896,0.30000001192092896,0.30000001192092896,0.0,0.0,1.0,0.0,-0.0,1.0,-0.0,-0.9999998807907104,0.30000001192092896,0.30000001192092896,0.30000001192092896,0.30000001192092896
3.15,0,0.054871831089258194,-0.023922313004732132,-0.015079219825565815,0.2806282937526703,1.0,0.09277654439210892,0.0036307498812675476,0.004472237545996904,1,1,1,1,12.091524124145508,2.6600255966186523,2.6342179775238037,11.327224731445312,12.091524124145508,2.6600255966186523,2.6342179775238037,11.327224731445312,0,0,0,0,0,0.9999993443489075,0.07991135120391846,-0.31841549277305603,0.07873759418725967,-0.31757572293281555,0.3075590431690216,0.04965244606137276,0.3094806671142578,0.05005320906639099,-0.2516714632511139,0.0488802008330822,-0.2519451379776001,0.04952767491340637,0.0,0.0,0.0,0.0,0.0,0.0,0.035504408180713654,-0.03732094541192055,0.050594262778759,-0.022521214559674263,0.011577167548239231,-0.03716866672039032,0.0003161102067679167,-0.01788279600441456,-0.02147989720106125,-0.019656365737318993,-0.013477361761033535,-0.004717396572232246,0.0,-0.0,0.0,-0.0,0.0,0.0,0.0,0.0,0.0,0.0,0.0,0.0,0.0,-0.0,0.0,-0.0,0.0,0.0,0.0,0.0,0.0,0.0,0.0,0.0,0.134965717792511,-0.15710830688476562,0.13928383588790894,-0.15407103300094604,0.13638877868652344,0.1497691422700882,0.13452383875846863,0.1492631733417511,0.134965717792511,-0.15710830688476562,0.13928383588790894,-0.15407103300094604,0.13638877868652344,0.1497691422700882,0.13452383875846863,0.1492631733417511,-0.0016772589879110456,-0.013852698728442192,0.019468417391180992,-0.017904143780469894,-0.0474177822470665,0.012228554114699364,-0.049882590770721436,0.04951764643192291,0.30000001192092896,0.30000001192092896,0.30000001192092896,0.30000001192092896,0.0,0.0,1.0,0.0,-0.0,1.0,-0.0,-0.9999998807907104,0.30000001192092896,0.30000001192092896,0.30000001192092896,0.30000001192092896
3.2,0,0.055675946176052094,-0.02407299354672432,-0.013964498415589333,0.2805987596511841,1.0,0.09446845203638077,0.003359752707183361,0.0042855991050601006,1,1,1,1,11.725761413574219,2.973900079727173,2.9991002082824707,10.869757652282715,11.725761413574219,2.973900079727173,2.9991002082824707,10.869757652282715,0,0,0,0,0,0.9999994039535522,0.07991497218608856,-0.31841138005256653,0.07874708622694016,-0.3175661563873291,0.3083813190460205,0.04954897239804268,0.31024169921875,0.05001591518521309,-0.25088733434677124,0.04871540889143944,-0.25113195180892944,0.049396708607673645,0.0,0.0,0.0,0.0,0.0,0.0,0.036392007023096085,-0.03786877542734146,0.05176763981580734,-0.023219691589474678,0.01138453558087349,-0.037827178835868835,0.0005929190083406866,-0.01814614050090313,-0.02117164619266987,-0.019466176629066467,-0.014302153140306473,-0.004996367264539003,0.0,-0.0,0.0,-0.0,0.0,0.0,0.0,0.0,0.0,0.0,0.0,0.0,0.0,-0.0,0.0,-0.0,0.0,0.0,0.0,0.0,0.0,0.0,0.0,0.0,0.134965717792511,-0.15710830688476562,0.13928383588790894,-0.15407103300094604,0.13638877868652344,0.1497691422700882,0.13452383875846863,0.1492631733417511,0.134965717792511,-0.15710830688476562,0.13928383588790894,-0.15407103300094604,0.13638877868652344,0.1497691422700882,0.13452383875846863,0.1492631733417511,-0.0016772589879110456,-0.013852698728442192,0.019468417391180992,-0.017904143780469894,-0.0474177822470665,0.012228554114699364,-0.049882590770721436,0.04951764643192291,0.30000001192092896,0.30000001192092896,0.30000001192092896,0.30000001192092896,0.0,0.0,1.0,0.0,-0.0,1.0,-0.0,-0.9999998807907104,0.30000001192092896,0.30000001192092896,0.30000001192092896,0.30000001192092896
3.25,0,0.05647473782300949,-0.02398315817117691,-0.0013025340158492327,0.2805796265602112,1.0,0.0987696647644043,0.0031974315643310547,0.004258143715560436,1,1,1,1,10.411470413208008,4.235902786254883,4.534700870513916,9.536052703857422,10.411470413208008,4.235902786254883,4.534700870513916,9.536052703857422,0,0,0,0,0,0.9999993443489075,0.07991261780261993,-0.3184136748313904,0.07874145358800888,-0.3175716996192932,0.30920299887657166,0.04942883178591728,0.3110259771347046,0.049967508763074875,-0.25016072392463684,0.048737119883298874,-0.25030019879341125,0.04925539717078209,0.0,0.0,0.0,0.0,0.0,0.0,0.037713561207056046,-0.04046500846743584,0.053758397698402405,-0.022289589047431946,0.015972314402461052,-0.04011957347393036,-0.000212986022233963,-0.01708379201591015,-0.019900865852832794,-0.01966516114771366,-0.01769525371491909,-0.007512934040278196,0.0,-0.0,0.0,-0.0,0.0,0.0,0.0,0.0,0.0,0.0,0.0,0.0,0.0,-0.0,0.0,-0.0,0.0,0.0,0.0,0.0,0.0,0.0,0.0,0.0,0.134965717792511,-0.15710830688476562,0.13928383588790894,-0.15407103300094604,0.13638877868652344,0.1497691422700882,0.13452383875846863,0.1492631733417511,0.134965717792511,-0.15710830688476562,0.13928383588790894,-0.15407103300094604,0.13638877868652344,0.1497691422700882,0.13452383875846863,0.1492631733417511,-0.0016772589879110456,-0.013852698728442192,0.019468417391180992,-0.017904143780469894,-0.0474177822470665,0.012228554114699364,-0.049882590770721436,0.04951764643192291,0.30000001192092896,0.30000001192092896,0.30000001192092896,0.30000001192092896,0.0,0.0,1.0,0.0,-0.0,1.0,-0.0,-0.9999998807907104,0.30000001192092896,0.30000001192092896,0.30000001192092896,0.30000001192092896
3.3,0,0.05729151517152786,-0.023827482014894485,-0.001934356871061027,0.2805640399456024,1.0,0.09035476297140121,0.0033466368913650513,0.004311219789087772,1,1,1,1,9.948295593261719,4.802186489105225,5.061551094055176,8.97464656829834,9.948295593261719,4.802186489105225,5.061551094055176,8.97464656829834,0,0,0,0,0,0.9999992847442627,0.07990481704473495,-0.3184218108654022,0.07873405516147614,-0.3175789713859558,0.31002891063690186,0.04929659515619278,0.3118329346179962,0.049908921122550964,-0.24943971633911133,0.04880746454000473,-0.24945922195911407,0.04909657686948776,0.0,0.0,0.0,0.0,0.0,0.0,0.03352750092744827,-0.0380939319729805,0.04769381880760193,-0.02199432998895645,0.013874799013137817,-0.03663071244955063,-0.00048490657354705036,-0.015316316857933998,-0.020476192235946655,-0.01976509764790535,-0.014907070435583591,-0.005384490825235844,0.0,-0.0,0.0,-0.0,0.0,0.0,0.0,0.0,0.0,0.0,0.0,0.0,0.0,-0.0,0.0,-0.0,0.0,0.0,0.0,0.0,0.0,0.0,0.0,0.0,0.134965717792511,-0.15710830688476562,0.13928383588790894,-0.15407103300094604,0.13638877868652344,0.1497691422700882,0.13452383875846863,0.1492631733417511,0.134965717792511,-0.15710830688476562,0.13928383588790894,-0.15407103300094604,0.13638877868652344,0.1497691422700882,0.13452383875846863,0.1492631733417511,-0.0016772589879110456,-0.013852698728442192,0.019468417391180992,-0.017904143780469894,-0.0474177822470665,0.012228554114699364,-0.049882590770721436,0.04951764643192291,0.30000001192092896,0.30000001192092896,0.30000001192092896,0.30000001192092896,0.0,0.0,1.0,0.0,-0.0,1.0,-0.0,-0.9999998807907104,0.30000001192092896,0.30000001192092896,0.30000001192092896,0.30000001192092896
3.35,0,0.05806182324886322,-0.023629866540431976,-0.0031251756008714437,0.2805674076080322,1.0,0.08727235347032547,0.003115265630185604,0.00438157981261611,1,1,1,1,11.116728782653809,3.292167901992798,3.5861244201660156,10.811856269836426,11.116728782653809,3.292167901992798,3.5861244201660156,10.811856269836426,0,0,0,0,0,0.9999992847442627,0.07989561557769775,-0.3184313178062439,0.0787295401096344,-0.3175835609436035,0.3108213543891907,0.049188751727342606,0.3126184642314911,0.049838706851005554,-0.24872706830501556,0.04886843264102936,-0.2486831694841385,0.049025051295757294,0.0,0.0,0.0,0.0,0.0,0.0,0.032119181007146835,-0.037253331393003464,0.04553695768117905,-0.021417375653982162,0.013858244754374027,-0.035288386046886444,-0.0005137265543453395,-0.014229674823582172,-0.020829495042562485,-0.01922961324453354,-0.014147873036563396,-0.004562460817396641,0.0,-0.0,0.0,-0.0,0.0,0.0,0.0,0.0,0.0,0.0,0.0,0.0,0.0,-0.0,0.0,-0.0,0.0,0.0,0.0,0.0,0.0,0.0,0.0,0.0,0.134965717792511,-0.15710830688476562,0.13928383588790894,-0.15407103300094604,0.13638877868652344,0.1497691422700882,0.13452383875846863,0.1492631733417511,0.134965717792511,-0.15710830688476562,0.13928383588790894,-0.15407103300094604,0.13638877868652344,0.1497691422700882,0.13452383875846863,0.1492631733417511,-0.0016772589879110456,-0.013852698728442192,0.019468417391180992,-0.017904143780469894,-0.0474177822470665,0.012228554114699364,-0.049882590770721436,0.04951764643192291,0.30000001192092896,0.30000001192092896,0.30000001192092896,0.30000001192092896,0.0,0.0,1.0,0.0,-0.0,1.0,-0.0,-0.9999998807907104,0.30000001192092896,0.30000001192092896,0.30000001192092896,0.30000001192092896
3.4,0,0.0586095005273819,-0.02344493567943573,-0.004531077109277248,0.28065410256385803,1.0,0.09349915385246277,0.0033610882237553596,0.004746285732835531,1,1,1,1,11.67946720123291,2.4143128395080566,2.8320698738098145,11.878003120422363,11.67946720123291,2.4143128395080566,2.8320698738098145,11.878003120422363,0,0,0,0,0,0.9999993443489075,0.07987340539693832,-0.3184540271759033,0.07871165871620178,-0.3176019489765167,0.31143873929977417,0.04928554221987724,0.3132886588573456,0.04976939037442207,-0.2480534166097641,0.04891505837440491,-0.24808979034423828,0.04915037006139755,0.0,0.0,0.0,0.0,0.0,0.0,0.035812441259622574,-0.03854382410645485,0.05059528723359108,-0.022999417036771774,0.013876635581254959,-0.03834372013807297,0.001134725520387292,-0.016411954537034035,-0.019425341859459877,-0.01866968348622322,-0.014545001089572906,-0.003765437286347151,0.0,-0.0,0.0,-0.0,0.0,0.0,0.0,0.0,0.0,0.0,0.0,0.0,0.0,-0.0,0.0,-0.0,0.0,0.0,0.0,0.0,0.0,0.0,0.0,0.0,0.134965717792511,-0.15710830688476562,0.13928383588790894,-0.15407103300094604,0.13638877868652344,0.1497691422700882,0.13452383875846863,0.1492631733417511,0.134965717792511,-0.15710830688476562,0.13928383588790894,-0.15407103300094604,0.13638877868652344,0.1497691422700882,0.13452383875846863,0.1492631733417511,-0.0016772589879110456,-0.013852698728442192,0.019468417391180992,-0.017904143780469894,-0.0474177822470665,0.012228554114699364,-0.049882590770721436,0.04951764643192291,0.30000001192092896,0.30000001192092896,0.30000001192092896,0.30000001192092896,0.0,0.0,1.0,0.0,-0.0,1.0,-0.0,-0.9999998807907104,0.30000001192092896,0.30000001192092896,0.30000001192092896,0.30000001192092896
3.4499999999999997,0,0.05920926481485367,-0.023290473967790604,-0.00692242756485939,0.28070420026779175,1.0,0.0900016501545906,0.002896583639085293,0.005091514904052019,1,1,1,1,12.187562942504883,2.0080957412719727,2.3773672580718994,12.355661392211914,12.187562942504883,2.0080957412719727,2.3773672580718994,12.355661392211914,0,0,0,0,0,0.9999994039535522,0.07985097914934158,-0.31847667694091797,0.07869689911603928,-0.31761717796325684,0.3120710849761963,0.04937683418393135,0.31396248936653137,0.0496886670589447,-0.24733994901180267,0.048954375088214874,-0.24748794734477997,0.049271129071712494,0.0,0.0,0.0,0.0,0.0,0.0,0.03442564979195595,-0.03719989210367203,0.04818703234195709,-0.023363348096609116,0.0120691554620862,-0.036754999309778214,0.0016509570414200425,-0.01653820276260376,-0.01937880925834179,-0.018132785335183144,-0.013404082506895065,-0.002581976819783449,0.0,-0.0,0.0,-0.0,0.0,0.0,0.0,0.0,0.0,0.0,0.0,0.0,0.0,-0.0,0.0,-0.0,0.0,0.0,0.0,0.0,0.0,0.0,0.0,0.0,0.134965717792511,-0.15710830688476562,0.13928383588790894,-0.15407103300094604,0.13638877868652344,0.1497691422700882,0.13452383875846863,0.1492631733417511,0.134965717792511,-0.15710830688476562,0.13928383588790894,-0.15407103300094604,0.13638877868652344,0.1497691422700882,0.13452383875846863,0.1492631733417511,-0.0016772589879110456,-0.013852698728442192,0.019468417391180992,-0.017904143780469894,-0.0474177822470665,0.012228554114699364,-0.049882590770721436,0.04951764643192291,0.30000001192092896,0.30000001192092896,0.30000001192092896,0.30000001192092896,0.0,0.0,1.0,0.0,-0.0,1.0,-0.0,-0.9999998807907104,0.30000001192092896,0.30000001192092896,0.30000001192092896,0.30000001192092896
3.5,0,0.05984269827604294,-0.023184759542346,-0.008283527567982674,0.2788091003894806,1.0,0.0952257439494133,0.003098484128713608,0.00541083887219429,1,1,1,1,12.763450622558594,1.3496458530426025,1.7040857076644897,12.976090431213379,12.763450622558594,1.3496458530426025,1.7040857076644897,12.976090431213379,0,0,0,0,0,0.9999994039535522,0.07983165234327316,-0.31849604845046997,0.07867980748414993,-0.31763479113578796,0.3127155303955078,0.04946180805563927,0.3146381378173828,0.04959545284509659,-0.2466154396533966,0.04898301512002945,-0.24688038229942322,0.049386002123355865,0.0,0.0,0.0,0.0,0.0,0.0,0.037193745374679565,-0.03814362734556198,0.052366409450769424,-0.024410702288150787,0.010964401066303253,-0.03917524591088295,0.0022859741002321243,-0.019111912697553635,-0.017963217571377754,-0.017235470935702324,-0.015271313488483429,-0.0036259652115404606,0.0,-0.0,0.0,-0.0,0.0,0.0,0.0,0.0,0.0,0.0,0.0,0.0,0.0,-0.0,0.0,-0.0,0.0,0.0,0.0,0.0,0.0,0.0,0.0,0.0,0.134965717792511,-0.15710830688476562,0.13928383588790894,-0.15407103300094604,0.13638877868652344,0.1497691422700882,0.13452383875846863,0.1492631733417511,0.134965717792511,-0.15710830688476562,0.13928383588790894,-0.15407103300094604,0.13638877868652344,0.1497691422700882,0.13452383875846863,0.1492631733417511,-0.0016772589879110456,-0.013852698728442192,0.019468417391180992,-0.017904143780469894,-0.0474177822470665,0.012228554114699364,-0.049882590770721436,0.04951764643192291,0.30000001192092896,0.30000001192092896,0.30000001192092896,0.30000001192092896,0.0,0.0,1.0,0.0,-0.0,1.0,-0.0,-0.9999998807907104,0.30000001192092896,0.30000001192092896,0.30000001192092896,0.30000001192092896
3.55,0,0.060483142733573914,-0.02309957891702652,-0.009161381982266903,0.27881038188934326,1.0,0.09812156111001968,0.0028320392593741417,0.0056940708309412,1,1,1,1,13.160728454589844,0.9687402844429016,1.2990140914916992,13.377330780029297,13.160728454589844,0.9687402844429016,1.2990140914916992,13.377330780029297,0,0,0,0,0,0.9999993443489075,0.07981409132480621,-0.31851324439048767,0.0786762684583664,-0.31763872504234314,0.31336426734924316,0.049539778381586075,0.3152715861797333,0.049489930272102356,-0.2458866685628891,0.049002304673194885,-0.24627861380577087,0.04949108883738518,0.0,0.0,0.0,0.0,0.0,0.0,0.03928491845726967,-0.03843854367733002,0.05492718145251274,-0.024094657972455025,0.010862424038350582,-0.03952673450112343,0.0019972440786659718,-0.02006867714226246,-0.01830034703016281,-0.01691984198987484,-0.01650470495223999,-0.005364849232137203,0.0,-0.0,0.0,-0.0,0.0,0.0,0.0,0.0,0.0,0.0,0.0,0.0,0.0,-0.0,0.0,-0.0,0.0,0.0,0.0,0.0,0.0,0.0,0.0,0.0,0.134965717792511,-0.15710830688476562,0.13928383588790894,-0.15407103300094604,0.13638877868652344,0.1497691422700882,0.13452383875846863,0.1492631733417511,0.134965717792511,-0.15710830688476562,0.13928383588790894,-0.15407103300094604,0.13638877868652344,0.1497691422700882,0.13452383875846863,0.1492631733417511,-0.0016772589879110456,-0.013852698728442192,0.019468417391180992,-0.017904143780469894,-0.0474177822470665,0.012228554114699364,-0.049882590770721436,0.04951764643192291,0.30000001192092896,0.30000001192092896,0.30000001192092896,0.30000001192092896,0.0,0.0,1.0,0.0,-0.0,1.0,-0.0,-0.9999998807907104,0.30000001192092896,0.30000001192092896,0.30000001192092896,0.30000001192092896
3.6,0,0.06112102419137955,-0.02301938086748123,-0.011163435876369476,0.2788124978542328,1.0,0.09185135364532471,0.003073357045650482,0.005944801494479179,1,1,1,1,13.658222198486328,0.5226311683654785,0.9496471881866455,13.79796314239502,13.658222198486328,0.5226311683654785,0.9496471881866455,13.79796314239502,0,0,0,0,0,0.9999992847442627,0.07979544997215271,-0.3185310661792755,0.07865695655345917,-0.31765860319137573,0.31401148438453674,0.049609679728746414,0.3158739507198334,0.049370333552360535,-0.24516606330871582,0.049010735005140305,-0.2456740140914917,0.04958834871649742,0.0,0.0,0.0,0.0,0.0,0.0,0.03627051040530205,-0.036673009395599365,0.04984837770462036,-0.024281466379761696,0.0116120595484972,-0.036748431622982025,0.002249166602268815,-0.017911458387970924,-0.01946030929684639,-0.0173529963940382,-0.014328520745038986,-0.002336396835744381,0.0,-0.0,0.0,-0.0,0.0,0.0,0.0,0.0,0.0,0.0,0.0,0.0,0.0,-0.0,0.0,-0.0,0.0,0.0,0.0,0.0,0.0,0.0,0.0,0.0,0.134965717792511,-0.15710830688476562,0.13928383588790894,-0.15407103300094604,0.13638877868652344,0.1497691422700882,0.13452383875846863,0.1492631733417511,0.134965717792511,-0.15710830688476562,0.13928383588790894,-0.15407103300094604,0.13638877868652344,0.1497691422700882,0.13452383875846863,0.1492631733417511,-0.0016772589879110456,-0.013852698728442192,0.019468417391180992,-0.017904143780469894,-0.0474177822470665,0.012228554114699364,-0.049882590770721436,0.04951764643192291,0.30000001192092896,0.30000001192092896,0.30000001192092896,0.30000001192092896,0.0,0.0,1.0,0.0,-0.0,1.0,-0.0,-0.9999998807907104,0.30000001192092896,0.30000001192092896,0.30000001192092896,0.30000001192092896
3.65,0,0.06175999343395233,-0.022937117144465446,-0.010141905397176743,0.2788203954696655,1.0,0.09024468809366226,0.003318704664707184,0.00617594737559557,1,1,1,1,14.090714454650879,0.0,0.5000537633895874,14.246063232421875,14.090714454650879,0.0,0.5000537633895874,14.246063232421875,0,0,0,0,0,0.9999992847442627,0.07978092133998871,-0.31854447722435,0.0786399096250534,-0.3176760971546173,0.3146645128726959,0.04967234283685684,0.3164530098438263,0.049237869679927826,-0.2444431036710739,0.049009665846824646,-0.24507272243499756,0.049677472561597824,0.0,0.0,0.0,0.0,0.0,0.0,0.035017382353544235,-0.03567761555314064,0.04828533157706261,-0.024643056094646454,0.011373360641300678,-0.03638994321227074,0.0022787069901823997,-0.01898827590048313,-0.018846262246370316,-0.017403408885002136,-0.01485633384436369,-0.0028533136937767267,0.0,-0.0,0.0,-0.0,0.0,0.0,0.0,0.0,0.0,0.0,0.0,0.0,0.0,-0.0,0.0,-0.0,0.0,0.0,0.0,0.0,0.0,0.0,0.0,0.0,0.134965717792511,-0.15710830688476562,0.13928383588790894,-0.15407103300094604,0.13638877868652344,0.1497691422700882,0.13452383875846863,0.1492631733417511,0.134965717792511,-0.15710830688476562,0.13928383588790894,-0.15407103300094604,0.13638877868652344,0.1497691422700882,0.13452383875846863,0.1492631733417511,-0.0016772589879110456,-0.013852698728442192,0.019468417391180992,-0.017904143780469894,-0.0474177822470665,0.012228554114699364,-0.049882590770721436,0.04951764643192291,0.30000001192092896,0.30000001192092896,0.30000001192092896,0.30000001192092896,0.0,0.0,1.0,0.0,-0.0,1.0,-0.0,-0.9999998807907104,0.30000001192092896,0.30000001192092896,0.30000001192092896,0.30000001192092896
3.6999999999999997,0,0.06243758648633957,-0.022872984409332275,-0.009978710673749447,0.2788069546222687,1.0,0.09458458423614502,0.0032228194177150726,0.006423123646527529,1,1,1,1,14.40447998046875,0.0,0.0,14.815801620483398,14.40447998046875,0.0,0.0,14.815801620483398,0,0,0,0,0,0.9999992251396179,0.07976681739091873,-0.31855762004852295,0.07862327247858047,-0.3176930844783783,0.31533217430114746,0.04972736909985542,0.3170860707759857,0.049109622836112976,-0.24367038905620575,0.0489952489733696,-0.2444567084312439,0.049761898815631866,0.0,0.0,0.0,0.0,0.0,0.0,0.03771596774458885,-0.03737935423851013,0.051856011152267456,-0.023636844009160995,0.014890611171722412,-0.03860560432076454,0.0019644177518785,-0.016545718535780907,-0.01895960047841072,-0.016849102452397346,-0.015608612447977066,-0.0014339589979499578,0.0,-0.0,0.0,-0.0,0.0,0.0,0.0,0.0,0.0,0.0,0.0,0.0,0.0,-0.0,0.0,-0.0,0.0,0.0,0.0,0.0,0.0,0.0,0.0,0.0,0.134965717792511,-0.15710830688476562,0.13928383588790894,-0.15407103300094604,0.13638877868652344,0.1497691422700882,0.13452383875846863,0.1492631733417511,0.134965717792511,-0.15710830688476562,0.13928383588790894,-0.15407103300094604,0.13638877868652344,0.1497691422700882,0.13452383875846863,0.1492631733417511,-0.0016772589879110456,-0.013852698728442192,0.019468417391180992,-0.017904143780469894,-0.0474177822470665,0.012228554114699364,-0.049882590770721436,0.04951764643192291,0.30000001192092896,0.30000001192092896,0.30000001192092896,0.30000001192092896,0.0,0.0,1.0,0.0,-0.0,1.0,-0.0,-0.9999998807907104,0.30000001192092896,0.30000001192092896,0.30000001192092896,0.30000001192092896
3.75,0,0.06311234831809998,-0.022899014875292778,-0.010315348394215107,0.27880430221557617,1.0,0.10531701892614365,0.0027960012666881084,0.006450044456869364,1,1,1,1,13.692630767822266,0.0,1.132899522781372,13.379244804382324,13.692630767822266,0.0,1.132899522781372,13.379244804382324,0,0,0,0,0,0.9999992251396179,0.07975742220878601,-0.3185667395591736,0.07862588763237,-0.31769031286239624,0.315998375415802,0.049776121973991394,0.3177283704280853,0.04911833256483078,-0.24292589724063873,0.04897347837686539,-0.2438436597585678,0.04983561486005783,0.0,0.0,0.0,0.0,0.0,0.0,0.04218411073088646,-0.04017478972673416,0.05989673733711243,-0.021910179406404495,0.017728280276060104,-0.04288372024893761,-0.00025474955327808857,-0.01766221411526203,-0.0192196574062109,-0.017781874164938927,-0.020624859258532524,-0.007361223455518484,0.0,-0.0,0.0,-0.0,0.0,0.0,0.0,0.0,0.0,0.0,0.0,0.0,0.0,-0.0,0.0,-0.0,0.0,0.0,0.0,0.0,0.0,0.0,0.0,0.0,0.134965717792511,-0.15710830688476562,0.13928383588790894,-0.15407103300094604,0.13638877868652344,0.1497691422700882,0.13452383875846863,0.1492631733417511,0.134965717792511,-0.15710830688476562,0.13928383588790894,-0.15407103300094604,0.13638877868652344,0.1497691422700882,0.13452383875846863,0.1492631733417511,-0.0016772589879110456,-0.013852698728442192,0.019468417391180992,-0.017904143780469894,-0.0474177822470665,0.012228554114699364,-0.049882590770721436,0.04951764643192291,0.30000001192092896,0.30000001192092896,0.30000001192092896,0.30000001192092896,0.0,0.0,1.0,0.0,-0.0,1.0,-0.0,-0.9999998807907104,0.30000001192092896,0.30000001192092896,0.30000001192092896,0.30000001192092896
3.8,0,0.06380929052829742,-0.0230209119617939,-0.01713702455163002,0.2788074314594269,1.0,0.10444889217615128,0.002311051357537508,0.006288439501076937,1,1,1,1,13.324870109558105,0.7606827616691589,0.6971002221107483,13.680258750915527,13.324870109558105,0.7606827616691589,0.6971002221107483,13.680258750915527,0,0,0,0,0,0.9999992847442627,0.07976505905389786,-0.31855952739715576,0.07864444702863693,-0.3176712393760681,0.3166849911212921,0.04982201009988785,0.3184167146682739,0.049253761768341064,-0.24220100045204163,0.04894411191344261,-0.24320724606513977,0.04989604651927948,0.0,0.0,0.0,0.0,0.0,0.0,0.04200049117207527,-0.038587652146816254,0.05915500968694687,-0.025697698816657066,0.010721475817263126,-0.042207974940538406,0.0022502962965518236,-0.022944534197449684,-0.0189274363219738,-0.017565757036209106,-0.019244389608502388,-0.005630856845527887,0.0,-0.0,0.0,-0.0,0.0,0.0,0.0,0.0,0.0,0.0,0.0,0.0,0.0,-0.0,0.0,-0.0,0.0,0.0,0.0,0.0,0.0,0.0,0.0,0.0,0.134965717792511,-0.15710830688476562,0.13928383588790894,-0.15407103300094604,0.13638877868652344,0.1497691422700882,0.13452383875846863,0.1492631733417511,0.134965717792511,-0.15710830688476562,0.13928383588790894,-0.15407103300094604,0.13638877868652344,0.1497691422700882,0.13452383875846863,0.1492631733417511,-0.0016772589879110456,-0.013852698728442192,0.019468417391180992,-0.017904143780469894,-0.0474177822470665,0.012228554114699364,-0.049882590770721436,0.04951764643192291,0.30000001192092896,0.30000001192092896,0.30000001192092896,0.30000001192092896,0.0,0.0,1.0,0.0,-0.0,1.0,-0.0,-0.9999998807907104,0.30000001192092896,0.30000001192092896,0.30000001192092896,0.30000001192092896
3.85,0,0.06447277218103409,-0.023132478818297386,-0.016859151422977448,0.27881643176078796,1.0,0.0991441085934639,0.0029798876494169235,0.006064887624233961,1,1,1,1,13.773122787475586,0.46481630206108093,0.9877375960350037,13.4710054397583,13.773122787475586,0.46481630206108093,0.9877375960350037,13.4710054397583,0,0,0,0,0,0.9999992847442627,0.07977432757616043,-0.3185502588748932,0.07865814119577408,-0.3176572918891907,0.3173529803752899,0.049855172634124756,0.31907379627227783,0.049379847943782806,-0.24150735139846802,0.04889891296625137,-0.24251282215118408,0.04994599521160126,0.0,0.0,0.0,0.0,0.0,0.0,0.040920257568359375,-0.03640550747513771,0.05608680844306946,-0.02351994253695011,0.010327722877264023,-0.0386100597679615,0.001063417294062674,-0.020068218931555748,-0.02148176170885563,-0.017220422625541687,-0.018152687698602676,-0.006481966469436884,0.0,-0.0,0.0,-0.0,0.0,0.0,0.0,0.0,0.0,0.0,0.0,0.0,0.0,-0.0,0.0,-0.0,0.0,0.0,0.0,0.0,0.0,0.0,0.0,0.0,0.134965717792511,-0.15710830688476562,0.13928383588790894,-0.15407103300094604,0.13638877868652344,0.1497691422700882,0.13452383875846863,0.1492631733417511,0.134965717792511,-0.15710830688476562,0.13928383588790894,-0.15407103300094604,0.13638877868652344,0.1497691422700882,0.13452383875846863,0.1492631733417511,-0.0016772589879110456,-0.013852698728442192,0.019468417391180992,-0.017904143780469894,-0.0474177822470665,0.012228554114699364,-0.049882590770721436,0.04951764643192291,0.30000001192092896,0.30000001192092896,0.30000001192092896,0.30000001192092896,0.0,0.0,1.0,0.0,-0.0,1.0,-0.0,-0.9999998807907104,0.30000001192092896,0.30000001192092896,0.30000001192092896,0.30000001192092896
3.9,0,0.06516281515359879,-0.023268239572644234,-0.013276692479848862,0.2788347899913788,1.0,0.09944140166044235,0.003108205273747444,0.005878053139895201,1,1,1,1,13.349153518676758,0.8117103576660156,0.48665934801101685,14.047204971313477,13.349153518676758,0.8117103576660156,0.48665934801101685,14.047204971313477,0,0,0,0,0,0.9999993443489075,0.07977836579084396,-0.3185465335845947,0.07868197560310364,-0.31763312220573425,0.31804558634757996,0.04988120496273041,0.31975507736206055,0.04949325695633888,-0.2408064305782318,0.0488484688103199,-0.24187862873077393,0.049989618360996246,0.0,0.0,0.0,0.0,0.0,0.0,0.04068757966160774,-0.037015918642282486,0.05512912571430206,-0.025794921442866325,0.012083634734153748,-0.039559971541166306,0.0023312412668019533,-0.019318507984280586,-0.02056155726313591,-0.017611034214496613,-0.018038615584373474,-0.0032207693438977003,0.0,-0.0,0.0,-0.0,0.0,0.0,0.0,0.0,0.0,0.0,0.0,0.0,0.0,-0.0,0.0,-0.0,0.0,0.0,0.0,0.0,0.0,0.0,0.0,0.0,0.134965717792511,-0.15710830688476562,0.13928383588790894,-0.15407103300094604,0.13638877868652344,0.1497691422700882,0.13452383875846863,0.1492631733417511,0.134965717792511,-0.15710830688476562,0.13928383588790894,-0.15407103300094604,0.13638877868652344,0.1497691422700882,0.13452383875846863,0.1492631733417511,-0.0016772589879110456,-0.013852698728442192,0.019468417391180992,-0.017904143780469894,-0.0474177822470665,0.012228554114699364,-0.049882590770721436,0.04951764643192291,0.30000001192092896,0.30000001192092896,0.30000001192092896,0.30000001192092896,0.0,0.0,1.0,0.0,-0.0,1.0,-0.0,-0.9999998807907104,0.30000001192092896,0.30000001192092896,0.30000001192092896,0.30000001192092896
3.9499999999999997,0,0.06586380302906036,-0.023419329896569252,-0.016297807916998863,0.2788386940956116,1.0,0.10611390322446823,0.0032100453972816467,0.0056388285011053085,1,1,1,1,13.60874080657959,0.6653372645378113,0.2878950834274292,14.406597137451172,13.60874080657959,0.6653372645378113,0.2878950834274292,14.406597137451172,0,0,0,0,0,0.9999993443489075,0.07978831231594086,-0.31853654980659485,0.07869041711091995,-0.3176240026950836,0.31873610615730286,0.04989511892199516,0.3204403817653656,0.04959990456700325,-0.24010029435157776,0.048783790320158005,-0.2412225604057312,0.050022803246974945,0.0,0.0,0.0,0.0,0.0,0.0,0.04439927265048027,-0.038170721381902695,0.06133909150958061,-0.024455489590764046,0.00953412614762783,-0.04135817289352417,0.001488995854742825,-0.022771703079342842,-0.020098844543099403,-0.016858700662851334,-0.019984833896160126,-0.007846585474908352,0.0,-0.0,0.0,-0.0,0.0,0.0,0.0,0.0,0.0,0.0,0.0,0.0,0.0,-0.0,0.0,-0.0,0.0,0.0,0.0,0.0,0.0,0.0,0.0,0.0,0.134965717792511,-0.15710830688476562,0.13928383588790894,-0.15407103300094604,0.13638877868652344,0.1497691422700882,0.13452383875846863,0.1492631733417511,0.134965717792511,-0.15710830688476562,0.13928383588790894,-0.15407103300094604,0.13638877868652344,0.1497691422700882,0.13452383875846863,0.1492631733417511,-0.0016772589879110456,-0.013852698728442192,0.019468417391180992,-0.017904143780469894,-0.0474177822470665,0.012228554114699364,-0.049882590770721436,0.04951764643192291,0.30000001192092896,0.30000001192092896,0.30000001192092896,0.30000001192092896,0.0,0.0,1.0,0.0,-0.0,1.0,-0.0,-0.9999998807907104,0.30000001192092896,0.30000001192092896,0.30000001192092896,0.30000001192092896
4.0,0,0.06656180322170258,-0.023461144417524338,-0.004707994870841503,0.27885034680366516,1.0,0.09677419811487198,0.0030921166762709618,0.005475184880197048,1,1,1,1,12.653976440429688,1.3475735187530518,1.582018256187439,12.908202171325684,12.653976440429688,1.3475735187530518,1.582018256187439,12.908202171325684,0,0,0,0,0,0.9999994039535522,0.07979226112365723,-0.3185328543186188,0.07870245724916458,-0.31761130690574646,0.3194398880004883,0.049896761775016785,0.32114294171333313,0.04969637095928192,-0.239400252699852,0.04878705367445946,-0.2405625879764557,0.05005502328276634,0.0,0.0,0.0,0.0,0.0,0.0,0.039854735136032104,-0.03616387024521828,0.0544247105717659,-0.023210832849144936,0.01140488963574171,-0.03749677911400795,0.0009095724672079086,-0.018893679603934288,-0.022355400025844574,-0.01801653392612934,-0.015407297760248184,-0.0035505329724401236,0.0,-0.0,0.0,-0.0,0.0,0.0,0.0,0.0,0.0,0.0,0.0,0.0,0.0,-0.0,0.0,-0.0,0.0,0.0,0.0,0.0,0.0,0.0,0.0,0.0,0.134965717792511,-0.15710830688476562,0.13928383588790894,-0.15407103300094604,0.13638877868652344,0.1497691422700882,0.13452383875846863,0.1492631733417511,0.134965717792511,-0.15710830688476562,0.13928383588790894,-0.15407103300094604,0.13638877868652344,0.1497691422700882,0.13452383875846863,0.1492631733417511,-0.0016772589879110456,-0.013852698728442192,0.019468417391180992,-0.017904143780469894,-0.0474177822470665,0.012228554114699364,-0.049882590770721436,0.04951764643192291,0.30000001192092896,0.30000001192092896,0.30000001192092896,0.30000001192092896,0.0,0.0,1.0,0.0,-0.0,1.0,-0.0,-0.9999998807907104,0.30000001192092896,0.30000001192092896,0.30000001192092896,0.30000001192092896
4.05,0,0.06728003919124603,-0.023338882252573967,-0.0024153392296284437,0.27881765365600586,1.0,0.08732562512159348,0.0024676891043782234,0.005488802213221788,1,1,1,1,12.641938209533691,1.7381547689437866,2.358490228652954,12.705121994018555,12.641938209533691,1.7381547689437866,2.358490228652954,12.705121994018555,0,0,0,0,0,0.9999993443489075,0.07979126274585724,-0.3185344338417053,0.07871483266353607,-0.3175986111164093,0.320128858089447,0.04992908239364624,0.32185685634613037,0.049785733222961426,-0.23870059847831726,0.048926278948783875,-0.2398318350315094,0.05007752776145935,0.0,0.0,0.0,0.0,0.0,0.0,0.03538106381893158,-0.036608416587114334,0.04530208185315132,-0.021502971649169922,0.014409623108804226,-0.034994639456272125,0.0005760124768130481,-0.00984555296599865,-0.022289080545306206,-0.017769988626241684,-0.013304214924573898,7.301170262508094e-05,0.0,-0.0,0.0,-0.0,0.0,0.0,0.0,0.0,0.0,0.0,0.0,0.0,0.0,-0.0,0.0,-0.0,0.0,0.0,0.0,0.0,0.0,0.0,0.0,0.0,0.134965717792511,-0.15710830688476562,0.13928383588790894,-0.15407103300094604,0.13638877868652344,0.1497691422700882,0.13452383875846863,0.1492631733417511,0.134965717792511,-0.15710830688476562,0.13928383588790894,-0.15407103300094604,0.13638877868652344,0.1497691422700882,0.13452383875846863,0.1492631733417511,-0.0016772589879110456,-0.013852698728442192,0.019468417391180992,-0.017904143780469894,-0.0474177822470665,0.012228554114699364,-0.049882590770721436,0.04951764643192291,0.30000001192092896,0.30000001192092896,0.30000001192092896,0.30000001192092896,0.0,0.0,1.0,0.0,-0.0,1.0,-0.0,-0.9999998807907104,0.30000001192092896,0.30000001192092896,0.30000001192092896,0.30000001192092896
4.1,0,0.06800367683172226,-0.023257721215486526,-0.0016752780647948384,0.2805449366569519,1.0,0.08573026955127716,0.00269189290702343,0.005464826710522175,1,1,1,1,12.06615924835205,2.2824513912200928,2.9408860206604004,11.574762344360352,12.06615924835205,2.2824513912200928,2.9408860206604004,11.574762344360352,0,0,0,0,0,0.9999992847442627,0.07979239523410797,-0.3185337781906128,0.07871753722429276,-0.31759536266326904,0.3208222985267639,0.04995545372366905,0.3225777745246887,0.04986216500401497,-0.23803016543388367,0.04905875399708748,-0.239131361246109,0.05008847266435623,0.0,0.0,0.0,0.0,0.0,0.0,0.037483833730220795,-0.035751327872276306,0.043312862515449524,-0.016918884590268135,0.018182577565312386,-0.030874527990818024,-0.0015866461908444762,0.0012361792614683509,-0.02638074941933155,-0.01304403506219387,-0.018160007894039154,-0.004524016287177801,0.0,-0.0,0.0,-0.0,0.0,0.0,0.0,0.0,0.0,0.0,0.0,0.0,0.0,-0.0,0.0,-0.0,0.0,0.0,0.0,0.0,0.0,0.0,0.0,0.0,0.134965717792511,-0.15710830688476562,0.13928383588790894,-0.15407103300094604,0.13638877868652344,0.1497691422700882,0.13452383875846863,0.1492631733417511,0.134965717792511,-0.15710830688476562,0.13928383588790894,-0.15407103300094604,0.13638877868652344,0.1497691422700882,0.13452383875846863,0.1492631733417511,-0.0016772589879110456,-0.013852698728442192,0.019468417391180992,-0.017904143780469894,-0.0474177822470665,0.012228554114699364,-0.049882590770721436,0.04951764643192291,0.30000001192092896,0.30000001192092896,0.30000001192092896,0.30000001192092896,0.0,0.0,1.0,0.0,-0.0,1.0,-0.0,-0.9999998807907104,0.30000001192092896,0.30000001192092896,0.30000001192092896,0.30000001192092896
4.15,0,0.0687142014503479,-0.02317492663860321,-0.002770460909232497,0.2805512845516205,1.0,0.09892567992210388,0.00250551151111722,0.005465357564389706,1,1,1,1,11.735612869262695,2.6504886150360107,2.9594948291778564,11.350850105285645,11.735612869262695,2.6504886150360107,2.9594948291778564,11.350850105285645,0,0,0,0,0,0.9999992847442627,0.07979083061218262,-0.31853577494621277,0.07871808856725693,-0.317594438791275,0.3215170204639435,0.04996960610151291,0.3232952952384949,0.04992866516113281,-0.2373691350221634,0.04917939752340317,-0.23843266069889069,0.050087690353393555,0.0,0.0,0.0,0.0,0.0,0.0,0.04158521816134453,-0.03953938186168671,0.054119665175676346,-0.02080090343952179,0.016719048842787743,-0.03814157098531723,-0.0010879405308514833,-0.011964152567088604,-0.023005355149507523,-0.018454791978001595,-0.018576940521597862,-0.00619858643040061,0.0,-0.0,0.0,-0.0,0.0,0.0,0.0,0.0,0.0,0.0,0.0,0.0,0.0,-0.0,0.0,-0.0,0.0,0.0,0.0,0.0,0.0,0.0,0.0,0.0,0.134965717792511,-0.15710830688476562,0.13928383588790894,-0.15407103300094604,0.13638877868652344,0.1497691422700882,0.13452383875846863,0.1492631733417511,0.134965717792511,-0.15710830688476562,0.13928383588790894,-0.15407103300094604,0.13638877868652344,0.1497691422700882,0.13452383875846863,0.1492631733417511,-0.0016772589879110456,-0.013852698728442192,0.019468417391180992,-0.017904143780469894,-0.0474177822470665,0.012228554114699364,-0.049882590770721436,0.04951764643192291,0.30000001192092896,0.30000001192092896,0.30000001192092896,0.30000001192092896,0.0,0.0,1.0,0.0,-0.0,1.0,-0.0,-0.9999998807907104,0.30000001192092896,0.30000001192092896,0.30000001192092896,0.30000001192092896
4.2,0,0.06943221390247345,-0.023093344643712044,-0.00649979617446661,0.2805473804473877,1.0,0.09238732606172562,0.0027161110192537308,0.0054715401493012905,1,1,1,1,11.45602798461914,2.846935272216797,3.1558473110198975,10.388090133666992,11.45602798461914,2.846935272216797,3.1558473110198975,10.388090133666992,0,0,0,0,0,0.9999992847442627,0.07979083806276321,-0.31853631138801575,0.0787244588136673,-0.3175880014896393,0.3222104609012604,0.049972694367170334,0.32401150465011597,0.049986157566308975,-0.2367064505815506,0.04929210990667343,-0.23766788840293884,0.050066057592630386,0.0,0.0,0.0,0.0,0.0,0.0,0.03835448995232582,-0.03857681155204773,0.04906962066888809,-0.02040768228471279,0.01684368960559368,-0.03573915734887123,-0.0005735773011110723,-0.008747466839849949,-0.023911818861961365,-0.01837128773331642,-0.014247843995690346,-0.001324533368460834,0.0,-0.0,0.0,-0.0,0.0,0.0,0.0,0.0,0.0,0.0,0.0,0.0,0.0,-0.0,0.0,-0.0,0.0,0.0,0.0,0.0,0.0,0.0,0.0,0.0,0.134965717792511,-0.15710830688476562,0.13928383588790894,-0.15407103300094604,0.13638877868652344,0.1497691422700882,0.13452383875846863,0.1492631733417511,0.134965717792511,-0.15710830688476562,0.13928383588790894,-0.15407103300094604,0.13638877868652344,0.1497691422700882,0.13452383875846863,0.1492631733417511,-0.0016772589879110456,-0.013852698728442192,0.019468417391180992,-0.017904143780469894,-0.0474177822470665,0.012228554114699364,-0.049882590770721436,0.04951764643192291,0.30000001192092896,0.30000001192092896,0.30000001192092896,0.30000001192092896,0.0,0.0,1.0,0.0,-0.0,1.0,-0.0,-0.9999998807907104,0.30000001192092896,0.30000001192092896,0.30000001192092896,0.30000001192092896
4.25,0,0.07016566395759583,-0.023050768300890923,-0.005437557119876146,0.28055423498153687,1.0,0.09741600602865219,0.0029802871868014336,0.005468746181577444,1,1,1,1,11.270896911621094,3.2681884765625,3.3753278255462646,10.976228713989258,11.270896911621094,3.2681884765625,3.3753278255462646,10.976228713989258,0,0,0,0,0,0.9999992251396179,0.07978754490613937,-0.3185400068759918,0.07872121781110764,-0.31759113073349,0.3229323625564575,0.049965258687734604,0.32474926114082336,0.050030115991830826,-0.23604735732078552,0.049395836889743805,-0.23693563044071198,0.05005059018731117,0.0,0.0,0.0,0.0,0.0,0.0,0.041070885956287384,-0.03920068219304085,0.05313064157962799,-0.020842615514993668,0.01689920388162136,-0.037300802767276764,-0.0010025282390415668,-0.011592530645430088,-0.02340623363852501,-0.018932215869426727,-0.016514066606760025,-0.0042151520028710365,0.0,-0.0,0.0,-0.0,0.0,0.0,0.0,0.0,0.0,0.0,0.0,0.0,0.0,-0.0,0.0,-0.0,0.0,0.0,0.0,0.0,0.0,0.0,0.0,0.0,0.134965717792511,-0.15710830688476562,0.13928383588790894,-0.15407103300094604,0.13638877868652344,0.1497691422700882,0.13452383875846863,0.1492631733417511,0.134965717792511,-0.15710830688476562,0.13928383588790894,-0.15407103300094604,0.13638877868652344,0.1497691422700882,0.13452383875846863,0.1492631733417511,-0.0016772589879110456,-0.013852698728442192,0.019468417391180992,-0.017904143780469894,-0.0474177822470665,0.012228554114699364,-0.049882590770721436,0.04951764643192291,0.30000001192092896,0.30000001192092896,0.30000001192092896,0.30000001192092896,0.0,0.0,1.0,0.0,-0.0,1.0,-0.0,-0.9999998807907104,0.30000001192092896,0.30000001192092896,0.30000001192092896,0.30000001192092896
4.3,0,0.07090828567743301,-0.02298911102116108,-0.006049701943993568,0.28053632378578186,1.0,0.09344948083162308,0.0028466414660215378,0.005451615434139967,1,1,1,1,10.863072395324707,3.772188663482666,4.0310163497924805,10.312796592712402,10.863072395324707,3.772188663482666,4.0310163497924805,10.312796592712402,0,0,0,0,0,0.9999991655349731,0.07978527247905731,-0.3185424208641052,0.0787227600812912,-0.31758958101272583,0.3236682415008545,0.049944356083869934,0.32547232508659363,0.05006391927599907,-0.23538288474082947,0.049493346363306046,-0.2361682504415512,0.0500146709382534,0.0,0.0,0.0,0.0,0.0,0.0,0.04002046957612038,-0.03786838799715042,0.051307301968336105,-0.019256073981523514,0.015983834862709045,-0.03475458174943924,-0.0015114210546016693,-0.00913978274911642,-0.024756036698818207,-0.017926504835486412,-0.01424901932477951,-0.002734624082222581,0.0,-0.0,0.0,-0.0,0.0,0.0,0.0,0.0,0.0,0.0,0.0,0.0,0.0,-0.0,0.0,-0.0,0.0,0.0,0.0,0.0,0.0,0.0,0.0,0.0,0.134965717792511,-0.15710830688476562,0.13928383588790894,-0.15407103300094604,0.13638877868652344,0.1497691422700882,0.13452383875846863,0.1492631733417511,0.134965717792511,-0.15710830688476562,0.13928383588790894,-0.15407103300094604,0.13638877868652344,0.1497691422700882,0.13452383875846863,0.1492631733417511,-0.0016772589879110456,-0.013852698728442192,0.019468417391180992,-0.017904143780469894,-0.0474177822470665,0.012228554114699364,-0.049882590770721436,0.04951764643192291,0.30000001192092896,0.30000001192092896,0.30000001192092896,0.30000001192092896,0.0,0.0,1.0,0.0,-0.0,1.0,-0.0,-0.9999998807907104,0.30000001192092896,0.30000001192092896,0.30000001192092896,0.30000001192092896
4.35,0,0.07165578007698059,-0.022931238636374474,-0.00601237453520298,0.2805296778678894,1.0,0.09596865624189377,0.002952403388917446,0.005428217351436615,1,1,1,1,10.659246444702148,3.8348522186279297,3.943467140197754,10.338994026184082,10.659246444702148,3.8348522186279297,3.943467140197754,10.338994026184082,0,0,0,0,0,0.9999991655349731,0.07978088408708572,-0.3185470700263977,0.0787201076745987,-0.3175921142101288,0.3244120180606842,0.04991256073117256,0.32621297240257263,0.05008742958307266,-0.23471777141094208,0.04958046227693558,-0.235386922955513,0.049964308738708496,0.0,0.0,0.0,0.0,0.0,0.0,0.04047967121005058,-0.038956716656684875,0.05145826190710068,-0.020907659083604813,0.018523329868912697,-0.036646731197834015,-0.0008677842561155558,-0.009900970384478569,-0.023504294455051422,-0.018556203693151474,-0.016622168943285942,-0.0032727026846259832,0.0,-0.0,0.0,-0.0,0.0,0.0,0.0,0.0,0.0,0.0,0.0,0.0,0.0,-0.0,0.0,-0.0,0.0,0.0,0.0,0.0,0.0,0.0,0.0,0.0,0.134965717792511,-0.15710830688476562,0.13928383588790894,-0.15407103300094604,0.13638877868652344,0.1497691422700882,0.13452383875846863,0.1492631733417511,0.134965717792511,-0.15710830688476562,0.13928383588790894,-0.15407103300094604,0.13638877868652344,0.1497691422700882,0.13452383875846863,0.1492631733417511,-0.0016772589879110456,-0.013852698728442192,0.019468417391180992,-0.017904143780469894,-0.0474177822470665,0.012228554114699364,-0.049882590770721436,0.04951764643192291,0.30000001192092896,0.30000001192092896,0.30000001192092896,0.30000001192092896,0.0,0.0,1.0,0.0,-0.0,1.0,-0.0,-0.9999998807907104,0.30000001192092896,0.30000001192092896,0.30000001192092896,0.30000001192092896
4.4,0,0.0724061131477356,-0.022880882024765015,-0.004300749860703945,0.2805047333240509,1.0,0.09480471909046173,0.0029892828315496445,0.005414850544184446,1,1,1,1,10.182875633239746,4.332231521606445,4.529139995574951,9.757681846618652,10.182875633239746,4.332231521606445,4.529139995574951,9.757681846618652,0,0,0,0,0,0.9999990463256836,0.07977744936943054,-0.31855055689811707,0.07871417701244354,-0.3175978362560272,0.32516247034072876,0.049868181347846985,0.3269347846508026,0.05010019615292549,-0.2340528666973114,0.049658067524433136,-0.23463571071624756,0.04990098252892494,0.0,0.0,0.0,0.0,0.0,0.0,0.04154723510146141,-0.03852010518312454,0.05214015021920204,-0.01860193721950054,0.01689627394080162,-0.03460398316383362,-0.0016233841888606548,-0.0075816381722688675,-0.025763625279068947,-0.01783151924610138,-0.013613828457891941,-0.0017987819155678153,0.0,-0.0,0.0,-0.0,0.0,0.0,0.0,0.0,0.0,0.0,0.0,0.0,0.0,-0.0,0.0,-0.0,0.0,0.0,0.0,0.0,0.0,0.0,0.0,0.0,0.134965717792511,-0.15710830688476562,0.13928383588790894,-0.15407103300094604,0.13638877868652344,0.1497691422700882,0.13452383875846863,0.1492631733417511,0.134965717792511,-0.15710830688476562,0.13928383588790894,-0.15407103300094604,0.13638877868652344,0.1497691422700882,0.13452383875846863,0.1492631733417511,-0.0016772589879110456,-0.013852698728442192,0.019468417391180992,-0.017904143780469894,-0.0474177822470665,0.012228554114699364,-0.049882590770721436,0.04951764643192291,0.30000001192092896,0.30000001192092896,0.30000001192092896,0.30000001192092896,0.0,0.0,1.0,0.0,-0.0,1.0,-0.0,-0.9999998807907104,0.30000001192092896,0.30000001192092896,0.30000001192092896,0.30000001192092896
4.45,0,0.07316669821739197,-0.022817743942141533,-0.004990509711205959,0.28046947717666626,1.0,0.09473706036806107,0.0030753817409276962,0.005388288293033838,1,1,1,1,10.104288101196289,4.69552755355835,4.916676044464111,9.209249496459961,10.104288101196289,4.69552755355835,4.916676044464111,9.209249496459961,0,0,0,0,0,0.9999990463256836,0.07977508008480072,-0.31855276226997375,0.07871375977993011,-0.3175981938838959,0.3259577453136444,0.049813732504844666,0.3276607394218445,0.050099898129701614,-0.23337776958942413,0.04972703382372856,-0.23384150862693787,0.0498235821723938,0.0,0.0,0.0,0.0,0.0,0.0,0.04167069122195244,-0.03838105499744415,0.052552271634340286,-0.01835755631327629,0.016811149194836617,-0.034746963530778885,-0.001595574663951993,-0.008304146118462086,-0.024997539818286896,-0.017266390845179558,-0.013366506434977055,-0.001917642424814403,0.0,-0.0,0.0,-0.0,0.0,0.0,0.0,0.0,0.0,0.0,0.0,0.0,0.0,-0.0,0.0,-0.0,0.0,0.0,0.0,0.0,0.0,0.0,0.0,0.0,0.134965717792511,-0.15710830688476562,0.13928383588790894,-0.15407103300094604,0.13638877868652344,0.1497691422700882,0.13452383875846863,0.1492631733417511,0.134965717792511,-0.15710830688476562,0.13928383588790894,-0.15407103300094604,0.13638877868652344,0.1497691422700882,0.13452383875846863,0.1492631733417511,-0.0016772589879110456,-0.013852698728442192,0.019468417391180992,-0.017904143780469894,-0.0474177822470665,0.012228554114699364,-0.049882590770721436,0.04951764643192291,0.30000001192092896,0.30000001192092896,0.30000001192092896,0.30000001192092896,0.0,0.0,1.0,0.0,-0.0,1.0,-0.0,-0.9999998807907104,0.30000001192092896,0.30000001192092896,0.30000001192092896,0.30000001192092896
4.5,0,0.07394269108772278,-0.022777287289500237,-0.00729330675676465,0.28042998909950256,1.0,0.09792088717222214,0.0029967986047267914,0.005362598691135645,1,1,1,1,9.489873886108398,5.096366882324219,5.344682693481445,8.692065238952637,9.489873886108398,5.096366882324219,5.344682693481445,8.692065238952637,0,0,0,0,0,0.999998927116394,0.07977163791656494,-0.3185562193393707,0.07871229946613312,-0.3175995945930481,0.3267260193824768,0.04974428191781044,0.3283921480178833,0.050087861716747284,-0.23269493877887726,0.04978777840733528,-0.23303444683551788,0.049732234328985214,0.0,0.0,0.0,0.0,0.0,0.0,0.04364408180117607,-0.039180122315883636,0.05498713627457619,-0.01771651767194271,0.017379486933350563,-0.03601108491420746,-0.002248512115329504,-0.008409647271037102,-0.02482420578598976,-0.017124148085713387,-0.014699574559926987,-0.0033128459472209215,0.0,-0.0,0.0,-0.0,0.0,0.0,0.0,0.0,0.0,0.0,0.0,0.0,0.0,-0.0,0.0,-0.0,0.0,0.0,0.0,0.0,0.0,0.0,0.0,0.0,0.134965717792511,-0.15710830688476562,0.13928383588790894,-0.15407103300094604,0.13638877868652344,0.1497691422700882,0.13452383875846863,0.1492631733417511,0.134965717792511,-0.15710830688476562,0.13928383588790894,-0.15407103300094604,0.13638877868652344,0.1497691422700882,0.13452383875846863,0.1492631733417511,-0.0016772589879110456,-0.013852698728442192,0.019468417391180992,-0.017904143780469894,-0.0474177822470665,0.012228554114699364,-0.049882590770721436,0.04951764643192291,0.30000001192092896,0.30000001192092896,0.30000001192092896,0.30000001192092896,0.0,0.0,1.0,0.0,-0.0,1.0,-0.0,-0.9999998807907104,0.30000001192092896,0.30000001192092896,0.30000001192092896,0.30000001192092896
4.55,0,0.07472434639930725,-0.022719785571098328,-0.0002782624214887619,0.28041231632232666,1.0,0.09651374816894531,0.003093251958489418,0.005350797437131405,1,1,1,1,9.280076026916504,5.2353596687316895,5.741788864135742,8.57370376586914,9.280076026916504,5.2353596687316895,5.741788864135742,8.57370376586914,0,0,0,0,0,0.999998927116394,0.07976672798395157,-0.318561315536499,0.07871267199516296,-0.31759923696517944,0.32749855518341064,0.04966092109680176,0.32915329933166504,0.0500628836452961,-0.23200789093971252,0.04983960837125778,-0.2322184145450592,0.04962782934308052,0.0,0.0,0.0,0.0,0.0,0.0,0.04205953702330589,-0.039219681173563004,0.05275637283921242,-0.01854701340198517,0.01965155452489853,-0.034814272075891495,-0.0019944615196436644,-0.0069913100451231,-0.025912432000041008,-0.018257612362504005,-0.014823428355157375,-0.0022106908727437258,0.0,-0.0,0.0,-0.0,0.0,0.0,0.0,0.0,0.0,0.0,0.0,0.0,0.0,-0.0,0.0,-0.0,0.0,0.0,0.0,0.0,0.0,0.0,0.0,0.0,0.134965717792511,-0.15710830688476562,0.13928383588790894,-0.15407103300094604,0.13638877868652344,0.1497691422700882,0.13452383875846863,0.1492631733417511,0.134965717792511,-0.15710830688476562,0.13928383588790894,-0.15407103300094604,0.13638877868652344,0.1497691422700882,0.13452383875846863,0.1492631733417511,-0.0016772589879110456,-0.013852698728442192,0.019468417391180992,-0.017904143780469894,-0.0474177822470665,0.012228554114699364,-0.049882590770721436,0.04951764643192291,0.30000001192092896,0.30000001192092896,0.30000001192092896,0.30000001192092896,0.0,0.0,1.0,0.0,-0.0,1.0,-0.0,-0.9999998807907104,0.30000001192092896,0.30000001192092896,0.30000001192092896,0.30000001192092896
4.6,0,0.0755094364285469,-0.02265828661620617,-0.0024699580390006304,0.2804175019264221,1.0,0.09415799379348755,0.003150523640215397,0.005361101124435663,1,1,1,1,8.937640190124512,5.6157050132751465,5.736116886138916,8.4038724899292,8.937640190124512,5.6157050132751465,5.736116886138916,8.4038724899292,0,0,0,0,0,0.9999988675117493,0.07976119220256805,-0.31856727600097656,0.07870465517044067,-0.31760716438293457,0.3282769024372101,0.04956645146012306,0.32994481921195984,0.0500258170068264,-0.23130588233470917,0.049878235906362534,-0.23140044510364532,0.04950733482837677,0.0,0.0,0.0,0.0,0.0,0.0,0.040055446326732635,-0.03887933865189552,0.050261568278074265,-0.019118601456284523,0.018824433907866478,-0.03494598716497421,-0.0021495437249541283,-0.007838040590286255,-0.024464337155222893,-0.018594561144709587,-0.01604933850467205,-0.0038025465328246355,0.0,-0.0,0.0,-0.0,0.0,0.0,0.0,0.0,0.0,0.0,0.0,0.0,0.0,-0.0,0.0,-0.0,0.0,0.0,0.0,0.0,0.0,0.0,0.0,0.0,0.134965717792511,-0.15710830688476562,0.13928383588790894,-0.15407103300094604,0.13638877868652344,0.1497691422700882,0.13452383875846863,0.1492631733417511,0.134965717792511,-0.15710830688476562,0.13928383588790894,-0.15407103300094604,0.13638877868652344,0.1497691422700882,0.13452383875846863,0.1492631733417511,-0.0016772589879110456,-0.013852698728442192,0.019468417391180992,-0.017904143780469894,-0.0474177822470665,0.012228554114699364,-0.049882590770721436,0.04951764643192291,0.30000001192092896,0.30000001192092896,0.30000001192092896,0.30000001192092896,0.0,0.0,1.0,0.0,-0.0,1.0,-0.0,-0.9999998807907104,0.30000001192092896,0.30000001192092896,0.30000001192092896,0.30000001192092896
4.65,0,0.07629311084747314,-0.02258780598640442,-0.006497293245047331,0.28042837977409363,1.0,0.0925525650382042,0.0029118862003087997,0.005383735056966543,1,1,1,1,8.445629119873047,6.375473499298096,6.392767429351807,7.925154685974121,8.445629119873047,6.375473499298096,6.392767429351807,7.925154685974121,0,0,0,0,0,0.9999988079071045,0.07975485175848007,-0.3185741603374481,0.07869760692119598,-0.31761422753334045,0.32905927300453186,0.04945807531476021,0.3307421803474426,0.04997700825333595,-0.23060369491577148,0.04990699142217636,-0.2305789440870285,0.04937289282679558,0.0,0.0,0.0,0.0,0.0,0.0,0.03957325592637062,-0.03795728459954262,0.04989365115761757,-0.018445873633027077,0.018089620396494865,-0.0332595519721508,-0.0023796597961336374,-0.007988611236214638,-0.02562725730240345,-0.018454695120453835,-0.014746170490980148,-0.0034435708075761795,0.0,-0.0,0.0,-0.0,0.0,0.0,0.0,0.0,0.0,0.0,0.0,0.0,0.0,-0.0,0.0,-0.0,0.0,0.0,0.0,0.0,0.0,0.0,0.0,0.0,0.134965717792511,-0.15710830688476562,0.13928383588790894,-0.15407103300094604,0.13638877868652344,0.1497691422700882,0.13452383875846863,0.1492631733417511,0.134965717792511,-0.15710830688476562,0.13928383588790894,-0.15407103300094604,0.13638877868652344,0.1497691422700882,0.13452383875846863,0.1492631733417511,-0.0016772589879110456,-0.013852698728442192,0.019468417391180992,-0.017904143780469894,-0.0474177822470665,0.012228554114699364,-0.049882590770721436,0.04951764643192291,0.30000001192092896,0.30000001192092896,0.30000001192092896,0.30000001192092896,0.0,0.0,1.0,0.0,-0.0,1.0,-0.0,-0.9999998807907104,0.30000001192092896,0.30000001192092896,0.30000001192092896,0.30000001192092896
4.7,0,0.0771019235253334,-0.022535644471645355,-0.0015548465307801962,0.2804248631000519,1.0,0.09190664440393448,0.0037368163466453552,0.005408528260886669,1,1,1,1,8.216065406799316,6.371459484100342,6.414486408233643,7.65426778793335,8.216065406799316,6.371459484100342,6.414486408233643,7.65426778793335,0,0,0,0,0,0.9999987483024597,0.07974885404109955,-0.3185805380344391,0.07869083434343338,-0.3176209628582001,0.32985126972198486,0.04933423176407814,0.3315452039241791,0.04991268739104271,-0.22988899052143097,0.049926888197660446,-0.22974392771720886,0.049223076552152634,0.0,0.0,0.0,0.0,0.0,0.0,0.03935288265347481,-0.038027696311473846,0.04945610836148262,-0.018060853704810143,0.018184784799814224,-0.03329046815633774,-0.0025649317540228367,-0.00716067710891366,-0.02538112923502922,-0.018307045102119446,-0.014006422832608223,-0.002765847370028496,0.0,-0.0,0.0,-0.0,0.0,0.0,0.0,0.0,0.0,0.0,0.0,0.0,0.0,-0.0,0.0,-0.0,0.0,0.0,0.0,0.0,0.0,0.0,0.0,0.0,0.134965717792511,-0.15710830688476562,0.13928383588790894,-0.15407103300094604,0.13638877868652344,0.1497691422700882,0.13452383875846863,0.1492631733417511,0.134965717792511,-0.15710830688476562,0.13928383588790894,-0.15407103300094604,0.13638877868652344,0.1497691422700882,0.13452383875846863,0.1492631733417511,-0.0016772589879110456,-0.013852698728442192,0.019468417391180992,-0.017904143780469894,-0.0474177822470665,0.012228554114699364,-0.049882590770721436,0.04951764643192291,0.30000001192092896,0.30000001192092896,0.30000001192092896,0.30000001192092896,0.0,0.0,1.0,0.0,-0.0,1.0,-0.0,-0.9999998807907104,0.30000001192092896,0.30000001192092896,0.30000001192092896,0.30000001192092896
4.75,0,0.07791812717914581,-0.02247156947851181,0.0015442013973370194,0.2804223299026489,1.0,0.09189743548631668,0.0030697202309966087,0.005444991867989302,1,1,1,1,7.842724800109863,6.830539226531982,6.880770206451416,7.1798176765441895,7.842724800109863,6.830539226531982,6.880770206451416,7.1798176765441895,0,0,0,0,0,0.9999986886978149,0.07974228262901306,-0.3185877203941345,0.07868458330631256,-0.31762707233428955,0.33064937591552734,0.04919661581516266,0.33235716819763184,0.04983467981219292,-0.22916336357593536,0.049936387687921524,-0.2289053052663803,0.04905673861503601,0.0,0.0,0.0,0.0,0.0,0.0,0.039349768310785294,-0.03814228996634483,0.04942060634493828,-0.0177995003759861,0.018548540771007538,-0.03321473300457001,-0.0026522702537477016,-0.006907221861183643,-0.025408590212464333,-0.01825856789946556,-0.013932195492088795,-0.002755450550466776,0.0,-0.0,0.0,-0.0,0.0,0.0,0.0,0.0,0.0,0.0,0.0,0.0,0.0,-0.0,0.0,-0.0,0.0,0.0,0.0,0.0,0.0,0.0,0.0,0.0,0.134965717792511,-0.15710830688476562,0.13928383588790894,-0.15407103300094604,0.13638877868652344,0.1497691422700882,0.13452383875846863,0.1492631733417511,0.134965717792511,-0.15710830688476562,0.13928383588790894,-0.15407103300094604,0.13638877868652344,0.1497691422700882,0.13452383875846863,0.1492631733417511,-0.0016772589879110456,-0.013852698728442192,0.019468417391180992,-0.017904143780469894,-0.0474177822470665,0.012228554114699364,-0.049882590770721436,0.04951764643192291,0.30000001192092896,0.30000001192092896,0.30000001192092896,0.30000001192092896,0.0,0.0,1.0,0.0,-0.0,1.0,-0.0,-0.9999998807907104,0.30000001192092896,0.30000001192092896,0.30000001192092896,0.30000001192092896
4.8,0,0.07872629165649414,-0.022399866953492165,5.810445509268902e-05,0.2804393768310547,1.0,0.09071863442659378,0.0030978480353951454,0.005503450054675341,1,1,1,1,7.469225883483887,7.250115394592285,7.219729900360107,6.771744251251221,7.469225883483887,7.250115394592285,7.219729900360107,6.771744251251221,0,0,0,0,0,0.9999986290931702,0.07973433285951614,-0.3185963034629822,0.07867579162120819,-0.31763556599617004,0.33144715428352356,0.049046099185943604,0.3331843316555023,0.04974405840039253,-0.22843991219997406,0.049934517592191696,-0.22806701064109802,0.048876482993364334,0.0,0.0,0.0,0.0,0.0,0.0,0.038712162524461746,-0.03773467242717743,0.048001158982515335,-0.01791423372924328,0.01955752819776535,-0.032410699874162674,-0.002628467744216323,-0.0057007321156561375,-0.02614927850663662,-0.018743915483355522,-0.013147221878170967,-0.0014055354986339808,0.0,-0.0,0.0,-0.0,0.0,0.0,0.0,0.0,0.0,0.0,0.0,0.0,0.0,-0.0,0.0,-0.0,0.0,0.0,0.0,0.0,0.0,0.0,0.0,0.0,0.134965717792511,-0.15710830688476562,0.13928383588790894,-0.15407103300094604,0.13638877868652344,0.1497691422700882,0.13452383875846863,0.1492631733417511,0.134965717792511,-0.15710830688476562,0.13928383588790894,-0.15407103300094604,0.13638877868652344,0.1497691422700882,0.13452383875846863,0.1492631733417511,-0.0016772589879110456,-0.013852698728442192,0.019468417391180992,-0.017904143780469894,-0.0474177822470665,0.012228554114699364,-0.049882590770721436,0.04951764643192291,0.30000001192092896,0.30000001192092896,0.30000001192092896,0.30000001192092896,0.0,0.0,1.0,0.0,-0.0,1.0,-0.0,-0.9999998807907104,0.30000001192092896,0.30000001192092896,0.30000001192092896,0.30000001192092896
4.85,0,0.07956381887197495,-0.022345831617712975,-2.8968672268092632e-05,0.28044018149375916,1.0,0.09152738749980927,0.0031630797311663628,0.005557811353355646,1,1,1,1,7.0868449211120605,7.671519756317139,7.602266788482666,6.371026039123535,7.0868449211120605,7.671519756317139,7.602266788482666,6.371026039123535,0,0,0,0,0,0.9999985098838806,0.07972649484872818,-0.3186047375202179,0.07866717875003815,-0.3176441788673401,0.3322564661502838,0.048879507929086685,0.33401885628700256,0.04963645711541176,-0.22770032286643982,0.04992177337408066,-0.22721581161022186,0.048678088933229446,0.0,0.0,0.0,0.0,0.0,0.0,0.039788246154785156,-0.03771210089325905,0.0492478609085083,-0.017169512808322906,0.01889001950621605,-0.03248806297779083,-0.003098829183727503,-0.005977156106382608,-0.02587965317070484,-0.018136851489543915,-0.013727516867220402,-0.0026513594202697277,0.0,-0.0,0.0,-0.0,0.0,0.0,0.0,0.0,0.0,0.0,0.0,0.0,0.0,-0.0,0.0,-0.0,0.0,0.0,0.0,0.0,0.0,0.0,0.0,0.0,0.134965717792511,-0.15710830688476562,0.13928383588790894,-0.15407103300094604,0.13638877868652344,0.1497691422700882,0.13452383875846863,0.1492631733417511,0.134965717792511,-0.15710830688476562,0.13928383588790894,-0.15407103300094604,0.13638877868652344,0.1497691422700882,0.13452383875846863,0.1492631733417511,-0.0016772589879110456,-0.013852698728442192,0.019468417391180992,-0.017904143780469894,-0.0474177822470665,0.012228554114699364,-0.049882590770721436,0.04951764643192291,0.30000001192092896,0.30000001192092896,0.30000001192092896,0.30000001192092896,0.0,0.0,1.0,0.0,-0.0,1.0,-0.0,-0.9999998807907104,0.30000001192092896,0.30000001192092896,0.30000001192092896,0.30000001192092896
4.9,0,0.08036651462316513,-0.022356335073709488,-0.00042885649600066245,0.28046441078186035,1.0,0.08751581609249115,0.0030574891716241837,0.005729286465793848,1,1,1,1,7.552361488342285,7.3466668128967285,7.436247825622559,6.898713111877441,7.552361488342285,7.3466668128967285,7.436247825622559,6.898713111877441,0,0,0,0,0,0.9999985098838806,0.07971310615539551,-0.31861892342567444,0.0786532610654831,-0.3176577687263489,0.3330328166484833,0.04878345504403114,0.3348427712917328,0.04951810836791992,-0.22696346044540405,0.0498972125351429,-0.22637592256069183,0.04846782982349396,0.0,0.0,0.0,0.0,0.0,0.0,0.03786974400281906,-0.03661293163895607,0.04685431346297264,-0.01636519841849804,0.0172407403588295,-0.030407855287194252,-0.0033387814182788134,-0.005268185865134001,-0.026552647352218628,-0.01804880052804947,-0.011285441927611828,-0.0015170255210250616,0.0,-0.0,0.0,-0.0,0.0,0.0,0.0,0.0,0.0,0.0,0.0,0.0,0.0,-0.0,0.0,-0.0,0.0,0.0,0.0,0.0,0.0,0.0,0.0,0.0,0.134965717792511,-0.15710830688476562,0.13928383588790894,-0.15407103300094604,0.13638877868652344,0.1497691422700882,0.13452383875846863,0.1492631733417511,0.134965717792511,-0.15710830688476562,0.13928383588790894,-0.15407103300094604,0.13638877868652344,0.1497691422700882,0.13452383875846863,0.1492631733417511,-0.0016772589879110456,-0.013852698728442192,0.019468417391180992,-0.017904143780469894,-0.0474177822470665,0.012228554114699364,-0.049882590770721436,0.04951764643192291,0.30000001192092896,0.30000001192092896,0.30000001192092896,0.30000001192092896,0.0,0.0,1.0,0.0,-0.0,1.0,-0.0,-0.9999998807907104,0.30000001192092896,0.30000001192092896,0.30000001192092896,0.30000001192092896
4.95,0,0.0810764878988266,-0.022089576348662376,0.0033299883361905813,0.2805139422416687,1.0,0.0933246836066246,0.0035055242478847504,0.005750812124460936,1,1,1,1,8.24841594696045,6.244470119476318,6.727579593658447,7.507829666137695,8.24841594696045,6.244470119476318,6.727579593658447,7.507829666137695,0,0,0,0,0,0.9999985098838806,0.0797073096036911,-0.31862473487854004,0.07864849269390106,-0.31766289472579956,0.3337867856025696,0.04870675876736641,0.3356296420097351,0.0493902787566185,-0.2262592315673828,0.0499236136674881,-0.22564293444156647,0.04851807281374931,0.0,0.0,0.0,0.0,0.0,0.0,0.040486082434654236,-0.039015818387269974,0.05023137107491493,-0.01784517988562584,0.02003893442451954,-0.033778414130210876,-0.002175696427002549,-0.006285997107625008,-0.02473238855600357,-0.01769368164241314,-0.013847135938704014,-0.0017917610239237547,0.0,-0.0,0.0,-0.0,0.0,0.0,0.0,0.0,0.0,0.0,0.0,0.0,0.0,-0.0,0.0,-0.0,0.0,0.0,0.0,0.0,0.0,0.0,0.0,0.0,0.134965717792511,-0.15710830688476562,0.13928383588790894,-0.15407103300094604,0.13638877868652344,0.1497691422700882,0.13452383875846863,0.1492631733417511,0.134965717792511,-0.15710830688476562,0.13928383588790894,-0.15407103300094604,0.13638877868652344,0.1497691422700882,0.13452383875846863,0.1492631733417511,-0.0016772589879110456,-0.013852698728442192,0.019468417391180992,-0.017904143780469894,-0.0474177822470665,0.012228554114699364,-0.049882590770721436,0.04951764643192291,0.30000001192092896,0.30000001192092896,0.30000001192092896,0.30000001192092896,0.0,0.0,1.0,0.0,-0.0,1.0,-0.0,-0.9999998807907104,0.30000001192092896,0.30000001192092896,0.30000001192092896,0.30000001192092896
