time_s,env_id,base_x_m,pitch_rad,pitch_rate_rad_s,margin_m,fsm_phase,action_l2,reward,roll_rad,fl_contact_state,fr_contact_state,rl_contact_state,rr_contact_state,fl_contact_force_n,fr_contact_force_n,rl_contact_force_n,rr_contact_force_n,fl_contact_upward_force_n,fr_contact_upward_force_n,rl_contact_upward_force_n,rr_contact_upward_force_n,fl_full_wheel_on_top,fr_full_wheel_on_top,rl_full_wheel_on_top,rr_full_wheel_on_top,all_wheels_on_top,support_score,fl_wheel_y_m,fr_wheel_y_m,rl_wheel_y_m,rr_wheel_y_m,fl_wheel_x_m,fl_wheel_z_m,fr_wheel_x_m,fr_wheel_z_m,rl_wheel_x_m,rl_wheel_z_m,rr_wheel_x_m,rr_wheel_z_m,fl_load_trim_z_m,fr_load_trim_z_m,fl_unload_trim_m,fr_unload_trim_m,rl_unload_trim_m,rr_unload_trim_m,policy_action_00,policy_action_01,policy_action_02,policy_action_03,policy_action_04,policy_action_05,policy_action_06,policy_action_07,policy_action_08,policy_action_09,policy_action_10,policy_action_11,executed_action_00,executed_action_01,executed_action_02,executed_action_03,executed_action_04,executed_action_05,executed_action_06,executed_action_07,executed_action_08,executed_action_09,executed_action_10,executed_action_11,scaled_wheel_center_residual_m_00,scaled_wheel_center_residual_m_01,scaled_wheel_center_residual_m_02,scaled_wheel_center_residual_m_03,scaled_wheel_center_residual_m_04,scaled_wheel_center_residual_m_05,scaled_wheel_center_residual_m_06,scaled_wheel_center_residual_m_07,scaled_wheel_speed_residual_rad_s_00,scaled_wheel_speed_residual_rad_s_01,scaled_wheel_speed_residual_rad_s_02,scaled_wheel_speed_residual_rad_s_03,requested_wheel_center_target_m_00,requested_wheel_center_target_m_01,requested_wheel_center_target_m_02,requested_wheel_center_target_m_03,requested_wheel_center_target_m_04,requested_wheel_center_target_m_05,requested_wheel_center_target_m_06,requested_wheel_center_target_m_07,final_wheel_center_target_m_00,final_wheel_center_target_m_01,final_wheel_center_target_m_02,final_wheel_center_target_m_03,final_wheel_center_target_m_04,final_wheel_center_target_m_05,final_wheel_center_target_m_06,final_wheel_center_target_m_07,final_servo_target_rad_00,final_servo_target_rad_01,final_servo_target_rad_02,final_servo_target_rad_03,final_servo_target_rad_04,final_servo_target_rad_05,final_servo_target_rad_06,final_servo_target_rad_07,final_wheel_target_rad_s_00,final_wheel_target_rad_s_01,final_wheel_target_rad_s_02,final_wheel_target_rad_s_03,reference_00,reference_01,reference_02,reference_03,reference_04,reference_05,reference_06,reference_07,reference_08,reference_09,reference_10,reference_11
0.0,0,0.023341462016105652,-0.013022538274526596,0.11482547223567963,0.2811872363090515,0.0,0.08355308324098587,0.14912132918834686,0.0011024805717170238,1,1,1,1,12.714151382446289,3.8829269409179688,7.918721675872803,0.0,12.714151382446289,3.8829269409179688,7.918721675872803,0.0,0,0,0,0,0,0.9998812675476074,0.08114944398403168,-0.3171718716621399,0.07888796180486679,-0.31741735339164734,0.2740977704524994,0.03834109753370285,0.2775287330150604,0.03980577737092972,-0.2972661554813385,0.048968832939863205,-0.29712435603141785,0.0495038703083992,0.0,0.0,0.0,0.0,0.0,0.0,-0.003641825867816806,0.02292400598526001,-0.020745927467942238,-0.005590733606368303,-0.028104227036237717,0.0343690924346447,0.006955431308597326,-0.029210684821009636,0.0010557196801528335,0.012787442654371262,0.03281879052519798,0.0432002879679203,0.0,-0.0,0.0,-0.0,0.0,0.0,0.0,0.0,0.0,0.0,0.0,0.0,0.0,-0.0,0.0,-0.0,0.0,0.0,0.0,0.0,0.0,0.0,0.0,0.0,0.134965717792511,-0.15710830688476562,0.13928383588790894,-0.15407103300094604,0.13638877868652344,0.1497691422700882,0.13452383875846863,0.1492631733417511,0.134965717792511,-0.15710830688476562,0.13928383588790894,-0.15407103300094604,0.13638877868652344,0.1497691422700882,0.13452383875846863,0.1492631733417511,-0.0016772589879110456,-0.013852698728442192,0.019468417391180992,-0.017904143780469894,-0.0474177822470665,0.012228554114699364,-0.049882590770721436,0.04951764643192291,0.30000001192092896,0.30000001192092896,0.30000001192092896,0.30000001192092896,0.0,0.0,1.0,0.0,-0.0,1.0,-0.0,-0.9999998807907104,0.30000001192092896,0.30000001192092896,0.30000001192092896,0.30000001192092896
0.05,0,0.015666522085666656,-0.02682233788073063,0.1289275586605072,0.2805386483669281,0.0,0.30760037899017334,-0.06251643598079681,0.0023936801590025425,1,1,1,1,10.592903137207031,0.0,1.932223916053772,14.988917350769043,10.592903137207031,0.0,1.932223916053772,14.988917350769043,0,0,0,0,0,0.9999775886535645,0.08023785054683685,-0.3180806040763855,0.07894018292427063,-0.31736695766448975,0.26907098293304443,0.048941176384687424,0.2702953815460205,0.049775630235672,-0.29860198497772217,0.04920469596982002,-0.29886698722839355,0.049287114292383194,0.0,0.0,0.0,0.0,0.0,0.0,0.10167790949344635,0.10780538618564606,0.1820926070213318,0.024298066273331642,0.06137695163488388,-0.051651693880558014,-0.012089543044567108,-0.015223830007016659,0.08747737854719162,0.06874669343233109,-0.12304197251796722,-0.06766681373119354,0.0,-0.0,0.0,-0.0,0.0,0.0,0.0,0.0,0.0,0.0,0.0,0.0,0.0,-0.0,0.0,-0.0,0.0,0.0,0.0,0.0,0.0,0.0,0.0,0.0,0.134965717792511,-0.15710830688476562,0.13928383588790894,-0.15407103300094604,0.13638877868652344,0.1497691422700882,0.13452383875846863,0.1492631733417511,0.134965717792511,-0.15710830688476562,0.13928383588790894,-0.15407103300094604,0.13638877868652344,0.1497691422700882,0.13452383875846863,0.1492631733417511,-0.0016772589879110456,-0.013852698728442192,0.019468417391180992,-0.017904143780469894,-0.0474177822470665,0.012228554114699364,-0.049882590770721436,0.04951764643192291,0.30000001192092896,0.30000001192092896,0.30000001192092896,0.30000001192092896,0.0,0.0,1.0,0.0,-0.0,1.0,-0.0,-0.9999998807907104,0.30000001192092896,0.30000001192092896,0.30000001192092896,0.30000001192092896
0.1,0,0.013757815584540367,-0.02484786882996559,0.020577864721417427,0.28191494941711426,0.0,0.23820355534553528,-0.004105073399841785,0.0029744512867182493,1,1,1,1,10.273694038391113,3.593501567840576,4.040676116943359,10.773796081542969,10.273694038391113,3.593501567840576,4.040676116943359,10.773796081542969,0,0,0,0,0,0.9999909996986389,0.08020824939012527,-0.31810399889945984,0.07892251014709473,-0.31738439202308655,0.26883742213249207,0.048888951539993286,0.2691113352775574,0.04921359196305275,-0.2982182502746582,0.0491439551115036,-0.29869601130485535,0.049320951104164124,0.0,0.0,0.0,0.0,0.0,0.0,0.08018694072961807,0.07858744263648987,0.14631801843643188,0.006907270755618811,0.04369393363595009,-0.036774612963199615,-0.005215293727815151,-0.03942441940307617,0.05535272881388664,0.05835631862282753,-0.09157736599445343,-0.054584939032793045,0.0,-0.0,0.0,-0.0,0.0,0.0,0.0,0.0,0.0,0.0,0.0,0.0,0.0,-0.0,0.0,-0.0,0.0,0.0,0.0,0.0,0.0,0.0,0.0,0.0,0.134965717792511,-0.15710830688476562,0.13928383588790894,-0.15407103300094604,0.13638877868652344,0.1497691422700882,0.13452383875846863,0.1492631733417511,0.134965717792511,-0.15710830688476562,0.13928383588790894,-0.15407103300094604,0.13638877868652344,0.1497691422700882,0.13452383875846863,0.1492631733417511,-0.0016772589879110456,-0.013852698728442192,0.019468417391180992,-0.017904143780469894,-0.0474177822470665,0.012228554114699364,-0.049882590770721436,0.04951764643192291,0.30000001192092896,0.30000001192092896,0.30000001192092896,0.30000001192092896,0.0,0.0,1.0,0.0,-0.0,1.0,-0.0,-0.9999998807907104,0.30000001192092896,0.30000001192092896,0.30000001192092896,0.30000001192092896
0.15,0,0.013109934516251087,-0.02424972504377365,0.012135099619626999,0.2821604609489441,0.0,0.1303696632385254,0.010822734795510769,0.002885970054194331,1,1,1,1,10.919865608215332,3.0849831104278564,3.525653123855591,11.23495101928711,10.919865608215332,3.0849831104278564,3.525653123855591,11.23495101928711,0,0,0,0,0,0.9999959468841553,0.0802120715379715,-0.3180989623069763,0.07892055809497833,-0.31738588213920593,0.2689136266708374,0.04890654608607292,0.26898953318595886,0.04927949607372284,-0.2975761592388153,0.049030330032110214,-0.2981964349746704,0.049402784556150436,0.0,0.0,0.0,0.0,0.0,0.0,0.0534573495388031,0.04379870742559433,0.08332446217536926,0.0036317494232207537,-0.0007394262356683612,-0.004596489481627941,-0.012631597928702831,-0.045204345136880875,0.014411062933504581,0.026141615584492683,-0.04099710285663605,-0.021623816341161728,0.0,-0.0,0.0,-0.0,0.0,0.0,0.0,0.0,0.0,0.0,0.0,0.0,0.0,-0.0,0.0,-0.0,0.0,0.0,0.0,0.0,0.0,0.0,0.0,0.0,0.134965717792511,-0.15710830688476562,0.13928383588790894,-0.15407103300094604,0.13638877868652344,0.1497691422700882,0.13452383875846863,0.1492631733417511,0.134965717792511,-0.15710830688476562,0.13928383588790894,-0.15407103300094604,0.13638877868652344,0.1497691422700882,0.13452383875846863,0.1492631733417511,-0.0016772589879110456,-0.013852698728442192,0.019468417391180992,-0.017904143780469894,-0.0474177822470665,0.012228554114699364,-0.049882590770721436,0.04951764643192291,0.30000001192092896,0.30000001192092896,0.30000001192092896,0.30000001192092896,0.0,0.0,1.0,0.0,-0.0,1.0,-0.0,-0.9999998807907104,0.30000001192092896,0.30000001192092896,0.30000001192092896,0.30000001192092896
0.2,0,0.013016348704695702,-0.024022843688726425,0.0038820814806967974,0.28224417567253113,0.0,0.10997287929058075,0.014998267404735088,0.002764298813417554,1,1,1,1,11.135567665100098,2.8916923999786377,2.985776424407959,11.529383659362793,11.135567665100098,2.8916923999786377,2.985776424407959,11.529383659362793,0,0,0,0,0,0.9999979734420776,0.08021669834852219,-0.3180934488773346,0.07891468703746796,-0.3173910081386566,0.2691338360309601,0.04895373061299324,0.26908713579177856,0.0493650957942009,-0.29676899313926697,0.048887819051742554,-0.2975711524486542,0.049497589468955994,0.0,0.0,0.0,0.0,0.0,0.0,0.04578954726457596,0.02941935509443283,0.0695437639951706,0.00012811366468667984,-0.007007686886936426,0.0009381130221299827,-0.01519295945763588,-0.049459729343652725,0.00533036794513464,0.01865210384130478,-0.02784517966210842,-0.020414581522345543,0.0,-0.0,0.0,-0.0,0.0,0.0,0.0,0.0,0.0,0.0,0.0,0.0,0.0,-0.0,0.0,-0.0,0.0,0.0,0.0,0.0,0.0,0.0,0.0,0.0,0.134965717792511,-0.15710830688476562,0.13928383588790894,-0.15407103300094604,0.13638877868652344,0.1497691422700882,0.13452383875846863,0.1492631733417511,0.134965717792511,-0.15710830688476562,0.13928383588790894,-0.15407103300094604,0.13638877868652344,0.1497691422700882,0.13452383875846863,0.1492631733417511,-0.0016772589879110456,-0.013852698728442192,0.019468417391180992,-0.017904143780469894,-0.0474177822470665,0.012228554114699364,-0.049882590770721436,0.04951764643192291,0.30000001192092896,0.30000001192092896,0.30000001192092896,0.30000001192092896,0.0,0.0,1.0,0.0,-0.0,1.0,-0.0,-0.9999998807907104,0.30000001192092896,0.30000001192092896,0.30000001192092896,0.30000001192092896
0.25,0,0.01319970190525055,-0.023659981787204742,0.021236876025795937,0.2822675406932831,0.0,0.12023594975471497,0.017522890120744705,0.002884095534682274,1,1,1,1,10.570789337158203,3.4994900226593018,4.008712291717529,10.836610794067383,10.570789337158203,3.4994900226593018,4.008712291717529,10.836610794067383,0,0,0,0,0,0.999998927116394,0.08020981401205063,-0.31810110807418823,0.0789145678281784,-0.3173907995223999,0.2694382667541504,0.04901048541069031,0.2694564163684845,0.049450211226940155,-0.2959713935852051,0.048987533897161484,-0.2968793213367462,0.04960213229060173,0.0,0.0,0.0,0.0,0.0,0.0,0.047502581030130386,0.0277186781167984,0.07760486751794815,-0.0022114801686257124,-0.0019391727400943637,-0.003578736912459135,-0.013671204447746277,-0.051625046879053116,0.008561174385249615,0.02391837164759636,-0.034335579723119736,-0.02667446807026863,0.0,-0.0,0.0,-0.0,0.0,0.0,0.0,0.0,0.0,0.0,0.0,0.0,0.0,-0.0,0.0,-0.0,0.0,0.0,0.0,0.0,0.0,0.0,0.0,0.0,0.134965717792511,-0.15710830688476562,0.13928383588790894,-0.15407103300094604,0.13638877868652344,0.1497691422700882,0.13452383875846863,0.1492631733417511,0.134965717792511,-0.15710830688476562,0.13928383588790894,-0.15407103300094604,0.13638877868652344,0.1497691422700882,0.13452383875846863,0.1492631733417511,-0.0016772589879110456,-0.013852698728442192,0.019468417391180992,-0.017904143780469894,-0.0474177822470665,0.012228554114699364,-0.049882590770721436,0.04951764643192291,0.30000001192092896,0.30000001192092896,0.30000001192092896,0.30000001192092896,0.0,0.0,1.0,0.0,-0.0,1.0,-0.0,-0.9999998807907104,0.30000001192092896,0.30000001192092896,0.30000001192092896,0.30000001192092896
0.3,0,0.013581688515841961,-0.023410849273204803,0.01740395277738571,0.28230682015419006,0.0,0.09344866871833801,0.016431160271167755,0.003046697936952114,1,1,1,1,10.485687255859375,3.566459894180298,3.844695568084717,10.889389038085938,10.485687255859375,3.566459894180298,3.844695568084717,10.889389038085938,0,0,0,0,0,0.9999992847442627,0.0801989734172821,-0.3181130290031433,0.07890252768993378,-0.31740251183509827,0.26980406045913696,0.04907643049955368,0.26994946599006653,0.04953519627451897,-0.29517650604248047,0.049130555242300034,-0.2961544096469879,0.04970023036003113,0.0,0.0,0.0,0.0,0.0,0.0,0.03813191130757332,0.014046048745512962,0.050984881818294525,-0.0032355384901165962,-0.021676061674952507,0.010387950576841831,-0.018349893391132355,-0.0551186241209507,-0.007652618456631899,0.008931268937885761,-0.013366329483687878,-0.014207799918949604,0.0,-0.0,0.0,-0.0,0.0,0.0,0.0,0.0,0.0,0.0,0.0,0.0,0.0,-0.0,0.0,-0.0,0.0,0.0,0.0,0.0,0.0,0.0,0.0,0.0,0.134965717792511,-0.15710830688476562,0.13928383588790894,-0.15407103300094604,0.13638877868652344,0.1497691422700882,0.13452383875846863,0.1492631733417511,0.134965717792511,-0.15710830688476562,0.13928383588790894,-0.15407103300094604,0.13638877868652344,0.1497691422700882,0.13452383875846863,0.1492631733417511,-0.0016772589879110456,-0.013852698728442192,0.019468417391180992,-0.017904143780469894,-0.0474177822470665,0.012228554114699364,-0.049882590770721436,0.04951764643192291,0.30000001192092896,0.30000001192092896,0.30000001192092896,0.30000001192092896,0.0,0.0,1.0,0.0,-0.0,1.0,-0.0,-0.9999998807907104,0.30000001192092896,0.30000001192092896,0.30000001192092896,0.30000001192092896
0.35,0,0.014054040424525738,-0.023187492042779922,0.008401703089475632,0.28229984641075134,0.0,0.09880417585372925,0.017783548682928085,0.00321564800105989,1,1,1,1,9.858565330505371,4.082683563232422,4.325572967529297,10.420578956604004,9.858565330505371,4.082683563232422,4.325572967529297,10.420578956604004,0,0,0,0,0,0.9999995231628418,0.0801876038312912,-0.31812551617622375,0.07888652384281158,-0.31741851568222046,0.2702014446258545,0.04914586618542671,0.27046632766723633,0.04961453750729561,-0.29439765214920044,0.049263082444667816,-0.2954004406929016,0.04978952184319496,0.0,0.0,0.0,0.0,0.0,0.0,0.040970467031002045,0.013356258161365986,0.05724474787712097,-0.0033034118823707104,-0.017467672005295753,0.0075865513645112514,-0.018887992948293686,-0.0545610748231411,-0.004148778039962053,0.011055957525968552,-0.018350301310420036,-0.02109263464808464,0.0,-0.0,0.0,-0.0,0.0,0.0,0.0,0.0,0.0,0.0,0.0,0.0,0.0,-0.0,0.0,-0.0,0.0,0.0,0.0,0.0,0.0,0.0,0.0,0.0,0.134965717792511,-0.15710830688476562,0.13928383588790894,-0.15407103300094604,0.13638877868652344,0.1497691422700882,0.13452383875846863,0.1492631733417511,0.134965717792511,-0.15710830688476562,0.13928383588790894,-0.15407103300094604,0.13638877868652344,0.1497691422700882,0.13452383875846863,0.1492631733417511,-0.0016772589879110456,-0.013852698728442192,0.019468417391180992,-0.017904143780469894,-0.0474177822470665,0.012228554114699364,-0.049882590770721436,0.04951764643192291,0.30000001192092896,0.30000001192092896,0.30000001192092896,0.30000001192092896,0.0,0.0,1.0,0.0,-0.0,1.0,-0.0,-0.9999998807907104,0.30000001192092896,0.30000001192092896,0.30000001192092896,0.30000001192092896
0.4,0,0.014690288342535496,-0.023027727380394936,0.0076033324003219604,0.2822261452674866,0.0,0.08768386393785477,0.01823059841990471,0.003440412925556302,1,1,1,1,10.194955825805664,3.852424383163452,4.099093437194824,10.556655883789062,10.194955825805664,3.852424383163452,4.099093437194824,10.556655883789062,0,0,0,0,0,0.9999995231628418,0.08017473667860031,-0.31813961267471313,0.07887893915176392,-0.31742653250694275,0.2706605792045593,0.049223992973566055,0.2710447907447815,0.04969676584005356,-0.2935950756072998,0.04938562586903572,-0.29459020495414734,0.049871381372213364,0.0,0.0,0.0,0.0,0.0,0.0,0.036226216703653336,0.008702661842107773,0.047192350029945374,-0.003871723311021924,-0.02112354151904583,0.009544076398015022,-0.018027855083346367,-0.05200962349772453,-0.007512745447456837,0.00676244031637907,-0.011427354998886585,-0.016069281846284866,0.0,-0.0,0.0,-0.0,0.0,0.0,0.0,0.0,0.0,0.0,0.0,0.0,0.0,-0.0,0.0,-0.0,0.0,0.0,0.0,0.0,0.0,0.0,0.0,0.0,0.134965717792511,-0.15710830688476562,0.13928383588790894,-0.15407103300094604,0.13638877868652344,0.1497691422700882,0.13452383875846863,0.1492631733417511,0.134965717792511,-0.15710830688476562,0.13928383588790894,-0.15407103300094604,0.13638877868652344,0.1497691422700882,0.13452383875846863,0.1492631733417511,-0.0016772589879110456,-0.013852698728442192,0.019468417391180992,-0.017904143780469894,-0.0474177822470665,0.012228554114699364,-0.049882590770721436,0.04951764643192291,0.30000001192092896,0.30000001192092896,0.30000001192092896,0.30000001192092896,0.0,0.0,1.0,0.0,-0.0,1.0,-0.0,-0.9999998807907104,0.30000001192092896,0.30000001192092896,0.30000001192092896,0.30000001192092896
0.45,0,0.015337272547185421,-0.022904474288225174,0.005827965680509806,0.28216031193733215,0.0,0.08664911240339279,0.018358755856752396,0.0036294881720095873,1,1,1,1,10.17713451385498,3.8326568603515625,4.0276570320129395,10.581562042236328,10.17713451385498,3.8326568603515625,4.0276570320129395,10.581562042236328,0,0,0,0,0,0.9999995231628418,0.08016060292720795,-0.31815487146377563,0.07886599749326706,-0.3174399137496948,0.27113211154937744,0.04930020123720169,0.2716386020183563,0.04977027699351311,-0.2928112745285034,0.049493975937366486,-0.2937697470188141,0.04993797838687897,0.0,0.0,0.0,0.0,0.0,0.0,0.0338146835565567,-0.00026431819424033165,0.042723365128040314,-0.003939324989914894,-0.02547399513423443,0.013444511219859123,-0.0231966283172369,-0.05146470665931702,-0.01271023228764534,-0.0008855478372424841,-0.004911348689347506,-0.017914459109306335,0.0,-0.0,0.0,-0.0,0.0,0.0,0.0,0.0,0.0,0.0,0.0,0.0,0.0,-0.0,0.0,-0.0,0.0,0.0,0.0,0.0,0.0,0.0,0.0,0.0,0.134965717792511,-0.15710830688476562,0.13928383588790894,-0.15407103300094604,0.13638877868652344,0.1497691422700882,0.13452383875846863,0.1492631733417511,0.134965717792511,-0.15710830688476562,0.13928383588790894,-0.15407103300094604,0.13638877868652344,0.1497691422700882,0.13452383875846863,0.1492631733417511,-0.0016772589879110456,-0.013852698728442192,0.019468417391180992,-0.017904143780469894,-0.0474177822470665,0.012228554114699364,-0.049882590770721436,0.04951764643192291,0.30000001192092896,0.30000001192092896,0.30000001192092896,0.30000001192092896,0.0,0.0,1.0,0.0,-0.0,1.0,-0.0,-0.9999998807907104,0.30000001192092896,0.30000001192092896,0.30000001192092896,0.30000001192092896
0.5,0,0.016034597530961037,-0.022852426394820213,0.004010581411421299,0.28208813071250916,0.0,0.0818977952003479,0.01853005588054657,0.003818090772256255,1,1,1,1,10.218354225158691,3.911592960357666,4.387474536895752,10.349945068359375,10.218354225158691,3.911592960357666,4.387474536895752,10.349945068359375,0,0,0,0,0,0.9999995231628418,0.08014889061450958,-0.31816771626472473,0.07885773479938507,-0.3174484968185425,0.27163299918174744,0.04937625676393509,0.2722628712654114,0.049839086830616,-0.2920158803462982,0.04959217831492424,-0.2929479777812958,0.049993883818387985,0.0,0.0,0.0,0.0,0.0,0.0,0.031685322523117065,0.0006497338181361556,0.03736318647861481,-0.003469322342425585,-0.027103332802653313,0.014752830378711224,-0.021475879475474358,-0.05017125979065895,-0.012687711976468563,-0.00046545497025363147,-0.0022269985638558865,-0.014073485508561134,0.0,-0.0,0.0,-0.0,0.0,0.0,0.0,0.0,0.0,0.0,0.0,0.0,0.0,-0.0,0.0,-0.0,0.0,0.0,0.0,0.0,0.0,0.0,0.0,0.0,0.134965717792511,-0.15710830688476562,0.13928383588790894,-0.15407103300094604,0.13638877868652344,0.1497691422700882,0.13452383875846863,0.1492631733417511,0.134965717792511,-0.15710830688476562,0.13928383588790894,-0.15407103300094604,0.13638877868652344,0.1497691422700882,0.13452383875846863,0.1492631733417511,-0.0016772589879110456,-0.013852698728442192,0.019468417391180992,-0.017904143780469894,-0.0474177822470665,0.012228554114699364,-0.049882590770721436,0.04951764643192291,0.30000001192092896,0.30000001192092896,0.30000001192092896,0.30000001192092896,0.0,0.0,1.0,0.0,-0.0,1.0,-0.0,-0.9999998807907104,0.30000001192092896,0.30000001192092896,0.30000001192092896,0.30000001192092896
0.55,0,0.016727807000279427,-0.02280762791633606,0.0036854995414614677,0.2820153832435608,0.0,0.08129085600376129,0.018756013363599777,0.003969062119722366,1,1,1,1,10.193528175354004,3.8938863277435303,4.260622024536133,10.573785781860352,10.193528175354004,3.8938863277435303,4.260622024536133,10.573785781860352,0,0,0,0,0,0.9999995231628418,0.08013743162155151,-0.31818002462387085,0.07884223014116287,-0.3174644112586975,0.27214375138282776,0.04944891110062599,0.2728842794895172,0.049899108707904816,-0.2912285327911377,0.04967597872018814,-0.2921248972415924,0.050034962594509125,0.0,0.0,0.0,0.0,0.0,0.0,0.03152497485280037,-0.0024844068102538586,0.03727865219116211,-0.0030337818898260593,-0.027307970449328423,0.014568760059773922,-0.023042943328619003,-0.047857753932476044,-0.01208212785422802,-0.0025515840388834476,-0.0020096097141504288,-0.01653670333325863,0.0,-0.0,0.0,-0.0,0.0,0.0,0.0,0.0,0.0,0.0,0.0,0.0,0.0,-0.0,0.0,-0.0,0.0,0.0,0.0,0.0,0.0,0.0,0.0,0.0,0.134965717792511,-0.15710830688476562,0.13928383588790894,-0.15407103300094604,0.13638877868652344,0.1497691422700882,0.13452383875846863,0.1492631733417511,0.134965717792511,-0.15710830688476562,0.13928383588790894,-0.15407103300094604,0.13638877868652344,0.1497691422700882,0.13452383875846863,0.1492631733417511,-0.0016772589879110456,-0.013852698728442192,0.019468417391180992,-0.017904143780469894,-0.0474177822470665,0.012228554114699364,-0.049882590770721436,0.04951764643192291,0.30000001192092896,0.30000001192092896,0.30000001192092896,0.30000001192092896,0.0,0.0,1.0,0.0,-0.0,1.0,-0.0,-0.9999998807907104,0.30000001192092896,0.30000001192092896,0.30000001192092896,0.30000001192092896
0.6,0,0.017435800284147263,-0.022796379402279854,0.0018285491969436407,0.28194791078567505,0.0,0.07954653352499008,0.018672049045562744,0.004131522960960865,1,1,1,1,10.126166343688965,4.0218424797058105,4.251471996307373,10.342216491699219,10.126166343688965,4.0218424797058105,4.251471996307373,10.342216491699219,0,0,0,0,0,0.999999463558197,0.08012823015451431,-0.31819018721580505,0.07883168756961823,-0.317475289106369,0.2726677656173706,0.04951734468340874,0.2735224664211273,0.049952346831560135,-0.2904347777366638,0.04974789172410965,-0.291287899017334,0.050060078501701355,0.0,0.0,0.0,0.0,0.0,0.0,0.030493803322315216,-0.0022999346256256104,0.037866100668907166,-0.003173316828906536,-0.02523113787174225,0.013410705141723156,-0.022152621299028397,-0.047280438244342804,-0.010124360211193562,-0.0007966210250742733,-0.0028387715574353933,-0.017168192192912102,0.0,-0.0,0.0,-0.0,0.0,0.0,0.0,0.0,0.0,0.0,0.0,0.0,0.0,-0.0,0.0,-0.0,0.0,0.0,0.0,0.0,0.0,0.0,0.0,0.0,0.134965717792511,-0.15710830688476562,0.13928383588790894,-0.15407103300094604,0.13638877868652344,0.1497691422700882,0.13452383875846863,0.1492631733417511,0.134965717792511,-0.15710830688476562,0.13928383588790894,-0.15407103300094604,0.13638877868652344,0.1497691422700882,0.13452383875846863,0.1492631733417511,-0.0016772589879110456,-0.013852698728442192,0.019468417391180992,-0.017904143780469894,-0.0474177822470665,0.012228554114699364,-0.049882590770721436,0.04951764643192291,0.30000001192092896,0.30000001192092896,0.30000001192092896,0.30000001192092896,0.0,0.0,1.0,0.0,-0.0,1.0,-0.0,-0.9999998807907104,0.30000001192092896,0.30000001192092896,0.30000001192092896,0.30000001192092896
0.65,0,0.018162256106734276,-0.022812020033597946,-0.0034965763334184885,0.2818816304206848,0.0,0.07822094112634659,0.01858099177479744,0.004290284123271704,1,1,1,1,10.371542930603027,3.9234840869903564,4.144803047180176,10.41141128540039,10.371542930603027,3.9234840869903564,4.144803047180176,10.41141128540039,0,0,0,0,0,0.9999994039535522,0.08011730015277863,-0.31820207834243774,0.07882529497146606,-0.317482054233551,0.2732211649417877,0.04958411678671837,0.2741750478744507,0.049997929483652115,-0.28964197635650635,0.04980767145752907,-0.2904590666294098,0.05007301643490791,0.0,0.0,0.0,0.0,0.0,0.0,0.027475707232952118,-0.006568332202732563,0.02977997623383999,-0.0035632476210594177,-0.03052203357219696,0.017368251457810402,-0.02326897904276848,-0.04689671844244003,-0.014591832645237446,-0.00587566290050745,0.004444216378033161,-0.013405991718173027,0.0,-0.0,0.0,-0.0,0.0,0.0,0.0,0.0,0.0,0.0,0.0,0.0,0.0,-0.0,0.0,-0.0,0.0,0.0,0.0,0.0,0.0,0.0,0.0,0.0,0.134965717792511,-0.15710830688476562,0.13928383588790894,-0.15407103300094604,0.13638877868652344,0.1497691422700882,0.13452383875846863,0.1492631733417511,0.134965717792511,-0.15710830688476562,0.13928383588790894,-0.15407103300094604,0.13638877868652344,0.1497691422700882,0.13452383875846863,0.1492631733417511,-0.0016772589879110456,-0.013852698728442192,0.019468417391180992,-0.017904143780469894,-0.0474177822470665,0.012228554114699364,-0.049882590770721436,0.04951764643192291,0.30000001192092896,0.30000001192092896,0.30000001192092896,0.30000001192092896,0.0,0.0,1.0,0.0,-0.0,1.0,-0.0,-0.9999998807907104,0.30000001192092896,0.30000001192092896,0.30000001192092896,0.30000001192092896
0.7,0,0.018873224034905434,-0.022840606048703194,-0.001570901949889958,0.2818072736263275,0.0,0.07549473643302917,0.01892990991473198,0.004425265826284885,1,1,1,1,10.480517387390137,3.776002883911133,3.7495617866516113,10.6643705368042,10.480517387390137,3.776002883911133,3.7495617866516113,10.6643705368042,0,0,0,0,0,0.9999994039535522,0.08010793477296829,-0.31821203231811523,0.07881136983633041,-0.3174963593482971,0.2737742066383362,0.0496453195810318,0.2748070955276489,0.05003504082560539,-0.2888606786727905,0.049852773547172546,-0.28962233662605286,0.050070032477378845,0.0,0.0,0.0,0.0,0.0,0.0,0.027553031221032143,-0.007063867524266243,0.030960647389292717,-0.002540960442274809,-0.02836202085018158,0.01551767811179161,-0.023437682539224625,-0.04366489127278328,-0.011882472783327103,-0.005667721386998892,0.002125893486663699,-0.015696585178375244,0.0,-0.0,0.0,-0.0,0.0,0.0,0.0,0.0,0.0,0.0,0.0,0.0,0.0,-0.0,0.0,-0.0,0.0,0.0,0.0,0.0,0.0,0.0,0.0,0.0,0.134965717792511,-0.15710830688476562,0.13928383588790894,-0.15407103300094604,0.13638877868652344,0.1497691422700882,0.13452383875846863,0.1492631733417511,0.134965717792511,-0.15710830688476562,0.13928383588790894,-0.15407103300094604,0.13638877868652344,0.1497691422700882,0.13452383875846863,0.1492631733417511,-0.0016772589879110456,-0.013852698728442192,0.019468417391180992,-0.017904143780469894,-0.0474177822470665,0.012228554114699364,-0.049882590770721436,0.04951764643192291,0.30000001192092896,0.30000001192092896,0.30000001192092896,0.30000001192092896,0.0,0.0,1.0,0.0,-0.0,1.0,-0.0,-0.9999998807907104,0.30000001192092896,0.30000001192092896,0.30000001192092896,0.30000001192092896
0.75,0,0.019588235765695572,-0.022872231900691986,-0.0033212515991181135,0.28173837065696716,0.0,0.07707545906305313,0.018862277269363403,0.004572680685669184,1,1,1,1,10.407952308654785,3.8984618186950684,3.8543667793273926,10.60055923461914,10.407952308654785,3.8984618186950684,3.8543667793273926,10.60055923461914,0,0,0,0,0,0.9999994039535522,0.08009742200374603,-0.31822317838668823,0.07880210876464844,-0.31750595569610596,0.27433881163597107,0.049699872732162476,0.2754473090171814,0.05006314814090729,-0.28807586431503296,0.049885764718055725,-0.2887958288192749,0.05005514249205589,0.0,0.0,0.0,0.0,0.0,0.0,0.02330707013607025,-0.013728249818086624,0.020179707556962967,-0.0013677148381248116,-0.035347096621990204,0.02078469656407833,-0.02723318710923195,-0.04044149070978165,-0.01686222292482853,-0.013818053528666496,0.011096046306192875,-0.011952974833548069,0.0,-0.0,0.0,-0.0,0.0,0.0,0.0,0.0,0.0,0.0,0.0,0.0,0.0,-0.0,0.0,-0.0,0.0,0.0,0.0,0.0,0.0,0.0,0.0,0.0,0.134965717792511,-0.15710830688476562,0.13928383588790894,-0.15407103300094604,0.13638877868652344,0.1497691422700882,0.13452383875846863,0.1492631733417511,0.134965717792511,-0.15710830688476562,0.13928383588790894,-0.15407103300094604,0.13638877868652344,0.1497691422700882,0.13452383875846863,0.1492631733417511,-0.0016772589879110456,-0.013852698728442192,0.019468417391180992,-0.017904143780469894,-0.0474177822470665,0.012228554114699364,-0.049882590770721436,0.04951764643192291,0.30000001192092896,0.30000001192092896,0.30000001192092896,0.30000001192092896,0.0,0.0,1.0,0.0,-0.0,1.0,-0.0,-0.9999998807907104,0.30000001192092896,0.30000001192092896,0.30000001192092896,0.30000001192092896
0.8,0,0.02032119780778885,-0.02292165346443653,-0.0037299690302461386,0.28168633580207825,0.0,0.07667049020528793,0.01913527026772499,0.004721889737993479,1,1,1,1,10.400141716003418,3.9604249000549316,3.8048088550567627,10.58030891418457,10.400141716003418,3.9604249000549316,3.8048088550567627,10.58030891418457,0,0,0,0,0,0.9999993443489075,0.08008737117052078,-0.3182341158390045,0.07879260182380676,-0.3175157904624939,0.2749200761318207,0.04974967986345291,0.276120662689209,0.05008275806903839,-0.2872869074344635,0.049906175583601,-0.2879607379436493,0.050025250762701035,0.0,0.0,0.0,0.0,0.0,0.0,0.022703105583786964,-0.014043192379176617,0.02167458087205887,-0.0027468474581837654,-0.03321109712123871,0.019993141293525696,-0.025919387117028236,-0.0423845499753952,-0.016867808997631073,-0.012181044556200504,0.010962643660604954,-0.012819556519389153,0.0,-0.0,0.0,-0.0,0.0,0.0,0.0,0.0,0.0,0.0,0.0,0.0,0.0,-0.0,0.0,-0.0,0.0,0.0,0.0,0.0,0.0,0.0,0.0,0.0,0.134965717792511,-0.15710830688476562,0.13928383588790894,-0.15407103300094604,0.13638877868652344,0.1497691422700882,0.13452383875846863,0.1492631733417511,0.134965717792511,-0.15710830688476562,0.13928383588790894,-0.15407103300094604,0.13638877868652344,0.1497691422700882,0.13452383875846863,0.1492631733417511,-0.0016772589879110456,-0.013852698728442192,0.019468417391180992,-0.017904143780469894,-0.0474177822470665,0.012228554114699364,-0.049882590770721436,0.04951764643192291,0.30000001192092896,0.30000001192092896,0.30000001192092896,0.30000001192092896,0.0,0.0,1.0,0.0,-0.0,1.0,-0.0,-0.9999998807907104,0.30000001192092896,0.30000001192092896,0.30000001192092896,0.30000001192092896
0.85,0,0.021037045866250992,-0.022961987182497978,-0.003836381481960416,0.2816193103790283,0.0,0.07756993174552917,0.01866413652896881,0.004871207755059004,1,1,1,1,10.327409744262695,4.053600788116455,3.853309392929077,10.4649658203125,10.327409744262695,4.053600788116455,3.853309392929077,10.4649658203125,0,0,0,0,0,0.9999993443489075,0.080077163875103,-0.3182448148727417,0.07878204435110092,-0.31752678751945496,0.2755056321620941,0.04979220777750015,0.2767653167247772,0.050092920660972595,-0.28650400042533875,0.049915023148059845,-0.28712350130081177,0.04998014494776726,0.0,0.0,0.0,0.0,0.0,0.0,0.017467956990003586,-0.01732918620109558,0.012524297460913658,-0.002010882366448641,-0.03686490282416344,0.02311858721077442,-0.02661079913377762,-0.040298718959093094,-0.020265238359570503,-0.016159234568476677,0.01722845621407032,-0.007518680766224861,0.0,-0.0,0.0,-0.0,0.0,0.0,0.0,0.0,0.0,0.0,0.0,0.0,0.0,-0.0,0.0,-0.0,0.0,0.0,0.0,0.0,0.0,0.0,0.0,0.0,0.134965717792511,-0.15710830688476562,0.13928383588790894,-0.15407103300094604,0.13638877868652344,0.1497691422700882,0.13452383875846863,0.1492631733417511,0.134965717792511,-0.15710830688476562,0.13928383588790894,-0.15407103300094604,0.13638877868652344,0.1497691422700882,0.13452383875846863,0.1492631733417511,-0.0016772589879110456,-0.013852698728442192,0.019468417391180992,-0.017904143780469894,-0.0474177822470665,0.012228554114699364,-0.049882590770721436,0.04951764643192291,0.30000001192092896,0.30000001192092896,0.30000001192092896,0.30000001192092896,0.0,0.0,1.0,0.0,-0.0,1.0,-0.0,-0.9999998807907104,0.30000001192092896,0.30000001192092896,0.30000001192092896,0.30000001192092896
0.9,0,0.021776380017399788,-0.023018701002001762,-0.0022651618346571922,0.28157180547714233,0.0,0.08145028352737427,0.019398853182792664,0.005011565517634153,1,1,1,1,10.090238571166992,4.122998237609863,4.049118995666504,10.18099308013916,10.090238571166992,4.122998237609863,4.049118995666504,10.18099308013916,0,0,0,0,0,0.9999992847442627,0.08006801456212997,-0.318254679441452,0.07877639681100845,-0.31753265857696533,0.27611008286476135,0.0498293973505497,0.27744874358177185,0.05009361729025841,-0.28571826219558716,0.04992508143186569,-0.28629201650619507,0.04992342367768288,0.0,0.0,0.0,0.0,0.0,0.0,0.015517274849116802,-0.022419903427362442,0.0062708077020943165,-0.0008271074038930237,-0.039517469704151154,0.025314228609204292,-0.028795460239052773,-0.0358317494392395,-0.022878622636198997,-0.021529095247387886,0.02257804572582245,-0.006202326621860266,0.0,-0.0,0.0,-0.0,0.0,0.0,0.0,0.0,0.0,0.0,0.0,0.0,0.0,-0.0,0.0,-0.0,0.0,0.0,0.0,0.0,0.0,0.0,0.0,0.0,0.134965717792511,-0.15710830688476562,0.13928383588790894,-0.15407103300094604,0.13638877868652344,0.1497691422700882,0.13452383875846863,0.1492631733417511,0.134965717792511,-0.15710830688476562,0.13928383588790894,-0.15407103300094604,0.13638877868652344,0.1497691422700882,0.13452383875846863,0.1492631733417511,-0.0016772589879110456,-0.013852698728442192,0.019468417391180992,-0.017904143780469894,-0.0474177822470665,0.012228554114699364,-0.049882590770721436,0.04951764643192291,0.30000001192092896,0.30000001192092896,0.30000001192092896,0.30000001192092896,0.0,0.0,1.0,0.0,-0.0,1.0,-0.0,-0.9999998807907104,0.30000001192092896,0.30000001192092896,0.30000001192092896,0.30000001192092896
0.95,0,0.022494396194815636,-0.02296076901257038,-0.002844183938577771,0.2815361022949219,0.0,0.07843189686536789,0.019135016947984695,0.005177373066544533,1,1,1,1,10.619481086730957,3.6413891315460205,3.393115520477295,11.000673294067383,10.619481086730957,3.6413891315460205,3.393115520477295,11.000673294067383,0,0,0,0,0,0.9999992847442627,0.08005817234516144,-0.31826522946357727,0.07876920700073242,-0.3175402283668518,0.2767167389392853,0.049858517944812775,0.27813440561294556,0.050086650997400284,-0.2849348187446594,0.04996107891201973,-0.2854921817779541,0.04994108900427818,0.0,0.0,0.0,0.0,0.0,0.0,0.013872882351279259,-0.021491844207048416,0.007662685588002205,-0.0023137996904551983,-0.03748594596982002,0.02351829782128334,-0.02705615758895874,-0.03656060993671417,-0.021775728091597557,-0.020474370568990707,0.021869683638215065,-0.005869443062692881,0.0,-0.0,0.0,-0.0,0.0,0.0,0.0,0.0,0.0,0.0,0.0,0.0,0.0,-0.0,0.0,-0.0,0.0,0.0,0.0,0.0,0.0,0.0,0.0,0.0,0.134965717792511,-0.15710830688476562,0.13928383588790894,-0.15407103300094604,0.13638877868652344,0.1497691422700882,0.13452383875846863,0.1492631733417511,0.134965717792511,-0.15710830688476562,0.13928383588790894,-0.15407103300094604,0.13638877868652344,0.1497691422700882,0.13452383875846863,0.1492631733417511,-0.0016772589879110456,-0.013852698728442192,0.019468417391180992,-0.017904143780469894,-0.0474177822470665,0.012228554114699364,-0.049882590770721436,0.04951764643192291,0.30000001192092896,0.30000001192092896,0.30000001192092896,0.30000001192092896,0.0,0.0,1.0,0.0,-0.0,1.0,-0.0,-0.9999998807907104,0.30000001192092896,0.30000001192092896,0.30000001192092896,0.30000001192092896
1.0,0,0.023197399452328682,-0.022894641384482384,-0.0023653905373066664,0.2814905345439911,0.0,0.07760468125343323,0.018344614654779434,0.005306340288370848,1,1,1,1,10.534554481506348,3.6986606121063232,3.417128086090088,10.967784881591797,10.534554481506348,3.6986606121063232,3.417128086090088,10.967784881591797,0,0,0,0,0,0.9999992847442627,0.08005069196224213,-0.31827312707901,0.07876139879226685,-0.31754833459854126,0.27732133865356445,0.0498778261244297,0.27879598736763,0.05006678029894829,-0.2841690182685852,0.04998694360256195,-0.2847132384777069,0.04997139424085617,0.0,0.0,0.0,0.0,0.0,0.0,0.016112977638840675,-0.02049879916012287,0.009676948189735413,-0.0016390517121180892,-0.037605851888656616,0.023602403700351715,-0.027301782742142677,-0.037142906337976456,-0.01944257877767086,-0.018176637589931488,0.019297635182738304,-0.008322762325406075,0.0,-0.0,0.0,-0.0,0.0,0.0,0.0,0.0,0.0,0.0,0.0,0.0,0.0,-0.0,0.0,-0.0,0.0,0.0,0.0,0.0,0.0,0.0,0.0,0.0,0.134965717792511,-0.15710830688476562,0.13928383588790894,-0.15407103300094604,0.13638877868652344,0.1497691422700882,0.13452383875846863,0.1492631733417511,0.134965717792511,-0.15710830688476562,0.13928383588790894,-0.15407103300094604,0.13638877868652344,0.1497691422700882,0.13452383875846863,0.1492631733417511,-0.0016772589879110456,-0.013852698728442192,0.019468417391180992,-0.017904143780469894,-0.0474177822470665,0.012228554114699364,-0.049882590770721436,0.04951764643192291,0.30000001192092896,0.30000001192092896,0.30000001192092896,0.30000001192092896,0.0,0.0,1.0,0.0,-0.0,1.0,-0.0,-0.9999998807907104,0.30000001192092896,0.30000001192092896,0.30000001192092896,0.30000001192092896
1.05,0,0.0239253006875515,-0.022833503782749176,-0.0036268318071961403,0.28145381808280945,0.0,0.08027949184179306,0.018914129585027695,0.005456865765154362,1,1,1,1,10.279510498046875,3.958033561706543,3.7305502891540527,10.778714179992676,10.279510498046875,3.958033561706543,3.7305502891540527,10.778714179992676,0,0,0,0,0,0.9999992847442627,0.08004090189933777,-0.31828343868255615,0.07876010984182358,-0.3175499439239502,0.27794909477233887,0.04989071935415268,0.2794891893863678,0.050038307905197144,-0.2833699584007263,0.049998894333839417,-0.2839282155036926,0.049991361796855927,0.0,0.0,0.0,0.0,0.0,0.0,0.01736539416015148,-0.023185938596725464,0.00997027289122343,0.0012134196003898978,-0.04002036526799202,0.024824749678373337,-0.031678684055805206,-0.032398372888565063,-0.017424296587705612,-0.020913759246468544,0.01924183778464794,-0.011065357364714146,0.0,-0.0,0.0,-0.0,0.0,0.0,0.0,0.0,0.0,0.0,0.0,0.0,0.0,-0.0,0.0,-0.0,0.0,0.0,0.0,0.0,0.0,0.0,0.0,0.0,0.134965717792511,-0.15710830688476562,0.13928383588790894,-0.15407103300094604,0.13638877868652344,0.1497691422700882,0.13452383875846863,0.1492631733417511,0.134965717792511,-0.15710830688476562,0.13928383588790894,-0.15407103300094604,0.13638877868652344,0.1497691422700882,0.13452383875846863,0.1492631733417511,-0.0016772589879110456,-0.013852698728442192,0.019468417391180992,-0.017904143780469894,-0.0474177822470665,0.012228554114699364,-0.049882590770721436,0.04951764643192291,0.30000001192092896,0.30000001192092896,0.30000001192092896,0.30000001192092896,0.0,0.0,1.0,0.0,-0.0,1.0,-0.0,-0.9999998807907104,0.30000001192092896,0.30000001192092896,0.30000001192092896,0.30000001192092896
1.1,0,0.02465568669140339,-0.022792859002947807,-0.0034252596087753773,0.2814226746559143,0.0,0.0862790197134018,0.018945544958114624,0.005577284377068281,1,1,1,1,10.908575057983398,3.350048780441284,2.928987503051758,11.416801452636719,10.908575057983398,3.350048780441284,2.928987503051758,11.416801452636719,0,0,0,0,0,0.9999992251396179,0.08003386855125427,-0.31829094886779785,0.07874883711338043,-0.317561537027359,0.2785819172859192,0.04989559203386307,0.28019118309020996,0.05000055581331253,-0.2825844883918762,0.04999785125255585,-0.28313252329826355,0.049997229129076004,0.0,0.0,0.0,0.0,0.0,0.0,0.011472891084849834,-0.027809906750917435,0.0008698096498847008,-0.0015444421442225575,-0.042346786707639694,0.027300529181957245,-0.02964133583009243,-0.03465272858738899,-0.023393915966153145,-0.024591537192463875,0.026944587007164955,-0.0063158608973026276,0.0,-0.0,0.0,-0.0,0.0,0.0,0.0,0.0,0.0,0.0,0.0,0.0,0.0,-0.0,0.0,-0.0,0.0,0.0,0.0,0.0,0.0,0.0,0.0,0.0,0.134965717792511,-0.15710830688476562,0.13928383588790894,-0.15407103300094604,0.13638877868652344,0.1497691422700882,0.13452383875846863,0.1492631733417511,0.134965717792511,-0.15710830688476562,0.13928383588790894,-0.15407103300094604,0.13638877868652344,0.1497691422700882,0.13452383875846863,0.1492631733417511,-0.0016772589879110456,-0.013852698728442192,0.019468417391180992,-0.017904143780469894,-0.0474177822470665,0.012228554114699364,-0.049882590770721436,0.04951764643192291,0.30000001192092896,0.30000001192092896,0.30000001192092896,0.30000001192092896,0.0,0.0,1.0,0.0,-0.0,1.0,-0.0,-0.9999998807907104,0.30000001192092896,0.30000001192092896,0.30000001192092896,0.30000001192092896
1.15,0,0.025395195931196213,-0.022754531353712082,-0.004563798662275076,0.2813880741596222,0.0,0.07733529806137085,0.018226496875286102,0.0056996275670826435,1,1,1,1,11.253137588500977,3.1851768493652344,2.8717310428619385,11.460171699523926,11.253137588500977,3.1851768493652344,2.8717310428619385,11.460171699523926,0,0,0,0,0,0.9999991655349731,0.08002777397632599,-0.3182975649833679,0.07874837517738342,-0.31756240129470825,0.27921807765960693,0.04988931491971016,0.2808956801891327,0.04995008185505867,-0.2817893922328949,0.049987222999334335,-0.28233814239501953,0.049990952014923096,0.0,0.0,0.0,0.0,0.0,0.0,0.013250673189759254,-0.02487274631857872,0.006648855283856392,-0.0020233807153999805,-0.03742010518908501,0.023397117853164673,-0.027177462354302406,-0.03386471047997475,-0.01827635057270527,-0.020098786801099777,0.021720362827181816,-0.009763688780367374,0.0,-0.0,0.0,-0.0,0.0,0.0,0.0,0.0,0.0,0.0,0.0,0.0,0.0,-0.0,0.0,-0.0,0.0,0.0,0.0,0.0,0.0,0.0,0.0,0.0,0.134965717792511,-0.15710830688476562,0.13928383588790894,-0.15407103300094604,0.13638877868652344,0.1497691422700882,0.13452383875846863,0.1492631733417511,0.134965717792511,-0.15710830688476562,0.13928383588790894,-0.15407103300094604,0.13638877868652344,0.1497691422700882,0.13452383875846863,0.1492631733417511,-0.0016772589879110456,-0.013852698728442192,0.019468417391180992,-0.017904143780469894,-0.0474177822470665,0.012228554114699364,-0.049882590770721436,0.04951764643192291,0.30000001192092896,0.30000001192092896,0.30000001192092896,0.30000001192092896,0.0,0.0,1.0,0.0,-0.0,1.0,-0.0,-0.9999998807907104,0.30000001192092896,0.30000001192092896,0.30000001192092896,0.30000001192092896
1.2,0,0.02612391486763954,-0.02274566888809204,-0.007607644889503717,0.2813566327095032,0.0,0.0963372066617012,0.018376760184764862,0.005756985861808062,1,1,1,1,10.55324649810791,3.7994003295898438,3.1344780921936035,11.140005111694336,10.55324649810791,3.7994003295898438,3.1344780921936035,11.140005111694336,0,0,0,0,0,0.9999991655349731,0.08002495765686035,-0.31830093264579773,0.07873859256505966,-0.31757238507270813,0.2798568308353424,0.049873679876327515,0.2815953493118286,0.049944330006837845,-0.2809988260269165,0.04996075853705406,-0.28153595328330994,0.04997238144278526,0.0,0.0,0.0,0.0,0.0,0.0,0.008385713212192059,-0.033610083162784576,-0.005697010550647974,-0.0013596919598057866,-0.04688580334186554,0.031030679121613503,-0.032171063125133514,-0.03253696486353874,-0.02713949978351593,-0.030356653034687042,0.033353909850120544,-0.004606368951499462,0.0,-0.0,0.0,-0.0,0.0,0.0,0.0,0.0,0.0,0.0,0.0,0.0,0.0,-0.0,0.0,-0.0,0.0,0.0,0.0,0.0,0.0,0.0,0.0,0.0,0.134965717792511,-0.15710830688476562,0.13928383588790894,-0.15407103300094604,0.13638877868652344,0.1497691422700882,0.13452383875846863,0.1492631733417511,0.134965717792511,-0.15710830688476562,0.13928383588790894,-0.15407103300094604,0.13638877868652344,0.1497691422700882,0.13452383875846863,0.1492631733417511,-0.0016772589879110456,-0.013852698728442192,0.019468417391180992,-0.017904143780469894,-0.0474177822470665,0.012228554114699364,-0.049882590770721436,0.04951764643192291,0.30000001192092896,0.30000001192092896,0.30000001192092896,0.30000001192092896,0.0,0.0,1.0,0.0,-0.0,1.0,-0.0,-0.9999998807907104,0.30000001192092896,0.30000001192092896,0.30000001192092896,0.30000001192092896
1.25,0,0.026872791349887848,-0.022782810032367706,-0.005458641331642866,0.2813127040863037,0.0,0.08888280391693115,0.018042616546154022,0.005759078543633223,1,1,1,1,10.267010688781738,4.131108283996582,3.3322362899780273,10.879179954528809,10.267010688781738,4.131108283996582,3.3322362899780273,10.879179954528809,0,0,0,0,0,0.9999991655349731,0.08002433180809021,-0.318302184343338,0.07874161005020142,-0.31756946444511414,0.2805139124393463,0.04985060542821884,0.2822951078414917,0.049975670874118805,-0.28019315004348755,0.04992307722568512,-0.2807280421257019,0.049941156059503555,0.0,0.0,0.0,0.0,0.0,0.0,0.009927915409207344,-0.03335443511605263,-0.0019730348140001297,-0.0014068805612623692,-0.04276074841618538,0.027311433106660843,-0.030916227027773857,-0.030524050816893578,-0.022880757227540016,-0.0279302429407835,0.02904335968196392,-0.008609771728515625,0.0,-0.0,0.0,-0.0,0.0,0.0,0.0,0.0,0.0,0.0,0.0,0.0,0.0,-0.0,0.0,-0.0,0.0,0.0,0.0,0.0,0.0,0.0,0.0,0.0,0.134965717792511,-0.15710830688476562,0.13928383588790894,-0.15407103300094604,0.13638877868652344,0.1497691422700882,0.13452383875846863,0.1492631733417511,0.134965717792511,-0.15710830688476562,0.13928383588790894,-0.15407103300094604,0.13638877868652344,0.1497691422700882,0.13452383875846863,0.1492631733417511,-0.0016772589879110456,-0.013852698728442192,0.019468417391180992,-0.017904143780469894,-0.0474177822470665,0.012228554114699364,-0.049882590770721436,0.04951764643192291,0.30000001192092896,0.30000001192092896,0.30000001192092896,0.30000001192092896,0.0,0.0,1.0,0.0,-0.0,1.0,-0.0,-0.9999998807907104,0.30000001192092896,0.30000001192092896,0.30000001192092896,0.30000001192092896
1.3,0,0.027632642537355423,-0.022821173071861267,-0.006358628161251545,0.2812720537185669,1.0,0.08119016885757446,0.014435975812375546,0.005711414385586977,1,1,1,1,10.555059432983398,3.9759700298309326,3.35150146484375,10.854860305786133,10.555059432983398,3.9759700298309326,3.35150146484375,10.854860305786133,0,0,0,0,0,0.9999991655349731,0.08002230525016785,-0.3183046579360962,0.07873989641666412,-0.317571222782135,0.2811879515647888,0.04981619492173195,0.2830081582069397,0.049997542053461075,-0.2794034481048584,0.04987436160445213,-0.2799130082130432,0.04989516735076904,0.0,0.0,0.0,0.0,0.0,0.0,0.010965299792587757,-0.030840668827295303,0.002913182834163308,-0.0010603890987113118,-0.03828747570514679,0.024281615391373634,-0.029810916632413864,-0.029689563438296318,-0.01854168437421322,-0.02451382204890251,0.024750299751758575,-0.011307529173791409,0.0,-0.0,0.0,-0.0,0.0,0.0,0.0,0.0,0.0,0.0,0.0,0.0,0.0,-0.0,0.0,-0.0,0.0,0.0,0.0,0.0,0.0,0.0,0.0,0.0,0.134965717792511,-0.15710830688476562,0.13928383588790894,-0.15407103300094604,0.13638877868652344,0.1497691422700882,0.13452383875846863,0.1492631733417511,0.134965717792511,-0.15710830688476562,0.13928383588790894,-0.15407103300094604,0.13638877868652344,0.1497691422700882,0.13452383875846863,0.1492631733417511,-0.0016772589879110456,-0.013852698728442192,0.019468417391180992,-0.017904143780469894,-0.0474177822470665,0.012228554114699364,-0.049882590770721436,0.04951764643192291,0.30000001192092896,0.30000001192092896,0.30000001192092896,0.30000001192092896,0.0,0.0,1.0,0.0,-0.0,1.0,-0.0,-0.9999998807907104,0.30000001192092896,0.30000001192092896,0.30000001192092896,0.30000001192092896
1.35,0,0.02841339446604252,-0.022879477590322495,-0.006437691394239664,0.2812243402004242,1.0,0.1204090267419815,0.0014743544161319733,0.00562081765383482,1,1,1,1,10.630279541015625,3.9831645488739014,3.340390920639038,10.883631706237793,10.630279541015625,3.9831645488739014,3.340390920639038,10.883631706237793,0,0,0,0,0,0.9999991655349731,0.08002282679080963,-0.3183043599128723,0.07874657958745956,-0.31756454706192017,0.2818945348262787,0.04977045953273773,0.2837313115596771,0.05000728741288185,-0.27860918641090393,0.04981215298175812,-0.2790853679180145,0.04983578622341156,0.0,0.0,0.0,0.0,0.0,0.0,0.04113149270415306,0.0025800338480621576,0.08500848710536957,-0.020929552614688873,0.010947797447443008,-0.028088590130209923,0.0003661610826384276,-0.031402889639139175,0.005780084058642387,0.015705827623605728,-0.041801176965236664,-0.03482626751065254,0.0,-0.0,0.0,-0.0,0.0,0.0,0.0,0.0,0.0,0.0,0.0,0.0,0.0,-0.0,0.0,-0.0,0.0,0.0,0.0,0.0,0.0,0.0,0.0,0.0,0.134965717792511,-0.15710830688476562,0.13928383588790894,-0.15407103300094604,0.13638877868652344,0.1497691422700882,0.13452383875846863,0.1492631733417511,0.134965717792511,-0.15710830688476562,0.13928383588790894,-0.15407103300094604,0.13638877868652344,0.1497691422700882,0.13452383875846863,0.1492631733417511,-0.0016772589879110456,-0.013852698728442192,0.019468417391180992,-0.017904143780469894,-0.0474177822470665,0.012228554114699364,-0.049882590770721436,0.04951764643192291,0.30000001192092896,0.30000001192092896,0.30000001192092896,0.30000001192092896,0.0,0.0,1.0,0.0,-0.0,1.0,-0.0,-0.9999998807907104,0.30000001192092896,0.30000001192092896,0.30000001192092896,0.30000001192092896
1.4,0,0.029204394668340683,-0.022917011752724648,-0.006168130785226822,0.2811748683452606,1.0,0.12090713530778885,0.0021132975816726685,0.005528158508241177,1,1,1,1,10.643121719360352,3.888460397720337,3.671370267868042,10.536566734313965,10.643121719360352,3.888460397720337,3.671370267868042,10.536566734313965,0,0,0,0,0,0.9999991655349731,0.08002256602048874,-0.31830480694770813,0.07874783873558044,-0.3175632357597351,0.28261712193489075,0.04971423000097275,0.28446489572525024,0.05000786855816841,-0.2777949273586273,0.0497405044734478,-0.27826637029647827,0.04978025332093239,0.0,0.0,0.0,0.0,0.0,0.0,0.04181428253650665,0.018103931099176407,0.08176963031291962,-0.018703890964388847,0.011531022377312183,-0.030311761423945427,0.009850683622062206,-0.030059674754738808,0.011013481765985489,0.026769476011395454,-0.04604991152882576,-0.022256620228290558,0.0,-0.0,0.0,-0.0,0.0,0.0,0.0,0.0,0.0,0.0,0.0,0.0,0.0,-0.0,0.0,-0.0,0.0,0.0,0.0,0.0,0.0,0.0,0.0,0.0,0.134965717792511,-0.15710830688476562,0.13928383588790894,-0.15407103300094604,0.13638877868652344,0.1497691422700882,0.13452383875846863,0.1492631733417511,0.134965717792511,-0.15710830688476562,0.13928383588790894,-0.15407103300094604,0.13638877868652344,0.1497691422700882,0.13452383875846863,0.1492631733417511,-0.0016772589879110456,-0.013852698728442192,0.019468417391180992,-0.017904143780469894,-0.0474177822470665,0.012228554114699364,-0.049882590770721436,0.04951764643192291,0.30000001192092896,0.30000001192092896,0.30000001192092896,0.30000001192092896,0.0,0.0,1.0,0.0,-0.0,1.0,-0.0,-0.9999998807907104,0.30000001192092896,0.30000001192092896,0.30000001192092896,0.30000001192092896
1.45,0,0.029941895976662636,-0.022828061133623123,-0.008005378767848015,0.2811390459537506,1.0,0.11318369209766388,0.0018405979499220848,0.005288916174322367,1,1,1,1,10.935712814331055,3.4908573627471924,3.319221019744873,10.976285934448242,10.935712814331055,3.4908573627471924,3.319221019744873,10.976285934448242,0,0,0,0,0,0.9999991655349731,0.08002933114767075,-0.31829768419265747,0.07875385880470276,-0.3175572454929352,0.2833368480205536,0.04964855685830116,0.2851744294166565,0.049997374415397644,-0.2769966721534729,0.04965551197528839,-0.27751946449279785,0.04985306039452553,0.0,0.0,0.0,0.0,0.0,0.0,0.040906716138124466,0.01384756714105606,0.0782146155834198,-0.017536982893943787,0.008026977069675922,-0.027888240292668343,0.0060029043816030025,-0.028088614344596863,0.008958850987255573,0.020748479291796684,-0.04239485040307045,-0.023347090929746628,0.0,-0.0,0.0,-0.0,0.0,0.0,0.0,0.0,0.0,0.0,0.0,0.0,0.0,-0.0,0.0,-0.0,0.0,0.0,0.0,0.0,0.0,0.0,0.0,0.0,0.134965717792511,-0.15710830688476562,0.13928383588790894,-0.15407103300094604,0.13638877868652344,0.1497691422700882,0.13452383875846863,0.1492631733417511,0.134965717792511,-0.15710830688476562,0.13928383588790894,-0.15407103300094604,0.13638877868652344,0.1497691422700882,0.13452383875846863,0.1492631733417511,-0.0016772589879110456,-0.013852698728442192,0.019468417391180992,-0.017904143780469894,-0.0474177822470665,0.012228554114699364,-0.049882590770721436,0.04951764643192291,0.30000001192092896,0.30000001192092896,0.30000001192092896,0.30000001192092896,0.0,0.0,1.0,0.0,-0.0,1.0,-0.0,-0.9999998807907104,0.30000001192092896,0.30000001192092896,0.30000001192092896,0.30000001192092896
1.5,0,0.030695021152496338,-0.022777725011110306,-0.011274280026555061,0.2810954451560974,1.0,0.10338238626718521,0.002857890911400318,0.005041360389441252,1,1,1,1,11.327168464660645,3.21472430229187,2.7611536979675293,11.356453895568848,11.327168464660645,3.21472430229187,2.7611536979675293,11.356453895568848,0,0,0,0,0,0.9999991655349731,0.08003625273704529,-0.3182903528213501,0.07876582443714142,-0.31754523515701294,0.2840717136859894,0.04957153648138046,0.28588569164276123,0.04997637867927551,-0.27619510889053345,0.04955583065748215,-0.2767695188522339,0.04991496354341507,0.0,0.0,0.0,0.0,0.0,0.0,0.03823065385222435,0.011041302233934402,0.07178527861833572,-0.017606748268008232,0.005157055798918009,-0.025873959064483643,0.00576538173481822,-0.027460092678666115,0.005748549476265907,0.01738918013870716,-0.03761563450098038,-0.020188668742775917,0.0,-0.0,0.0,-0.0,0.0,0.0,0.0,0.0,0.0,0.0,0.0,0.0,0.0,-0.0,0.0,-0.0,0.0,0.0,0.0,0.0,0.0,0.0,0.0,0.0,0.134965717792511,-0.15710830688476562,0.13928383588790894,-0.15407103300094604,0.13638877868652344,0.1497691422700882,0.13452383875846863,0.1492631733417511,0.134965717792511,-0.15710830688476562,0.13928383588790894,-0.15407103300094604,0.13638877868652344,0.1497691422700882,0.13452383875846863,0.1492631733417511,-0.0016772589879110456,-0.013852698728442192,0.019468417391180992,-0.017904143780469894,-0.0474177822470665,0.012228554114699364,-0.049882590770721436,0.04951764643192291,0.30000001192092896,0.30000001192092896,0.30000001192092896,0.30000001192092896,0.0,0.0,1.0,0.0,-0.0,1.0,-0.0,-0.9999998807907104,0.30000001192092896,0.30000001192092896,0.30000001192092896,0.30000001192092896
1.55,0,0.03148492053151131,-0.02278299815952778,-0.011390198022127151,0.2810475826263428,1.0,0.1018643006682396,0.002678866032510996,0.004751871339976788,1,1,1,1,11.735716819763184,2.9229516983032227,2.5439414978027344,11.551291465759277,11.735716819763184,2.9229516983032227,2.5439414978027344,11.551291465759277,0,0,0,0,0,0.9999991655349731,0.08004522323608398,-0.3182809054851532,0.07877662777900696,-0.31753435730934143,0.2848286032676697,0.049480486661195755,0.2866201400756836,0.04994317889213562,-0.2754017412662506,0.04944354668259621,-0.27600395679473877,0.04996591433882713,0.0,0.0,0.0,0.0,0.0,0.0,0.03698635473847389,0.009474541991949081,0.07138283550739288,-0.018052898347377777,0.006611958146095276,-0.0262520182877779,0.005807551555335522,-0.026537839323282242,0.004927860107272863,0.016397342085838318,-0.03629101812839508,-0.0203984584659338,0.0,-0.0,0.0,-0.0,0.0,0.0,0.0,0.0,0.0,0.0,0.0,0.0,0.0,-0.0,0.0,-0.0,0.0,0.0,0.0,0.0,0.0,0.0,0.0,0.0,0.134965717792511,-0.15710830688476562,0.13928383588790894,-0.15407103300094604,0.13638877868652344,0.1497691422700882,0.13452383875846863,0.1492631733417511,0.134965717792511,-0.15710830688476562,0.13928383588790894,-0.15407103300094604,0.13638877868652344,0.1497691422700882,0.13452383875846863,0.1492631733417511,-0.0016772589879110456,-0.013852698728442192,0.019468417391180992,-0.017904143780469894,-0.0474177822470665,0.012228554114699364,-0.049882590770721436,0.04951764643192291,0.30000001192092896,0.30000001192092896,0.30000001192092896,0.30000001192092896,0.0,0.0,1.0,0.0,-0.0,1.0,-0.0,-0.9999998807907104,0.30000001192092896,0.30000001192092896,0.30000001192092896,0.30000001192092896
1.6,0,0.03226068243384361,-0.02277417667210102,-0.008273066021502018,0.2809995114803314,1.0,0.107650525867939,0.0024847667664289474,0.004457173869013786,1,1,1,1,11.662138938903809,2.717820882797241,2.5068795680999756,11.70192813873291,11.662138938903809,2.717820882797241,2.5068795680999756,11.70192813873291,0,0,0,0,0,0.9999991655349731,0.08005339652299881,-0.3182719945907593,0.07878772169351578,-0.31752312183380127,0.2855934798717499,0.04937814548611641,0.2873443365097046,0.04989967122673988,-0.2746111750602722,0.04931829869747162,-0.275238573551178,0.050005991011857986,0.0,0.0,0.0,0.0,0.0,0.0,0.03824860230088234,0.011467712000012398,0.07413238286972046,-0.01861359179019928,0.00814246665686369,-0.02770274318754673,0.007139766123145819,-0.028378579765558243,0.007090449798852205,0.019348347559571266,-0.0393143892288208,-0.02217608317732811,0.0,-0.0,0.0,-0.0,0.0,0.0,0.0,0.0,0.0,0.0,0.0,0.0,0.0,-0.0,0.0,-0.0,0.0,0.0,0.0,0.0,0.0,0.0,0.0,0.0,0.134965717792511,-0.15710830688476562,0.13928383588790894,-0.15407103300094604,0.13638877868652344,0.1497691422700882,0.13452383875846863,0.1492631733417511,0.134965717792511,-0.15710830688476562,0.13928383588790894,-0.15407103300094604,0.13638877868652344,0.1497691422700882,0.13452383875846863,0.1492631733417511,-0.0016772589879110456,-0.013852698728442192,0.019468417391180992,-0.017904143780469894,-0.0474177822470665,0.012228554114699364,-0.049882590770721436,0.04951764643192291,0.30000001192092896,0.30000001192092896,0.30000001192092896,0.30000001192092896,0.0,0.0,1.0,0.0,-0.0,1.0,-0.0,-0.9999998807907104,0.30000001192092896,0.30000001192092896,0.30000001192092896,0.30000001192092896
1.65,0,0.03305811062455177,-0.022661609575152397,-0.000566157337743789,0.280954509973526,1.0,0.10975140333175659,0.0022409576922655106,0.004220902454108,1,1,1,1,10.897104263305664,3.626710891723633,3.6346187591552734,10.69328784942627,10.897104263305664,3.626710891723633,3.6346187591552734,10.69328784942627,0,0,0,0,0,0.9999991655349731,0.08005833625793457,-0.31826677918434143,0.07879935204982758,-0.31751129031181335,0.2863757908344269,0.04925677552819252,0.2880980968475342,0.049843285232782364,-0.27382034063339233,0.0492599755525589,-0.2744597792625427,0.05003788322210312,0.0,0.0,0.0,0.0,0.0,0.0,0.03833562508225441,0.01245562732219696,0.07519491761922836,-0.01879512518644333,0.009979458525776863,-0.028621962293982506,0.007962586358189583,-0.028556901961565018,0.007896170020103455,0.020670898258686066,-0.04017109423875809,-0.02262779325246811,0.0,-0.0,0.0,-0.0,0.0,0.0,0.0,0.0,0.0,0.0,0.0,0.0,0.0,-0.0,0.0,-0.0,0.0,0.0,0.0,0.0,0.0,0.0,0.0,0.0,0.134965717792511,-0.15710830688476562,0.13928383588790894,-0.15407103300094604,0.13638877868652344,0.1497691422700882,0.13452383875846863,0.1492631733417511,0.134965717792511,-0.15710830688476562,0.13928383588790894,-0.15407103300094604,0.13638877868652344,0.1497691422700882,0.13452383875846863,0.1492631733417511,-0.0016772589879110456,-0.013852698728442192,0.019468417391180992,-0.017904143780469894,-0.0474177822470665,0.012228554114699364,-0.049882590770721436,0.04951764643192291,0.30000001192092896,0.30000001192092896,0.30000001192092896,0.30000001192092896,0.0,0.0,1.0,0.0,-0.0,1.0,-0.0,-0.9999998807907104,0.30000001192092896,0.30000001192092896,0.30000001192092896,0.30000001192092896
1.7,0,0.03385201841592789,-0.02230534516274929,0.001817740616388619,0.2809097468852997,1.0,0.10995134711265564,0.0011996752582490444,0.004198396112769842,1,1,1,1,10.311452865600586,4.197141647338867,3.9964733123779297,10.227784156799316,10.311452865600586,4.197141647338867,3.9964733123779297,10.227784156799316,0,0,0,0,0,0.9999989867210388,0.08005524426698685,-0.3182699382305145,0.07879464328289032,-0.3175158202648163,0.28715959191322327,0.04911687225103378,0.2888660430908203,0.04977446794509888,-0.273080050945282,0.04938312619924545,-0.2736666202545166,0.050061505287885666,0.0,0.0,0.0,0.0,0.0,0.0,0.03959454968571663,0.012410959228873253,0.07559914886951447,-0.017781266942620277,0.00772308511659503,-0.028012951835989952,0.006936968769878149,-0.027268482372164726,0.008710376918315887,0.021007731556892395,-0.041303638368844986,-0.021837687119841576,0.0,-0.0,0.0,-0.0,0.0,0.0,0.0,0.0,0.0,0.0,0.0,0.0,0.0,-0.0,0.0,-0.0,0.0,0.0,0.0,0.0,0.0,0.0,0.0,0.0,0.134965717792511,-0.15710830688476562,0.13928383588790894,-0.15407103300094604,0.13638877868652344,0.1497691422700882,0.13452383875846863,0.1492631733417511,0.134965717792511,-0.15710830688476562,0.13928383588790894,-0.15407103300094604,0.13638877868652344,0.1497691422700882,0.13452383875846863,0.1492631733417511,-0.0016772589879110456,-0.013852698728442192,0.019468417391180992,-0.017904143780469894,-0.0474177822470665,0.012228554114699364,-0.049882590770721436,0.04951764643192291,0.30000001192092896,0.30000001192092896,0.30000001192092896,0.30000001192092896,0.0,0.0,1.0,0.0,-0.0,1.0,-0.0,-0.9999998807907104,0.30000001192092896,0.30000001192092896,0.30000001192092896,0.30000001192092896
1.75,0,0.034632232040166855,-0.022053612396121025,0.0011516268132254481,0.28085577487945557,1.0,0.11249035596847534,0.0019551562145352364,0.00393344322219491,1,1,1,1,9.14374828338623,5.256019115447998,5.3785786628723145,8.926032066345215,9.14374828338623,5.256019115447998,5.3785786628723145,8.926032066345215,0,0,0,0,0,0.999998927116394,0.08006256073713303,-0.31826263666152954,0.07880272716283798,-0.31750738620758057,0.28793343901634216,0.048974569886922836,0.2896026074886322,0.049833521246910095,-0.2723728120326996,0.04948883876204491,-0.2728669047355652,0.0500684417784214,0.0,0.0,0.0,0.0,0.0,0.0,0.04027562960982323,0.01339501328766346,0.0775785818696022,-0.017944082617759705,0.008696065284311771,-0.028132479637861252,0.0070571135729551315,-0.02718343213200569,0.009592804126441479,0.02179962955415249,-0.04220473766326904,-0.022534769028425217,0.0,-0.0,0.0,-0.0,0.0,0.0,0.0,0.0,0.0,0.0,0.0,0.0,0.0,-0.0,0.0,-0.0,0.0,0.0,0.0,0.0,0.0,0.0,0.0,0.0,0.134965717792511,-0.15710830688476562,0.13928383588790894,-0.15407103300094604,0.13638877868652344,0.1497691422700882,0.13452383875846863,0.1492631733417511,0.134965717792511,-0.15710830688476562,0.13928383588790894,-0.15407103300094604,0.13638877868652344,0.1497691422700882,0.13452383875846863,0.1492631733417511,-0.0016772589879110456,-0.013852698728442192,0.019468417391180992,-0.017904143780469894,-0.0474177822470665,0.012228554114699364,-0.049882590770721436,0.04951764643192291,0.30000001192092896,0.30000001192092896,0.30000001192092896,0.30000001192092896,0.0,0.0,1.0,0.0,-0.0,1.0,-0.0,-0.9999998807907104,0.30000001192092896,0.30000001192092896,0.30000001192092896,0.30000001192092896
1.8,0,0.03541146591305733,-0.021844662725925446,-0.002175770001485944,0.28080883622169495,1.0,0.10983358323574066,0.0017604473978281021,0.003705585841089487,1,1,1,1,9.369503021240234,5.2982940673828125,5.467296600341797,8.771988868713379,9.369503021240234,5.2982940673828125,5.467296600341797,8.771988868713379,0,0,0,0,0,0.9999988079071045,0.08006896823644638,-0.3182561695575714,0.07881230860948563,-0.31749746203422546,0.2886977195739746,0.04885149747133255,0.2903421223163605,0.049897175282239914,-0.2716667950153351,0.049587149173021317,-0.2720593810081482,0.050058867782354355,0.0,0.0,0.0,0.0,0.0,0.0,0.03952953591942787,0.01253851130604744,0.07623640447854996,-0.018076419830322266,0.007971919141709805,-0.02706461399793625,0.006589705590158701,-0.027305088937282562,0.008633062243461609,0.020752500742673874,-0.040393415838479996,-0.021977486088871956,0.0,-0.0,0.0,-0.0,0.0,0.0,0.0,0.0,0.0,0.0,0.0,0.0,0.0,-0.0,0.0,-0.0,0.0,0.0,0.0,0.0,0.0,0.0,0.0,0.0,0.134965717792511,-0.15710830688476562,0.13928383588790894,-0.15407103300094604,0.13638877868652344,0.1497691422700882,0.13452383875846863,0.1492631733417511,0.134965717792511,-0.15710830688476562,0.13928383588790894,-0.15407103300094604,0.13638877868652344,0.1497691422700882,0.13452383875846863,0.1492631733417511,-0.0016772589879110456,-0.013852698728442192,0.019468417391180992,-0.017904143780469894,-0.0474177822470665,0.012228554114699364,-0.049882590770721436,0.04951764643192291,0.30000001192092896,0.30000001192092896,0.30000001192092896,0.30000001192092896,0.0,0.0,1.0,0.0,-0.0,1.0,-0.0,-0.9999998807907104,0.30000001192092896,0.30000001192092896,0.30000001192092896,0.30000001192092896
1.8499999999999999,0,0.03602227568626404,-0.021851560100913048,-0.0034623693209141493,0.28086403012275696,1.0,0.10664394497871399,0.0015899240970611572,0.0039302874356508255,1,1,1,1,9.599885940551758,4.575314044952393,4.931919097900391,9.62834358215332,9.599885940551758,4.575314044952393,4.931919097900391,9.62834358215332,0,0,0,0,0,0.999998927116394,0.08005359768867493,-0.3182724416255951,0.07879775762557983,-0.3175126910209656,0.28929123282432556,0.04897027835249901,0.2910224199295044,0.049953605979681015,-0.2710058391094208,0.049668148159980774,-0.2713170647621155,0.05004554241895676,0.0,0.0,0.0,0.0,0.0,0.0,0.03847813233733177,0.013769412413239479,0.07378341257572174,-0.01635664701461792,0.008037401363253593,-0.02722497284412384,0.006679533515125513,-0.024897996336221695,0.009195853024721146,0.020660877227783203,-0.04006858915090561,-0.020099304616451263,0.0,-0.0,0.0,-0.0,0.0,0.0,0.0,0.0,0.0,0.0,0.0,0.0,0.0,-0.0,0.0,-0.0,0.0,0.0,0.0,0.0,0.0,0.0,0.0,0.0,0.134965717792511,-0.15710830688476562,0.13928383588790894,-0.15407103300094604,0.13638877868652344,0.1497691422700882,0.13452383875846863,0.1492631733417511,0.134965717792511,-0.15710830688476562,0.13928383588790894,-0.15407103300094604,0.13638877868652344,0.1497691422700882,0.13452383875846863,0.1492631733417511,-0.0016772589879110456,-0.013852698728442192,0.019468417391180992,-0.017904143780469894,-0.0474177822470665,0.012228554114699364,-0.049882590770721436,0.04951764643192291,0.30000001192092896,0.30000001192092896,0.30000001192092896,0.30000001192092896,0.0,0.0,1.0,0.0,-0.0,1.0,-0.0,-0.9999998807907104,0.30000001192092896,0.30000001192092896,0.30000001192092896,0.30000001192092896
1.9,0,0.03667318820953369,-0.021908016875386238,-0.004750527441501617,0.28089970350265503,1.0,0.10280660539865494,0.0018636840395629406,0.004147449973970652,1,1,1,1,9.653636932373047,4.37043571472168,4.7662200927734375,9.770416259765625,9.653636932373047,4.37043571472168,4.7662200927734375,9.770416259765625,0,0,0,0,0,0.9999990463256836,0.08003868162631989,-0.3182882070541382,0.07878763973712921,-0.3175233006477356,0.28990375995635986,0.04908480867743492,0.2917124629020691,0.050001781433820724,-0.2703259587287903,0.04974081739783287,-0.27056679129600525,0.050020765513181686,0.0,0.0,0.0,0.0,0.0,0.0,0.03753937780857086,0.011861701495945454,0.0716472715139389,-0.016474245116114616,0.006530259735882282,-0.02606864459812641,0.00599382258951664,-0.024738147854804993,0.007830886170268059,0.018933773040771484,-0.037967994809150696,-0.01957196742296219,0.0,-0.0,0.0,-0.0,0.0,0.0,0.0,0.0,0.0,0.0,0.0,0.0,0.0,-0.0,0.0,-0.0,0.0,0.0,0.0,0.0,0.0,0.0,0.0,0.0,0.134965717792511,-0.15710830688476562,0.13928383588790894,-0.15407103300094604,0.13638877868652344,0.1497691422700882,0.13452383875846863,0.1492631733417511,0.134965717792511,-0.15710830688476562,0.13928383588790894,-0.15407103300094604,0.13638877868652344,0.1497691422700882,0.13452383875846863,0.1492631733417511,-0.0016772589879110456,-0.013852698728442192,0.019468417391180992,-0.017904143780469894,-0.0474177822470665,0.012228554114699364,-0.049882590770721436,0.04951764643192291,0.30000001192092896,0.30000001192092896,0.30000001192092896,0.30000001192092896,0.0,0.0,1.0,0.0,-0.0,1.0,-0.0,-0.9999998807907104,0.30000001192092896,0.30000001192092896,0.30000001192092896,0.30000001192092896
1.95,0,0.03734753280878067,-0.021993489935994148,-0.00530215771868825,0.2809191942214966,1.0,0.0950661450624466,0.001924839336425066,0.004361141473054886,1,1,1,1,9.695779800415039,4.542561054229736,4.823256969451904,9.669334411621094,9.695779800415039,4.542561054229736,4.823256969451904,9.669334411621094,0,0,0,0,0,0.9999990463256836,0.08002324402332306,-0.3183043599128723,0.07877522706985474,-0.3175361752510071,0.2905306816101074,0.04919305443763733,0.29240405559539795,0.05003996193408966,-0.26963672041893005,0.04980648308992386,-0.26980915665626526,0.04998292773962021,0.0,0.0,0.0,0.0,0.0,0.0,0.0367455929517746,0.009572701528668404,0.06689037382602692,-0.01438581570982933,0.0024737901985645294,-0.023615922778844833,0.0036021359264850616,-0.021658336743712425,0.007245722226798534,0.015950186178088188,-0.03514861315488815,-0.018060965463519096,0.0,-0.0,0.0,-0.0,0.0,0.0,0.0,0.0,0.0,0.0,0.0,0.0,0.0,-0.0,0.0,-0.0,0.0,0.0,0.0,0.0,0.0,0.0,0.0,0.0,0.134965717792511,-0.15710830688476562,0.13928383588790894,-0.15407103300094604,0.13638877868652344,0.1497691422700882,0.13452383875846863,0.1492631733417511,0.134965717792511,-0.15710830688476562,0.13928383588790894,-0.15407103300094604,0.13638877868652344,0.1497691422700882,0.13452383875846863,0.1492631733417511,-0.0016772589879110456,-0.013852698728442192,0.019468417391180992,-0.017904143780469894,-0.0474177822470665,0.012228554114699364,-0.049882590770721436,0.04951764643192291,0.30000001192092896,0.30000001192092896,0.30000001192092896,0.30000001192092896,0.0,0.0,1.0,0.0,-0.0,1.0,-0.0,-0.9999998807907104,0.30000001192092896,0.30000001192092896,0.30000001192092896,0.30000001192092896
2.0,0,0.03802888095378876,-0.022075265645980835,-0.009563242085278034,0.2809379994869232,1.0,0.0997089296579361,0.002298277337104082,0.004579134285449982,1,1,1,1,9.502103805541992,4.810700416564941,5.252254486083984,9.545797348022461,9.502103805541992,4.810700416564941,5.252254486083984,9.545797348022461,0,0,0,0,0,0.9999990463256836,0.08000770211219788,-0.31832051277160645,0.07876194268465042,-0.3175497055053711,0.2911672294139862,0.04929398000240326,0.2931021451950073,0.050068002194166183,-0.2689394950866699,0.049863144755363464,-0.26905056834220886,0.04993332549929619,0.0,0.0,0.0,0.0,0.0,0.0,0.03648161143064499,0.010715175420045853,0.06949465721845627,-0.016248082742094994,0.006016699131578207,-0.025627020746469498,0.0059727090410888195,-0.02387792430818081,0.007678041234612465,0.018322253599762917,-0.03670649603009224,-0.019022192806005478,0.0,-0.0,0.0,-0.0,0.0,0.0,0.0,0.0,0.0,0.0,0.0,0.0,0.0,-0.0,0.0,-0.0,0.0,0.0,0.0,0.0,0.0,0.0,0.0,0.0,0.134965717792511,-0.15710830688476562,0.13928383588790894,-0.15407103300094604,0.13638877868652344,0.1497691422700882,0.13452383875846863,0.1492631733417511,0.134965717792511,-0.15710830688476562,0.13928383588790894,-0.15407103300094604,0.13638877868652344,0.1497691422700882,0.13452383875846863,0.1492631733417511,-0.0016772589879110456,-0.013852698728442192,0.019468417391180992,-0.017904143780469894,-0.0474177822470665,0.012228554114699364,-0.049882590770721436,0.04951764643192291,0.30000001192092896,0.30000001192092896,0.30000001192092896,0.30000001192092896,0.0,0.0,1.0,0.0,-0.0,1.0,-0.0,-0.9999998807907104,0.30000001192092896,0.30000001192092896,0.30000001192092896,0.30000001192092896
2.05,0,0.03872166574001312,-0.022191394120454788,-0.0063933865167200565,0.28093576431274414,1.0,0.09666398912668228,0.0026475326158106327,0.004802201874554157,1,1,1,1,9.877416610717773,4.420332908630371,4.664684772491455,9.773397445678711,9.877416610717773,4.420332908630371,4.664684772491455,9.773397445678711,0,0,0,0,0,0.9999991655349731,0.07999272644519806,-0.31833598017692566,0.07875074446201324,-0.3175612986087799,0.29181212186813354,0.04938816279172897,0.2937854826450348,0.05008669197559357,-0.26823729276657104,0.04990897700190544,-0.2682839334011078,0.04987091198563576,0.0,0.0,0.0,0.0,0.0,0.0,0.035604480654001236,0.009403010830283165,0.06774721294641495,-0.016293980181217194,0.005118257831782103,-0.02486077882349491,0.005543068051338196,-0.023615702986717224,0.006605270318686962,0.016987578943371773,-0.035057276487350464,-0.018405182287096977,0.0,-0.0,0.0,-0.0,0.0,0.0,0.0,0.0,0.0,0.0,0.0,0.0,0.0,-0.0,0.0,-0.0,0.0,0.0,0.0,0.0,0.0,0.0,0.0,0.0,0.134965717792511,-0.15710830688476562,0.13928383588790894,-0.15407103300094604,0.13638877868652344,0.1497691422700882,0.13452383875846863,0.1492631733417511,0.134965717792511,-0.15710830688476562,0.13928383588790894,-0.15407103300094604,0.13638877868652344,0.1497691422700882,0.13452383875846863,0.1492631733417511,-0.0016772589879110456,-0.013852698728442192,0.019468417391180992,-0.017904143780469894,-0.0474177822470665,0.012228554114699364,-0.049882590770721436,0.04951764643192291,0.30000001192092896,0.30000001192092896,0.30000001192092896,0.30000001192092896,0.0,0.0,1.0,0.0,-0.0,1.0,-0.0,-0.9999998807907104,0.30000001192092896,0.30000001192092896,0.30000001192092896,0.30000001192092896
2.1,0,0.03944326564669609,-0.02231246419250965,-0.006773548666387796,0.28093820810317993,1.0,0.09601738303899765,0.0023499666713178158,0.0050298068672418594,1,1,1,1,9.878665924072266,4.456092357635498,4.673748970031738,9.709861755371094,9.878665924072266,4.456092357635498,4.673748970031738,9.709861755371094,0,0,0,0,0,0.9999991655349731,0.07997650653123856,-0.3183527886867523,0.07873724400997162,-0.31757500767707825,0.29247167706489563,0.04947669804096222,0.29450029134750366,0.05009598657488823,-0.2675146460533142,0.04994778707623482,-0.2674967646598816,0.04979534447193146,0.0,0.0,0.0,0.0,0.0,0.0,0.035779718309640884,0.008820241317152977,0.0674695298075676,-0.016022687777876854,0.004534286446869373,-0.024450208991765976,0.004995893221348524,-0.023226888850331306,0.006576886400580406,0.016477366909384727,-0.03464062511920929,-0.01883980631828308,0.0,-0.0,0.0,-0.0,0.0,0.0,0.0,0.0,0.0,0.0,0.0,0.0,0.0,-0.0,0.0,-0.0,0.0,0.0,0.0,0.0,0.0,0.0,0.0,0.0,0.134965717792511,-0.15710830688476562,0.13928383588790894,-0.15407103300094604,0.13638877868652344,0.1497691422700882,0.13452383875846863,0.1492631733417511,0.134965717792511,-0.15710830688476562,0.13928383588790894,-0.15407103300094604,0.13638877868652344,0.1497691422700882,0.13452383875846863,0.1492631733417511,-0.0016772589879110456,-0.013852698728442192,0.019468417391180992,-0.017904143780469894,-0.0474177822470665,0.012228554114699364,-0.049882590770721436,0.04951764643192291,0.30000001192092896,0.30000001192092896,0.30000001192092896,0.30000001192092896,0.0,0.0,1.0,0.0,-0.0,1.0,-0.0,-0.9999998807907104,0.30000001192092896,0.30000001192092896,0.30000001192092896,0.30000001192092896
2.15,0,0.04016246646642685,-0.022434521466493607,-0.007339823991060257,0.2809399962425232,1.0,0.08910665661096573,0.0026610251516103745,0.005260840058326721,1,1,1,1,9.919899940490723,4.439639568328857,4.605133056640625,9.747313499450684,9.919899940490723,4.439639568328857,4.605133056640625,9.747313499450684,0,0,0,0,0,0.9999991655349731,0.07996193319559097,-0.3183678388595581,0.07872053235769272,-0.3175920248031616,0.2931326925754547,0.04955679923295975,0.2952136695384979,0.050093259662389755,-0.26679182052612305,0.04997489973902702,-0.2667063772678375,0.04970689117908478,0.0,0.0,0.0,0.0,0.0,0.0,0.03426944464445114,0.006720816716551781,0.06312479078769684,-0.014738297089934349,0.0016114884056150913,-0.022635972127318382,0.0034674282651394606,-0.021133000031113625,0.005650585051625967,0.014000041410326958,-0.03204014524817467,-0.017040058970451355,0.0,-0.0,0.0,-0.0,0.0,0.0,0.0,0.0,0.0,0.0,0.0,0.0,0.0,-0.0,0.0,-0.0,0.0,0.0,0.0,0.0,0.0,0.0,0.0,0.0,0.134965717792511,-0.15710830688476562,0.13928383588790894,-0.15407103300094604,0.13638877868652344,0.1497691422700882,0.13452383875846863,0.1492631733417511,0.134965717792511,-0.15710830688476562,0.13928383588790894,-0.15407103300094604,0.13638877868652344,0.1497691422700882,0.13452383875846863,0.1492631733417511,-0.0016772589879110456,-0.013852698728442192,0.019468417391180992,-0.017904143780469894,-0.0474177822470665,0.012228554114699364,-0.049882590770721436,0.04951764643192291,0.30000001192092896,0.30000001192092896,0.30000001192092896,0.30000001192092896,0.0,0.0,1.0,0.0,-0.0,1.0,-0.0,-0.9999998807907104,0.30000001192092896,0.30000001192092896,0.30000001192092896,0.30000001192092896
2.2,0,0.04088670387864113,-0.022551173344254494,-0.008177689276635647,0.2809418737888336,1.0,0.08678968995809555,0.0027493489906191826,0.005477624945342541,1,1,1,1,10.704895973205566,3.654698133468628,3.801286220550537,10.537087440490723,10.704895973205566,3.654698133468628,3.801286220550537,10.537087440490723,0,0,0,0,0,0.9999991655349731,0.07994857430458069,-0.3183816373348236,0.07870712876319885,-0.3176057040691376,0.29380089044570923,0.04962880164384842,0.2959316372871399,0.05007944256067276,-0.26606130599975586,0.049992796033620834,-0.2659239172935486,0.04964151605963707,0.0,0.0,0.0,0.0,0.0,0.0,0.03300042077898979,0.007246276829391718,0.06151236593723297,-0.014937267638742924,0.0024757925420999527,-0.022378841415047646,0.0041007851250469685,-0.021751387044787407,0.0040056463330984116,0.013683010824024677,-0.0306746494024992,-0.015586410649120808,0.0,-0.0,0.0,-0.0,0.0,0.0,0.0,0.0,0.0,0.0,0.0,0.0,0.0,-0.0,0.0,-0.0,0.0,0.0,0.0,0.0,0.0,0.0,0.0,0.0,0.134965717792511,-0.15710830688476562,0.13928383588790894,-0.15407103300094604,0.13638877868652344,0.1497691422700882,0.13452383875846863,0.1492631733417511,0.134965717792511,-0.15710830688476562,0.13928383588790894,-0.15407103300094604,0.13638877868652344,0.1497691422700882,0.13452383875846863,0.1492631733417511,-0.0016772589879110456,-0.013852698728442192,0.019468417391180992,-0.017904143780469894,-0.0474177822470665,0.012228554114699364,-0.049882590770721436,0.04951764643192291,0.30000001192092896,0.30000001192092896,0.30000001192092896,0.30000001192092896,0.0,0.0,1.0,0.0,-0.0,1.0,-0.0,-0.9999998807907104,0.30000001192092896,0.30000001192092896,0.30000001192092896,0.30000001192092896
2.25,0,0.041537344455718994,-0.02249203249812126,-0.009301058016717434,0.2809673845767975,1.0,0.08986108750104904,0.003477313555777073,0.005601563956588507,1,1,1,1,11.047219276428223,3.2078487873077393,3.5064351558685303,11.026473999023438,11.047219276428223,3.2078487873077393,3.5064351558685303,11.026473999023438,0,0,0,0,0,0.9999991655349731,0.0799393504858017,-0.31839102506637573,0.07869977504014969,-0.317613422870636,0.2944534122943878,0.04969305172562599,0.29662024974823,0.05005466938018799,-0.26533812284469604,0.050000596791505814,-0.2652527093887329,0.04972977936267853,0.0,0.0,0.0,0.0,0.0,0.0,0.033424194902181625,0.006008907221257687,0.06364892423152924,-0.015577706508338451,0.0032932229805737734,-0.024004844948649406,0.004195647779852152,-0.021277423948049545,0.005421490408480167,0.013328264467418194,-0.03237028792500496,-0.017765145748853683,0.0,-0.0,0.0,-0.0,0.0,0.0,0.0,0.0,0.0,0.0,0.0,0.0,0.0,-0.0,0.0,-0.0,0.0,0.0,0.0,0.0,0.0,0.0,0.0,0.0,0.134965717792511,-0.15710830688476562,0.13928383588790894,-0.15407103300094604,0.13638877868652344,0.1497691422700882,0.13452383875846863,0.1492631733417511,0.134965717792511,-0.15710830688476562,0.13928383588790894,-0.15407103300094604,0.13638877868652344,0.1497691422700882,0.13452383875846863,0.1492631733417511,-0.0016772589879110456,-0.013852698728442192,0.019468417391180992,-0.017904143780469894,-0.0474177822470665,0.012228554114699364,-0.049882590770721436,0.04951764643192291,0.30000001192092896,0.30000001192092896,0.30000001192092896,0.30000001192092896,0.0,0.0,1.0,0.0,-0.0,1.0,-0.0,-0.9999998807907104,0.30000001192092896,0.30000001192092896,0.30000001192092896,0.30000001192092896
2.3,0,0.04220966994762421,-0.02247156947851181,-0.009055680595338345,0.28093859553337097,1.0,0.08936749398708344,0.003072046674787998,0.005717726424336433,1,1,1,1,11.424759864807129,2.8062026500701904,3.0248141288757324,11.464120864868164,11.424759864807129,2.8062026500701904,3.0248141288757324,11.464120864868164,0,0,0,0,0,0.9999991655349731,0.07993150502443314,-0.3183988332748413,0.07868991792201996,-0.3176235854625702,0.295114129781723,0.04974832013249397,0.2973140776157379,0.050019338726997375,-0.2646067440509796,0.049997106194496155,-0.2645736336708069,0.049808356910943985,0.0,0.0,0.0,0.0,0.0,0.0,0.03292371705174446,0.0046928455121815205,0.06322424858808517,-0.015843912959098816,0.003623815719038248,-0.024397971108555794,0.0042016212828457355,-0.02092083729803562,0.005358775146305561,0.012813092209398746,-0.03213736414909363,-0.018514584749937057,0.0,-0.0,0.0,-0.0,0.0,0.0,0.0,0.0,0.0,0.0,0.0,0.0,0.0,-0.0,0.0,-0.0,0.0,0.0,0.0,0.0,0.0,0.0,0.0,0.0,0.134965717792511,-0.15710830688476562,0.13928383588790894,-0.15407103300094604,0.13638877868652344,0.1497691422700882,0.13452383875846863,0.1492631733417511,0.134965717792511,-0.15710830688476562,0.13928383588790894,-0.15407103300094604,0.13638877868652344,0.1497691422700882,0.13452383875846863,0.1492631733417511,-0.0016772589879110456,-0.013852698728442192,0.019468417391180992,-0.017904143780469894,-0.0474177822470665,0.012228554114699364,-0.049882590770721436,0.04951764643192291,0.30000001192092896,0.30000001192092896,0.30000001192092896,0.30000001192092896,0.0,0.0,1.0,0.0,-0.0,1.0,-0.0,-0.9999998807907104,0.30000001192092896,0.30000001192092896,0.30000001192092896,0.30000001192092896
2.35,0,0.04289820045232773,-0.02247113734483719,-0.008475497364997864,0.28091344237327576,1.0,0.0879194512963295,0.0031117890030145645,0.005825643893331289,1,1,1,1,11.895999908447266,2.2516138553619385,2.4575345516204834,12.041362762451172,11.895999908447266,2.2516138553619385,2.4575345516204834,12.041362762451172,0,0,0,0,0,0.9999991655349731,0.0799238309264183,-0.3184063732624054,0.07868216186761856,-0.31763172149658203,0.2957827150821686,0.049795281141996384,0.29801106452941895,0.04997324198484421,-0.2638654410839081,0.04998200759291649,-0.2638906240463257,0.04987800866365433,0.0,0.0,0.0,0.0,0.0,0.0,0.032118987292051315,0.003274724818766117,0.06227804347872734,-0.016357725486159325,0.0033832008484750986,-0.024098195135593414,0.00410524383187294,-0.02146393619477749,0.004270531237125397,0.012118103913962841,-0.030982961878180504,-0.018617039546370506,0.0,-0.0,0.0,-0.0,0.0,0.0,0.0,0.0,0.0,0.0,0.0,0.0,0.0,-0.0,0.0,-0.0,0.0,0.0,0.0,0.0,0.0,0.0,0.0,0.0,0.134965717792511,-0.15710830688476562,0.13928383588790894,-0.15407103300094604,0.13638877868652344,0.1497691422700882,0.13452383875846863,0.1492631733417511,0.134965717792511,-0.15710830688476562,0.13928383588790894,-0.15407103300094604,0.13638877868652344,0.1497691422700882,0.13452383875846863,0.1492631733417511,-0.0016772589879110456,-0.013852698728442192,0.019468417391180992,-0.017904143780469894,-0.0474177822470665,0.012228554114699364,-0.049882590770721436,0.04951764643192291,0.30000001192092896,0.30000001192092896,0.30000001192092896,0.30000001192092896,0.0,0.0,1.0,0.0,-0.0,1.0,-0.0,-0.9999998807907104,0.30000001192092896,0.30000001192092896,0.30000001192092896,0.30000001192092896
2.4,0,0.04360480234026909,-0.022466914728283882,-0.009090660139918327,0.2809296250343323,1.0,0.08807332068681717,0.003300720825791359,0.005935865920037031,1,1,1,1,12.261358261108398,2.0708084106445312,2.1456451416015625,12.275701522827148,12.261358261108398,2.0708084106445312,2.1456451416015625,12.275701522827148,0,0,0,0,0,0.9999991655349731,0.07991667836904526,-0.3184134066104889,0.07867556810379028,-0.3176386058330536,0.2964623272418976,0.04983219504356384,0.2987152338027954,0.04991559684276581,-0.26310643553733826,0.04995736479759216,-0.26319950819015503,0.04993918910622597,0.0,0.0,0.0,0.0,0.0,0.0,0.032330259680747986,0.0031424672342836857,0.06222821772098541,-0.016126109287142754,0.0038180635310709476,-0.024497153237462044,0.004319394938647747,-0.02055162563920021,0.004904290195554495,0.012240363284945488,-0.031208481639623642,-0.0191265307366848,0.0,-0.0,0.0,-0.0,0.0,0.0,0.0,0.0,0.0,0.0,0.0,0.0,0.0,-0.0,0.0,-0.0,0.0,0.0,0.0,0.0,0.0,0.0,0.0,0.0,0.134965717792511,-0.15710830688476562,0.13928383588790894,-0.15407103300094604,0.13638877868652344,0.1497691422700882,0.13452383875846863,0.1492631733417511,0.134965717792511,-0.15710830688476562,0.13928383588790894,-0.15407103300094604,0.13638877868652344,0.1497691422700882,0.13452383875846863,0.1492631733417511,-0.0016772589879110456,-0.013852698728442192,0.019468417391180992,-0.017904143780469894,-0.0474177822470665,0.012228554114699364,-0.049882590770721436,0.04951764643192291,0.30000001192092896,0.30000001192092896,0.30000001192092896,0.30000001192092896,0.0,0.0,1.0,0.0,-0.0,1.0,-0.0,-0.9999998807907104,0.30000001192092896,0.30000001192092896,0.30000001192092896,0.30000001192092896
2.45,0,0.04430825263261795,-0.022472333163022995,-0.012477048672735691,0.2787083387374878,1.0,0.08283323049545288,0.0032433466985821724,0.0060446918942034245,1,1,1,1,12.84115219116211,1.618056058883667,1.6556581258773804,12.757822036743164,12.84115219116211,1.618056058883667,1.6556581258773804,12.757822036743164,0,0,0,0,0,0.9999991655349731,0.07990993559360504,-0.31842005252838135,0.07866647094488144,-0.3176480829715729,0.2971435785293579,0.04985831305384636,0.2994228005409241,0.049848660826683044,-0.2623482942581177,0.04991990327835083,-0.2625074088573456,0.049990978091955185,0.0,0.0,0.0,0.0,0.0,0.0,0.030339010059833527,0.0006311716861091554,0.05870097130537033,-0.01624206081032753,0.0020602296572178602,-0.023427261039614677,0.003825237276032567,-0.020246358588337898,0.003256172174587846,0.010361634194850922,-0.028619814664125443,-0.017781831324100494,0.0,-0.0,0.0,-0.0,0.0,0.0,0.0,0.0,0.0,0.0,0.0,0.0,0.0,-0.0,0.0,-0.0,0.0,0.0,0.0,0.0,0.0,0.0,0.0,0.0,0.134965717792511,-0.15710830688476562,0.13928383588790894,-0.15407103300094604,0.13638877868652344,0.1497691422700882,0.13452383875846863,0.1492631733417511,0.134965717792511,-0.15710830688476562,0.13928383588790894,-0.15407103300094604,0.13638877868652344,0.1497691422700882,0.13452383875846863,0.1492631733417511,-0.0016772589879110456,-0.013852698728442192,0.019468417391180992,-0.017904143780469894,-0.0474177822470665,0.012228554114699364,-0.049882590770721436,0.04951764643192291,0.30000001192092896,0.30000001192092896,0.30000001192092896,0.30000001192092896,0.0,0.0,1.0,0.0,-0.0,1.0,-0.0,-0.9999998807907104,0.30000001192092896,0.30000001192092896,0.30000001192092896,0.30000001192092896
2.5,0,0.04502790421247482,-0.022458460181951523,-0.010472950525581837,0.27867966890335083,1.0,0.08950624614953995,0.0035384101793169975,0.006163426209241152,1,1,1,1,12.867266654968262,1.5067380666732788,1.4496921300888062,12.935800552368164,12.867266654968262,1.5067380666732788,1.4496921300888062,12.935800552368164,0,0,0,0,0,0.9999991655349731,0.07990109920501709,-0.3184286653995514,0.0786566510796547,-0.3176582455635071,0.2978343963623047,0.0498751737177372,0.30012813210487366,0.04977133870124817,-0.2615862786769867,0.04989399388432503,-0.26180705428123474,0.05003367364406586,0.0,0.0,0.0,0.0,0.0,0.0,0.03267208859324455,0.0006298724911175668,0.06307978183031082,-0.015807118266820908,0.004555415827780962,-0.025476714596152306,0.003251980058848858,-0.018977385014295578,0.005905502941459417,0.011263455264270306,-0.032017212361097336,-0.022072790190577507,0.0,-0.0,0.0,-0.0,0.0,0.0,0.0,0.0,0.0,0.0,0.0,0.0,0.0,-0.0,0.0,-0.0,0.0,0.0,0.0,0.0,0.0,0.0,0.0,0.0,0.134965717792511,-0.15710830688476562,0.13928383588790894,-0.15407103300094604,0.13638877868652344,0.1497691422700882,0.13452383875846863,0.1492631733417511,0.134965717792511,-0.15710830688476562,0.13928383588790894,-0.15407103300094604,0.13638877868652344,0.1497691422700882,0.13452383875846863,0.1492631733417511,-0.0016772589879110456,-0.013852698728442192,0.019468417391180992,-0.017904143780469894,-0.0474177822470665,0.012228554114699364,-0.049882590770721436,0.04951764643192291,0.30000001192092896,0.30000001192092896,0.30000001192092896,0.30000001192092896,0.0,0.0,1.0,0.0,-0.0,1.0,-0.0,-0.9999998807907104,0.30000001192092896,0.30000001192092896,0.30000001192092896,0.30000001192092896
2.55,0,0.04575782269239426,-0.022384855896234512,-0.010259163565933704,0.27863654494285583,1.0,0.08544266223907471,0.0034532761201262474,0.0063032349571585655,1,1,1,1,13.123917579650879,1.3518805503845215,1.8605456352233887,12.636289596557617,13.123917579650879,1.3518805503845215,1.8605456352233887,12.636289596557617,0,0,0,0,0,0.9999990463256836,0.07989464700222015,-0.31843501329421997,0.0786605030298233,-0.31765466928482056,0.2985224425792694,0.04987899214029312,0.30083125829696655,0.049683038145303726,-0.2607952058315277,0.04988087713718414,-0.2611008286476135,0.0500686913728714,0.0,0.0,0.0,0.0,0.0,0.0,0.030306411907076836,3.554066643118858e-05,0.06006794795393944,-0.016136791557073593,0.004056435544043779,-0.025247320532798767,0.004121881909668446,-0.019128700718283653,0.005353910848498344,0.011356646195054054,-0.030482767149806023,-0.01974332705140114,0.0,-0.0,0.0,-0.0,0.0,0.0,0.0,0.0,0.0,0.0,0.0,0.0,0.0,-0.0,0.0,-0.0,0.0,0.0,0.0,0.0,0.0,0.0,0.0,0.0,0.134965717792511,-0.15710830688476562,0.13928383588790894,-0.15407103300094604,0.13638877868652344,0.1497691422700882,0.13452383875846863,0.1492631733417511,0.134965717792511,-0.15710830688476562,0.13928383588790894,-0.15407103300094604,0.13638877868652344,0.1497691422700882,0.13452383875846863,0.1492631733417511,-0.0016772589879110456,-0.013852698728442192,0.019468417391180992,-0.017904143780469894,-0.0474177822470665,0.012228554114699364,-0.049882590770721436,0.04951764643192291,0.30000001192092896,0.30000001192092896,0.30000001192092896,0.30000001192092896,0.0,0.0,1.0,0.0,-0.0,1.0,-0.0,-0.9999998807907104,0.30000001192092896,0.30000001192092896,0.30000001192092896,0.30000001192092896
2.6,0,0.046472448855638504,-0.022399865090847015,-0.011236624792218208,0.28091007471084595,1.0,0.08404736965894699,0.003060351125895977,0.00626382976770401,1,1,1,1,12.250082015991211,2.051340103149414,2.556467294692993,11.888038635253906,12.250082015991211,2.051340103149414,2.556467294692993,11.888038635253906,0,0,0,0,0,0.9999990463256836,0.07989532500505447,-0.3184341788291931,0.07865879684686661,-0.3176560699939728,0.2992025911808014,0.04991795867681503,0.3015093505382538,0.04971428960561752,-0.26001766324043274,0.04985928162932396,-0.26038479804992676,0.05009150132536888,0.0,0.0,0.0,0.0,0.0,0.0,0.032274723052978516,-0.00349804456345737,0.06063143163919449,-0.014404190704226494,-0.0003387606702744961,-0.02153182402253151,-0.0008083093562163413,-0.01733618974685669,0.0035243965685367584,0.007189014460891485,-0.028256647288799286,-0.02233700640499592,0.0,-0.0,0.0,-0.0,0.0,0.0,0.0,0.0,0.0,0.0,0.0,0.0,0.0,-0.0,0.0,-0.0,0.0,0.0,0.0,0.0,0.0,0.0,0.0,0.0,0.134965717792511,-0.15710830688476562,0.13928383588790894,-0.15407103300094604,0.13638877868652344,0.1497691422700882,0.13452383875846863,0.1492631733417511,0.134965717792511,-0.15710830688476562,0.13928383588790894,-0.15407103300094604,0.13638877868652344,0.1497691422700882,0.13452383875846863,0.1492631733417511,-0.0016772589879110456,-0.013852698728442192,0.019468417391180992,-0.017904143780469894,-0.0474177822470665,0.012228554114699364,-0.049882590770721436,0.04951764643192291,0.30000001192092896,0.30000001192092896,0.30000001192092896,0.30000001192092896,0.0,0.0,1.0,0.0,-0.0,1.0,-0.0,-0.9999998807907104,0.30000001192092896,0.30000001192092896,0.30000001192092896,0.30000001192092896
2.65,0,0.047192513942718506,-0.02250577136874199,-0.014392648823559284,0.2785777747631073,1.0,0.08103954792022705,0.0034185294061899185,0.006152481772005558,1,1,1,1,12.527215957641602,1.8130600452423096,2.2957773208618164,12.10274600982666,12.527215957641602,1.8130600452423096,2.2957773208618164,12.10274600982666,0,0,0,0,0,0.9999991655349731,0.07989870011806488,-0.3184310793876648,0.07866531610488892,-0.31764930486679077,0.29988789558410645,0.04995236173272133,0.3022103011608124,0.04979659989476204,-0.259265273809433,0.04982782155275345,-0.25966259837150574,0.05010027438402176,0.0,0.0,0.0,0.0,0.0,0.0,0.03069654293358326,-0.00306840892881155,0.05790764093399048,-0.015216401778161526,-4.6193599700927734e-06,-0.02223406732082367,0.001465222449041903,-0.01701604388654232,0.003913393709808588,0.007865678519010544,-0.027493925765156746,-0.020291268825531006,0.0,-0.0,0.0,-0.0,0.0,0.0,0.0,0.0,0.0,0.0,0.0,0.0,0.0,-0.0,0.0,-0.0,0.0,0.0,0.0,0.0,0.0,0.0,0.0,0.0,0.134965717792511,-0.15710830688476562,0.13928383588790894,-0.15407103300094604,0.13638877868652344,0.1497691422700882,0.13452383875846863,0.1492631733417511,0.134965717792511,-0.15710830688476562,0.13928383588790894,-0.15407103300094604,0.13638877868652344,0.1497691422700882,0.13452383875846863,0.1492631733417511,-0.0016772589879110456,-0.013852698728442192,0.019468417391180992,-0.017904143780469894,-0.0474177822470665,0.012228554114699364,-0.049882590770721436,0.04951764643192291,0.30000001192092896,0.30000001192092896,0.30000001192092896,0.30000001192092896,0.0,0.0,1.0,0.0,-0.0,1.0,-0.0,-0.9999998807907104,0.30000001192092896,0.30000001192092896,0.30000001192092896,0.30000001192092896
2.7,0,0.047920554876327515,-0.02265107072889805,-0.014232298359274864,0.2808939814567566,1.0,0.07833383977413177,0.0037185335531830788,0.0060287355445325375,1,1,1,1,12.345598220825195,2.245168924331665,2.515186071395874,11.97277545928955,12.345598220825195,2.245168924331665,2.515186071395874,11.97277545928955,0,0,0,0,0,0.9999991655349731,0.07990210503339767,-0.318427711725235,0.07866709679365158,-0.31764742732048035,0.3005825877189636,0.049974773079156876,0.3029194176197052,0.04986979812383652,-0.2585321366786957,0.04978611692786217,-0.2589323818683624,0.05009893700480461,0.0,0.0,0.0,0.0,0.0,0.0,0.029061712324619293,-0.004702235572040081,0.055860262364149094,-0.015783950686454773,-4.6063680201768875e-05,-0.022008435800671577,0.001498861238360405,-0.01751275360584259,0.0024008839391171932,0.006856759078800678,-0.025898655876517296,-0.01957441121339798,0.0,-0.0,0.0,-0.0,0.0,0.0,0.0,0.0,0.0,0.0,0.0,0.0,0.0,-0.0,0.0,-0.0,0.0,0.0,0.0,0.0,0.0,0.0,0.0,0.0,0.134965717792511,-0.15710830688476562,0.13928383588790894,-0.15407103300094604,0.13638877868652344,0.1497691422700882,0.13452383875846863,0.1492631733417511,0.134965717792511,-0.15710830688476562,0.13928383588790894,-0.15407103300094604,0.13638877868652344,0.1497691422700882,0.13452383875846863,0.1492631733417511,-0.0016772589879110456,-0.013852698728442192,0.019468417391180992,-0.017904143780469894,-0.0474177822470665,0.012228554114699364,-0.049882590770721436,0.04951764643192291,0.30000001192092896,0.30000001192092896,0.30000001192092896,0.30000001192092896,0.0,0.0,1.0,0.0,-0.0,1.0,-0.0,-0.9999998807907104,0.30000001192092896,0.30000001192092896,0.30000001192092896,0.30000001192092896
2.75,0,0.048670411109924316,-0.022780057042837143,-0.013037767261266708,0.28085556626319885,1.0,0.08109986782073975,0.0034580007195472717,0.005852582864463329,1,1,1,1,12.280962944030762,2.147653818130493,2.5337624549865723,11.775965690612793,12.280962944030762,2.147653818130493,2.5337624549865723,11.775965690612793,0,0,0,0,0,0.9999991655349731,0.07990280538797379,-0.3184266984462738,0.07867522537708282,-0.3176390528678894,0.3013205826282501,0.04998941347002983,0.3036155700683594,0.04993324354290962,-0.2577904760837555,0.04973417893052101,-0.25818967819213867,0.050084639340639114,0.0,0.0,0.0,0.0,0.0,0.0,0.03090580552816391,-0.005858245305716991,0.05834076926112175,-0.015169544145464897,-0.0005155284306965768,-0.02083272859454155,-0.000980490236543119,-0.017664998769760132,0.0021034954115748405,0.005450128111988306,-0.025727877393364906,-0.022596606984734535,0.0,-0.0,0.0,-0.0,0.0,0.0,0.0,0.0,0.0,0.0,0.0,0.0,0.0,-0.0,0.0,-0.0,0.0,0.0,0.0,0.0,0.0,0.0,0.0,0.0,0.134965717792511,-0.15710830688476562,0.13928383588790894,-0.15407103300094604,0.13638877868652344,0.1497691422700882,0.13452383875846863,0.1492631733417511,0.134965717792511,-0.15710830688476562,0.13928383588790894,-0.15407103300094604,0.13638877868652344,0.1497691422700882,0.13452383875846863,0.1492631733417511,-0.0016772589879110456,-0.013852698728442192,0.019468417391180992,-0.017904143780469894,-0.0474177822470665,0.012228554114699364,-0.049882590770721436,0.04951764643192291,0.30000001192092896,0.30000001192092896,0.30000001192092896,0.30000001192092896,0.0,0.0,1.0,0.0,-0.0,1.0,-0.0,-0.9999998807907104,0.30000001192092896,0.30000001192092896,0.30000001192092896,0.30000001192092896
2.8,0,0.049429818987846375,-0.022928189486265182,-0.011895096860826015,0.280825138092041,1.0,0.07780907303094864,0.003858081065118313,0.005672577768564224,1,1,1,1,12.301590919494629,2.124450445175171,2.557565212249756,11.835037231445312,12.301590919494629,2.124450445175171,2.557565212249756,11.835037231445312,0,0,0,0,0,0.9999991655349731,0.07990169525146484,-0.3184274733066559,0.0786794126033783,-0.3176346719264984,0.30206868052482605,0.049991920590400696,0.30432847142219543,0.04998631402850151,-0.25704607367515564,0.04966927692294121,-0.25743547081947327,0.0500585213303566,0.0,0.0,0.0,0.0,0.0,0.0,0.029251273721456528,-1.302408054471016e-05,0.054782938212156296,-0.015033608302474022,0.0008085074950940907,-0.022850744426250458,0.00464258436113596,-0.016033416613936424,0.005989706143736839,0.010612353682518005,-0.02719128504395485,-0.01679692231118679,0.0,-0.0,0.0,-0.0,0.0,0.0,0.0,0.0,0.0,0.0,0.0,0.0,0.0,-0.0,0.0,-0.0,0.0,0.0,0.0,0.0,0.0,0.0,0.0,0.0,0.134965717792511,-0.15710830688476562,0.13928383588790894,-0.15407103300094604,0.13638877868652344,0.1497691422700882,0.13452383875846863,0.1492631733417511,0.134965717792511,-0.15710830688476562,0.13928383588790894,-0.15407103300094604,0.13638877868652344,0.1497691422700882,0.13452383875846863,0.1492631733417511,-0.0016772589879110456,-0.013852698728442192,0.019468417391180992,-0.017904143780469894,-0.0474177822470665,0.012228554114699364,-0.049882590770721436,0.04951764643192291,0.30000001192092896,0.30000001192092896,0.30000001192092896,0.30000001192092896,0.0,0.0,1.0,0.0,-0.0,1.0,-0.0,-0.9999998807907104,0.30000001192092896,0.30000001192092896,0.30000001192092896,0.30000001192092896
2.85,0,0.05020533502101898,-0.023073801770806313,-0.011298556812107563,0.2807932496070862,1.0,0.08321916311979294,0.00388298649340868,0.005506316665560007,1,1,1,1,12.207832336425781,2.286466121673584,2.787341833114624,11.583138465881348,12.207832336425781,2.286466121673584,2.787341833114624,11.583138465881348,0,0,0,0,0,0.9999991655349731,0.07990290224552155,-0.3184260427951813,0.07869387418031693,-0.31762009859085083,0.3028317987918854,0.04998144134879112,0.3050537705421448,0.05002951994538307,-0.25628799200057983,0.04959491267800331,-0.25667500495910645,0.050022464245557785,0.0,0.0,0.0,0.0,0.0,0.0,0.029795896261930466,-0.003162400098517537,0.059328895062208176,-0.016174588352441788,0.0026588912587612867,-0.023421498015522957,0.0026357739698141813,-0.017516925930976868,0.005231767427176237,0.009408414363861084,-0.028052331879734993,-0.02176807075738907,0.0,-0.0,0.0,-0.0,0.0,0.0,0.0,0.0,0.0,0.0,0.0,0.0,0.0,-0.0,0.0,-0.0,0.0,0.0,0.0,0.0,0.0,0.0,0.0,0.0,0.134965717792511,-0.15710830688476562,0.13928383588790894,-0.15407103300094604,0.13638877868652344,0.1497691422700882,0.13452383875846863,0.1492631733417511,0.134965717792511,-0.15710830688476562,0.13928383588790894,-0.15407103300094604,0.13638877868652344,0.1497691422700882,0.13452383875846863,0.1492631733417511,-0.0016772589879110456,-0.013852698728442192,0.019468417391180992,-0.017904143780469894,-0.0474177822470665,0.012228554114699364,-0.049882590770721436,0.04951764643192291,0.30000001192092896,0.30000001192092896,0.30000001192092896,0.30000001192092896,0.0,0.0,1.0,0.0,-0.0,1.0,-0.0,-0.9999998807907104,0.30000001192092896,0.30000001192092896,0.30000001192092896,0.30000001192092896
2.9,0,0.05093676969408989,-0.023199083283543587,-0.00854813028126955,0.2807769775390625,1.0,0.08221515268087387,0.0035652806982398033,0.005351898726075888,1,1,1,1,12.178886413574219,2.33052659034729,2.6983249187469482,11.756925582885742,12.178886413574219,2.33052659034729,2.6983249187469482,11.756925582885742,0,0,0,0,0,0.9999992251396179,0.07990100979804993,-0.3184276521205902,0.07869686186313629,-0.3176170587539673,0.3035871386528015,0.04995984211564064,0.30576178431510925,0.05006125196814537,-0.2555505037307739,0.04950593784451485,-0.25591611862182617,0.04997321218252182,0.0,0.0,0.0,0.0,0.0,0.0,0.029781458899378777,-0.0036294404417276382,0.05854768678545952,-0.015331609174609184,0.002662651939317584,-0.023471888154745102,0.002054327866062522,-0.015887506306171417,0.005828820168972015,0.008700864389538765,-0.0280044786632061,-0.022085074335336685,0.0,-0.0,0.0,-0.0,0.0,0.0,0.0,0.0,0.0,0.0,0.0,0.0,0.0,-0.0,0.0,-0.0,0.0,0.0,0.0,0.0,0.0,0.0,0.0,0.0,0.134965717792511,-0.15710830688476562,0.13928383588790894,-0.15407103300094604,0.13638877868652344,0.1497691422700882,0.13452383875846863,0.1492631733417511,0.134965717792511,-0.15710830688476562,0.13928383588790894,-0.15407103300094604,0.13638877868652344,0.1497691422700882,0.13452383875846863,0.1492631733417511,-0.0016772589879110456,-0.013852698728442192,0.019468417391180992,-0.017904143780469894,-0.0474177822470665,0.012228554114699364,-0.049882590770721436,0.04951764643192291,0.30000001192092896,0.30000001192092896,0.30000001192092896,0.30000001192092896,0.0,0.0,1.0,0.0,-0.0,1.0,-0.0,-0.9999998807907104,0.30000001192092896,0.30000001192092896,0.30000001192092896,0.30000001192092896
2.95,0,0.051715537905693054,-0.023336874321103096,-0.012675835750997066,0.28074347972869873,1.0,0.07412028312683105,0.0039047691971063614,0.005186273250728846,1,1,1,1,12.35877513885498,2.3228232860565186,2.638920783996582,11.6923189163208,12.35877513885498,2.3228232860565186,2.638920783996582,11.6923189163208,0,0,0,0,0,0.9999992847442627,0.07990173250436783,-0.31842660903930664,0.07870683073997498,-0.31760692596435547,0.3043656349182129,0.0499248243868351,0.30649256706237793,0.05008239299058914,-0.25477585196495056,0.049405746161937714,-0.2551393508911133,0.04991108551621437,0.0,0.0,0.0,0.0,0.0,0.0,0.027715865522623062,-0.006614765152335167,0.05310037359595299,-0.0157574862241745,-0.0010118569480255246,-0.020373789593577385,0.001000192598439753,-0.016619320958852768,0.0017787838587537408,0.00522933853790164,-0.022649135440587997,-0.019419901072978973,0.0,-0.0,0.0,-0.0,0.0,0.0,0.0,0.0,0.0,0.0,0.0,0.0,0.0,-0.0,0.0,-0.0,0.0,0.0,0.0,0.0,0.0,0.0,0.0,0.0,0.134965717792511,-0.15710830688476562,0.13928383588790894,-0.15407103300094604,0.13638877868652344,0.1497691422700882,0.13452383875846863,0.1492631733417511,0.134965717792511,-0.15710830688476562,0.13928383588790894,-0.15407103300094604,0.13638877868652344,0.1497691422700882,0.13452383875846863,0.1492631733417511,-0.0016772589879110456,-0.013852698728442192,0.019468417391180992,-0.017904143780469894,-0.0474177822470665,0.012228554114699364,-0.049882590770721436,0.04951764643192291,0.30000001192092896,0.30000001192092896,0.30000001192092896,0.30000001192092896,0.0,0.0,1.0,0.0,-0.0,1.0,-0.0,-0.9999998807907104,0.30000001192092896,0.30000001192092896,0.30000001192092896,0.30000001192092896
3.0,0,0.052472073584795,-0.02344351075589657,-0.013695836998522282,0.28072577714920044,1.0,0.07137595117092133,0.0039285700768232346,0.005059218965470791,1,1,1,1,12.137730598449707,2.490936040878296,2.8182506561279297,11.482431411743164,12.137730598449707,2.490936040878296,2.8182506561279297,11.482431411743164,0,0,0,0,0,0.9999992847442627,0.07990135252475739,-0.3184267282485962,0.0787167102098465,-0.3175969421863556,0.30513995885849,0.049878429621458054,0.30722400546073914,0.05009356886148453,-0.2540040910243988,0.04929675906896591,-0.2543662488460541,0.04983854293823242,0.0,0.0,0.0,0.0,0.0,0.0,0.025651849806308746,-0.0070630693808197975,0.051307499408721924,-0.016267133876681328,-0.001457036123611033,-0.020026784390211105,0.001785811735317111,-0.016878614202141762,0.001525201601907611,0.005321848671883345,-0.021377885714173317,-0.017624104395508766,0.0,-0.0,0.0,-0.0,0.0,0.0,0.0,0.0,0.0,0.0,0.0,0.0,0.0,-0.0,0.0,-0.0,0.0,0.0,0.0,0.0,0.0,0.0,0.0,0.0,0.134965717792511,-0.15710830688476562,0.13928383588790894,-0.15407103300094604,0.13638877868652344,0.1497691422700882,0.13452383875846863,0.1492631733417511,0.134965717792511,-0.15710830688476562,0.13928383588790894,-0.15407103300094604,0.13638877868652344,0.1497691422700882,0.13452383875846863,0.1492631733417511,-0.0016772589879110456,-0.013852698728442192,0.019468417391180992,-0.017904143780469894,-0.0474177822470665,0.012228554114699364,-0.049882590770721436,0.04951764643192291,0.30000001192092896,0.30000001192092896,0.30000001192092896,0.30000001192092896,0.0,0.0,1.0,0.0,-0.0,1.0,-0.0,-0.9999998807907104,0.30000001192092896,0.30000001192092896,0.30000001192092896,0.30000001192092896
3.05,0,0.053283050656318665,-0.023608382791280746,-0.013349548913538456,0.2806856036186218,1.0,0.07339926809072495,0.003860906697809696,0.0048733060248196125,1,1,1,1,12.17785930633545,2.5040783882141113,2.8711254596710205,11.312763214111328,12.17785930633545,2.5040783882141113,2.8711254596710205,11.312763214111328,0,0,0,0,0,0.9999992847442627,0.0799049437046051,-0.3184228837490082,0.07873006165027618,-0.31758344173431396,0.30594420433044434,0.04981619119644165,0.307975172996521,0.05009148269891739,-0.25322067737579346,0.049172621220350266,-0.2535650134086609,0.049750104546546936,0.0,0.0,0.0,0.0,0.0,0.0,0.026628265157341957,-0.007265152875334024,0.05240456014871597,-0.016427751630544662,0.0001427805982530117,-0.020752843469381332,0.0018610507249832153,-0.016670679673552513,0.0017915748758241534,0.005379971116781235,-0.022017398849129677,-0.019506432116031647,0.0,-0.0,0.0,-0.0,0.0,0.0,0.0,0.0,0.0,0.0,0.0,0.0,0.0,-0.0,0.0,-0.0,0.0,0.0,0.0,0.0,0.0,0.0,0.0,0.0,0.134965717792511,-0.15710830688476562,0.13928383588790894,-0.15407103300094604,0.13638877868652344,0.1497691422700882,0.13452383875846863,0.1492631733417511,0.134965717792511,-0.15710830688476562,0.13928383588790894,-0.15407103300094604,0.13638877868652344,0.1497691422700882,0.13452383875846863,0.1492631733417511,-0.0016772589879110456,-0.013852698728442192,0.019468417391180992,-0.017904143780469894,-0.0474177822470665,0.012228554114699364,-0.049882590770721436,0.04951764643192291,0.30000001192092896,0.30000001192092896,0.30000001192092896,0.30000001192092896,0.0,0.0,1.0,0.0,-0.0,1.0,-0.0,-0.9999998807907104,0.30000001192092896,0.30000001192092896,0.30000001192092896,0.30000001192092896
3.1,0,0.05407031625509262,-0.02376342937350273,-0.015982193872332573,0.2806597650051117,1.0,0.07949128746986389,0.0037909913808107376,0.004667805973440409,1,1,1,1,12.291398048400879,2.4852559566497803,2.6069159507751465,11.45697021484375,12.291398048400879,2.4852559566497803,2.6069159507751465,11.45697021484375,0,0,0,0,0,0.9999993443489075,0.07990912348031998,-0.3184181749820709,0.0787319764494896,-0.3175814151763916,0.30674752593040466,0.04973968490958214,0.30872517824172974,0.05007869750261307,-0.25244924426078796,0.04903167858719826,-0.2527587413787842,0.049646295607089996,0.0,0.0,0.0,0.0,0.0,0.0,0.02856687270104885,-0.0069408658891916275,0.05675665661692619,-0.015726208686828613,0.0020400327630341053,-0.02237996645271778,0.0008757025934755802,-0.015476868487894535,0.0047548445872962475,0.0064332131296396255,-0.025348354130983353,-0.023111294955015182,0.0,-0.0,0.0,-0.0,0.0,0.0,0.0,0.0,0.0,0.0,0.0,0.0,0.0,-0.0,0.0,-0.0,0.0,0.0,0.0,0.0,0.0,0.0,0.0,0.0,0.134965717792511,-0.15710830688476562,0.13928383588790894,-0.15407103300094604,0.13638877868652344,0.1497691422700882,0.13452383875846863,0.1492631733417511,0.134965717792511,-0.15710830688476562,0.13928383588790894,-0.15407103300094604,0.13638877868652344,0.1497691422700882,0.13452383875846863,0.1492631733417511,-0.0016772589879110456,-0.013852698728442192,0.019468417391180992,-0.017904143780469894,-0.0474177822470665,0.012228554114699364,-0.049882590770721436,0.04951764643192291,0.30000001192092896,0.30000001192092896,0.30000001192092896,0.30000001192092896,0.0,0.0,1.0,0.0,-0.0,1.0,-0.0,-0.9999998807907104,0.30000001192092896,0.30000001192092896,0.30000001192092896,0.30000001192092896
3.15,0,0.054871831089258194,-0.023922313004732132,-0.015079219825565815,0.2806282937526703,1.0,0.0672735646367073,0.004400173202157021,0.004472237545996904,1,1,1,1,12.091524124145508,2.6600255966186523,2.6342179775238037,11.327224731445312,12.091524124145508,2.6600255966186523,2.6342179775238037,11.327224731445312,0,0,0,0,0,0.9999993443489075,0.07991135120391846,-0.31841549277305603,0.07873759418725967,-0.31757572293281555,0.3075590431690216,0.04965244606137276,0.3094806671142578,0.05005320906639099,-0.2516714632511139,0.0488802008330822,-0.2519451379776001,0.04952767491340637,0.0,0.0,0.0,0.0,0.0,0.0,0.024695144966244698,-0.010599340312182903,0.04788491502404213,-0.01572072133421898,-0.0026154899969697,-0.018750159069895744,0.00013680499978363514,-0.015084940008819103,0.00032402132637798786,0.0021914250683039427,-0.018423516303300858,-0.01825140044093132,0.0,-0.0,0.0,-0.0,0.0,0.0,0.0,0.0,0.0,0.0,0.0,0.0,0.0,-0.0,0.0,-0.0,0.0,0.0,0.0,0.0,0.0,0.0,0.0,0.0,0.134965717792511,-0.15710830688476562,0.13928383588790894,-0.15407103300094604,0.13638877868652344,0.1497691422700882,0.13452383875846863,0.1492631733417511,0.134965717792511,-0.15710830688476562,0.13928383588790894,-0.15407103300094604,0.13638877868652344,0.1497691422700882,0.13452383875846863,0.1492631733417511,-0.0016772589879110456,-0.013852698728442192,0.019468417391180992,-0.017904143780469894,-0.0474177822470665,0.012228554114699364,-0.049882590770721436,0.04951764643192291,0.30000001192092896,0.30000001192092896,0.30000001192092896,0.30000001192092896,0.0,0.0,1.0,0.0,-0.0,1.0,-0.0,-0.9999998807907104,0.30000001192092896,0.30000001192092896,0.30000001192092896,0.30000001192092896
3.2,0,0.055675946176052094,-0.02407299354672432,-0.013964498415589333,0.2805987596511841,1.0,0.06658211350440979,0.004254546016454697,0.0042855991050601006,1,1,1,1,11.725761413574219,2.973900079727173,2.9991002082824707,10.869757652282715,11.725761413574219,2.973900079727173,2.9991002082824707,10.869757652282715,0,0,0,0,0,0.9999994039535522,0.07991497218608856,-0.31841138005256653,0.07874708622694016,-0.3175661563873291,0.3083813190460205,0.04954897239804268,0.31024169921875,0.05001591518521309,-0.25088733434677124,0.04871540889143944,-0.25113195180892944,0.049396708607673645,0.0,0.0,0.0,0.0,0.0,0.0,0.024386201053857803,-0.010640396736562252,0.04754164442420006,-0.015657253563404083,-0.0028842752799391747,-0.018195360898971558,-0.00021366705186665058,-0.015395110473036766,-0.00026193936355412006,0.0018221380887553096,-0.017697112634778023,-0.01808018982410431,0.0,-0.0,0.0,-0.0,0.0,0.0,0.0,0.0,0.0,0.0,0.0,0.0,0.0,-0.0,0.0,-0.0,0.0,0.0,0.0,0.0,0.0,0.0,0.0,0.0,0.134965717792511,-0.15710830688476562,0.13928383588790894,-0.15407103300094604,0.13638877868652344,0.1497691422700882,0.13452383875846863,0.1492631733417511,0.134965717792511,-0.15710830688476562,0.13928383588790894,-0.15407103300094604,0.13638877868652344,0.1497691422700882,0.13452383875846863,0.1492631733417511,-0.0016772589879110456,-0.013852698728442192,0.019468417391180992,-0.017904143780469894,-0.0474177822470665,0.012228554114699364,-0.049882590770721436,0.04951764643192291,0.30000001192092896,0.30000001192092896,0.30000001192092896,0.30000001192092896,0.0,0.0,1.0,0.0,-0.0,1.0,-0.0,-0.9999998807907104,0.30000001192092896,0.30000001192092896,0.30000001192092896,0.30000001192092896
3.25,0,0.05647473782300949,-0.02398315817117691,-0.0013025340158492327,0.2805796265602112,1.0,0.08462788909673691,0.00408655870705843,0.004258143715560436,1,1,1,1,10.411470413208008,4.235902786254883,4.534700870513916,9.536052703857422,10.411470413208008,4.235902786254883,4.534700870513916,9.536052703857422,0,0,0,0,0,0.9999993443489075,0.07991261780261993,-0.3184136748313904,0.07874145358800888,-0.3175716996192932,0.30920299887657166,0.04942883178591728,0.3110259771347046,0.049967508763074875,-0.25016072392463684,0.048737119883298874,-0.25030019879341125,0.04925539717078209,0.0,0.0,0.0,0.0,0.0,0.0,0.029780205339193344,-0.003638994647189975,0.05985840782523155,-0.015211939811706543,0.005275689996778965,-0.024955471977591515,0.0026235945988446474,-0.014672367833554745,0.008064852096140385,0.010619455017149448,-0.02959233708679676,-0.02282659150660038,0.0,-0.0,0.0,-0.0,0.0,0.0,0.0,0.0,0.0,0.0,0.0,0.0,0.0,-0.0,0.0,-0.0,0.0,0.0,0.0,0.0,0.0,0.0,0.0,0.0,0.134965717792511,-0.15710830688476562,0.13928383588790894,-0.15407103300094604,0.13638877868652344,0.1497691422700882,0.13452383875846863,0.1492631733417511,0.134965717792511,-0.15710830688476562,0.13928383588790894,-0.15407103300094604,0.13638877868652344,0.1497691422700882,0.13452383875846863,0.1492631733417511,-0.0016772589879110456,-0.013852698728442192,0.019468417391180992,-0.017904143780469894,-0.0474177822470665,0.012228554114699364,-0.049882590770721436,0.04951764643192291,0.30000001192092896,0.30000001192092896,0.30000001192092896,0.30000001192092896,0.0,0.0,1.0,0.0,-0.0,1.0,-0.0,-0.9999998807907104,0.30000001192092896,0.30000001192092896,0.30000001192092896,0.30000001192092896
3.3,0,0.05729151517152786,-0.023827482014894485,-0.001934356871061027,0.2805640399456024,1.0,0.07251263409852982,0.0039973389357328415,0.004311219789087772,1,1,1,1,9.948295593261719,4.802186489105225,5.061551094055176,8.97464656829834,9.948295593261719,4.802186489105225,5.061551094055176,8.97464656829834,0,0,0,0,0,0.9999992847442627,0.07990481704473495,-0.3184218108654022,0.07873405516147614,-0.3175789713859558,0.31002891063690186,0.04929659515619278,0.3118329346179962,0.049908921122550964,-0.24943971633911133,0.04880746454000473,-0.24945922195911407,0.04909657686948776,0.0,0.0,0.0,0.0,0.0,0.0,0.026830552145838737,-0.006085787434130907,0.05230160430073738,-0.015283381566405296,-0.00028204405680298805,-0.020348787307739258,0.0016235017683357,-0.015130363404750824,0.003392026759684086,0.006720099598169327,-0.022559236735105515,-0.017911627888679504,0.0,-0.0,0.0,-0.0,0.0,0.0,0.0,0.0,0.0,0.0,0.0,0.0,0.0,-0.0,0.0,-0.0,0.0,0.0,0.0,0.0,0.0,0.0,0.0,0.0,0.134965717792511,-0.15710830688476562,0.13928383588790894,-0.15407103300094604,0.13638877868652344,0.1497691422700882,0.13452383875846863,0.1492631733417511,0.134965717792511,-0.15710830688476562,0.13928383588790894,-0.15407103300094604,0.13638877868652344,0.1497691422700882,0.13452383875846863,0.1492631733417511,-0.0016772589879110456,-0.013852698728442192,0.019468417391180992,-0.017904143780469894,-0.0474177822470665,0.012228554114699364,-0.049882590770721436,0.04951764643192291,0.30000001192092896,0.30000001192092896,0.30000001192092896,0.30000001192092896,0.0,0.0,1.0,0.0,-0.0,1.0,-0.0,-0.9999998807907104,0.30000001192092896,0.30000001192092896,0.30000001192092896,0.30000001192092896
3.35,0,0.05806182324886322,-0.023629866540431976,-0.0031251756008714437,0.2805674076080322,1.0,0.06626676023006439,0.0038055451586842537,0.00438157981261611,1,1,1,1,11.116728782653809,3.292167901992798,3.5861244201660156,10.811856269836426,11.116728782653809,3.292167901992798,3.5861244201660156,10.811856269836426,0,0,0,0,0,0.9999992847442627,0.07989561557769775,-0.3184313178062439,0.0787295401096344,-0.3175835609436035,0.3108213543891907,0.049188751727342606,0.3126184642314911,0.049838706851005554,-0.24872706830501556,0.04886843264102936,-0.2486831694841385,0.049025051295757294,0.0,0.0,0.0,0.0,0.0,0.0,0.02540789358317852,-0.008299858309328556,0.048261601477861404,-0.014872714877128601,-0.004064566921442747,-0.017528466880321503,-0.00011708098463714123,-0.014391749165952206,0.0010078337509185076,0.003011019667610526,-0.018550772219896317,-0.015535036101937294,0.0,-0.0,0.0,-0.0,0.0,0.0,0.0,0.0,0.0,0.0,0.0,0.0,0.0,-0.0,0.0,-0.0,0.0,0.0,0.0,0.0,0.0,0.0,0.0,0.0,0.134965717792511,-0.15710830688476562,0.13928383588790894,-0.15407103300094604,0.13638877868652344,0.1497691422700882,0.13452383875846863,0.1492631733417511,0.134965717792511,-0.15710830688476562,0.13928383588790894,-0.15407103300094604,0.13638877868652344,0.1497691422700882,0.13452383875846863,0.1492631733417511,-0.0016772589879110456,-0.013852698728442192,0.019468417391180992,-0.017904143780469894,-0.0474177822470665,0.012228554114699364,-0.049882590770721436,0.04951764643192291,0.30000001192092896,0.30000001192092896,0.30000001192092896,0.30000001192092896,0.0,0.0,1.0,0.0,-0.0,1.0,-0.0,-0.9999998807907104,0.30000001192092896,0.30000001192092896,0.30000001192092896,0.30000001192092896
3.4,0,0.0586095005273819,-0.02344493567943573,-0.004531077109277248,0.28065410256385803,1.0,0.06928631663322449,0.004107101820409298,0.004746285732835531,1,1,1,1,11.67946720123291,2.4143128395080566,2.8320698738098145,11.878003120422363,11.67946720123291,2.4143128395080566,2.8320698738098145,11.878003120422363,0,0,0,0,0,0.9999993443489075,0.07987340539693832,-0.3184540271759033,0.07871165871620178,-0.3176019489765167,0.31143873929977417,0.04928554221987724,0.3132886588573456,0.04976939037442207,-0.2480534166097641,0.04891505837440491,-0.24808979034423828,0.04915037006139755,0.0,0.0,0.0,0.0,0.0,0.0,0.02519713155925274,-0.0062628816813230515,0.05031948536634445,-0.013909739442169666,0.0001724674366414547,-0.021046552807092667,0.0008729109540581703,-0.012399211525917053,0.003146957140415907,0.004286238458007574,-0.022076552733778954,-0.01696479320526123,0.0,-0.0,0.0,-0.0,0.0,0.0,0.0,0.0,0.0,0.0,0.0,0.0,0.0,-0.0,0.0,-0.0,0.0,0.0,0.0,0.0,0.0,0.0,0.0,0.0,0.134965717792511,-0.15710830688476562,0.13928383588790894,-0.15407103300094604,0.13638877868652344,0.1497691422700882,0.13452383875846863,0.1492631733417511,0.134965717792511,-0.15710830688476562,0.13928383588790894,-0.15407103300094604,0.13638877868652344,0.1497691422700882,0.13452383875846863,0.1492631733417511,-0.0016772589879110456,-0.013852698728442192,0.019468417391180992,-0.017904143780469894,-0.0474177822470665,0.012228554114699364,-0.049882590770721436,0.04951764643192291,0.30000001192092896,0.30000001192092896,0.30000001192092896,0.30000001192092896,0.0,0.0,1.0,0.0,-0.0,1.0,-0.0,-0.9999998807907104,0.30000001192092896,0.30000001192092896,0.30000001192092896,0.30000001192092896
3.4499999999999997,0,0.05920926481485367,-0.023290473967790604,-0.00692242756485939,0.28070420026779175,1.0,0.06681511551141739,0.003787958063185215,0.005091514904052019,1,1,1,1,12.187562942504883,2.0080957412719727,2.3773672580718994,12.355661392211914,12.187562942504883,2.0080957412719727,2.3773672580718994,12.355661392211914,0,0,0,0,0,0.9999994039535522,0.07985097914934158,-0.31847667694091797,0.07869689911603928,-0.31761717796325684,0.3120710849761963,0.04937683418393135,0.31396248936653137,0.0496886670589447,-0.24733994901180267,0.048954375088214874,-0.24748794734477997,0.049271129071712494,0.0,0.0,0.0,0.0,0.0,0.0,0.023868490010499954,-0.008834478445351124,0.04840870946645737,-0.014110049232840538,-0.0013488071272149682,-0.02034120261669159,0.0002446726430207491,-0.011918088421225548,0.0023007129784673452,0.002799811540171504,-0.020343031734228134,-0.01701042614877224,0.0,-0.0,0.0,-0.0,0.0,0.0,0.0,0.0,0.0,0.0,0.0,0.0,0.0,-0.0,0.0,-0.0,0.0,0.0,0.0,0.0,0.0,0.0,0.0,0.0,0.134965717792511,-0.15710830688476562,0.13928383588790894,-0.15407103300094604,0.13638877868652344,0.1497691422700882,0.13452383875846863,0.1492631733417511,0.134965717792511,-0.15710830688476562,0.13928383588790894,-0.15407103300094604,0.13638877868652344,0.1497691422700882,0.13452383875846863,0.1492631733417511,-0.0016772589879110456,-0.013852698728442192,0.019468417391180992,-0.017904143780469894,-0.0474177822470665,0.012228554114699364,-0.049882590770721436,0.04951764643192291,0.30000001192092896,0.30000001192092896,0.30000001192092896,0.30000001192092896,0.0,0.0,1.0,0.0,-0.0,1.0,-0.0,-0.9999998807907104,0.30000001192092896,0.30000001192092896,0.30000001192092896,0.30000001192092896
3.5,0,0.05984269827604294,-0.023184759542346,-0.008283527567982674,0.2788091003894806,1.0,0.08011716604232788,0.0038795750588178635,0.00541083887219429,1,1,1,1,12.763450622558594,1.3496458530426025,1.7040857076644897,12.976090431213379,12.763450622558594,1.3496458530426025,1.7040857076644897,12.976090431213379,0,0,0,0,0,0.9999994039535522,0.07983165234327316,-0.31849604845046997,0.07867980748414993,-0.31763479113578796,0.3127155303955078,0.04946180805563927,0.3146381378173828,0.04959545284509659,-0.2466154396533966,0.04898301512002945,-0.24688038229942322,0.049386002123355865,0.0,0.0,0.0,0.0,0.0,0.0,0.02587064541876316,-0.0030637539457529783,0.056407008320093155,-0.015628039836883545,0.005739680491387844,-0.025907065719366074,0.005153344944119453,-0.013698779046535492,0.008445370942354202,0.011197536252439022,-0.028167173266410828,-0.02014113776385784,0.0,-0.0,0.0,-0.0,0.0,0.0,0.0,0.0,0.0,0.0,0.0,0.0,0.0,-0.0,0.0,-0.0,0.0,0.0,0.0,0.0,0.0,0.0,0.0,0.0,0.134965717792511,-0.15710830688476562,0.13928383588790894,-0.15407103300094604,0.13638877868652344,0.1497691422700882,0.13452383875846863,0.1492631733417511,0.134965717792511,-0.15710830688476562,0.13928383588790894,-0.15407103300094604,0.13638877868652344,0.1497691422700882,0.13452383875846863,0.1492631733417511,-0.0016772589879110456,-0.013852698728442192,0.019468417391180992,-0.017904143780469894,-0.0474177822470665,0.012228554114699364,-0.049882590770721436,0.04951764643192291,0.30000001192092896,0.30000001192092896,0.30000001192092896,0.30000001192092896,0.0,0.0,1.0,0.0,-0.0,1.0,-0.0,-0.9999998807907104,0.30000001192092896,0.30000001192092896,0.30000001192092896,0.30000001192092896
3.55,0,0.060483142733573914,-0.02309957891702652,-0.009161381982266903,0.27881038188934326,1.0,0.08244287967681885,0.0029514292255043983,0.0056940708309412,1,1,1,1,13.160728454589844,0.9687402844429016,1.2990140914916992,13.377330780029297,13.160728454589844,0.9687402844429016,1.2990140914916992,13.377330780029297,0,0,0,0,0,0.9999993443489075,0.07981409132480621,-0.31851324439048767,0.0786762684583664,-0.31763872504234314,0.31336426734924316,0.049539778381586075,0.3152715861797333,0.049489930272102356,-0.2458866685628891,0.049002304673194885,-0.24627861380577087,0.04949108883738518,0.0,0.0,0.0,0.0,0.0,0.0,0.025838185101747513,-0.0031314739026129246,0.05691144987940788,-0.015478442423045635,0.007402991410344839,-0.02780771628022194,0.005981239955872297,-0.012187551707029343,0.010753544978797436,0.012459324672818184,-0.030030779540538788,-0.021349698305130005,0.0,-0.0,0.0,-0.0,0.0,0.0,0.0,0.0,0.0,0.0,0.0,0.0,0.0,-0.0,0.0,-0.0,0.0,0.0,0.0,0.0,0.0,0.0,0.0,0.0,0.134965717792511,-0.15710830688476562,0.13928383588790894,-0.15407103300094604,0.13638877868652344,0.1497691422700882,0.13452383875846863,0.1492631733417511,0.134965717792511,-0.15710830688476562,0.13928383588790894,-0.15407103300094604,0.13638877868652344,0.1497691422700882,0.13452383875846863,0.1492631733417511,-0.0016772589879110456,-0.013852698728442192,0.019468417391180992,-0.017904143780469894,-0.0474177822470665,0.012228554114699364,-0.049882590770721436,0.04951764643192291,0.30000001192092896,0.30000001192092896,0.30000001192092896,0.30000001192092896,0.0,0.0,1.0,0.0,-0.0,1.0,-0.0,-0.9999998807907104,0.30000001192092896,0.30000001192092896,0.30000001192092896,0.30000001192092896
3.6,0,0.06112102419137955,-0.02301938086748123,-0.011163435876369476,0.2788124978542328,1.0,0.07281635701656342,0.003372685983777046,0.005944801494479179,1,1,1,1,13.658222198486328,0.5226311683654785,0.9496471881866455,13.79796314239502,13.658222198486328,0.5226311683654785,0.9496471881866455,13.79796314239502,0,0,0,0,0,0.9999992847442627,0.07979544997215271,-0.3185310661792755,0.07865695655345917,-0.31765860319137573,0.31401148438453674,0.049609679728746414,0.3158739507198334,0.049370333552360535,-0.24516606330871582,0.049010735005140305,-0.2456740140914917,0.04958834871649742,0.0,0.0,0.0,0.0,0.0,0.0,0.024493852630257607,-0.01101051177829504,0.05172686651349068,-0.014295237138867378,0.0011520725674927235,-0.02273293025791645,0.00024817720986902714,-0.01035436149686575,0.005552268121391535,0.004845199175179005,-0.023165548220276833,-0.022015564143657684,0.0,-0.0,0.0,-0.0,0.0,0.0,0.0,0.0,0.0,0.0,0.0,0.0,0.0,-0.0,0.0,-0.0,0.0,0.0,0.0,0.0,0.0,0.0,0.0,0.0,0.134965717792511,-0.15710830688476562,0.13928383588790894,-0.15407103300094604,0.13638877868652344,0.1497691422700882,0.13452383875846863,0.1492631733417511,0.134965717792511,-0.15710830688476562,0.13928383588790894,-0.15407103300094604,0.13638877868652344,0.1497691422700882,0.13452383875846863,0.1492631733417511,-0.0016772589879110456,-0.013852698728442192,0.019468417391180992,-0.017904143780469894,-0.0474177822470665,0.012228554114699364,-0.049882590770721436,0.04951764643192291,0.30000001192092896,0.30000001192092896,0.30000001192092896,0.30000001192092896,0.0,0.0,1.0,0.0,-0.0,1.0,-0.0,-0.9999998807907104,0.30000001192092896,0.30000001192092896,0.30000001192092896,0.30000001192092896
3.65,0,0.06175999343395233,-0.022937117144465446,-0.010141905397176743,0.2788203954696655,1.0,0.0710739865899086,0.0037791654467582703,0.00617594737559557,1,1,1,1,14.090714454650879,0.0,0.5000537633895874,14.246063232421875,14.090714454650879,0.0,0.5000537633895874,14.246063232421875,0,0,0,0,0,0.9999992847442627,0.07978092133998871,-0.31854447722435,0.0786399096250534,-0.3176760971546173,0.3146645128726959,0.04967234283685684,0.3164530098438263,0.049237869679927826,-0.2444431036710739,0.049009665846824646,-0.24507272243499756,0.049677472561597824,0.0,0.0,0.0,0.0,0.0,0.0,0.024855267256498337,-0.010241254232823849,0.050307005643844604,-0.012908142060041428,-5.3746625781059265e-06,-0.022576002404093742,0.0002974586095660925,-0.007309156470000744,0.007456871215254068,0.004901848267763853,-0.023222802206873894,-0.021196918562054634,0.0,-0.0,0.0,-0.0,0.0,0.0,0.0,0.0,0.0,0.0,0.0,0.0,0.0,-0.0,0.0,-0.0,0.0,0.0,0.0,0.0,0.0,0.0,0.0,0.0,0.134965717792511,-0.15710830688476562,0.13928383588790894,-0.15407103300094604,0.13638877868652344,0.1497691422700882,0.13452383875846863,0.1492631733417511,0.134965717792511,-0.15710830688476562,0.13928383588790894,-0.15407103300094604,0.13638877868652344,0.1497691422700882,0.13452383875846863,0.1492631733417511,-0.0016772589879110456,-0.013852698728442192,0.019468417391180992,-0.017904143780469894,-0.0474177822470665,0.012228554114699364,-0.049882590770721436,0.04951764643192291,0.30000001192092896,0.30000001192092896,0.30000001192092896,0.30000001192092896,0.0,0.0,1.0,0.0,-0.0,1.0,-0.0,-0.9999998807907104,0.30000001192092896,0.30000001192092896,0.30000001192092896,0.30000001192092896
3.6999999999999997,0,0.06243758648633957,-0.022872984409332275,-0.009978710673749447,0.2788069546222687,1.0,0.06715285032987595,0.003950967453420162,0.006423123646527529,1,1,1,1,14.40447998046875,0.0,0.0,14.815801620483398,14.40447998046875,0.0,0.0,14.815801620483398,0,0,0,0,0,0.9999992251396179,0.07976681739091873,-0.31855762004852295,0.07862327247858047,-0.3176930844783783,0.31533217430114746,0.04972736909985542,0.3170860707759857,0.049109622836112976,-0.24367038905620575,0.0489952489733696,-0.2444567084312439,0.049761898815631866,0.0,0.0,0.0,0.0,0.0,0.0,0.021608419716358185,-0.012208585627377033,0.04788137599825859,-0.01502261497080326,0.001625359058380127,-0.02211477980017662,0.0016758990241214633,-0.00928723905235529,0.0034400185104459524,0.003745193360373378,-0.019967462867498398,-0.019232777878642082,0.0,-0.0,0.0,-0.0,0.0,0.0,0.0,0.0,0.0,0.0,0.0,0.0,0.0,-0.0,0.0,-0.0,0.0,0.0,0.0,0.0,0.0,0.0,0.0,0.0,0.134965717792511,-0.15710830688476562,0.13928383588790894,-0.15407103300094604,0.13638877868652344,0.1497691422700882,0.13452383875846863,0.1492631733417511,0.134965717792511,-0.15710830688476562,0.13928383588790894,-0.15407103300094604,0.13638877868652344,0.1497691422700882,0.13452383875846863,0.1492631733417511,-0.0016772589879110456,-0.013852698728442192,0.019468417391180992,-0.017904143780469894,-0.0474177822470665,0.012228554114699364,-0.049882590770721436,0.04951764643192291,0.30000001192092896,0.30000001192092896,0.30000001192092896,0.30000001192092896,0.0,0.0,1.0,0.0,-0.0,1.0,-0.0,-0.9999998807907104,0.30000001192092896,0.30000001192092896,0.30000001192092896,0.30000001192092896
3.75,0,0.06311234831809998,-0.022899014875292778,-0.010315348394215107,0.27880430221557617,1.0,0.07237869501113892,0.003976328298449516,0.006450044456869364,1,1,1,1,13.692630767822266,0.0,1.132899522781372,13.379244804382324,13.692630767822266,0.0,1.132899522781372,13.379244804382324,0,0,0,0,0,0.9999992251396179,0.07975742220878601,-0.3185667395591736,0.07862588763237,-0.31769031286239624,0.315998375415802,0.049776121973991394,0.3177283704280853,0.04911833256483078,-0.24292589724063873,0.04897347837686539,-0.2438436597585678,0.04983561486005783,0.0,0.0,0.0,0.0,0.0,0.0,0.02206844836473465,-0.009922053664922714,0.050011977553367615,-0.016691196709871292,0.006276147440075874,-0.02585669234395027,0.005926599260419607,-0.008748281747102737,0.006404859013855457,0.007577056065201759,-0.023996537551283836,-0.01948164962232113,0.0,-0.0,0.0,-0.0,0.0,0.0,0.0,0.0,0.0,0.0,0.0,0.0,0.0,-0.0,0.0,-0.0,0.0,0.0,0.0,0.0,0.0,0.0,0.0,0.0,0.134965717792511,-0.15710830688476562,0.13928383588790894,-0.15407103300094604,0.13638877868652344,0.1497691422700882,0.13452383875846863,0.1492631733417511,0.134965717792511,-0.15710830688476562,0.13928383588790894,-0.15407103300094604,0.13638877868652344,0.1497691422700882,0.13452383875846863,0.1492631733417511,-0.0016772589879110456,-0.013852698728442192,0.019468417391180992,-0.017904143780469894,-0.0474177822470665,0.012228554114699364,-0.049882590770721436,0.04951764643192291,0.30000001192092896,0.30000001192092896,0.30000001192092896,0.30000001192092896,0.0,0.0,1.0,0.0,-0.0,1.0,-0.0,-0.9999998807907104,0.30000001192092896,0.30000001192092896,0.30000001192092896,0.30000001192092896
3.8,0,0.06380929052829742,-0.0230209119617939,-0.01713702455163002,0.2788074314594269,1.0,0.08534830808639526,0.0036667687818408012,0.006288439501076937,1,1,1,1,13.324870109558105,0.7606827616691589,0.6971002221107483,13.680258750915527,13.324870109558105,0.7606827616691589,0.6971002221107483,13.680258750915527,0,0,0,0,0,0.9999992847442627,0.07976505905389786,-0.31855952739715576,0.07864444702863693,-0.3176712393760681,0.3166849911212921,0.04982201009988785,0.3184167146682739,0.049253761768341064,-0.24220100045204163,0.04894411191344261,-0.24320724606513977,0.04989604651927948,0.0,0.0,0.0,0.0,0.0,0.0,0.027149317786097527,-0.00671538058668375,0.05954326316714287,-0.015177922323346138,0.006781385280191898,-0.026878153905272484,0.003128063166514039,-0.01124664954841137,0.010656779631972313,0.011208510026335716,-0.030011208727955818,-0.02611164189875126,0.0,-0.0,0.0,-0.0,0.0,0.0,0.0,0.0,0.0,0.0,0.0,0.0,0.0,-0.0,0.0,-0.0,0.0,0.0,0.0,0.0,0.0,0.0,0.0,0.0,0.134965717792511,-0.15710830688476562,0.13928383588790894,-0.15407103300094604,0.13638877868652344,0.1497691422700882,0.13452383875846863,0.1492631733417511,0.134965717792511,-0.15710830688476562,0.13928383588790894,-0.15407103300094604,0.13638877868652344,0.1497691422700882,0.13452383875846863,0.1492631733417511,-0.0016772589879110456,-0.013852698728442192,0.019468417391180992,-0.017904143780469894,-0.0474177822470665,0.012228554114699364,-0.049882590770721436,0.04951764643192291,0.30000001192092896,0.30000001192092896,0.30000001192092896,0.30000001192092896,0.0,0.0,1.0,0.0,-0.0,1.0,-0.0,-0.9999998807907104,0.30000001192092896,0.30000001192092896,0.30000001192092896,0.30000001192092896
3.85,0,0.06447277218103409,-0.023132478818297386,-0.016859151422977448,0.27881643176078796,1.0,0.07559799402952194,0.0034969812259078026,0.006064887624233961,1,1,1,1,13.773122787475586,0.46481630206108093,0.9877375960350037,13.4710054397583,13.773122787475586,0.46481630206108093,0.9877375960350037,13.4710054397583,0,0,0,0,0,0.9999992847442627,0.07977432757616043,-0.3185502588748932,0.07865814119577408,-0.3176572918891907,0.3173529803752899,0.049855172634124756,0.31907379627227783,0.049379847943782806,-0.24150735139846802,0.04889891296625137,-0.24251282215118408,0.04994599521160126,0.0,0.0,0.0,0.0,0.0,0.0,0.02428579144179821,-0.01178879477083683,0.05145369470119476,-0.014511600136756897,0.0029494964983314276,-0.025904864072799683,0.0022290193010121584,-0.0067710429430007935,0.009765705093741417,0.0059500690549612045,-0.02596297115087509,-0.02434723451733589,0.0,-0.0,0.0,-0.0,0.0,0.0,0.0,0.0,0.0,0.0,0.0,0.0,0.0,-0.0,0.0,-0.0,0.0,0.0,0.0,0.0,0.0,0.0,0.0,0.0,0.134965717792511,-0.15710830688476562,0.13928383588790894,-0.15407103300094604,0.13638877868652344,0.1497691422700882,0.13452383875846863,0.1492631733417511,0.134965717792511,-0.15710830688476562,0.13928383588790894,-0.15407103300094604,0.13638877868652344,0.1497691422700882,0.13452383875846863,0.1492631733417511,-0.0016772589879110456,-0.013852698728442192,0.019468417391180992,-0.017904143780469894,-0.0474177822470665,0.012228554114699364,-0.049882590770721436,0.04951764643192291,0.30000001192092896,0.30000001192092896,0.30000001192092896,0.30000001192092896,0.0,0.0,1.0,0.0,-0.0,1.0,-0.0,-0.9999998807907104,0.30000001192092896,0.30000001192092896,0.30000001192092896,0.30000001192092896
3.9,0,0.06516281515359879,-0.023268239572644234,-0.013276692479848862,0.2788347899913788,1.0,0.07203326374292374,0.004023084416985512,0.005878053139895201,1,1,1,1,13.349153518676758,0.8117103576660156,0.48665934801101685,14.047204971313477,13.349153518676758,0.8117103576660156,0.48665934801101685,14.047204971313477,0,0,0,0,0,0.9999993443489075,0.07977836579084396,-0.3185465335845947,0.07868197560310364,-0.31763312220573425,0.31804558634757996,0.04988120496273041,0.31975507736206055,0.04949325695633888,-0.2408064305782318,0.0488484688103199,-0.24187862873077393,0.049989618360996246,0.0,0.0,0.0,0.0,0.0,0.0,0.025012215599417686,-0.014412272721529007,0.05075986310839653,-0.013604751788079739,-0.0016779911238700151,-0.02059861086308956,-0.002362597268074751,-0.008865418843925,0.0048888567835092545,0.0020690986420959234,-0.02131609618663788,-0.02449406124651432,0.0,-0.0,0.0,-0.0,0.0,0.0,0.0,0.0,0.0,0.0,0.0,0.0,0.0,-0.0,0.0,-0.0,0.0,0.0,0.0,0.0,0.0,0.0,0.0,0.0,0.134965717792511,-0.15710830688476562,0.13928383588790894,-0.15407103300094604,0.13638877868652344,0.1497691422700882,0.13452383875846863,0.1492631733417511,0.134965717792511,-0.15710830688476562,0.13928383588790894,-0.15407103300094604,0.13638877868652344,0.1497691422700882,0.13452383875846863,0.1492631733417511,-0.0016772589879110456,-0.013852698728442192,0.019468417391180992,-0.017904143780469894,-0.0474177822470665,0.012228554114699364,-0.049882590770721436,0.04951764643192291,0.30000001192092896,0.30000001192092896,0.30000001192092896,0.30000001192092896,0.0,0.0,1.0,0.0,-0.0,1.0,-0.0,-0.9999998807907104,0.30000001192092896,0.30000001192092896,0.30000001192092896,0.30000001192092896
3.9499999999999997,0,0.06586380302906036,-0.023419329896569252,-0.016297807916998863,0.2788386940956116,1.0,0.08376727998256683,0.004259859211742878,0.0056388285011053085,1,1,1,1,13.60874080657959,0.6653372645378113,0.2878950834274292,14.406597137451172,13.60874080657959,0.6653372645378113,0.2878950834274292,14.406597137451172,0,0,0,0,0,0.9999993443489075,0.07978831231594086,-0.31853654980659485,0.07869041711091995,-0.3176240026950836,0.31873610615730286,0.04989511892199516,0.3204403817653656,0.04959990456700325,-0.24010029435157776,0.048783790320158005,-0.2412225604057312,0.050022803246974945,0.0,0.0,0.0,0.0,0.0,0.0,0.02546904981136322,-0.006421753205358982,0.05689523369073868,-0.015421235002577305,0.007524672895669937,-0.028416426852345467,0.005395133979618549,-0.00952558871358633,0.0131546501070261,0.012285040691494942,-0.03039880283176899,-0.024902833625674248,0.0,-0.0,0.0,-0.0,0.0,0.0,0.0,0.0,0.0,0.0,0.0,0.0,0.0,-0.0,0.0,-0.0,0.0,0.0,0.0,0.0,0.0,0.0,0.0,0.0,0.134965717792511,-0.15710830688476562,0.13928383588790894,-0.15407103300094604,0.13638877868652344,0.1497691422700882,0.13452383875846863,0.1492631733417511,0.134965717792511,-0.15710830688476562,0.13928383588790894,-0.15407103300094604,0.13638877868652344,0.1497691422700882,0.13452383875846863,0.1492631733417511,-0.0016772589879110456,-0.013852698728442192,0.019468417391180992,-0.017904143780469894,-0.0474177822470665,0.012228554114699364,-0.049882590770721436,0.04951764643192291,0.30000001192092896,0.30000001192092896,0.30000001192092896,0.30000001192092896,0.0,0.0,1.0,0.0,-0.0,1.0,-0.0,-0.9999998807907104,0.30000001192092896,0.30000001192092896,0.30000001192092896,0.30000001192092896
4.0,0,0.06656180322170258,-0.023461144417524338,-0.004707994870841503,0.27885034680366516,1.0,0.06934000551700592,0.004164817743003368,0.005475184880197048,1,1,1,1,12.653976440429688,1.3475735187530518,1.582018256187439,12.908202171325684,12.653976440429688,1.3475735187530518,1.582018256187439,12.908202171325684,0,0,0,0,0,0.9999994039535522,0.07979226112365723,-0.3185328543186188,0.07870245724916458,-0.31761130690574646,0.3194398880004883,0.049896761775016785,0.32114294171333313,0.04969637095928192,-0.239400252699852,0.04878705367445946,-0.2405625879764557,0.05005502328276634,0.0,0.0,0.0,0.0,0.0,0.0,0.022354666143655777,-0.016145968809723854,0.04815559834241867,-0.014326370321214199,8.03009606897831e-05,-0.021815143525600433,-0.0007497683400288224,-0.0074564749374985695,0.005540031939744949,0.00228194915689528,-0.020213494077324867,-0.02338489145040512,0.0,-0.0,0.0,-0.0,0.0,0.0,0.0,0.0,0.0,0.0,0.0,0.0,0.0,-0.0,0.0,-0.0,0.0,0.0,0.0,0.0,0.0,0.0,0.0,0.0,0.134965717792511,-0.15710830688476562,0.13928383588790894,-0.15407103300094604,0.13638877868652344,0.1497691422700882,0.13452383875846863,0.1492631733417511,0.134965717792511,-0.15710830688476562,0.13928383588790894,-0.15407103300094604,0.13638877868652344,0.1497691422700882,0.13452383875846863,0.1492631733417511,-0.0016772589879110456,-0.013852698728442192,0.019468417391180992,-0.017904143780469894,-0.0474177822470665,0.012228554114699364,-0.049882590770721436,0.04951764643192291,0.30000001192092896,0.30000001192092896,0.30000001192092896,0.30000001192092896,0.0,0.0,1.0,0.0,-0.0,1.0,-0.0,-0.9999998807907104,0.30000001192092896,0.30000001192092896,0.30000001192092896,0.30000001192092896
4.05,0,0.06728003919124603,-0.023338882252573967,-0.0024153392296284437,0.27881765365600586,1.0,0.05862860754132271,0.0038001732900738716,0.005488802213221788,1,1,1,1,12.641938209533691,1.7381547689437866,2.358490228652954,12.705121994018555,12.641938209533691,1.7381547689437866,2.358490228652954,12.705121994018555,0,0,0,0,0,0.9999993443489075,0.07979126274585724,-0.3185344338417053,0.07871483266353607,-0.3175986111164093,0.320128858089447,0.04992908239364624,0.32185685634613037,0.049785733222961426,-0.23870059847831726,0.048926278948783875,-0.2398318350315094,0.05007752776145935,0.0,0.0,0.0,0.0,0.0,0.0,0.017928343266248703,-0.023008812218904495,0.037995222955942154,-0.015324428677558899,-0.007469074800610542,-0.017458658665418625,-0.0030537398997694254,-0.007731359452009201,-0.003633490763604641,-0.007192875258624554,-0.011525804176926613,-0.016749108210206032,0.0,-0.0,0.0,-0.0,0.0,0.0,0.0,0.0,0.0,0.0,0.0,0.0,0.0,-0.0,0.0,-0.0,0.0,0.0,0.0,0.0,0.0,0.0,0.0,0.0,0.134965717792511,-0.15710830688476562,0.13928383588790894,-0.15407103300094604,0.13638877868652344,0.1497691422700882,0.13452383875846863,0.1492631733417511,0.134965717792511,-0.15710830688476562,0.13928383588790894,-0.15407103300094604,0.13638877868652344,0.1497691422700882,0.13452383875846863,0.1492631733417511,-0.0016772589879110456,-0.013852698728442192,0.019468417391180992,-0.017904143780469894,-0.0474177822470665,0.012228554114699364,-0.049882590770721436,0.04951764643192291,0.30000001192092896,0.30000001192092896,0.30000001192092896,0.30000001192092896,0.0,0.0,1.0,0.0,-0.0,1.0,-0.0,-0.9999998807907104,0.30000001192092896,0.30000001192092896,0.30000001192092896,0.30000001192092896
4.1,0,0.06800367683172226,-0.023257721215486526,-0.0016752780647948384,0.2805449366569519,1.0,0.07269362360239029,0.0037001892924308777,0.005464826710522175,1,1,1,1,12.06615924835205,2.2824513912200928,2.9408860206604004,11.574762344360352,12.06615924835205,2.2824513912200928,2.9408860206604004,11.574762344360352,0,0,0,0,0,0.9999992847442627,0.07979239523410797,-0.3185337781906128,0.07871753722429276,-0.31759536266326904,0.3208222985267639,0.04995545372366905,0.3225777745246887,0.04986216500401497,-0.23803016543388367,0.04905875399708748,-0.239131361246109,0.05008847266435623,0.0,0.0,0.0,0.0,0.0,0.0,0.0006574256112799048,-0.046013738960027695,-0.00253639230504632,-0.012008680030703545,-0.025421015918254852,-0.008332466706633568,-0.012001118622720242,0.00788127165287733,-0.018534613773226738,-0.03888034448027611,0.014856542460620403,-0.004277288913726807,0.0,-0.0,0.0,-0.0,0.0,0.0,0.0,0.0,0.0,0.0,0.0,0.0,0.0,-0.0,0.0,-0.0,0.0,0.0,0.0,0.0,0.0,0.0,0.0,0.0,0.134965717792511,-0.15710830688476562,0.13928383588790894,-0.15407103300094604,0.13638877868652344,0.1497691422700882,0.13452383875846863,0.1492631733417511,0.134965717792511,-0.15710830688476562,0.13928383588790894,-0.15407103300094604,0.13638877868652344,0.1497691422700882,0.13452383875846863,0.1492631733417511,-0.0016772589879110456,-0.013852698728442192,0.019468417391180992,-0.017904143780469894,-0.0474177822470665,0.012228554114699364,-0.049882590770721436,0.04951764643192291,0.30000001192092896,0.30000001192092896,0.30000001192092896,0.30000001192092896,0.0,0.0,1.0,0.0,-0.0,1.0,-0.0,-0.9999998807907104,0.30000001192092896,0.30000001192092896,0.30000001192092896,0.30000001192092896
4.15,0,0.0687142014503479,-0.02317492663860321,-0.002770460909232497,0.2805512845516205,1.0,0.0670192539691925,0.0036471737548708916,0.005465357564389706,1,1,1,1,11.735612869262695,2.6504886150360107,2.9594948291778564,11.350850105285645,11.735612869262695,2.6504886150360107,2.9594948291778564,11.350850105285645,0,0,0,0,0,0.9999992847442627,0.07979083061218262,-0.31853577494621277,0.07871808856725693,-0.317594438791275,0.3215170204639435,0.04996960610151291,0.3232952952384949,0.04992866516113281,-0.2373691350221634,0.04917939752340317,-0.23843266069889069,0.050087690353393555,0.0,0.0,0.0,0.0,0.0,0.0,0.02136872336268425,-0.018006419762969017,0.04563973471522331,-0.015436890535056591,-0.00011125113815069199,-0.022223034873604774,4.2579369619488716e-05,-0.00717954570427537,0.003740785177797079,0.0005390080041252077,-0.019061317667365074,-0.021596362814307213,0.0,-0.0,0.0,-0.0,0.0,0.0,0.0,0.0,0.0,0.0,0.0,0.0,0.0,-0.0,0.0,-0.0,0.0,0.0,0.0,0.0,0.0,0.0,0.0,0.0,0.134965717792511,-0.15710830688476562,0.13928383588790894,-0.15407103300094604,0.13638877868652344,0.1497691422700882,0.13452383875846863,0.1492631733417511,0.134965717792511,-0.15710830688476562,0.13928383588790894,-0.15407103300094604,0.13638877868652344,0.1497691422700882,0.13452383875846863,0.1492631733417511,-0.0016772589879110456,-0.013852698728442192,0.019468417391180992,-0.017904143780469894,-0.0474177822470665,0.012228554114699364,-0.049882590770721436,0.04951764643192291,0.30000001192092896,0.30000001192092896,0.30000001192092896,0.30000001192092896,0.0,0.0,1.0,0.0,-0.0,1.0,-0.0,-0.9999998807907104,0.30000001192092896,0.30000001192092896,0.30000001192092896,0.30000001192092896
4.2,0,0.06943221390247345,-0.023093344643712044,-0.00649979617446661,0.2805473804473877,1.0,0.06154334917664528,0.0034741153940558434,0.0054715401493012905,1,1,1,1,11.45602798461914,2.846935272216797,3.1558473110198975,10.388090133666992,11.45602798461914,2.846935272216797,3.1558473110198975,10.388090133666992,0,0,0,0,0,0.9999992847442627,0.07979083806276321,-0.31853631138801575,0.0787244588136673,-0.3175880014896393,0.3222104609012604,0.049972694367170334,0.32401150465011597,0.049986157566308975,-0.2367064505815506,0.04929210990667343,-0.23766788840293884,0.050066057592630386,0.0,0.0,0.0,0.0,0.0,0.0,0.017608098685741425,-0.026690615341067314,0.03873632103204727,-0.015395255759358406,-0.006612264085561037,-0.015794256702065468,-0.006509085651487112,-0.008699332363903522,-0.005756789352744818,-0.010205734521150589,-0.008946692571043968,-0.019976617768406868,0.0,-0.0,0.0,-0.0,0.0,0.0,0.0,0.0,0.0,0.0,0.0,0.0,0.0,-0.0,0.0,-0.0,0.0,0.0,0.0,0.0,0.0,0.0,0.0,0.0,0.134965717792511,-0.15710830688476562,0.13928383588790894,-0.15407103300094604,0.13638877868652344,0.1497691422700882,0.13452383875846863,0.1492631733417511,0.134965717792511,-0.15710830688476562,0.13928383588790894,-0.15407103300094604,0.13638877868652344,0.1497691422700882,0.13452383875846863,0.1492631733417511,-0.0016772589879110456,-0.013852698728442192,0.019468417391180992,-0.017904143780469894,-0.0474177822470665,0.012228554114699364,-0.049882590770721436,0.04951764643192291,0.30000001192092896,0.30000001192092896,0.30000001192092896,0.30000001192092896,0.0,0.0,1.0,0.0,-0.0,1.0,-0.0,-0.9999998807907104,0.30000001192092896,0.30000001192092896,0.30000001192092896,0.30000001192092896
4.25,0,0.07016566395759583,-0.023050768300890923,-0.005437557119876146,0.28055423498153687,1.0,0.0667482540011406,0.004323879256844521,0.005468746181577444,1,1,1,1,11.270896911621094,3.2681884765625,3.3753278255462646,10.976228713989258,11.270896911621094,3.2681884765625,3.3753278255462646,10.976228713989258,0,0,0,0,0,0.9999992251396179,0.07978754490613937,-0.3185400068759918,0.07872121781110764,-0.31759113073349,0.3229323625564575,0.049965258687734604,0.32474926114082336,0.050030115991830826,-0.23604735732078552,0.049395836889743805,-0.23693563044071198,0.05005059018731117,0.0,0.0,0.0,0.0,0.0,0.0,0.02161889709532261,-0.017708847299218178,0.04614013433456421,-0.015082696452736855,-0.0001775273121893406,-0.02103964239358902,-0.0004262432630639523,-0.007742289919406176,0.0038957016076892614,0.0011421293020248413,-0.018049204722046852,-0.021745627745985985,0.0,-0.0,0.0,-0.0,0.0,0.0,0.0,0.0,0.0,0.0,0.0,0.0,0.0,-0.0,0.0,-0.0,0.0,0.0,0.0,0.0,0.0,0.0,0.0,0.0,0.134965717792511,-0.15710830688476562,0.13928383588790894,-0.15407103300094604,0.13638877868652344,0.1497691422700882,0.13452383875846863,0.1492631733417511,0.134965717792511,-0.15710830688476562,0.13928383588790894,-0.15407103300094604,0.13638877868652344,0.1497691422700882,0.13452383875846863,0.1492631733417511,-0.0016772589879110456,-0.013852698728442192,0.019468417391180992,-0.017904143780469894,-0.0474177822470665,0.012228554114699364,-0.049882590770721436,0.04951764643192291,0.30000001192092896,0.30000001192092896,0.30000001192092896,0.30000001192092896,0.0,0.0,1.0,0.0,-0.0,1.0,-0.0,-0.9999998807907104,0.30000001192092896,0.30000001192092896,0.30000001192092896,0.30000001192092896
4.3,0,0.07090828567743301,-0.02298911102116108,-0.006049701943993568,0.28053632378578186,1.0,0.057415738701820374,0.0042630573734641075,0.005451615434139967,1,1,1,1,10.863072395324707,3.772188663482666,4.0310163497924805,10.312796592712402,10.863072395324707,3.772188663482666,4.0310163497924805,10.312796592712402,0,0,0,0,0,0.9999991655349731,0.07978527247905731,-0.3185424208641052,0.0787227600812912,-0.31758958101272583,0.3236682415008545,0.049944356083869934,0.32547232508659363,0.05006391927599907,-0.23538288474082947,0.049493346363306046,-0.2361682504415512,0.0500146709382534,0.0,0.0,0.0,0.0,0.0,0.0,0.016102183610200882,-0.023400742560625076,0.03705834969878197,-0.01651192270219326,-0.003913033287972212,-0.017838135361671448,-0.0011249880772083998,-0.008370611816644669,-0.002338535850867629,-0.004743903875350952,-0.01027054525911808,-0.01747644878923893,0.0,-0.0,0.0,-0.0,0.0,0.0,0.0,0.0,0.0,0.0,0.0,0.0,0.0,-0.0,0.0,-0.0,0.0,0.0,0.0,0.0,0.0,0.0,0.0,0.0,0.134965717792511,-0.15710830688476562,0.13928383588790894,-0.15407103300094604,0.13638877868652344,0.1497691422700882,0.13452383875846863,0.1492631733417511,0.134965717792511,-0.15710830688476562,0.13928383588790894,-0.15407103300094604,0.13638877868652344,0.1497691422700882,0.13452383875846863,0.1492631733417511,-0.0016772589879110456,-0.013852698728442192,0.019468417391180992,-0.017904143780469894,-0.0474177822470665,0.012228554114699364,-0.049882590770721436,0.04951764643192291,0.30000001192092896,0.30000001192092896,0.30000001192092896,0.30000001192092896,0.0,0.0,1.0,0.0,-0.0,1.0,-0.0,-0.9999998807907104,0.30000001192092896,0.30000001192092896,0.30000001192092896,0.30000001192092896
4.35,0,0.07165578007698059,-0.022931238636374474,-0.00601237453520298,0.2805296778678894,1.0,0.06237896904349327,0.004334297962486744,0.005428217351436615,1,1,1,1,10.659246444702148,3.8348522186279297,3.943467140197754,10.338994026184082,10.659246444702148,3.8348522186279297,3.943467140197754,10.338994026184082,0,0,0,0,0,0.9999991655349731,0.07978088408708572,-0.3185470700263977,0.0787201076745987,-0.3175921142101288,0.3244120180606842,0.04991256073117256,0.32621297240257263,0.05008742958307266,-0.23471777141094208,0.04958046227693558,-0.235386922955513,0.049964308738708496,0.0,0.0,0.0,0.0,0.0,0.0,0.02024967595934868,-0.022762000560760498,0.04132452607154846,-0.014149485155940056,-0.004478632938116789,-0.01786307990550995,-0.004076126962900162,-0.005544289946556091,0.0007360018789768219,-0.005334282759577036,-0.013132196851074696,-0.021612508222460747,0.0,-0.0,0.0,-0.0,0.0,0.0,0.0,0.0,0.0,0.0,0.0,0.0,0.0,-0.0,0.0,-0.0,0.0,0.0,0.0,0.0,0.0,0.0,0.0,0.0,0.134965717792511,-0.15710830688476562,0.13928383588790894,-0.15407103300094604,0.13638877868652344,0.1497691422700882,0.13452383875846863,0.1492631733417511,0.134965717792511,-0.15710830688476562,0.13928383588790894,-0.15407103300094604,0.13638877868652344,0.1497691422700882,0.13452383875846863,0.1492631733417511,-0.0016772589879110456,-0.013852698728442192,0.019468417391180992,-0.017904143780469894,-0.0474177822470665,0.012228554114699364,-0.049882590770721436,0.04951764643192291,0.30000001192092896,0.30000001192092896,0.30000001192092896,0.30000001192092896,0.0,0.0,1.0,0.0,-0.0,1.0,-0.0,-0.9999998807907104,0.30000001192092896,0.30000001192092896,0.30000001192092896,0.30000001192092896
4.4,0,0.0724061131477356,-0.022880882024765015,-0.004300749860703945,0.2805047333240509,1.0,0.057625144720077515,0.004400556907057762,0.005414850544184446,1,1,1,1,10.182875633239746,4.332231521606445,4.529139995574951,9.757681846618652,10.182875633239746,4.332231521606445,4.529139995574951,9.757681846618652,0,0,0,0,0,0.9999990463256836,0.07977744936943054,-0.31855055689811707,0.07871417701244354,-0.3175978362560272,0.32516247034072876,0.049868181347846985,0.3269347846508026,0.05010019615292549,-0.2340528666973114,0.049658067524433136,-0.23463571071624756,0.04990098252892494,0.0,0.0,0.0,0.0,0.0,0.0,0.015588440001010895,-0.024345044046640396,0.036962274461984634,-0.016499102115631104,-0.0035604822915047407,-0.0174285676330328,-0.002052790019661188,-0.008613904938101768,-0.0028468212112784386,-0.005908852443099022,-0.009103210642933846,-0.018050307407975197,0.0,-0.0,0.0,-0.0,0.0,0.0,0.0,0.0,0.0,0.0,0.0,0.0,0.0,-0.0,0.0,-0.0,0.0,0.0,0.0,0.0,0.0,0.0,0.0,0.0,0.134965717792511,-0.15710830688476562,0.13928383588790894,-0.15407103300094604,0.13638877868652344,0.1497691422700882,0.13452383875846863,0.1492631733417511,0.134965717792511,-0.15710830688476562,0.13928383588790894,-0.15407103300094604,0.13638877868652344,0.1497691422700882,0.13452383875846863,0.1492631733417511,-0.0016772589879110456,-0.013852698728442192,0.019468417391180992,-0.017904143780469894,-0.0474177822470665,0.012228554114699364,-0.049882590770721436,0.04951764643192291,0.30000001192092896,0.30000001192092896,0.30000001192092896,0.30000001192092896,0.0,0.0,1.0,0.0,-0.0,1.0,-0.0,-0.9999998807907104,0.30000001192092896,0.30000001192092896,0.30000001192092896,0.30000001192092896
4.45,0,0.07316669821739197,-0.022817743942141533,-0.004990509711205959,0.28046947717666626,1.0,0.05542547255754471,0.0044599901884794235,0.005388288293033838,1,1,1,1,10.104288101196289,4.69552755355835,4.916676044464111,9.209249496459961,10.104288101196289,4.69552755355835,4.916676044464111,9.209249496459961,0,0,0,0,0,0.9999990463256836,0.07977508008480072,-0.31855276226997375,0.07871375977993011,-0.3175981938838959,0.3259577453136444,0.049813732504844666,0.3276607394218445,0.050099898129701614,-0.23337776958942413,0.04972703382372856,-0.23384150862693787,0.0498235821723938,0.0,0.0,0.0,0.0,0.0,0.0,0.014708997681736946,-0.0226763766258955,0.035747114568948746,-0.016400005668401718,-0.0025618593208491802,-0.018559323623776436,-0.00025178748182952404,-0.007417420856654644,-0.00166199856903404,-0.005020406097173691,-0.009765028022229671,-0.01628429815173149,0.0,-0.0,0.0,-0.0,0.0,0.0,0.0,0.0,0.0,0.0,0.0,0.0,0.0,-0.0,0.0,-0.0,0.0,0.0,0.0,0.0,0.0,0.0,0.0,0.0,0.134965717792511,-0.15710830688476562,0.13928383588790894,-0.15407103300094604,0.13638877868652344,0.1497691422700882,0.13452383875846863,0.1492631733417511,0.134965717792511,-0.15710830688476562,0.13928383588790894,-0.15407103300094604,0.13638877868652344,0.1497691422700882,0.13452383875846863,0.1492631733417511,-0.0016772589879110456,-0.013852698728442192,0.019468417391180992,-0.017904143780469894,-0.0474177822470665,0.012228554114699364,-0.049882590770721436,0.04951764643192291,0.30000001192092896,0.30000001192092896,0.30000001192092896,0.30000001192092896,0.0,0.0,1.0,0.0,-0.0,1.0,-0.0,-0.9999998807907104,0.30000001192092896,0.30000001192092896,0.30000001192092896,0.30000001192092896
4.5,0,0.07394269108772278,-0.022777287289500237,-0.00729330675676465,0.28042998909950256,1.0,0.05822693929076195,0.00440154317766428,0.005362598691135645,1,1,1,1,9.489873886108398,5.096366882324219,5.344682693481445,8.692065238952637,9.489873886108398,5.096366882324219,5.344682693481445,8.692065238952637,0,0,0,0,0,0.999998927116394,0.07977163791656494,-0.3185562193393707,0.07871229946613312,-0.3175995945930481,0.3267260193824768,0.04974428191781044,0.3283921480178833,0.050087861716747284,-0.23269493877887726,0.04978777840733528,-0.23303444683551788,0.049732234328985214,0.0,0.0,0.0,0.0,0.0,0.0,0.015204420313239098,-0.019784705713391304,0.03850005939602852,-0.01777689717710018,0.0012497284915298223,-0.021045977249741554,0.0030111470259726048,-0.008775677531957626,0.0005598944262601435,-0.0008789708372205496,-0.012545714154839516,-0.016746321693062782,0.0,-0.0,0.0,-0.0,0.0,0.0,0.0,0.0,0.0,0.0,0.0,0.0,0.0,-0.0,0.0,-0.0,0.0,0.0,0.0,0.0,0.0,0.0,0.0,0.0,0.134965717792511,-0.15710830688476562,0.13928383588790894,-0.15407103300094604,0.13638877868652344,0.1497691422700882,0.13452383875846863,0.1492631733417511,0.134965717792511,-0.15710830688476562,0.13928383588790894,-0.15407103300094604,0.13638877868652344,0.1497691422700882,0.13452383875846863,0.1492631733417511,-0.0016772589879110456,-0.013852698728442192,0.019468417391180992,-0.017904143780469894,-0.0474177822470665,0.012228554114699364,-0.049882590770721436,0.04951764643192291,0.30000001192092896,0.30000001192092896,0.30000001192092896,0.30000001192092896,0.0,0.0,1.0,0.0,-0.0,1.0,-0.0,-0.9999998807907104,0.30000001192092896,0.30000001192092896,0.30000001192092896,0.30000001192092896
4.55,0,0.07472434639930725,-0.022719785571098328,-0.0002782624214887619,0.28041231632232666,1.0,0.05833999440073967,0.003820713609457016,0.005350797437131405,1,1,1,1,9.280076026916504,5.2353596687316895,5.741788864135742,8.57370376586914,9.280076026916504,5.2353596687316895,5.741788864135742,8.57370376586914,0,0,0,0,0,0.999998927116394,0.07976672798395157,-0.318561315536499,0.07871267199516296,-0.31759923696517944,0.32749855518341064,0.04966092109680176,0.32915329933166504,0.0500628836452961,-0.23200789093971252,0.04983960837125778,-0.2322184145450592,0.04962782934308052,0.0,0.0,0.0,0.0,0.0,0.0,0.017036572098731995,-0.02573132887482643,0.03722427785396576,-0.014798523858189583,-0.006006653420627117,-0.014934618957340717,-0.005484762601554394,-0.006831236649304628,-0.003035417990759015,-0.008504555560648441,-0.007792565505951643,-0.01919451355934143,0.0,-0.0,0.0,-0.0,0.0,0.0,0.0,0.0,0.0,0.0,0.0,0.0,0.0,-0.0,0.0,-0.0,0.0,0.0,0.0,0.0,0.0,0.0,0.0,0.0,0.134965717792511,-0.15710830688476562,0.13928383588790894,-0.15407103300094604,0.13638877868652344,0.1497691422700882,0.13452383875846863,0.1492631733417511,0.134965717792511,-0.15710830688476562,0.13928383588790894,-0.15407103300094604,0.13638877868652344,0.1497691422700882,0.13452383875846863,0.1492631733417511,-0.0016772589879110456,-0.013852698728442192,0.019468417391180992,-0.017904143780469894,-0.0474177822470665,0.012228554114699364,-0.049882590770721436,0.04951764643192291,0.30000001192092896,0.30000001192092896,0.30000001192092896,0.30000001192092896,0.0,0.0,1.0,0.0,-0.0,1.0,-0.0,-0.9999998807907104,0.30000001192092896,0.30000001192092896,0.30000001192092896,0.30000001192092896
4.6,0,0.0755094364285469,-0.02265828661620617,-0.0024699580390006304,0.2804175019264221,1.0,0.05816178768873215,0.00449550524353981,0.005361101124435663,1,1,1,1,8.937640190124512,5.6157050132751465,5.736116886138916,8.4038724899292,8.937640190124512,5.6157050132751465,5.736116886138916,8.4038724899292,0,0,0,0,0,0.9999988675117493,0.07976119220256805,-0.31856727600097656,0.07870465517044067,-0.31760716438293457,0.3282769024372101,0.04956645146012306,0.32994481921195984,0.0500258170068264,-0.23130588233470917,0.049878235906362534,-0.23140044510364532,0.04950733482837677,0.0,0.0,0.0,0.0,0.0,0.0,0.01834266074001789,-0.023024972528219223,0.03830788657069206,-0.01434001512825489,-0.005168326199054718,-0.01623643934726715,-0.0035589588806033134,-0.005300935357809067,0.00035755624412558973,-0.005788533482700586,-0.010153531096875668,-0.0193709097802639,0.0,-0.0,0.0,-0.0,0.0,0.0,0.0,0.0,0.0,0.0,0.0,0.0,0.0,-0.0,0.0,-0.0,0.0,0.0,0.0,0.0,0.0,0.0,0.0,0.0,0.134965717792511,-0.15710830688476562,0.13928383588790894,-0.15407103300094604,0.13638877868652344,0.1497691422700882,0.13452383875846863,0.1492631733417511,0.134965717792511,-0.15710830688476562,0.13928383588790894,-0.15407103300094604,0.13638877868652344,0.1497691422700882,0.13452383875846863,0.1492631733417511,-0.0016772589879110456,-0.013852698728442192,0.019468417391180992,-0.017904143780469894,-0.0474177822470665,0.012228554114699364,-0.049882590770721436,0.04951764643192291,0.30000001192092896,0.30000001192092896,0.30000001192092896,0.30000001192092896,0.0,0.0,1.0,0.0,-0.0,1.0,-0.0,-0.9999998807907104,0.30000001192092896,0.30000001192092896,0.30000001192092896,0.30000001192092896
4.65,0,0.07629311084747314,-0.02258780598640442,-0.006497293245047331,0.28042837977409363,1.0,0.05721733719110489,0.004403619095683098,0.005383735056966543,1,1,1,1,8.445629119873047,6.375473499298096,6.392767429351807,7.925154685974121,8.445629119873047,6.375473499298096,6.392767429351807,7.925154685974121,0,0,0,0,0,0.9999988079071045,0.07975485175848007,-0.3185741603374481,0.07869760692119598,-0.31761422753334045,0.32905927300453186,0.04945807531476021,0.3307421803474426,0.04997700825333595,-0.23060369491577148,0.04990699142217636,-0.2305789440870285,0.04937289282679558,0.0,0.0,0.0,0.0,0.0,0.0,0.016795463860034943,-0.0272830780595541,0.03467518091201782,-0.013993502594530582,-0.00883472990244627,-0.012850713916122913,-0.007414104416966438,-0.00540892593562603,-0.0036688423715531826,-0.01134256087243557,-0.005310907494276762,-0.018746862187981606,0.0,-0.0,0.0,-0.0,0.0,0.0,0.0,0.0,0.0,0.0,0.0,0.0,0.0,-0.0,0.0,-0.0,0.0,0.0,0.0,0.0,0.0,0.0,0.0,0.0,0.134965717792511,-0.15710830688476562,0.13928383588790894,-0.15407103300094604,0.13638877868652344,0.1497691422700882,0.13452383875846863,0.1492631733417511,0.134965717792511,-0.15710830688476562,0.13928383588790894,-0.15407103300094604,0.13638877868652344,0.1497691422700882,0.13452383875846863,0.1492631733417511,-0.0016772589879110456,-0.013852698728442192,0.019468417391180992,-0.017904143780469894,-0.0474177822470665,0.012228554114699364,-0.049882590770721436,0.04951764643192291,0.30000001192092896,0.30000001192092896,0.30000001192092896,0.30000001192092896,0.0,0.0,1.0,0.0,-0.0,1.0,-0.0,-0.9999998807907104,0.30000001192092896,0.30000001192092896,0.30000001192092896,0.30000001192092896
4.7,0,0.0771019235253334,-0.022535644471645355,-0.0015548465307801962,0.2804248631000519,1.0,0.05420025438070297,0.004546092823147774,0.005408528260886669,1,1,1,1,8.216065406799316,6.371459484100342,6.414486408233643,7.65426778793335,8.216065406799316,6.371459484100342,6.414486408233643,7.65426778793335,0,0,0,0,0,0.9999987483024597,0.07974885404109955,-0.3185805380344391,0.07869083434343338,-0.3176209628582001,0.32985126972198486,0.04933423176407814,0.3315452039241791,0.04991268739104271,-0.22988899052143097,0.049926888197660446,-0.22974392771720886,0.049223076552152634,0.0,0.0,0.0,0.0,0.0,0.0,0.015813220292329788,-0.025169314816594124,0.03378095105290413,-0.014740074053406715,-0.007488088216632605,-0.013710647821426392,-0.004494254942983389,-0.006144952028989792,-0.003044057870283723,-0.008828038349747658,-0.0055520967580378056,-0.01660284958779812,0.0,-0.0,0.0,-0.0,0.0,0.0,0.0,0.0,0.0,0.0,0.0,0.0,0.0,-0.0,0.0,-0.0,0.0,0.0,0.0,0.0,0.0,0.0,0.0,0.0,0.134965717792511,-0.15710830688476562,0.13928383588790894,-0.15407103300094604,0.13638877868652344,0.1497691422700882,0.13452383875846863,0.1492631733417511,0.134965717792511,-0.15710830688476562,0.13928383588790894,-0.15407103300094604,0.13638877868652344,0.1497691422700882,0.13452383875846863,0.1492631733417511,-0.0016772589879110456,-0.013852698728442192,0.019468417391180992,-0.017904143780469894,-0.0474177822470665,0.012228554114699364,-0.049882590770721436,0.04951764643192291,0.30000001192092896,0.30000001192092896,0.30000001192092896,0.30000001192092896,0.0,0.0,1.0,0.0,-0.0,1.0,-0.0,-0.9999998807907104,0.30000001192092896,0.30000001192092896,0.30000001192092896,0.30000001192092896
4.75,0,0.07791812717914581,-0.02247156947851181,0.0015442013973370194,0.2804223299026489,1.0,0.053445469588041306,0.004563967697322369,0.005444991867989302,1,1,1,1,7.842724800109863,6.830539226531982,6.880770206451416,7.1798176765441895,7.842724800109863,6.830539226531982,6.880770206451416,7.1798176765441895,0,0,0,0,0,0.9999986886978149,0.07974228262901306,-0.3185877203941345,0.07868458330631256,-0.31762707233428955,0.33064937591552734,0.04919661581516266,0.33235716819763184,0.04983467981219292,-0.22916336357593536,0.049936387687921524,-0.2289053052663803,0.04905673861503601,0.0,0.0,0.0,0.0,0.0,0.0,0.015786955133080482,-0.02465340867638588,0.033508677035570145,-0.014431634917855263,-0.007632833439856768,-0.013510546647012234,-0.004507876001298428,-0.005746394861489534,-0.0028965193778276443,-0.008938612416386604,-0.0054171122610569,-0.016016406938433647,0.0,-0.0,0.0,-0.0,0.0,0.0,0.0,0.0,0.0,0.0,0.0,0.0,0.0,-0.0,0.0,-0.0,0.0,0.0,0.0,0.0,0.0,0.0,0.0,0.0,0.134965717792511,-0.15710830688476562,0.13928383588790894,-0.15407103300094604,0.13638877868652344,0.1497691422700882,0.13452383875846863,0.1492631733417511,0.134965717792511,-0.15710830688476562,0.13928383588790894,-0.15407103300094604,0.13638877868652344,0.1497691422700882,0.13452383875846863,0.1492631733417511,-0.0016772589879110456,-0.013852698728442192,0.019468417391180992,-0.017904143780469894,-0.0474177822470665,0.012228554114699364,-0.049882590770721436,0.04951764643192291,0.30000001192092896,0.30000001192092896,0.30000001192092896,0.30000001192092896,0.0,0.0,1.0,0.0,-0.0,1.0,-0.0,-0.9999998807907104,0.30000001192092896,0.30000001192092896,0.30000001192092896,0.30000001192092896
4.8,0,0.07872629165649414,-0.022399866953492165,5.810445509268902e-05,0.2804393768310547,1.0,0.05442848429083824,0.004649829119443893,0.005503450054675341,1,1,1,1,7.469225883483887,7.250115394592285,7.219729900360107,6.771744251251221,7.469225883483887,7.250115394592285,7.219729900360107,6.771744251251221,0,0,0,0,0,0.9999986290931702,0.07973433285951614,-0.3185963034629822,0.07867579162120819,-0.31763556599617004,0.33144715428352356,0.049046099185943604,0.3331843316555023,0.04974405840039253,-0.22843991219997406,0.049934517592191696,-0.22806701064109802,0.048876482993364334,0.0,0.0,0.0,0.0,0.0,0.0,0.01590566337108612,-0.02743550017476082,0.031808219850063324,-0.013380239717662334,-0.010572447441518307,-0.010718693025410175,-0.0076880003325641155,-0.005229705944657326,-0.004952494520694017,-0.012227244675159454,-0.0024941558949649334,-0.016510413959622383,0.0,-0.0,0.0,-0.0,0.0,0.0,0.0,0.0,0.0,0.0,0.0,0.0,0.0,-0.0,0.0,-0.0,0.0,0.0,0.0,0.0,0.0,0.0,0.0,0.0,0.134965717792511,-0.15710830688476562,0.13928383588790894,-0.15407103300094604,0.13638877868652344,0.1497691422700882,0.13452383875846863,0.1492631733417511,0.134965717792511,-0.15710830688476562,0.13928383588790894,-0.15407103300094604,0.13638877868652344,0.1497691422700882,0.13452383875846863,0.1492631733417511,-0.0016772589879110456,-0.013852698728442192,0.019468417391180992,-0.017904143780469894,-0.0474177822470665,0.012228554114699364,-0.049882590770721436,0.04951764643192291,0.30000001192092896,0.30000001192092896,0.30000001192092896,0.30000001192092896,0.0,0.0,1.0,0.0,-0.0,1.0,-0.0,-0.9999998807907104,0.30000001192092896,0.30000001192092896,0.30000001192092896,0.30000001192092896
4.85,0,0.07956381887197495,-0.022345831617712975,-2.8968672268092632e-05,0.28044018149375916,1.0,0.049585677683353424,0.004674867726862431,0.005557811353355646,1,1,1,1,7.0868449211120605,7.671519756317139,7.602266788482666,6.371026039123535,7.0868449211120605,7.671519756317139,7.602266788482666,6.371026039123535,0,0,0,0,0,0.9999985098838806,0.07972649484872818,-0.3186047375202179,0.07866717875003815,-0.3176441788673401,0.3322564661502838,0.048879507929086685,0.33401885628700256,0.04963645711541176,-0.22770032286643982,0.04992177337408066,-0.22721581161022186,0.048678088933229446,0.0,0.0,0.0,0.0,0.0,0.0,0.015533624216914177,-0.022899530827999115,0.030980808660387993,-0.013686694204807281,-0.008995694108307362,-0.012314390391111374,-0.0038674420211464167,-0.005096971523016691,-0.00259341299533844,-0.008478155359625816,-0.004037306644022465,-0.01332342904061079,0.0,-0.0,0.0,-0.0,0.0,0.0,0.0,0.0,0.0,0.0,0.0,0.0,0.0,-0.0,0.0,-0.0,0.0,0.0,0.0,0.0,0.0,0.0,0.0,0.0,0.134965717792511,-0.15710830688476562,0.13928383588790894,-0.15407103300094604,0.13638877868652344,0.1497691422700882,0.13452383875846863,0.1492631733417511,0.134965717792511,-0.15710830688476562,0.13928383588790894,-0.15407103300094604,0.13638877868652344,0.1497691422700882,0.13452383875846863,0.1492631733417511,-0.0016772589879110456,-0.013852698728442192,0.019468417391180992,-0.017904143780469894,-0.0474177822470665,0.012228554114699364,-0.049882590770721436,0.04951764643192291,0.30000001192092896,0.30000001192092896,0.30000001192092896,0.30000001192092896,0.0,0.0,1.0,0.0,-0.0,1.0,-0.0,-0.9999998807907104,0.30000001192092896,0.30000001192092896,0.30000001192092896,0.30000001192092896
4.9,0,0.08036651462316513,-0.022356335073709488,-0.00042885649600066245,0.28046441078186035,1.0,0.04868531972169876,0.004579314962029457,0.005729286465793848,1,1,1,1,7.552361488342285,7.3466668128967285,7.436247825622559,6.898713111877441,7.552361488342285,7.3466668128967285,7.436247825622559,6.898713111877441,0,0,0,0,0,0.9999985098838806,0.07971310615539551,-0.31861892342567444,0.0786532610654831,-0.3176577687263489,0.3330328166484833,0.04878345504403114,0.3348427712917328,0.04951810836791992,-0.22696346044540405,0.0498972125351429,-0.22637592256069183,0.04846782982349396,0.0,0.0,0.0,0.0,0.0,0.0,0.012598875910043716,-0.02608509175479412,0.027168767526745796,-0.014042970724403858,-0.01044248603284359,-0.010330752469599247,-0.005313416477292776,-0.005924905184656382,-0.006217280402779579,-0.011768932454288006,0.0001567583531141281,-0.0118091506883502,0.0,-0.0,0.0,-0.0,0.0,0.0,0.0,0.0,0.0,0.0,0.0,0.0,0.0,-0.0,0.0,-0.0,0.0,0.0,0.0,0.0,0.0,0.0,0.0,0.0,0.134965717792511,-0.15710830688476562,0.13928383588790894,-0.15407103300094604,0.13638877868652344,0.1497691422700882,0.13452383875846863,0.1492631733417511,0.134965717792511,-0.15710830688476562,0.13928383588790894,-0.15407103300094604,0.13638877868652344,0.1497691422700882,0.13452383875846863,0.1492631733417511,-0.0016772589879110456,-0.013852698728442192,0.019468417391180992,-0.017904143780469894,-0.0474177822470665,0.012228554114699364,-0.049882590770721436,0.04951764643192291,0.30000001192092896,0.30000001192092896,0.30000001192092896,0.30000001192092896,0.0,0.0,1.0,0.0,-0.0,1.0,-0.0,-0.9999998807907104,0.30000001192092896,0.30000001192092896,0.30000001192092896,0.30000001192092896
4.95,0,0.0810764878988266,-0.022089576348662376,0.0033299883361905813,0.2805139422416687,1.0,0.053775422275066376,0.004195773042738438,0.005750812124460936,1,1,1,1,8.24841594696045,6.244470119476318,6.727579593658447,7.507829666137695,8.24841594696045,6.244470119476318,6.727579593658447,7.507829666137695,0,0,0,0,0,0.9999985098838806,0.0797073096036911,-0.31862473487854004,0.07864849269390106,-0.31766289472579956,0.3337867856025696,0.04870675876736641,0.3356296420097351,0.0493902787566185,-0.2262592315673828,0.0499236136674881,-0.22564293444156647,0.04851807281374931,0.0,0.0,0.0,0.0,0.0,0.0,0.015499337576329708,-0.02538444660604,0.033341772854328156,-0.013205021619796753,-0.007683055475354195,-0.01318816002458334,-0.006344824563711882,-0.004097487777471542,-0.002827137941494584,-0.011275694705545902,-0.004949785303324461,-0.016477638855576515,0.0,-0.0,0.0,-0.0,0.0,0.0,0.0,0.0,0.0,0.0,0.0,0.0,0.0,-0.0,0.0,-0.0,0.0,0.0,0.0,0.0,0.0,0.0,0.0,0.0,0.134965717792511,-0.15710830688476562,0.13928383588790894,-0.15407103300094604,0.13638877868652344,0.1497691422700882,0.13452383875846863,0.1492631733417511,0.134965717792511,-0.15710830688476562,0.13928383588790894,-0.15407103300094604,0.13638877868652344,0.1497691422700882,0.13452383875846863,0.1492631733417511,-0.0016772589879110456,-0.013852698728442192,0.019468417391180992,-0.017904143780469894,-0.0474177822470665,0.012228554114699364,-0.049882590770721436,0.04951764643192291,0.30000001192092896,0.30000001192092896,0.30000001192092896,0.30000001192092896,0.0,0.0,1.0,0.0,-0.0,1.0,-0.0,-0.9999998807907104,0.30000001192092896,0.30000001192092896,0.30000001192092896,0.30000001192092896
