time_s,env_id,base_x_m,pitch_rad,pitch_rate_rad_s,margin_m,fsm_phase,action_l2,reward,roll_rad,fl_contact_state,fr_contact_state,rl_contact_state,rr_contact_state,fl_contact_force_n,fr_contact_force_n,rl_contact_force_n,rr_contact_force_n,fl_wheel_x_m,fl_wheel_z_m,fr_wheel_x_m,fr_wheel_z_m,rl_wheel_x_m,rl_wheel_z_m,rr_wheel_x_m,rr_wheel_z_m,reference_00,reference_01,reference_02,reference_03,reference_04,reference_05,reference_06,reference_07,reference_08,reference_09,reference_10,reference_11
0.0,0,0.014283798635005951,-0.012849605642259121,0.39585375785827637,0.2817249596118927,0.0,0.0,-3.4874329566955566,-0.00046168966218829155,1,1,1,1,17.179122924804688,5.281231880187988,23.52887535095215,7.64386510848999,0.26633450388908386,0.03828505799174309,0.2696703374385834,0.03989265859127045,-0.30183377861976624,0.04681688919663429,-0.30302664637565613,0.047560371458530426,0.0,0.0,0.0,0.0,0.0,0.0,0.0,0.0,0.30000001192092896,0.30000001192092896,0.30000001192092896,0.30000001192092896
0.05,0,0.009352583438158035,-0.02500363253057003,0.03855462744832039,0.28121218085289,0.0,0.0,-0.2380206137895584,0.0024557688739150763,1,1,1,1,15.777835845947266,5.148324012756348,4.752487659454346,30.00008773803711,0.26289045810699463,0.048983655869960785,0.2637189030647278,0.04911275580525398,-0.3013942539691925,0.04945961385965347,-0.3049965798854828,0.04919809475541115,0.0,0.0,0.0,0.0,0.0,0.0,0.0,0.0,0.30000001192092896,0.30000001192092896,0.30000001192092896,0.30000001192092896
0.1,0,0.008817235007882118,-0.02464362606406212,0.0015033888630568981,0.2814275622367859,0.0,0.0,0.007653244771063328,0.0022358507849276066,1,1,1,1,8.996272087097168,4.98013973236084,5.259177207946777,9.336526870727539,0.26305657625198364,0.049015339463949203,0.26364126801490784,0.049163758754730225,-0.30086952447891235,0.049396004527807236,-0.3044857978820801,0.049290597438812256,0.0,0.0,0.0,0.0,0.0,0.0,0.0,0.0,0.30000001192092896,0.30000001192092896,0.30000001192092896,0.30000001192092896
0.15,0,0.00905710831284523,-0.024784991517663002,-0.004575409460812807,0.2814860939979553,0.0,0.0,0.015411951579153538,0.0021233069710433483,1,1,1,1,9.894365310668945,4.138307094573975,4.413257598876953,10.12793254852295,0.26348063349723816,0.04909983277320862,0.2640112638473511,0.04922999069094658,-0.3001142144203186,0.04927806183695793,-0.3037884831428528,0.049404967576265335,0.0,0.0,0.0,0.0,0.0,0.0,0.0,0.0,0.30000001192092896,0.30000001192092896,0.30000001192092896,0.30000001192092896
0.2,0,0.009470401331782341,-0.024949846789240837,-0.007383113261312246,0.2814498543739319,0.0,0.0,0.01638084277510643,0.0019882130436599255,1,1,1,1,10.461773872375488,3.697927951812744,4.0038676261901855,10.520925521850586,0.26395663619041443,0.04919013753533363,0.2644248604774475,0.049305085092782974,-0.29930415749549866,0.049142416566610336,-0.3030565083026886,0.0495150126516819,0.0,0.0,0.0,0.0,0.0,0.0,0.0,0.0,0.30000001192092896,0.30000001192092896,0.30000001192092896,0.30000001192092896
0.25,0,0.009939925745129585,-0.025112232193350792,-0.014536234550178051,0.28134357929229736,0.0,0.0,0.015916042029857635,0.0017946187872439623,1,1,1,1,10.220974922180176,4.034751892089844,4.152378559112549,10.566306114196777,0.2644513249397278,0.04928125441074371,0.26481059193611145,0.04937861114740372,-0.2985069751739502,0.04898823797702789,-0.3023180663585663,0.049613840878009796,0.0,0.0,0.0,0.0,0.0,0.0,0.0,0.0,0.30000001192092896,0.30000001192092896,0.30000001192092896,0.30000001192092896
0.3,0,0.01047145389020443,-0.025151992216706276,0.007784008979797363,0.2812032401561737,0.0,0.0,0.009301808662712574,0.0016664067516103387,1,1,1,1,9.131330490112305,4.848515510559082,5.164822101593018,9.545769691467285,0.264972060918808,0.04936804994940758,0.26521986722946167,0.0494597852230072,-0.29773324728012085,0.04893754795193672,-0.3015604317188263,0.04970739036798477,0.0,0.0,0.0,0.0,0.0,0.0,0.0,0.0,0.30000001192092896,0.30000001192092896,0.30000001192092896,0.30000001192092896
0.35,0,0.011096896603703499,-0.025028211995959282,0.006397146265953779,0.2810607850551605,0.0,0.0,0.008933128789067268,0.0017366154352203012,1,1,1,1,9.102550506591797,4.997063159942627,5.280398368835449,9.378079414367676,0.26553186774253845,0.04945286735892296,0.26571619510650635,0.04954105243086815,-0.2969949543476105,0.04908376187086105,-0.3007674515247345,0.04979478195309639,0.0,0.0,0.0,0.0,0.0,0.0,0.0,0.0,0.30000001192092896,0.30000001192092896,0.30000001192092896,0.30000001192092896
0.4,0,0.011756883934140205,-0.024935293942689896,0.004605969879776239,0.28092581033706665,0.0,0.0,0.0088284807279706,0.0017914018826559186,1,1,1,1,8.923834800720215,5.196474552154541,5.431495666503906,9.189210891723633,0.26610907912254333,0.04953315854072571,0.2662486433982849,0.04961853101849556,-0.2962528169155121,0.04921899735927582,-0.29995688796043396,0.04986906051635742,0.0,0.0,0.0,0.0,0.0,0.0,0.0,0.0,0.30000001192092896,0.30000001192092896,0.30000001192092896,0.30000001192092896
0.45,0,0.012426325120031834,-0.0248416680842638,0.005154600832611322,0.2807967960834503,0.0,0.0,0.00801176205277443,0.0018540374003350735,1,1,1,1,8.804561614990234,5.325757026672363,5.560476779937744,8.931840896606445,0.26669594645500183,0.049608584493398666,0.2667960226535797,0.04969015717506409,-0.2955113649368286,0.04934331774711609,-0.2991349399089813,0.049927935004234314,0.0,0.0,0.0,0.0,0.0,0.0,0.0,0.0,0.30000001192092896,0.30000001192092896,0.30000001192092896,0.30000001192092896
0.5,0,0.013115327805280685,-0.02477678470313549,0.004530531354248524,0.28067919611930847,0.0,0.0,0.008383231237530708,0.0019207352306693792,1,1,1,1,8.747591972351074,5.426910400390625,5.6238908767700195,8.935440063476562,0.26729434728622437,0.04967813566327095,0.26737019419670105,0.0497564822435379,-0.29476410150527954,0.049454644322395325,-0.2983158528804779,0.04997681453824043,0.0,0.0,0.0,0.0,0.0,0.0,0.0,0.0,0.30000001192092896,0.30000001192092896,0.30000001192092896,0.30000001192092896
0.55,0,0.013812737539410591,-0.024725817143917084,0.003541976446285844,0.28056374192237854,0.0,0.0,0.007578871212899685,0.001972390338778496,1,1,1,1,8.549680709838867,5.6402692794799805,5.828555107116699,8.715603828430176,0.2679043412208557,0.04974065348505974,0.2679532468318939,0.04981628432869911,-0.29402297735214233,0.049555618315935135,-0.29749390482902527,0.050010666251182556,0.0,0.0,0.0,0.0,0.0,0.0,0.0,0.0,0.30000001192092896,0.30000001192092896,0.30000001192092896,0.30000001192092896
0.6,0,0.014525928534567356,-0.024700453504920006,0.002237672219052911,0.28045326471328735,0.0,0.0,0.00835349503904581,0.00202584289945662,1,1,1,1,8.501636505126953,5.736973285675049,5.88519811630249,8.616164207458496,0.2685248553752899,0.049796879291534424,0.2685534954071045,0.049870844930410385,-0.29327917098999023,0.04964582249522209,-0.29666781425476074,0.05003046616911888,0.0,0.0,0.0,0.0,0.0,0.0,0.0,0.0,0.30000001192092896,0.30000001192092896,0.30000001192092896,0.30000001192092896
0.65,0,0.015236441977322102,-0.024671992287039757,0.0018262768862769008,0.28034940361976624,0.0,0.0,0.00827802624553442,0.0020747713278979063,1,1,1,1,8.375062942504883,5.906093120574951,6.017255783081055,8.44301986694336,0.2691511809825897,0.04984498396515846,0.269159734249115,0.0499187633395195,-0.2925354540348053,0.049724094569683075,-0.29583296179771423,0.050036534667015076,0.0,0.0,0.0,0.0,0.0,0.0,0.0,0.0,0.30000001192092896,0.30000001192092896,0.30000001192092896,0.30000001192092896
0.7,0,0.015959497541189194,-0.0246755201369524,0.002568204188719392,0.28025195002555847,0.0,0.0,0.008501023054122925,0.0021349263843148947,1,1,1,1,8.2841796875,6.018038272857666,6.115726947784424,8.399359703063965,0.26977938413619995,0.04988587275147438,0.2697804570198059,0.049959808588027954,-0.2917909622192383,0.049791473895311356,-0.29500555992126465,0.05002856254577637,0.0,0.0,0.0,0.0,0.0,0.0,0.0,0.0,0.30000001192092896,0.30000001192092896,0.30000001192092896,0.30000001192092896
0.75,0,0.016678621992468834,-0.024671755731105804,0.002185289980843663,0.2801673412322998,0.0,0.0,0.00876704417169094,0.0021867097821086645,1,1,1,1,8.200154304504395,6.122601509094238,6.173510551452637,8.331908226013184,0.2704128623008728,0.04991728439927101,0.2704079747200012,0.0499931238591671,-0.29105037450790405,0.049847062677145004,-0.294169545173645,0.05000658333301544,0.0,0.0,0.0,0.0,0.0,0.0,0.0,0.0,0.30000001192092896,0.30000001192092896,0.30000001192092896,0.30000001192092896
0.8,0,0.017407666891813278,-0.024682607501745224,0.0005259002791717649,0.2800837755203247,0.0,0.0,0.008033355697989464,0.0022456420119851828,1,1,1,1,8.037036895751953,6.315791130065918,6.300868034362793,8.072402000427246,0.2710546553134918,0.04993997514247894,0.27104637026786804,0.05001870170235634,-0.2903016209602356,0.04989221692085266,-0.2933286726474762,0.0499708391726017,0.0,0.0,0.0,0.0,0.0,0.0,0.0,0.0,0.30000001192092896,0.30000001192092896,0.30000001192092896,0.30000001192092896
0.85,0,0.018145687878131866,-0.024712983518838882,-0.004286817274987698,0.27999892830848694,0.0,0.0,0.00981404073536396,0.002308785216882825,1,1,1,1,8.084676742553711,6.39153528213501,6.385735034942627,7.954574108123779,0.27170196175575256,0.04995213449001312,0.2716975510120392,0.05003642663359642,-0.28955236077308655,0.049925632774829865,-0.2924827039241791,0.04992014542222023,0.0,0.0,0.0,0.0,0.0,0.0,0.0,0.0,0.30000001192092896,0.30000001192092896,0.30000001192092896,0.30000001192092896
0.9,0,0.018873106688261032,-0.024685218930244446,0.00488044461235404,0.27993345260620117,0.0,0.0,0.008956034667789936,0.0023194134701043367,1,1,1,1,8.0947265625,6.300062656402588,6.02524995803833,8.404096603393555,0.27236393094062805,0.04995682090520859,0.27235299348831177,0.05004478618502617,-0.2888050079345703,0.049948327243328094,-0.29166725277900696,0.04991560056805611,0.0,0.0,0.0,0.0,0.0,0.0,0.0,0.0,0.30000001192092896,0.30000001192092896,0.30000001192092896,0.30000001192092896
0.95,0,0.0195887703448534,-0.024594459682703018,-0.0004690913774538785,0.27986329793930054,0.0,0.0,0.009327400475740433,0.0023288880474865437,1,1,1,1,8.312994956970215,6.0690999031066895,5.714125633239746,8.635241508483887,0.2730170488357544,0.04995070397853851,0.27301090955734253,0.050044331699609756,-0.2880280017852783,0.049959033727645874,-0.2908669114112854,0.04995528981089592,0.0,0.0,0.0,0.0,0.0,0.0,0.0,0.0,0.30000001192092896,0.30000001192092896,0.30000001192092896,0.30000001192092896
1.0,0,0.020313870161771774,-0.024553189054131508,8.437285578111187e-05,0.27979597449302673,0.0,0.0,0.006062287837266922,0.002290751552209258,1,1,1,1,8.090497970581055,6.299868583679199,5.7130913734436035,8.60573959350586,0.2736753225326538,0.049934934824705124,0.27367597818374634,0.050033461302518845,-0.2872791886329651,0.04995933547616005,-0.29007312655448914,0.04998281970620155,0.0,0.0,0.0,0.0,0.0,0.0,0.0,0.0,0.30000001192092896,0.30000001192092896,0.30000001192092896,0.30000001192092896
1.05,0,0.021054090932011604,-0.024507543072104454,0.00020284764468669891,0.2797326147556305,0.0,0.0,0.008585531264543533,0.0022456238511949778,1,1,1,1,8.277230262756348,6.1086344718933105,6.077925205230713,8.403080940246582,0.27434369921684265,0.04990778863430023,0.27435266971588135,0.05001293122768402,-0.28652170300483704,0.049957480281591415,-0.2892727851867676,0.04999775066971779,0.0,0.0,0.0,0.0,0.0,0.0,0.0,0.0,0.30000001192092896,0.30000001192092896,0.30000001192092896,0.30000001192092896
1.1,0,0.021816596388816833,-0.02441909909248352,0.0006843016017228365,0.2796732485294342,0.0,0.0,0.00807978119701147,0.0021917051635682583,1,1,1,1,8.178524017333984,6.281206130981445,6.213907241821289,8.049093246459961,0.27505603432655334,0.049868255853652954,0.2750420868396759,0.04998239874839783,-0.28576985001564026,0.04998417943716049,-0.2884584963321686,0.05000016465783119,0.0,0.0,0.0,0.0,0.0,0.0,0.0,0.0,0.30000001192092896,0.30000001192092896,0.30000001192092896,0.30000001192092896
1.15,0,0.022588495165109634,-0.024346167221665382,0.00010504625242901966,0.27962496876716614,0.0,0.0,0.00905765499919653,0.002144663129001856,1,1,1,1,8.188414573669434,6.333779335021973,6.09846305847168,8.120199203491211,0.2757794260978699,0.049817826598882675,0.2757461667060852,0.049941286444664,-0.28501376509666443,0.04999745637178421,-0.28763800859451294,0.04998825863003731,0.0,0.0,0.0,0.0,0.0,0.0,0.0,0.0,0.30000001192092896,0.30000001192092896,0.30000001192092896,0.30000001192092896
1.2,0,0.023361891508102417,-0.024265816435217857,-0.00367564894258976,0.27958208322525024,0.0,0.0,0.009637348353862762,0.0020926783327013254,1,1,1,1,8.186256408691406,6.533544540405273,6.0978474617004395,8.11426830291748,0.27651098370552063,0.049754686653614044,0.2764574885368347,0.049889322370290756,-0.28425657749176025,0.049999818205833435,-0.2868131697177887,0.04996328428387642,0.0,0.0,0.0,0.0,0.0,0.0,0.0,0.0,0.30000001192092896,0.30000001192092896,0.30000001192092896,0.30000001192092896
1.25,0,0.0241136085242033,-0.02425050176680088,-0.0004922616644762456,0.279552698135376,0.0,0.0,0.009576130658388138,0.0019390190718695521,1,1,1,1,7.295454978942871,7.198890209197998,6.729067325592041,7.503260135650635,0.27723193168640137,0.049683041870594025,0.2771422863006592,0.04993400350213051,-0.28352057933807373,0.04998810961842537,-0.2859921157360077,0.049925994127988815,0.0,0.0,0.0,0.0,0.0,0.0,0.0,0.0,0.30000001192092896,0.30000001192092896,0.30000001192092896,0.30000001192092896
1.3,0,0.02486523613333702,-0.024225547909736633,0.00014687493967358023,0.2795349359512329,1.0,0.0,-1.9933210611343384,0.0017758833710104227,1,1,1,1,6.980488300323486,7.571474075317383,7.094301700592041,7.1385111808776855,0.27796581387519836,0.04959928244352341,0.2778340280056,0.04996545985341072,-0.2827865779399872,0.04996725544333458,-0.285168319940567,0.04987340047955513,0.0,0.0,0.0,0.0,0.0,0.0,0.0,0.0,0.30000001192092896,0.30000001192092896,0.30000001192092896,0.30000001192092896
1.35,0,0.02563292533159256,-0.024210132658481598,-0.0004957605851814151,0.27951300144195557,1.0,0.0,-0.00761229544878006,0.001603444223292172,1,1,1,1,6.6822075843811035,7.89446496963501,7.383773326873779,6.759069919586182,0.27870991826057434,0.04950307682156563,0.2785416543483734,0.04998772591352463,-0.28204065561294556,0.04993315786123276,-0.28433680534362793,0.04980684444308281,0.0,0.0,0.0,0.0,0.0,0.0,0.0,0.0,0.30000001192092896,0.30000001192092896,0.30000001192092896,0.30000001192092896
1.4,0,0.026408568024635315,-0.024181129410862923,-0.00024418343673460186,0.279492050409317,1.0,0.0,-0.00683668302372098,0.0013961930526420474,1,1,1,1,7.050471305847168,7.4351277351379395,7.212386608123779,6.95045280456543,0.2794628441333771,0.049394574016332626,0.27925965189933777,0.05000036209821701,-0.28128963708877563,0.04988865926861763,-0.2835116386413574,0.04975437372922897,0.0,0.0,0.0,0.0,0.0,0.0,0.0,0.0,0.30000001192092896,0.30000001192092896,0.30000001192092896,0.30000001192092896
1.45,0,0.02715754136443138,-0.02405047044157982,0.0008111909846775234,0.2794888913631439,1.0,0.0,-0.0075871809385716915,0.001037480542436242,1,1,1,1,7.143629550933838,7.384928226470947,7.228018283843994,6.978825569152832,0.2802180349826813,0.04927724227309227,0.27997514605522156,0.050002142786979675,-0.2805401384830475,0.04983104020357132,-0.2827322483062744,0.04982296749949455,0.0,0.0,0.0,0.0,0.0,0.0,0.0,0.0,0.30000001192092896,0.30000001192092896,0.30000001192092896,0.30000001192092896
1.5,0,0.027928272262215614,-0.023928852751851082,-1.4690313037135638e-05,0.27947819232940674,1.0,0.0,-0.007709232624620199,0.000685915001668036,1,1,1,1,7.1797776222229,7.39918327331543,7.196714878082275,6.9639153480529785,0.2809848189353943,0.04914594814181328,0.28070369362831116,0.04999329149723053,-0.27976810932159424,0.04975958168506622,-0.28194427490234375,0.049880124628543854,0.0,0.0,0.0,0.0,0.0,0.0,0.0,0.0,0.30000001192092896,0.30000001192092896,0.30000001192092896,0.30000001192092896
1.55,0,0.028714528307318687,-0.023817727342247963,-0.0006215114262886345,0.27946460247039795,1.0,0.0,-0.008015450090169907,0.00032819289481267333,1,1,1,1,7.165143013000488,7.4396796226501465,7.227645397186279,6.9111714363098145,0.28176209330558777,0.04900052770972252,0.28144338726997375,0.049973051995038986,-0.27898553013801575,0.049674779176712036,-0.2811495363712311,0.0499255545437336,0.0,0.0,0.0,0.0,0.0,0.0,0.0,0.0,0.30000001192092896,0.30000001192092896,0.30000001192092896,0.30000001192092896
1.6,0,0.029454348608851433,-0.023815076798200607,-0.00666379788890481,0.2794485092163086,1.0,0.0,-0.0024610175751149654,0.00016851119289640337,1,1,1,1,8.397919654846191,5.8799896240234375,5.944021224975586,8.48136043548584,0.2824883460998535,0.04895737022161484,0.282168447971344,0.049943707883358,-0.2782086133956909,0.04958047345280647,-0.2803833484649658,0.04995708167552948,0.0,0.0,0.0,0.0,0.0,0.0,0.0,0.0,0.30000001192092896,0.30000001192092896,0.30000001192092896,0.30000001192092896
1.65,0,0.030087362974882126,-0.023959873244166374,-0.009076648391783237,0.2794361710548401,1.0,0.0,-0.003240254707634449,0.0003123468777630478,1,1,1,1,9.107254981994629,5.2391133308410645,5.270135879516602,9.107882499694824,0.28311437368392944,0.04908008128404617,0.2828484773635864,0.04990669712424278,-0.277458518743515,0.04947623610496521,-0.2796696126461029,0.04998316243290901,0.0,0.0,0.0,0.0,0.0,0.0,0.0,0.0,0.30000001192092896,0.30000001192092896,0.30000001192092896,0.30000001192092896
1.7,0,0.03074946254491806,-0.024134496226906776,-0.011017803102731705,0.2794158160686493,1.0,0.0,-0.0032629992347210646,0.0004660024424083531,1,1,1,1,9.628835678100586,4.739621162414551,4.7175397872924805,9.629677772521973,0.2837526202201843,0.04919686168432236,0.2835342288017273,0.04985946789383888,-0.27668529748916626,0.0493585579097271,-0.2789858281612396,0.049998532980680466,0.0,0.0,0.0,0.0,0.0,0.0,0.0,0.0,0.30000001192092896,0.30000001192092896,0.30000001192092896,0.30000001192092896
1.75,0,0.031414322555065155,-0.02432342618703842,-0.00556571688503027,0.27939650416374207,1.0,0.0,-0.0037427940405905247,0.0006100062164478004,1,1,1,1,10.393892288208008,4.084125518798828,4.429341793060303,10.35210132598877,0.2843950390815735,0.049306176602840424,0.28421592712402344,0.049803461879491806,-0.2759104073047638,0.04922662302851677,-0.27826762199401855,0.05000237748026848,0.0,0.0,0.0,0.0,0.0,0.0,0.0,0.0,0.30000001192092896,0.30000001192092896,0.30000001192092896,0.30000001192092896
1.8,0,0.032081279903650284,-0.024218615144491196,-0.0017340241465717554,0.27936774492263794,1.0,0.0,-0.007717083673924208,0.0009978661546483636,1,1,1,1,9.35289192199707,5.0451202392578125,5.087095737457275,9.396445274353027,0.2850480377674103,0.04940444976091385,0.28491148352622986,0.04973801225423813,-0.2752053141593933,0.04934367164969444,-0.2775363624095917,0.05000387132167816,0.0,0.0,0.0,0.0,0.0,0.0,0.0,0.0,0.30000001192092896,0.30000001192092896,0.30000001192092896,0.30000001192092896
1.8499999999999999,0,0.03275679424405098,-0.024236341938376427,-0.0002469572355039418,0.27934741973876953,1.0,0.0,-0.007683026138693094,0.0011524043511599302,1,1,1,1,8.66047191619873,5.557528972625732,5.9612016677856445,8.554837226867676,0.28570443391799927,0.04949994757771492,0.2855735123157501,0.04980745166540146,-0.27451616525650024,0.049449749290943146,-0.2767980694770813,0.04998938366770744,0.0,0.0,0.0,0.0,0.0,0.0,0.0,0.0,0.30000001192092896,0.30000001192092896,0.30000001192092896,0.30000001192092896
1.9,0,0.033449288457632065,-0.024278588593006134,-0.00017870764713734388,0.2793223261833191,1.0,0.0,-0.007839259691536427,0.001309340470470488,1,1,1,1,8.479793548583984,5.767639636993408,6.138560771942139,8.352338790893555,0.28636884689331055,0.04958727955818176,0.2862445116043091,0.04986826330423355,-0.27382615208625793,0.049548204988241196,-0.27605190873146057,0.04996129870414734,0.0,0.0,0.0,0.0,0.0,0.0,0.0,0.0,0.30000001192092896,0.30000001192092896,0.30000001192092896,0.30000001192092896
1.95,0,0.034154295921325684,-0.02433282881975174,-0.0010875760344788432,0.27929675579071045,1.0,0.0,-0.007804360240697861,0.0014614489628002048,1,1,1,1,8.363092422485352,5.927968502044678,6.260471820831299,8.186049461364746,0.28704309463500977,0.04966655373573303,0.28692424297332764,0.04992089793086052,-0.273132860660553,0.049637243151664734,-0.2752995789051056,0.04992040991783142,0.0,0.0,0.0,0.0,0.0,0.0,0.0,0.0,0.30000001192092896,0.30000001192092896,0.30000001192092896,0.30000001192092896
2.0,0,0.034869395196437836,-0.024396533146500587,-0.0013438444584608078,0.27926889061927795,1.0,0.0,-0.007629501633346081,0.0016244658036157489,1,1,1,1,8.228029251098633,6.098952293395996,6.392999172210693,8.019158363342285,0.2877236306667328,0.04973680153489113,0.2876112759113312,0.04996446147561073,-0.2724315822124481,0.04971739649772644,-0.27453914284706116,0.04986708238720894,0.0,0.0,0.0,0.0,0.0,0.0,0.0,0.0,0.30000001192092896,0.30000001192092896,0.30000001192092896,0.30000001192092896
2.05,0,0.035588447004556656,-0.024466324597597122,-0.0014241080498322845,0.27924346923828125,1.0,0.0,-0.007615209557116032,0.0017854900797829032,1,1,1,1,8.0951566696167,6.259346008300781,6.531805992126465,7.854248523712158,0.2884109318256378,0.04979788884520531,0.2883041799068451,0.04999890178442001,-0.2717287242412567,0.049788132309913635,-0.2737664580345154,0.04980171471834183,0.0,0.0,0.0,0.0,0.0,0.0,0.0,0.0,0.30000001192092896,0.30000001192092896,0.30000001192092896,0.30000001192092896
2.1,0,0.03631202131509781,-0.024528810754418373,-0.0005975362728349864,0.27921831607818604,1.0,0.0,-0.008318481035530567,0.0019325390458106995,1,1,1,1,7.833305835723877,6.5327653884887695,6.79779577255249,7.5584716796875,0.2891034781932831,0.04984896630048752,0.2889998257160187,0.05002366378903389,-0.271024614572525,0.049848075956106186,-0.27298787236213684,0.049723364412784576,0.0,0.0,0.0,0.0,0.0,0.0,0.0,0.0,0.30000001192092896,0.30000001192092896,0.30000001192092896,0.30000001192092896
2.15,0,0.03704972565174103,-0.024601049721240997,-0.0016832089750096202,0.27918949723243713,1.0,0.0,-0.006877880543470383,0.0020852014422416687,1,1,1,1,7.719412326812744,6.687703609466553,6.927928924560547,7.406656265258789,0.2898043096065521,0.04989046975970268,0.28970393538475037,0.050038035959005356,-0.27030953764915466,0.049898549914360046,-0.2722012400627136,0.04963167756795883,0.0,0.0,0.0,0.0,0.0,0.0,0.0,0.0,0.30000001192092896,0.30000001192092896,0.30000001192092896,0.30000001192092896
2.2,0,0.03775728493928909,-0.024594124406576157,0.0021162466146051884,0.27917736768722534,1.0,0.0,-0.006808536127209663,0.0021900369320064783,1,1,1,1,7.810760021209717,6.291199684143066,6.637598037719727,7.821285247802734,0.2905019223690033,0.049921825528144836,0.2904019355773926,0.05004134029150009,-0.2695976793766022,0.049940239638090134,-0.27144908905029297,0.04960764944553375,0.0,0.0,0.0,0.0,0.0,0.0,0.0,0.0,0.30000001192092896,0.30000001192092896,0.30000001192092896,0.30000001192092896
2.25,0,0.03844958543777466,-0.024491341784596443,-8.638746658107266e-05,0.2791704535484314,1.0,0.0,-0.0075553166680037975,0.002199810231104493,1,1,1,1,8.445926666259766,5.859208106994629,6.16207218170166,8.25748062133789,0.29119759798049927,0.04994457960128784,0.29109832644462585,0.05003310367465019,-0.268874853849411,0.0499718114733696,-0.2707478404045105,0.04969492927193642,0.0,0.0,0.0,0.0,0.0,0.0,0.0,0.0,0.30000001192092896,0.30000001192092896,0.30000001192092896,0.30000001192092896
2.3,0,0.03915731608867645,-0.02441449463367462,-0.0019089378183707595,0.27915865182876587,1.0,0.0,-0.007669098675251007,0.002209681086242199,1,1,1,1,8.766716957092285,5.572577953338623,5.826230049133301,8.553521156311035,0.291899710893631,0.04995676130056381,0.29179978370666504,0.05001387372612953,-0.26814085245132446,0.049991704523563385,-0.2700417637825012,0.049772605299949646,0.0,0.0,0.0,0.0,0.0,0.0,0.0,0.0,0.30000001192092896,0.30000001192092896,0.30000001192092896,0.30000001192092896
2.35,0,0.03988146409392357,-0.02435864694416523,-0.003037419868633151,0.2791406512260437,1.0,0.0,-0.007625161670148373,0.002220597118139267,1,1,1,1,8.97384262084961,5.4084248542785645,5.619290351867676,8.727179527282715,0.292608380317688,0.049957845360040665,0.2925073504447937,0.049984294921159744,-0.26739779114723206,0.050001680850982666,-0.2693284749984741,0.04984070733189583,0.0,0.0,0.0,0.0,0.0,0.0,0.0,0.0,0.30000001192092896,0.30000001192092896,0.30000001192092896,0.30000001192092896
2.4,0,0.04061409831047058,-0.024270839989185333,-0.002305503934621811,0.27911436557769775,1.0,0.0,-0.007672465406358242,0.002184906741604209,1,1,1,1,9.175275802612305,5.20755672454834,5.765079021453857,8.609495162963867,0.29331865906715393,0.04994766414165497,0.29321926832199097,0.0499429777264595,-0.26664528250694275,0.05000033602118492,-0.2686072289943695,0.04989895224571228,0.0,0.0,0.0,0.0,0.0,0.0,0.0,0.0,0.30000001192092896,0.30000001192092896,0.30000001192092896,0.30000001192092896
2.45,0,0.04133070632815361,-0.02424207329750061,-0.005166859831660986,0.2790982723236084,1.0,0.0,-0.00746843172237277,0.0022061525378376245,1,1,1,1,9.601786613464355,4.789778709411621,5.339791774749756,8.988541603088379,0.294021338224411,0.04997655749320984,0.2939216196537018,0.0498918816447258,-0.26589617133140564,0.04998854175209999,-0.26789215207099915,0.0499461404979229,0.0,0.0,0.0,0.0,0.0,0.0,0.0,0.0,0.30000001192092896,0.30000001192092896,0.30000001192092896,0.30000001192092896
2.5,0,0.042072851210832596,-0.02422596886754036,-0.003911036532372236,0.2790927290916443,1.0,0.0,-0.00853088777512312,0.0021996377035975456,1,1,1,1,9.783064842224121,4.556840419769287,5.149532318115234,9.202804565429688,0.29475608468055725,0.04999125003814697,0.29462629556655884,0.04982874542474747,-0.2651352286338806,0.04996360465884209,-0.2671665549278259,0.049984224140644073,0.0,0.0,0.0,0.0,0.0,0.0,0.0,0.0,0.30000001192092896,0.30000001192092896,0.30000001192092896,0.30000001192092896
2.55,0,0.04282914847135544,-0.024158509448170662,-0.004449833184480667,0.2790849506855011,1.0,0.0,-0.007805922068655491,0.002252025529742241,1,1,1,1,9.764822959899902,4.692529678344727,4.991662502288818,9.311480522155762,0.29550591111183167,0.04999580979347229,0.29535621404647827,0.049755364656448364,-0.26436883211135864,0.04996275529265404,-0.26643258333206177,0.050013311207294464,0.0,0.0,0.0,0.0,0.0,0.0,0.0,0.0,0.30000001192092896,0.30000001192092896,0.30000001192092896,0.30000001192092896
2.6,0,0.04358986020088196,-0.02408428117632866,-0.00478326203301549,0.27907857298851013,1.0,0.0,-0.007836837321519852,0.002321806736290455,1,1,1,1,9.96040153503418,4.5402021408081055,4.8033447265625,9.461715698242188,0.29626211524009705,0.04998897761106491,0.2960910499095917,0.04967142641544342,-0.26360148191452026,0.04996320605278015,-0.26569458842277527,0.050030987709760666,0.0,0.0,0.0,0.0,0.0,0.0,0.0,0.0,0.30000001192092896,0.30000001192092896,0.30000001192092896,0.30000001192092896
2.65,0,0.04435131698846817,-0.024012506008148193,-0.007868039421737194,0.2790762484073639,1.0,0.0,-0.007500676903873682,0.0023940338287502527,1,1,1,1,10.11596393585205,4.594787120819092,4.62906551361084,9.634064674377441,0.2970239818096161,0.049969274550676346,0.29682958126068115,0.049578361213207245,-0.26283177733421326,0.04995065554976463,-0.2649523615837097,0.05003829672932625,0.0,0.0,0.0,0.0,0.0,0.0,0.0,0.0,0.30000001192092896,0.30000001192092896,0.30000001192092896,0.30000001192092896
2.7,0,0.04509817808866501,-0.024039605632424355,-0.003721361281350255,0.27909329533576965,1.0,0.0,-0.007824303582310677,0.002203624462708831,1,1,1,1,8.760804176330566,5.663455486297607,5.944521903991699,8.376272201538086,0.2977832853794098,0.04993880167603493,0.29752621054649353,0.049666352570056915,-0.2620835602283478,0.04993165284395218,-0.264204204082489,0.050032079219818115,0.0,0.0,0.0,0.0,0.0,0.0,0.0,0.0,0.30000001192092896,0.30000001192092896,0.30000001192092896,0.30000001192092896
2.75,0,0.04585552588105202,-0.024082491174340248,-0.003692702855914831,0.27910587191581726,1.0,0.0,-0.008693031966686249,0.001997971208766103,1,1,1,1,8.516677856445312,5.9402008056640625,6.197231292724609,8.094938278198242,0.29854658246040344,0.04989621415734291,0.2982330918312073,0.049744490534067154,-0.26133817434310913,0.049902454018592834,-0.263444721698761,0.05001200735569,0.0,0.0,0.0,0.0,0.0,0.0,0.0,0.0,0.30000001192092896,0.30000001192092896,0.30000001192092896,0.30000001192092896
2.8,0,0.046624526381492615,-0.024132363498210907,-0.0024701242800801992,0.2791188955307007,1.0,0.0,-0.007935010828077793,0.0017839213833212852,1,1,1,1,8.206879615783691,6.285355091094971,6.50020694732666,7.82716178894043,0.29932060837745667,0.049840930849313736,0.2989509105682373,0.04981313645839691,-0.2605898380279541,0.04986274614930153,-0.2626774311065674,0.04997909814119339,0.0,0.0,0.0,0.0,0.0,0.0,0.0,0.0,0.30000001192092896,0.30000001192092896,0.30000001192092896,0.30000001192092896
2.85,0,0.047399021685123444,-0.024188242852687836,-0.004385262727737427,0.2791288495063782,1.0,0.0,-0.007564402185380459,0.0015627990942448378,1,1,1,1,7.962486743927002,6.560680866241455,6.7387285232543945,7.476106643676758,0.3000970482826233,0.04977380484342575,0.29967689514160156,0.04987219721078873,-0.25983694195747375,0.04981103539466858,-0.2618950605392456,0.049934327602386475,0.0,0.0,0.0,0.0,0.0,0.0,0.0,0.0,0.30000001192092896,0.30000001192092896,0.30000001192092896,0.30000001192092896
2.9,0,0.04818308725953102,-0.024257121607661247,-0.003620320465415716,0.27913913130760193,1.0,0.0,-0.0075645470060408115,0.0013367278734222054,1,1,1,1,7.688717842102051,6.873727798461914,7.00584602355957,7.1728129386901855,0.30088159441947937,0.04969295486807823,0.30041325092315674,0.04992097616195679,-0.2590818703174591,0.04974725842475891,-0.26111143827438354,0.04987594857811928,0.0,0.0,0.0,0.0,0.0,0.0,0.0,0.0,0.30000001192092896,0.30000001192092896,0.30000001192092896,0.30000001192092896
2.95,0,0.04897037893533707,-0.024319540709257126,-0.003680712776258588,0.2791481614112854,1.0,0.0,-0.007650172337889671,0.001105678384192288,1,1,1,1,7.440042495727539,7.214566230773926,7.3145976066589355,6.845957279205322,0.301669180393219,0.04959893599152565,0.3011573553085327,0.0499579980969429,-0.25832465291023254,0.049671102315187454,-0.2603193521499634,0.04980304092168808,0.0,0.0,0.0,0.0,0.0,0.0,0.0,0.0,0.30000001192092896,0.30000001192092896,0.30000001192092896,0.30000001192092896
3.0,0,0.04975711181759834,-0.02440570667386055,-0.0028808005154132843,0.2791600823402405,1.0,0.0,-0.0068930815905332565,0.0008821468218229711,1,1,1,1,7.242024898529053,7.397641658782959,7.439321994781494,6.7058329582214355,0.3024582862854004,0.04949277266860008,0.3019089698791504,0.0499858520925045,-0.2575739324092865,0.04958222433924675,-0.2595222294330597,0.04971751943230629,0.0,0.0,0.0,0.0,0.0,0.0,0.0,0.0,0.30000001192092896,0.30000001192092896,0.30000001192092896,0.30000001192092896
3.05,0,0.05054337531328201,-0.0244751013815403,-0.0030443831346929073,0.27917230129241943,1.0,0.0,-0.007026358973234892,0.0006603844230994582,1,1,1,1,6.920309066772461,7.734955787658691,7.667797565460205,6.414093017578125,0.30324995517730713,0.049372874200344086,0.3026663661003113,0.05000223219394684,-0.25682005286216736,0.04948103055357933,-0.2587137818336487,0.04961889982223511,0.0,0.0,0.0,0.0,0.0,0.0,0.0,0.0,0.30000001192092896,0.30000001192092896,0.30000001192092896,0.30000001192092896
3.1,0,0.05134481564164162,-0.02456115186214447,-0.0038478397764265537,0.27917808294296265,1.0,0.0,-0.006728003267198801,0.0004477312322705984,1,1,1,1,6.743943214416504,7.954845905303955,7.751584529876709,6.255078315734863,0.30404749512672424,0.04923927038908005,0.30343708395957947,0.050006937235593796,-0.2560555040836334,0.04936700314283371,-0.25789889693260193,0.04950579255819321,0.0,0.0,0.0,0.0,0.0,0.0,0.0,0.0,0.30000001192092896,0.30000001192092896,0.30000001192092896,0.30000001192092896
3.15,0,0.05204039812088013,-0.024840276688337326,-0.010226104408502579,0.2791839838027954,1.0,0.0,-0.0028983638621866703,0.0005974548403173685,1,1,1,1,7.962443828582764,6.552505016326904,6.321621894836426,7.874201774597168,0.30473971366882324,0.049305688589811325,0.30416882038116455,0.05000762641429901,-0.25531166791915894,0.049240536987781525,-0.257129043340683,0.04938890039920807,0.0,0.0,0.0,0.0,0.0,0.0,0.0,0.0,0.30000001192092896,0.30000001192092896,0.30000001192092896,0.30000001192092896
3.2,0,0.05272389203310013,-0.02516995742917061,-0.012304292991757393,0.2791875898838043,1.0,0.0,-0.003214410040527582,0.0007906571263447404,1,1,1,1,8.376656532287598,6.120571613311768,5.931005477905273,8.222868919372559,0.30541568994522095,0.049410685896873474,0.30489376187324524,0.04999767988920212,-0.25456225872039795,0.049099694937467575,-0.25636598467826843,0.04926373437047005,0.0,0.0,0.0,0.0,0.0,0.0,0.0,0.0,0.30000001192092896,0.30000001192092896,0.30000001192092896,0.30000001192092896
3.25,0,0.05342462658882141,-0.02552548050880432,-0.012473108246922493,0.27918732166290283,1.0,0.0,-0.003356890520080924,0.0009599192999303341,1,1,1,1,8.76915454864502,5.793559551239014,5.619722843170166,8.541913986206055,0.30610042810440063,0.04950771853327751,0.3056221306324005,0.04997653141617775,-0.2538033723831177,0.04894348233938217,-0.2555982172489166,0.04912468418478966,0.0,0.0,0.0,0.0,0.0,0.0,0.0,0.0,0.30000001192092896,0.30000001192092896,0.30000001192092896,0.30000001192092896
3.3,0,0.05413975566625595,-0.025897325947880745,-0.015780972316861153,0.27918311953544617,1.0,0.0,-0.0033726016990840435,0.0011248872615396976,1,1,1,1,9.189663887023926,5.453497886657715,5.229336738586426,8.893838882446289,0.30679309368133545,0.049596648663282394,0.3063615560531616,0.04994553327560425,-0.25303611159324646,0.04877570644021034,-0.25482386350631714,0.04897166043519974,0.0,0.0,0.0,0.0,0.0,0.0,0.0,0.0,0.30000001192092896,0.30000001192092896,0.30000001192092896,0.30000001192092896
3.35,0,0.054769959300756454,-0.025905514135956764,0.0007633434724994004,0.27921369671821594,1.0,0.0,-0.005586568731814623,0.0012655154569074512,1,1,1,1,9.221826553344727,4.909768104553223,5.382033824920654,9.210134506225586,0.3074682950973511,0.049674808979034424,0.3070705831050873,0.04990402236580849,-0.2523219585418701,0.0487319752573967,-0.2541693150997162,0.049013376235961914,0.0,0.0,0.0,0.0,0.0,0.0,0.0,0.0,0.30000001192092896,0.30000001192092896,0.30000001192092896,0.30000001192092896
3.4,0,0.05540244281291962,-0.025720523670315742,-8.572822116548195e-05,0.27923595905303955,1.0,0.0,-0.00632813572883606,0.0014226710190996528,1,1,1,1,9.624434471130371,4.550930976867676,4.967241287231445,9.586652755737305,0.30814680457115173,0.049742795526981354,0.30777624249458313,0.049852147698402405,-0.2516354024410248,0.04880039766430855,-0.2535425126552582,0.049139201641082764,0.0,0.0,0.0,0.0,0.0,0.0,0.0,0.0,0.30000001192092896,0.30000001192092896,0.30000001192092896,0.30000001192092896
3.4499999999999997,0,0.05606071650981903,-0.025567984208464622,-0.00254619587212801,0.2792457640171051,1.0,0.0,-0.00668235681951046,0.0015791909536346793,1,1,1,1,10.041669845581055,4.1413445472717285,4.523171424865723,10.008992195129395,0.3088316023349762,0.04980267584323883,0.3084894120693207,0.04979012906551361,-0.25093477964401245,0.048860516399145126,-0.25291159749031067,0.04925806447863579,0.0,0.0,0.0,0.0,0.0,0.0,0.0,0.0,0.30000001192092896,0.30000001192092896,0.30000001192092896,0.30000001192092896
3.5,0,0.05673377960920334,-0.02541457861661911,-0.0036349415313452482,0.2792493999004364,1.0,0.0,-0.0068829478695988655,0.0017429349245503545,1,1,1,1,10.347434997558594,3.8860034942626953,4.183189392089844,10.29658317565918,0.3095227777957916,0.049852535128593445,0.3092012107372284,0.04971730336546898,-0.25021594762802124,0.04891245812177658,-0.2522766888141632,0.04936995729804039,0.0,0.0,0.0,0.0,0.0,0.0,0.0,0.0,0.30000001192092896,0.30000001192092896,0.30000001192092896,0.30000001192092896
3.55,0,0.057420458644628525,-0.02526802197098732,-0.00423827487975359,0.27924808859825134,1.0,0.0,-0.006951115094125271,0.0019061740022152662,1,1,1,1,10.553328514099121,3.6905336380004883,3.9782629013061523,10.535435676574707,0.3102203905582428,0.049893151968717575,0.30991414189338684,0.04963481053709984,-0.24948261678218842,0.04895297810435295,-0.2516389489173889,0.049473922699689865,0.0,0.0,0.0,0.0,0.0,0.0,0.0,0.0,0.30000001192092896,0.30000001192092896,0.30000001192092896,0.30000001192092896
3.6,0,0.05811416357755661,-0.025126513093709946,-0.006938096135854721,0.27924737334251404,1.0,0.0,-0.007052503526210785,0.0020685282070189714,1,1,1,1,10.866368293762207,3.394583225250244,3.5906052589416504,10.862513542175293,0.310922771692276,0.049922868609428406,0.31060895323753357,0.0495397113263607,-0.24874043464660645,0.04898365959525108,-0.2509993612766266,0.04957043379545212,0.0,0.0,0.0,0.0,0.0,0.0,0.0,0.0,0.30000001192092896,0.30000001192092896,0.30000001192092896,0.30000001192092896
3.65,0,0.05882560461759567,-0.024992331862449646,-0.00671803392469883,0.2792387306690216,1.0,0.0,-0.005764361936599016,0.0022301445715129375,1,1,1,1,11.47911548614502,2.8532063961029053,3.133162021636963,11.29697036743164,0.31163275241851807,0.04994310066103935,0.3113131821155548,0.0494343526661396,-0.2479836642742157,0.04900316894054413,-0.2503519356250763,0.04965889826416969,0.0,0.0,0.0,0.0,0.0,0.0,0.0,0.0,0.30000001192092896,0.30000001192092896,0.30000001192092896,0.30000001192092896
3.6999999999999997,0,0.05956673249602318,-0.024868106469511986,-0.007894739508628845,0.27921971678733826,1.0,0.0,-0.008363770321011543,0.0023930061142891645,1,1,1,1,11.668755531311035,2.788330316543579,2.7529220581054688,11.584403038024902,0.31235647201538086,0.04995269700884819,0.31201934814453125,0.04931635037064552,-0.247195303440094,0.04901176318526268,-0.24969717860221863,0.04974021762609482,0.0,0.0,0.0,0.0,0.0,0.0,0.0,0.0,0.30000001192092896,0.30000001192092896,0.30000001192092896,0.30000001192092896
3.75,0,0.060298461467027664,-0.024726497009396553,-0.00882302038371563,0.2792051434516907,1.0,0.0,-0.006415648385882378,0.002578051295131445,1,1,1,1,11.700312614440918,2.6481170654296875,2.5025899410247803,11.794266700744629,0.31307950615882874,0.049951277673244476,0.3127112090587616,0.049187056720256805,-0.24639888107776642,0.04900769516825676,-0.24904249608516693,0.04981274530291557,0.0,0.0,0.0,0.0,0.0,0.0,0.0,0.0,0.30000001192092896,0.30000001192092896,0.30000001192092896,0.30000001192092896
3.8,0,0.06104632839560509,-0.0246143639087677,-0.008582331240177155,0.27918845415115356,1.0,0.0,-0.006314145866781473,0.002745801117271185,1,1,1,1,12.597455024719238,1.849086880683899,2.028733253479004,12.308738708496094,0.3138104975223541,0.04994269087910652,0.31340786814689636,0.04904532432556152,-0.24560371041297913,0.04899287596344948,-0.24838101863861084,0.0498754121363163,0.0,0.0,0.0,0.0,0.0,0.0,0.0,0.0,0.30000001192092896,0.30000001192092896,0.30000001192092896,0.30000001192092896
3.85,0,0.06175047159194946,-0.02459545247256756,-0.010280806571245193,0.2791886627674103,1.0,0.0,-0.005767351947724819,0.0027374052442610264,1,1,1,1,11.394671440124512,2.8749306201934814,3.4312164783477783,11.015850067138672,0.31451380252838135,0.04996689036488533,0.3140755295753479,0.049022480845451355,-0.24484123289585114,0.048964742571115494,-0.2477271556854248,0.04993032291531563,0.0,0.0,0.0,0.0,0.0,0.0,0.0,0.0,0.30000001192092896,0.30000001192092896,0.30000001192092896,0.30000001192092896
3.9,0,0.062446363270282745,-0.02468111179769039,-0.010274779051542282,0.27919647097587585,1.0,0.0,-0.00626762118190527,0.0024980143643915653,1,1,1,1,11.418996810913086,2.909170150756836,3.447051525115967,10.955078125,0.3152090013027191,0.049983762204647064,0.31474581360816956,0.04915172606706619,-0.24411523342132568,0.04892831668257713,-0.24705711007118225,0.049967970699071884,0.0,0.0,0.0,0.0,0.0,0.0,0.0,0.0,0.30000001192092896,0.30000001192092896,0.30000001192092896,0.30000001192092896
3.9499999999999997,0,0.06313391774892807,-0.02477220818400383,-0.010142235085368156,0.27921172976493835,1.0,0.0,-0.012850346975028515,0.0022707958705723286,1,1,1,1,11.314927101135254,2.933760643005371,3.409707546234131,10.49950122833252,0.31590619683265686,0.049988649785518646,0.3154177665710449,0.04927265644073486,-0.24339890480041504,0.048881255090236664,-0.24638423323631287,0.04999607056379318,0.0,0.0,0.0,0.0,0.0,0.0,0.0,0.0,0.30000001192092896,0.30000001192092896,0.30000001192092896,0.30000001192092896
4.0,0,0.06386412680149078,-0.024902289733290672,-0.010470086708664894,0.2792254388332367,1.0,0.0,-0.010101737454533577,0.00199642195366323,1,1,1,1,10.923734664916992,3.389754295349121,3.801175355911255,10.4276123046875,0.3166353106498718,0.049982305616140366,0.316101610660553,0.049385134130716324,-0.24266622960567474,0.048822078853845596,-0.2456912398338318,0.050014249980449677,0.0,0.0,0.0,0.0,0.0,0.0,0.0,0.0,0.30000001192092896,0.30000001192092896,0.30000001192092896,0.30000001192092896
4.05,0,0.06459961086511612,-0.02503463812172413,-0.012488583102822304,0.27924248576164246,1.0,0.0,-0.005956215318292379,0.0017009491566568613,1,1,1,1,10.744245529174805,3.639298677444458,4.077301979064941,10.22520923614502,0.31737279891967773,0.049964260309934616,0.3167903423309326,0.04948923736810684,-0.24194185435771942,0.0487518273293972,-0.2449904978275299,0.050020731985569,0.0,0.0,0.0,0.0,0.0,0.0,0.0,0.0,0.30000001192092896,0.30000001192092896,0.30000001192092896,0.30000001192092896
4.1,0,0.06530043482780457,-0.02492045797407627,0.0007303715101443231,0.27926796674728394,1.0,0.0,-0.008509522303938866,0.0016006829682737589,1,1,1,1,9.170160293579102,5.0634765625,5.533412456512451,8.980653762817383,0.3181038498878479,0.049934323877096176,0.31747788190841675,0.04958639666438103,-0.2413032054901123,0.048872802406549454,-0.24429167807102203,0.050024908035993576,0.0,0.0,0.0,0.0,0.0,0.0,0.0,0.0,0.30000001192092896,0.30000001192092896,0.30000001192092896,0.30000001192092896
4.15,0,0.06601732969284058,-0.02479480765759945,0.0005935784429311752,0.2792874872684479,1.0,0.0,-0.008957751095294952,0.0015257573686540127,1,1,1,1,8.775382995605469,5.549636363983154,5.961611747741699,8.463316917419434,0.3188438415527344,0.049892671406269073,0.31817197799682617,0.049675311893224716,-0.24066229164600372,0.04900570586323738,-0.2435714155435562,0.050011686980724335,0.0,0.0,0.0,0.0,0.0,0.0,0.0,0.0,0.30000001192092896,0.30000001192092896,0.30000001192092896,0.30000001192092896
4.2,0,0.06673875451087952,-0.02468089945614338,0.0013982142554596066,0.2793041169643402,1.0,0.0,-0.009618683718144894,0.0014344240771606565,1,1,1,1,8.28315544128418,6.044248104095459,6.453019142150879,7.946839332580566,0.31958505511283875,0.049839045852422714,0.31887081265449524,0.049754202365875244,-0.2400282323360443,0.0491306334733963,-0.24283269047737122,0.049987226724624634,0.0,0.0,0.0,0.0,0.0,0.0,0.0,0.0,0.30000001192092896,0.30000001192092896,0.30000001192092896,0.30000001192092896
4.25,0,0.06748028844594955,-0.024581940844655037,0.0022640214301645756,0.27931246161460876,1.0,0.0,-0.009266994893550873,0.0013158562360331416,1,1,1,1,7.7933125495910645,6.577775955200195,6.964227199554443,7.416482448577881,0.32033583521842957,0.049772992730140686,0.31957852840423584,0.04982339218258858,-0.23938816785812378,0.04924875870347023,-0.2420574277639389,0.049949780106544495,0.0,0.0,0.0,0.0,0.0,0.0,0.0,0.0,0.30000001192092896,0.30000001192092896,0.30000001192092896,0.30000001192092896
4.3,0,0.06821612268686295,-0.024476367980241776,0.0021203579381108284,0.2793223559856415,1.0,0.0,-0.00838716235011816,0.0012027289485558867,1,1,1,1,7.3027424812316895,7.069447994232178,7.461564540863037,6.916730880737305,0.3210850954055786,0.049695491790771484,0.3202865719795227,0.04988204687833786,-0.23875053226947784,0.049357738345861435,-0.24126778542995453,0.04989991709589958,0.0,0.0,0.0,0.0,0.0,0.0,0.0,0.0,0.30000001192092896,0.30000001192092896,0.30000001192092896,0.30000001192092896
4.35,0,0.0689602866768837,-0.024376828223466873,0.0036812080070376396,0.27932965755462646,1.0,0.0,-0.00843014009296894,0.0010843228083103895,1,1,1,1,6.720006942749023,7.674984931945801,8.023155212402344,6.325002670288086,0.3218383193016052,0.049605391919612885,0.32100310921669006,0.04992995038628578,-0.23811276257038116,0.04945875704288483,-0.24047859013080597,0.04983573406934738,0.0,0.0,0.0,0.0,0.0,0.0,0.0,0.0,0.30000001192092896,0.30000001192092896,0.30000001192092896,0.30000001192092896
4.4,0,0.0697118490934372,-0.024278894066810608,0.004122179001569748,0.2793324887752533,1.0,0.0,-0.008151685819029808,0.0009711659513413906,1,1,1,1,6.145057678222656,8.268133163452148,8.58876895904541,5.738680839538574,0.3225939869880676,0.04950299113988876,0.32172712683677673,0.04996773973107338,-0.23747208714485168,0.04955126717686653,-0.23967739939689636,0.04975869506597519,0.0,0.0,0.0,0.0,0.0,0.0,0.0,0.0,0.30000001192092896,0.30000001192092896,0.30000001192092896,0.30000001192092896
4.45,0,0.07044915854930878,-0.024164948612451553,0.0048079420812428,0.27934056520462036,1.0,0.0,-0.007767754141241312,0.0008630258380435407,1,1,1,1,5.5968708992004395,8.831424713134766,9.11451530456543,5.220037460327148,0.3233446776866913,0.04938947781920433,0.3224484920501709,0.04999350756406784,-0.2368379682302475,0.04963448643684387,-0.2388753890991211,0.04966847971081734,0.0,0.0,0.0,0.0,0.0,0.0,0.0,0.0,0.30000001192092896,0.30000001192092896,0.30000001192092896,0.30000001192092896
4.5,0,0.07118801027536392,-0.024058043956756592,0.011025624349713326,0.2793458104133606,1.0,0.0,-0.01259131170809269,0.0007606164435856044,1,1,1,1,5.038479328155518,9.080077171325684,9.660073280334473,4.714217185974121,0.32409361004829407,0.04926461726427078,0.32317298650741577,0.050008270889520645,-0.23620624840259552,0.04970790445804596,-0.23807263374328613,0.049567025154829025,0.0,0.0,0.0,0.0,0.0,0.0,0.0,0.0,0.30000001192092896,0.30000001192092896,0.30000001192092896,0.30000001192092896
4.55,0,0.07194490730762482,-0.0239567793905735,0.0027504004538059235,0.2793417274951935,1.0,0.0,-0.006839168258011341,0.0006714689079672098,1,1,1,1,4.521731853485107,9.919463157653809,10.179231643676758,4.129028797149658,0.3248482644557953,0.0491274818778038,0.3239125907421112,0.05001146346330643,-0.2355635017156601,0.049774620682001114,-0.23726189136505127,0.04944996163249016,0.0,0.0,0.0,0.0,0.0,0.0,0.0,0.0,0.30000001192092896,0.30000001192092896,0.30000001192092896,0.30000001192092896
4.6,0,0.0726935863494873,-0.023851927369832993,0.0006519749877043068,0.2793377935886383,1.0,0.0,-0.006497004069387913,0.0005863524274900556,1,1,1,1,3.987950563430786,10.43564224243164,10.614811897277832,3.583595037460327,0.3255971372127533,0.048978690057992935,0.32465487718582153,0.050001777708530426,-0.23492704331874847,0.049830324947834015,-0.23645362257957458,0.04931988567113876,0.0,0.0,0.0,0.0,0.0,0.0,0.0,0.0,0.30000001192092896,0.30000001192092896,0.30000001192092896,0.30000001192092896
4.65,0,0.07344315946102142,-0.023736851289868355,0.0005832970491610467,0.27932968735694885,1.0,0.0,-0.006553339306265116,0.0005113469669595361,1,1,1,1,3.4726319313049316,10.999560356140137,11.246541976928711,3.0232651233673096,0.32634302973747253,0.048818912357091904,0.3254002630710602,0.04997970908880234,-0.2342885285615921,0.049879707396030426,-0.23564094305038452,0.04917687550187111,0.0,0.0,0.0,0.0,0.0,0.0,0.0,0.0,0.30000001192092896,0.30000001192092896,0.30000001192092896,0.30000001192092896
4.7,0,0.07417765259742737,-0.02372785285115242,-0.0010354049736633897,0.27932146191596985,1.0,0.0,-0.005436012987047434,0.0005853131297044456,1,1,1,1,3.6442389488220215,10.869421005249023,11.186203956604004,3.1372392177581787,0.3270691931247711,0.04875144734978676,0.32616642117500305,0.049948278814554214,-0.2336505651473999,0.049920812249183655,-0.23484043776988983,0.049023501574993134,0.0,0.0,0.0,0.0,0.0,0.0,0.0,0.0,0.30000001192092896,0.30000001192092896,0.30000001192092896,0.30000001192092896
4.75,0,0.07493185997009277,-0.023715201765298843,-0.0023520872928202152,0.2792989909648895,1.0,0.0,-0.006994991563260555,0.0006703349063172936,1,1,1,1,3.313666582107544,11.176654815673828,11.433490753173828,2.827949285507202,0.3278016149997711,0.04867139086127281,0.3269572854042053,0.04990261793136597,-0.23298047482967377,0.049948520958423615,-0.23403587937355042,0.04885714501142502,0.0,0.0,0.0,0.0,0.0,0.0,0.0,0.0,0.30000001192092896,0.30000001192092896,0.30000001192092896,0.30000001192092896
4.8,0,0.07569516450166702,-0.023696541786193848,-0.002628939226269722,0.27927204966545105,1.0,0.0,-0.006496773101389408,0.0007889643893577158,1,1,1,1,2.8541927337646484,11.701513290405273,11.857690811157227,2.324132204055786,0.32853761315345764,0.04857869818806648,0.3277601897716522,0.049845073372125626,-0.23229612410068512,0.04996804520487785,-0.23323239386081696,0.04867655038833618,0.0,0.0,0.0,0.0,0.0,0.0,0.0,0.0,0.30000001192092896,0.30000001192092896,0.30000001192092896,0.30000001192092896
4.85,0,0.07646777480840683,-0.023679297417402267,-0.003991490695625544,0.2792401909828186,1.0,0.0,-0.006627007387578487,0.0009280809317715466,1,1,1,1,2.633636474609375,11.991857528686523,12.077798843383789,2.0220956802368164,0.3292772173881531,0.04847550019621849,0.32857242226600647,0.04977326840162277,-0.23160289227962494,0.04997822642326355,-0.2324242740869522,0.04848233982920647,0.0,0.0,0.0,0.0,0.0,0.0,0.0,0.0,0.30000001192092896,0.30000001192092896,0.30000001192092896,0.30000001192092896
4.9,0,0.07722502946853638,-0.023578990250825882,0.0028941906057298183,0.27921169996261597,1.0,0.0,-0.00647401250898838,0.0009917925344780087,1,1,1,1,3.799718141555786,10.759064674377441,10.701990127563477,3.4904637336730957,0.3300144076347351,0.04838216304779053,0.3293849229812622,0.049686990678310394,-0.23089729249477386,0.04998411610722542,-0.2316453456878662,0.04841107502579689,0.0,0.0,0.0,0.0,0.0,0.0,0.0,0.0,0.30000001192092896,0.30000001192092896,0.30000001192092896,0.30000001192092896
4.95,0,0.07794991880655289,-0.02348945662379265,-0.0006918767467141151,0.27918896079063416,1.0,0.0,-0.004942343570291996,0.0010816369904205203,1,1,1,1,5.665879726409912,9.176257133483887,9.535270690917969,4.840484619140625,0.33072736859321594,0.048378605395555496,0.33017534017562866,0.04959053173661232,-0.2301662415266037,0.04997970908880234,-0.23090431094169617,0.04845618084073067,0.0,0.0,0.0,0.0,0.0,0.0,0.0,0.0,0.30000001192092896,0.30000001192092896,0.30000001192092896,0.30000001192092896
5.0,0,0.07858770340681076,-0.02353828214108944,0.0004282125155441463,0.27918145060539246,1.0,0.0,-0.004816174972802401,0.001399064320139587,1,1,1,1,6.055811882019043,8.306949615478516,8.447493553161621,5.9263739585876465,0.3313698470592499,0.04854065179824829,0.33092164993286133,0.04949076101183891,-0.22943907976150513,0.049959696829319,-0.23022709786891937,0.04854143038392067,0.0,0.0,0.0,0.0,0.0,0.0,0.0,0.0,0.30000001192092896,0.30000001192092896,0.30000001192092896,0.30000001192092896
5.05,0,0.07922884821891785,-0.02358582802116871,-0.00167051050812006,0.27917057275772095,1.0,0.0,-0.006747559644281864,0.0017000538064166903,1,1,1,1,6.965269565582275,7.342746734619141,7.530581951141357,6.840868949890137,0.3320111334323883,0.04869474843144417,0.3316563367843628,0.04938173294067383,-0.22870147228240967,0.049926262348890305,-0.22955934703350067,0.048628464341163635,0.0,0.0,0.0,0.0,0.0,0.0,0.0,0.0,0.30000001192092896,0.30000001192092896,0.30000001192092896,0.30000001192092896
5.1,0,0.07989362627267838,-0.02357710525393486,0.0005725392838940024,0.27914875745773315,1.0,0.0,-0.0061524310149252415,0.0020437019411474466,1,1,1,1,7.43266487121582,6.870629787445068,7.206512928009033,7.2161970138549805,0.3326631486415863,0.04884151369333267,0.3323935568332672,0.04926158860325813,-0.22797664999961853,0.049954526126384735,-0.2288837730884552,0.048707012087106705,0.0,0.0,0.0,0.0,0.0,0.0,0.0,0.0,0.30000001192092896,0.30000001192092896,0.30000001192092896,0.30000001192092896
5.15,0,0.08056676387786865,-0.02355574071407318,-0.0013465166557580233,0.27912437915802,1.0,0.0,-0.006708639673888683,0.0024183657951653004,1,1,1,1,8.079322814941406,6.214310169219971,6.502939224243164,7.90762996673584,0.3333204686641693,0.04898050054907799,0.3331249952316284,0.049131717532873154,-0.22723661363124847,0.049981117248535156,-0.22821003198623657,0.04877466708421707,0.0,0.0,0.0,0.0,0.0,0.0,0.0,0.0,0.30000001192092896,0.30000001192092896,0.30000001192092896,0.30000001192092896
5.2,0,0.08124364912509918,-0.023503240197896957,-0.0010108768474310637,0.2790986895561218,1.0,0.0,-0.005219116806983948,0.002775980858132243,1,1,1,1,8.967881202697754,5.238501071929932,5.702488899230957,8.850744247436523,0.3339809477329254,0.04911075532436371,0.33384937047958374,0.048991844058036804,-0.22647731006145477,0.04999760538339615,-0.227555513381958,0.048873916268348694,0.0,0.0,0.0,0.0,0.0,0.0,0.0,0.0,0.30000001192092896,0.30000001192092896,0.30000001192092896,0.30000001192092896
5.25,0,0.0818958729505539,-0.023402689024806023,-0.0034768511541187763,0.2790865898132324,2.0,0.0,-2.0099432468414307,0.003100965404883027,1,1,1,1,9.584257125854492,4.57343053817749,4.9803338050842285,9.531116485595703,0.3346358835697174,0.04923126846551895,0.33455362915992737,0.04884421452879906,-0.2257215976715088,0.050001997500658035,-0.22693981230258942,0.04900411143898964,0.0,0.0,0.0,0.0,0.0,0.0,0.0,0.0,0.30000001192092896,0.30000001192092896,0.30000001192092896,0.30000001192092896
5.3,0,0.08256489783525467,-0.023324424400925636,-0.005344545468688011,0.2790696918964386,2.0,0.0,-0.012065811082720757,0.0034346869215369225,1,1,1,1,10.457140922546387,3.7378439903259277,4.121656894683838,10.405882835388184,0.33529770374298096,0.049343548715114594,0.3352515399456024,0.04868774861097336,-0.22495155036449432,0.04999531805515289,-0.22632533311843872,0.04912606254220009,0.0,0.0,0.0,0.0,0.0,0.0,0.0,0.0,0.30000001192092896,0.30000001192092896,0.30000001192092896,0.30000001192092896
5.35,0,0.08323698490858078,-0.023241369053721428,-0.0076689161360263824,0.2790529727935791,2.0,0.0,-0.011213947087526321,0.003776607569307089,1,1,1,1,11.153095245361328,3.064434766769409,3.400461196899414,11.112946510314941,0.33596208691596985,0.049447137862443924,0.33593985438346863,0.048522211611270905,-0.2241683304309845,0.04997749999165535,-0.22571513056755066,0.04923931509256363,0.0,0.0,0.0,0.0,0.0,0.0,0.0,0.0,0.30000001192092896,0.30000001192092896,0.30000001192092896,0.30000001192092896
5.4,0,0.08389083296060562,-0.02322213537991047,-0.007990231737494469,0.2790553867816925,2.0,0.0,-0.012409304268658161,0.003952909726649523,1,1,1,1,10.431618690490723,3.580394744873047,4.005821704864502,10.575045585632324,0.33662423491477966,0.04954221844673157,0.33659428358078003,0.048459094017744064,-0.22340284287929535,0.04994415491819382,-0.2251082956790924,0.04934684932231903,0.0,0.0,0.0,0.0,0.0,0.0,0.0,0.0,0.30000001192092896,0.30000001192092896,0.30000001192092896,0.30000001192092896
5.45,0,0.08456458896398544,-0.023291651159524918,-0.009764300659298897,0.2790594696998596,2.0,0.0,-0.012211773544549942,0.003945775795727968,1,1,1,1,10.87898063659668,3.299170970916748,3.6859915256500244,10.870771408081055,0.33729761838912964,0.04962904751300812,0.3372374475002289,0.048501115292310715,-0.22264325618743896,0.049902740865945816,-0.22448444366455078,0.049446675926446915,0.0,0.0,0.0,0.0,0.0,0.0,0.0,0.0,0.30000001192092896,0.30000001192092896,0.30000001192092896,0.30000001192092896
5.5,0,0.08524128049612045,-0.02336129918694496,-0.011872664093971252,0.2790636420249939,2.0,0.0,-0.011996039189398289,0.003935317974537611,1,1,1,1,11.179824829101562,3.120394229888916,3.4620587825775146,11.079019546508789,0.33797356486320496,0.04970712959766388,0.33788084983825684,0.04853416234254837,-0.22187753021717072,0.049849748611450195,-0.22385863959789276,0.049538277089595795,0.0,0.0,0.0,0.0,0.0,0.0,0.0,0.0,0.30000001192092896,0.30000001192092896,0.30000001192092896,0.30000001192092896
5.55,0,0.08591632544994354,-0.023465463891625404,-0.012206613086163998,0.27907827496528625,2.0,0.0,-0.01216384768486023,0.0038674776442348957,1,1,1,1,11.006780624389648,3.2869560718536377,3.4698188304901123,11.061681747436523,0.3386566638946533,0.04977681487798691,0.3385186493396759,0.04860187694430351,-0.2211192399263382,0.049783430993556976,-0.22322849929332733,0.04962264746427536,0.0,0.0,0.0,0.0,0.0,0.0,0.0,0.0,0.30000001192092896,0.30000001192092896,0.30000001192092896,0.30000001192092896
5.6,0,0.0865991935133934,-0.02359749749302864,-0.014492884278297424,0.2790915071964264,2.0,0.0,-0.012098323553800583,0.0037445640191435814,1,1,1,1,11.155369758605957,3.0973780155181885,3.2624411582946777,11.24805736541748,0.33934295177459717,0.049836415797472,0.3391631245613098,0.048682037740945816,-0.2203657180070877,0.049707017838954926,-0.22259029746055603,0.04969917610287666,0.0,0.0,0.0,0.0,0.0,0.0,0.0,0.0,0.30000001192092896,0.30000001192092896,0.30000001192092896,0.30000001192092896
5.65,0,0.08729733526706696,-0.02374403364956379,-0.01471745315939188,0.27910587191581726,2.0,0.0,-0.011363460682332516,0.0036028707399964333,1,1,1,1,11.366683006286621,2.9397149085998535,3.0237298011779785,11.418269157409668,0.34004276990890503,0.04988783970475197,0.33981430530548096,0.04875395447015762,-0.21960575878620148,0.04961889609694481,-0.22194312512874603,0.04976759850978851,0.0,0.0,0.0,0.0,0.0,0.0,0.0,0.0,0.30000001192092896,0.30000001192092896,0.30000001192092896,0.30000001192092896
5.7,0,0.08799587935209274,-0.023874197155237198,-0.028988344594836235,0.27911636233329773,2.0,0.0,-0.011248970404267311,0.003449410432949662,1,1,1,1,11.376219749450684,3.4693760871887207,3.117794990539551,11.021305084228516,0.3407439589500427,0.04992939904332161,0.34046927094459534,0.04883066192269325,-0.2188308835029602,0.04952074959874153,-0.22124576568603516,0.04981984198093414,0.0,0.0,0.0,0.0,0.0,0.0,0.0,0.0,0.30000001192092896,0.30000001192092896,0.30000001192092896,0.30000001192092896
5.75,0,0.08870074152946472,-0.024087293073534966,-0.016530316323041916,0.27913886308670044,2.0,0.0,-0.011907526291906834,0.003129392396658659,1,1,1,1,11.183760643005371,3.1200406551361084,3.2670412063598633,11.17935562133789,0.3414531648159027,0.04996136575937271,0.3411242961883545,0.04897177964448929,-0.2180810123682022,0.049408864229917526,-0.2205844223499298,0.049878694117069244,0.0,0.0,0.0,0.0,0.0,0.0,0.0,0.0,0.30000001192092896,0.30000001192092896,0.30000001192092896,0.30000001192092896
5.8,0,0.08939530700445175,-0.024316059425473213,-0.01559198647737503,0.2791360318660736,2.0,0.0,-0.011662857607007027,0.002844264032319188,1,1,1,1,12.156037330627441,2.4269442558288574,2.458155870437622,12.177417755126953,0.3421267867088318,0.04998435080051422,0.34178176522254944,0.049105189740657806,-0.21733711659908295,0.049286048859357834,-0.21992264688014984,0.049920741468667984,0.0,0.0,0.0,0.0,0.0,0.0,0.0,0.0,0.30000001192092896,0.30000001192092896,0.30000001192092896,0.30000001192092896
5.85,0,0.09010577946901321,-0.024577319622039795,-0.015865087509155273,0.2791658341884613,2.0,0.0,-0.011714042164385319,0.0025524855591356754,1,1,1,1,11.457176208496094,2.8908305168151855,3.0105440616607666,11.387195587158203,0.3428472578525543,0.04999516159296036,0.34244877099990845,0.04922867193818092,-0.21658779680728912,0.049150679260492325,-0.21924681961536407,0.0499548465013504,0.0,0.0,0.0,0.0,0.0,0.0,0.0,0.0,0.30000001192092896,0.30000001192092896,0.30000001192092896,0.30000001192092896
5.9,0,0.09082812070846558,-0.024807728826999664,-0.014608924277126789,0.2791759967803955,2.0,0.0,-0.012114111334085464,0.0022225347347557545,1,1,1,1,11.232889175415039,3.2362160682678223,3.1595218181610107,11.121820449829102,0.3435615003108978,0.04999468848109245,0.3431227207183838,0.04934541508555412,-0.21583226323127747,0.04900432750582695,-0.2185365855693817,0.049971822649240494,0.0,0.0,0.0,0.0,0.0,0.0,0.0,0.0,0.30000001192092896,0.30000001192092896,0.30000001192092896,0.30000001192092896
5.95,0,0.09152413159608841,-0.024896521121263504,0.0010109967552125454,0.2791900932788849,2.0,0.0,-0.015787489712238312,0.001951012178324163,1,1,1,1,9.587630271911621,4.520771026611328,4.568254470825195,9.98127555847168,0.3442651033401489,0.04998273402452469,0.34379589557647705,0.049452319741249084,-0.2151159644126892,0.04893790930509567,-0.2178487330675125,0.04999716952443123,0.0,0.0,0.0,0.0,0.0,0.0,0.0,0.0,0.30000001192092896,0.30000001192092896,0.30000001192092896,0.30000001192092896
6.0,0,0.09224717319011688,-0.024772288277745247,-0.0008606218034401536,0.2791878879070282,2.0,0.0,-0.015513526275753975,0.0019041054183617234,1,1,1,1,9.25389289855957,5.0622076988220215,5.007882595062256,9.434515953063965,0.34498855471611023,0.049958810210227966,0.34448814392089844,0.049553290009498596,-0.21444691717624664,0.04907195642590523,-0.2171333134174347,0.05000406503677368,0.0,0.0,0.0,0.0,0.0,0.0,0.0,0.0,0.30000001192092896,0.30000001192092896,0.30000001192092896,0.30000001192092896
6.05,0,0.09297008812427521,-0.02466859668493271,0.0005875961505807936,0.2791796028614044,2.0,0.0,-0.01580095663666725,0.0018687814008444548,1,1,1,1,8.716947555541992,5.611868858337402,5.542141914367676,8.895974159240723,0.3457043468952179,0.0499238520860672,0.345185250043869,0.04964460805058479,-0.21377871930599213,0.04919533431529999,-0.2164115607738495,0.04999920725822449,0.0,0.0,0.0,0.0,0.0,0.0,0.0,0.0,0.30000001192092896,0.30000001192092896,0.30000001192092896,0.30000001192092896
6.1,0,0.09367500990629196,-0.02453114278614521,0.002132430672645569,0.2791956663131714,2.0,0.0,-0.0159099493175745,0.0017880622763186693,1,1,1,1,8.382600784301758,5.844288349151611,6.070056438446045,8.373332977294922,0.346432626247406,0.04987617954611778,0.34587913751602173,0.049725234508514404,-0.21312293410301208,0.04930810630321503,-0.21570059657096863,0.05000018700957298,0.0,0.0,0.0,0.0,0.0,0.0,0.0,0.0,0.30000001192092896,0.30000001192092896,0.30000001192092896,0.30000001192092896
6.15,0,0.09440123289823532,-0.024386785924434662,0.0016333067324012518,0.27920472621917725,2.0,0.0,-0.015191439539194107,0.0016409552190452814,1,1,1,1,8.022937774658203,6.266598224639893,6.417898654937744,7.981079578399658,0.34717220067977905,0.049816813319921494,0.3465842604637146,0.04979654774069786,-0.21246564388275146,0.04941471293568611,-0.21498402953147888,0.05001896619796753,0.0,0.0,0.0,0.0,0.0,0.0,0.0,0.0,0.30000001192092896,0.30000001192092896,0.30000001192092896,0.30000001192092896
6.2,0,0.09513230621814728,-0.02424032799899578,0.0026826285757124424,0.2792145609855652,2.0,0.0,-0.015280181542038918,0.0014966258313506842,1,1,1,1,7.550169467926025,6.788840293884277,6.928128719329834,7.517504692077637,0.34791794419288635,0.049744851887226105,0.3472943603992462,0.04985776171088219,-0.2118036150932312,0.04951300844550133,-0.21425509452819824,0.05002665892243385,0.0,0.0,0.0,0.0,0.0,0.0,0.0,0.0,0.30000001192092896,0.30000001192092896,0.30000001192092896,0.30000001192092896
6.25,0,0.0958741158246994,-0.02411428838968277,0.0028274457436054945,0.27922171354293823,2.0,0.0,-0.015533099882304668,0.0013405914651229978,1,1,1,1,7.180297374725342,7.180099964141846,7.249401569366455,7.136194229125977,0.3486693203449249,0.04966079816222191,0.34801241755485535,0.04990890994668007,-0.2111443281173706,0.049601249396800995,-0.21351151168346405,0.050021737813949585,0.0,0.0,0.0,0.0,0.0,0.0,0.0,0.0,0.30000001192092896,0.30000001192092896,0.30000001192092896,0.30000001192092896
6.3,0,0.09661287814378738,-0.023985300213098526,0.004321955144405365,0.27923086285591125,2.0,0.0,-0.015461345203220844,0.0011834993492811918,1,1,1,1,6.780428409576416,7.607852935791016,7.563720703125,6.7283124923706055,0.34942156076431274,0.049564532935619354,0.3487342596054077,0.04994901269674301,-0.21048763394355774,0.04967908561229706,-0.21275949478149414,0.05000370368361473,0.0,0.0,0.0,0.0,0.0,0.0,0.0,0.0,0.30000001192092896,0.30000001192092896,0.30000001192092896,0.30000001192092896
6.35,0,0.09738193452358246,-0.023870784789323807,0.003832571441307664,0.2792278826236725,2.0,0.0,-0.015033647418022156,0.0010226885788142681,1,1,1,1,6.3313140869140625,8.088372230529785,8.046829223632812,6.272954940795898,0.35018712282180786,0.049454718828201294,0.3494703471660614,0.04997885227203369,-0.2098150998353958,0.049752283841371536,-0.21198663115501404,0.04997314140200615,0.0,0.0,0.0,0.0,0.0,0.0,0.0,0.0,0.30000001192092896,0.30000001192092896,0.30000001192092896,0.30000001192092896
6.4,0,0.09814231842756271,-0.023736752569675446,0.0034464439377188683,0.27922651171684265,2.0,0.0,-0.018140491098165512,0.0008499099058099091,1,1,1,1,5.9232611656188965,8.703353881835938,8.444958686828613,5.729743003845215,0.35095101594924927,0.049332816153764725,0.3502104878425598,0.04999713972210884,-0.2091471552848816,0.04981488734483719,-0.2111918032169342,0.049930308014154434,0.0,0.0,0.0,0.0,0.0,0.0,0.0,0.0,0.30000001192092896,0.30000001192092896,0.30000001192092896,0.30000001192092896
6.45,0,0.09890228509902954,-0.023600861430168152,0.008771011605858803,0.2792251408100128,2.0,0.0,-0.01808292046189308,0.0007125493139028549,1,1,1,1,5.461129665374756,8.99184799194336,8.978021621704102,5.360396385192871,0.3517158329486847,0.04919906333088875,0.350954532623291,0.05000298097729683,-0.20847532153129578,0.04986967891454697,-0.2103852927684784,0.04987054318189621,0.0,0.0,0.0,0.0,0.0,0.0,0.0,0.0,0.30000001192092896,0.30000001192092896,0.30000001192092896,0.30000001192092896
6.5,0,0.09967157989740372,-0.023474043235182762,0.003991193603724241,0.2792208194732666,2.0,0.0,-0.015051820315420628,0.000570140196941793,1,1,1,1,5.086012363433838,9.422096252441406,9.200313568115234,5.170047760009766,0.35248449444770813,0.04905305430293083,0.3517117500305176,0.049996767193078995,-0.2077987641096115,0.049910400062799454,-0.20959444344043732,0.049805451184511185,0.0,0.0,0.0,0.0,0.0,0.0,0.0,0.0,0.30000001192092896,0.30000001192092896,0.30000001192092896,0.30000001192092896
6.55,0,0.10042482614517212,-0.023342151194810867,-0.0024482733570039272,0.2792159616947174,2.0,0.0,-0.01363165769726038,0.0004482542572077364,1,1,1,1,5.148050785064697,9.69289779663086,9.714951515197754,4.8794026374816895,0.35324060916900635,0.04891488701105118,0.35245785117149353,0.04998018220067024,-0.20712682604789734,0.04994567111134529,-0.20878326892852783,0.04972037300467491,0.0,0.0,0.0,0.0,0.0,0.0,0.0,0.0,0.30000001192092896,0.30000001192092896,0.30000001192092896,0.30000001192092896
6.6,0,0.10107674449682236,-0.023546434938907623,-0.009563117288053036,0.2792222201824188,2.0,0.0,-0.008384143933653831,0.0006613576551899314,1,1,1,1,5.985791206359863,8.090497970581055,8.21261215209961,5.832004547119141,0.35389313101768494,0.04905208945274353,0.35314399003982544,0.05000220239162445,-0.20647677779197693,0.04996859282255173,-0.20803286135196686,0.04963785409927368,0.0,0.0,0.0,0.0,0.0,0.0,0.0,0.0,0.30000001192092896,0.30000001192092896,0.30000001192092896,0.30000001192092896
6.6499999999999995,0,0.1017368957400322,-0.02374662645161152,-0.005919283721596003,0.27922797203063965,2.0,0.0,-0.010453381575644016,0.0008628554060123861,1,1,1,1,6.1204047203063965,8.284427642822266,8.51313304901123,5.870635986328125,0.3545536398887634,0.04917755350470543,0.35384032130241394,0.05001562833786011,-0.20581719279289246,0.04997710511088371,-0.2072829306125641,0.04954177886247635,0.0,0.0,0.0,0.0,0.0,0.0,0.0,0.0,0.30000001192092896,0.30000001192092896,0.30000001192092896,0.30000001192092896
6.7,0,0.10242561250925064,-0.023951897397637367,-0.0032113876659423113,0.27922171354293823,2.0,0.0,-0.011977102607488632,0.0010989455040544271,1,1,1,1,6.190738201141357,8.225871086120605,8.438525199890137,5.897492408752441,0.3552270829677582,0.04929639399051666,0.35455021262168884,0.05001888424158096,-0.20512798428535461,0.049980759620666504,-0.2065245509147644,0.04943235218524933,0.0,0.0,0.0,0.0,0.0,0.0,0.0,0.0,0.30000001192092896,0.30000001192092896,0.30000001192092896,0.30000001192092896
6.75,0,0.10312764346599579,-0.024172615259885788,-0.005681842099875212,0.27921372652053833,2.0,0.0,-0.011447528377175331,0.001347623416222632,1,1,1,1,6.261865615844727,8.19283676147461,8.36136531829834,5.944310665130615,0.35590946674346924,0.049407657235860825,0.3552666902542114,0.05001068115234375,-0.20442575216293335,0.049971748143434525,-0.2057592272758484,0.049311429262161255,0.0,0.0,0.0,0.0,0.0,0.0,0.0,0.0,0.30000001192092896,0.30000001192092896,0.30000001192092896,0.30000001192092896
6.8,0,0.10380085557699203,-0.024282017722725868,0.0014682001201435924,0.27921807765960693,2.0,0.0,-0.012513317167758942,0.0015303139807656407,1,1,1,1,7.137096881866455,7.029587268829346,7.527794361114502,7.0295209884643555,0.35658732056617737,0.04950792342424393,0.3559819161891937,0.04999077320098877,-0.20373079180717468,0.049966245889663696,-0.2050345242023468,0.049280326813459396,0.0,0.0,0.0,0.0,0.0,0.0,0.0,0.0,0.30000001192092896,0.30000001192092896,0.30000001192092896,0.30000001192092896
6.85,0,0.10446010529994965,-0.024247612804174423,-0.0009095664136111736,0.2792247235774994,2.0,0.0,-0.011979440227150917,0.0016206090804189444,1,1,1,1,7.695717811584473,6.541966438293457,6.953573226928711,7.537851810455322,0.35726237297058105,0.04959866404533386,0.356683611869812,0.0499582402408123,-0.20303183794021606,0.049987826496362686,-0.2043672651052475,0.04938936606049538,0.0,0.0,0.0,0.0,0.0,0.0,0.0,0.0,0.30000001192092896,0.30000001192092896,0.30000001192092896,0.30000001192092896
6.8999999999999995,0,0.105131134390831,-0.02421199157834053,-0.0010260683484375477,0.2792266607284546,2.0,0.0,-0.013163185678422451,0.001731561147607863,1,1,1,1,8.116987228393555,6.144003391265869,6.49326753616333,7.958364963531494,0.3579438626766205,0.049680791795253754,0.35739630460739136,0.04991493746638298,-0.2023143768310547,0.05000019818544388,-0.2036994844675064,0.04948949068784714,0.0,0.0,0.0,0.0,0.0,0.0,0.0,0.0,0.30000001192092896,0.30000001192092896,0.30000001192092896,0.30000001192092896
6.95,0,0.10582011938095093,-0.024182375520467758,-0.002197181573137641,0.2792210578918457,2.0,0.0,-0.013101493008434772,0.00183863693382591,1,1,1,1,8.572097778320312,5.68814754486084,6.009920120239258,8.435250282287598,0.35863277316093445,0.04975412040948868,0.35811471939086914,0.04986061155796051,-0.2015821486711502,0.05000216141343117,-0.20302776992321014,0.049581076949834824,0.0,0.0,0.0,0.0,0.0,0.0,0.0,0.0,0.30000001192092896,0.30000001192092896,0.30000001192092896,0.30000001192092896
7.0,0,0.10653170198202133,-0.024165119975805283,-0.0045218984596431255,0.2792094945907593,2.0,0.0,-0.013042907230556011,0.0019506263779476285,1,1,1,1,9.135902404785156,5.222103595733643,5.48060941696167,8.925500869750977,0.35933393239974976,0.04981911927461624,0.35883545875549316,0.0497945174574852,-0.20082733035087585,0.04999280348420143,-0.20235104858875275,0.04966386407613754,0.0,0.0,0.0,0.0,0.0,0.0,0.0,0.0,0.30000001192092896,0.30000001192092896,0.30000001192092896,0.30000001192092896
7.05,0,0.10723982006311417,-0.024142686277627945,-0.004606804344803095,0.2792001962661743,2.0,0.0,-0.0128723019734025,0.002066399436444044,1,1,1,1,9.500472068786621,4.820882320404053,5.044986248016357,9.358179092407227,0.36003589630126953,0.04987325891852379,0.35955917835235596,0.049718376249074936,-0.2000712752342224,0.04997189715504646,-0.20167435705661774,0.04973728954792023,0.0,0.0,0.0,0.0,0.0,0.0,0.0,0.0,0.30000001192092896,0.30000001192092896,0.30000001192092896,0.30000001192092896
7.1,0,0.10796389728784561,-0.024124687537550926,-0.00558015052229166,0.2791892886161804,2.0,0.0,-0.012753567658364773,0.002187902107834816,1,1,1,1,9.95044994354248,4.403069496154785,4.5742316246032715,9.802621841430664,0.3607498109340668,0.04991879314184189,0.3602834641933441,0.04963042587041855,-0.19929637014865875,0.04993908107280731,-0.20099328458309174,0.049801696091890335,0.0,0.0,0.0,0.0,0.0,0.0,0.0,0.0,0.30000001192092896,0.30000001192092896,0.30000001192092896,0.30000001192092896
7.1499999999999995,0,0.10868723690509796,-0.024110645055770874,-0.006506245583295822,0.2791813611984253,2.0,0.0,-0.013231005519628525,0.0023056156933307648,1,1,1,1,10.413147926330566,3.900641441345215,4.052934646606445,10.319534301757812,0.36146584153175354,0.04995311051607132,0.3610073924064636,0.049531836062669754,-0.1985211819410324,0.049893226474523544,-0.20031379163265228,0.04985637217760086,0.0,0.0,0.0,0.0,0.0,0.0,0.0,0.0,0.30000001192092896,0.30000001192092896,0.30000001192092896,0.30000001192092896
7.2,0,0.10942167043685913,-0.02409745380282402,-0.009126716293394566,0.27917227149009705,2.0,0.0,-0.012013132683932781,0.0024283132515847683,1,1,1,1,10.882747650146484,3.5409066677093506,3.621330976486206,10.71254825592041,0.36219120025634766,0.04997875913977623,0.3617338538169861,0.049421943724155426,-0.19773004949092865,0.04983525350689888,-0.19962559640407562,0.04990207403898239,0.0,0.0,0.0,0.0,0.0,0.0,0.0,0.0,0.30000001192092896,0.30000001192092896,0.30000001192092896,0.30000001192092896
7.25,0,0.11016010493040085,-0.024083105847239494,-0.009677734225988388,0.2791704535484314,2.0,0.0,-0.011075441725552082,0.0025504485238343477,1,1,1,1,11.293639183044434,3.2001020908355713,3.2173166275024414,11.149834632873535,0.36292794346809387,0.049992337822914124,0.3624584972858429,0.04930168762803078,-0.1969318985939026,0.04976451024413109,-0.1989373117685318,0.0499386265873909,0.0,0.0,0.0,0.0,0.0,0.0,0.0,0.0,0.30000001192092896,0.30000001192092896,0.30000001192092896,0.30000001192092896
7.3,0,0.11086814105510712,-0.024068539962172508,-0.0009925132617354393,0.2791922390460968,2.0,0.0,-0.014941764064133167,0.0025400561280548573,1,1,1,1,9.18138313293457,5.075762748718262,4.956236839294434,9.539722442626953,0.3636610209941864,0.049994613975286484,0.36315426230430603,0.04931104555726051,-0.19617287814617157,0.0497300885617733,-0.19824878871440887,0.049970801919698715,0.0,0.0,0.0,0.0,0.0,0.0,0.0,0.0,0.30000001192092896,0.30000001192092896,0.30000001192092896,0.30000001192092896
7.35,0,0.11159266531467438,-0.024015171453356743,-0.006025740411132574,0.27920642495155334,2.0,0.0,-0.015718495473265648,0.002469005063176155,1,1,1,1,8.77621841430664,5.4891037940979,5.352112770080566,8.793695449829102,0.3644009530544281,0.049987271428108215,0.36384788155555725,0.049422863870859146,-0.19545459747314453,0.049794670194387436,-0.19753830134868622,0.04999007284641266,0.0,0.0,0.0,0.0,0.0,0.0,0.0,0.0,0.30000001192092896,0.30000001192092896,0.30000001192092896,0.30000001192092896
7.3999999999999995,0,0.11233580112457275,-0.023998459801077843,-0.0019403076730668545,0.27921706438064575,2.0,0.0,-0.01528225652873516,0.002366160275414586,1,1,1,1,8.498676300048828,5.843139171600342,5.627094268798828,8.793057441711426,0.3651507794857025,0.04996819421648979,0.36455127596855164,0.049525707960128784,-0.1947367936372757,0.049848418682813644,-0.19681133329868317,0.0499984435737133,0.0,0.0,0.0,0.0,0.0,0.0,0.0,0.0,0.30000001192092896,0.30000001192092896,0.30000001192092896,0.30000001192092896
7.45,0,0.11308688670396805,-0.023974737152457237,-0.0019066157983615994,0.27922430634498596,2.0,0.0,-0.015308285132050514,0.002238059649243951,1,1,1,1,8.108131408691406,6.3030853271484375,6.042444705963135,8.335053443908691,0.36590513586997986,0.04993681237101555,0.36526280641555786,0.04961947351694107,-0.1940172165632248,0.04989396408200264,-0.19607502222061157,0.04999662563204765,0.0,0.0,0.0,0.0,0.0,0.0,0.0,0.0,0.30000001192092896,0.30000001192092896,0.30000001192092896,0.30000001192092896
7.5,0,0.1138424202799797,-0.023955926299095154,-0.0016448895912617445,0.2792329490184784,2.0,0.0,-0.015190581791102886,0.002080274745821953,1,1,1,1,8.043312072753906,6.350185871124268,6.297355651855469,8.02777099609375,0.3666650056838989,0.04989445209503174,0.36598142981529236,0.04970374330878258,-0.19329896569252014,0.04992971569299698,-0.19533264636993408,0.04999908432364464,0.0,0.0,0.0,0.0,0.0,0.0,0.0,0.0,0.30000001192092896,0.30000001192092896,0.30000001192092896,0.30000001192092896
7.55,0,0.1145879402756691,-0.023897306993603706,-0.0008595205144956708,0.2792472243309021,2.0,0.0,-0.014615025371313095,0.0018662072252482176,1,1,1,1,7.784847259521484,6.575343608856201,6.609781742095947,7.678435325622559,0.3674260675907135,0.04984022676944733,0.3667028844356537,0.04977816343307495,-0.19258618354797363,0.049955181777477264,-0.19458958506584167,0.050017062574625015,0.0,0.0,0.0,0.0,0.0,0.0,0.0,0.0,0.30000001192092896,0.30000001192092896,0.30000001192092896,0.30000001192092896
7.6,0,0.1153416559100151,-0.02384365163743496,0.0007033632718957961,0.27925920486450195,2.0,0.0,-0.014794348739087582,0.0016525284154340625,1,1,1,1,7.473428726196289,6.937934398651123,6.94048547744751,7.4602766036987305,0.3681911528110504,0.049773748964071274,0.3674311935901642,0.04984189197421074,-0.19186918437480927,0.04997062683105469,-0.1938503235578537,0.05002788454294205,0.0,0.0,0.0,0.0,0.0,0.0,0.0,0.0,0.30000001192092896,0.30000001192092896,0.30000001192092896,0.30000001192092896
7.6499999999999995,0,0.11610506474971771,-0.023816242814064026,-0.001075328211300075,0.27926886081695557,2.0,0.0,-0.014712510630488396,0.0014376812614500523,1,1,1,1,7.184770584106445,7.260663032531738,7.198277950286865,7.09959602355957,0.368960440158844,0.049695130437612534,0.3681684732437134,0.0498957484960556,-0.1911521703004837,0.04997473582625389,-0.19310829043388367,0.05002522096037865,0.0,0.0,0.0,0.0,0.0,0.0,0.0,0.0,0.30000001192092896,0.30000001192092896,0.30000001192092896,0.30000001192092896
7.7,0,0.11687695980072021,-0.023784615099430084,-0.0011171227088198066,0.2792740762233734,2.0,0.0,-0.014699194580316544,0.0012176978634670377,1,1,1,1,6.933520793914795,7.558610439300537,7.420025825500488,6.811219692230225,0.36973458528518677,0.049603674560785294,0.368913859128952,0.049938544631004333,-0.19042932987213135,0.049969181418418884,-0.19234398007392883,0.05001072585582733,0.0,0.0,0.0,0.0,0.0,0.0,0.0,0.0,0.30000001192092896,0.30000001192092896,0.30000001192092896,0.30000001192092896
7.75,0,0.11765111237764359,-0.023806873708963394,-0.0047502839006483555,0.2792678773403168,2.0,0.0,-0.011516978964209557,0.0010770584922283888,1,1,1,1,7.765251159667969,6.8728156089782715,6.526812553405762,7.6486124992370605,0.37049436569213867,0.04953823611140251,0.3696632385253906,0.049971070140600204,-0.18969640135765076,0.04995313286781311,-0.1915891170501709,0.04998209699988365,0.0,0.0,0.0,0.0,0.0,0.0,0.0,0.0,0.30000001192092896,0.30000001192092896,0.30000001192092896,0.30000001192092896
7.8,0,0.11831964552402496,-0.02395222894847393,-0.005565610248595476,0.2792768180370331,2.0,0.0,-0.01144128292798996,0.0012307121651247144,1,1,1,1,7.627628803253174,6.75010347366333,6.4563751220703125,7.855573654174805,0.3711707890033722,0.04962088167667389,0.37037789821624756,0.049991264939308167,-0.18898643553256989,0.04991867020726204,-0.19087781012058258,0.0499502494931221,0.0,0.0,0.0,0.0,0.0,0.0,0.0,0.0,0.30000001192092896,0.30000001192092896,0.30000001192092896,0.30000001192092896
7.85,0,0.11901140213012695,-0.024116987362504005,-0.006572074256837368,0.27927786111831665,2.0,0.0,-0.011572737246751785,0.0013631315669044852,1,1,1,1,7.883264064788818,6.52573299407959,6.236849308013916,8.090936660766602,0.37185779213905334,0.04969625547528267,0.37109971046447754,0.05000150203704834,-0.18826404213905334,0.04987441003322601,-0.1901557594537735,0.049906305968761444,0.0,0.0,0.0,0.0,0.0,0.0,0.0,0.0,0.30000001192092896,0.30000001192092896,0.30000001192092896,0.30000001192092896
7.8999999999999995,0,0.11971817910671234,-0.024279894307255745,-0.0073236399330198765,0.2792731523513794,2.0,0.0,-0.01188153587281704,0.0015012422809377313,1,1,1,1,8.163729667663574,6.319682598114014,5.97544527053833,8.278676986694336,0.3725530207157135,0.04976268857717514,0.3718357980251312,0.05000070109963417,-0.18752314150333405,0.04981958121061325,-0.18942588567733765,0.049850646406412125,0.0,0.0,0.0,0.0,0.0,0.0,0.0,0.0,0.30000001192092896,0.30000001192092896,0.30000001192092896,0.30000001192092896
7.95,0,0.12043260037899017,-0.02445898950099945,-0.006514638662338257,0.2792689800262451,2.0,0.0,-0.012262409552931786,0.0016227189917117357,1,1,1,1,8.264184951782227,6.203980445861816,5.886009693145752,8.392266273498535,0.37325412034988403,0.049820270389318466,0.37256568670272827,0.049988970160484314,-0.1867803931236267,0.04975152760744095,-0.188691183924675,0.0497824028134346,0.0,0.0,0.0,0.0,0.0,0.0,0.0,0.0,0.30000001192092896,0.30000001192092896,0.30000001192092896,0.30000001192092896
8.0,0,0.12115082889795303,-0.024587728083133698,0.00029665633337572217,0.27926570177078247,2.0,0.0,-0.01333437580615282,0.001690335338935256,1,1,1,1,7.527687072753906,6.796677589416504,7.141386032104492,7.271965026855469,0.37396183609962463,0.04986977204680443,0.37329617142677307,0.050014328211545944,-0.18606679141521454,0.04974869266152382,-0.18794266879558563,0.04970405623316765,0.0,0.0,0.0,0.0,0.0,0.0,0.0,0.0,0.30000001192092896,0.30000001192092896,0.30000001192092896,0.30000001192092896
8.05,0,0.12186351418495178,-0.024627869948744774,-0.0003423205344006419,0.27926498651504517,2.0,0.0,-0.014752600342035294,0.0018207206157967448,1,1,1,1,7.411060810089111,7.006071090698242,7.303313732147217,7.064088821411133,0.37467172741889954,0.049907248467206955,0.374019056558609,0.05003079026937485,-0.1853892207145691,0.04981232434511185,-0.18718969821929932,0.04961158335208893,0.0,0.0,0.0,0.0,0.0,0.0,0.0,0.0,0.30000001192092896,0.30000001192092896,0.30000001192092896,0.30000001192092896
8.1,0,0.12259665876626968,-0.02469758130609989,-0.001240590470843017,0.27925562858581543,2.0,0.0,-0.01346704363822937,0.0019629159942269325,1,1,1,1,7.2371110916137695,7.132777690887451,7.341464042663574,6.942849636077881,0.3753884434700012,0.04993507266044617,0.3747492730617523,0.05003713443875313,-0.18470370769500732,0.04986757040023804,-0.18642431497573853,0.049505770206451416,0.0,0.0,0.0,0.0,0.0,0.0,0.0,0.0,0.30000001192092896,0.30000001192092896,0.30000001192092896,0.30000001192092896
8.15,0,0.12332361936569214,-0.02476792223751545,6.057065547793172e-05,0.2792541980743408,2.0,0.0,-0.013152414932847023,0.0021134312264621258,1,1,1,1,6.939266681671143,7.509716987609863,7.729669094085693,6.541723728179932,0.37610745429992676,0.04995160177350044,0.37546589970588684,0.05003151670098305,-0.18402087688446045,0.04991339519619942,-0.18565797805786133,0.049387022852897644,0.0,0.0,0.0,0.0,0.0,0.0,0.0,0.0,0.30000001192092896,0.30000001192092896,0.30000001192092896,0.30000001192092896
8.2,0,0.12406300753355026,-0.024839185178279877,-0.0007377039291895926,0.2792491614818573,2.0,0.0,-0.01349360216408968,0.0022719770204275846,1,1,1,1,6.761686325073242,7.721796035766602,7.89754581451416,6.325466632843018,0.376834899187088,0.0499570295214653,0.37619519233703613,0.050014521926641464,-0.18332748115062714,0.049948785454034805,-0.18488237261772156,0.04925537109375,0.0,0.0,0.0,0.0,0.0,0.0,0.0,0.0,0.30000001192092896,0.30000001192092896,0.30000001192092896,0.30000001192092896
8.25,0,0.12481996417045593,-0.02492261305451393,-0.0014490116154775023,0.2792395055294037,2.0,0.0,-0.012674922123551369,0.0024401035625487566,1,1,1,1,6.601749897003174,7.939863681793213,8.088666915893555,6.119009971618652,0.37757232785224915,0.049951326102018356,0.3769373893737793,0.04998523369431496,-0.1826237440109253,0.049974873661994934,-0.184098482131958,0.04910978302359581,0.0,0.0,0.0,0.0,0.0,0.0,0.0,0.0,0.30000001192092896,0.30000001192092896,0.30000001192092896,0.30000001192092896
8.3,0,0.12558098137378693,-0.02498626336455345,-0.00048641583998687565,0.27922970056533813,2.0,0.0,-0.013429171405732632,0.0026177451945841312,1,1,1,1,6.294032096862793,8.216050148010254,8.406068801879883,5.846036434173584,0.37831613421440125,0.04993336647748947,0.3776915669441223,0.0499432198703289,-0.18191102147102356,0.049991756677627563,-0.18330907821655273,0.04895230010151863,0.0,0.0,0.0,0.0,0.0,0.0,0.0,0.0,0.30000001192092896,0.30000001192092896,0.30000001192092896,0.30000001192092896
8.35,0,0.1262679398059845,-0.024776486679911613,0.0018347722943872213,0.2792525589466095,2.0,0.0,-0.013460573740303516,0.0025484098587185144,1,1,1,1,7.6247239112854,6.728140830993652,7.006389617919922,7.373752117156982,0.37904611229896545,0.049908872693777084,0.3784131407737732,0.049886591732501984,-0.18119269609451294,0.05000026524066925,-0.18264083564281464,0.04909800738096237,0.0,0.0,0.0,0.0,0.0,0.0,0.0,0.0,0.30000001192092896,0.30000001192092896,0.30000001192092896,0.30000001192092896
8.4,0,0.12696747481822968,-0.02458737976849079,0.0007970169535838068,0.27927166223526,2.0,0.0,-0.01388479396700859,0.0024725657422095537,1,1,1,1,8.016164779663086,6.385439395904541,6.594391822814941,7.7355055809021,0.3797820806503296,0.04987306147813797,0.3791411221027374,0.04981740564107895,-0.18046583235263824,0.04999588802456856,-0.18196843564510345,0.04922511801123619,0.0,0.0,0.0,0.0,0.0,0.0,0.0,0.0,0.30000001192092896,0.30000001192092896,0.30000001192092896,0.30000001192092896
8.45,0,0.12769460678100586,-0.02441527508199215,-0.0013899690238758922,0.27927958965301514,2.0,0.0,-0.012868770398199558,0.002386887092143297,1,1,1,1,8.374284744262695,6.048646926879883,6.223391532897949,8.084504127502441,0.3805290460586548,0.04982573166489601,0.37987959384918213,0.04973571002483368,-0.17972080409526825,0.04997962340712547,-0.18128882348537445,0.049343742430210114,0.0,0.0,0.0,0.0,0.0,0.0,0.0,0.0,0.30000001192092896,0.30000001192092896,0.30000001192092896,0.30000001192092896
8.5,0,0.12843994796276093,-0.024245746433734894,-0.0018906381446868181,0.2792903780937195,2.0,0.0,-0.014052081853151321,0.0023022640962153673,1,1,1,1,8.658506393432617,5.845610618591309,5.977354049682617,8.294306755065918,0.38129550218582153,0.049766141921281815,0.38062742352485657,0.0496414490044117,-0.1789582371711731,0.04995167255401611,-0.1806037575006485,0.04945405572652817,0.0,0.0,0.0,0.0,0.0,0.0,0.0,0.0,0.30000001192092896,0.30000001192092896,0.30000001192092896,0.30000001192092896
8.55,0,0.12919431924819946,-0.024094097316265106,-0.005717981606721878,0.2793004810810089,2.0,0.0,-0.012050719931721687,0.0022295992821455,1,1,1,1,9.593399047851562,5.037511825561523,5.258719444274902,8.94870376586914,0.3820684850215912,0.0497121699154377,0.38138020038604736,0.04953574389219284,-0.17818482220172882,0.049912553280591965,-0.17991547286510468,0.04955441132187843,0.0,0.0,0.0,0.0,0.0,0.0,0.0,0.0,0.30000001192092896,0.30000001192092896,0.30000001192092896,0.30000001192092896
8.6,0,0.12986798584461212,-0.024046966806054115,-0.006806972902268171,0.2793053984642029,2.0,0.0,-0.011400977149605751,0.0023325730580836535,1,1,1,1,10.29787826538086,4.008630275726318,4.6262054443359375,9.758102416992188,0.3827573359012604,0.049781717360019684,0.3820904493331909,0.04942655190825462,-0.17742648720741272,0.049860600382089615,-0.17926327884197235,0.049643658101558685,0.0,0.0,0.0,0.0,0.0,0.0,0.0,0.0,0.30000001192092896,0.30000001192092896,0.30000001192092896,0.30000001192092896
8.65,0,0.13055972754955292,-0.024012599140405655,-0.007964096963405609,0.27930599451065063,2.0,0.0,-0.011479752138257027,0.0024627165403217077,1,1,1,1,10.687829971313477,3.6031811237335205,4.229302883148193,10.188145637512207,0.38345637917518616,0.049841344356536865,0.3828025460243225,0.049307771027088165,-0.1766485571861267,0.049798015505075455,-0.1786092072725296,0.049725379794836044,0.0,0.0,0.0,0.0,0.0,0.0,0.0,0.0,0.30000001192092896,0.30000001192092896,0.30000001192092896,0.30000001192092896
8.7,0,0.13124653697013855,-0.023969708010554314,-0.010648271068930626,0.27931249141693115,2.0,0.0,-0.010487878695130348,0.0026033467147499323,1,1,1,1,11.517333984375,2.806973695755005,3.5694315433502197,10.84956169128418,0.38415834307670593,0.04989216849207878,0.38351112604141235,0.04918024316430092,-0.1758667379617691,0.04972303286194801,-0.17795991897583008,0.04979820176959038,0.0,0.0,0.0,0.0,0.0,0.0,0.0,0.0,0.30000001192092896,0.30000001192092896,0.30000001192092896,0.30000001192092896
8.75,0,0.13195981085300446,-0.02380678988993168,-0.003344395663589239,0.2793050706386566,2.0,0.0,-0.013632395304739475,0.002882635220885277,1,1,1,1,11.037107467651367,3.304149627685547,3.734151840209961,10.655033111572266,0.38487571477890015,0.04993174597620964,0.38423553109169006,0.04904183745384216,-0.17509832978248596,0.04976477473974228,-0.17730188369750977,0.0498674176633358,0.0,0.0,0.0,0.0,0.0,0.0,0.0,0.0,0.30000001192092896,0.30000001192092896,0.30000001192092896,0.30000001192092896
8.8,0,0.13265682756900787,-0.023694923147559166,-0.004061372485011816,0.27931344509124756,2.0,0.0,-0.014454441145062447,0.0029880357906222343,1,1,1,1,9.584084510803223,4.666849136352539,5.159697532653809,9.349701881408691,0.385590136051178,0.04996262490749359,0.3849268853664398,0.04903073608875275,-0.17436477541923523,0.04981966316699982,-0.176632821559906,0.049927644431591034,0.0,0.0,0.0,0.0,0.0,0.0,0.0,0.0,0.30000001192092896,0.30000001192092896,0.30000001192092896,0.30000001192092896
8.85,0,0.13335812091827393,-0.023694220930337906,-0.004645756911486387,0.2793301045894623,2.0,0.0,-0.015124118886888027,0.002869450720027089,1,1,1,1,9.29417610168457,4.954296112060547,5.421667098999023,9.067304611206055,0.3863058090209961,0.049983344972133636,0.3855963349342346,0.0491623617708683,-0.1736563891172409,0.04986702650785446,-0.1759529858827591,0.049971047788858414,0.0,0.0,0.0,0.0,0.0,0.0,0.0,0.0,0.30000001192092896,0.30000001192092896,0.30000001192092896,0.30000001192092896
8.9,0,0.13408386707305908,-0.023714154958724976,-0.003541256533935666,0.2793382704257965,2.0,0.0,-0.014614591374993324,0.0027204665821045637,1,1,1,1,8.948081970214844,5.342824459075928,5.768190860748291,8.684090614318848,0.3870323896408081,0.04999380558729172,0.38627704977989197,0.04928606376051903,-0.17294162511825562,0.049906279891729355,-0.17525723576545715,0.05000476539134979,0.0,0.0,0.0,0.0,0.0,0.0,0.0,0.0,0.30000001192092896,0.30000001192092896,0.30000001192092896,0.30000001192092896
8.95,0,0.13480804860591888,-0.02373911254107952,-0.004214477259665728,0.27935028076171875,2.0,0.0,-0.01482932735234499,0.002558300504460931,1,1,1,1,8.660735130310059,5.657276630401611,6.043853282928467,8.371620178222656,0.3877618908882141,0.049993883818387985,0.38696104288101196,0.04940086975693703,-0.17223376035690308,0.049934595823287964,-0.17455612123012543,0.05002740025520325,0.0,0.0,0.0,0.0,0.0,0.0,0.0,0.0,0.30000001192092896,0.30000001192092896,0.30000001192092896,0.30000001192092896
9.0,0,0.13554039597511292,-0.023782024160027504,-0.003987281117588282,0.2793613374233246,2.0,0.0,-0.01436664815992117,0.0023875071201473475,1,1,1,1,8.39724063873291,5.933223247528076,6.285702228546143,8.103300094604492,0.38849642872810364,0.04998364672064781,0.38765111565589905,0.04950686916708946,-0.1715257465839386,0.04995272308588028,-0.17384737730026245,0.050038840621709824,0.0,0.0,0.0,0.0,0.0,0.0,0.0,0.0,0.30000001192092896,0.30000001192092896,0.30000001192092896,0.30000001192092896
9.05,0,0.13627566397190094,-0.023829352110624313,-0.003594228532165289,0.27937209606170654,2.0,0.0,-0.01466348860412836,0.0022216576617211103,1,1,1,1,8.05362606048584,6.305934906005859,6.652500152587891,7.7399187088012695,0.38923338055610657,0.049961723387241364,0.3883458971977234,0.04960372671484947,-0.1708163619041443,0.049962595105171204,-0.17313145101070404,0.05003909394145012,0.0,0.0,0.0,0.0,0.0,0.0,0.0,0.0,0.30000001192092896,0.30000001192092896,0.30000001192092896,0.30000001192092896
9.1,0,0.13701212406158447,-0.023875802755355835,-0.003023077268153429,0.2793837785720825,2.0,0.0,-0.01434391364455223,0.0020476607605814934,1,1,1,1,7.796741008758545,6.612643718719482,6.883406639099121,7.461514472961426,0.3899734318256378,0.049928393214941025,0.3890431523323059,0.04969129338860512,-0.17010706663131714,0.04996147006750107,-0.1724051833152771,0.05002705007791519,0.0,0.0,0.0,0.0,0.0,0.0,0.0,0.0,0.30000001192092896,0.30000001192092896,0.30000001192092896,0.30000001192092896
9.15,0,0.13775640726089478,-0.023918405175209045,-0.0022332605440169573,0.27939215302467346,2.0,0.0,-0.014126336202025414,0.0018519199220463634,1,1,1,1,7.492541313171387,6.935904026031494,7.182178020477295,7.130603790283203,0.39071792364120483,0.049883779138326645,0.38974878191947937,0.049768343567848206,-0.16939738392829895,0.04995022341609001,-0.17166583240032196,0.05000218749046326,0.0,0.0,0.0,0.0,0.0,0.0,0.0,0.0,0.30000001192092896,0.30000001192092896,0.30000001192092896,0.30000001192092896
9.2,0,0.138486847281456,-0.024005521088838577,-0.005036388989537954,0.27939003705978394,2.0,0.0,-0.01220235601067543,0.0017568034818395972,1,1,1,1,7.722745418548584,6.677460193634033,6.656932830810547,7.713194847106934,0.3914407789707184,0.04986802861094475,0.3904702961444855,0.049836866557598114,-0.16868187487125397,0.049928683787584305,-0.17089150846004486,0.04996597766876221,0.0,0.0,0.0,0.0,0.0,0.0,0.0,0.0,0.30000001192092896,0.30000001192092896,0.30000001192092896,0.30000001192092896
9.25,0,0.13919298350811005,-0.02416374348104,-0.006382733583450317,0.27939215302467346,2.0,0.0,-0.012726505286991596,0.0017590038478374481,1,1,1,1,7.764973163604736,6.699384689331055,6.659628868103027,7.670198917388916,0.3921390175819397,0.049907419830560684,0.39116713404655457,0.04989634081721306,-0.16796791553497314,0.04989324510097504,-0.17015695571899414,0.04992051422595978,0.0,0.0,0.0,0.0,0.0,0.0,0.0,0.0,0.30000001192092896,0.30000001192092896,0.30000001192092896,0.30000001192092896
9.3,0,0.139899343252182,-0.02433088794350624,-0.006057003512978554,0.2793963551521301,2.0,0.0,-0.013446100987493992,0.0017643759492784739,1,1,1,1,7.7947306632995605,6.69907283782959,6.598746299743652,7.6828508377075195,0.39283937215805054,0.04993685707449913,0.39186644554138184,0.04994526132941246,-0.1672532707452774,0.04984847083687782,-0.16941843926906586,0.04986298084259033,0.0,0.0,0.0,0.0,0.0,0.0,0.0,0.0,0.30000001192092896,0.30000001192092896,0.30000001192092896,0.30000001192092896
9.35,0,0.14061866700649261,-0.024499721825122833,-0.006852320395410061,0.2793968915939331,2.0,0.0,-0.011282667517662048,0.001754610100761056,1,1,1,1,7.692483901977539,6.771156311035156,6.671874046325684,7.60283088684082,0.39354780316352844,0.04995676875114441,0.39257150888442993,0.04998396337032318,-0.16653092205524445,0.04979196935892105,-0.16867020726203918,0.04979276284575462,0.0,0.0,0.0,0.0,0.0,0.0,0.0,0.0,0.30000001192092896,0.30000001192092896,0.30000001192092896,0.30000001192092896
9.4,0,0.14135199785232544,-0.024665439501404762,-0.0064142136834561825,0.27939221262931824,2.0,0.0,-0.011956792324781418,0.001717993407510221,1,1,1,1,7.729889869689941,6.82767391204834,6.678554058074951,7.54063606262207,0.39426571130752563,0.04996614530682564,0.3932815492153168,0.05001109093427658,-0.1658000946044922,0.04972409829497337,-0.16787753999233246,0.0497112050652504,0.0,0.0,0.0,0.0,0.0,0.0,0.0,0.0,0.30000001192092896,0.30000001192092896,0.30000001192092896,0.30000001192092896
9.45,0,0.14209547638893127,-0.02485044300556183,-0.006521540693938732,0.27939093112945557,2.0,0.0,-0.011770201846957207,0.0016914816806092858,1,1,1,1,7.725492000579834,6.857146739959717,6.683019161224365,7.522999286651611,0.3949931859970093,0.04996555671095848,0.39399948716163635,0.05002700164914131,-0.16506195068359375,0.04964349418878555,-0.1671128273010254,0.04961498826742172,0.0,0.0,0.0,0.0,0.0,0.0,0.0,0.0,0.30000001192092896,0.30000001192092896,0.30000001192092896,0.30000001192092896
9.5,0,0.14284217357635498,-0.02504282258450985,-0.00796717032790184,0.27938932180404663,2.0,0.0,-0.013333650305867195,0.0016918717883527279,1,1,1,1,7.914592266082764,6.8633904457092285,6.46073055267334,7.685030937194824,0.39572522044181824,0.04995312914252281,0.394745796918869,0.05003150925040245,-0.16431868076324463,0.04955151304602623,-0.16634105145931244,0.04950603097677231,0.0,0.0,0.0,0.0,0.0,0.0,0.0,0.0,0.30000001192092896,0.30000001192092896,0.30000001192092896,0.30000001192092896
9.55,0,0.14360487461090088,-0.025239774957299232,-0.006748735439032316,0.27938830852508545,2.0,0.0,-0.011946720071136951,0.0016586011042818427,1,1,1,1,7.719731330871582,6.8887810707092285,6.652248859405518,7.435462474822998,0.39647001028060913,0.049930185079574585,0.3954686224460602,0.0500236414372921,-0.16356295347213745,0.04944575950503349,-0.1655588299036026,0.04938188195228577,0.0,0.0,0.0,0.0,0.0,0.0,0.0,0.0,0.30000001192092896,0.30000001192092896,0.30000001192092896,0.30000001192092896
9.6,0,0.1443752944469452,-0.0254345815628767,-0.007269698660820723,0.2793879508972168,2.0,0.0,-0.011792153120040894,0.0016310646897181869,1,1,1,1,7.719229698181152,6.971858978271484,6.677696228027344,7.422144412994385,0.3972243666648865,0.0498947948217392,0.39621275663375854,0.05000321567058563,-0.16280125081539154,0.04932844638824463,-0.16476894915103912,0.04924570024013519,0.0,0.0,0.0,0.0,0.0,0.0,0.0,0.0,0.30000001192092896,0.30000001192092896,0.30000001192092896,0.30000001192092896
9.65,0,0.14513945579528809,-0.025625178590416908,-0.005897929426282644,0.2793920934200287,2.0,0.0,-0.012114383280277252,0.0016160807572305202,1,1,1,1,7.847949981689453,6.88515043258667,6.596811294555664,7.473000526428223,0.39797982573509216,0.049847327172756195,0.3969608247280121,0.04997044801712036,-0.16203682124614716,0.049196187406778336,-0.16397474706172943,0.04909445717930794,0.0,0.0,0.0,0.0,0.0,0.0,0.0,0.0,0.30000001192092896,0.30000001192092896,0.30000001192092896,0.30000001192092896
9.7,0,0.14586909115314484,-0.025538310408592224,0.0036601803731173277,0.2794031798839569,2.0,0.0,-0.014295781962573528,0.0018019990529865026,1,1,1,1,6.170105457305908,8.323389053344727,8.198416709899902,6.035397052764893,0.39872902631759644,0.04978646710515022,0.39772117137908936,0.049928706139326096,-0.16138555109500885,0.04929091036319733,-0.1631803661584854,0.0489383339881897,0.0,0.0,0.0,0.0,0.0,0.0,0.0,0.0,0.30000001192092896,0.30000001192092896,0.30000001192092896,0.30000001192092896
9.75,0,0.14655062556266785,-0.02519717626273632,0.00804920680820942,0.27943024039268494,2.0,0.0,-0.016447193920612335,0.001830413588322699,1,1,1,1,7.1730194091796875,7.3363728523254395,6.896331787109375,7.554803371429443,0.3994689881801605,0.049715980887413025,0.39848971366882324,0.04987424239516258,-0.16072483360767365,0.0493994764983654,-0.16249863803386688,0.04905424267053604,0.0,0.0,0.0,0.0,0.0,0.0,0.0,0.0,0.30000001192092896,0.30000001192092896,0.30000001192092896,0.30000001192092896
9.8,0,0.1472661942243576,-0.024852750822901726,0.006664750631898642,0.279443621635437,2.0,0.0,-0.015103845857083797,0.0017793907318264246,1,1,1,1,7.187527656555176,7.192829608917236,6.922934055328369,7.4763922691345215,0.4002232551574707,0.049634676426649094,0.3992457389831543,0.04980338364839554,-0.16004210710525513,0.04950082302093506,-0.16180676221847534,0.049185726791620255,0.0,0.0,0.0,0.0,0.0,0.0,0.0,0.0,0.30000001192092896,0.30000001192092896,0.30000001192092896,0.30000001192092896
9.85,0,0.1480012834072113,-0.024514159187674522,0.007245773449540138,0.2794465124607086,2.0,0.0,-0.015832411125302315,0.0017290138639509678,1,1,1,1,7.27286434173584,7.108788013458252,6.793684959411621,7.56122350692749,0.40098363161087036,0.04954113811254501,0.40001100301742554,0.04972005635499954,-0.15934200584888458,0.04959431663155556,-0.16110602021217346,0.049308892339468,0.0,0.0,0.0,0.0,0.0,0.0,0.0,0.0,0.30000001192092896,0.30000001192092896,0.30000001192092896,0.30000001192092896
9.9,0,0.14875414967536926,-0.02417873777449131,0.006636897101998329,0.2794400155544281,2.0,0.0,-0.0162091962993145,0.0016839695163071156,1,1,1,1,7.399409770965576,7.032233238220215,6.669565677642822,7.63853645324707,0.4017520546913147,0.049434058368206024,0.40081360936164856,0.049625273793935776,-0.15862900018692017,0.0496794618666172,-0.16039693355560303,0.04942313954234123,0.0,0.0,0.0,0.0,0.0,0.0,0.0,0.0,0.30000001192092896,0.30000001192092896,0.30000001192092896,0.30000001192092896
9.95,0,0.14952659606933594,-0.02384743094444275,0.006422141101211309,0.2794286012649536,2.0,0.0,-0.01614217460155487,0.001616892870515585,1,1,1,1,7.464558124542236,6.971515655517578,6.565609931945801,7.696703910827637,0.402530699968338,0.04931384325027466,0.401594340801239,0.04951488971710205,-0.15790265798568726,0.04975534602999687,-0.15967589616775513,0.049528818577528,0.0,0.0,0.0,0.0,0.0,0.0,0.0,0.0,0.30000001192092896,0.30000001192092896,0.30000001192092896,0.30000001192092896
10.0,0,0.15031976997852325,-0.023514192551374435,0.005388141144067049,0.2794082462787628,2.0,0.0,-0.016262030228972435,0.001551872119307518,1,1,1,1,7.654080867767334,6.867388725280762,6.421872615814209,7.80159854888916,0.4033191502094269,0.04917933791875839,0.4023863673210144,0.049390293657779694,-0.15715667605400085,0.049821726977825165,-0.15894171595573425,0.04962463676929474,0.0,0.0,0.0,0.0,0.0,0.0,0.0,0.0,0.30000001192092896,0.30000001192092896,0.30000001192092896,0.30000001192092896
10.05,0,0.1511162966489792,-0.023177018389105797,0.004366105422377586,0.2793866991996765,2.0,0.0,-0.015487680211663246,0.0014824733370915055,1,1,1,1,7.783668041229248,6.80128288269043,6.311825275421143,7.873528480529785,0.4041103422641754,0.049030471593141556,0.4031822085380554,0.04925183579325676,-0.1564079225063324,0.049877047538757324,-0.15820379555225372,0.04971065744757652,0.0,0.0,0.0,0.0,0.0,0.0,0.0,0.0,0.30000001192092896,0.30000001192092896,0.30000001192092896,0.30000001192092896
10.1,0,0.15191715955734253,-0.022829551249742508,0.005379946902394295,0.2793508768081665,2.0,0.0,-0.013692937791347504,0.0014300983166322112,1,1,1,1,7.967270851135254,6.572635650634766,6.219806671142578,8.0922212600708,0.40489229559898376,0.048871349543333054,0.403984397649765,0.04910021275281906,-0.15564411878585815,0.04992148280143738,-0.15745900571346283,0.04978572204709053,0.0,0.0,0.0,0.0,0.0,0.0,0.0,0.0,0.30000001192092896,0.30000001192092896,0.30000001192092896,0.30000001192092896
10.15,0,0.15254583954811096,-0.022772377356886864,-0.0015191262355074286,0.27932918071746826,2.0,0.0,-0.010466793552041054,0.0018923078896477818,1,1,1,1,9.281866073608398,5.054487705230713,4.66655969619751,9.622175216674805,0.4055180847644806,0.04901045560836792,0.40470626950263977,0.04896188899874687,-0.15488961338996887,0.04993993788957596,-0.15679578483104706,0.04983863979578018,0.0,0.0,0.0,0.0,0.0,0.0,0.0,0.0,0.30000001192092896,0.30000001192092896,0.30000001192092896,0.30000001192092896
10.2,0,0.1531599462032318,-0.02279723808169365,-0.004202660173177719,0.2793322503566742,2.0,0.0,-0.011918867006897926,0.002047169953584671,1,1,1,1,8.013879776000977,6.112897872924805,5.7572855949401855,8.863799095153809,0.40614548325538635,0.049128033220767975,0.40536385774612427,0.04903004691004753,-0.15420161187648773,0.0499577634036541,-0.1561255306005478,0.049891822040081024,0.0,0.0,0.0,0.0,0.0,0.0,0.0,0.0,0.30000001192092896,0.30000001192092896,0.30000001192092896,0.30000001192092896
10.25,0,0.1538144201040268,-0.024538647383451462,0.020219460129737854,0.27959775924682617,2.0,0.0,-0.012336097657680511,0.0009438416454941034,1,1,1,1,13.889833450317383,0.0,0.0,14.591928482055664,0.40674206614494324,0.049258921295404434,0.4058368504047394,0.04917214438319206,-0.15645051002502441,0.05172905698418617,-0.15553466975688934,0.04992448538541794,0.0,0.0,0.0,0.0,3.5,0.0,0.0,0.0,0.30000001192092896,0.30000001192092896,0.30000001192092896,0.30000001192092896
10.3,0,0.1544162929058075,-0.02549712546169758,0.03200042247772217,0.27978628873825073,2.0,0.0,-0.017345072701573372,0.00035618097172118723,1,1,1,1,13.794520378112793,0.35537439584732056,0.0,14.577276229858398,0.40734681487083435,0.04937222599983215,0.40637925267219543,0.049290187656879425,-0.15764868259429932,0.05295679718255997,-0.15493707358837128,0.04995281994342804,0.0,0.0,0.0,0.0,3.5,0.0,0.0,0.0,0.30000001192092896,0.30000001192092896,0.30000001192092896,0.30000001192092896
10.35,0,0.15498782694339752,-0.029275700449943542,-0.015786102041602135,0.28084808588027954,2.0,0.0,-0.015910889953374863,-0.0038526474963873625,1,1,1,1,13.617406845092773,0.0,0.0,14.297191619873047,0.40791216492652893,0.049538787454366684,0.4070601761341095,0.051075343042612076,-0.1707363724708557,0.06525961309671402,-0.1543801873922348,0.0499713271856308,0.0,0.0,0.0,0.0,17.299999237060547,0.0,0.0,0.0,0.30000001192092896,0.30000001192092896,0.30000001192092896,0.30000001192092896
10.4,0,0.1553718000650406,-0.029230643063783646,0.036568205803632736,0.2808382511138916,2.0,0.0,-0.022044643759727478,-0.0038988585583865643,1,1,1,1,13.738057136535645,0.0,0.0,14.463178634643555,0.40848323702812195,0.04961872473359108,0.40745899081230164,0.05108336731791496,-0.17859068512916565,0.07527067512273788,-0.1538102626800537,0.04998235031962395,0.0,0.0,0.0,0.0,17.299999237060547,0.0,0.0,0.0,0.30000001192092896,0.30000001192092896,0.30000001192092896,0.30000001192092896
10.45,0,0.1561608463525772,-0.026990361511707306,0.07528866082429886,0.2807917594909668,2.0,0.0,-0.04219285771250725,-0.0007187415030784905,1,1,0,1,13.802841186523438,0.0,0.0,14.595109939575195,0.4092238247394562,0.04965455085039139,0.4081575274467468,0.049822475761175156,-0.18249906599521637,0.08288389444351196,-0.15306790173053741,0.04999570921063423,0.0,0.0,0.0,0.0,17.299999237060547,0.0,0.0,0.0,0.30000001192092896,0.30000001192092896,0.30000001192092896,0.30000001192092896
10.5,0,0.157011017203331,-0.026843104511499405,0.04316631332039833,0.2807635962963104,2.0,0.0,-0.02116643637418747,-0.00013399127055890858,1,1,0,1,13.572867393493652,0.6431309580802917,0.0,14.379844665527344,0.4099564850330353,0.049729444086551666,0.40893787145614624,0.0497017502784729,-0.18436910212039948,0.08701704442501068,-0.1523320972919464,0.049992602318525314,0.0,0.0,0.0,0.0,17.299999237060547,0.0,0.0,0.0,0.30000001192092896,0.30000001192092896,0.30000001192092896,0.30000001192092896
10.55,0,0.15775460004806519,-0.027127761393785477,0.04372616857290268,0.2806858420372009,2.0,0.0,-0.022846028208732605,-0.00013088750711176544,1,1,0,1,13.77682113647461,0.0,0.0,14.375232696533203,0.4106554388999939,0.04979829117655754,0.4097000062465668,0.04977637529373169,-0.18561504781246185,0.08993270993232727,-0.15162624418735504,0.04998060688376427,0.0,0.0,0.0,0.0,18.700000762939453,0.0,0.0,0.0,0.30000001192092896,0.30000001192092896,0.30000001192092896,0.30000001192092896
10.6,0,0.15849609673023224,-0.0273209810256958,0.04294842854142189,0.280612587928772,2.0,0.0,-0.021477308124303818,-0.00011130272469017655,1,1,0,1,13.646676063537598,0.6369457840919495,0.0,14.31991958618164,0.4113655090332031,0.049859337508678436,0.4104452431201935,0.04984092712402344,-0.18670901656150818,0.09277088940143585,-0.15091051161289215,0.049957502633333206,0.0,0.0,0.0,0.0,18.700000762939453,0.0,0.0,0.0,0.30000001192092896,0.30000001192092896,0.30000001192092896,0.30000001192092896
10.65,0,0.15925228595733643,-0.027516191825270653,0.04279729723930359,0.2805783152580261,2.0,0.0,-0.021510977298021317,-9.440577559871599e-05,1,1,0,1,13.716081619262695,0.6146085262298584,0.0,14.32526683807373,0.41208866238594055,0.04991000518202782,0.41119542717933655,0.04989499971270561,-0.18703874945640564,0.09447447210550308,-0.15018901228904724,0.0499233715236187,0.0,0.0,0.0,0.0,18.700000762939453,0.0,0.0,0.0,0.30000001192092896,0.30000001192092896,0.30000001192092896,0.30000001192092896
10.7,0,0.16001684963703156,-0.02770587056875229,0.042866677045822144,0.2805553078651428,2.0,0.0,-0.02195536345243454,-7.967753481352702e-05,1,1,0,1,13.717214584350586,0.6383357644081116,0.0,14.336304664611816,0.41282278299331665,0.04995029792189598,0.4119633138179779,0.049937907606363297,-0.18692532181739807,0.09548041969537735,-0.14944574236869812,0.04987792298197746,0.0,0.0,0.0,0.0,18.700000762939453,0.0,0.0,0.0,0.30000001192092896,0.30000001192092896,0.30000001192092896,0.30000001192092896
10.75,0,0.16079284250736237,-0.02789154462516308,0.042922358959913254,0.2805432677268982,2.0,0.0,-0.02204115316271782,-6.030595977790654e-05,1,1,0,1,13.733576774597168,0.6569554209709167,0.0,14.322712898254395,0.4135700464248657,0.049979619681835175,0.4127410352230072,0.04996994137763977,-0.18653972446918488,0.09605656564235687,-0.14869026839733124,0.049820248037576675,0.0,0.0,0.0,0.0,18.700000762939453,0.0,0.0,0.0,0.30000001192092896,0.30000001192092896,0.30000001192092896,0.30000001192092896
10.8,0,0.16158264875411987,-0.028074564412236214,0.043266382068395615,0.28054291009902954,2.0,0.0,-0.02215499058365822,-3.579843541956507e-05,1,1,0,1,13.711773872375488,0.6891786456108093,0.0,14.260298728942871,0.41433000564575195,0.04999791458249092,0.4135214686393738,0.049990758299827576,-0.1859828233718872,0.09637055546045303,-0.14793062210083008,0.04974987730383873,0.0,0.0,0.0,0.0,18.700000762939453,0.0,0.0,0.0,0.30000001192092896,0.30000001192092896,0.30000001192092896,0.30000001192092896
10.85,0,0.16227421164512634,-0.028132127597928047,0.04037095606327057,0.28056448698043823,2.0,0.0,-0.01918068155646324,-0.00011188500502612442,1,1,0,1,14.31322956085205,0.0,0.0,14.514235496520996,0.41506725549697876,0.05000417307019234,0.414247989654541,0.05000825598835945,-0.18541306257247925,0.09652700275182724,-0.14726568758487701,0.049758996814489365,0.0,0.0,0.0,0.0,18.700000762939453,0.0,0.0,0.0,0.30000001192092896,0.30000001192092896,0.30000001192092896,0.30000001192092896
10.9,0,0.16295796632766724,-0.02811315283179283,0.01808755286037922,0.28060078620910645,2.0,0.0,-0.01980927214026451,-0.0002637314610183239,1,1,0,1,14.187643051147461,0.0,0.0,14.50144100189209,0.4158084988594055,0.050000835210084915,0.4149695634841919,0.05004432052373886,-0.18480084836483002,0.09663032740354538,-0.14661194384098053,0.04981422796845436,0.0,0.0,0.0,0.0,18.700000762939453,0.0,0.0,0.0,0.30000001192092896,0.30000001192092896,0.30000001192092896,0.30000001192092896
10.95,0,0.16367322206497192,-0.02812548726797104,0.008696446195244789,0.2806563973426819,2.0,0.0,-0.018191829323768616,-0.00044927652925252914,1,1,0,1,14.391048431396484,0.0,0.0,14.379691123962402,0.4165565073490143,0.04998764023184776,0.41570228338241577,0.05009068176150322,-0.18412725627422333,0.0966663733124733,-0.14595527946949005,0.04986349120736122,0.0,0.0,0.0,0.0,18.700000762939453,0.0,0.0,0.0,0.30000001192092896,0.30000001192092896,0.30000001192092896,0.30000001192092896
11.0,0,0.16427701711654663,-0.02934635803103447,-0.036709386855363846,0.2805902361869812,2.0,0.0,-0.003381711896508932,-0.0022119253408163786,1,1,0,1,14.567120552062988,0.0,0.0,14.169249534606934,0.4172307848930359,0.049995582550764084,0.4163675904273987,0.05077584087848663,-0.18356482684612274,0.09599192440509796,-0.14536568522453308,0.04987189546227455,0.0,0.0,0.0,0.0,18.700000762939453,0.0,0.0,0.0,0.30000001192092896,0.30000001192092896,0.30000001192092896,0.30000001192092896
11.05,0,0.16470657289028168,-0.0327000729739666,-0.0630253329873085,0.2802930772304535,2.0,0.0,-0.01315678283572197,-0.006605868693441153,1,1,0,1,14.392481803894043,0.0,0.0,14.398419380187988,0.4178186357021332,0.050048645585775375,0.4169336259365082,0.05257709324359894,-0.1831524670124054,0.09407032281160355,-0.14485488831996918,0.049814216792583466,0.0,0.0,0.0,0.0,18.700000762939453,0.0,0.0,0.0,0.30000001192092896,0.30000001192092896,0.30000001192092896,0.30000001192092896
11.1,0,0.1650649905204773,-0.03660224378108978,-0.07328706979751587,0.279920369386673,2.0,0.0,-0.018151167780160904,-0.011698382906615734,1,1,0,1,14.376251220703125,0.0,0.0,14.352903366088867,0.41838574409484863,0.05010527744889259,0.41743624210357666,0.05465849116444588,-0.1827917993068695,0.09180193394422531,-0.14437192678451538,0.0497376024723053,0.0,0.0,0.0,0.0,18.700000762939453,0.0,0.0,0.0,0.30000001192092896,0.30000001192092896,0.30000001192092896,0.30000001192092896
11.15,0,0.16541323065757751,-0.04115527495741844,-0.08948355168104172,0.27949607372283936,2.0,0.0,-0.024649728089571,-0.01761747896671295,1,1,0,1,14.47756576538086,0.0,0.0,14.359684944152832,0.4189387261867523,0.05017053708434105,0.41794851422309875,0.05708031356334686,-0.18243198096752167,0.08915286511182785,-0.14389419555664062,0.04963791370391846,0.0,0.0,0.0,0.0,18.700000762939453,0.0,0.0,0.0,0.30000001192092896,0.30000001192092896,0.30000001192092896,0.30000001192092896
11.2,0,0.1656639724969864,-0.046417851001024246,-0.1046174094080925,0.2789650559425354,2.0,0.0,-0.03256794810295105,-0.024477163329720497,1,1,0,1,14.39443588256836,0.0,0.0,14.305898666381836,0.4194568395614624,0.05024554207921028,0.4183712303638458,0.059880856424570084,-0.18215294182300568,0.08607787638902664,-0.14345161616802216,0.04951043426990509,0.0,0.0,0.0,0.0,18.700000762939453,0.0,0.0,0.0,0.30000001192092896,0.30000001192092896,0.30000001192092896,0.30000001192092896
11.25,0,0.16583184897899628,-0.052699651569128036,-0.12942111492156982,0.27832168340682983,2.0,0.0,-0.043885208666324615,-0.03265785425901413,1,1,0,1,14.513864517211914,0.0,0.0,14.25052261352539,0.4199373424053192,0.05033938214182854,0.41872769594192505,0.06322032958269119,-0.18193665146827698,0.08240475505590439,-0.14304719865322113,0.049350325018167496,0.0,0.0,0.0,0.0,18.700000762939453,0.0,0.0,0.0,0.30000001192092896,0.30000001192092896,0.30000001192092896,0.30000001192092896
11.3,0,0.16590991616249084,-0.06030861660838127,-0.1547785848379135,0.2775402069091797,2.0,0.0,-0.05981454625725746,-0.042538367211818695,1,1,1,1,14.458460807800293,0.0,0.0,14.212345123291016,0.42036789655685425,0.050459712743759155,0.4189983010292053,0.06726032495498657,-0.18177418410778046,0.07795605808496475,-0.1426893025636673,0.04914655536413193,0.0,0.0,0.0,0.0,18.700000762939453,0.0,0.0,0.0,0.30000001192092896,0.30000001192092896,0.30000001192092896,0.30000001192092896
11.35,0,0.16585946083068848,-0.06962825357913971,-0.1952168196439743,0.2765648365020752,2.0,0.0,-0.08077675849199295,-0.05462561175227165,1,1,1,1,14.567319869995117,0.0,0.0,14.137478828430176,0.42072761058807373,0.05061575770378113,0.41913482546806335,0.07220631092786789,-0.18168604373931885,0.07250755280256271,-0.14238785207271576,0.0488862618803978,0.0,0.0,0.0,0.0,18.700000762939453,0.0,0.0,0.0,0.30000001192092896,0.30000001192092896,0.30000001192092896,0.30000001192092896
11.4,0,0.16564051806926727,-0.08110147714614868,-0.2379133701324463,0.2753467559814453,2.0,0.0,-0.10719899833202362,-0.06959111988544464,1,1,1,1,14.550050735473633,0.0,0.0,14.500643730163574,0.4209933578968048,0.05081857368350029,0.41906318068504333,0.07831761240959167,-0.1816847026348114,0.0657978281378746,-0.14217345416545868,0.04859072342514992,0.0,0.0,0.0,0.0,18.700000762939453,0.0,0.0,0.0,0.30000001192092896,0.30000001192092896,0.30000001192092896,0.30000001192092896
11.45,0,0.16546039283275604,-0.09358734637498856,-0.24481076002120972,0.27398866415023804,2.0,0.0,-0.11605092883110046,-0.08632329851388931,1,0,1,1,14.507071495056152,0.0,0.0,14.202081680297852,0.4212474226951599,0.05103669315576553,0.41895392537117004,0.08514046669006348,-0.18156631290912628,0.058508504182100296,-0.14187131822109222,0.04843906685709953,0.0,0.0,0.0,0.0,18.700000762939453,0.0,0.0,0.0,0.30000001192092896,0.30000001192092896,0.30000001192092896,0.30000001192092896
11.5,0,0.1652211993932724,-0.10545895248651505,-0.022020073607563972,0.29042771458625793,2.0,0.0,-0.09309292584657669,-0.10284055769443512,1,0,1,1,7.525295257568359,0.0,20.087804794311523,3.201145887374878,0.42147520184516907,0.051236290484666824,0.41871821880340576,0.09183613210916519,-0.1814640313386917,0.05163753405213356,-0.14153270423412323,0.04830433800816536,0.0,0.0,0.0,0.0,18.700000762939453,0.0,0.0,0.0,0.30000001192092896,0.30000001192092896,0.30000001192092896,0.30000001192092896
11.55,0,0.1660323292016983,-0.10517262667417526,-0.01845264993607998,0.27253463864326477,2.0,0.0,-0.05943357199430466,-0.10222399979829788,1,0,1,1,14.780752182006836,0.0,0.2640753388404846,14.18454647064209,0.4223189949989319,0.05110776051878929,0.4195127785205841,0.09143060445785522,-0.18073847889900208,0.05167733505368233,-0.14065921306610107,0.04805544391274452,0.0,0.0,0.0,0.0,18.700000762939453,0.0,0.0,0.0,0.30000001192092896,0.30000001192092896,0.30000001192092896,0.30000001192092896
11.6,0,0.1667771190404892,-0.10486317425966263,-0.021366668865084648,0.2725573182106018,2.0,0.0,-0.05253728851675987,-0.10217688977718353,1,0,1,1,14.338021278381348,0.0,0.7334353923797607,14.391070365905762,0.42315614223480225,0.05097057670354843,0.42024749517440796,0.09121550619602203,-0.18001213669776917,0.05167843773961067,-0.139911487698555,0.048041462898254395,0.0,0.0,0.0,0.0,18.700000762939453,0.0,0.0,0.0,0.30000001192092896,0.30000001192092896,0.30000001192092896,0.30000001192092896
11.65,0,0.16744981706142426,-0.10452430695295334,-0.024836033582687378,0.27261149883270264,2.0,0.0,-0.055939942598342896,-0.10248690843582153,1,0,1,1,13.853778839111328,0.0,0.8251981735229492,13.874689102172852,0.4239658713340759,0.05082632973790169,0.4209061563014984,0.09113137423992157,-0.17934516072273254,0.051671262830495834,-0.13926468789577484,0.048145849257707596,0.0,0.0,0.0,0.0,18.700000762939453,0.0,0.0,0.0,0.30000001192092896,0.30000001192092896,0.30000001192092896,0.30000001192092896
11.7,0,0.16814957559108734,-0.10420694202184677,-0.023396441712975502,0.2726801037788391,2.0,0.0,-0.05461757257580757,-0.10283666849136353,1,0,1,1,14.399768829345703,0.0,0.5595686435699463,14.136998176574707,0.42479801177978516,0.05066703259944916,0.4215971529483795,0.09104156494140625,-0.1786687672138214,0.05165486037731171,-0.1386060118675232,0.04824230074882507,0.0,0.0,0.0,0.0,18.700000762939453,0.0,0.0,0.0,0.30000001192092896,0.30000001192092896,0.30000001192092896,0.30000001192092896
11.75,0,0.16891098022460938,-0.10392152518033981,-0.02738063596189022,0.27276164293289185,2.0,0.0,-0.05836878716945648,-0.10320235043764114,1,0,1,1,14.105173110961914,0.0,0.7229368686676025,13.958084106445312,0.42564502358436584,0.05048956722021103,0.4223528504371643,0.0909649059176445,-0.17793093621730804,0.05162597447633743,-0.13790562748908997,0.0483354777097702,0.0,0.0,0.0,0.0,18.700000762939453,0.0,0.0,0.0,0.30000001192092896,0.30000001192092896,0.30000001192092896,0.30000001192092896
11.8,0,0.16957001388072968,-0.10384421050548553,-0.030587224289774895,0.2727695107460022,2.0,0.0,-0.05133913829922676,-0.10349250584840775,1,0,1,1,13.672345161437988,0.0,1.3358724117279053,13.774324417114258,0.42635753750801086,0.050442539155483246,0.4230148196220398,0.09100306779146194,-0.177263543009758,0.0515860840678215,-0.13724568486213684,0.048416394740343094,0.0,0.0,0.0,0.0,18.700000762939453,0.0,0.0,0.0,0.30000001192092896,0.30000001192092896,0.30000001192092896,0.30000001192092896
11.85,0,0.17006585001945496,-0.10401929914951324,-0.04438871517777443,0.27264562249183655,2.0,0.0,-0.04936160892248154,-0.10385716706514359,1,0,1,1,13.650120735168457,0.0,1.4836450815200806,13.453971862792969,0.4269261956214905,0.05054720863699913,0.4235157072544098,0.09121989458799362,-0.1767602264881134,0.051542993634939194,-0.13662731647491455,0.04848344996571541,0.0,0.0,0.0,0.0,18.700000762939453,0.0,0.0,0.0,0.30000001192092896,0.30000001192092896,0.30000001192092896,0.30000001192092896
11.9,0,0.1706380397081375,-0.1042311042547226,-0.04402212053537369,0.2725667953491211,2.0,0.0,-0.05070703476667404,-0.10409140586853027,1,0,1,1,13.685712814331055,0.0,0.895592987537384,13.727019309997559,0.4275124967098236,0.05064920336008072,0.4240829348564148,0.09141680598258972,-0.17615839838981628,0.05148920789361,-0.13598838448524475,0.04854178428649902,0.0,0.0,0.0,0.0,18.700000762939453,0.0,0.0,0.0,0.30000001192092896,0.30000001192092896,0.30000001192092896,0.30000001192092896
11.95,0,0.1712258905172348,-0.10448748618364334,-0.05282279849052429,0.2724866569042206,2.0,0.0,-0.05098147317767143,-0.10440270602703094,1,0,1,1,13.791775703430176,0.0,0.4570807218551636,13.779172897338867,0.42811062932014465,0.050746552646160126,0.4246698021888733,0.09163185954093933,-0.17556355893611908,0.0514269657433033,-0.1353367269039154,0.04859273508191109,0.0,0.0,0.0,0.0,18.700000762939453,0.0,0.0,0.0,0.30000001192092896,0.30000001192092896,0.30000001192092896,0.30000001192092896
12.0,0,0.17182281613349915,-0.10478722304105759,-0.03428390249609947,0.27240657806396484,2.0,0.0,-0.05487896129488945,-0.10474254935979843,1,0,1,1,13.810415267944336,0.0,1.681504487991333,13.6583251953125,0.4287099540233612,0.05083661526441574,0.4252663254737854,0.09185916930437088,-0.17495258152484894,0.051350317895412445,-0.13467948138713837,0.04863327741622925,0.0,0.0,0.0,0.0,18.700000762939453,0.0,0.0,0.0,0.30000001192092896,0.30000001192092896,0.30000001192092896,0.30000001192092896
12.05,0,0.17242124676704407,-0.10506434738636017,-0.040868598967790604,0.2723277807235718,2.0,0.0,-0.0542873777449131,-0.10505421459674835,1,0,1,1,13.801724433898926,0.0,1.0481520891189575,13.74671745300293,0.42933985590934753,0.05091886967420578,0.425859272480011,0.09205801784992218,-0.17435522377490997,0.0512673519551754,-0.13401825726032257,0.04866686463356018,0.0,0.0,0.0,0.0,18.700000762939453,0.0,0.0,0.0,0.30000001192092896,0.30000001192092896,0.30000001192092896,0.30000001192092896
12.1,0,0.1730724573135376,-0.10538113117218018,-0.03691834956407547,0.27227264642715454,2.0,0.0,-0.05612903833389282,-0.10537020862102509,1,0,1,1,13.917043685913086,0.0,0.9503348469734192,13.863001823425293,0.4299648404121399,0.050997380167245865,0.42650851607322693,0.09227200597524643,-0.17369344830513,0.05117209255695343,-0.13333675265312195,0.04869162663817406,0.0,0.0,0.0,0.0,18.700000762939453,0.0,0.0,0.0,0.30000001192092896,0.30000001192092896,0.30000001192092896,0.30000001192092896
12.15,0,0.173728346824646,-0.10571245849132538,-0.03809046000242233,0.27221548557281494,2.0,0.0,-0.05487335845828056,-0.10564572364091873,1,0,1,1,13.680373191833496,0.0,0.8321574926376343,13.820291519165039,0.4305814504623413,0.05106767639517784,0.4271518886089325,0.09247710555791855,-0.17302463948726654,0.05106775462627411,-0.13265271484851837,0.04870980605483055,0.0,0.0,0.0,0.0,18.700000762939453,0.0,0.0,0.0,0.30000001192092896,0.30000001192092896,0.30000001192092896,0.30000001192092896
12.2,0,0.1743500679731369,-0.10608771443367004,-0.03732599318027496,0.27213242650032043,2.0,0.0,-0.05497528985142708,-0.10592357069253922,1,0,1,1,13.925481796264648,0.0,1.5580120086669922,13.762832641601562,0.43117356300354004,0.051172804087400436,0.4277626872062683,0.09270565956830978,-0.17238251864910126,0.05095529556274414,-0.13197824358940125,0.04871698096394539,0.0,0.0,0.0,0.0,18.700000762939453,0.0,0.0,0.0,0.30000001192092896,0.30000001192092896,0.30000001192092896,0.30000001192092896
12.25,0,0.17498715221881866,-0.10646118968725204,-0.04410792887210846,0.27204829454421997,2.0,0.0,-0.05423920974135399,-0.10618583112955093,1,0,1,1,13.89197826385498,0.0,1.0338852405548096,13.865133285522461,0.4317804276943207,0.05126792564988136,0.4283944368362427,0.09292317926883698,-0.1717248260974884,0.050833795219659805,-0.13128498196601868,0.04871361702680588,0.0,0.0,0.0,0.0,18.700000762939453,0.0,0.0,0.0,0.30000001192092896,0.30000001192092896,0.30000001192092896,0.30000001192092896
12.3,0,0.1756403148174286,-0.10688010603189468,-0.04556518793106079,0.27196791768074036,2.0,0.0,-0.0542706623673439,-0.1064806655049324,1,0,1,1,13.804110527038574,0.0,0.9742510914802551,13.799861907958984,0.43239888548851013,0.05135692283511162,0.429034948348999,0.09315517544746399,-0.1710602194070816,0.05070078372955322,-0.13058526813983917,0.04870275780558586,0.0,0.0,0.0,0.0,18.700000762939453,0.0,0.0,0.0,0.30000001192092896,0.30000001192092896,0.30000001192092896,0.30000001192092896
12.35,0,0.17632576823234558,-0.10698899626731873,-0.025586223229765892,0.27191945910453796,2.0,0.0,-0.06098905950784683,-0.10635524988174438,1,0,1,1,13.813076972961426,0.0,1.0756089687347412,13.929570198059082,0.4330421984195709,0.051435116678476334,0.4297011196613312,0.09320683777332306,-0.1703631430864334,0.05073770135641098,-0.1298658400774002,0.04868246242403984,0.0,0.0,0.0,0.0,18.700000762939453,0.0,0.0,0.0,0.30000001192092896,0.30000001192092896,0.30000001192092896,0.30000001192092896
12.4,0,0.17705096304416656,-0.10691720247268677,-0.025424469262361526,0.27190202474594116,2.0,0.0,-0.06296695023775101,-0.10598338395357132,1,0,1,1,14.671675682067871,0.0,0.9035331010818481,13.977107048034668,0.43371060490608215,0.0514996275305748,0.4304172992706299,0.09313704073429108,-0.16964487731456757,0.05086823180317879,-0.1291244775056839,0.04865233972668648,0.0,0.0,0.0,0.0,18.700000762939453,0.0,0.0,0.0,0.30000001192092896,0.30000001192092896,0.30000001192092896,0.30000001192092896
12.45,0,0.1777961254119873,-0.10686883330345154,-0.025240547955036163,0.27189117670059204,2.0,0.0,-0.06188209354877472,-0.10562698543071747,1,0,1,1,13.983587265014648,0.0,1.030600905418396,13.854183197021484,0.43443647027015686,0.0515604093670845,0.43115493655204773,0.09306943416595459,-0.16891643404960632,0.050993382930755615,-0.128367617726326,0.0486103892326355,0.0,0.0,0.0,0.0,18.700000762939453,0.0,0.0,0.0,0.30000001192092896,0.30000001192092896,0.30000001192092896,0.30000001192092896
12.5,0,0.17855407297611237,-0.10681077092885971,-0.02633095532655716,0.27188190817832947,2.0,0.0,-0.061651911586523056,-0.1052636131644249,1,0,1,1,13.884303092956543,0.0,0.9099935293197632,13.917520523071289,0.43517550826072693,0.051608990877866745,0.4319097101688385,0.09298378229141235,-0.16817639768123627,0.051108893007040024,-0.12759844958782196,0.048553477972745895,0.0,0.0,0.0,0.0,18.700000762939453,0.0,0.0,0.0,0.30000001192092896,0.30000001192092896,0.30000001192092896,0.30000001192092896
12.55,0,0.17932209372520447,-0.10675296932458878,-0.02630048803985119,0.27187156677246094,2.0,0.0,-0.06164123862981796,-0.10491189360618591,1,0,1,1,13.945627212524414,0.0,0.8449416756629944,13.908761978149414,0.43592527508735657,0.051647305488586426,0.4326765835285187,0.09288807213306427,-0.1674293875694275,0.05121464654803276,-0.12681739032268524,0.04848695546388626,0.0,0.0,0.0,0.0,18.700000762939453,0.0,0.0,0.0,0.30000001192092896,0.30000001192092896,0.30000001192092896,0.30000001192092896
12.6,0,0.1800980269908905,-0.10670017451047897,-0.02573581039905548,0.27186131477355957,2.0,0.0,-0.061619099229574203,-0.10455600917339325,1,0,1,1,13.979286193847656,0.0,0.7736573815345764,13.955564498901367,0.43668368458747864,0.05167509615421295,0.4334453046321869,0.09278158843517303,-0.16667114198207855,0.05130908638238907,-0.12603090703487396,0.04840707778930664,0.0,0.0,0.0,0.0,18.700000762939453,0.0,0.0,0.0,0.30000001192092896,0.30000001192092896,0.30000001192092896,0.30000001192092896
12.65,0,0.18078801035881042,-0.10650187730789185,-0.025287006050348282,0.27190491557121277,2.0,0.0,-0.05778462439775467,-0.10433357954025269,1,0,1,1,13.716899871826172,0.0,1.093384861946106,13.833746910095215,0.43742597103118896,0.05169401690363884,0.4341192841529846,0.09269891679286957,-0.1659570336341858,0.05139248073101044,-0.12536977231502533,0.048435527831315994,0.0,0.0,0.0,0.0,18.700000762939453,0.0,0.0,0.0,0.30000001192092896,0.30000001192092896,0.30000001192092896,0.30000001192092896
12.7,0,0.181437149643898,-0.10627280175685883,-0.029251113533973694,0.27196791768074036,2.0,0.0,-0.05857912823557854,-0.10437050461769104,1,0,1,1,13.598630905151367,0.0,0.8559643626213074,13.94210433959961,0.4381553530693054,0.05170409381389618,0.4347618818283081,0.09269394725561142,-0.16528823971748352,0.05146510899066925,-0.12476316094398499,0.04855943098664284,0.0,0.0,0.0,0.0,18.700000762939453,0.0,0.0,0.0,0.30000001192092896,0.30000001192092896,0.30000001192092896,0.30000001192092896
12.75,0,0.18212178349494934,-0.10609432309865952,-0.02709994651377201,0.27204328775405884,2.0,0.0,-0.059279050678014755,-0.10445158183574677,1,0,1,1,13.6263427734375,0.0,1.2398673295974731,13.875567436218262,0.4388968348503113,0.051703907549381256,0.43543049693107605,0.09270806610584259,-0.16458329558372498,0.051528532058000565,-0.12414423376321793,0.04867895320057869,0.0,0.0,0.0,0.0,18.700000762939453,0.0,0.0,0.0,0.30000001192092896,0.30000001192092896,0.30000001192092896,0.30000001192092896
12.8,0,0.18282106518745422,-0.10592731833457947,-0.025482578203082085,0.2721197009086609,2.0,0.0,-0.060408420860767365,-0.1045636236667633,1,0,1,1,13.8875732421875,0.0,1.5567785501480103,13.95934009552002,0.4396476447582245,0.0516936331987381,0.4361219108104706,0.09271810203790665,-0.1638808250427246,0.051584552973508835,-0.12351127713918686,0.04879370331764221,0.0,0.0,0.0,0.0,18.700000762939453,0.0,0.0,0.0,0.30000001192092896,0.30000001192092896,0.30000001192092896,0.30000001192092896
12.85,0,0.18354685604572296,-0.1058196946978569,-0.02731986716389656,0.2721956968307495,2.0,0.0,-0.05996251478791237,-0.10472565144300461,1,0,1,1,13.780173301696777,0.0,1.0710455179214478,13.871986389160156,0.44040846824645996,0.051671527326107025,0.4368440806865692,0.09274356812238693,-0.16317616403102875,0.05163254216313362,-0.12285719811916351,0.04890228807926178,0.0,0.0,0.0,0.0,18.700000762939453,0.0,0.0,0.0,0.30000001192092896,0.30000001192092896,0.30000001192092896,0.30000001192092896
12.9,0,0.18428006768226624,-0.10571449995040894,-0.026969270780682564,0.27226659655570984,2.0,0.0,-0.05990476533770561,-0.10490287840366364,1,0,1,1,13.836623191833496,0.0,1.0232148170471191,13.852091789245605,0.44117552042007446,0.05163756012916565,0.43756338953971863,0.09276538342237473,-0.16245898604393005,0.05167081579566002,-0.1221938282251358,0.04900342598557472,0.0,0.0,0.0,0.0,18.700000762939453,0.0,0.0,0.0,0.30000001192092896,0.30000001192092896,0.30000001192092896,0.30000001192092896
12.95,0,0.18502198159694672,-0.10560363531112671,-0.02622797340154648,0.2723376452922821,2.0,0.0,-0.0599532350897789,-0.10509703308343887,1,0,1,1,13.986932754516602,0.0,1.1019083261489868,13.941855430603027,0.4419517517089844,0.05159155651926994,0.438301146030426,0.09277734905481339,-0.16173848509788513,0.051698438823223114,-0.12151878327131271,0.04909773916006088,0.0,0.0,0.0,0.0,18.700000762939453,0.0,0.0,0.0,0.30000001192092896,0.30000001192092896,0.30000001192092896,0.30000001192092896
13.0,0,0.1857737898826599,-0.10549402981996536,-0.026248646900057793,0.2724035084247589,2.0,0.0,-0.06026364117860794,-0.1053096204996109,1,0,1,1,13.90121078491211,0.0,0.9600619077682495,13.876290321350098,0.4427352845668793,0.05153265595436096,0.4390472173690796,0.09278702735900879,-0.16100798547267914,0.05171598494052887,-0.12082884460687637,0.04918566718697548,0.0,0.0,0.0,0.0,18.700000762939453,0.0,0.0,0.0,0.30000001192092896,0.30000001192092896,0.30000001192092896,0.30000001192092896
13.049999999999999,0,0.18653008341789246,-0.10537055879831314,-0.02839670330286026,0.27246689796447754,2.0,0.0,-0.06031148508191109,-0.1055251881480217,1,0,1,1,13.849170684814453,0.0,0.9416884183883667,13.773887634277344,0.4435233771800995,0.05146079882979393,0.43979203701019287,0.0927838385105133,-0.16026727855205536,0.051721811294555664,-0.12013247609138489,0.04926352947950363,0.0,0.0,0.0,0.0,18.700000762939453,0.0,0.0,0.0,0.30000001192092896,0.30000001192092896,0.30000001192092896,0.30000001192092896
13.1,0,0.18730778992176056,-0.10522302240133286,-0.030239775776863098,0.2725362181663513,2.0,0.0,-0.06028660759329796,-0.1057354211807251,1,0,1,1,13.975729942321777,0.0,0.8549126386642456,13.8394193649292,0.4443259835243225,0.0513744093477726,0.4405631422996521,0.09276442229747772,-0.15950074791908264,0.05171753093600273,-0.11941734701395035,0.04933515191078186,0.0,0.0,0.0,0.0,18.700000762939453,0.0,0.0,0.0,0.30000001192092896,0.30000001192092896,0.30000001192092896,0.30000001192092896
13.15,0,0.18809980154037476,-0.1051042303442955,-0.024124298244714737,0.27260273694992065,2.0,0.0,-0.05903469771146774,-0.10596717149019241,1,0,1,1,14.296000480651855,0.0,0.5929209589958191,14.017127990722656,0.44513824582099915,0.05127277225255966,0.44134068489074707,0.09274138510227203,-0.15872669219970703,0.051702484488487244,-0.11869105696678162,0.049392759799957275,0.0,0.0,0.0,0.0,18.700000762939453,0.0,0.0,0.0,0.30000001192092896,0.30000001192092896,0.30000001192092896,0.30000001192092896
13.2,0,0.1888805329799652,-0.10494884103536606,-0.030669640749692917,0.27265849709510803,2.0,0.0,-0.06118825450539589,-0.10622507333755493,1,0,1,1,14.37533950805664,0.0,0.7179731726646423,13.924670219421387,0.44593286514282227,0.051157280802726746,0.44214120507240295,0.09271491318941116,-0.15797396004199982,0.051677655428647995,-0.11794999986886978,0.04944685846567154,0.0,0.0,0.0,0.0,18.700000762939453,0.0,0.0,0.0,0.30000001192092896,0.30000001192092896,0.30000001192092896,0.30000001192092896
13.25,0,0.18967923521995544,-0.1048256903886795,-0.029139097779989243,nan,2.0,0.0,-0.06064474582672119,-0.10647428780794144,2,0,1,1,14.100358009338379,0.0,0.8159790635108948,13.941276550292969,0.44674229621887207,0.05102738365530968,0.442940890789032,0.09267312288284302,-0.15718521177768707,0.051632244139909744,-0.1171998530626297,0.049489546567201614,0.0,0.0,0.0,0.0,18.700000762939453,0.0,0.0,0.0,0.30000001192092896,0.30000001192092896,0.30000001192092896,0.30000001192092896
13.299999999999999,0,0.1905011534690857,-0.10467790067195892,-0.021783772855997086,nan,2.0,0.0,-0.06045414134860039,-0.1066756322979927,2,0,1,1,14.581267356872559,0.0,0.6020353436470032,13.947354316711426,0.4475691616535187,0.0508793480694294,0.4437589943408966,0.09259755164384842,-0.15637372434139252,0.05158063396811485,-0.11643614619970322,0.04951702430844307,0.0,0.0,0.0,0.0,18.700000762939453,0.0,0.0,0.0,0.30000001192092896,0.30000001192092896,0.30000001192092896,0.30000001192092896
13.35,0,0.19134041666984558,-0.1044754907488823,-0.02560824155807495,nan,2.0,0.0,-0.06510031968355179,-0.1068679690361023,2,0,1,1,15.096467018127441,0.0,0.932366132736206,13.975604057312012,0.4484332501888275,0.05071701854467392,0.4445948004722595,0.09248887002468109,-0.15553387999534607,0.05151287838816643,-0.11566392332315445,0.049541495740413666,0.0,0.0,0.0,0.0,18.700000762939453,0.0,0.0,0.0,0.30000001192092896,0.30000001192092896,0.30000001192092896,0.30000001192092896
13.4,0,0.19223341345787048,-0.10430067032575607,-0.024714604020118713,nan,2.0,0.0,-0.06644442677497864,-0.10705935209989548,2,0,1,1,14.520780563354492,0.0,0.706632137298584,13.6721773147583,0.4492926299571991,0.050528086721897125,0.44548845291137695,0.09238452464342117,-0.154646635055542,0.05143653601408005,-0.11484770476818085,0.049547743052244186,0.0,0.0,0.0,0.0,18.700000762939453,0.0,0.0,0.0,0.30000001192092896,0.30000001192092896,0.30000001192092896,0.30000001192092896
13.45,0,0.19312012195587158,-0.1041189506649971,-0.02412915602326393,nan,2.0,0.0,-0.06329355388879776,-0.10722570866346359,2,2,1,1,15.000701904296875,0.0,0.7105979323387146,14.223258018493652,0.450173556804657,0.05032379552721977,0.4463651776313782,0.09224455803632736,-0.15376830101013184,0.05134604498744011,-0.11404921114444733,0.04954185336828232,0.0,0.0,0.0,0.0,18.700000762939453,0.0,0.0,0.0,0.30000001192092896,0.30000001192092896,0.30000001192092896,0.30000001192092896
13.5,0,0.19402551651000977,-0.10393628478050232,-0.02974795363843441,nan,2.0,0.0,-0.0625198557972908,-0.10743918269872665,2,2,1,1,14.340150833129883,0.0,0.4399082362651825,13.797567367553711,0.45107147097587585,0.05010126158595085,0.44729307293891907,0.09210243821144104,-0.15289311110973358,0.05124658718705177,-0.1132149025797844,0.049518439918756485,0.0,0.0,0.0,0.0,18.700000762939453,0.0,0.0,0.0,0.30000001192092896,0.30000001192092896,0.30000001192092896,0.30000001192092896
13.549999999999999,0,0.1949336677789688,-0.10372090339660645,-0.022585000842809677,nan,2.0,0.0,-0.06394035369157791,-0.1075986847281456,2,2,1,1,15.086634635925293,0.0,0.5484602451324463,14.210200309753418,0.45197972655296326,0.04985637217760086,0.44819164276123047,0.09191375225782394,-0.15198493003845215,0.051127247512340546,-0.11239311099052429,0.04948548600077629,0.0,0.0,0.0,0.0,18.700000762939453,0.0,0.0,0.0,0.30000001192092896,0.30000001192092896,0.30000001192092896,0.30000001192092896
13.6,0,0.19566470384597778,-0.10384196043014526,-0.0319613553583622,nan,2.0,0.0,-0.04963616281747818,-0.10769633203744888,2,2,1,1,14.720419883728027,0.0,1.0789564847946167,14.028499603271484,0.4526965916156769,0.04984210804104805,0.44893985986709595,0.09194327890872955,-0.15123075246810913,0.051009759306907654,-0.11159767210483551,0.04943646863102913,0.0,0.0,0.0,0.0,18.700000762939453,0.0,0.0,0.0,0.30000001192092896,0.30000001192092896,0.30000001192092896,0.30000001192092896
13.65,0,0.19627031683921814,-0.10414580255746841,-0.037525445222854614,nan,2.0,0.0,-0.05553557723760605,-0.10785650461912155,2,2,1,1,13.981820106506348,0.0,1.0443791151046753,13.814196586608887,0.45330217480659485,0.0499284565448761,0.44954538345336914,0.09210901707410812,-0.15058889985084534,0.050888609141111374,-0.11084025353193283,0.04938264191150665,0.0,0.0,0.0,0.0,18.700000762939453,0.0,0.0,0.0,0.30000001192092896,0.30000001192092896,0.30000001192092896,0.30000001192092896
13.7,0,0.1969434767961502,-0.10449965298175812,-0.03905405476689339,nan,2.0,0.0,-0.05579309165477753,-0.10797245800495148,2,2,1,1,13.857285499572754,0.0,0.8485640287399292,13.84619140625,0.45393481850624084,0.050009921193122864,0.4502205550670624,0.09226067364215851,-0.14988337457180023,0.050754912197589874,-0.11007045209407806,0.04931383952498436,0.0,0.0,0.0,0.0,18.700000762939453,0.0,0.0,0.0,0.30000001192092896,0.30000001192092896,0.30000001192092896,0.30000001192092896
13.75,0,0.19761623442173004,-0.10468459129333496,-0.024870797991752625,nan,2.0,0.0,-0.06012821942567825,-0.10787956416606903,2,2,1,1,13.823229789733887,0.0,1.1144441366195679,13.786859512329102,0.45457717776298523,0.050082653760910034,0.4508852958679199,0.0923188254237175,-0.1491893082857132,0.05072497949004173,-0.10929681360721588,0.04923459142446518,0.0,0.0,0.0,0.0,18.700000762939453,0.0,0.0,0.0,0.30000001192092896,0.30000001192092896,0.30000001192092896,0.30000001192092896
13.799999999999999,0,0.1983482539653778,-0.10459617525339127,-0.025346864014863968,nan,2.0,0.0,-0.06106697767972946,-0.10734565556049347,2,2,1,1,13.902862548828125,0.0,0.7947899699211121,13.887595176696777,0.45525678992271423,0.050142545253038406,0.4516162574291229,0.0921887531876564,-0.1484590619802475,0.050858933478593826,-0.10849255323410034,0.049140769988298416,0.0,0.0,0.0,0.0,18.700000762939453,0.0,0.0,0.0,0.30000001192092896,0.30000001192092896,0.30000001192092896,0.30000001192092896
13.85,0,0.19909079372882843,-0.1045244038105011,-0.026555296033620834,nan,2.0,0.0,-0.06083473563194275,-0.10683047026395798,2,2,1,1,13.990185737609863,0.0,0.9164403080940247,13.794076919555664,0.45594197511672974,0.05019458755850792,0.4523569643497467,0.09205851703882217,-0.14772292971611023,0.0509834811091423,-0.10768094658851624,0.04903441667556763,0.0,0.0,0.0,0.0,18.700000762939453,0.0,0.0,0.0,0.30000001192092896,0.30000001192092896,0.30000001192092896,0.30000001192092896
13.9,0,0.19985118508338928,-0.10447286069393158,-0.02577674575150013,nan,2.0,0.0,-0.06091459095478058,-0.10632561892271042,2,2,1,1,13.963001251220703,0.0,0.7142191529273987,13.889507293701172,0.4566449522972107,0.05023864656686783,0.45311108231544495,0.09192702174186707,-0.1469745635986328,0.051100246608257294,-0.10686119645833969,0.048912011086940765,0.0,0.0,0.0,0.0,18.700000762939453,0.0,0.0,0.0,0.30000001192092896,0.30000001192092896,0.30000001192092896,0.30000001192092896
13.95,0,0.20061713457107544,-0.10441526025533676,-0.028091657906770706,nan,2.0,0.0,-0.06034152954816818,-0.10579540580511093,2,2,1,1,14.035088539123535,0.0,0.8268260359764099,13.816999435424805,0.4573545753955841,0.05027223750948906,0.4538736641407013,0.09177451580762863,-0.14621829986572266,0.051205530762672424,-0.10603483766317368,0.048775676637887955,0.0,0.0,0.0,0.0,18.700000762939453,0.0,0.0,0.0,0.30000001192092896,0.30000001192092896,0.30000001192092896,0.30000001192092896
14.0,0,0.20141129195690155,-0.10436886548995972,-0.0260778721421957,nan,2.0,0.0,-0.06018215790390968,-0.10526009649038315,2,2,1,1,14.20279312133789,0.0,0.8118466734886169,13.887823104858398,0.4580971598625183,0.05029658228158951,0.4546677768230438,0.09160823374986649,-0.14544269442558289,0.05130321905016899,-0.10520222038030624,0.04862077161669731,0.0,0.0,0.0,0.0,18.700000762939453,0.0,0.0,0.0,0.30000001192092896,0.30000001192092896,0.30000001192092896,0.30000001192092896
14.049999999999999,0,0.2022048383951187,-0.10429590940475464,-0.026150325313210487,nan,2.0,0.0,-0.05797407403588295,-0.10475757718086243,2,2,1,1,14.286829948425293,0.0,0.5141079425811768,14.170653343200684,0.4588504135608673,0.05031099542975426,0.45546260476112366,0.09144223481416702,-0.1446569561958313,0.051387980580329895,-0.10436912626028061,0.04849424213171005,0.0,0.0,0.0,0.0,18.700000762939453,0.0,0.0,0.0,0.30000001192092896,0.30000001192092896,0.30000001192092896,0.30000001192092896
14.1,0,0.20281359553337097,-0.1040046364068985,-0.02228551357984543,nan,2.0,0.0,-0.057828839868307114,-0.10471432656049728,2,2,1,1,13.829581260681152,0.0,1.3104355335235596,13.929977416992188,0.459553062915802,0.05032101273536682,0.4560568332672119,0.09140925854444504,-0.1439952552318573,0.051460690796375275,-0.10377533733844757,0.048614662140607834,0.0,0.0,0.0,0.0,18.700000762939453,0.0,0.0,0.0,0.30000001192092896,0.30000001192092896,0.30000001192092896,0.30000001192092896
14.15,0,0.203471377491951,-0.10379946976900101,-0.024751046672463417,nan,2.0,0.0,-0.057532452046871185,-0.10476147383451462,2,2,1,1,13.850099563598633,0.0,1.1585583686828613,13.88045597076416,0.4602694809436798,0.050321344286203384,0.4567048251628876,0.09140985459089279,-0.14331509172916412,0.0515252985060215,-0.10315963625907898,0.04873143509030342,0.0,0.0,0.0,0.0,18.700000762939453,0.0,0.0,0.0,0.30000001192092896,0.30000001192092896,0.30000001192092896,0.30000001192092896
14.2,0,0.20415425300598145,-0.10363176465034485,-0.024890506640076637,nan,2.0,0.0,-0.058148548007011414,-0.10484430938959122,2,2,1,1,13.791434288024902,0.0,1.0744507312774658,13.965593338012695,0.46099698543548584,0.050311557948589325,0.4573849141597748,0.09141615033149719,-0.14262917637825012,0.05158407613635063,-0.10252871364355087,0.04884353652596474,0.0,0.0,0.0,0.0,18.700000762939453,0.0,0.0,0.0,0.30000001192092896,0.30000001192092896,0.30000001192092896,0.30000001192092896
14.25,0,0.20485199987888336,-0.10348846763372421,-0.024260038509964943,nan,2.0,0.0,-0.05827430635690689,-0.1049615740776062,2,2,1,1,13.823203086853027,0.0,1.0477322340011597,14.005138397216797,0.46173205971717834,0.050291188061237335,0.45808160305023193,0.09142600744962692,-0.141935333609581,0.05163195729255676,-0.1018863320350647,0.048949237912893295,0.0,0.0,0.0,0.0,18.700000762939453,0.0,0.0,0.0,0.30000001192092896,0.30000001192092896,0.30000001192092896,0.30000001192092896
14.299999999999999,0,0.20555880665779114,-0.10335715115070343,-0.02442169189453125,nan,2.0,0.0,-0.058350976556539536,-0.10510072112083435,2,2,1,1,13.816754341125488,0.0,1.0280989408493042,13.998809814453125,0.4624730944633484,0.05025959014892578,0.4587874710559845,0.0914342850446701,-0.1412380486726761,0.051670584827661514,-0.10123474150896072,0.04904774948954582,0.0,0.0,0.0,0.0,18.700000762939453,0.0,0.0,0.0,0.30000001192092896,0.30000001192092896,0.30000001192092896,0.30000001192092896
14.35,0,0.20561227202415466,-0.10341306030750275,-0.023484228178858757,nan,2.0,0.0,-0.051986899226903915,-0.10507713258266449,2,2,1,1,13.785253524780273,0.0,1.1684802770614624,13.753533363342285,0.46250495314598083,0.05025444179773331,0.45883989334106445,0.09143086522817612,-0.14120137691497803,0.051667068153619766,-0.1012716293334961,0.04904668405652046,0.0,0.0,0.0,0.0,18.700000762939453,0.0,0.0,0.0,0.0,0.0,0.0,0.0
14.4,0,0.20553535223007202,-0.10340254008769989,-0.022633736953139305,nan,2.0,0.0,-0.052041925489902496,-0.10506182909011841,2,2,1,1,13.654397010803223,0.0,1.0746883153915405,13.770965576171875,0.4624934494495392,0.05025489255785942,0.4587520658969879,0.09141013771295547,-0.1412827968597412,0.051665447652339935,-0.10135449469089508,0.04903402179479599,0.0,0.0,0.0,0.0,18.700000762939453,0.0,0.0,0.0,0.0,0.0,0.0,0.0
14.45,0,0.20546993613243103,-0.10338912159204483,-0.025055469945073128,nan,2.0,0.0,-0.050928495824337006,-0.10504300892353058,2,2,1,1,13.836538314819336,0.0,1.2049273252487183,13.770139694213867,0.46248292922973633,0.05025597661733627,0.45867466926574707,0.09138885885477066,-0.14135389029979706,0.05166689306497574,-0.10143407434225082,0.04902265593409538,0.0,0.0,0.0,0.0,18.700000762939453,0.0,0.0,0.0,0.0,0.0,0.0,0.0
14.5,0,0.20541170239448547,-0.10338789969682693,-0.023003142327070236,nan,2.0,0.0,-0.05084260180592537,-0.10503223538398743,2,2,1,1,13.748482704162598,0.0,1.2124009132385254,13.794116020202637,0.462470680475235,0.05025629326701164,0.4586126208305359,0.09137054532766342,-0.14141827821731567,0.051664408296346664,-0.10150779783725739,0.04901134595274925,0.0,0.0,0.0,0.0,18.700000762939453,0.0,0.0,0.0,0.0,0.0,0.0,0.0
14.549999999999999,0,0.2053608000278473,-0.10337930172681808,-0.024220328778028488,nan,2.0,0.0,-0.05073980987071991,-0.10501198470592499,2,2,1,1,13.581411361694336,0.0,0.9961376190185547,13.719522476196289,0.4624589681625366,0.05025661736726761,0.45855632424354553,0.0913500040769577,-0.14147599041461945,0.05166483670473099,-0.10157839208841324,0.049000535160303116,0.0,0.0,0.0,0.0,18.700000762939453,0.0,0.0,0.0,0.0,0.0,0.0,0.0
14.6,0,0.20531272888183594,-0.10337317734956741,-0.023088224232196808,nan,2.0,0.0,-0.050693511962890625,-0.10499213635921478,2,2,1,1,13.752659797668457,0.0,1.17840576171875,13.778474807739258,0.4624459147453308,0.05025700107216835,0.4585043489933014,0.0913303941488266,-0.14152692258358002,0.051663510501384735,-0.10164663195610046,0.04899045452475548,0.0,0.0,0.0,0.0,18.700000762939453,0.0,0.0,0.0,0.0,0.0,0.0,0.0
14.65,0,0.20527102053165436,-0.10336548089981079,-0.024258384481072426,nan,2.0,0.0,-0.05007648468017578,-0.10496290028095245,2,2,1,1,13.72432804107666,0.0,1.0714709758758545,13.78154468536377,0.46243321895599365,0.050257451832294464,0.45845672488212585,0.09130977094173431,-0.14157335460186005,0.051664844155311584,-0.10171183198690414,0.04898037761449814,0.0,0.0,0.0,0.0,18.700000762939453,0.0,0.0,0.0,0.0,0.0,0.0,0.0
14.7,0,0.20524001121520996,-0.1033303514122963,-0.027203192934393883,nan,2.0,0.0,-0.04961464926600456,-0.10484406352043152,2,2,1,1,13.866704940795898,0.0,0.9982281923294067,13.909878730773926,0.46242284774780273,0.050255920737981796,0.45842626690864563,0.09125589579343796,-0.141592875123024,0.05166389420628548,-0.10178060084581375,0.048966825008392334,0.0,0.0,0.0,0.0,18.700000762939453,0.0,0.0,0.0,0.0,0.0,0.0,0.0
14.75,0,0.20520690083503723,-0.10329581052064896,-0.02721046283841133,nan,2.0,0.0,-0.04949275776743889,-0.10475955903530121,2,2,1,1,13.843701362609863,0.0,1.0949668884277344,13.918554306030273,0.46241042017936707,0.050255291163921356,0.4583929777145386,0.09121430665254593,-0.14161615073680878,0.05166131258010864,-0.10184668749570847,0.04895709455013275,0.0,0.0,0.0,0.0,18.700000762939453,0.0,0.0,0.0,0.0,0.0,0.0,0.0
14.799999999999999,0,0.20517700910568237,-0.10327411442995071,-0.02737290970981121,nan,2.0,0.0,-0.04939261078834534,-0.10468287765979767,2,2,1,1,13.855741500854492,0.0,1.0166447162628174,13.89062786102295,0.46239739656448364,0.05025480315089226,0.4583633244037628,0.09117760509252548,-0.14164040982723236,0.05165892466902733,-0.10190971940755844,0.04894763603806496,0.0,0.0,0.0,0.0,18.700000762939453,0.0,0.0,0.0,0.0,0.0,0.0,0.0
14.85,0,0.2051483392715454,-0.10325419902801514,-0.02878359891474247,nan,2.0,0.0,-0.04980996623635292,-0.10461404919624329,2,2,1,1,13.886747360229492,0.0,1.0307189226150513,13.875372886657715,0.46238386631011963,0.050254713743925095,0.4583328664302826,0.09114594012498856,-0.14166347682476044,0.05165759101510048,-0.10197021812200546,0.04893818870186806,0.0,0.0,0.0,0.0,18.700000762939453,0.0,0.0,0.0,0.0,0.0,0.0,0.0
14.9,0,0.20512115955352783,-0.10324709862470627,-0.027353210374712944,nan,2.0,0.0,-0.04939577355980873,-0.10455396771430969,2,2,1,1,13.849653244018555,0.0,1.0263752937316895,13.881278991699219,0.4623695909976959,0.05025440827012062,0.4583062529563904,0.09111683070659637,-0.141689732670784,0.05165504291653633,-0.10202865302562714,0.04892922565340996,0.0,0.0,0.0,0.0,18.700000762939453,0.0,0.0,0.0,0.0,0.0,0.0,0.0
14.95,0,0.20509395003318787,-0.10323075205087662,-0.02933545410633087,nan,2.0,0.0,-0.050307027995586395,-0.10450191050767899,2,2,1,1,13.827314376831055,0.0,0.9497295618057251,13.832115173339844,0.46235501766204834,0.050254758447408676,0.4582776129245758,0.0910918340086937,-0.1417151242494583,0.05165403336286545,-0.10208387672901154,0.04892123490571976,0.0,0.0,0.0,0.0,18.700000762939453,0.0,0.0,0.0,0.0,0.0,0.0,0.0
15.0,0,0.20506548881530762,-0.10321900248527527,-0.02736271545290947,nan,2.0,0.0,-0.04951842874288559,-0.10445363074541092,2,2,1,1,13.846943855285645,0.0,1.0316808223724365,13.8790283203125,0.4623393714427948,0.05025467649102211,0.45824676752090454,0.09106858819723129,-0.14173780381679535,0.051651451736688614,-0.10213911533355713,0.04891188442707062,0.0,0.0,0.0,0.0,18.700000762939453,0.0,0.0,0.0,0.0,0.0,0.0,0.0
15.049999999999999,0,0.20492970943450928,-0.10330583155155182,-0.04960591718554497,nan,2.0,0.0,-0.07724341750144958,-0.10430269688367844,2,2,1,1,14.025815963745117,0.0,0.4090974032878876,13.688740730285645,0.46233490109443665,0.05025075003504753,0.45812150835990906,0.09111666679382324,-0.14184099435806274,0.051650866866111755,-0.10222918540239334,0.04889999330043793,0.0,0.8999999761581421,0.0,0.0,18.700000762939453,0.0,0.0,0.0,0.0,0.0,0.0,0.0
15.1,0,0.2043951004743576,-0.1033579409122467,-0.05583673715591431,nan,2.0,0.0,-0.07768095284700394,-0.10410080850124359,2,2,1,1,13.863046646118164,0.0,0.4463079273700714,13.822125434875488,0.4622732996940613,0.050251398235559464,0.4575961232185364,0.09122154861688614,-0.1422625184059143,0.051640719175338745,-0.10245872288942337,0.04886184632778168,0.0,0.8999999761581421,0.0,0.0,18.700000762939453,0.0,0.0,0.0,0.0,0.0,0.0,0.0
15.15,0,0.20381881296634674,-0.1036190614104271,-0.06315446645021439,nan,2.0,0.0,-0.11414537578821182,-0.10397704690694809,2,2,1,1,14.376594543457031,0.0,0.0,14.02008056640625,0.46224725246429443,0.05024843290448189,0.45704349875450134,0.09142022579908371,-0.1427840292453766,0.05164022371172905,-0.10271526128053665,0.04881942644715309,0.0,2.299999952316284,0.0,0.0,18.700000762939453,0.0,0.0,0.0,0.0,0.0,0.0,0.0
15.2,0,0.20260681211948395,-0.10393611341714859,-0.08122634142637253,nan,2.0,0.0,-0.10674062371253967,-0.1041855588555336,2,2,1,1,13.06856632232666,0.0,0.10494492948055267,13.401355743408203,0.4621056318283081,0.05025707930326462,0.45585498213768005,0.09177368134260178,-0.14391645789146423,0.051622189581394196,-0.10320159792900085,0.048732783645391464,0.0,2.299999952316284,0.0,0.0,18.700000762939453,0.0,0.0,0.0,0.0,0.0,0.0,0.0
15.25,0,0.20181971788406372,-0.10407704859972,-0.034904930740594864,-0.27162307500839233,2.0,0.0,-0.07434981316328049,-0.10422839224338531,2,2,1,1,13.147838592529297,0.0,2.945770502090454,13.461976051330566,0.46205681562423706,0.050261400640010834,0.4550493657588959,0.09192224591970444,-0.14461949467658997,0.05160723254084587,-0.10359923541545868,0.04865735024213791,0.0,2.299999952316284,0.0,0.0,18.700000762939453,0.0,0.0,0.0,0.0,0.0,0.0,0.0
15.299999999999999,0,0.19811424612998962,-0.1048511266708374,0.0005976723623462021,nan,2.0,0.0,-0.22219213843345642,-0.10394192487001419,2,2,1,1,13.870673179626465,0.0,0.0,14.521556854248047,0.4617561995983124,0.05025152489542961,0.4514923691749573,0.09293852001428604,-0.14827090501785278,0.05220900848507881,-0.10490371286869049,0.04856877028942108,0.0,7.800000190734863,0.0,0.0,18.700000762939453,0.0,0.0,0.0,0.0,0.0,0.0,0.0
15.35,0,0.1947922706604004,-0.1064533218741417,-0.10169416666030884,-0.2676982581615448,2.0,0.0,-0.1744212657213211,-0.10695856064558029,2,2,1,1,12.462043762207031,0.0,4.089596748352051,13.108447074890137,0.4614434838294983,0.050321292132139206,0.44822636246681213,0.09470224380493164,-0.1514405459165573,0.051633186638355255,-0.10612072050571442,0.0487675815820694,0.0,7.800000190734863,0.0,0.0,18.700000762939453,0.0,0.0,0.0,0.0,0.0,0.0,0.0
15.4,0,0.19300143420696259,-0.10671345144510269,-0.04044429212808609,-0.266865998506546,2.0,0.0,-0.1220141053199768,-0.10790421068668365,2,2,1,1,14.285810470581055,0.0,2.609464645385742,15.05380916595459,0.4615429937839508,0.050324682146310806,0.44648635387420654,0.09525879472494125,-0.15317516028881073,0.051619116216897964,-0.10689204186201096,0.048893049359321594,0.0,7.800000190734863,0.0,0.0,18.700000762939453,0.0,0.0,0.0,0.0,0.0,0.0,0.0
15.45,0,0.19199077785015106,-0.10678943246603012,-0.07054193317890167,nan,2.0,0.0,-0.0998859778046608,-0.10838165134191513,2,0,1,1,13.495789527893066,0.0,0.8178038001060486,13.882222175598145,0.46175840497016907,0.050324589014053345,0.44550541043281555,0.09553317725658417,-0.1541757583618164,0.05161891132593155,-0.10745909810066223,0.04897533357143402,0.0,7.800000190734863,0.0,0.0,18.700000762939453,0.0,0.0,0.0,0.0,0.0,0.0,0.0
15.5,0,0.19118766486644745,-0.10705770552158356,-0.025422094389796257,nan,2.0,0.0,-0.12891246378421783,-0.10881402343511581,2,0,1,1,16.7502384185791,0.0,0.0,13.83324146270752,0.4621381461620331,0.05031199753284454,0.4447768032550812,0.09581112861633301,-0.15500709414482117,0.05161918327212334,-0.10797218978404999,0.049056656658649445,0.0,10.600000381469727,0.0,0.0,18.700000762939453,0.0,0.0,0.0,0.0,0.0,0.0,0.0
15.549999999999999,0,0.18910986185073853,-0.10727912187576294,-0.024676594883203506,nan,2.0,0.0,-0.15135006606578827,-0.10952789336442947,2,0,1,1,11.359687805175781,0.0,0.0,13.729978561401367,0.46236103773117065,0.050327591598033905,0.44281184673309326,0.09630707651376724,-0.1571110337972641,0.0516323447227478,-0.10907439887523651,0.04915172979235649,0.0,10.600000381469727,0.0,0.0,18.700000762939453,0.0,0.0,0.0,0.0,0.0,0.0,0.0
15.6,0,0.18737950921058655,-0.1069728285074234,-0.03782852739095688,nan,2.0,0.0,-0.18518437445163727,-0.10991034656763077,2,0,1,1,13.198989868164062,0.0,0.0,14.239280700683594,0.4625561833381653,0.050321854650974274,0.4435352683067322,0.09865923970937729,-0.15875616669654846,0.051615454256534576,-0.10996261984109879,0.04925800859928131,0.0,10.600000381469727,6.200000762939453,0.0,18.700000762939453,0.0,0.0,0.0,0.0,0.0,0.0,0.0
15.65,0,0.18652743101119995,-0.10694106668233871,-0.01155193243175745,-0.2653878927230835,2.0,0.0,-0.06560297310352325,-0.11045017093420029,2,2,1,1,13.28783130645752,0.0,3.5078885555267334,13.726923942565918,0.4629113972187042,0.050305817276239395,0.44790413975715637,0.10417038947343826,-0.15960682928562164,0.05157823860645294,-0.11068128049373627,0.049311988055706024,0.0,10.600000381469727,6.200000762939453,0.0,18.700000762939453,0.0,0.0,0.0,0.0,0.0,0.0,0.0
15.7,0,0.18620523810386658,-0.10699058324098587,-0.009253134950995445,-0.26578599214553833,2.0,0.0,-0.06719481199979782,-0.11079519987106323,2,2,1,1,13.814661979675293,0.0,2.5245213508605957,13.457131385803223,0.463340163230896,0.05031253397464752,0.45063063502311707,0.10756738483905792,-0.1599901169538498,0.05157523229718208,-0.11119478940963745,0.04935596510767937,0.0,10.600000381469727,6.200000762939453,0.0,18.700000762939453,0.0,0.0,0.0,0.0,0.0,0.0,0.0
15.75,0,0.18584734201431274,-0.10691773146390915,-0.020395593717694283,-0.26608726382255554,2.0,0.0,-0.06917236745357513,-0.11099271476268768,2,2,1,1,13.037359237670898,0.0,2.137077808380127,13.94743824005127,0.4636822044849396,0.05037479102611542,0.45208272337913513,0.10956650972366333,-0.16041509807109833,0.0515749417245388,-0.11171034723520279,0.04937858134508133,0.0,10.600000381469727,6.200000762939453,0.0,18.700000762939453,0.0,0.0,0.0,0.0,0.0,0.0,0.0
15.799999999999999,0,0.18566882610321045,-0.10676607489585876,-0.030775299295783043,nan,2.0,0.0,-0.06027037650346756,-0.11098739504814148,2,2,1,1,13.260823249816895,0.0,1.935963749885559,13.422096252441406,0.4640806019306183,0.05043790489435196,0.4529856741428375,0.11067922413349152,-0.1606103926897049,0.051561418920755386,-0.11214637011289597,0.049406711012125015,0.0,10.600000381469727,6.200000762939453,0.0,18.700000762939453,0.0,0.0,0.0,0.0,0.0,0.0,0.0
15.85,0,0.185189351439476,-0.10634329915046692,-0.03327754884958267,nan,2.0,0.0,-0.06790021806955338,-0.11099343001842499,2,2,1,1,13.363386154174805,0.0,1.8520135879516602,13.470805168151855,0.46430009603500366,0.05046623572707176,0.4646216034889221,0.1258189082145691,-0.1611529439687729,0.05155570060014725,-0.11267527937889099,0.04945341497659683,0.0,10.600000381469727,20.100000381469727,0.0,18.700000762939453,0.0,0.0,0.0,0.0,0.0,0.0,0.0
15.9,0,0.18519258499145508,-0.10635130852460861,-0.030154161155223846,-0.26800933480262756,2.0,0.0,-0.05830257013440132,-0.11122412234544754,2,2,1,1,12.722328186035156,0.0,2.4134488105773926,12.716285705566406,0.4646921455860138,0.05051903426647186,0.473916232585907,0.14012393355369568,-0.16125287115573883,0.05156014487147331,-0.1130351647734642,0.04946132004261017,0.0,10.600000381469727,24.200000762939453,0.0,18.700000762939453,0.0,0.0,0.0,0.0,0.0,0.0,0.0
15.95,0,0.18522430956363678,-0.10641902685165405,-0.025842349976301193,-0.2685885429382324,2.0,0.0,-0.05630992725491524,-0.11150386184453964,2,2,1,1,12.996842384338379,0.0,2.2202541828155518,13.027745246887207,0.46504494547843933,0.05057065561413765,0.479736864566803,0.15064658224582672,-0.16131511330604553,0.05156228318810463,-0.1133708506822586,0.049472879618406296,0.0,10.600000381469727,24.200000762939453,0.0,18.700000762939453,0.0,0.0,0.0,0.0,0.0,0.0,0.0
16.0,0,0.1852201372385025,-0.10632596164941788,-0.023642541840672493,-0.26902204751968384,2.0,0.0,-0.05543230473995209,-0.11158186197280884,2,2,1,1,13.076504707336426,0.0,2.191072940826416,13.209723472595215,0.46537038683891296,0.05061520263552666,0.48292821645736694,0.15705886483192444,-0.16136427223682404,0.051558222621679306,-0.11369934678077698,0.04948502779006958,0.0,10.600000381469727,24.200000762939453,0.0,18.700000762939453,0.0,0.0,0.0,0.0,0.0,0.0,0.0
16.05,0,0.18520832061767578,-0.10616771131753922,-0.02385483868420124,-0.26939070224761963,2.0,0.0,-0.05523326247930527,-0.11157220602035522,2,2,1,1,13.209766387939453,0.0,2.0973196029663086,13.40791130065918,0.46568503975868225,0.050655048340559006,0.4847312569618225,0.1608816385269165,-0.16141057014465332,0.05155437812209129,-0.1140175387263298,0.04949500039219856,0.0,10.600000381469727,24.200000762939453,0.0,18.700000762939453,0.0,0.0,0.0,0.0,0.0,0.0,0.0
16.1,0,0.18512120842933655,-0.10573218017816544,-0.006492137908935547,nan,2.0,0.0,-0.08364526927471161,-0.11116444319486618,2,2,1,1,13.859030723571777,0.0,0.0,14.629794120788574,0.46596184372901917,0.0506860576570034,0.48687946796417236,0.16567224264144897,-0.16146884858608246,0.05156330764293671,-0.11435386538505554,0.049512021243572235,0.0,10.600000381469727,29.799999237060547,0.0,18.700000762939453,0.0,0.0,0.0,0.0,0.0,0.0,0.0
16.15,0,0.18514534831047058,-0.10577166825532913,-0.02566021867096424,-0.27010366320610046,2.0,0.0,-0.05462932959198952,-0.11133693903684616,2,2,1,1,13.08120346069336,0.0,2.186915159225464,13.092764854431152,0.46625033020973206,0.050720375031232834,0.48992738127708435,0.17342224717140198,-0.16152265667915344,0.0515422597527504,-0.1146535575389862,0.049512557685375214,0.0,10.600000381469727,29.799999237060547,0.0,18.700000762939453,0.0,0.0,0.0,0.0,0.0,0.0,0.0
16.2,0,0.1851119101047516,-0.10551739484071732,-0.02867736481130123,nan,2.0,0.0,-0.06704549491405487,-0.11108452826738358,2,0,1,1,13.333414077758789,0.0,0.35910463333129883,13.89319133758545,0.46650445461273193,0.0507473349571228,0.4922740161418915,0.18000458180904388,-0.16155435144901276,0.05153385549783707,-0.114952951669693,0.049519360065460205,0.0,10.600000381469727,33.900001525878906,0.0,18.700000762939453,0.0,0.0,0.0,0.0,0.0,0.0,0.0
16.25,0,0.18511337041854858,-0.10548897832632065,-0.024672189727425575,-0.27069368958473206,2.0,0.0,-0.054282303899526596,-0.11116394400596619,2,0,1,1,12.993648529052734,0.0,2.1039719581604004,13.279722213745117,0.4667316675186157,0.050772231072187424,0.4946187138557434,0.18760740756988525,-0.1616007387638092,0.05153237283229828,-0.11524129658937454,0.04951930791139603,0.0,10.600000381469727,33.900001525878906,0.0,18.700000762939453,0.0,0.0,0.0,0.0,0.0,0.0,0.0
16.3,0,0.18498505651950836,-0.10522710531949997,-0.026848336681723595,-0.2710375189781189,2.0,0.0,-0.09617457538843155,-0.11095532774925232,2,0,1,1,13.136746406555176,0.0,2.3666861057281494,13.921303749084473,0.46689125895500183,0.05079863592982292,0.4980849325656891,0.19339214265346527,-0.16170288622379303,0.05152180790901184,-0.11554798483848572,0.04952112212777138,0.0,10.600000381469727,33.900001525878906,6.5,18.700000762939453,0.0,0.0,0.0,0.0,0.0,0.0,0.0
16.35,0,0.18496856093406677,-0.10517918318510056,-0.0265397559851408,nan,2.0,0.0,-0.05366456136107445,-0.11088800430297852,2,0,1,1,13.168747901916504,0.0,1.8879958391189575,13.471331596374512,0.4670669734477997,0.05083249881863594,0.5037326812744141,0.19942770898342133,-0.16174601018428802,0.05151614546775818,-0.11582943052053452,0.0495208278298378,0.0,10.600000381469727,33.900001525878906,6.5,18.700000762939453,0.0,0.0,0.0,0.0,0.0,0.0,0.0
16.4,0,0.18493328988552094,-0.10508085042238235,-0.023875456303358078,nan,2.0,0.0,-0.05307220295071602,-0.11076486110687256,2,0,1,1,13.112820625305176,0.0,1.5302683115005493,13.513132095336914,0.4672263562679291,0.05086299404501915,0.5070062875747681,0.20316192507743835,-0.16179046034812927,0.051508963108062744,-0.11609910428524017,0.049518708139657974,0.0,10.600000381469727,33.900001525878906,6.5,18.700000762939453,0.0,0.0,0.0,0.0,0.0,0.0,0.0
16.45,0,0.18471373617649078,-0.10469049215316772,-0.029830994084477425,nan,2.0,0.0,-0.24068951606750488,-0.11046922951936722,2,0,1,1,13.82496452331543,0.0,0.6913337707519531,14.981741905212402,0.4673280715942383,0.050882793962955475,0.5132678151130676,0.20860892534255981,-0.16198348999023438,0.05150459334254265,-0.11642319709062576,0.04951736703515053,0.0,10.600000381469727,33.900001525878906,20.299999237060547,18.700000762939453,0.0,0.0,0.0,0.0,0.0,0.0,0.0
16.5,0,0.18475279211997986,-0.10480272769927979,-0.024957185611128807,-0.2735068202018738,2.0,0.0,-0.05505342781543732,-0.11055551469326019,2,0,1,1,13.263155937194824,0.0,2.0709660053253174,13.363192558288574,0.46748629212379456,0.0509125180542469,0.5237664580345154,0.21860361099243164,-0.16200856864452362,0.05149977281689644,-0.11665110290050507,0.049511998891830444,0.0,10.600000381469727,33.900001525878906,20.299999237060547,18.700000762939453,0.0,0.0,0.0,0.0,0.0,0.0,0.0
16.55,0,0.184710294008255,-0.10467352718114853,-0.03253237530589104,nan,2.0,0.0,-0.05652488023042679,-0.11040200293064117,2,0,1,1,13.337515830993652,0.0,1.573188066482544,13.674690246582031,0.4676153361797333,0.05093584582209587,0.5304204821586609,0.2257712334394455,-0.1620492935180664,0.05149431154131889,-0.1169077530503273,0.04950641840696335,0.0,10.600000381469727,33.900001525878906,23.100000381469727,18.700000762939453,0.0,0.0,0.0,0.0,0.0,0.0,0.0
16.6,0,0.18469050526618958,-0.10461144894361496,-0.026540039107203484,nan,2.0,0.0,-0.05307887867093086,-0.11032275855541229,2,0,1,1,13.158697128295898,0.0,1.5713517665863037,13.44715690612793,0.4677406847476959,0.050958044826984406,0.5354143381118774,0.23175989091396332,-0.16207711398601532,0.05148647353053093,-0.1171446368098259,0.0494995042681694,0.0,10.600000381469727,33.900001525878906,23.100000381469727,18.700000762939453,0.0,0.0,0.0,0.0,0.0,0.0,0.0
16.65,0,0.18482054769992828,-0.10443860292434692,-0.03669654205441475,nan,2.0,0.0,-0.06129511073231697,-0.11015167087316513,2,0,1,1,13.328363418579102,0.0,1.473276138305664,13.527817726135254,0.46806880831718445,0.05101767182350159,0.5384538173675537,0.23539999127388,-0.16193318367004395,0.0515047088265419,-0.1171603873372078,0.04949987679719925,0.0,10.600000381469727,33.900001525878906,23.100000381469727,18.700000762939453,0.0,0.0,0.0,0.30000001192092896,0.30000001192092896,0.30000001192092896,0.30000001192092896
16.7,0,0.1855262666940689,-0.10444366186857224,-0.030155638232827187,nan,2.0,0.0,-0.06379366666078568,-0.1099027544260025,2,0,1,1,13.502634048461914,0.0,1.5847008228302002,13.620147705078125,0.46890801191329956,0.051155924797058105,0.5408519506454468,0.23765355348587036,-0.16123712062835693,0.05156992748379707,-0.1166524887084961,0.04951457306742668,0.0,10.600000381469727,33.900001525878906,23.100000381469727,18.700000762939453,0.0,0.0,0.0,0.30000001192092896,0.30000001192092896,0.30000001192092896,0.30000001192092896
16.75,0,0.18623769283294678,-0.10445037484169006,-0.029636209830641747,-0.27563488483428955,2.0,0.0,-0.06402447819709778,-0.10968787223100662,2,0,1,1,13.972896575927734,0.0,2.0940542221069336,13.055981636047363,0.46974754333496094,0.05128142982721329,0.542570173740387,0.23900099098682404,-0.16054028272628784,0.051626332104206085,-0.11615325510501862,0.04952621087431908,0.0,10.600000381469727,33.900001525878906,23.100000381469727,18.700000762939453,0.0,0.0,0.0,0.30000001192092896,0.30000001192092896,0.30000001192092896,0.30000001192092896
16.8,0,0.1869562566280365,-0.10445734858512878,-0.029806936159729958,nan,2.0,0.0,-0.06310602277517319,-0.1094648540019989,2,0,1,1,13.573697090148926,0.0,1.6907305717468262,13.547843933105469,0.47058936953544617,0.05139249563217163,0.5438857078552246,0.23979099094867706,-0.15983755886554718,0.05167475715279579,-0.11561289429664612,0.04952942579984665,0.0,10.600000381469727,33.900001525878906,23.100000381469727,18.700000762939453,0.0,0.0,0.0,0.30000001192092896,0.30000001192092896,0.30000001192092896,0.30000001192092896
16.85,0,0.18747630715370178,-0.10436727106571198,-0.03541511669754982,nan,2.0,0.0,-0.06382420659065247,-0.10906997323036194,2,0,1,1,10.291138648986816,0.0,1.978553295135498,13.599695205688477,0.4711293876171112,0.0514693409204483,0.5448036789894104,0.24022766947746277,-0.15924984216690063,0.05170804262161255,-0.11512532085180283,0.04952239245176315,0.0,10.600000381469727,33.900001525878906,23.100000381469727,18.700000762939453,0.0,0.0,0.0,0.30000001192092896,0.30000001192092896,0.30000001192092896,0.30000001192092896
16.9,0,0.18745854496955872,-0.10395505279302597,-0.06377599388360977,nan,2.0,0.0,-0.08003043383359909,-0.10863622277975082,2,0,1,1,11.139595031738281,0.0,0.0,14.161162376403809,0.4711330831050873,0.05146653577685356,0.5451062321662903,0.2403775453567505,-0.1591533124446869,0.05174172669649124,-0.1148129254579544,0.049525368958711624,0.0,10.600000381469727,33.900001525878906,23.100000381469727,18.700000762939453,0.0,0.0,0.0,0.30000001192092896,0.30000001192092896,0.30000001192092896,0.30000001192092896
16.95,0,0.18744146823883057,-0.10375091433525085,-0.03588404878973961,-0.2754272520542145,2.0,0.0,-0.0622217133641243,-0.10854430496692657,2,0,1,1,11.285181045532227,0.0,2.8870737552642822,13.62449836730957,0.4711499810218811,0.05147543177008629,0.5452753305435181,0.2405378818511963,-0.15905652940273285,0.051738426089286804,-0.11451704055070877,0.0495222806930542,0.0,10.600000381469727,33.900001525878906,23.100000381469727,18.700000762939453,0.0,0.0,0.0,0.30000001192092896,0.30000001192092896,0.30000001192092896,0.30000001192092896
17.0,0,0.18747438490390778,-0.10361069440841675,-0.07833397388458252,nan,2.0,0.0,-0.07642913609743118,-0.10840737819671631,2,0,1,1,11.20711612701416,0.0,0.0,13.924656867980957,0.47113680839538574,0.05147543177008629,0.5454429984092712,0.24063578248023987,-0.15899111330509186,0.051763374358415604,-0.11421026289463043,0.0495101697742939,0.0,10.600000381469727,33.900001525878906,23.100000381469727,18.700000762939453,0.0,0.0,0.0,0.30000001192092896,0.30000001192092896,0.30000001192092896,0.30000001192092896
17.05,0,0.18752504885196686,-0.10363950580358505,-0.0019425294594839215,-0.2749699354171753,2.0,0.0,-0.05385655164718628,-0.10849680006504059,2,0,1,1,9.344282150268555,0.0,5.596931457519531,14.105822563171387,0.47114935517311096,0.05148537456989288,0.5455626249313354,0.24079062044620514,-0.15887120366096497,0.05174938216805458,-0.1139066070318222,0.049507301300764084,0.0,10.600000381469727,33.900001525878906,23.100000381469727,18.700000762939453,0.0,0.0,0.0,0.30000001192092896,0.30000001192092896,0.30000001192092896,0.30000001192092896
17.1,0,0.18762889504432678,-0.10372558236122131,-0.0023475850466638803,-0.274772584438324,2.0,0.0,-0.053110379725694656,-0.10849136114120483,2,0,1,1,9.657816886901855,0.0,5.396146297454834,13.716318130493164,0.47115200757980347,0.05149595066905022,0.5457196831703186,0.2409352958202362,-0.15876349806785583,0.051756054162979126,-0.11359333992004395,0.04949423670768738,0.0,10.600000381469727,33.900001525878906,23.100000381469727,18.700000762939453,0.0,0.0,0.0,0.30000001192092896,0.30000001192092896,0.30000001192092896,0.30000001192092896
17.15,0,0.18773701786994934,-0.10382160544395447,-0.023926720023155212,-0.27458539605140686,2.0,0.0,-0.0565095916390419,-0.10847198218107224,2,0,1,1,9.767637252807617,0.0,3.996342420578003,14.521625518798828,0.4711536765098572,0.05150383710861206,0.5458706021308899,0.2410573661327362,-0.15867452323436737,0.05176471546292305,-0.11328919976949692,0.049477383494377136,0.0,10.600000381469727,33.900001525878906,23.100000381469727,18.700000762939453,0.0,0.0,0.0,0.30000001192092896,0.30000001192092896,0.30000001192092896,0.30000001192092896
17.2,0,0.18781329691410065,-0.10389812290668488,-0.00523187592625618,-0.27437520027160645,2.0,0.0,-0.05885033309459686,-0.1086268424987793,2,0,1,1,11.535106658935547,0.0,4.837742805480957,13.693058013916016,0.4711589515209198,0.05151168629527092,0.5459592938423157,0.24117618799209595,-0.15857230126857758,0.05175146460533142,-0.11299372464418411,0.04946301877498627,0.0,10.600000381469727,33.900001525878906,23.100000381469727,18.700000762939453,0.0,0.0,0.0,0.30000001192092896,0.30000001192092896,0.30000001192092896,0.30000001192092896
17.25,0,0.18792036175727844,-0.10403505712747574,-0.06423678994178772,nan,2.0,0.0,-0.06821968406438828,-0.10865386575460434,2,0,1,1,11.194954872131348,0.0,1.6951793432235718,13.993776321411133,0.47115010023117065,0.05152012035250664,0.5460801124572754,0.2413046509027481,-0.15849970281124115,0.051756635308265686,-0.11269252002239227,0.0494375042617321,0.0,10.600000381469727,33.900001525878906,23.100000381469727,18.700000762939453,0.0,0.0,0.0,0.30000001192092896,0.30000001192092896,0.30000001192092896,0.30000001192092896
17.3,0,0.18803702294826508,-0.10413499176502228,-0.0022658801171928644,-0.2740170955657959,2.0,0.0,-0.054483942687511444,-0.10872014611959457,2,0,1,1,9.936786651611328,0.0,5.570611476898193,13.9566068649292,0.4711581766605377,0.051529109477996826,0.5462173819541931,0.24142558872699738,-0.15832345187664032,0.05172232910990715,-0.11240456253290176,0.04942598193883896,0.0,10.600000381469727,33.900001525878906,23.100000381469727,18.700000762939453,0.0,0.0,0.0,0.30000001192092896,0.30000001192092896,0.30000001192092896,0.30000001192092896
17.35,0,0.18814215064048767,-0.10428039729595184,-0.0022904458455741405,-0.2738209366798401,2.0,0.0,-0.05745185166597366,-0.10884916037321091,2,0,1,1,12.036261558532715,0.0,5.8978400230407715,13.704988479614258,0.471172958612442,0.05153992399573326,0.5463244318962097,0.2415589690208435,-0.15822264552116394,0.05170131102204323,-0.11210308969020844,0.04940066859126091,0.0,10.600000381469727,33.900001525878906,23.100000381469727,18.700000762939453,0.0,0.0,0.0,0.30000001192092896,0.30000001192092896,0.30000001192092896,0.30000001192092896
17.4,0,0.18823553621768951,-0.10439081490039825,-0.0035282871685922146,-0.2736387848854065,2.0,0.0,-0.05406561121344566,-0.10889759659767151,2,0,1,1,11.819793701171875,0.0,4.812280178070068,14.144124031066895,0.47116583585739136,0.05154353007674217,0.5464353561401367,0.24166910350322723,-0.15812675654888153,0.051677506417036057,-0.11182208359241486,0.049377620220184326,0.0,10.600000381469727,33.900001525878906,23.100000381469727,18.700000762939453,0.0,0.0,0.0,0.30000001192092896,0.30000001192092896,0.30000001192092896,0.30000001192092896
17.45,0,0.1883484572172165,-0.10452205687761307,-0.09204898029565811,nan,2.0,0.0,-0.0770798996090889,-0.10893156379461288,2,0,1,1,12.546299934387207,0.0,0.0,13.73972225189209,0.47115558385849,0.05154893919825554,0.5465734004974365,0.24178491532802582,-0.15806475281715393,0.05166612192988396,-0.11152727156877518,0.049352336674928665,0.0,10.600000381469727,33.900001525878906,23.100000381469727,18.700000762939453,0.0,0.0,0.0,0.30000001192092896,0.30000001192092896,0.30000001192092896,0.30000001192092896
17.5,0,0.18841803073883057,-0.10472731292247772,-0.037443846464157104,-0.2732689082622528,2.0,0.0,-0.06130940467119217,-0.10914699733257294,2,0,1,1,10.490229606628418,0.0,3.49798321723938,14.368789672851562,0.4711673855781555,0.051560595631599426,0.5466399192810059,0.24194152653217316,-0.1579868197441101,0.05161631107330322,-0.111268050968647,0.049325160682201385,0.0,10.600000381469727,33.900001525878906,23.100000381469727,18.700000762939453,0.0,0.0,0.0,0.30000001192092896,0.30000001192092896,0.30000001192092896,0.30000001192092896
17.55,0,0.18853141367435455,-0.10489445179700851,-0.003469010116532445,-0.27309972047805786,2.0,0.0,-0.05716270953416824,-0.10926143079996109,2,0,1,1,11.266919136047363,0.0,5.057748317718506,14.163361549377441,0.4711706042289734,0.05157041549682617,0.5467645525932312,0.24208056926727295,-0.15784487128257751,0.05156310647726059,-0.11098360270261765,0.04929826781153679,0.0,10.600000381469727,33.900001525878906,23.100000381469727,18.700000762939453,0.0,0.0,0.0,0.30000001192092896,0.30000001192092896,0.30000001192092896,0.30000001192092896
17.6,0,0.18861278891563416,-0.10507503151893616,-0.020776798948645592,-0.2729151248931885,2.0,0.0,-0.0566285215318203,-0.10938819497823715,2,0,1,1,10.782506942749023,0.0,4.294669151306152,14.35444450378418,0.47117355465888977,0.051580268889665604,0.5468505620956421,0.24220618605613708,-0.15777942538261414,0.05151614546775818,-0.11071828752756119,0.04927093908190727,0.0,10.600000381469727,33.900001525878906,23.100000381469727,18.700000762939453,0.0,0.0,0.0,0.30000001192092896,0.30000001192092896,0.30000001192092896,0.30000001192092896
17.65,0,0.18871185183525085,-0.1052224338054657,-0.005876632872968912,-0.2727488875389099,2.0,0.0,-0.05482850968837738,-0.10947045683860779,2,0,1,1,11.241451263427734,0.0,5.492914199829102,14.303254127502441,0.4711766242980957,0.05158759281039238,0.5469593405723572,0.24233120679855347,-0.15765058994293213,0.051458682864904404,-0.11045024544000626,0.04924143850803375,0.0,10.600000381469727,33.900001525878906,23.100000381469727,18.700000762939453,0.0,0.0,0.0,0.30000001192092896,0.30000001192092896,0.30000001192092896,0.30000001192092896
17.7,0,0.18879765272140503,-0.10544033348560333,-0.0017064624698832631,-0.2725870907306671,2.0,0.0,-0.05488291010260582,-0.10965314507484436,2,0,1,1,11.460969924926758,0.0,5.092376232147217,14.645047187805176,0.4711833894252777,0.05159708112478256,0.5470739006996155,0.24247843027114868,-0.15758350491523743,0.0513908714056015,-0.11019814759492874,0.04920852556824684,0.0,10.600000381469727,33.900001525878906,23.100000381469727,18.700000762939453,0.0,0.0,0.0,0.30000001192092896,0.30000001192092896,0.30000001192092896,0.30000001192092896
17.75,0,0.18889011442661285,-0.10564212501049042,-0.0009643981466069818,-0.2724240720272064,2.0,0.0,-0.05735883116722107,-0.10980483144521713,2,0,1,1,11.447381973266602,0.0,6.507105827331543,13.923141479492188,0.47118720412254333,0.0516078919172287,0.5471686124801636,0.24262391030788422,-0.15749168395996094,0.051327187567949295,-0.10994618386030197,0.04917781054973602,0.0,10.600000381469727,33.900001525878906,23.100000381469727,18.700000762939453,0.0,0.0,0.0,0.30000001192092896,0.30000001192092896,0.30000001192092896,0.30000001192092896
17.8,0,0.18895959854125977,-0.10580569505691528,-0.0028081941418349743,-0.27225908637046814,2.0,0.0,-0.0554378367960453,-0.10991331189870834,2,0,1,1,11.137504577636719,0.0,5.213532447814941,14.296381950378418,0.47118958830833435,0.05161428079009056,0.5472692847251892,0.242731973528862,-0.1574174016714096,0.05124876648187637,-0.10970163345336914,0.04914098605513573,0.0,10.600000381469727,33.900001525878906,23.100000381469727,18.700000762939453,0.0,0.0,0.0,0.30000001192092896,0.30000001192092896,0.30000001192092896,0.30000001192092896
17.85,0,0.18906530737876892,-0.10595130175352097,-0.07549606263637543,nan,2.0,0.0,-0.07070174813270569,-0.1099257543683052,2,0,1,1,12.777908325195312,0.0,1.8762482404708862,13.977343559265137,0.47118496894836426,0.0516250915825367,0.5473933219909668,0.2428319752216339,-0.15731048583984375,0.051190897822380066,-0.10944417119026184,0.04909853637218475,0.0,10.600000381469727,33.900001525878906,23.100000381469727,18.700000762939453,0.0,0.0,0.0,0.30000001192092896,0.30000001192092896,0.30000001192092896,0.30000001192092896
17.9,0,0.18913567066192627,-0.10618376731872559,-0.005289113149046898,-0.27193155884742737,2.0,0.0,-0.05543888360261917,-0.11018888652324677,2,0,1,1,11.353342056274414,0.0,5.058736324310303,14.402124404907227,0.47119683027267456,0.05163190886378288,0.5474596619606018,0.24298915266990662,-0.15722021460533142,0.051090940833091736,-0.10919845104217529,0.04907158389687538,0.0,10.600000381469727,33.900001525878906,23.100000381469727,18.700000762939453,0.0,0.0,0.0,0.30000001192092896,0.30000001192092896,0.30000001192092896,0.30000001192092896
17.95,0,0.1892315000295639,-0.1064298152923584,-0.0039401487447321415,-0.2717749774456024,2.0,0.0,-0.05580289289355278,-0.11032623052597046,2,0,1,1,11.548023223876953,0.0,5.230047702789307,14.2551851272583,0.4712018370628357,0.05164096876978874,0.5475575923919678,0.2431497722864151,-0.1571223884820938,0.05099748820066452,-0.10895261913537979,0.04903372749686241,0.0,10.600000381469727,33.900001525878906,23.100000381469727,18.700000762939453,0.0,0.0,0.0,0.30000001192092896,0.30000001192092896,0.30000001192092896,0.30000001192092896
18.0,0,0.18935520946979523,-0.10671425610780716,-0.0747843086719513,nan,2.0,0.0,-0.0768715962767601,-0.11048436909914017,2,0,1,1,14.007800102233887,0.0,0.0,14.289265632629395,0.4711954891681671,0.05164718255400658,0.5476824641227722,0.24331849813461304,-0.15707910060882568,0.050926435738801956,-0.10869436711072922,0.04899124428629875,0.0,10.600000381469727,33.900001525878906,23.100000381469727,18.700000762939453,0.0,0.0,0.0,0.30000001192092896,0.30000001192092896,0.30000001192092896,0.30000001192092896
18.05,0,0.18942855298519135,-0.10694627463817596,-0.07123719155788422,nan,2.0,0.0,-0.07775980234146118,-0.11070388555526733,2,0,1,1,13.495291709899902,0.0,0.0,14.247809410095215,0.47120019793510437,0.051655661314725876,0.547785222530365,0.24347905814647675,-0.1570095270872116,0.05081673711538315,-0.10845576971769333,0.0489538349211216,0.0,10.600000381469727,33.900001525878906,23.100000381469727,18.700000762939453,0.0,0.0,0.0,0.30000001192092896,0.30000001192092896,0.30000001192092896,0.30000001192092896
18.1,0,0.18951354920864105,-0.10721593350172043,-0.07754018902778625,nan,2.0,0.0,-0.07745179533958435,-0.11087362468242645,2,0,1,1,13.812027931213379,0.0,0.0,14.04944133758545,0.47120189666748047,0.05166475847363472,0.5478631854057312,0.24366074800491333,-0.15690332651138306,0.05070383474230766,-0.10822241008281708,0.04890226945281029,0.0,10.600000381469727,33.900001525878906,23.100000381469727,18.700000762939453,0.0,0.0,0.0,0.30000001192092896,0.30000001192092896,0.30000001192092896,0.30000001192092896
18.15,0,0.18963666260242462,-0.1075114756822586,-0.0720367506146431,nan,2.0,0.0,-0.07817380875349045,-0.11109152436256409,2,0,1,1,14.028657913208008,0.0,0.0,14.32171630859375,0.47121649980545044,0.05167587846517563,0.5479778051376343,0.24382983148097992,-0.1567799150943756,0.050585612654685974,-0.10796854645013809,0.04886496439576149,0.0,10.600000381469727,33.900001525878906,23.100000381469727,18.700000762939453,0.0,0.0,0.0,0.30000001192092896,0.30000001192092896,0.30000001192092896,0.30000001192092896
18.2,0,0.18972450494766235,-0.10778748244047165,-0.09482073783874512,nan,2.0,0.0,-0.08129817992448807,-0.11127830296754837,2,0,1,1,14.586313247680664,0.0,0.0,14.078673362731934,0.47120749950408936,0.05168208107352257,0.548082172870636,0.24401700496673584,-0.15668988227844238,0.05046603083610535,-0.10773198306560516,0.04882295802235603,0.0,10.600000381469727,33.900001525878906,23.100000381469727,18.700000762939453,0.0,0.0,0.0,0.30000001192092896,0.30000001192092896,0.30000001192092896,0.30000001192092896
18.25,0,0.18977534770965576,-0.10798288136720657,-0.06683975458145142,nan,2.0,0.0,-0.0691971480846405,-0.11148218810558319,2,0,1,1,14.159507751464844,0.0,0.9277453422546387,13.938652992248535,0.47122305631637573,0.05169450119137764,0.5481538772583008,0.24412672221660614,-0.15662391483783722,0.05037304013967514,-0.10753369331359863,0.04877742752432823,0.0,10.600000381469727,33.900001525878906,23.100000381469727,18.700000762939453,0.0,0.0,0.0,0.30000001192092896,0.30000001192092896,0.30000001192092896,0.30000001192092896
18.3,0,0.18986916542053223,-0.10802475363016129,-0.08621760457754135,nan,2.0,0.0,-0.07690110057592392,-0.11137409508228302,2,0,1,1,13.987954139709473,0.0,0.0,14.022796630859375,0.4712243378162384,0.05169789865612984,0.5483025908470154,0.2441173493862152,-0.1565670520067215,0.05040353909134865,-0.10729589313268661,0.04873327538371086,0.0,10.600000381469727,33.900001525878906,23.100000381469727,18.700000762939453,0.0,0.0,0.0,0.30000001192092896,0.30000001192092896,0.30000001192092896,0.30000001192092896
18.35,0,0.1899385005235672,-0.10804140567779541,-0.07309646904468536,nan,2.0,0.0,-0.07720420509576797,-0.11124692857265472,2,0,1,1,13.78050422668457,0.0,0.0,14.250473976135254,0.4712372422218323,0.05170197784900665,0.5484451651573181,0.24410869181156158,-0.15652306377887726,0.050417907536029816,-0.10706225037574768,0.04868670552968979,0.0,10.600000381469727,33.900001525878906,23.100000381469727,18.700000762939453,0.0,0.0,0.0,0.2999999523162842,0.30000001192092896,0.30000007152557373,0.30000001192092896
18.4,0,0.1900181770324707,-0.10806844383478165,-0.07883106172084808,nan,2.0,0.0,-0.0765242725610733,-0.11109910905361176,2,0,1,1,14.211528778076172,0.0,0.0,14.357059478759766,0.47124314308166504,0.05170605331659317,0.5485867261886597,0.24410958588123322,-0.15644307434558868,0.05042842775583267,-0.10684479027986526,0.04863883554935455,0.0,10.600000381469727,33.900001525878906,23.100000381469727,18.700000762939453,0.0,0.0,0.0,0.2999999523162842,0.30000001192092896,0.30000007152557373,0.30000001192092896
18.45,0,0.19007986783981323,-0.10817445069551468,-0.08080020546913147,nan,2.0,0.0,-0.07332080602645874,-0.11119204759597778,2,0,1,1,14.462227821350098,0.0,0.2519349455833435,13.919099807739258,0.4712585508823395,0.05171551927924156,0.5486783385276794,0.2441810965538025,-0.15640206634998322,0.050426822155714035,-0.10661279410123825,0.048591092228889465,0.0,10.600000381469727,33.900001525878906,23.100000381469727,18.700000762939453,0.0,0.0,0.0,0.2999999523162842,0.30000001192092896,0.30000007152557373,0.30000001192092896
18.5,0,0.19013631343841553,-0.10825776308774948,-0.03407756984233856,-0.27017948031425476,2.0,0.0,-0.06530597805976868,-0.11117122322320938,2,0,1,1,14.47370433807373,0.0,2.955028533935547,14.597295761108398,0.47128212451934814,0.051724206656217575,0.5487411618232727,0.2442101389169693,-0.15634214878082275,0.05042401701211929,-0.10639407485723495,0.048540353775024414,0.0,10.600000381469727,33.900001525878906,23.100000381469727,18.700000762939453,0.0,0.0,0.0,0.2999999523162842,0.30000001192092896,0.30000007152557373,0.30000001192092896
18.55,0,0.1902233362197876,-0.10827566683292389,-0.09728095680475235,nan,2.0,0.0,-0.08167285472154617,-0.11096490174531937,2,0,1,1,14.294683456420898,0.0,0.0,14.381824493408203,0.47126346826553345,0.05172307416796684,0.5488911867141724,0.24419622123241425,-0.1562681943178177,0.05042845755815506,-0.10617039352655411,0.04848839342594147,0.0,10.600000381469727,33.900001525878906,23.100000381469727,18.700000762939453,0.0,0.0,0.0,0.2999999523162842,0.30000001192092896,0.30000007152557373,0.30000001192092896
18.6,0,0.19029554724693298,-0.1083776205778122,-0.10175932198762894,nan,2.0,0.0,-0.07915563136339188,-0.1109936311841011,2,0,1,1,15.185711860656738,0.0,0.0,14.204277992248535,0.471270889043808,0.0517265647649765,0.5489980578422546,0.24425171315670013,-0.15621228516101837,0.050411224365234375,-0.10594216734170914,0.04844486713409424,0.0,10.600000381469727,33.900001525878906,23.100000381469727,18.700000762939453,0.0,0.0,0.0,0.2999999523162842,0.30000001192092896,0.30000007152557373,0.30000001192092896
18.65,0,0.1903086006641388,-0.10835833847522736,-0.0838567465543747,nan,2.0,0.0,-0.09093942493200302,-0.1110282838344574,2,0,1,1,14.290064811706543,0.0,0.0,13.88741683959961,0.4712938070297241,0.05173609405755997,0.549072265625,0.24429592490196228,-0.15620742738246918,0.05040222033858299,-0.10582345724105835,0.04845360293984413,0.0,10.600000381469727,33.900001525878906,23.100000381469727,18.700000762939453,0.0,0.0,0.0,0.2999999523162842,0.30000001192092896,0.30000007152557373,0.30000001192092896
18.7,0,0.19021502137184143,-0.10822439193725586,-0.092930868268013,nan,2.0,0.0,-0.08731957525014877,-0.11098279803991318,2,0,1,1,14.036161422729492,0.0,0.0,13.897808074951172,0.47129398584365845,0.05173664540052414,0.549064576625824,0.24425086379051208,-0.15627384185791016,0.05037965252995491,-0.10583344846963882,0.04845874384045601,0.0,10.600000381469727,33.900001525878906,23.100000381469727,18.700000762939453,0.0,0.0,0.0,0.2999999523162842,0.30000001192092896,0.30000007152557373,0.30000001192092896
18.75,0,0.1901210993528366,-0.10826694965362549,0.0008618816500529647,-0.2697362005710602,2.0,0.0,-0.05792633816599846,-0.11122487485408783,2,0,1,1,11.737706184387207,0.0,5.908028602600098,14.015308380126953,0.47131627798080444,0.051746174693107605,0.5489755272865295,0.24428081512451172,-0.156330868601799,0.05032552778720856,-0.10584302991628647,0.04845351725816727,0.0,10.600000381469727,33.900001525878906,23.100000381469727,18.700000762939453,0.0,0.0,0.0,0.2999999523162842,0.30000001192092896,0.30000007152557373,0.30000001192092896
18.8,0,0.1900900900363922,-0.10824646055698395,-0.0012322166003286839,-0.269744336605072,2.0,0.0,-0.05743945389986038,-0.11122307926416397,2,0,1,1,11.250223159790039,0.0,6.349955081939697,13.968244552612305,0.4713234305381775,0.051750000566244125,0.5490026473999023,0.24428623914718628,-0.15634770691394806,0.05029218643903732,-0.10585818439722061,0.048455528914928436,0.0,10.600000381469727,33.900001525878906,23.100000381469727,18.700000762939453,0.0,0.0,0.0,0.2999999523162842,0.30000001192092896,0.30000007152557373,0.30000001192092896
18.85,0,0.19002875685691833,-0.10828671604394913,-0.008524787612259388,-0.2697247266769409,2.0,0.0,-0.0660652369260788,-0.11129872500896454,2,0,1,1,11.705500602722168,0.0,5.214766025543213,14.624822616577148,0.47132986783981323,0.05175952613353729,0.5489704608917236,0.24427548050880432,-0.1564575582742691,0.050264157354831696,-0.10588794946670532,0.048450592905282974,0.0,10.600000381469727,33.900001525878906,23.100000381469727,18.700000762939453,0.0,0.0,0.0,0.2999999523162842,0.30000001192092896,0.30000007152557373,0.30000001192092896
18.9,0,0.19003766775131226,-0.10813538730144501,-0.022218283265829086,-0.2697383165359497,2.0,0.0,-0.060077860951423645,-0.11106417328119278,2,0,1,1,12.076292037963867,0.0,3.2478175163269043,14.49109172821045,0.4713437855243683,0.051756735891103745,0.5490466356277466,0.24417749047279358,-0.15645144879817963,0.05032232403755188,-0.10586349666118622,0.04845442250370979,0.0,10.600000381469727,33.900001525878906,23.100000381469727,18.700000762939453,0.0,0.0,0.0,0.2999999523162842,0.30000001192092896,0.30000007152557373,0.30000001192092896
18.95,0,0.19008855521678925,-0.1078834980726242,-0.07203978300094604,-0.2697942852973938,2.0,0.0,-0.06689976900815964,-0.11061841249465942,2,0,1,1,13.11084270477295,0.0,2.02327561378479,14.032398223876953,0.4713425040245056,0.05175618827342987,0.5492005944252014,0.24401824176311493,-0.1563951075077057,0.050426483154296875,-0.1058293879032135,0.048468612134456635,0.0,10.600000381469727,33.900001525878906,23.100000381469727,18.700000762939453,0.0,0.0,0.0,0.2999999523162842,0.30000001192092896,0.30000007152557373,0.30000001192092896
19.0,0,0.19014614820480347,-0.10769189894199371,-0.053367193788290024,nan,2.0,0.0,-0.07302350550889969,-0.11025981605052948,2,0,1,1,13.932354927062988,0.0,1.1723181009292603,14.342008590698242,0.47135666012763977,0.05175622180104256,0.5493339896202087,0.24388928711414337,-0.15632763504981995,0.050527434796094894,-0.10579802840948105,0.04847395420074463,0.0,10.600000381469727,33.900001525878906,23.100000381469727,18.700000762939453,0.0,0.0,0.0,0.2999999523162842,0.30000001192092896,0.30000007152557373,0.30000001192092896
19.05,0,0.19015496969223022,-0.10750441253185272,-0.06368397921323776,-0.2698672115802765,2.0,0.0,-0.06836487352848053,-0.11004503071308136,2,0,1,1,12.498268127441406,0.0,2.2422189712524414,13.927132606506348,0.47136688232421875,0.051758408546447754,0.5494239330291748,0.24378344416618347,-0.15631964802742004,0.05062025412917137,-0.1057719737291336,0.048482395708560944,0.0,10.600000381469727,33.900001525878906,23.100000381469727,18.700000762939453,0.0,0.0,0.0,0.2999999523162842,0.30000001192092896,0.30000007152557373,0.30000001192092896
19.1,0,0.1901763528585434,-0.10735882073640823,-0.07774315029382706,nan,2.0,0.0,-0.0784090980887413,-0.10983491688966751,2,0,1,1,13.784989356994629,0.0,0.5713533759117126,14.488585472106934,0.4713689386844635,0.051754098385572433,0.549517035484314,0.2436676025390625,-0.1563430279493332,0.05072053521871567,-0.10574271529912949,0.04849068820476532,0.0,10.600000381469727,33.900001525878906,23.100000381469727,18.700000762939453,0.0,0.0,0.0,0.30000001192092896,0.30000001192092896,0.30000001192092896,0.30000001192092896
19.15,0,0.19017937779426575,-0.10720959305763245,-0.07768075168132782,nan,2.0,0.0,-0.07849941402673721,-0.1096261665225029,2,0,1,1,13.602777481079102,0.0,0.4622109830379486,14.261295318603516,0.47138744592666626,0.05175846442580223,0.5495797395706177,0.24358375370502472,-0.15636186301708221,0.050815582275390625,-0.10572073608636856,0.048495326191186905,0.0,10.600000381469727,33.900001525878906,23.100000381469727,18.700000762939453,0.0,0.0,0.0,0.30000001192092896,0.30000001192092896,0.30000001192092896,0.30000001192092896
19.2,0,0.19014006853103638,-0.10703194886445999,-0.047939952462911606,-0.2698941230773926,2.0,0.0,-0.06251684576272964,-0.10950665920972824,2,0,1,1,12.864980697631836,0.0,3.004948139190674,13.96507453918457,0.4713960886001587,0.05176049843430519,0.5496131777763367,0.24345934391021729,-0.15640003979206085,0.050894882529973984,-0.10572300851345062,0.04850222170352936,0.0,10.600000381469727,33.900001525878906,23.100000381469727,18.700000762939453,0.0,0.0,0.0,0.30000001192092896,0.30000001192092896,0.30000001192092896,0.30000001192092896
19.25,0,0.19016164541244507,-0.106830894947052,-0.051060594618320465,-0.2699240744113922,2.0,0.0,-0.061653606593608856,-0.10919441282749176,2,0,1,1,12.054614067077637,0.0,3.6146180629730225,13.486806869506836,0.47141191363334656,0.05176163837313652,0.5497221350669861,0.24333655834197998,-0.15635696053504944,0.05097252503037453,-0.10569312423467636,0.04850514978170395,0.0,10.600000381469727,33.900001525878906,23.100000381469727,18.700000762939453,0.0,0.0,0.0,0.30000001192092896,0.30000001192092896,0.30000001192092896,0.30000001192092896
19.3,0,0.190181702375412,-0.1067165955901146,-0.018282929435372353,-0.269938588142395,2.0,0.0,-0.05601656809449196,-0.10903962701559067,2,0,1,1,11.630738258361816,0.0,4.420756816864014,14.46313190460205,0.4714335799217224,0.051760483533144,0.5498117208480835,0.24325846135616302,-0.15636612474918365,0.051050566136837006,-0.10566068440675735,0.04851573705673218,0.0,10.600000381469727,33.900001525878906,23.100000381469727,18.700000762939453,0.0,0.0,0.0,0.30000001192092896,0.30000001192092896,0.30000001192092896,0.30000001192092896
19.35,0,0.19023975729942322,-0.10656920820474625,-0.08693009614944458,nan,2.0,0.0,-0.07625937461853027,-0.10878293961286545,2,0,1,1,13.502704620361328,0.0,0.6955214738845825,14.076330184936523,0.4714365005493164,0.051757682114839554,0.5499610304832458,0.24315957725048065,-0.1563488245010376,0.051131218671798706,-0.10559920966625214,0.04852805286645889,0.0,10.600000381469727,33.900001525878906,23.100000381469727,18.700000762939453,0.0,0.0,0.0,0.30000001192092896,0.30000001192092896,0.30000001192092896,0.30000001192092896
19.4,0,0.19021877646446228,-0.1064579039812088,-0.003251828020438552,-0.2699645757675171,2.0,0.0,-0.057849716395139694,-0.10873545706272125,2,0,1,1,11.33913803100586,0.0,6.268431663513184,13.51655387878418,0.47146880626678467,0.05176083743572235,0.5499870777130127,0.24308368563652039,-0.15633679926395416,0.05118154361844063,-0.10559137165546417,0.048536267131567,0.0,10.600000381469727,33.900001525878906,23.100000381469727,18.700000762939453,0.0,0.0,0.0,0.30000001192092896,0.30000001192092896,0.30000001192092896,0.30000001192092896
19.45,0,0.19023557007312775,-0.10634825378656387,-0.0011834964388981462,-0.2699727714061737,2.0,0.0,-0.05674054101109505,-0.10861778259277344,2,0,1,1,11.705073356628418,0.0,5.825757026672363,13.73242473602295,0.4714870750904083,0.05176065117120743,0.5500675439834595,0.2430063784122467,-0.15634043514728546,0.05124610662460327,-0.10555707663297653,0.04854470118880272,0.0,10.600000381469727,33.900001525878906,23.100000381469727,18.700000762939453,0.0,0.0,0.0,0.30000001192092896,0.30000001192092896,0.30000001192092896,0.30000001192092896
19.5,0,0.19027528166770935,-0.10624035447835922,-0.07340625673532486,nan,2.0,0.0,-0.06899179518222809,-0.1083967387676239,2,0,1,1,12.120664596557617,0.0,1.655076026916504,14.086792945861816,0.471492201089859,0.05176156759262085,0.5501812696456909,0.24293024837970734,-0.15636231005191803,0.05132590979337692,-0.10550857335329056,0.04855307936668396,0.0,10.600000381469727,33.900001525878906,23.100000381469727,18.700000762939453,0.0,0.0,0.0,0.30000001192092896,0.30000001192092896,0.30000001192092896,0.30000001192092896
19.55,0,0.1902533769607544,-0.10612687468528748,-0.08656135201454163,nan,2.0,0.0,-0.08150859922170639,-0.10829214751720428,2,0,1,1,13.034643173217773,0.0,0.0,14.504199981689453,0.47149959206581116,0.05175809934735298,0.5502151250839233,0.24285081028938293,-0.15643545985221863,0.05140404403209686,-0.1054927408695221,0.04855737090110779,0.0,10.600000381469727,33.900001525878906,23.100000381469727,18.700000762939453,0.0,0.0,0.0,0.30000001192092896,0.30000001192092896,0.30000001192092896,0.30000001192092896
19.6,0,0.19022557139396667,-0.10605472326278687,-0.0034154208842664957,-0.2699556350708008,2.0,0.0,-0.054335903376340866,-0.10829444229602814,2,0,1,1,11.832975387573242,0.0,5.71501350402832,14.048379898071289,0.4715310335159302,0.05175948143005371,0.5502285361289978,0.24280737340450287,-0.1564231514930725,0.05142663046717644,-0.10547606647014618,0.0485638827085495,0.0,10.600000381469727,33.900001525878906,23.100000381469727,18.700000762939453,0.0,0.0,0.0,0.30000001192092896,0.30000001192092896,0.30000001192092896,0.30000001192092896
19.65,0,0.19016799330711365,-0.10601338744163513,-0.014541201293468475,-0.2699087858200073,2.0,0.0,-0.05768230929970741,-0.10838926583528519,2,0,1,1,11.420571327209473,0.0,4.54656982421875,14.75910472869873,0.4715385437011719,0.05175987258553505,0.5502041578292847,0.24277076125144958,-0.15657813847064972,0.05149686709046364,-0.10547046363353729,0.04856590926647186,0.0,10.600000381469727,33.900001525878906,23.100000381469727,18.700000762939453,0.0,0.0,0.0,0.30000001192092896,0.30000001192092896,0.30000001192092896,0.30000001192092896
19.7,0,0.19020086526870728,-0.10586877167224884,-0.07996322959661484,nan,2.0,0.0,-0.07634709030389786,-0.10812713950872421,2,0,1,1,12.746798515319824,0.0,0.0,14.337373733520508,0.4715436100959778,0.05175730586051941,0.5503235459327698,0.24268615245819092,-0.1565716415643692,0.05155576393008232,-0.10543183982372284,0.04857456684112549,0.0,10.600000381469727,33.900001525878906,23.100000381469727,18.700000762939453,0.0,0.0,0.0,0.30000001192092896,0.30000001192092896,0.30000001192092896,0.30000001192092896
19.75,0,0.19021621346473694,-0.10579574108123779,-0.07592782378196716,nan,2.0,0.0,-0.07089904695749283,-0.1080486997961998,2,0,1,1,12.038643836975098,0.0,1.7231953144073486,13.918134689331055,0.47155338525772095,0.05175700783729553,0.5503959059715271,0.2426462471485138,-0.15655463933944702,0.05159631744027138,-0.1054033637046814,0.04858217388391495,0.0,10.600000381469727,33.900001525878906,23.100000381469727,18.700000762939453,0.0,0.0,0.0,0.30000001192092896,0.30000001192092896,0.30000001192092896,0.30000001192092896
19.8,0,0.19024953246116638,-0.10570351779460907,-0.0941547378897667,nan,2.0,0.0,-0.08141124248504639,-0.10792030394077301,2,0,1,1,12.966262817382812,0.0,0.06367407739162445,14.336727142333984,0.4715723693370819,0.051754195243120193,0.5504922866821289,0.24258379638195038,-0.15655019879341125,0.051644518971443176,-0.10535310208797455,0.04859055578708649,0.0,10.600000381469727,33.900001525878906,23.100000381469727,18.700000762939453,0.0,0.0,0.0,0.30000001192092896,0.30000001192092896,0.30000001192092896,0.30000001192092896
19.85,0,0.19020266830921173,-0.1056247428059578,-0.004545670934021473,-0.2699252963066101,2.0,0.0,-0.05760437622666359,-0.1079070046544075,2,0,1,1,11.473487854003906,0.0,6.081691741943359,13.754866600036621,0.47158151865005493,0.051754288375377655,0.550482988357544,0.24253997206687927,-0.15655063092708588,0.051654040813446045,-0.10535035282373428,0.04859519004821777,0.0,10.600000381469727,33.900001525878906,23.100000381469727,18.700000762939453,0.0,0.0,0.0,0.30000001192092896,0.30000001192092896,0.30000001192092896,0.30000001192092896
19.9,0,0.19020450115203857,-0.10556183010339737,-0.0031760637648403645,-0.26991674304008484,2.0,0.0,-0.05455022677779198,-0.10785069316625595,2,0,1,1,11.50274658203125,0.0,5.957048416137695,14.094082832336426,0.471575528383255,0.05175188556313515,0.5505427718162537,0.24251389503479004,-0.15653833746910095,0.05167194455862045,-0.10531661659479141,0.048605307936668396,0.0,10.600000381469727,33.900001525878906,23.100000381469727,18.700000762939453,0.0,0.0,0.0,0.30000001192092896,0.30000001192092896,0.30000001192092896,0.30000001192092896
19.95,0,0.19021740555763245,-0.10556317120790482,-0.0435863733291626,-0.26989978551864624,2.0,0.0,-0.06528513878583908,-0.10782701522111893,2,0,1,1,11.727339744567871,0.0,2.5767266750335693,14.503817558288574,0.47156578302383423,0.051749337464571,0.5505776405334473,0.24250370264053345,-0.15659549832344055,0.051715780049562454,-0.10528425872325897,0.04860732704401016,0.0,10.600000381469727,33.900001525878906,23.100000381469727,18.700000762939453,0.0,0.0,0.0,0.30000001192092896,0.30000001192092896,0.30000001192092896,0.30000001192092896
20.0,0,0.19025449454784393,-0.10553713887929916,-0.06807336956262589,nan,2.0,0.0,-0.07708967477083206,-0.10772876441478729,2,0,1,1,13.663573265075684,0.0,0.0,14.620745658874512,0.4715583026409149,0.05174834281206131,0.5506601929664612,0.24249722063541412,-0.15659475326538086,0.05175153538584709,-0.10523812472820282,0.04861776530742645,0.0,10.600000381469727,33.900001525878906,23.100000381469727,18.700000762939453,0.0,0.0,0.0,0.30000001192092896,0.30000001192092896,0.30000001192092896,0.30000001192092896
20.05,0,0.1902455985546112,-0.10547441989183426,-0.06548935920000076,-0.2698819041252136,2.0,0.0,-0.06392750144004822,-0.10764056444168091,2,0,1,1,13.021241188049316,0.0,2.416862726211548,13.781386375427246,0.47155433893203735,0.05175156146287918,0.5506841540336609,0.2424912303686142,-0.15653620660305023,0.05174544081091881,-0.10520808398723602,0.04861783608794212,0.0,10.600000381469727,33.900001525878906,23.100000381469727,18.700000762939453,0.0,0.0,0.0,0.30000001192092896,0.30000001192092896,0.30000001192092896,0.30000001192092896
20.1,0,0.19023074209690094,-0.10545015335083008,-0.04386203736066818,-0.2698626220226288,2.0,0.0,-0.0629517063498497,-0.10769282281398773,2,0,1,1,13.10956859588623,0.0,3.663074493408203,13.657339096069336,0.4715519845485687,0.05175008997321129,0.5506759881973267,0.24248209595680237,-0.1565491408109665,0.05175187811255455,-0.10519739240407944,0.048623524606227875,0.0,10.600000381469727,33.900001525878906,23.100000381469727,18.700000762939453,0.0,0.0,0.0,0.30000001192092896,0.30000001192092896,0.30000001192092896,0.30000001192092896
20.15,0,0.19021350145339966,-0.10543175041675568,-0.0040343631990253925,-0.26983633637428284,2.0,0.0,-0.05447562783956528,-0.10772968828678131,2,0,1,1,11.523564338684082,0.0,5.766892910003662,14.346661567687988,0.47155478596687317,0.05175197124481201,0.550675630569458,0.2424861043691635,-0.15654334425926208,0.05174338445067406,-0.10517700761556625,0.04863351210951805,0.0,10.600000381469727,33.900001525878906,23.100000381469727,18.700000762939453,0.0,0.0,0.0,0.30000001192092896,0.30000001192092896,0.30000001192092896,0.30000001192092896
20.2,0,0.19021227955818176,-0.10542363673448563,-0.006707095541059971,-0.26981621980667114,2.0,0.0,-0.061216793954372406,-0.10777487605810165,2,0,1,1,12.46043586730957,0.0,6.10541296005249,13.19237232208252,0.4715540111064911,0.051749829202890396,0.550679624080658,0.24248620867729187,-0.15655145049095154,0.051746588200330734,-0.10515464097261429,0.04863598197698593,0.0,10.600000381469727,33.900001525878906,23.100000381469727,18.700000762939453,0.0,0.0,0.0,0.30000001192092896,0.30000001192092896,0.30000001192092896,0.30000001192092896
20.25,0,0.19023357331752777,-0.10541262477636337,-0.0448606014251709,-0.26981037855148315,2.0,0.0,-0.059950873255729675,-0.10776088386774063,2,0,1,1,12.909114837646484,0.0,3.4956119060516357,14.180419921875,0.47155314683914185,0.051748137921094894,0.5507135987281799,0.242481529712677,-0.15654484927654266,0.051748279482126236,-0.10512490570545197,0.04864158481359482,0.0,10.600000381469727,33.900001525878906,23.100000381469727,18.700000762939453,0.0,0.0,0.0,0.30000001192092896,0.30000001192092896,0.30000001192092896,0.30000001192092896
20.3,0,0.1902390867471695,-0.10542607307434082,-0.011752660386264324,-0.269795298576355,2.0,0.0,-0.05630920082330704,-0.10779386013746262,2,0,1,1,11.69140911102295,0.0,5.042435169219971,14.657958030700684,0.4715498983860016,0.051752787083387375,0.5507261157035828,0.2424977868795395,-0.15651991963386536,0.051733456552028656,-0.10510079562664032,0.04864659905433655,0.0,10.600000381469727,33.900001525878906,23.100000381469727,18.700000762939453,0.0,0.0,0.0,0.30000001192092896,0.30000001192092896,0.30000001192092896,0.30000001192092896
20.35,0,0.19026637077331543,-0.10540717095136642,-0.030095141381025314,-0.2697945833206177,2.0,0.0,-0.056994952261447906,-0.10772054642438889,2,0,1,1,12.663603782653809,0.0,4.25119161605835,14.316326141357422,0.4715414047241211,0.05174925923347473,0.5507805943489075,0.24250784516334534,-0.15645600855350494,0.05171782895922661,-0.1050632894039154,0.04864860326051712,0.0,10.600000381469727,33.900001525878906,23.100000381469727,18.700000762939453,0.0,0.0,0.0,0.30000001192092896,0.30000001192092896,0.30000001192092896,0.30000001192092896
20.4,0,0.190250426530838,-0.10550128668546677,-0.039039287716150284,-0.26976311206817627,2.0,0.0,-0.06335364282131195,-0.10787506401538849,2,0,1,1,12.368096351623535,0.0,3.838911294937134,14.738788604736328,0.471544474363327,0.05174791440367699,0.5507475733757019,0.24255424737930298,-0.15654028952121735,0.051706764847040176,-0.10505834966897964,0.048652246594429016,0.0,10.600000381469727,33.900001525878906,23.100000381469727,18.700000762939453,0.0,0.0,0.0,0.30000001192092896,0.30000001192092896,0.30000001192092896,0.30000001192092896
20.45,0,0.19022656977176666,-0.10550772398710251,0.001461994368582964,-0.26972976326942444,2.0,0.0,-0.06239761784672737,-0.10803233087062836,2,0,1,1,12.455066680908203,0.0,6.700243949890137,14.187833786010742,0.4715487062931061,0.051753852516412735,0.5507296919822693,0.2425745129585266,-0.15652695298194885,0.05167198181152344,-0.10503971576690674,0.04865613207221031,0.0,10.600000381469727,33.900001525878906,23.100000381469727,18.700000762939453,0.0,0.0,0.0,0.30000001192092896,0.30000001192092896,0.30000001192092896,0.30000001192092896
20.5,0,0.19023355841636658,-0.1055835410952568,-0.0005523344734683633,-0.26972150802612305,2.0,0.0,-0.05459815263748169,-0.10808856785297394,2,0,1,1,11.774592399597168,0.0,5.793815612792969,14.377279281616211,0.4715443551540375,0.05175404250621796,0.5507262349128723,0.2426147162914276,-0.15652431547641754,0.05164264515042305,-0.10503245890140533,0.048660095781087875,0.0,10.600000381469727,33.900001525878906,23.100000381469727,18.700000762939453,0.0,0.0,0.0,0.30000001192092896,0.30000001192092896,0.30000001192092896,0.30000001192092896
20.55,0,0.19026051461696625,-0.10566290467977524,-0.0014500801917165518,-0.26970139145851135,2.0,0.0,-0.054195255041122437,-0.10819520801305771,2,0,1,1,12.855408668518066,0.0,6.089614391326904,14.378127098083496,0.47154802083969116,0.0517558790743351,0.5507575869560242,0.2426777482032776,-0.1564941257238388,0.05160517618060112,-0.10498742014169693,0.04866445064544678,0.0,10.600000381469727,33.900001525878906,23.100000381469727,18.700000762939453,0.0,0.0,0.0,0.30000001192092896,0.30000001192092896,0.30000001192092896,0.30000001192092896
20.6,0,0.19025284051895142,-0.10572029650211334,-0.018168210983276367,-0.2696892321109772,2.0,0.0,-0.059282928705215454,-0.10827996581792831,2,0,1,1,12.470355033874512,0.0,4.638528347015381,14.7012357711792,0.47154700756073,0.05175773426890373,0.5507463216781616,0.242714524269104,-0.15652304887771606,0.051574915647506714,-0.10498715192079544,0.04866751283407211,0.0,10.600000381469727,33.900001525878906,23.100000381469727,18.700000762939453,0.0,0.0,0.0,0.30000001192092896,0.30000001192092896,0.30000001192092896,0.30000001192092896
20.65,0,0.19024913012981415,-0.10579846799373627,-0.003258972428739071,-0.2696669101715088,2.0,0.0,-0.055383533239364624,-0.10838662087917328,2,0,1,1,12.068087577819824,0.0,5.713407039642334,14.241251945495605,0.47154462337493896,0.051758844405412674,0.5507292151451111,0.24277518689632416,-0.1565016508102417,0.05152197554707527,-0.10497387498617172,0.048670101910829544,0.0,10.600000381469727,33.900001525878906,23.100000381469727,18.700000762939453,0.0,0.0,0.0,0.30000001192092896,0.30000001192092896,0.30000001192092896,0.30000001192092896
20.7,0,0.19023624062538147,-0.10592102259397507,-0.03544849529862404,-0.2696411907672882,2.0,0.0,-0.06482300907373428,-0.10857891291379929,2,0,1,1,12.757406234741211,0.0,3.553802967071533,15.030021667480469,0.47154486179351807,0.05176040530204773,0.5507163405418396,0.24284066259860992,-0.15658144652843475,0.05148358643054962,-0.1049676463007927,0.04866863414645195,0.0,10.600000381469727,33.900001525878906,23.100000381469727,18.700000762939453,0.0,0.0,0.0,0.30000001192092896,0.30000001192092896,0.30000001192092896,0.30000001192092896
20.75,0,0.19021430611610413,-0.10599391162395477,-0.0011090454645454884,-0.2696101665496826,2.0,0.0,-0.05523538589477539,-0.108708955347538,2,0,1,1,11.486827850341797,0.0,5.659252643585205,14.648512840270996,0.4715389609336853,0.05176385119557381,0.5506910085678101,0.242902934551239,-0.15655817091464996,0.051413752138614655,-0.10495688021183014,0.04867244139313698,0.0,10.600000381469727,33.900001525878906,23.100000381469727,18.700000762939453,0.0,0.0,0.0,0.30000001192092896,0.30000001192092896,0.30000001192092896,0.30000001192092896
20.8,0,0.19020918011665344,-0.1061020940542221,-0.026449579745531082,-0.2695941627025604,2.0,0.0,-0.0581110343337059,-0.10884876549243927,2,0,1,1,11.629863739013672,0.0,4.354832649230957,14.824677467346191,0.4715367555618286,0.05176401883363724,0.5507111549377441,0.24297137558460236,-0.15660013258457184,0.05135868862271309,-0.10494303703308105,0.04867478832602501,0.0,10.600000381469727,33.900001525878906,23.100000381469727,18.700000762939453,0.0,0.0,0.0,0.30000001192092896,0.30000001192092896,0.30000001192092896,0.30000001192092896
20.85,0,0.190215066075325,-0.1061975285410881,-0.0023034699261188507,-0.2695746123790741,2.0,0.0,-0.05532795935869217,-0.10900096595287323,2,0,1,1,11.365901947021484,0.0,5.6359052658081055,14.66154956817627,0.47153425216674805,0.05176640301942825,0.550711452960968,0.24303901195526123,-0.1565590500831604,0.05128433555364609,-0.10492049902677536,0.048680149018764496,0.0,10.600000381469727,33.900001525878906,23.100000381469727,18.700000762939453,0.0,0.0,0.0,0.30000001192092896,0.30000001192092896,0.30000001192092896,0.30000001192092896
20.9,0,0.19022370874881744,-0.1063135415315628,-0.00042726259562186897,-0.2695676386356354,2.0,0.0,-0.055594611912965775,-0.10916503518819809,2,0,1,1,11.486433982849121,0.0,5.900197505950928,14.757841110229492,0.4715310037136078,0.051767099648714066,0.5507363677024841,0.24312017858028412,-0.156551793217659,0.0512101873755455,-0.10490495711565018,0.04868488013744354,0.0,10.600000381469727,33.900001525878906,23.100000381469727,18.700000762939453,0.0,0.0,0.0,0.30000001192092896,0.30000001192092896,0.30000001192092896,0.30000001192092896
20.95,0,0.19023048877716064,-0.10640772432088852,-0.012914499267935753,-0.26955199241638184,2.0,0.0,-0.056841712445020676,-0.10929830372333527,2,0,1,1,11.78987979888916,0.0,5.543357849121094,14.330081939697266,0.4715314507484436,0.05176475644111633,0.5507455468177795,0.2431894838809967,-0.15654033422470093,0.051137566566467285,-0.10488516092300415,0.048691339790821075,0.0,10.600000381469727,33.900001525878906,23.100000381469727,18.700000762939453,0.0,0.0,0.0,0.30000001192092896,0.30000001192092896,0.30000001192092896,0.30000001192092896
21.0,0,0.19024641811847687,-0.10652928054332733,-0.019658390432596207,-0.2695299983024597,2.0,0.0,-0.05816219747066498,-0.1094694435596466,2,0,1,1,12.395296096801758,0.0,5.522501468658447,14.207777976989746,0.47152987122535706,0.05176644027233124,0.5507604479789734,0.24327898025512695,-0.1565098911523819,0.05105603486299515,-0.10485206544399261,0.04869437590241432,0.0,10.600000381469727,33.900001525878906,23.100000381469727,18.700000762939453,0.0,0.0,0.0,0.30000001192092896,0.30000001192092896,0.30000001192092896,0.30000001192092896
21.05,0,0.19022300839424133,-0.10671644657850266,-0.027096210047602654,-0.26949626207351685,3.0,0.0,-0.054972801357507706,-0.10976653546094894,2,0,1,1,12.38965129852295,0.0,4.221456527709961,14.612876892089844,0.4715330898761749,0.05177220702171326,0.5507131218910217,0.2433873414993286,-0.1565699279308319,0.050969552248716354,-0.10485608875751495,0.04869524762034416,0.0,10.600000381469727,33.900001525878906,23.100000381469727,18.700000762939453,0.0,0.0,0.0,0.30000001192092896,0.30000001192092896,0.30000001192092896,0.30000001192092896
21.1,0,0.1882772296667099,-0.0867076963186264,0.5645391941070557,-0.27196192741394043,3.0,0.0,-0.21151010692119598,-0.08753720670938492,2,0,1,1,9.952140808105469,0.0,8.267898559570312,9.278573036193848,0.47147315740585327,0.05144869536161423,0.5520512461662292,0.230927512049675,-0.15130814909934998,0.0508032962679863,-0.10683160275220871,0.0490005798637867,0.0,10.600000381469727,33.900001525878906,23.100000381469727,0.699999988079071,0.0,0.0,0.0,0.30000001192092896,0.30000001192092896,0.30000001192092896,0.30000001192092896
21.15,0,0.1895352154970169,-0.06209756061434746,0.365652859210968,nan,3.0,0.0,-0.19529986381530762,-0.052809420973062515,2,0,1,1,11.12040901184082,0.0,0.0,16.150333404541016,0.47139379382133484,0.05085691437125206,0.5574533343315125,0.214972585439682,-0.13871844112873077,0.05063933506608009,-0.10569657385349274,0.049346793442964554,0.0,10.600000381469727,33.900001525878906,23.100000381469727,0.699999988079071,0.0,0.0,0.0,0.30000001192092896,0.30000001192092896,0.30000001192092896,0.30000001192092896
21.2,0,0.19089683890342712,-0.04795977845788002,0.21026065945625305,nan,3.0,0.0,-0.10637610405683517,-0.032082054764032364,2,0,1,1,10.211669921875,0.0,0.0,15.695977210998535,0.47136619687080383,0.050456926226615906,0.5610736012458801,0.2056800127029419,-0.1299266517162323,0.05042354762554169,-0.10481399297714233,0.04953685402870178,0.0,10.600000381469727,33.900001525878906,23.100000381469727,0.699999988079071,0.0,0.0,0.0,0.30000001192092896,0.30000001192092896,0.30000001192092896,0.30000001192092896
21.25,0,0.19167056679725647,-0.03976187855005264,0.08666122704744339,nan,3.0,0.0,-0.055916015058755875,-0.020252708345651627,2,0,1,1,10.435027122497559,0.0,0.3798374533653259,15.659977912902832,0.47135716676712036,0.05021290108561516,0.5630899667739868,0.20027728378772736,-0.12464440613985062,0.050265420228242874,-0.10428979992866516,0.04963107034564018,0.0,10.600000381469727,33.900001525878906,23.100000381469727,0.699999988079071,0.0,0.0,0.0,0.30000001192092896,0.30000001192092896,0.30000001192092896,0.30000001192092896
21.3,0,0.1920720934867859,-0.0349326953291893,0.06713108718395233,nan,3.0,0.0,-0.02810700610280037,-0.013417007401585579,2,0,1,1,9.755669593811035,0.0,1.364304780960083,15.515848159790039,0.471362829208374,0.05006236955523491,0.5642173290252686,0.19709695875644684,-0.1213887482881546,0.050124526023864746,-0.10398904979228973,0.04967929795384407,0.0,10.600000381469727,33.900001525878906,23.100000381469727,0.699999988079071,0.0,0.0,0.0,0.30000001192092896,0.30000001192092896,0.30000001192092896,0.30000001192092896
21.35,0,0.19230923056602478,-0.03204666078090668,0.034676145762205124,nan,3.0,0.0,-0.009621669538319111,-0.009401742368936539,2,0,1,1,9.776200294494629,0.0,1.2437493801116943,15.299492835998535,0.4713614583015442,0.04996540769934654,0.5648914575576782,0.1951957643032074,-0.1194261908531189,0.05001003295183182,-0.10377835482358932,0.04971863701939583,0.0,10.600000381469727,33.900001525878906,23.100000381469727,0.699999988079071,0.0,0.0,0.0,0.30000001192092896,0.30000001192092896,0.30000001192092896,0.30000001192092896
21.4,0,0.19244714081287384,-0.030300181359052658,-0.00024128756194841117,nan,3.0,0.0,-0.005198515485972166,-0.0070055630058050156,2,0,1,1,9.822322845458984,0.0,1.3676398992538452,15.021095275878906,0.47136372327804565,0.049905262887477875,0.5653096437454224,0.19404500722885132,-0.11825761944055557,0.04992421343922615,-0.1036323681473732,0.04973824694752693,0.0,10.600000381469727,33.900001525878906,23.100000381469727,0.699999988079071,0.0,0.0,0.0,0.30000001192092896,0.30000001192092896,0.30000001192092896,0.30000001192092896
21.45,0,0.19254794716835022,-0.02928711101412773,-0.01946951448917389,nan,3.0,0.0,-0.006957011763006449,-0.00551409600302577,2,0,1,1,10.088414192199707,0.0,1.4938186407089233,14.937674522399902,0.471353679895401,0.04987010732293129,0.5655782222747803,0.1933959573507309,-0.11750400811433792,0.04985892400145531,-0.10354052484035492,0.04973567649722099,0.0,10.600000381469727,33.900001525878906,23.100000381469727,0.699999988079071,0.0,0.0,0.0,0.30000001192092896,0.30000001192092896,0.30000001192092896,0.30000001192092896
21.5,0,0.19269469380378723,-0.028680801391601562,-0.02334810420870781,nan,3.0,0.0,-0.006250078324228525,-0.004564766306430101,2,0,1,1,10.029953956604004,0.0,1.4893563985824585,14.94667911529541,0.47136983275413513,0.049837060272693634,0.5658541917800903,0.19302776455879211,-0.11688532680273056,0.049768418073654175,-0.1034230887889862,0.04975693300366402,0.0,10.600000381469727,33.900001525878906,23.100000381469727,0.699999988079071,0.0,0.0,0.0,0.30000001192092896,0.30000001192092896,0.30000001192092896,0.30000001192092896
21.55,0,0.1928887665271759,-0.028302213177084923,-0.026676226407289505,nan,3.0,0.0,-0.006339340470731258,-0.0037629054859280586,2,0,1,1,10.377680778503418,0.0,1.5834676027297974,15.227311134338379,0.47136980295181274,0.04981248080730438,0.5661380290985107,0.19280719757080078,-0.1162961795926094,0.049684517085552216,-0.10330512374639511,0.0497673824429512,0.0,10.600000381469727,33.900001525878906,23.100000381469727,0.699999988079071,0.0,0.0,0.0,0.30000001192092896,0.30000001192092896,0.30000001192092896,0.30000001192092896
21.6,0,0.19310981035232544,-0.028080973774194717,-0.027429483830928802,nan,3.0,0.0,-0.006255007814615965,-0.0031433647964149714,2,0,1,1,10.637226104736328,0.0,1.6304006576538086,15.427725791931152,0.47136858105659485,0.04979084059596062,0.5664368271827698,0.19268809258937836,-0.11574149131774902,0.049593955278396606,-0.10316794365644455,0.0497821681201458,0.0,10.600000381469727,33.900001525878906,23.100000381469727,0.699999988079071,0.0,0.0,0.0,0.30000001192092896,0.30000001192092896,0.30000001192092896,0.30000001192092896
21.65,0,0.1932845115661621,-0.02795497514307499,-0.06023404002189636,nan,3.0,0.0,-0.009936429560184479,-0.002762365620583296,2,0,1,1,11.232171058654785,0.0,0.34638020396232605,15.323058128356934,0.4713613986968994,0.04977639392018318,0.5666745901107788,0.19263051450252533,-0.11533099412918091,0.049505267292261124,-0.10303715616464615,0.049795541912317276,0.0,10.600000381469727,33.900001525878906,23.100000381469727,0.699999988079071,0.0,0.0,0.0,0.30000001192092896,0.30000001192092896,0.30000001192092896,0.30000001192092896
21.7,0,0.19343368709087372,-0.02793019823729992,-0.060204051434993744,nan,3.0,0.0,-0.011705286800861359,-0.0025439367163926363,2,0,1,1,12.05476188659668,0.0,0.0,15.512974739074707,0.47136232256889343,0.04976258799433708,0.5668620467185974,0.19262880086898804,-0.11502658575773239,0.04941832274198532,-0.10291893780231476,0.04980367422103882,0.0,10.600000381469727,33.900001525878906,23.100000381469727,0.699999988079071,0.0,0.0,0.0,0.30000001192092896,0.30000001192092896,0.30000001192092896,0.30000001192092896
21.75,0,0.1935630738735199,-0.02801799401640892,-0.06105127930641174,nan,3.0,0.0,-0.012904581613838673,-0.002517197048291564,2,0,1,1,12.362410545349121,0.0,0.0,15.490344047546387,0.4713638424873352,0.049754731357097626,0.5670139193534851,0.19270868599414825,-0.11477769166231155,0.04931563884019852,-0.10280513018369675,0.0498134046792984,0.0,10.600000381469727,33.900001525878906,23.100000381469727,0.699999988079071,0.0,0.0,0.0,0.30000001192092896,0.30000001192092896,0.30000001192092896,0.30000001192092896
21.8,0,0.19365194439888,-0.02813996560871601,-0.09490986913442612,nan,3.0,0.0,-0.01990417018532753,-0.0026163500733673573,2,0,1,1,12.34627914428711,0.0,0.0,14.842970848083496,0.4713599383831024,0.04975103959441185,0.5671172738075256,0.19282755255699158,-0.11457256227731705,0.04920331388711929,-0.10270316898822784,0.04982051998376846,0.0,10.600000381469727,33.900001525878906,23.100000381469727,0.699999988079071,0.0,0.0,0.0,0.30000001192092896,0.30000001192092896,0.30000001192092896,0.30000001192092896
21.85,0,0.1936791092157364,-0.028186967596411705,-0.07426437735557556,nan,3.0,0.0,-0.015131757594645023,-0.0027226314414292574,2,0,1,1,11.47419261932373,0.0,2.0086143016815186,14.2615966796875,0.4713563919067383,0.049745865166187286,0.567161500453949,0.19288372993469238,-0.11442619562149048,0.04909754917025566,-0.10262009501457214,0.049824200570583344,0.0,10.600000381469727,33.900001525878906,23.100000381469727,0.699999988079071,0.0,0.0,0.0,0.30000001192092896,0.30000001192092896,0.30000001192092896,0.30000001192092896
21.9,0,0.1937435120344162,-0.028362419456243515,-0.07087284326553345,nan,3.0,0.0,-0.01636018045246601,-0.0029221861623227596,2,0,1,1,12.420373916625977,0.0,1.101861834526062,14.893486976623535,0.47136616706848145,0.049740370362997055,0.5672410726547241,0.1930149346590042,-0.11434339731931686,0.0489785261452198,-0.10252219438552856,0.04983700439333916,0.0,10.600000381469727,33.900001525878906,23.100000381469727,0.699999988079071,0.0,0.0,0.0,0.30000001192092896,0.30000001192092896,0.30000001192092896,0.30000001192092896
21.95,0,0.19378122687339783,-0.028112929314374924,-0.035255953669548035,nan,3.0,0.0,-0.008752848953008652,-0.002655408810824156,2,0,1,1,10.635102272033691,0.0,2.2224512100219727,15.220780372619629,0.47136974334716797,0.049724675714969635,0.5673334002494812,0.192886620759964,-0.11425075680017471,0.04908261448144913,-0.1024191677570343,0.04984546825289726,0.0,10.600000381469727,33.900001525878906,23.100000381469727,0.699999988079071,0.0,0.0,0.0,0.30000001192092896,0.30000001192092896,0.30000001192092896,0.30000001192092896
22.0,0,0.1938573569059372,-0.02792518585920334,-0.02636035718023777,nan,3.0,0.0,-0.007383436430245638,-0.0023888153955340385,2,0,1,1,11.245089530944824,0.0,2.248748540878296,15.093507766723633,0.47137486934661865,0.04971151426434517,0.5674675107002258,0.1927749663591385,-0.1141798198223114,0.04919351637363434,-0.10231074690818787,0.049853794276714325,0.0,10.600000381469727,33.900001525878906,23.100000381469727,0.699999988079071,0.0,0.0,0.0,0.30000001192092896,0.30000001192092896,0.30000001192092896,0.30000001192092896
22.05,0,0.19389186799526215,-0.02769138291478157,-0.06303483247756958,nan,3.0,0.0,-0.014932270161807537,-0.0020756518933922052,2,0,1,1,11.054368019104004,0.0,0.8928179144859314,15.495095252990723,0.47136667370796204,0.049698781222105026,0.5675649642944336,0.1926301270723343,-0.11415202915668488,0.04929833114147186,-0.1022234708070755,0.049857474863529205,0.0,10.600000381469727,33.900001525878906,23.100000381469727,0.699999988079071,0.0,0.0,0.0,0.30000001192092896,0.30000001192092896,0.30000001192092896,0.30000001192092896
22.1,0,0.19391696155071259,-0.02749193273484707,-0.03977222740650177,nan,3.0,0.0,-0.011179428547620773,-0.0018892936641350389,2,0,1,1,11.500459671020508,0.0,2.0622661113739014,15.086480140686035,0.47137734293937683,0.04968691244721413,0.5676323771476746,0.19252415001392365,-0.11410532891750336,0.049386512488126755,-0.10213465988636017,0.04986688122153282,0.0,10.600000381469727,33.900001525878906,23.100000381469727,0.699999988079071,0.0,0.0,0.0,0.30000001192092896,0.30000001192092896,0.30000001192092896,0.30000001192092896
22.15,0,0.19394050538539886,-0.027354327961802483,-0.03681757673621178,nan,3.0,0.0,-0.009730512276291847,-0.0017499036621302366,2,0,1,1,11.987342834472656,0.0,1.9655946493148804,15.405242919921875,0.4713711738586426,0.049677349627017975,0.5676935911178589,0.1924516260623932,-0.11411872506141663,0.04948464035987854,-0.10205066204071045,0.04987072944641113,0.0,10.600000381469727,33.900001525878906,23.100000381469727,0.699999988079071,0.0,0.0,0.0,0.30000001192092896,0.30000001192092896,0.30000001192092896,0.30000001192092896
22.2,0,0.1939791589975357,-0.02724241279065609,-0.04399953782558441,nan,3.0,0.0,-0.011475447565317154,-0.0016277505783364177,2,0,1,1,11.301214218139648,0.0,1.2847710847854614,15.505515098571777,0.4713726341724396,0.049665991216897964,0.5677779912948608,0.1924012154340744,-0.11412768065929413,0.04957371950149536,-0.10195817053318024,0.04987633228302002,0.0,10.600000381469727,33.900001525878906,23.100000381469727,0.699999988079071,0.0,0.0,0.0,0.30000001192092896,0.30000001192092896,0.30000001192092896,0.30000001192092896
22.25,0,0.19403518736362457,-0.027061376720666885,-0.07394993305206299,nan,3.0,0.0,-0.016375765204429626,-0.0013630740577355027,2,0,1,1,11.554454803466797,0.0,0.6098411679267883,15.34220027923584,0.4713726341724396,0.04965140298008919,0.5679011344909668,0.1922985166311264,-0.11406087130308151,0.04964211955666542,-0.10185305774211884,0.04988503456115723,0.0,10.600000381469727,33.900001525878906,23.100000381469727,0.699999988079071,0.0,0.0,0.0,0.30000001192092896,0.30000001192092896,0.30000001192092896,0.30000001192092896
22.3,0,0.19405855238437653,-0.026913173496723175,-0.03476856276392937,nan,3.0,0.0,-0.008734853938221931,-0.001256123767234385,2,0,1,1,10.995545387268066,0.0,2.4572250843048096,15.344793319702148,0.47138217091560364,0.04963769391179085,0.5679644346237183,0.19222037494182587,-0.11401163786649704,0.04970346391201019,-0.10176724940538406,0.04989215359091759,0.0,10.600000381469727,33.900001525878906,23.100000381469727,0.699999988079071,0.0,0.0,0.0,0.30000001192092896,0.30000001192092896,0.30000001192092896,0.30000001192092896
22.35,0,0.1940939724445343,-0.026822807267308235,-0.05736754462122917,nan,3.0,0.0,-0.014316908083856106,-0.0011565691092982888,2,0,1,1,11.49268627166748,0.0,0.931738018989563,15.46706485748291,0.4713772237300873,0.04962765425443649,0.5680350661277771,0.19216866791248322,-0.11402267217636108,0.04977702721953392,-0.10168056190013885,0.049893058836460114,0.0,10.600000381469727,33.900001525878906,23.100000381469727,0.699999988079071,0.0,0.0,0.0,0.30000001192092896,0.30000001192092896,0.30000001192092896,0.30000001192092896
22.4,0,0.19414955377578735,-0.02669428661465645,-0.05468639358878136,nan,3.0,0.0,-0.013047980144619942,-0.0009944423800334334,2,0,1,1,11.183683395385742,0.0,1.5710647106170654,15.658275604248047,0.47138532996177673,0.04961206391453743,0.5681431889533997,0.1921076476573944,-0.11394449323415756,0.049822330474853516,-0.10156706720590591,0.049902353435754776,0.0,10.600000381469727,33.900001525878906,23.100000381469727,0.699999988079071,0.0,0.0,0.0,0.30000001192092896,0.30000001192092896,0.30000001192092896,0.30000001192092896
22.45,0,0.19417500495910645,-0.02657482773065567,-0.07415606081485748,nan,3.0,0.0,-0.018596526235342026,-0.0008358560735359788,2,0,1,1,12.204360008239746,0.0,0.9680719971656799,15.228169441223145,0.47138065099716187,0.04960327595472336,0.568211019039154,0.19203297793865204,-0.1139192208647728,0.04987509921193123,-0.10150232911109924,0.0499030277132988,0.0,10.600000381469727,33.900001525878906,23.100000381469727,0.699999988079071,0.0,0.0,0.0,0.30000001192092896,0.30000001192092896,0.30000001192092896,0.30000001192092896
22.5,0,0.19421516358852386,-0.026502175256609917,-0.05102948099374771,nan,3.0,0.0,-0.010587673634290695,-0.0007601359393447638,2,0,1,1,11.698612213134766,0.0,2.4330663681030273,14.973008155822754,0.4713800847530365,0.04959297552704811,0.5682918429374695,0.1920076161623001,-0.11386097222566605,0.04990675672888756,-0.10141018033027649,0.04991454258561134,0.0,10.600000381469727,33.900001525878906,23.100000381469727,0.699999988079071,0.0,0.0,0.0,0.30000001192092896,0.30000001192092896,0.30000001192092896,0.30000001192092896
22.55,0,0.19426363706588745,-0.02645096369087696,-0.03573302924633026,nan,3.0,0.0,-0.008823981508612633,-0.0007234783261083066,2,0,1,1,11.378361701965332,0.0,2.419431447982788,15.446892738342285,0.4713931083679199,0.049579866230487823,0.5683699250221252,0.19198694825172424,-0.11382830888032913,0.04994487389922142,-0.101320780813694,0.049918435513973236,0.0,10.600000381469727,33.900001525878906,23.100000381469727,0.699999988079071,0.0,0.0,0.0,0.30000001192092896,0.30000001192092896,0.30000001192092896,0.30000001192092896
22.6,0,0.19430392980575562,-0.026419416069984436,-0.05656089261174202,nan,3.0,0.0,-0.016352389007806778,-0.000684306665789336,2,0,1,1,12.379945755004883,0.0,0.0,15.824708938598633,0.4713916480541229,0.04957028850913048,0.5684522390365601,0.19196918606758118,-0.11386491358280182,0.0499805323779583,-0.1012270599603653,0.04992212727665901,0.0,10.600000381469727,33.900001525878906,23.100000381469727,0.699999988079071,0.0,0.0,0.0,0.30000001192092896,0.30000001192092896,0.30000001192092896,0.30000001192092896
22.65,0,0.19431200623512268,-0.026426877826452255,-0.08050356060266495,nan,3.0,0.0,-0.023014981299638748,-0.0007395973079837859,2,0,1,1,11.230429649353027,0.0,0.0,15.510025978088379,0.4713878929615021,0.04956786707043648,0.5684667229652405,0.19199049472808838,-0.11386872082948685,0.05001015588641167,-0.1011613979935646,0.04991927742958069,0.0,10.600000381469727,33.900001525878906,23.100000381469727,0.699999988079071,0.0,0.0,0.0,0.30000001192092896,0.30000001192092896,0.30000001192092896,0.30000001192092896
22.7,0,0.19438113272190094,-0.02641645260155201,-0.05869673192501068,nan,3.0,0.0,-0.014372624456882477,-0.0007349460502155125,2,0,1,1,12.82622241973877,0.0,0.0,15.904386520385742,0.47139304876327515,0.04955735802650452,0.5685945153236389,0.1920076161623001,-0.11382351815700531,0.05001894757151604,-0.10105602443218231,0.04992948845028877,0.0,10.600000381469727,33.900001525878906,23.100000381469727,0.699999988079071,0.0,0.0,0.0,0.30000001192092896,0.30000001192092896,0.30000001192092896,0.30000001192092896
22.75,0,0.1943756341934204,-0.02641100063920021,-0.07147197425365448,nan,3.0,0.0,-0.015682879835367203,-0.0008412746246904135,2,0,1,1,12.185175895690918,0.0,1.5452779531478882,14.683247566223145,0.47139155864715576,0.049551405012607574,0.5686004757881165,0.19202958047389984,-0.11381824314594269,0.05002579465508461,-0.1009870320558548,0.04993490129709244,0.0,10.600000381469727,33.900001525878906,23.100000381469727,0.699999988079071,0.0,0.0,0.0,0.30000001192092896,0.30000001192092896,0.30000001192092896,0.30000001192092896
22.8,0,0.1944262683391571,-0.02645529992878437,-0.07390281558036804,nan,3.0,0.0,-0.018947143107652664,-0.0008767842664383352,2,0,1,1,12.356584548950195,0.0,1.0494939088821411,14.703934669494629,0.4713901877403259,0.04954241216182709,0.5686736702919006,0.19206982851028442,-0.11379653215408325,0.05002853646874428,-0.10089928656816483,0.04993849992752075,0.0,10.600000381469727,33.900001525878906,23.100000381469727,0.699999988079071,0.0,0.0,0.0,0.30000001192092896,0.30000001192092896,0.30000001192092896,0.30000001192092896
22.85,0,0.19444075226783752,-0.026405001059174538,-0.03435421735048294,nan,3.0,0.0,-0.01026625744998455,-0.000866553804371506,2,0,1,1,11.930963516235352,0.0,3.161875009536743,14.551212310791016,0.4713919162750244,0.04953348636627197,0.5687162280082703,0.1920488476753235,-0.11371242254972458,0.05001968890428543,-0.10082154721021652,0.049936097115278244,0.0,10.600000381469727,33.900001525878906,23.100000381469727,0.699999988079071,0.0,0.0,0.0,0.30000001192092896,0.30000001192092896,0.30000001192092896,0.30000001192092896
22.9,0,0.19450728595256805,-0.026446154341101646,-0.04879635572433472,nan,3.0,0.0,-0.013031919486820698,-0.0009037821437232196,2,0,1,1,11.649130821228027,0.0,1.740808367729187,15.722160339355469,0.47140926122665405,0.04951828718185425,0.5688043236732483,0.19208326935768127,-0.1136796846985817,0.050007060170173645,-0.10072731226682663,0.04994447901844978,0.0,10.600000381469727,33.900001525878906,23.100000381469727,0.699999988079071,0.0,0.0,0.0,0.2999999523162842,0.30000001192092896,0.30000001192092896,0.30000001192092896
22.95,0,0.19455091655254364,-0.026432175189256668,-0.09097646921873093,nan,3.0,0.0,-0.019363917410373688,-0.0008927618036977947,2,0,1,1,13.2018404006958,0.0,0.0,15.013084411621094,0.4714071750640869,0.049507658928632736,0.5688889622688293,0.1920929104089737,-0.11363040655851364,0.049986425787210464,-0.10063324868679047,0.04995197057723999,0.0,10.600000381469727,33.900001525878906,23.100000381469727,0.699999988079071,0.0,0.0,0.0,0.2999999523162842,0.30000001192092896,0.30000001192092896,0.30000001192092896
23.0,0,0.19460368156433105,-0.02648652158677578,-0.0667620375752449,nan,3.0,0.0,-0.014312821440398693,-0.0009369751205667853,2,0,1,1,13.301040649414062,0.0,0.0,15.702169418334961,0.4714089035987854,0.04949970915913582,0.5689734220504761,0.1921469122171402,-0.11358769983053207,0.04996408894658089,-0.1005350649356842,0.04994921386241913,0.0,10.600000381469727,33.900001525878906,23.100000381469727,0.699999988079071,0.0,0.0,0.0,0.2999999523162842,0.30000001192092896,0.30000001192092896,0.30000001192092896
23.05,0,0.19459347426891327,-0.026584673672914505,-0.04516390338540077,nan,3.0,0.0,-0.012573076412081718,-0.0011445763520896435,2,0,1,1,11.446825981140137,0.0,2.4184765815734863,15.484119415283203,0.4714154601097107,0.049495015293359756,0.5689611434936523,0.1922205239534378,-0.11358244717121124,0.04992521181702614,-0.10048408806324005,0.049951910972595215,0.0,10.600000381469727,33.900001525878906,23.100000381469727,0.699999988079071,0.0,0.0,0.0,0.2999999523162842,0.30000001192092896,0.30000001192092896,0.30000001192092896
23.1,0,0.194602832198143,-0.026624182239174843,-0.09732207655906677,nan,3.0,0.0,-0.021180368959903717,-0.0012606941163539886,2,0,1,1,12.78444766998291,0.0,0.6243693232536316,14.820103645324707,0.47141435742378235,0.04948907345533371,0.5689963698387146,0.19226199388504028,-0.11358457803726196,0.04988492280244827,-0.10040571540594101,0.049958840012550354,0.0,10.600000381469727,33.900001525878906,23.100000381469727,0.699999988079071,0.0,0.0,0.0,0.2999999523162842,0.30000001192092896,0.30000001192092896,0.30000001192092896
23.15,0,0.19461891055107117,-0.026734644547104836,-0.03994206339120865,nan,3.0,0.0,-0.009237256832420826,-0.00145089125726372,2,0,1,1,11.697726249694824,0.0,2.4283807277679443,15.611553192138672,0.4714239537715912,0.04948188364505768,0.5690140724182129,0.19234973192214966,-0.11356069892644882,0.04983576759696007,-0.10033757239580154,0.04995813965797424,0.0,10.600000381469727,33.900001525878906,23.100000381469727,0.699999988079071,0.0,0.0,0.0,0.2999999523162842,0.30000001192092896,0.30000001192092896,0.30000001192092896
23.2,0,0.19465240836143494,-0.026890495792031288,-0.05829280987381935,nan,3.0,0.0,-0.014367281459271908,-0.001681370660662651,2,0,1,1,11.435460090637207,0.0,1.97935950756073,15.604052543640137,0.4714246392250061,0.04947739839553833,0.5690526962280273,0.1924709677696228,-0.11356089264154434,0.04978109523653984,-0.10026030987501144,0.04995850473642349,0.0,10.600000381469727,33.900001525878906,23.100000381469727,0.699999988079071,0.0,0.0,0.0,0.2999999523162842,0.30000001192092896,0.30000001192092896,0.30000001192092896
23.25,0,0.19471119344234467,-0.027021082118153572,-0.055118463933467865,nan,3.0,0.0,-0.016024282202124596,-0.0018191460985690355,2,0,1,1,12.429156303405762,0.0,0.8232635259628296,15.449349403381348,0.4714314639568329,0.049468036741018295,0.5691270232200623,0.19255900382995605,-0.1134936735033989,0.04971524327993393,-0.10016922652721405,0.04996199160814285,0.0,10.600000381469727,33.900001525878906,23.100000381469727,0.699999988079071,0.0,0.0,0.0,0.2999999523162842,0.30000001192092896,0.30000001192092896,0.30000001192092896
23.3,0,0.19475145637989044,-0.027103373780846596,-0.08359406888484955,nan,3.0,0.0,-0.018965261057019234,-0.0019199505914002657,2,0,1,1,13.152624130249023,0.0,0.0,15.245965003967285,0.47142893075942993,0.04946096986532211,0.5691993832588196,0.1926284283399582,-0.11345338821411133,0.04964921623468399,-0.1000804603099823,0.04996458813548088,0.0,10.600000381469727,33.900001525878906,23.100000381469727,0.699999988079071,0.0,0.0,0.0,0.2999999523162842,0.30000001192092896,0.30000001192092896,0.30000001192092896
23.35,0,0.19475214183330536,-0.027256641536951065,-0.05980602651834488,nan,3.0,0.0,-0.014063575305044651,-0.0022486322559416294,2,0,1,1,12.21161937713623,0.0,1.285779356956482,14.768856048583984,0.47142407298088074,0.04945886880159378,0.5691949725151062,0.1927686631679535,-0.11347512900829315,0.0496056005358696,-0.10001566261053085,0.049965593963861465,0.0,10.600000381469727,33.900001525878906,23.100000381469727,0.699999988079071,0.0,0.0,0.0,0.2999999523162842,0.30000001192092896,0.30000001192092896,0.30000001192092896
23.4,0,0.19478076696395874,-0.02705998159945011,-0.06850749999284744,nan,3.0,0.0,-0.017166398465633392,-0.001976550789549947,2,0,1,1,11.86125373840332,0.0,0.5358659029006958,15.652424812316895,0.4714334309101105,0.04944031685590744,0.569281816482544,0.19263596832752228,-0.11344161629676819,0.04968118667602539,-0.09992865473031998,0.04996472969651222,0.0,10.600000381469727,33.900001525878906,23.100000381469727,0.699999988079071,0.0,0.0,0.0,0.2999999523162842,0.30000001192092896,0.30000001192092896,0.30000001192092896
23.45,0,0.1948450654745102,-0.026903679594397545,-0.08208079636096954,nan,3.0,0.0,-0.019642885774374008,-0.0017663288163021207,2,0,1,1,11.64968204498291,0.0,0.27234694361686707,15.210282325744629,0.4714405834674835,0.049422457814216614,0.5694176554679871,0.19254359602928162,-0.11337477713823318,0.04974125325679779,-0.09982572495937347,0.04997069388628006,0.0,10.600000381469727,33.900001525878906,23.100000381469727,0.699999988079071,0.0,0.0,0.0,0.2999999523162842,0.30000001192092896,0.30000001192092896,0.30000001192092896
23.5,0,0.19486305117607117,-0.026785967871546745,-0.054908864200115204,nan,3.0,0.0,-0.01325214747339487,-0.0016501619247719646,2,0,1,1,11.776556968688965,0.0,1.605102777481079,15.254969596862793,0.4714452922344208,0.04940717667341232,0.5694735050201416,0.19247028231620789,-0.11335276812314987,0.049801308661699295,-0.09974632412195206,0.04996969923377037,0.0,10.600000381469727,33.900001525878906,23.100000381469727,0.699999988079071,0.0,0.0,0.0,0.2999999523162842,0.30000001192092896,0.30000001192092896,0.30000001192092896
23.55,0,0.19490104913711548,-0.026638155803084373,-0.08635886758565903,nan,3.0,0.0,-0.020018775016069412,-0.0014990775380283594,2,0,1,1,12.461499214172363,0.0,0.07448404282331467,15.231402397155762,0.47145092487335205,0.04938896372914314,0.569573163986206,0.19237929582595825,-0.11333146691322327,0.04985002428293228,-0.09964891523122787,0.049976300448179245,0.0,10.600000381469727,33.900001525878906,23.100000381469727,0.699999988079071,0.0,0.0,0.0,0.2999999523162842,0.30000001192092896,0.30000001192092896,0.30000001192092896
23.6,0,0.1949438452720642,-0.026577524840831757,-0.04214141517877579,nan,3.0,0.0,-0.01570264808833599,-0.0014430690789595246,2,0,1,1,12.736281394958496,0.0,0.0,16.07547378540039,0.47145840525627136,0.049374114722013474,0.5696724057197571,0.19232816994190216,-0.11332215368747711,0.04990115761756897,-0.09956178069114685,0.04997608810663223,0.0,10.600000381469727,33.900001525878906,23.100000381469727,0.699999988079071,0.0,0.0,0.0,0.2999999523162842,0.30000001192092896,0.30000001192092896,0.30000001192092896
23.65,0,0.1949758380651474,-0.02650582417845726,-0.033195558935403824,nan,3.0,0.0,-0.009188016876578331,-0.00138076429720968,2,0,1,1,12.113897323608398,0.0,2.3468282222747803,15.279974937438965,0.4714617133140564,0.04936175048351288,0.569736659526825,0.1923077553510666,-0.11327110975980759,0.0499393530189991,-0.09947831183671951,0.04997675493359566,0.0,10.600000381469727,33.900001525878906,23.100000381469727,0.699999988079071,0.0,0.0,0.0,0.30000001192092896,0.30000001192092896,0.30000001192092896,0.30000001192092896
23.7,0,0.19499850273132324,-0.026453649625182152,-0.07445358484983444,nan,3.0,0.0,-0.01847732439637184,-0.0013375477865338326,2,0,1,1,12.03890323638916,0.0,0.7693572044372559,15.376327514648438,0.4714612364768982,0.049349669367074966,0.5698080658912659,0.19228586554527283,-0.11329668760299683,0.049979742616415024,-0.09939150512218475,0.049972351640462875,0.0,10.600000381469727,33.900001525878906,23.100000381469727,0.699999988079071,0.0,0.0,0.0,0.30000001192092896,0.30000001192092896,0.30000001192092896,0.30000001192092896
23.75,0,0.19502221047878265,-0.026364857330918312,-0.061896584928035736,nan,3.0,0.0,-0.022959094494581223,-0.0012944156769663095,2,0,1,1,13.152055740356445,0.0,0.0,15.760254859924316,0.47147390246391296,0.049331095069646835,0.5698841214179993,0.19221559166908264,-0.11332577466964722,0.0500069186091423,-0.09930479526519775,0.04997679963707924,0.0,10.600000381469727,33.900001525878906,23.100000381469727,0.699999988079071,0.0,0.0,0.0,0.30000001192092896,0.30000001192092896,0.30000001192092896,0.30000001192092896
23.8,0,0.19503074884414673,-0.0263364240527153,-0.08245940506458282,nan,3.0,0.0,-0.01892777532339096,-0.0013302251463755965,2,0,1,1,11.668868064880371,0.0,0.6874495148658752,14.861702919006348,0.47147631645202637,0.04932115599513054,0.5699379444122314,0.19221293926239014,-0.11330975592136383,0.05001869425177574,-0.09923308342695236,0.049982279539108276,0.0,10.600000381469727,33.900001525878906,23.100000381469727,0.699999988079071,0.0,0.0,0.0,0.30000001192092896,0.30000001192092896,0.30000001192092896,0.30000001192092896
23.85,0,0.195073202252388,-0.026315510272979736,-0.03115963190793991,nan,3.0,0.0,-0.007428031414747238,-0.0013307519257068634,2,0,1,1,11.861517906188965,0.0,2.3959364891052246,15.233149528503418,0.47148874402046204,0.04930446296930313,0.5700080394744873,0.1922067254781723,-0.1132471114397049,0.05002665892243385,-0.0991457849740982,0.04998316243290901,0.0,10.600000381469727,33.900001525878906,23.100000381469727,0.699999988079071,0.0,0.0,0.0,0.30000001192092896,0.30000001192092896,0.30000001192092896,0.30000001192092896
23.9,0,0.19510991871356964,-0.026329096406698227,-0.05253042280673981,nan,3.0,0.0,-0.012991111725568771,-0.0013968459097668529,2,0,1,1,12.14578914642334,0.0,1.5476175546646118,15.217400550842285,0.4714958667755127,0.049292612820863724,0.5700709819793701,0.19223704934120178,-0.11324852705001831,0.05003641918301582,-0.09906018525362015,0.04997973516583443,0.0,10.600000381469727,33.900001525878906,23.100000381469727,0.699999988079071,0.0,0.0,0.0,0.30000001192092896,0.30000001192092896,0.30000001192092896,0.30000001192092896
23.95,0,0.1951303333044052,-0.026284795254468918,-0.08651115745306015,nan,3.0,0.0,-0.020464859902858734,-0.0013592912582680583,2,0,1,1,12.07140827178955,0.0,0.0,15.446455955505371,0.4714932441711426,0.04927816987037659,0.5701318383216858,0.19220727682113647,-0.11324398219585419,0.05003899708390236,-0.09897536039352417,0.049979958683252335,0.0,10.600000381469727,33.900001525878906,23.100000381469727,0.699999988079071,0.0,0.0,0.0,0.30000001192092896,0.30000001192092896,0.30000001192092896,0.30000001192092896
24.0,0,0.19515739381313324,-0.026298178359866142,-0.09207993000745773,nan,3.0,0.0,-0.019998548552393913,-0.0014617909910157323,2,0,1,1,12.999407768249512,0.0,0.14110934734344482,14.846648216247559,0.47149908542633057,0.04926477372646332,0.5701873898506165,0.19222860038280487,-0.11322801560163498,0.050026215612888336,-0.09888941049575806,0.049983300268650055,0.0,10.600000381469727,33.900001525878906,23.100000381469727,0.699999988079071,0.0,0.0,0.0,0.30000001192092896,0.30000001192092896,0.30000001192092896,0.30000001192092896
24.05,0,0.19518309831619263,-0.026352180168032646,-0.04870908707380295,nan,3.0,0.0,-0.016376610845327377,-0.001536638243123889,2,0,1,1,11.990865707397461,0.0,1.1673667430877686,15.643692016601562,0.4715060591697693,0.04925048351287842,0.5702335238456726,0.19226013123989105,-0.11320634931325912,0.05000777542591095,-0.09881149977445602,0.04998259246349335,0.0,10.600000381469727,33.900001525878906,23.100000381469727,0.699999988079071,0.0,0.0,0.0,0.30000001192092896,0.30000001192092896,0.30000001192092896,0.30000001192092896
24.1,0,0.19521288573741913,-0.026357945054769516,-0.04020930454134941,nan,3.0,0.0,-0.011492177844047546,-0.0015831300988793373,2,0,1,1,12.389214515686035,0.0,1.3026362657546997,15.574684143066406,0.47152161598205566,0.049233756959438324,0.570293128490448,0.19227704405784607,-0.11316630989313126,0.04998279735445976,-0.09872967004776001,0.04998286813497543,0.0,10.600000381469727,33.900001525878906,23.100000381469727,0.699999988079071,0.0,0.0,0.0,0.30000001192092896,0.30000001192092896,0.30000001192092896,0.30000001192092896
24.15,0,0.19524994492530823,-0.026380011811852455,-0.07047630846500397,nan,3.0,0.0,-0.015303656458854675,-0.0016265246085822582,2,0,1,1,11.74563980102539,0.0,1.5984892845153809,15.185039520263672,0.47151726484298706,0.0492231510579586,0.5703777074813843,0.19230738282203674,-0.11311528086662292,0.049953266978263855,-0.0986347496509552,0.04997759684920311,0.0,10.600000381469727,33.900001525878906,23.100000381469727,0.699999988079071,0.0,0.0,0.0,0.30000001192092896,0.30000001192092896,0.30000001192092896,0.30000001192092896
24.2,0,0.19527338445186615,-0.026496581733226776,-0.0541110634803772,nan,3.0,0.0,-0.012724754400551319,-0.0018011003267019987,2,0,1,1,12.38736343383789,0.0,1.9543850421905518,15.026984214782715,0.4715171456336975,0.04920973628759384,0.5704219937324524,0.19237543642520905,-0.11313671618700027,0.049912840127944946,-0.0985645204782486,0.04997944459319115,0.0,10.600000381469727,33.900001525878906,23.100000381469727,0.699999988079071,0.0,0.0,0.0,0.30000001192092896,0.30000001192092896,0.30000001192092896,0.30000001192092896
24.25,0,0.19532661139965057,-0.026479462161660194,-0.08058378100395203,nan,3.0,0.0,-0.01907408982515335,-0.0017878992948681116,2,0,1,1,12.191292762756348,0.0,0.0,15.499658584594727,0.4715365469455719,0.049189645797014236,0.5705225467681885,0.1923752725124359,-0.11307158321142197,0.04986987262964249,-0.09846358001232147,0.0499812550842762,0.0,10.600000381469727,33.900001525878906,23.100000381469727,0.699999988079071,0.0,0.0,0.0,0.30000001192092896,0.30000001192092896,0.30000001192092896,0.30000001192092896
24.3,0,0.19536828994750977,-0.026597654446959496,-0.08979319781064987,nan,3.0,0.0,-0.022739116102457047,-0.0019769466016441584,2,0,1,1,13.02257251739502,0.0,0.0,15.134597778320312,0.47154414653778076,0.04917754605412483,0.5705834031105042,0.19246824085712433,-0.11303535848855972,0.04981319606304169,-0.09837426245212555,0.04998074099421501,0.0,10.600000381469727,33.900001525878906,23.100000381469727,0.699999988079071,0.0,0.0,0.0,0.30000001192092896,0.30000001192092896,0.30000001192092896,0.30000001192092896
24.35,0,0.19542114436626434,-0.026674726977944374,-0.0630750060081482,nan,3.0,0.0,-0.019469961524009705,-0.0020114597864449024,2,0,1,1,12.686981201171875,0.0,0.03383658453822136,15.812538146972656,0.4715508222579956,0.04916023463010788,0.5706644058227539,0.1925167739391327,-0.11298155039548874,0.04977100342512131,-0.0982881486415863,0.04997674748301506,0.0,10.600000381469727,33.900001525878906,23.100000381469727,0.699999988079071,0.0,0.0,0.0,0.30000001192092896,0.30000001192092896,0.30000001192092896,0.30000001192092896
24.4,0,0.19547761976718903,-0.026555972173810005,-0.04943438246846199,nan,3.0,0.0,-0.012888639234006405,-0.00184650591108948,2,0,1,1,11.902697563171387,0.0,1.6061618328094482,15.27910041809082,0.47156408429145813,0.049138348549604416,0.5707763433456421,0.19246017932891846,-0.11288946121931076,0.049820758402347565,-0.09818989783525467,0.04997613653540611,0.0,10.600000381469727,33.900001525878906,23.100000381469727,0.699999988079071,0.0,0.0,0.0,0.30000001192092896,0.30000001192092896,0.30000001192092896,0.30000001192092896
24.45,0,0.19547255337238312,-0.026468059048056602,-0.02691197581589222,nan,3.0,0.0,-0.014635080471634865,-0.001855692476965487,2,0,1,1,11.81912899017334,0.0,1.5276886224746704,16.20988655090332,0.4715713858604431,0.049122463911771774,0.5708140134811401,0.19239582121372223,-0.11293608695268631,0.04986916109919548,-0.09811283648014069,0.04997749626636505,0.0,10.600000381469727,33.900001525878906,23.100000381469727,0.699999988079071,0.0,0.0,0.0,0.30000001192092896,0.30000001192092896,0.30000001192092896,0.30000001192092896
24.5,0,0.19550999999046326,-0.026292750611901283,-0.0837722048163414,nan,3.0,0.0,-0.02058640867471695,-0.0016287144972011447,2,0,1,1,12.481252670288086,0.0,0.0,15.621216773986816,0.4715750515460968,0.04909868538379669,0.570914089679718,0.1922999769449234,-0.11290673911571503,0.04991566762328148,-0.09801465272903442,0.049974504858255386,0.0,10.600000381469727,33.900001525878906,23.100000381469727,0.699999988079071,0.0,0.0,0.0,0.30000001192092896,0.30000001192092896,0.30000001192092896,0.30000001192092896
24.55,0,0.1955423653125763,-0.026223137974739075,-0.07094767689704895,nan,3.0,0.0,-0.017703674733638763,-0.0015885537723079324,2,0,1,1,12.65101432800293,0.0,1.3495867252349854,14.816329956054688,0.471576988697052,0.04907975718379021,0.570993185043335,0.19226586818695068,-0.11287250369787216,0.04994833841919899,-0.09792701154947281,0.04997364431619644,0.0,10.600000381469727,33.900001525878906,23.100000381469727,0.699999988079071,0.0,0.0,0.0,0.30000001192092896,0.30000001192092896,0.30000001192092896,0.30000001192092896
24.6,0,0.19556307792663574,-0.02611696533858776,-0.04836412891745567,nan,3.0,0.0,-0.01186772808432579,-0.001477909623645246,2,0,1,1,12.131464958190918,0.0,1.850141167640686,15.558754920959473,0.4715896248817444,0.04905793070793152,0.5710763931274414,0.19219636917114258,-0.11284317076206207,0.04997390881180763,-0.09784051775932312,0.049970660358667374,0.0,10.600000381469727,33.900001525878906,23.100000381469727,0.699999988079071,0.0,0.0,0.0,0.30000001192092896,0.30000001192092896,0.30000001192092896,0.30000001192092896
24.65,0,0.19562695920467377,-0.026097040623426437,-0.07403913885354996,nan,3.0,0.0,-0.017046835273504257,-0.001460493658669293,2,0,1,1,12.109145164489746,0.0,0.2416381537914276,15.686681747436523,0.47160932421684265,0.04903549328446388,0.5711873769760132,0.19218365848064423,-0.11283078789710999,0.050000570714473724,-0.09775139391422272,0.04996461421251297,0.0,10.600000381469727,33.900001525878906,23.100000381469727,0.699999988079071,0.0,0.0,0.0,0.30000001192092896,0.30000001192092896,0.30000001192092896,0.30000001192092896
24.7,0,0.19566918909549713,-0.026027658954262733,-0.07087723910808563,nan,3.0,0.0,-0.017098739743232727,-0.0013759023277089,2,0,1,1,12.500914573669434,0.0,0.0,15.460784912109375,0.47161781787872314,0.049012038856744766,0.5712892413139343,0.19214048981666565,-0.1128106638789177,0.050013575702905655,-0.09763862937688828,0.04996432736515999,0.0,10.600000381469727,33.900001525878906,23.100000381469727,0.699999988079071,0.0,0.0,0.0,0.30000001192092896,0.30000001192092896,0.30000001192092896,0.30000001192092896
24.75,0,0.19569681584835052,-0.025968534871935844,-0.09517117589712143,nan,3.0,0.0,-0.022120311856269836,-0.0013313593808561563,2,0,1,1,12.3674955368042,0.0,0.14607511460781097,15.217377662658691,0.47162455320358276,0.04899143427610397,0.5713858008384705,0.192103311419487,-0.11276964098215103,0.050014086067676544,-0.09754722565412521,0.04996311664581299,0.0,10.600000381469727,33.900001525878906,23.100000381469727,0.699999988079071,0.0,0.0,0.0,0.30000001192092896,0.30000001192092896,0.30000001192092896,0.30000001192092896
24.8,0,0.19571202993392944,-0.025968868285417557,-0.05218563973903656,nan,3.0,0.0,-0.01250002346932888,-0.0014147950569167733,2,0,1,1,11.999903678894043,0.0,1.656097412109375,15.760322570800781,0.4716423451900482,0.04897085949778557,0.5714238286018372,0.1921038031578064,-0.11276493221521378,0.05001198127865791,-0.09746450185775757,0.04995938017964363,0.0,10.600000381469727,33.900001525878906,23.100000381469727,0.699999988079071,0.0,0.0,0.0,0.30000001192092896,0.30000001192092896,0.30000001192092896,0.30000001192092896
24.85,0,0.19574995338916779,-0.025932738557457924,-0.09499188512563705,nan,3.0,0.0,-0.01881839707493782,-0.0014164013555273414,2,0,1,1,12.3728666305542,0.0,0.0,15.056339263916016,0.47164827585220337,0.04895046725869179,0.5715128779411316,0.1920933872461319,-0.11273539811372757,0.05000246688723564,-0.09736300259828568,0.049959491938352585,0.0,10.600000381469727,33.900001525878906,23.100000381469727,0.699999988079071,0.0,0.0,0.0,0.30000001192092896,0.30000001192092896,0.30000001192092896,0.30000001192092896
24.9,0,0.19577857851982117,-0.026015546172857285,-0.0667562410235405,nan,3.0,0.0,-0.023061059415340424,-0.0015367522137239575,2,0,1,1,12.62816047668457,0.0,0.0,16.1989803314209,0.47166773676872253,0.04895114526152611,0.5715538263320923,0.1921270340681076,-0.11275240778923035,0.04998868703842163,-0.09727884829044342,0.04995076730847359,0.0,10.600000381469727,33.900001525878906,23.100000381469727,0.699999988079071,0.0,0.0,0.0,0.30000001192092896,0.30000001192092896,0.30000001192092896,0.30000001192092896
24.95,0,0.19582007825374603,-0.026074592024087906,-0.07140745967626572,nan,3.0,0.0,-0.022482097148895264,-0.0015951860696077347,2,0,1,1,13.879156112670898,0.0,0.0,15.7000093460083,0.471670538187027,0.0489683635532856,0.5716185569763184,0.19215261936187744,-0.11272932589054108,0.049967680126428604,-0.09718998521566391,0.04994930326938629,0.0,10.600000381469727,33.900001525878906,23.100000381469727,0.699999988079071,0.0,0.0,0.0,0.30000001192092896,0.30000001192092896,0.30000001192092896,0.30000001192092896
25.0,0,0.19584113359451294,-0.0261423010379076,-0.04446621611714363,nan,3.0,0.0,-0.009061201475560665,-0.0016450179973617196,2,0,1,1,13.937748908996582,0.0,0.0,15.906269073486328,0.47168269753456116,0.048985667526721954,0.5716821551322937,0.19218818843364716,-0.11268920451402664,0.049927014857530594,-0.09711718559265137,0.049944840371608734,0.0,10.600000381469727,33.900001525878906,23.100000381469727,0.699999988079071,0.0,0.0,0.0,0.30000001192092896,0.30000001192092896,0.30000001192092896,0.30000001192092896
25.05,0,0.19587360322475433,-0.02625502459704876,-0.06165291368961334,nan,3.0,0.0,-0.019513964653015137,-0.0017246759962290525,2,0,1,1,13.57003402709961,0.0,0.0,15.720102310180664,0.4716935455799103,0.04900486022233963,0.5717151761054993,0.19225437939167023,-0.11269357055425644,0.04992042854428291,-0.09703938663005829,0.04994163289666176,0.0,10.600000381469727,33.900001525878906,23.100000381469727,0.699999988079071,0.0,0.0,0.0,0.30000001192092896,0.30000001192092896,0.30000001192092896,0.30000001192092896
25.1,0,0.19592639803886414,-0.026205621659755707,-0.07780291885137558,nan,3.0,0.0,-0.017794303596019745,-0.0015934983966872096,2,0,1,1,14.231817245483398,0.0,0.21858933568000793,15.196894645690918,0.47171419858932495,0.04902461916208267,0.5718012452125549,0.19222530722618103,-0.11260771751403809,0.04995521530508995,-0.09693948924541473,0.04993768781423569,0.0,10.600000381469727,33.900001525878906,23.100000381469727,0.699999988079071,0.0,0.0,0.0,0.30000001192092896,0.30000001192092896,0.30000001192092896,0.30000001192092896
25.15,0,0.19596488773822784,-0.02615237608551979,-0.0458451472222805,nan,3.0,0.0,-0.010595540516078472,-0.001503686886280775,2,0,1,1,13.958646774291992,0.0,0.0,15.743924140930176,0.47171202301979065,0.04903434216976166,0.5718885064125061,0.19219565391540527,-0.11257530748844147,0.04998564347624779,-0.09684495627880096,0.04994255676865578,0.0,10.600000381469727,33.900001525878906,23.100000381469727,0.699999988079071,0.0,0.0,0.0,0.30000001192092896,0.30000001192092896,0.30000001192092896,0.30000001192092896
25.2,0,0.19601446390151978,-0.026162445545196533,-0.03804919123649597,nan,3.0,0.0,-0.008701495826244354,-0.0014750835252925754,2,0,1,1,12.81102466583252,0.0,2.6400859355926514,15.302687644958496,0.47173237800598145,0.04905737191438675,0.5719591975212097,0.19223394989967346,-0.11247311532497406,0.05000220611691475,-0.09675522893667221,0.04994687810540199,0.0,10.600000381469727,33.900001525878906,23.100000381469727,0.699999988079071,0.0,0.0,0.0,0.30000001192092896,0.30000001192092896,0.30000001192092896,0.30000001192092896
25.25,0,0.19602622091770172,-0.02618529088795185,-0.04809869825839996,nan,3.0,0.0,-0.013919671066105366,-0.0015155919827520847,2,0,1,1,12.186112403869629,0.0,1.3748369216918945,15.679340362548828,0.47173917293548584,0.04907291382551193,0.571993350982666,0.19225943088531494,-0.11250583082437515,0.050026245415210724,-0.09667947143316269,0.04994716867804527,0.0,10.600000381469727,33.900001525878906,23.100000381469727,0.699999988079071,0.0,0.0,0.0,0.30000001192092896,0.30000001192092896,0.30000001192092896,0.30000001192092896
25.3,0,0.19603845477104187,-0.02620096504688263,-0.08985435217618942,nan,3.0,0.0,-0.019665369763970375,-0.0015511807287111878,2,0,1,1,13.649201393127441,0.0,0.0,14.952926635742188,0.47173795104026794,0.04909041151404381,0.5720333456993103,0.1922999769449234,-0.1125185415148735,0.05004199594259262,-0.09660330414772034,0.04994629696011543,0.0,10.600000381469727,33.900001525878906,23.100000381469727,0.699999988079071,0.0,0.0,0.0,0.30000001192092896,0.30000001192092896,0.30000001192092896,0.30000001192092896
25.35,0,0.19608457386493683,-0.026268869638442993,-0.09197386354207993,nan,3.0,0.0,-0.0182073675096035,-0.0016453549033030868,2,0,1,1,14.075063705444336,0.0,0.49999117851257324,14.486529350280762,0.47176027297973633,0.0491144135594368,0.5721084475517273,0.1923730969429016,-0.11248648911714554,0.05004236847162247,-0.09651487320661545,0.049949366599321365,0.0,10.600000381469727,33.900001525878906,23.100000381469727,0.699999988079071,0.0,0.0,0.0,0.30000001192092896,0.30000001192092896,0.30000001192092896,0.30000001192092896
25.4,0,0.19608601927757263,-0.026299238204956055,-0.03674527257680893,nan,3.0,0.0,-0.009946116246283054,-0.0016516785835847259,2,0,1,1,12.996207237243652,0.0,3.149444580078125,14.281803131103516,0.47176167368888855,0.049134816974401474,0.5721153020858765,0.19241929054260254,-0.11242910474538803,0.05003974586725235,-0.09645922482013702,0.04994170740246773,0.0,10.600000381469727,33.900001525878906,23.100000381469727,0.699999988079071,0.0,0.0,0.0,0.30000001192092896,0.30000001192092896,0.30000001192092896,0.30000001192092896
25.45,0,0.19611631333827972,-0.0264222901314497,-0.02325846068561077,nan,3.0,0.0,-0.010719028301537037,-0.001789366127923131,2,0,1,1,12.687915802001953,0.0,2.1866164207458496,16.03531837463379,0.471786230802536,0.049155645072460175,0.5721564292907715,0.19250516593456268,-0.1124463900923729,0.05002477020025253,-0.09638943523168564,0.049946386367082596,0.0,10.600000381469727,33.900001525878906,23.100000381469727,0.699999988079071,0.0,0.0,0.0,0.30000001192092896,0.30000001192092896,0.30000001192092896,0.30000001192092896
25.5,0,0.19618190824985504,-0.026454703882336617,-0.02279983088374138,nan,3.0,0.0,-0.005991981364786625,-0.0017192504601553082,2,0,1,1,12.386003494262695,0.0,2.4848577976226807,15.162274360656738,0.47180452942848206,0.049171555787324905,0.5722531676292419,0.192546084523201,-0.11233881860971451,0.050006765872240067,-0.09632501006126404,0.049950145184993744,0.0,10.600000381469727,33.900001525878906,23.100000381469727,0.699999988079071,0.0,0.0,0.0,0.30000001192092896,0.30000001192092896,0.30000001192092896,0.30000001192092896
25.55,0,0.19625209271907806,-0.026504890993237495,-0.01900726929306984,nan,3.0,0.0,-0.006484474521130323,-0.0016833278350532055,2,0,1,1,12.269476890563965,0.0,3.2751004695892334,14.698253631591797,0.47181472182273865,0.04919041320681572,0.5723780393600464,0.19259795546531677,-0.11221645772457123,0.04997797682881355,-0.09624812752008438,0.04994890093803406,0.0,10.600000381469727,33.900001525878906,23.100000381469727,0.699999988079071,0.0,0.0,0.0,0.30000001192092896,0.30000001192092896,0.30000001192092896,0.30000001192092896
25.6,0,0.19626981019973755,-0.026581261307001114,-0.014341956935822964,nan,3.0,0.0,-0.005712246522307396,-0.0017694411799311638,2,0,1,1,12.881051063537598,0.0,3.694255828857422,14.556002616882324,0.4718288481235504,0.04921044409275055,0.5724180340766907,0.1926552653312683,-0.1121872216463089,0.04994475468993187,-0.09618859738111496,0.04994893819093704,0.0,10.600000381469727,33.900001525878906,23.100000381469727,0.699999988079071,0.0,0.0,0.0,0.30000001192092896,0.30000001192092896,0.30000001192092896,0.30000001192092896
25.65,0,0.19629426300525665,-0.02679554559290409,-0.026805026456713676,nan,3.0,0.0,-0.013330447487533092,-0.0020116043742746115,2,0,1,1,12.396980285644531,0.0,2.589845895767212,15.827049255371094,0.47183674573898315,0.04922998324036598,0.5724435448646545,0.19279102981090546,-0.11224070191383362,0.04990706965327263,-0.09614115208387375,0.049945928156375885,0.0,10.600000381469727,33.900001525878906,23.100000381469727,0.699999988079071,0.0,0.0,0.0,0.30000001192092896,0.30000001192092896,0.30000001192092896,0.30000001192092896
25.7,0,0.19631054997444153,-0.02689513936638832,-0.02944909781217575,nan,3.0,0.0,-0.009383955970406532,-0.0021587428636848927,2,0,1,1,12.483996391296387,0.0,2.915440797805786,15.484611511230469,0.4718549847602844,0.04925043135881424,0.5724721550941467,0.1928722858428955,-0.11222602427005768,0.04986418038606644,-0.09607819467782974,0.049945805221796036,0.0,10.600000381469727,33.900001525878906,23.100000381469727,0.699999988079071,0.0,0.0,0.0,0.30000001192092896,0.30000001192092896,0.30000001192092896,0.30000001192092896
25.75,0,0.19635571539402008,-0.026930421590805054,-0.07864252477884293,nan,3.0,0.0,-0.015291720628738403,-0.0020888815633952618,2,0,1,1,13.264653205871582,0.0,1.3696223497390747,14.655538558959961,0.4718601107597351,0.04927412420511246,0.5725517272949219,0.19290602207183838,-0.11212116479873657,0.049820419400930405,-0.09598729014396667,0.049936696887016296,0.0,10.600000381469727,33.900001525878906,23.100000381469727,0.699999988079071,0.0,0.0,0.0,0.30000001192092896,0.30000001192092896,0.30000001192092896,0.30000001192092896
25.8,0,0.1963619887828827,-0.027080578729510307,-0.09006844460964203,nan,3.0,0.0,-0.024731457233428955,-0.00232523400336504,2,0,1,1,14.012653350830078,0.0,0.0,14.668334007263184,0.47187525033950806,0.049285415560007095,0.5725767612457275,0.1930045783519745,-0.11217135190963745,0.04975546523928642,-0.0959206223487854,0.04994528368115425,0.0,10.600000381469727,33.900001525878906,23.100000381469727,0.699999988079071,0.0,0.0,0.0,0.30000001192092896,0.30000001192092896,0.30000001192092896,0.30000001192092896
25.849999999999998,0,0.19638480246067047,-0.027192674577236176,-0.012048210948705673,nan,3.0,0.0,-0.008582529611885548,-0.0024301931262016296,2,0,1,1,11.511199951171875,0.0,4.573217391967773,14.586666107177734,0.47189557552337646,0.04930824786424637,0.5726079940795898,0.19309985637664795,-0.11203716695308685,0.04968202859163284,-0.09586368501186371,0.0499388724565506,0.0,10.600000381469727,33.900001525878906,23.100000381469727,0.699999988079071,0.0,0.0,0.0,0.30000001192092896,0.30000001192092896,0.30000001192092896,0.30000001192092896
25.9,0,0.19641712307929993,-0.027380989864468575,-0.02591511979699135,nan,3.0,0.0,-0.007942873053252697,-0.002620296087116003,2,0,1,1,12.857029914855957,0.0,2.4359235763549805,14.923402786254883,0.47191181778907776,0.04932728409767151,0.5726669430732727,0.1932247281074524,-0.1120322048664093,0.04960959777235985,-0.09579796344041824,0.04993566870689392,0.0,10.600000381469727,33.900001525878906,23.100000381469727,0.699999988079071,0.0,0.0,0.0,0.30000001192092896,0.30000001192092896,0.30000001192092896,0.30000001192092896
25.95,0,0.19639569520950317,-0.027533983811736107,-0.03871036320924759,nan,3.0,0.0,-0.007422706112265587,-0.0028389005456119776,2,0,1,1,13.161776542663574,0.0,3.8035356998443604,14.451888084411621,0.4719145596027374,0.04934534430503845,0.5726502537727356,0.19332149624824524,-0.11205821484327316,0.04953202232718468,-0.09575197100639343,0.049927666783332825,0.0,10.600000381469727,33.900001525878906,23.100000381469727,0.699999988079071,0.0,0.0,0.0,0.30000001192092896,0.30000001192092896,0.30000001192092896,0.30000001192092896
26.0,0,0.19643589854240417,-0.027771517634391785,-0.00992735754698515,nan,3.0,0.0,-0.004882375709712505,-0.00310880271717906,2,0,1,1,13.48308277130127,0.0,4.305050849914551,14.633920669555664,0.47194477915763855,0.04936976730823517,0.572717010974884,0.19348041713237762,-0.11202818155288696,0.04943624511361122,-0.09567181020975113,0.04992694780230522,0.0,10.600000381469727,33.900001525878906,23.100000381469727,0.699999988079071,0.0,0.0,0.0,0.30000001192092896,0.30000001192092896,0.30000001192092896,0.30000001192092896
26.05,0,0.19650898873806,-0.02802685648202896,-0.020424777641892433,nan,3.0,0.0,-0.007198082283139229,-0.0032771655824035406,2,0,1,1,12.641173362731934,0.0,2.7367608547210693,14.782784461975098,0.4719574451446533,0.04939289763569832,0.5727862119674683,0.19363564252853394,-0.11194547265768051,0.04933997988700867,-0.09559153020381927,0.049923162907361984,0.0,10.600000381469727,33.900001525878906,23.100000381469727,0.699999988079071,0.0,0.0,0.0,0.30000001192092896,0.30000001192092896,0.30000001192092896,0.30000001192092896
26.099999999999998,0,0.19648313522338867,-0.02822623960673809,-0.030452830716967583,nan,3.0,0.0,-0.015203600749373436,-0.003587530693039298,2,0,1,1,12.297284126281738,0.0,2.7334609031677246,15.705243110656738,0.4719677269458771,0.04941351339221001,0.5727616548538208,0.19375155866146088,-0.11199057847261429,0.04923770949244499,-0.09553711861371994,0.04991725832223892,0.0,10.600000381469727,33.900001525878906,23.100000381469727,0.699999988079071,0.0,0.0,0.0,0.30000001192092896,0.30000001192092896,0.30000001192092896,0.30000001192092896
26.15,0,0.1965438276529312,-0.028447085991501808,-0.04017995297908783,nan,3.0,0.0,-0.010033429600298405,-0.0037523778155446053,2,0,1,1,12.815448760986328,0.0,1.776432991027832,15.064024925231934,0.471991628408432,0.049438558518886566,0.5728244185447693,0.19390474259853363,-0.11190229654312134,0.04913650080561638,-0.09545760601758957,0.049912046641111374,0.0,10.600000381469727,33.900001525878906,23.100000381469727,0.699999988079071,0.0,0.0,0.0,0.30000001192092896,0.30000001192092896,0.30000001192092896,0.30000001192092896
26.2,0,0.1965525895357132,-0.028672467917203903,-0.014135109260678291,nan,3.0,0.0,-0.004167419392615557,-0.004056908655911684,2,0,1,1,14.186634063720703,0.0,4.707035541534424,14.868223190307617,0.4720131456851959,0.04946109652519226,0.5728620886802673,0.19407643377780914,-0.11185109615325928,0.04901149496436119,-0.0953855812549591,0.04990673065185547,0.0,10.600000381469727,33.900001525878906,23.100000381469727,0.699999988079071,0.0,0.0,0.0,0.30000001192092896,0.30000001192092896,0.30000001192092896,0.30000001192092896
26.25,0,0.196610227227211,-0.02856278046965599,-0.051998917013406754,nan,3.0,0.0,-0.010433075949549675,-0.003764236578717828,2,0,1,1,13.08399486541748,0.0,1.6635874509811401,14.872320175170898,0.47201281785964966,0.04947097226977348,0.5729760527610779,0.19400766491889954,-0.1118132546544075,0.049080248922109604,-0.09530690312385559,0.0499085858464241,0.0,10.600000381469727,33.900001525878906,23.100000381469727,0.699999988079071,0.0,0.0,0.0,0.30000001192092896,0.30000001192092896,0.30000001192092896,0.30000001192092896
26.3,0,0.1966930329799652,-0.028393588960170746,-0.060331713408231735,nan,4.0,0.0,-0.016766365617513657,-0.0033898064866662025,2,0,1,1,13.07414436340332,0.0,1.2077763080596924,15.048213958740234,0.47203612327575684,0.04948486015200615,0.5731326937675476,0.19389770925045013,-0.11171651631593704,0.04917924106121063,-0.09519661962985992,0.049913760274648666,0.0,10.600000381469727,33.900001525878906,23.100000381469727,0.699999988079071,0.0,0.0,0.0,0.30000001192092896,0.30000001192092896,0.30000001192092896,0.30000001192092896
26.349999999999998,0,0.19675028324127197,-0.02824399247765541,-0.030984405428171158,nan,4.0,0.0,-0.014239720068871975,-0.0031375710386782885,2,0,1,1,12.527518272399902,0.0,2.4215505123138428,14.888559341430664,0.47206294536590576,0.049499209970235825,0.5732508301734924,0.19380192458629608,-0.11163065582513809,0.04927075654268265,-0.09510377794504166,0.04991944134235382,0.0,10.600000381469727,33.900001525878906,23.100000381469727,0.699999988079071,0.0,0.0,0.0,0.30000001192092896,0.30000001192092896,0.30000001192092896,0.30000001192092896
26.4,0,0.19677525758743286,-0.028109874576330185,-0.01678398810327053,nan,4.0,0.0,-0.012267877347767353,-0.0030130145605653524,2,0,1,1,12.501664161682129,0.0,3.5205788612365723,14.734375,0.4720814526081085,0.049514103680849075,0.5733593106269836,0.19371917843818665,-0.11164506524801254,0.049368247389793396,-0.09499773383140564,0.04991765320301056,0.0,10.600000381469727,33.900001525878906,23.100000381469727,0.699999988079071,0.0,0.0,0.0,0.30000001192092896,0.30000001192092896,0.30000001192092896,0.30000001192092896
26.45,0,0.19680672883987427,-0.028059596195816994,-0.03191683441400528,nan,4.0,0.0,-0.014176812022924423,-0.0029649946372956038,2,0,1,1,12.561258316040039,0.0,2.039332866668701,15.428496360778809,0.47210219502449036,0.049530670046806335,0.5734202861785889,0.1936836689710617,-0.11171454936265945,0.049472976475954056,-0.0949099138379097,0.049916308373212814,0.0,10.600000381469727,33.900001525878906,23.100000381469727,0.699999988079071,0.0,0.0,0.0,0.30000001192092896,0.30000001192092896,0.30000001192092896,0.30000001192092896
26.5,0,0.19683803617954254,-0.02789924293756485,-0.06211216002702713,nan,4.0,0.0,-0.018943343311548233,-0.002689301734790206,2,0,1,1,13.287199974060059,0.0,1.549317479133606,14.961711883544922,0.4721145033836365,0.04954443871974945,0.5735155940055847,0.19358520209789276,-0.11167958378791809,0.04955221712589264,-0.0948016420006752,0.049917858093976974,0.0,10.600000381469727,33.900001525878906,23.100000381469727,0.699999988079071,0.0,0.0,0.0,0.30000001192092896,0.30000001192092896,0.30000001192092896,0.30000001192092896
26.55,0,0.19690576195716858,-0.02781588025391102,-0.021187972277402878,nan,4.0,0.0,-0.011030897498130798,-0.002513693179935217,2,0,1,1,12.594722747802734,0.0,2.620577812194824,15.18175983428955,0.4721502661705017,0.049557164311409,0.5736211538314819,0.19352494180202484,-0.11161120980978012,0.04962379112839699,-0.09472528845071793,0.049925364553928375,0.0,10.600000381469727,33.900001525878906,23.100000381469727,0.699999988079071,0.0,0.0,0.0,0.30000001192092896,0.30000001192092896,0.30000001192092896,0.30000001192092896
26.599999999999998,0,0.19695764780044556,-0.027727974578738213,-0.04685541242361069,nan,4.0,0.0,-0.016397442668676376,-0.0023507634177803993,2,0,1,1,12.40845775604248,0.0,1.8215937614440918,14.811822891235352,0.4721701145172119,0.04957573860883713,0.5737479329109192,0.19346672296524048,-0.11158860474824905,0.04969535768032074,-0.0946137011051178,0.04991950839757919,0.0,10.600000381469727,33.900001525878906,23.100000381469727,0.699999988079071,0.0,0.0,0.0,0.30000001192092896,0.30000001192092896,0.30000001192092896,0.30000001192092896
26.65,0,0.19702067971229553,-0.02760281041264534,-0.038333822041749954,nan,4.0,0.0,-0.014070185832679272,-0.002070772461593151,2,0,1,1,12.722342491149902,0.0,2.691999673843384,14.832250595092773,0.47219470143318176,0.049590013921260834,0.573875904083252,0.19338072836399078,-0.11148183792829514,0.04974930360913277,-0.09449981153011322,0.04992204159498215,0.0,10.600000381469727,33.900001525878906,23.100000381469727,0.699999988079071,0.0,0.0,0.0,0.30000001192092896,0.30000001192092896,0.30000001192092896,0.30000001192092896
26.7,0,0.19707486033439636,-0.0275252852588892,-0.08778577297925949,nan,4.0,0.0,-0.023925062268972397,-0.0019215395441278815,2,0,1,1,13.57823657989502,0.0,0.1827886998653412,14.76803207397461,0.47221770882606506,0.049603674560785294,0.5739884972572327,0.19332066178321838,-0.1114814504981041,0.04980868101119995,-0.09438794106245041,0.04992528259754181,0.0,10.600000381469727,33.900001525878906,23.100000381469727,0.699999988079071,0.0,0.0,0.0,0.30000001192092896,0.30000001192092896,0.30000001192092896,0.30000001192092896
26.75,0,0.19711419939994812,-0.027520032599568367,-0.030567262321710587,nan,4.0,0.0,-0.012807099148631096,-0.0018762282561510801,2,0,1,1,12.78387451171875,0.0,2.8303427696228027,15.051374435424805,0.4722531735897064,0.04962161183357239,0.5740576386451721,0.19331994652748108,-0.11144235730171204,0.04985519498586655,-0.09429250657558441,0.04992222785949707,0.0,10.600000381469727,33.900001525878906,23.100000381469727,0.699999988079071,0.0,0.0,0.0,0.30000001192092896,0.30000001192092896,0.30000001192092896,0.30000001192092896
26.8,0,0.19716760516166687,-0.02744385413825512,-0.0582328625023365,nan,4.0,0.0,-0.015764812007546425,-0.0016964009264484048,2,0,1,1,12.860725402832031,0.0,1.7993745803833008,14.928459167480469,0.4722709357738495,0.04963989555835724,0.5741668343544006,0.19327926635742188,-0.11137733608484268,0.04990263283252716,-0.09417267143726349,0.04991713911294937,0.0,10.600000381469727,33.900001525878906,23.100000381469727,0.699999988079071,0.0,0.0,0.0,0.30000001192092896,0.30000001192092896,0.30000001192092896,0.30000001192092896
26.849999999999998,0,0.19722138345241547,-0.027370013296604156,-0.07704398036003113,nan,4.0,0.0,-0.01888897642493248,-0.0015196637250483036,2,0,1,1,13.008718490600586,0.0,1.323601245880127,14.781951904296875,0.47229763865470886,0.049656447023153305,0.5742825269699097,0.19323144853115082,-0.11131764203310013,0.049939703196287155,-0.09406121075153351,0.04991591349244118,0.0,10.600000381469727,33.900001525878906,23.100000381469727,0.699999988079071,0.0,0.0,0.0,0.30000001192092896,0.30000001192092896,0.30000001192092896,0.30000001192092896
26.9,0,0.19723759591579437,-0.027356339618563652,-0.08611108362674713,nan,4.0,0.0,-0.02291956916451454,-0.0014892866602167487,2,0,1,1,13.48095989227295,0.0,0.8255845308303833,14.419008255004883,0.4723156988620758,0.04966675490140915,0.5743417739868164,0.1932155340909958,-0.1113523468375206,0.0499720498919487,-0.09399262070655823,0.04991861805319786,0.0,10.600000381469727,33.900001525878906,23.100000381469727,0.699999988079071,0.0,0.0,0.0,0.30000001192092896,0.30000001192092896,0.30000001192092896,0.30000001192092896
26.95,0,0.19729697704315186,-0.027418354526162148,-0.06828311830759048,nan,4.0,0.0,-0.017803747206926346,-0.0015490903751924634,2,0,1,1,12.81749153137207,0.0,2.009457588195801,14.221436500549316,0.47233662009239197,0.04968547448515892,0.5744436383247375,0.19327691197395325,-0.11133100837469101,0.049999408423900604,-0.09388037770986557,0.04991209879517555,0.0,10.600000381469727,33.900001525878906,23.100000381469727,0.699999988079071,0.0,0.0,0.0,0.30000001192092896,0.30000001192092896,0.30000001192092896,0.30000001192092896
27.0,0,0.19737614691257477,-0.02741708792746067,-0.08554481714963913,nan,4.0,0.0,-0.028878912329673767,-0.0013974017929285765,2,0,1,1,13.08566665649414,0.0,0.1319451928138733,15.51153564453125,0.47238120436668396,0.04970226809382439,0.5745598673820496,0.193253755569458,-0.11126627773046494,0.050024546682834625,-0.09377605468034744,0.04990371689200401,0.0,10.600000381469727,33.900001525878906,23.100000381469727,0.699999988079071,0.0,0.0,0.0,0.30000001192092896,0.30000001192092896,0.30000001192092896,0.30000001192092896
27.05,0,0.19741809368133545,-0.027468863874673843,-0.06662767380475998,nan,4.0,0.0,-0.024609185755252838,-0.0014725177315995097,2,0,1,1,14.14678955078125,0.0,0.0,15.315046310424805,0.47240936756134033,0.049716800451278687,0.5746283531188965,0.19328448176383972,-0.11127892136573792,0.05004117637872696,-0.09367170184850693,0.04990142583847046,0.0,10.600000381469727,33.900001525878906,23.100000381469727,0.699999988079071,0.0,0.0,0.0,0.30000001192092896,0.30000001192092896,0.30000001192092896,0.30000001192092896
27.099999999999998,0,0.19750425219535828,-0.02755149081349373,-0.0723927915096283,nan,4.0,0.0,-0.019410299137234688,-0.0014618869172409177,2,0,1,1,14.059853553771973,0.0,0.0,15.178179740905762,0.4724346697330475,0.049733102321624756,0.574745237827301,0.19333991408348083,-0.11120883375406265,0.0500464141368866,-0.0935554951429367,0.04989521577954292,0.0,10.600000381469727,33.900001525878906,23.100000381469727,0.699999988079071,0.0,0.0,0.0,0.30000001192092896,0.30000001192092896,0.30000001192092896,0.30000001192092896
27.15,0,0.1975524127483368,-0.027615368366241455,-0.05420415475964546,nan,4.0,0.0,-0.01536496076732874,-0.0015101624885573983,2,0,1,1,14.096664428710938,0.0,2.306668758392334,14.430513381958008,0.4724779725074768,0.04975593462586403,0.5748140215873718,0.19339852035045624,-0.11112911999225616,0.05004100129008293,-0.09345459938049316,0.049887314438819885,0.0,10.60000228881836,33.900001525878906,23.100000381469727,0.699999988079071,0.0,0.0,0.0,0.30000001192092896,0.30000001192092896,0.30000001192092896,0.30000001192092896
27.2,0,0.19758623838424683,-0.027604108676314354,-0.10011371225118637,nan,4.0,0.0,-0.028380267322063446,-0.001439543440937996,2,0,1,1,14.336404800415039,0.0,0.15046294033527374,14.287323951721191,0.4725046455860138,0.049768589437007904,0.5748923420906067,0.19337515532970428,-0.1111089214682579,0.05003628879785538,-0.09335927665233612,0.04988202825188637,0.0,10.60000228881836,33.900001525878906,23.100000381469727,0.699999988079071,0.0,0.0,0.0,0.30000001192092896,0.30000001192092896,0.30000001192092896,0.30000001192092896
27.25,0,0.1976737678050995,-0.027662314474582672,-0.08234838396310806,nan,4.0,0.0,-0.021106161177158356,-0.0014117114478722215,2,0,1,1,14.193700790405273,0.0,0.0,15.083401679992676,0.47253453731536865,0.04978116229176521,0.5750455856323242,0.1934082806110382,-0.11104508489370346,0.050022244453430176,-0.09323573112487793,0.04987984150648117,0.0,10.60000228881836,33.900001525878906,23.100000381469727,0.699999988079071,0.0,0.0,0.0,0.30000001192092896,0.30000001192092896,0.30000001192092896,0.30000001192092896
27.3,0,0.19773821532726288,-0.02778012678027153,-0.052096448838710785,nan,4.0,0.0,-0.02028493583202362,-0.001501718070358038,2,0,1,1,14.319098472595215,0.0,0.0,15.446032524108887,0.47256964445114136,0.04979539290070534,0.5751484632492065,0.19347155094146729,-0.11099086701869965,0.05000540614128113,-0.09313081204891205,0.04986925795674324,0.0,10.599998474121094,33.900001525878906,23.100000381469727,0.699999988079071,0.0,0.0,0.0,0.30000001192092896,0.30000001192092896,0.30000001192092896,0.30000001192092896
27.349999999999998,0,0.19783836603164673,-0.027797510847449303,-0.04839619994163513,nan,4.0,0.0,-0.019642364233732224,-0.001388322445563972,2,0,1,1,12.766956329345703,0.0,1.587780237197876,15.319280624389648,0.4726104140281677,0.04980792850255966,0.5752922296524048,0.19349844753742218,-0.11085455119609833,0.050010524690151215,-0.09300999343395233,0.049867432564496994,0.0,10.599998474121094,33.900001525878906,23.100000381469727,0.699999988079071,0.0,0.0,0.0,0.30000001192092896,0.30000001192092896,0.30000001192092896,0.30000001192092896
27.4,0,0.19783800840377808,-0.027809131890535355,-0.013262772001326084,nan,4.0,0.0,-0.011744849383831024,-0.0014783552614971995,2,0,1,1,12.600055694580078,0.0,4.250601291656494,14.245275497436523,0.472639262676239,0.04982541501522064,0.5753234028816223,0.1935180425643921,-0.11083490401506424,0.05000581219792366,-0.09289584308862686,0.04985930025577545,0.0,10.599998474121094,33.900001525878906,23.100000381469727,0.699999988079071,0.0,0.0,0.0,0.30000001192092896,0.30000001192092896,0.30000001192092896,0.30000001192092896
27.45,0,0.19793426990509033,-0.027934154495596886,-0.013174465857446194,nan,4.0,0.0,-0.01075544860213995,-0.0015260580694302917,2,0,1,1,13.078215599060059,0.0,3.236954927444458,14.62279224395752,0.4726811647415161,0.04983927309513092,0.5754395127296448,0.19359847903251648,-0.11076947301626205,0.049998823553323746,-0.09277145564556122,0.04985085502266884,0.0,10.599998474121094,33.900001525878906,23.100000381469727,0.699999988079071,0.0,0.0,0.0,0.30000001192092896,0.30000001192092896,0.30000001192092896,0.30000001192092896
27.5,0,0.19797144830226898,-0.027979791164398193,-0.033492665737867355,nan,4.0,0.0,-0.013861040584743023,-0.0015987707301974297,2,0,1,1,13.123090744018555,0.0,3.1113977432250977,14.826643943786621,0.472697377204895,0.04985073208808899,0.5755015015602112,0.1936350166797638,-0.1107507273554802,0.049988314509391785,-0.09264221787452698,0.04984081909060478,0.0,10.599998474121094,33.900001525878906,23.100000381469727,0.699999988079071,0.0,0.0,0.0,0.30000001192092896,0.30000001192092896,0.30000001192092896,0.30000001192092896
27.55,0,0.1979745775461197,-0.027908066287636757,-0.07445675879716873,nan,4.0,0.0,-0.023041538894176483,-0.0014916452346369624,2,0,1,1,15.282781600952148,0.0,0.0,14.962414741516113,0.4726995825767517,0.04985262081027031,0.5755297541618347,0.1935858428478241,-0.1107456162571907,0.04998644068837166,-0.09257427603006363,0.04982791468501091,0.0,10.599998474121094,33.900001525878906,23.100000381469727,0.699999988079071,0.0,0.0,0.0,0.30000001192092896,0.30000001192092896,0.30000001192092896,0.30000001192092896
27.599999999999998,0,0.19797027111053467,-0.027893520891666412,-0.0747242346405983,nan,4.0,0.0,-0.025467131286859512,-0.001582434750162065,2,0,1,1,15.276415824890137,0.0,0.0,15.173986434936523,0.47270670533180237,0.04985157772898674,0.5755297541618347,0.19359412789344788,-0.11071794480085373,0.04995906725525856,-0.09249040484428406,0.04982563853263855,0.0,10.599998474121094,33.900001525878906,23.100000381469727,0.699999988079071,0.0,0.0,0.0,0.30000001192092896,0.30000001192092896,0.30000001192092896,0.30000001192092896
27.65,0,0.19795598089694977,-0.027916107326745987,-0.08489114046096802,nan,4.0,0.0,-0.028918709605932236,-0.0016730016795918345,2,0,1,1,15.708673477172852,0.0,0.0,14.907888412475586,0.4727032482624054,0.04985663667321205,0.5755166411399841,0.19362179934978485,-0.11070796102285385,0.04993099719285965,-0.09241720288991928,0.04981417581439018,0.0,10.599998474121094,33.900001525878906,23.100000381469727,0.699999988079071,0.0,0.0,0.0,0.30000001192092896,0.30000001192092896,0.30000001192092896,0.30000001192092896
27.7,0,0.1979607492685318,-0.028101064264774323,-0.06080658733844757,nan,4.0,0.0,-0.02644166350364685,-0.0019687749445438385,2,0,1,1,15.139460563659668,0.0,0.0,15.511617660522461,0.4727061092853546,0.04985756427049637,0.5754985213279724,0.19373445212841034,-0.11075995862483978,0.049885544925928116,-0.09234491735696793,0.04980672895908356,0.0,10.599998474121094,33.900001525878906,23.100000381469727,0.699999988079071,0.0,0.0,0.0,0.30000001192092896,0.30000001192092896,0.30000001192092896,0.30000001192092896
27.75,0,0.19798403978347778,-0.028279323130846024,-0.03621605783700943,nan,4.0,0.0,-0.014526125974953175,-0.002252201782539487,2,0,1,1,14.67519760131836,0.0,3.093141794204712,14.003610610961914,0.4727095067501068,0.049867600202560425,0.5755091309547424,0.19389742612838745,-0.11072276532649994,0.04983050003647804,-0.09224090725183487,0.04979760944843292,0.0,10.599998474121094,33.900001525878906,23.100000381469727,0.699999988079071,0.0,0.0,0.0,0.30000001192092896,0.30000001192092896,0.30000001192092896,0.30000001192092896
27.8,0,0.19796493649482727,-0.028422942385077477,-0.05447178706526756,nan,4.0,0.0,-0.028407301753759384,-0.002510193968191743,2,0,1,1,14.413246154785156,0.0,1.3457785844802856,15.89019775390625,0.4727054536342621,0.049869876354932785,0.5754697322845459,0.19396816194057465,-0.1108054518699646,0.04977993294596672,-0.09218975901603699,0.049785081297159195,0.0,10.599998474121094,33.900001525878906,23.100000381469727,0.699999988079071,0.0,0.0,0.0,0.30000001192092896,0.30000001192092896,0.30000001192092896,0.30000001192092896
27.849999999999998,0,0.19801735877990723,-0.028578903526067734,-0.09338740259408951,nan,4.0,0.0,-0.026927229017019272,-0.002663656370714307,2,0,1,1,15.21912956237793,0.0,0.0,14.486346244812012,0.47270822525024414,0.04987350106239319,0.5755280256271362,0.194095179438591,-0.11075751483440399,0.04971720650792122,-0.09209500253200531,0.049778252840042114,0.0,10.599998474121094,33.900001525878906,23.100000381469727,0.699999988079071,0.0,0.0,0.0,0.30000001192092896,0.30000001192092896,0.30000001192092896,0.30000001192092896
27.9,0,0.1980665922164917,-0.028760042041540146,-0.05656283348798752,nan,4.0,0.0,-0.023400619626045227,-0.002768192207440734,2,0,1,1,15.880728721618652,0.0,0.0,15.169563293457031,0.472708135843277,0.049872830510139465,0.5755471587181091,0.194207102060318,-0.11072546243667603,0.04965772107243538,-0.09202973544597626,0.04976383596658707,0.0,10.599998474121094,33.900001525878906,23.100000381469727,0.699999988079071,0.0,0.0,0.0,0.30000001192092896,0.30000001192092896,0.30000001192092896,0.30000001192092896
27.95,0,0.198086217045784,-0.02893700823187828,-0.06060772389173508,nan,4.0,0.0,-0.02592622861266136,-0.002936161821708083,2,0,1,1,15.584860801696777,0.0,0.0,15.382201194763184,0.47270524501800537,0.04987621307373047,0.5755555033683777,0.1943172812461853,-0.11071598529815674,0.04957955703139305,-0.09193851798772812,0.04975451901555061,0.0,10.599998474121094,33.900001525878906,23.100000381469727,0.699999988079071,0.0,0.0,0.0,0.30000001192092896,0.30000001192092896,0.30000001192092896,0.30000001192092896
28.0,0,0.1980501264333725,-0.029069039970636368,-0.03316454216837883,nan,4.0,0.0,-0.013394856825470924,-0.0032151618506759405,2,0,1,1,14.626083374023438,0.0,3.82759165763855,14.834212303161621,0.4727110266685486,0.049888357520103455,0.5755008459091187,0.1944269984960556,-0.11065584421157837,0.04947984218597412,-0.09188283979892731,0.04974835366010666,0.0,10.599998474121094,33.900001525878906,23.100000381469727,0.699999988079071,0.0,0.0,0.0,0.30000001192092896,0.30000001192092896,0.30000001192092896,0.30000001192092896
28.05,0,0.1980200558900833,-0.02916799671947956,-0.014087994582951069,nan,4.0,0.0,-0.017171815037727356,-0.003430459415540099,2,0,1,1,14.324335098266602,0.0,5.239742279052734,13.96381950378418,0.4727122485637665,0.04989254102110863,0.5754591822624207,0.19450396299362183,-0.11064273118972778,0.049391936510801315,-0.09182717651128769,0.04974028468132019,0.0,10.599998474121094,33.900001525878906,23.100000381469727,0.699999988079071,0.0,0.0,0.0,0.30000001192092896,0.30000001192092896,0.30000001192092896,0.30000001192092896
28.099999999999998,0,0.19809205830097198,-0.02944139763712883,-0.023614386096596718,nan,4.0,0.0,-0.011406046338379383,-0.0036466983146965504,2,0,1,1,14.81125259399414,0.0,3.2568717002868652,14.470414161682129,0.47271108627319336,0.049897413700819016,0.57551109790802,0.19467949867248535,-0.11057449132204056,0.049290310591459274,-0.09172546118497849,0.04973321780562401,0.0,10.599998474121094,33.900001525878906,23.100000381469727,0.699999988079071,0.0,0.0,0.0,0.30000001192092896,0.30000001192092896,0.30000001192092896,0.30000001192092896
28.15,0,0.19813260436058044,-0.029373986646533012,-0.028752068057656288,nan,4.0,0.0,-0.013401802629232407,-0.0034769547637552023,2,0,1,1,14.142533302307129,0.0,2.621565580368042,14.958916664123535,0.4727083146572113,0.04989240691065788,0.5755659937858582,0.19463776051998138,-0.11050748825073242,0.04931049048900604,-0.09166279435157776,0.04972468689084053,0.0,10.599998474121094,33.900001525878906,23.100000381469727,0.699999988079071,0.0,0.0,0.0,0.30000001192092896,0.30000001192092896,0.30000001192092896,0.30000001192092896
28.2,0,0.1981469839811325,-0.02921142801642418,-0.053376246243715286,nan,4.0,0.0,-0.022757790982723236,-0.003290133085101843,2,0,1,1,13.684075355529785,0.0,0.27076026797294617,15.262322425842285,0.4727017283439636,0.049886900931596756,0.5756217837333679,0.19452227652072906,-0.11053287982940674,0.04939841479063034,-0.09157966077327728,0.04971517622470856,0.0,10.599998474121094,33.900001525878906,23.100000381469727,0.699999988079071,0.0,0.0,0.0,0.30000001192092896,0.30000001192092896,0.30000001192092896,0.30000001192092896
28.25,0,0.19815775752067566,-0.029002275317907333,-0.06603309512138367,nan,4.0,0.0,-0.0199287086725235,-0.003010287182405591,2,0,1,1,14.46219539642334,0.0,0.9152992963790894,15.148520469665527,0.47270867228507996,0.049882736057043076,0.5756514072418213,0.19439511001110077,-0.11049748212099075,0.04948888346552849,-0.09151192009449005,0.04971699416637421,0.0,10.599998474121094,33.900001525878906,23.100000381469727,0.699999988079071,0.0,0.0,0.0,0.30000001192092896,0.30000001192092896,0.30000001192092896,0.30000001192092896
28.3,0,0.19815245270729065,-0.02881600707769394,-0.05922806262969971,nan,4.0,0.0,-0.02193688228726387,-0.002761224750429392,2,0,1,1,14.134461402893066,0.0,1.2954643964767456,15.262937545776367,0.47270986437797546,0.049878790974617004,0.5756708979606628,0.194265216588974,-0.11048924177885056,0.04956599324941635,-0.09144461899995804,0.049718283116817474,0.0,10.599998474121094,33.900001525878906,23.100000381469727,0.699999988079071,0.0,0.0,0.0,0.30000001192092896,0.30000001192092896,0.30000001192092896,0.30000001192092896
28.349999999999998,0,0.19815652072429657,-0.028672415763139725,-0.046184442937374115,nan,4.0,0.0,-0.020270127803087234,-0.002588632283732295,2,0,1,1,13.738160133361816,0.0,1.8306668996810913,15.154862403869629,0.4727082848548889,0.04987647384405136,0.5756910443305969,0.1941569745540619,-0.11048184335231781,0.049636323004961014,-0.09137633442878723,0.0497162826359272,0.0,10.599998474121094,33.900001525878906,23.100000381469727,0.699999988079071,0.0,0.0,0.0,0.30000001192092896,0.30000001192092896,0.30000001192092896,0.30000001192092896
28.4,0,0.19815592467784882,-0.02852470614016056,-0.019995756447315216,nan,4.0,0.0,-0.014385164715349674,-0.0024300592485815287,2,0,1,1,13.405916213989258,0.0,3.8690483570098877,14.232833862304688,0.47270917892456055,0.04987240210175514,0.5757073163986206,0.19405503571033478,-0.11043956130743027,0.04969089478254318,-0.09130827337503433,0.04971581697463989,0.0,10.599998474121094,33.900001525878906,23.100000381469727,0.699999988079071,0.0,0.0,0.0,0.30000001192092896,0.30000001192092896,0.30000001192092896,0.30000001192092896
28.45,0,0.1982021927833557,-0.028399696573615074,-0.085699163377285,nan,4.0,0.0,-0.026044122874736786,-0.0022322034928947687,2,0,1,1,15.052449226379395,0.0,0.6059045195579529,14.294166564941406,0.4727111756801605,0.04987048730254173,0.5758184194564819,0.19397029280662537,-0.11044692993164062,0.049760304391384125,-0.09122250229120255,0.049705229699611664,0.0,10.599998474121094,33.900001525878906,23.100000381469727,0.699999988079071,0.0,0.0,0.0,0.30000001192092896,0.30000001192092896,0.30000001192092896,0.30000001192092896
28.5,0,0.19822822511196136,-0.028343576937913895,-0.010850324295461178,nan,4.0,0.0,-0.014114500023424625,-0.0021674828603863716,2,0,1,1,13.403813362121582,0.0,4.084664344787598,14.48240852355957,0.4727114737033844,0.04986698180437088,0.5758505463600159,0.19396162033081055,-0.11038067191839218,0.04980623722076416,-0.09117783606052399,0.04969896003603935,0.0,10.599998474121094,33.900001525878906,23.100000381469727,0.699999988079071,0.0,0.0,0.0,0.30000001192092896,0.30000001192092896,0.30000001192092896,0.30000001192092896
28.55,0,0.19828324019908905,-0.028317077085375786,-0.0527135506272316,nan,4.0,0.0,-0.017449289560317993,-0.0020673503167927265,2,0,1,1,14.221144676208496,0.0,2.552208423614502,14.23277759552002,0.47271212935447693,0.04986787587404251,0.5759242177009583,0.19395552575588226,-0.11035972833633423,0.049860913306474686,-0.09106975048780441,0.0496990829706192,0.0,10.599998474121094,33.900001525878906,23.100000381469727,0.699999988079071,0.0,0.0,0.0,0.30000001192092896,0.30000001192092896,0.30000001192092896,0.30000001192092896
28.599999999999998,0,0.19832473993301392,-0.0282732043415308,-0.014378209598362446,nan,4.0,0.0,-0.011903604492545128,-0.0019292414654046297,2,0,1,1,13.599268913269043,0.0,4.124164581298828,14.377945899963379,0.4727117717266083,0.04986763373017311,0.5760038495063782,0.1939116269350052,-0.110318623483181,0.04990406334400177,-0.09103437513113022,0.04968564584851265,0.0,10.599998474121094,33.900001525878906,23.100000381469727,0.699999988079071,0.0,0.0,0.0,0.30000001192092896,0.30000001192092896,0.30000001192092896,0.30000001192092896
28.65,0,0.19836163520812988,-0.028266342356801033,-0.05845174565911293,nan,4.0,0.0,-0.02543077990412712,-0.0018680195789784193,2,0,1,1,14.500450134277344,0.0,1.084212064743042,14.887697219848633,0.47271108627319336,0.049863964319229126,0.5760453939437866,0.19390596449375153,-0.11034999042749405,0.04994778335094452,-0.09093103557825089,0.04968857392668724,0.0,10.599998474121094,33.900001525878906,23.100000381469727,0.699999988079071,0.0,0.0,0.0,0.30000001192092896,0.30000001192092896,0.30000001192092896,0.30000001192092896
28.7,0,0.19839085638523102,-0.028164733201265335,-0.0893266350030899,nan,4.0,0.0,-0.023507963865995407,-0.0015896992990747094,2,0,1,1,15.060428619384766,0.0,0.15812569856643677,15.025952339172363,0.4727153182029724,0.04985787346959114,0.5761167407035828,0.1937946230173111,-0.11030884087085724,0.04997249320149422,-0.09082580357789993,0.049682095646858215,0.0,10.599998474121094,33.900001525878906,23.100000381469727,0.699999988079071,0.0,0.0,0.0,0.30000001192092896,0.30000001192092896,0.30000001192092896,0.30000001192092896
28.75,0,0.19837886095046997,-0.028114190325140953,-0.03382144495844841,nan,4.0,0.0,-0.018346041440963745,-0.001467993832193315,2,0,1,1,13.691360473632812,0.0,3.111311674118042,15.318180084228516,0.472712904214859,0.04985711723566055,0.5760908722877502,0.1937151402235031,-0.11029013246297836,0.04999386891722679,-0.09076154232025146,0.04967496916651726,0.0,10.599998474121094,33.900001525878906,23.100000381469727,0.699999988079071,0.0,0.0,0.0,0.30000001192092896,0.30000001192092896,0.30000001192092896,0.30000001192092896
28.8,0,0.19836054742336273,-0.02808142825961113,-0.07045061141252518,nan,4.0,0.0,-0.025467704981565475,-0.0014156155521050096,2,0,1,1,14.071113586425781,0.0,1.2364778518676758,14.789505958557129,0.47271397709846497,0.04985484108328819,0.5760794878005981,0.19368129968643188,-0.110350102186203,0.05001639574766159,-0.0906992182135582,0.049663130193948746,0.0,10.599998474121094,33.900001525878906,23.100000381469727,0.699999988079071,0.0,0.0,0.0,0.30000001192092896,0.30000001192092896,0.30000001192092896,0.30000001192092896
28.849999999999998,0,0.19828589260578156,-0.028101695701479912,-0.07741488516330719,nan,4.0,0.0,-0.027913600206375122,-0.001450234791263938,2,0,1,1,13.996928215026855,0.0,0.880736768245697,14.924763679504395,0.47271379828453064,0.04985595867037773,0.5760014057159424,0.19366349279880524,-0.11049658060073853,0.05003015697002411,-0.09064660966396332,0.049658745527267456,0.0,10.599998474121094,33.900001525878906,23.100000381469727,0.699999988079071,0.0,0.0,0.0,0.30000001192092896,0.30000001192092896,0.30000001192092896,0.30000001192092896
28.9,0,0.1982608586549759,-0.028096040710806847,-0.05964769050478935,nan,4.0,0.0,-0.024318858981132507,-0.001390443299897015,2,0,1,1,14.688528060913086,0.0,0.0,15.802021026611328,0.47271275520324707,0.04985226318240166,0.5759806036949158,0.1936202347278595,-0.11055544763803482,0.05003638565540314,-0.09058275073766708,0.049647942185401917,0.0,10.599998474121094,33.900001525878906,23.100000381469727,0.699999988079071,0.0,0.0,0.0,0.30000001192092896,0.30000001192092896,0.30000001192092896,0.30000001192092896
28.95,0,0.19833646714687347,-0.02817164920270443,-0.05939262732863426,nan,4.0,0.0,-0.029080525040626526,-0.0014020117232576013,2,0,1,1,14.885421752929688,0.0,0.35674330592155457,15.542794227600098,0.4727132022380829,0.04985075816512108,0.576060950756073,0.19366700947284698,-0.11045631021261215,0.050028614699840546,-0.0904967188835144,0.049650441855192184,0.0,10.599998474121094,33.900001525878906,23.100000381469727,0.699999988079071,0.0,0.0,0.0,0.30000001192092896,0.30000001192092896,0.30000001192092896,0.30000001192092896
29.0,0,0.19834747910499573,-0.028174186125397682,-0.07254806160926819,nan,4.0,0.0,-0.028091028332710266,-0.0013161803362891078,2,0,1,1,14.127198219299316,0.0,1.339326024055481,15.220966339111328,0.4727158546447754,0.049854177981615067,0.5760790705680847,0.19366046786308289,-0.110436350107193,0.050018180161714554,-0.09042346477508545,0.049634601920843124,0.0,10.599998474121094,33.900001525878906,23.100000381469727,0.699999988079071,0.0,0.0,0.0,0.30000001192092896,0.30000001192092896,0.30000001192092896,0.30000001192092896
29.05,0,0.19834068417549133,-0.02816620282828808,-0.02738172747194767,nan,4.0,0.0,-0.012076455168426037,-0.0012823506258428097,2,0,1,1,14.125005722045898,0.0,3.3853886127471924,15.074873924255371,0.47271886467933655,0.04985598474740982,0.5761224031448364,0.19363892078399658,-0.11041828244924545,0.05000502988696098,-0.09033577144145966,0.049632489681243896,0.0,10.599998474121094,33.900001525878906,23.100000381469727,0.699999988079071,0.0,0.0,0.0,0.30000001192092896,0.30000001192092896,0.30000001192092896,0.30000001192092896
29.099999999999998,0,0.19837337732315063,-0.028184354305267334,-0.049563392996788025,nan,4.0,0.0,-0.026715628802776337,-0.001260099234059453,2,0,1,1,14.188096046447754,0.0,1.895499348640442,15.509320259094238,0.4727170467376709,0.04985357075929642,0.5761699676513672,0.1936415135860443,-0.11043468117713928,0.05002649873495102,-0.09029228985309601,0.04961633309721947,0.0,10.599998474121094,33.900001525878906,23.100000381469727,0.699999988079071,0.0,0.0,0.0,0.30000001192092896,0.30000001192092896,0.30000001192092896,0.30000001192092896
29.15,0,0.19830182194709778,-0.028177540749311447,-0.03751364350318909,nan,4.0,0.0,-0.025898393243551254,-0.0012802815763279796,2,0,1,1,13.817838668823242,0.0,3.2209863662719727,15.200434684753418,0.47271645069122314,0.049855686724185944,0.5761017799377441,0.19361117482185364,-0.11053425818681717,0.05003081634640694,-0.09022623300552368,0.04961792007088661,0.0,10.599998474121094,33.900001525878906,23.100000381469727,0.699999988079071,0.0,0.0,0.0,0.30000001192092896,0.30000001192092896,0.30000001192092896,0.30000001192092896
29.2,0,0.19835752248764038,-0.028107132762670517,-0.06836657971143723,nan,4.0,0.0,-0.022894378751516342,-0.0010513875167816877,2,0,1,1,14.8025484085083,0.0,0.0,15.72103214263916,0.4727172255516052,0.049847524613142014,0.576215922832489,0.19353842735290527,-0.11047828942537308,0.050035327672958374,-0.09014809876680374,0.04959208890795708,0.0,10.599998474121094,33.900001525878906,23.100000381469727,0.699999988079071,0.0,0.0,0.0,0.30000001192092896,0.30000001192092896,0.30000001192092896,0.30000001192092896
29.25,0,0.19836516678333282,-0.028187258169054985,-0.04174327105283737,nan,4.0,0.0,-0.019005710259079933,-0.0011244496563449502,2,0,1,1,13.800299644470215,0.0,2.9544341564178467,14.71506118774414,0.4727186858654022,0.04985222965478897,0.5762106776237488,0.19359727203845978,-0.11044176667928696,0.05001887306571007,-0.09007008373737335,0.04958926513791084,0.0,10.599998474121094,33.900001525878906,23.100000381469727,0.699999988079071,0.0,0.0,0.0,0.30000001192092896,0.30000001192092896,0.30000001192092896,0.30000001192092896
29.3,0,0.19830606877803802,-0.02821366675198078,-0.08229640871286392,nan,4.0,0.0,-0.033628132194280624,-0.0011579309357330203,2,0,1,1,14.315218925476074,0.0,0.8108397126197815,15.568782806396484,0.47271978855133057,0.04984845593571663,0.576151430606842,0.19354642927646637,-0.11058437824249268,0.050009921193122864,-0.089999258518219,0.04958228021860123,0.0,10.599998474121094,33.900001525878906,23.100000381469727,0.699999988079071,0.0,0.0,0.0,0.30000001192092896,0.30000001192092896,0.30000001192092896,0.30000001192092896
29.349999999999998,0,0.19831262528896332,-0.028281791135668755,-0.0892120748758316,nan,4.0,0.0,-0.029892992228269577,-0.0011984891025349498,2,0,1,1,14.819244384765625,0.0,0.604898989200592,14.567145347595215,0.4727199971675873,0.04985586181282997,0.5761685371398926,0.19358697533607483,-0.11057016998529434,0.049985215067863464,-0.08992768824100494,0.049577705562114716,0.0,10.599998474121094,33.900001525878906,23.100000381469727,0.699999988079071,0.0,0.0,0.0,0.30000001192092896,0.30000001192092896,0.30000001192092896,0.30000001192092896
29.4,0,0.1982787698507309,-0.02829779125750065,-0.09655564278364182,nan,4.0,0.0,-0.030511368066072464,-0.0012872993247583508,2,0,1,1,14.473587989807129,0.0,0.6606693863868713,14.505914688110352,0.4727201461791992,0.04985297843813896,0.5761529803276062,0.19356676936149597,-0.11062606424093246,0.04995173215866089,-0.08985258638858795,0.049561504274606705,0.0,10.599998474121094,33.900001525878906,23.100000381469727,0.699999988079071,0.0,0.0,0.0,0.30000001192092896,0.30000001192092896,0.30000001192092896,0.30000001192092896
29.45,0,0.19826799631118774,-0.028322337195277214,-0.10224848985671997,nan,4.0,0.0,-0.03053554892539978,-0.0013185987481847405,2,0,1,1,14.33639144897461,0.0,0.0,14.558253288269043,0.4727196991443634,0.049853868782520294,0.5761625170707703,0.19354602694511414,-0.1106318011879921,0.04991253837943077,-0.08978094905614853,0.04954902455210686,0.0,10.599998474121094,33.900001525878906,23.100000381469727,0.699999988079071,0.0,0.0,0.0,0.30000001192092896,0.30000001192092896,0.30000001192092896,0.30000001192092896
29.5,0,0.19824612140655518,-0.0284485574811697,-0.08782648295164108,nan,4.0,0.0,-0.03283267095685005,-0.001430885517038405,2,0,1,1,13.784713745117188,0.0,0.5739339590072632,14.8551607131958,0.4727189540863037,0.04985873028635979,0.5761280655860901,0.19359774887561798,-0.1106714978814125,0.04986225441098213,-0.0897098109126091,0.04953703284263611,0.0,10.599998474121094,33.900001525878906,23.100000381469727,0.699999988079071,0.0,0.0,0.0,0.30000001192092896,0.30000001192092896,0.30000001192092896,0.30000001192092896
29.55,0,0.19823631644248962,-0.02852572128176689,-0.02679288014769554,nan,4.0,0.0,-0.013393259607255459,-0.001478808932006359,2,0,1,1,13.60520076751709,0.0,4.0090651512146,14.509384155273438,0.4727235436439514,0.049859147518873215,0.5761293172836304,0.1936374306678772,-0.11063248664140701,0.04980745539069176,-0.08964122086763382,0.04952932894229889,0.0,10.599998474121094,33.900001525878906,23.100000381469727,0.699999988079071,0.0,0.0,0.0,0.30000001192092896,0.30000001192092896,0.30000001192092896,0.30000001192092896
29.599999999999998,0,0.19826841354370117,-0.02863697148859501,-0.0748065635561943,nan,4.0,0.0,-0.032969921827316284,-0.0014992615906521678,2,0,1,1,14.112013816833496,0.0,1.031415581703186,15.186312675476074,0.472722589969635,0.04985769838094711,0.5761504173278809,0.19366709887981415,-0.11062811315059662,0.04975525289773941,-0.08952925354242325,0.049507226794958115,0.0,10.599998474121094,33.900001525878906,23.100000381469727,0.699999988079071,0.0,0.0,0.0,0.30000001192092896,0.30000001192092896,0.30000001192092896,0.30000001192092896
29.65,0,0.19824187457561493,-0.028767380863428116,-0.02383485436439514,nan,4.0,0.0,-0.014331758953630924,-0.0016958550550043583,2,0,1,1,13.800025939941406,0.0,4.144773006439209,14.554998397827148,0.4727259576320648,0.04986565187573433,0.5761405825614929,0.19374413788318634,-0.11062023043632507,0.04967690631747246,-0.08944261819124222,0.049499671906232834,0.0,10.599998474121094,33.900001525878906,23.100000381469727,0.699999988079071,0.0,0.0,0.0,0.30000001192092896,0.30000001192092896,0.30000001192092896,0.30000001192092896
29.7,0,0.19827666878700256,-0.02892899699509144,-0.022178133949637413,nan,4.0,0.0,-0.01504907663911581,-0.0017948815366253257,2,0,1,1,14.092923164367676,0.0,4.049554347991943,14.378825187683105,0.4727267324924469,0.049869563430547714,0.5761626362800598,0.19384078681468964,-0.11056412011384964,0.04960041120648384,-0.08935123682022095,0.04948581010103226,0.0,10.599998474121094,33.900001525878906,23.100000381469727,0.699999988079071,0.0,0.0,0.0,0.30000001192092896,0.30000001192092896,0.30000001192092896,0.30000001192092896
29.75,0,0.1983221173286438,-0.02921549789607525,-0.029270870611071587,nan,4.0,0.0,-0.02840232476592064,-0.00206556124612689,2,0,1,1,13.854424476623535,0.0,2.4224681854248047,14.503623008728027,0.47272101044654846,0.04987461864948273,0.5761741399765015,0.19399668276309967,-0.11056201905012131,0.04951160028576851,-0.0892585813999176,0.04947279021143913,0.0,10.599998474121094,33.900001525878906,23.100000381469727,0.699999988079071,0.0,0.0,0.0,0.30000001192092896,0.30000001192092896,0.30000001192092896,0.30000001192092896
29.8,0,0.19832083582878113,-0.02933441661298275,-0.04837028309702873,nan,4.0,0.0,-0.03401162475347519,-0.0021329468581825495,2,0,1,1,13.763435363769531,0.0,1.9460020065307617,15.45577621459961,0.47272059321403503,0.04987200349569321,0.5761616230010986,0.19403022527694702,-0.1105593591928482,0.04942721873521805,-0.0891679897904396,0.04945199936628342,0.0,10.60000228881836,33.900001525878906,23.100000381469727,0.699999988079071,0.0,0.0,0.0,0.30000001192092896,0.30000001192092896,0.30000001192092896,0.30000001192092896
29.849999999999998,0,0.1982501745223999,-0.029433203861117363,-0.09190884232521057,nan,4.0,0.0,-0.03404899686574936,-0.002293830504640937,2,0,1,1,14.039814949035645,0.0,0.6878278255462646,14.923482894897461,0.47272583842277527,0.049874965101480484,0.5760827660560608,0.19406594336032867,-0.11064869910478592,0.04934186488389969,-0.0891018733382225,0.049435243010520935,0.0,10.599998474121094,33.900001525878906,23.100000381469727,0.699999988079071,0.0,0.0,0.0,0.30000001192092896,0.30000001192092896,0.30000001192092896,0.30000001192092896
29.9,0,0.19817769527435303,-0.029627524316310883,-0.10050811618566513,nan,4.0,0.0,-0.03674860671162605,-0.002612162148579955,2,0,1,1,13.805776596069336,0.0,1.1412875652313232,14.424015045166016,0.4727233648300171,0.04988200217485428,0.5760128498077393,0.19415143132209778,-0.11074966937303543,0.04922442138195038,-0.08902793377637863,0.049421150237321854,0.0,10.599998474121094,33.900001525878906,23.100000381469727,0.699999988079071,0.0,0.0,0.0,0.30000001192092896,0.30000001192092896,0.30000001192092896,0.30000001192092896
29.95,0,0.19814082980155945,-0.029870351776480675,-0.11205822229385376,nan,4.0,0.0,-0.03906341269612312,-0.0028683410491794348,2,0,1,1,13.863445281982422,0.0,0.2759262025356293,14.4576416015625,0.47272542119026184,0.04988419637084007,0.5759335160255432,0.19427266716957092,-0.11081379652023315,0.04911278188228607,-0.08894814550876617,0.04940720275044441,0.0,10.599998474121094,33.900001525878906,23.100000381469727,0.699999988079071,0.0,0.0,0.0,0.30000001192092896,0.30000001192092896,0.30000001192092896,0.30000001192092896
30.0,0,0.1981326937675476,-0.030149267986416817,-0.06454985588788986,nan,4.0,0.0,-0.030807532370090485,-0.0031399806030094624,2,0,1,1,14.904829978942871,0.0,0.0,15.770838737487793,0.47272738814353943,0.04989282786846161,0.57593834400177,0.19441965222358704,-0.11084651201963425,0.048980679363012314,-0.08887488394975662,0.04938208684325218,0.0,10.600000381469727,33.900001525878906,23.100000381469727,0.699999988079071,0.0,0.0,0.0,0.30000001192092896,0.30000001192092896,0.30000001192092896,0.30000001192092896
30.05,0,0.19819863140583038,-0.030456319451332092,-0.04797719791531563,nan,4.0,0.0,-0.012070287019014359,-0.0034273446071892977,2,0,1,1,15.624131202697754,0.0,0.0,15.395313262939453,0.47269684076309204,0.04989531263709068,0.5759920477867126,0.19461172819137573,-0.11077626049518585,0.04887748882174492,-0.08895593136548996,0.049377355724573135,0.0,10.600000381469727,33.900001525878906,23.100000381469727,0.699999988079071,0.0,0.0,0.0,0.0,0.0,0.0,0.0
30.099999999999998,0,0.19843050837516785,-0.03089691884815693,-0.051741115748882294,nan,4.0,0.0,-0.011067740619182587,-0.004189681727439165,2,0,1,1,12.104698181152344,0.0,0.7731756567955017,14.80805492401123,0.47268375754356384,0.04990151897072792,0.5761752724647522,0.19505013525485992,-0.11071676760911942,0.04888400062918663,-0.0893416479229927,0.04941600188612938,0.0,10.600000381469727,33.900001525878906,23.100000381469727,0.699999988079071,0.0,0.0,0.0,0.0,0.0,0.0,0.0
30.15,0,0.19962140917778015,-0.030601046979427338,0.056408509612083435,nan,4.0,0.0,-0.4447302222251892,-0.00556924007833004,2,0,1,1,8.37993049621582,0.0,5.1604437828063965,11.38270378112793,0.4688988924026489,0.0499090775847435,0.5773030519485474,0.19470614194869995,-0.1101636067032814,0.04883323609828949,-0.089443139731884,0.04941290616989136,0.0,-11.5,33.900001525878906,23.100000381469727,0.699999988079071,0.0,0.0,0.0,-2.0899999141693115,0.0,0.0,0.0
30.2,0,0.20574240386486053,-0.01993030123412609,0.32344141602516174,nan,4.0,0.0,-0.36554986238479614,-0.004411554429680109,2,0,1,1,15.08577823638916,0.0,1.2416059970855713,14.051840782165527,0.46237054467201233,0.04973930865526199,0.584357738494873,0.1859695315361023,-0.1053256243467331,0.048788633197546005,-0.08761250227689743,0.04915100708603859,0.0,-11.5,33.900001525878906,23.100000381469727,0.699999988079071,0.0,0.0,0.0,-2.0899999141693115,0.0,0.0,0.0
30.25,0,0.2128305435180664,-0.009034174494445324,0.2631974220275879,nan,4.0,0.0,-0.05979491025209427,0.004084954969584942,2,3,1,1,15.847766876220703,0.0,0.0,14.577476501464844,0.4601789712905884,0.04927016794681549,0.5923721790313721,0.17654085159301758,-0.09836270660161972,0.049964871257543564,-0.08531878888607025,0.049109235405921936,0.0,-11.5,33.900001525878906,23.100000381469727,0.699999988079071,0.0,0.0,0.0,-2.0899999141693115,0.0,0.0,0.0
30.3,0,0.2184334546327591,0.0014310067053884268,0.2068537324666977,nan,4.0,0.0,-0.014266460202634335,0.018094835802912712,2,3,1,1,16.350143432617188,0.0,0.0,13.759272575378418,0.4576585590839386,0.04890128970146179,0.5988163352012634,0.16825374960899353,-0.09294329583644867,0.05419538915157318,-0.0834735780954361,0.04969701170921326,0.0,-11.5,33.900001525878906,23.100000381469727,0.699999988079071,0.0,0.0,0.0,-2.0899999141693115,0.0,0.0,0.0
30.349999999999998,0,0.2233438938856125,0.012250651605427265,0.26240429282188416,nan,4.0,0.0,0.014766647480428219,0.03825420141220093,2,3,1,1,15.638609886169434,0.0,0.0,13.46872615814209,0.4551500082015991,0.04930616170167923,0.6044875979423523,0.15983198583126068,-0.0882488340139389,0.060934435576200485,-0.08178741484880447,0.050303369760513306,0.0,-11.5,33.900001525878906,23.100000381469727,0.699999988079071,0.0,0.0,0.0,-2.0899999141693115,0.0,0.0,0.0
30.4,0,0.22586403787136078,0.027011403813958168,0.05683932080864906,0.29226240515708923,4.0,0.0,0.20724444091320038,0.05881281569600105,2,3,1,1,8.820777893066406,6.9846649169921875,0.0,8.18466854095459,0.4522058665752411,0.04961247742176056,0.6078968048095703,0.15051311254501343,-0.08624842762947083,0.06957942992448807,-0.08053215593099594,0.05077764019370079,0.0,-11.5,33.900001525878906,23.100000381469727,0.699999988079071,0.0,0.0,0.0,-2.0899999141693115,0.0,0.0,0.0
30.45,0,0.22534428536891937,0.02834041602909565,0.07125911116600037,nan,4.0,0.0,0.19539426267147064,0.06007757410407066,2,3,1,1,14.381584167480469,1.3127150535583496,0.0,12.96976375579834,0.4481761157512665,0.049822717905044556,0.6076741218566895,0.1505473405122757,-0.08671727031469345,0.07057665288448334,-0.08051376044750214,0.05079858377575874,0.0,-11.5,33.900001525878906,23.100000381469727,0.699999988079071,0.0,0.0,0.0,-2.0899999141693115,0.0,0.0,0.0
30.5,0,0.22413012385368347,0.03014216385781765,0.07267026603221893,0.23406778275966644,4.0,0.0,0.1823352426290512,0.06083517149090767,1,3,1,1,13.92106819152832,1.7886487245559692,0.0,12.864885330200195,0.4440031349658966,0.04969090223312378,0.6068671941757202,0.1505843847990036,-0.08792088180780411,0.07150238007307053,-0.08075028657913208,0.050785064697265625,0.0,-11.5,33.900001525878906,23.100000381469727,0.699999988079071,0.0,0.0,0.0,-2.0899999141693115,0.0,0.0,0.0
30.55,0,0.22232505679130554,0.03183954954147339,0.0617508664727211,0.23155666887760162,4.0,0.0,0.1680561602115631,0.060392364859580994,1,3,1,1,13.950669288635254,1.6610620021820068,0.0,12.924278259277344,0.43975475430488586,0.04919824004173279,0.6054030060768127,0.15059547126293182,-0.08971605449914932,0.07198864221572876,-0.08123206347227097,0.0507211908698082,0.0,-11.5,33.900001525878906,23.100000381469727,0.699999988079071,0.0,0.0,0.0,-2.0899999141693115,0.0,0.0,0.0
30.599999999999998,0,0.2201472818851471,0.03323264792561531,0.05574195086956024,0.22947251796722412,4.0,0.0,0.16074851155281067,0.059536442160606384,1,3,1,1,14.194123268127441,1.9457889795303345,0.0,13.158875465393066,0.43557700514793396,0.04871013015508652,0.6034730076789856,0.15059517323970795,-0.09186604619026184,0.0722588524222374,-0.08191680908203125,0.05062038451433182,0.0,-11.5,33.900001525878906,23.100000381469727,0.699999988079071,0.0,0.0,0.0,-2.0899999141693115,0.0,0.0,0.0
30.65,0,0.21785928308963776,0.03413613885641098,0.05269135907292366,0.22764331102371216,4.0,0.0,0.15406441688537598,0.059202902019023895,1,3,1,1,14.604085922241211,1.366357684135437,0.0,12.847090721130371,0.43152740597724915,0.04866347089409828,0.6013244390487671,0.15059617161750793,-0.09410344809293747,0.072642482817173,-0.0827358067035675,0.05050097033381462,0.0,-11.5,33.900001525878906,23.100000381469727,0.699999988079071,0.0,0.0,0.0,-2.0899999141693115,0.0,0.0,0.0
30.7,0,0.21549762785434723,0.035200729966163635,0.056293707340955734,0.22595509886741638,4.0,0.0,0.14809517562389374,0.059878334403038025,1,3,1,1,13.985394477844238,1.5936923027038574,0.0,12.872586250305176,0.4275588095188141,0.04890602082014084,0.5991311073303223,0.15061765909194946,-0.09643259644508362,0.07344168424606323,-0.08366259187459946,0.05036625266075134,0.0,-11.5,33.900001525878906,23.100000381469727,0.699999988079071,0.0,0.0,0.0,-2.0899999141693115,0.0,0.0,0.0
30.75,0,0.21388019621372223,0.033762797713279724,0.030911937355995178,0.22397756576538086,4.0,0.0,0.19422197341918945,0.059939756989479065,1,3,1,1,13.613899230957031,1.2095725536346436,0.0,12.973958015441895,0.4237775206565857,0.04883132129907608,0.5975276231765747,0.15063974261283875,-0.09796279668807983,0.0723523274064064,-0.0848095566034317,0.05019856244325638,0.0,-11.5,33.900001525878906,23.100000381469727,0.699999988079071,0.0,2.0999999046325684,0.0,-2.0899999141693115,0.0,0.0,0.0
30.8,0,0.2131088823080063,0.03261342644691467,0.0357661210000515,0.22148814797401428,4.0,0.0,0.21015915274620056,0.057710036635398865,1,3,1,1,13.800008773803711,1.475793480873108,0.0,13.182933807373047,0.42026975750923157,0.048479851335287094,0.5967423915863037,0.1506212204694748,-0.098659947514534,0.07053888589143753,-0.08559197187423706,0.05000922828912735,0.0,-11.5,33.900001525878906,23.100000381469727,0.699999988079071,0.0,2.0999999046325684,0.0,-2.0899999141693115,0.0,0.0,0.0
30.849999999999998,0,0.21305330097675323,0.01640026457607746,-0.4733628034591675,0.2222658395767212,4.0,0.0,0.08381003886461258,0.06453731656074524,1,3,1,1,12.662003517150879,1.3016571998596191,0.0,10.201916694641113,0.4194110333919525,0.04905542731285095,0.596116304397583,0.15081584453582764,-0.09839183837175369,0.06241518259048462,-0.09509027749300003,0.05052508786320686,0.0,-11.5,33.900001525878906,23.100000381469727,0.699999988079071,0.0,18.700000762939453,0.0,-2.0899999141693115,0.0,0.0,0.0
30.9,0,0.21344563364982605,-0.0040350849740207195,-0.3525877892971039,0.2193831503391266,4.0,0.0,0.14921729266643524,0.06762126088142395,1,3,1,1,14.309063911437988,0.894664466381073,0.0,13.679468154907227,0.4156458079814911,0.04956689849495888,0.5971335172653198,0.15095753967761993,-0.0977238342165947,0.05030817911028862,-0.10144278407096863,0.05084135755896568,0.0,-11.5,33.900001525878906,23.100000381469727,0.699999988079071,0.0,20.100000381469727,0.0,-2.0899999141693115,0.0,0.0,0.0
30.95,0,0.2136601209640503,-0.016052084043622017,-0.3132760524749756,0.294001042842865,4.0,0.0,0.14515875279903412,0.08390326797962189,1,3,1,1,0.0,10.900805473327637,14.742809295654297,1.0902869701385498,0.42038124799728394,0.05223360285162926,0.5974416732788086,0.1512024849653244,-0.09812295436859131,0.048567887395620346,-0.10872700810432434,0.051334816962480545,0.0,-11.5,33.900001525878906,23.100000381469727,0.699999988079071,0.0,20.100000381469727,0.0,-2.0899999141693115,0.0,0.0,0.0
31.0,0,0.2136099487543106,-0.023904133588075638,-0.24236026406288147,0.30852365493774414,4.0,0.0,0.17350473999977112,0.09653795510530472,1,3,1,1,0.0,10.700108528137207,13.874288558959961,2.315951108932495,0.4245579242706299,0.05481443181633949,0.5974718332290649,0.15138572454452515,-0.09860628098249435,0.04846784472465515,-0.1129550114274025,0.05160447955131531,0.0,-11.5,33.900001525878906,23.100000381469727,0.699999988079071,0.0,20.100000381469727,0.0,-2.0899999141693115,0.0,0.0,0.0
31.05,0,0.21360215544700623,-0.02867157571017742,-0.15559065341949463,0.3108747601509094,4.0,0.0,0.18576554954051971,0.10437458008527756,1,3,1,1,0.0,11.099249839782715,14.576567649841309,3.6958389282226562,0.42712464928627014,0.05636992305517197,0.5975921154022217,0.15148937702178955,-0.09896686673164368,0.04838816449046135,-0.11545588821172714,0.05171188339591026,0.0,-11.5,33.900001525878906,23.100000381469727,0.699999988079071,0.0,20.100000381469727,0.0,-2.0899999141693115,0.0,0.0,0.0
31.099999999999998,0,0.2136533111333847,-0.031440433114767075,-0.1171104833483696,0.31233352422714233,4.0,0.0,0.1956847757101059,0.10900945961475372,1,3,1,1,0.0,11.39024543762207,14.628719329833984,2.9332752227783203,0.42873746156692505,0.05718521028757095,0.5977755188941956,0.15153710544109344,-0.09922965615987778,0.04832974076271057,-0.11694444715976715,0.05177922174334526,0.0,-11.5,33.900001525878906,23.100000381469727,0.699999988079071,0.0,20.100000381469727,0.0,-2.0899999141693115,0.0,0.0,0.0
31.15,0,0.21370959281921387,-0.03296814486384392,-0.08996779471635818,0.31328344345092773,4.0,0.0,0.19870424270629883,0.11174748837947845,1,3,1,1,0.0,11.449027061462402,14.568119049072266,2.7480080127716064,0.4297376573085785,0.057534657418727875,0.597976803779602,0.15155628323554993,-0.09944465756416321,0.04828644171357155,-0.11788246780633926,0.051818422973155975,0.0,-11.5,33.900001525878906,23.100000381469727,0.699999988079071,0.0,20.100000381469727,0.0,-2.0899999141693115,0.0,0.0,0.0
31.2,0,0.2137892246246338,-0.03379121795296669,-0.06917430460453033,0.31392404437065125,4.0,0.0,0.20166057348251343,0.11334593594074249,1,3,1,1,0.0,11.583574295043945,14.537779808044434,2.8402042388916016,0.43038636445999146,0.05762316659092903,0.5981952548027039,0.1515568345785141,-0.09960921108722687,0.04825527220964432,-0.11846944689750671,0.05183606222271919,0.0,-11.5,33.900001525878906,23.100000381469727,0.699999988079071,0.0,20.100000381469727,0.0,-2.0899999141693115,0.0,0.0,0.0
31.25,0,0.21388258039951324,-0.03415374085307121,-0.05780291557312012,0.31435465812683105,4.0,0.0,0.20118120312690735,0.11420246958732605,1,3,1,1,0.0,11.611977577209473,14.408062934875488,2.721186876296997,0.43082231283187866,0.05753912776708603,0.5984187126159668,0.1515456736087799,-0.0997374951839447,0.048232704401016235,-0.11882027983665466,0.051846884191036224,0.0,-11.5,33.900001525878906,23.100000381469727,0.699999988079071,0.0,20.100000381469727,0.0,-2.0899999141693115,0.0,0.0,0.0
31.3,0,0.21395482122898102,-0.03422932326793671,-0.06174881011247635,0.31467199325561523,4.0,0.0,0.20085366070270538,0.11467117816209793,1,3,1,1,0.0,11.672447204589844,14.317326545715332,2.6896848678588867,0.43109771609306335,0.057361308485269547,0.598628044128418,0.15153005719184875,-0.0998539850115776,0.04821337014436722,-0.11906775832176208,0.051852982491254807,0.0,-11.5,33.900001525878906,23.100000381469727,0.699999988079071,0.0,20.100000381469727,0.0,-2.0899999141693115,0.0,0.0,0.0
31.349999999999998,0,0.21401458978652954,-0.034173592925071716,-0.060267940163612366,0.31492382287979126,4.0,0.0,0.20064528286457062,0.11494016647338867,1,3,1,1,0.0,11.790645599365234,14.32094669342041,2.437249183654785,0.4312768280506134,0.05715353786945343,0.598821759223938,0.1515120267868042,-0.09995944797992706,0.04819716140627861,-0.11925801634788513,0.05185709521174431,0.0,-11.5,33.900001525878906,23.100000381469727,0.699999988079071,0.0,20.100000381469727,0.0,-2.0899999141693115,0.0,0.0,0.0
31.4,0,0.21406036615371704,-0.03404010459780693,-0.052790071815252304,0.31513577699661255,4.0,0.0,0.20072700083255768,0.11509586125612259,1,3,1,1,0.0,11.843664169311523,14.267901420593262,2.6273252964019775,0.4313912093639374,0.05693354830145836,0.5989980697631836,0.15149405598640442,-0.1000576913356781,0.04818222299218178,-0.119419626891613,0.05185551941394806,0.0,-11.5,33.900001525878906,23.100000381469727,0.699999988079071,0.0,20.100000381469727,0.0,-2.0899999141693115,0.0,0.0,0.0
31.45,0,0.21410539746284485,-0.03383735567331314,-0.05213400349020958,0.31530433893203735,4.0,0.0,0.2005271464586258,0.11512758582830429,1,3,1,1,0.0,11.959811210632324,14.34975528717041,2.1999616622924805,0.43147411942481995,0.05669698864221573,0.5991657376289368,0.1514740288257599,-0.10014306008815765,0.048169754445552826,-0.11953553557395935,0.05185540392994881,0.0,-11.5,33.900001525878906,23.100000381469727,0.699999988079071,0.0,20.100000381469727,0.0,-2.0899999141693115,0.0,0.0,0.0
31.5,0,0.2141493260860443,-0.03361320495605469,-0.048869017511606216,0.3154296875,4.0,0.0,0.20003558695316315,0.1150958389043808,1,3,1,1,0.0,11.983843803405762,14.208727836608887,2.4881577491760254,0.43153825402259827,0.05646525323390961,0.5993209481239319,0.15145500004291534,-0.10021677613258362,0.04815937206149101,-0.11960792541503906,0.05185360461473465,0.0,-11.5,33.900001525878906,23.100000381469727,0.699999988079071,0.0,20.100000381469727,0.0,-2.0899999141693115,0.0,0.0,0.0
31.55,0,0.2141931802034378,-0.03341403976082802,-0.0494067408144474,0.31554415822029114,4.0,0.0,0.20001262426376343,0.11507723480463028,1,3,1,1,0.0,12.0519380569458,14.116754531860352,2.575882911682129,0.4315916895866394,0.05626006796956062,0.599466860294342,0.15143616497516632,-0.1002785786986351,0.048150405287742615,-0.11967065185308456,0.0518527589738369,0.0,-11.5,33.900001525878906,23.100000381469727,0.699999988079071,0.0,20.100000381469727,0.0,-2.0899999141693115,0.0,0.0,0.0
31.599999999999998,0,0.21422693133354187,-0.03321865200996399,-0.049465034157037735,0.31564611196517944,4.0,0.0,0.20021824538707733,0.11506800353527069,1,3,1,1,0.0,12.101262092590332,14.113359451293945,2.535465717315674,0.43162843585014343,0.05607093498110771,0.5995988249778748,0.1514187604188919,-0.10033590346574783,0.0481419637799263,-0.11973007768392563,0.05185156315565109,0.0,-11.5,33.900001525878906,23.100000381469727,0.699999988079071,0.0,20.100000381469727,0.0,-2.0899999141693115,0.0,0.0,0.0
31.65,0,0.21425355970859528,-0.03303562477231026,-0.0497683547437191,0.315739244222641,4.0,0.0,0.20026342570781708,0.11505743861198425,1,3,1,1,0.0,12.143038749694824,14.105501174926758,2.5052661895751953,0.4316542148590088,0.05589880049228668,0.5997158288955688,0.15140317380428314,-0.10038944333791733,0.0481339655816555,-0.1197882667183876,0.051851000636816025,0.0,-11.5,33.900001525878906,23.100000381469727,0.699999988079071,0.0,20.100000381469727,0.0,-2.0899999141693115,0.0,0.0,0.0
31.7,0,0.21427547931671143,-0.03286825120449066,-0.04996586591005325,0.3158350884914398,4.0,0.0,0.20042580366134644,0.11504607647657394,1,3,1,1,0.0,12.213046073913574,14.111189842224121,2.452972173690796,0.4316723346710205,0.055738262832164764,0.5998256206512451,0.1513882279396057,-0.10044416785240173,0.048125382512807846,-0.11985407769680023,0.051850877702236176,0.0,-11.5,33.900001525878906,23.100000381469727,0.699999988079071,0.0,20.100000381469727,0.0,-2.0899999141693115,0.0,0.0,0.0
31.75,0,0.21429401636123657,-0.03270074352622032,-0.050127312541007996,0.3159118890762329,4.0,0.0,0.2002944052219391,0.11502766609191895,1,3,1,1,0.0,12.249201774597168,14.084370613098145,2.4405977725982666,0.43168702721595764,0.055584125220775604,0.5999240279197693,0.15137453377246857,-0.10049570351839066,0.048117704689502716,-0.11990457773208618,0.0518500916659832,0.0,-11.5,33.900001525878906,23.100000381469727,0.699999988079071,0.0,20.100000381469727,0.0,-2.0899999141693115,0.0,0.0,0.0
31.8,0,0.21430808305740356,-0.03254953399300575,-0.0502547025680542,0.31598156690597534,4.0,0.0,0.20017778873443604,0.11501649767160416,1,3,1,1,0.0,12.28772258758545,14.074666023254395,2.4205994606018066,0.4316965937614441,0.055446233600378036,0.60001140832901,0.15136243402957916,-0.10054304450750351,0.04811055213212967,-0.11995287984609604,0.05184939503669739,0.0,-11.5,33.900001525878906,23.100000381469727,0.699999988079071,0.0,20.100000381469727,0.0,-2.0899999141693115,0.0,0.0,0.0
31.849999999999998,0,0.2143193483352661,-0.03241395950317383,-0.05055484175682068,0.3160450756549835,4.0,0.0,0.20005804300308228,0.11500702798366547,1,3,1,1,0.0,12.318925857543945,14.065324783325195,2.4026362895965576,0.43170347809791565,0.05532272905111313,0.600088357925415,0.15135154128074646,-0.10058648139238358,0.04810402914881706,-0.11999868601560593,0.05184877663850784,0.0,-11.5,33.900001525878906,23.100000381469727,0.699999988079071,0.0,20.100000381469727,0.0,-2.0899999141693115,0.0,0.0,0.0
31.9,0,0.2143363356590271,-0.032304976135492325,-0.05117643624544144,0.31610754132270813,4.0,0.0,0.22090893983840942,0.11500369012355804,1,3,1,1,0.0,12.368366241455078,13.978926658630371,2.4420905113220215,0.43172281980514526,0.055215440690517426,0.6001634001731873,0.15134041011333466,-0.1006232500076294,0.04809839278459549,-0.120039202272892,0.05184818431735039,0.0,-11.5,33.900001525878906,23.100000381469727,0.699999988079071,0.0,20.100000381469727,0.0,0.0,0.0,0.0,0.0
31.95,0,0.21435630321502686,-0.03219965472817421,-0.05133075267076492,0.3161671757698059,4.0,0.0,0.22068770229816437,0.11499682068824768,1,3,1,1,0.0,12.4042387008667,13.985932350158691,2.4206926822662354,0.43173646926879883,0.05511150136590004,0.6002367734909058,0.1513299196958542,-0.10065429657697678,0.0480935163795948,-0.12007512897253036,0.0518476665019989,0.0,-11.5,33.900001525878906,23.100000381469727,0.699999988079071,0.0,20.100000381469727,0.0,0.0,0.0,0.0,0.0
32.0,0,0.2145434021949768,-0.031965553760528564,-0.048310983926057816,0.31619179248809814,4.0,0.0,0.20822559297084808,0.1151106208562851,1,3,1,1,0.0,12.324087142944336,14.04754638671875,2.39833664894104,0.4319078326225281,0.055015914142131805,0.6005181074142456,0.1512906402349472,-0.10047446191310883,0.04812038689851761,-0.11988849192857742,0.05185321345925331,0.0,-11.5,33.900001525878906,23.100000381469727,0.699999988079071,0.0,20.100000381469727,0.0,0.30000001192092896,0.30000001192092896,0.30000001192092896,0.30000001192092896
32.05,0,0.21532206237316132,-0.031752150505781174,-0.053260739892721176,0.31625649333000183,4.0,0.0,0.2083052098751068,0.11529098451137543,1,3,1,1,0.0,12.593867301940918,14.086031913757324,2.3955078125,0.4326750338077545,0.05494793877005577,0.6013453602790833,0.15116113424301147,-0.09977000206708908,0.04822026565670967,-0.11916012316942215,0.051857974380254745,0.0,-11.5,33.900001525878906,23.100000381469727,0.699999988079071,0.0,20.100000381469727,0.0,0.30000001192092896,0.30000001192092896,0.30000001192092896,0.30000001192092896
32.1,0,0.21609675884246826,-0.03152916952967644,-0.049832455813884735,0.3163118362426758,4.0,0.0,0.20878204703330994,0.11548766493797302,1,3,1,1,0.0,12.402761459350586,14.024255752563477,2.3078715801239014,0.4334372282028198,0.05487458407878876,0.6021729707717896,0.15101659297943115,-0.09905357658863068,0.04830791801214218,-0.11842326819896698,0.051852062344551086,0.0,-11.5,33.900001525878906,23.100000381469727,0.699999988079071,0.0,20.100000381469727,0.0,0.30000001192092896,0.30000001192092896,0.30000001192092896,0.30000001192092896
32.15,0,0.21686848998069763,-0.03130899369716644,-0.05402020737528801,0.3163689970970154,4.0,0.0,0.2085995227098465,0.11575699597597122,1,3,1,1,0.0,12.746077537536621,14.280416488647461,2.103081226348877,0.4341936707496643,0.054812315851449966,0.6030060052871704,0.15085822343826294,-0.09833002835512161,0.04839034378528595,-0.11768727749586105,0.051834676414728165,0.0,-11.5,33.900001525878906,23.100000381469727,0.699999988079071,0.0,20.100000381469727,0.0,0.30000001192092896,0.30000001192092896,0.30000001192092896,0.30000001192092896
32.2,0,0.21755723655223846,-0.0312383733689785,-0.05390779674053192,0.3163592219352722,4.0,0.0,0.21422600746154785,0.11599534004926682,1,3,1,1,0.0,11.75897216796875,13.89958667755127,2.7130422592163086,0.4348742365837097,0.05484833940863609,0.6037300825119019,0.15085774660110474,-0.09763620048761368,0.04845508560538292,-0.11697395145893097,0.051810503005981445,0.0,-11.5,33.900001525878906,23.100000381469727,0.699999988079071,0.0,20.100000381469727,0.0,0.30000001192092896,0.30000001192092896,0.30000001192092896,0.30000001192092896
32.25,0,0.21814028918743134,-0.03135553374886513,-0.05986656993627548,0.3163034915924072,4.0,0.0,0.21264560520648956,0.11633516103029251,1,3,1,1,0.0,12.051756858825684,14.397358894348145,2.1603734493255615,0.43545135855674744,0.055024050176143646,0.6043378114700317,0.1509781777858734,-0.09698990732431412,0.048507750034332275,-0.11632412672042847,0.051782261580228806,0.0,-11.5,33.900001525878906,23.100000381469727,0.699999988079071,0.0,20.100000381469727,0.0,0.30000001192092896,0.30000001192092896,0.30000001192092896,0.30000001192092896
32.3,0,0.21875883638858795,-0.03155018389225006,-0.06705529987812042,0.3162606954574585,4.0,0.0,0.2112935334444046,0.11663473397493362,1,3,1,1,0.0,12.036285400390625,14.219204902648926,2.3796708583831787,0.4360673427581787,0.05521322786808014,0.6049643754959106,0.15109491348266602,-0.09632997959852219,0.04855357110500336,-0.11566128581762314,0.0517413504421711,0.0,-11.5,33.900001525878906,23.100000381469727,0.699999988079071,0.0,20.100000381469727,0.0,0.30000001192092896,0.30000001192092896,0.30000001192092896,0.30000001192092896
32.35,0,0.21941426396369934,-0.031757645308971405,-0.06004713475704193,0.31621336936950684,4.0,0.0,0.21088600158691406,0.11679701507091522,1,3,1,1,0.0,11.784274101257324,14.2642822265625,2.2884697914123535,0.43672409653663635,0.055368244647979736,0.6056122779846191,0.15120519697666168,-0.09565484523773193,0.048588089644908905,-0.1149636059999466,0.05168474465608597,0.0,-11.5,33.900001525878906,23.100000381469727,0.699999988079071,0.0,20.100000381469727,0.0,0.30000001192092896,0.30000001192092896,0.30000001192092896,0.30000001192092896
32.4,0,0.22007904946804047,-0.03202491253614426,-0.06561104953289032,0.31618720293045044,4.0,0.0,0.21198752522468567,0.11709531396627426,1,3,1,1,0.0,12.341809272766113,14.777620315551758,2.2452218532562256,0.4373897612094879,0.05556682124733925,0.6062703132629395,0.151311993598938,-0.09497040510177612,0.048622194677591324,-0.11428040266036987,0.051617998629808426,0.0,-11.5,33.900001525878906,23.100000381469727,0.699999988079071,0.0,20.100000381469727,0.0,0.30000001192092896,0.30000001192092896,0.30000001192092896,0.30000001192092896
32.45,0,0.220745250582695,-0.032301802188158035,-0.06034034118056297,0.31616079807281494,4.0,0.0,0.21097922325134277,0.11737387627363205,1,3,1,1,0.0,11.789603233337402,13.922989845275879,2.4793405532836914,0.43805763125419617,0.05575357377529144,0.6069326400756836,0.1514097899198532,-0.09427764266729355,0.04864021763205528,-0.11359569430351257,0.05154949054121971,0.0,-11.5,33.900001525878906,23.100000381469727,0.699999988079071,0.0,20.100000381469727,0.0,0.30000001192092896,0.30000001192092896,0.30000001192092896,0.30000001192092896
32.5,0,0.22141672670841217,-0.03259754925966263,-0.06286654621362686,0.31614306569099426,4.0,0.0,0.2119733989238739,0.11771071702241898,1,3,1,1,0.0,12.030855178833008,14.19288158416748,2.256978988647461,0.4387306272983551,0.05594596266746521,0.6076034903526306,0.15150146186351776,-0.09357977658510208,0.04865201190114021,-0.11291493475437164,0.05146622657775879,0.0,-11.5,33.900001525878906,23.100000381469727,0.699999988079071,0.0,20.100000381469727,0.0,0.30000001192092896,0.30000001192092896,0.30000001192092896,0.30000001192092896
32.55,0,0.22209402918815613,-0.03291994333267212,-0.06186007335782051,0.31612932682037354,4.0,0.0,0.21029914915561676,0.11806651204824448,1,3,1,1,0.0,11.892281532287598,14.095205307006836,2.4122884273529053,0.43940797448158264,0.056141290813684464,0.6082834601402283,0.15158452093601227,-0.09287047386169434,0.04864996671676636,-0.1122315526008606,0.05137363076210022,0.0,-11.5,33.900001525878906,23.100000381469727,0.699999988079071,0.0,20.100000381469727,0.0,0.30000001192092896,0.30000001192092896,0.30000001192092896,0.30000001192092896
32.6,0,0.22279813885688782,-0.033254168927669525,-0.06345342099666595,0.31611984968185425,4.0,0.0,0.21002112329006195,0.11838386207818985,1,3,1,1,0.0,12.01841926574707,14.217147827148438,2.2641761302948,0.4401147663593292,0.0563204400241375,0.6089791655540466,0.15165987610816956,-0.09214496612548828,0.048637956380844116,-0.11153046786785126,0.051268018782138824,0.0,-11.5,33.900001525878906,23.100000381469727,0.699999988079071,0.0,20.100000381469727,0.0,0.30000001192092896,0.30000001192092896,0.30000001192092896,0.30000001192092896
32.65,0,0.2235136777162552,-0.03359818086028099,-0.06325890868902206,0.3161119222640991,4.0,0.0,0.2094976007938385,0.11870122700929642,1,3,1,1,0.0,11.998526573181152,14.081670761108398,2.352138042449951,0.44083303213119507,0.056493718177080154,0.6096856594085693,0.15172716975212097,-0.09141183644533157,0.048616327345371246,-0.11082015186548233,0.05115043744444847,0.0,-11.5,33.900001525878906,23.100000381469727,0.699999988079071,0.0,20.100000381469727,0.0,0.30000001192092896,0.30000001192092896,0.30000001192092896,0.30000001192092896
32.7,0,0.22423793375492096,-0.03392423316836357,-0.06317582726478577,0.29667773842811584,4.0,0.0,0.21007433533668518,0.1189822107553482,1,3,1,1,0.0,12.19163990020752,14.579787254333496,1.9707266092300415,0.44155919551849365,0.05664091557264328,0.6104039549827576,0.15178464353084564,-0.09067423641681671,0.04858318716287613,-0.1101064458489418,0.051021311432123184,0.0,-11.5,33.900001525878906,23.100000381469727,0.699999988079071,0.0,20.100000381469727,0.0,0.30000001192092896,0.30000001192092896,0.30000001192092896,0.30000001192092896
32.75,0,0.22497014701366425,-0.03424662724137306,-0.061016786843538284,0.31609633564949036,4.0,0.0,0.20925550162792206,0.11925165355205536,1,3,1,1,0.0,12.093894958496094,14.332534790039062,2.255328893661499,0.4422933757305145,0.056773167103528976,0.6111294031143188,0.15183301270008087,-0.08993526548147202,0.0485408790409565,-0.10937359184026718,0.05087733641266823,0.0,-11.5,33.900001525878906,23.100000381469727,0.699999988079071,0.0,20.100000381469727,0.0,0.30000001192092896,0.30000001192092896,0.30000001192092896,0.30000001192092896
32.8,0,0.22571136057376862,-0.03452605381608009,-0.06289617717266083,0.29663848876953125,4.0,0.0,0.20871807634830475,0.11943774670362473,1,3,1,1,0.0,12.097861289978027,14.43006706237793,1.9571362733840942,0.4430360794067383,0.05686705932021141,0.6118670105934143,0.15187042951583862,-0.08918502926826477,0.048482801765203476,-0.10864078253507614,0.05075593292713165,0.0,-11.5,33.900001525878906,23.100000381469727,0.699999988079071,0.0,20.100000381469727,0.0,0.30000001192092896,0.30000001192092896,0.30000001192092896,0.30000001192092896
32.85,0,0.22646452486515045,-0.0347445048391819,-0.0585702620446682,0.3160993754863739,4.0,0.0,0.20822308957576752,0.11955198645591736,1,3,1,1,0.0,12.123578071594238,14.40138053894043,2.1891164779663086,0.4437907934188843,0.056922152638435364,0.6126145124435425,0.15189608931541443,-0.08842310309410095,0.04841635003685951,-0.10790258646011353,0.05066228285431862,0.0,-11.5,33.900001525878906,23.100000381469727,0.699999988079071,0.0,20.100000381469727,0.0,0.30000001192092896,0.30000001192092896,0.30000001192092896,0.30000001192092896
32.9,0,0.227226123213768,-0.034968651831150055,-0.0630933865904808,0.31610608100891113,4.0,0.0,0.2083820253610611,0.11965674161911011,1,3,1,1,0.0,12.013262748718262,14.1925687789917,2.0605833530426025,0.44455358386039734,0.05696706846356392,0.6133732199668884,0.15191185474395752,-0.0876508355140686,0.04833530634641647,-0.1071564108133316,0.050561416894197464,0.0,-11.5,33.900001525878906,23.100000381469727,0.699999988079071,0.0,20.100000381469727,0.0,0.30000001192092896,0.30000001192092896,0.30000001192092896,0.30000001192092896
32.95,0,0.22799557447433472,-0.03519267588853836,-0.06225159764289856,0.31611257791519165,4.0,0.0,0.20804773271083832,0.11976255476474762,1,3,1,1,0.0,12.023056983947754,14.088973045349121,2.1860034465789795,0.44532468914985657,0.05699557438492775,0.6141389608383179,0.15191547572612762,-0.08687079697847366,0.04823928326368332,-0.10640282183885574,0.050446268171072006,0.0,-11.5,33.900001525878906,23.100000381469727,0.699999988079071,0.0,20.100000381469727,0.0,0.30000001192092896,0.30000001192092896,0.30000001192092896,0.30000001192092896
33.0,0,0.2287617325782776,-0.03518866002559662,-0.055885668843984604,0.3161403238773346,4.0,0.0,0.20790202915668488,0.11950989812612534,1,3,1,1,0.0,12.359094619750977,14.433453559875488,2.010340452194214,0.44609135389328003,0.05690405145287514,0.6148928999900818,0.15190468728542328,-0.08608288317918777,0.04813259840011597,-0.10566636174917221,0.050473395735025406,0.0,-11.5,33.900001525878906,23.100000381469727,0.699999988079071,0.0,20.100000381469727,0.0,0.30000001192092896,0.30000001192092896,0.30000001192092896,0.30000001192092896
33.05,0,0.22953665256500244,-0.03516319766640663,-0.05559474974870682,0.29653316736221313,4.0,0.0,0.20690231025218964,0.11921551823616028,2,3,1,1,0.0,12.318047523498535,14.123934745788574,1.9319219589233398,0.4468676447868347,0.05678633973002434,0.6156497001647949,0.15187840163707733,-0.08528754115104675,0.04801171272993088,-0.10493167489767075,0.05050409957766533,0.0,-11.5,33.900001525878906,23.100000381469727,0.699999988079071,0.0,20.100000381469727,0.0,0.30000001192092896,0.30000001192092896,0.30000001192092896,0.30000001192092896
33.1,0,0.23033367097377777,-0.035115718841552734,-0.05185156688094139,0.3162207007408142,4.0,0.0,0.20869675278663635,0.11889833956956863,2,3,1,1,0.0,12.29987907409668,14.199405670166016,2.1862006187438965,0.44766876101493835,0.05662885308265686,0.6164364218711853,0.1518409550189972,-0.08448675274848938,0.04787798970937729,-0.1041838675737381,0.050521496683359146,0.0,-11.5,33.900001525878906,23.100000381469727,0.699999988079071,0.0,20.100000381469727,0.0,0.30000001192092896,0.30000001192092896,0.30000001192092896,0.30000001192092896
33.15,0,0.23092101514339447,-0.03480864316225052,-0.0459778718650341,0.3161624073982239,4.0,0.0,0.21007084846496582,0.11913687735795975,2,3,1,1,0.0,12.242934226989746,14.145490646362305,2.452087163925171,0.44824105501174927,0.05658870190382004,0.6171426177024841,0.15180355310440063,-0.08392217010259628,0.04800613597035408,-0.1035003587603569,0.05053513124585152,0.0,-11.5,33.900001525878906,23.100000381469727,0.699999988079071,0.0,20.100000381469727,0.0,0.30000001192092896,0.30000001192092896,0.30000001192092896,0.30000001192092896
33.2,0,0.2315455973148346,-0.0345495231449604,-0.04638250544667244,0.3161235451698303,4.0,0.0,0.20888197422027588,0.11936604976654053,2,3,1,1,0.0,12.254304885864258,14.039322853088379,2.4935553073883057,0.44885167479515076,0.05656484141945839,0.617861270904541,0.15175388753414154,-0.08334029465913773,0.04814501851797104,-0.10280707478523254,0.05054105073213577,0.0,-11.5,33.900001525878906,23.100000381469727,0.699999988079071,0.0,20.100000381469727,0.0,0.30000001192092896,0.30000001192092896,0.30000001192092896,0.30000001192092896
33.25,0,0.23219545185565948,-0.03436730057001114,-0.04379996657371521,0.316108375787735,4.0,0.0,0.20716750621795654,0.11968940496444702,2,3,1,1,0.0,12.241416931152344,14.136004447937012,2.4956741333007812,0.44948914647102356,0.05657816305756569,0.6185891032218933,0.15169425308704376,-0.08273578435182571,0.04828254133462906,-0.10211870819330215,0.05053715780377388,0.0,-11.5,33.900001525878906,23.100000381469727,0.699999988079071,0.0,20.100000381469727,0.0,0.30000001192092896,0.30000001192092896,0.30000001192092896,0.30000001192092896
33.3,0,0.23287171125411987,-0.03425907716155052,-0.049227047711610794,0.3161015510559082,4.0,0.0,0.20718421041965485,0.12008418887853622,2,3,1,1,0.0,12.30041217803955,13.99512004852295,2.761275291442871,0.45015445351600647,0.05663391575217247,0.6193218231201172,0.15162302553653717,-0.08209902793169022,0.04841863363981247,-0.10141745209693909,0.05052521079778671,0.0,-11.5,33.900001525878906,23.100000381469727,0.699999988079071,0.0,20.100000381469727,0.0,0.30000001192092896,0.30000001192092896,0.30000001192092896,0.30000001192092896
33.35,0,0.23355838656425476,-0.034144338220357895,-0.047031283378601074,0.3160966634750366,4.0,0.0,0.2071995884180069,0.12048120051622391,2,3,1,1,0.0,12.33906364440918,13.98927116394043,2.148223638534546,0.4508318305015564,0.05668029561638832,0.6200598478317261,0.15153981745243073,-0.08145051449537277,0.04854913055896759,-0.10070941597223282,0.050503142178058624,0.0,-11.5,33.900001525878906,23.100000381469727,0.699999988079071,0.0,20.100000381469727,0.0,0.30000001192092896,0.30000001192092896,0.30000001192092896,0.30000001192092896
33.4,0,0.23427429795265198,-0.03402326628565788,-0.048863764852285385,0.31610307097435,4.0,0.0,0.20664836466312408,0.12077461183071136,2,3,1,1,0.0,12.355362892150879,13.905190467834473,2.7371788024902344,0.451538622379303,0.05669796094298363,0.620814859867096,0.1514410674571991,-0.08079108595848083,0.048672813922166824,-0.09998713433742523,0.05046749860048294,0.0,-11.5,33.900001525878906,23.100000381469727,0.699999988079071,0.0,20.100000381469727,0.0,0.30000001192092896,0.30000001192092896,0.30000001192092896,0.30000001192092896
33.45,0,0.23499621450901031,-0.03387001156806946,-0.04273800924420357,0.31611350178718567,4.0,0.0,0.204051673412323,0.12105818092823029,2,3,1,1,0.0,12.309523582458496,14.095779418945312,2.2394044399261475,0.4522516429424286,0.05668710172176361,0.6215815544128418,0.1513301432132721,-0.08012469112873077,0.04878678172826767,-0.09926161915063858,0.050422634929418564,0.0,-11.5,33.900001525878906,23.100000381469727,0.699999988079071,0.0,20.100000381469727,0.0,0.30000001192092896,0.30000001192092896,0.30000001192092896,0.30000001192092896
33.5,0,0.2357228845357895,-0.03379133343696594,-0.04932378605008125,0.3161412477493286,4.0,0.0,0.20743106305599213,0.12151720374822617,2,3,1,1,0.0,12.46867847442627,13.754770278930664,2.5531365871429443,0.4529678225517273,0.056736838072538376,0.6223536133766174,0.151207834482193,-0.07943575829267502,0.04889829084277153,-0.0985490083694458,0.0503663495182991,0.0,-11.5,33.900001525878906,23.100000381469727,0.699999988079071,0.0,20.100000381469727,0.0,0.30000001192092896,0.30000001192092896,0.30000001192092896,0.30000001192092896
33.55,0,0.2364664077758789,-0.033662136644124985,-0.04930266737937927,0.29707497358322144,4.0,0.0,0.20634032785892487,0.12182854861021042,2,3,1,1,0.0,12.464292526245117,14.047436714172363,1.9437906742095947,0.45370110869407654,0.05672652646899223,0.6231400370597839,0.1510700285434723,-0.07872240990400314,0.048990216106176376,-0.0977991595864296,0.05030122026801109,0.0,-11.5,33.900001525878906,23.100000381469727,0.699999988079071,0.0,20.100000381469727,0.0,0.30000001192092896,0.30000001192092896,0.30000001192092896,0.30000001192092896
33.6,0,0.23723316192626953,-0.033570241183042526,-0.05193493887782097,0.3161705732345581,4.0,0.0,0.20867511630058289,0.1222568079829216,2,3,1,1,0.0,12.340225219726562,13.586663246154785,2.2766387462615967,0.454455703496933,0.05675588920712471,0.623945415019989,0.15091706812381744,-0.07800345867872238,0.04908491671085358,-0.09703674912452698,0.05022171512246132,0.0,-11.5,33.900001525878906,23.100000381469727,0.699999988079071,0.0,20.100000381469727,0.0,0.30000001192092896,0.30000001192092896,0.30000001192092896,0.30000001192092896
33.65,0,0.23800551891326904,-0.03347350284457207,-0.05103050917387009,0.31619900465011597,4.0,0.0,0.20699606835842133,0.12263848632574081,2,3,1,1,0.0,12.821346282958984,14.110424041748047,2.025789976119995,0.45521727204322815,0.05674787610769272,0.6247546076774597,0.15074783563613892,-0.07727473974227905,0.04916296526789665,-0.09627930819988251,0.05013003572821617,0.0,-11.5,33.900001525878906,23.100000381469727,0.699999988079071,0.0,20.100000381469727,0.0,0.30000001192092896,0.30000001192092896,0.30000001192092896,0.30000001192092896
33.7,0,0.23880162835121155,-0.03340983763337135,-0.0536164827644825,0.31623518466949463,4.0,0.0,0.20637503266334534,0.12309715151786804,2,3,1,1,0.0,12.746243476867676,14.069679260253906,2.176647901535034,0.4560016989707947,0.0567699670791626,0.6255829334259033,0.15056243538856506,-0.07651075720787048,0.04923459142446518,-0.09550651162862778,0.05002519488334656,0.0,-11.5,33.900001525878906,23.100000381469727,0.699999988079071,0.0,20.100000381469727,0.0,0.30000001192092896,0.30000001192092896,0.30000001192092896,0.30000001192092896
33.75,0,0.23956918716430664,-0.03302379325032234,-0.04489893838763237,0.31628888845443726,4.0,0.0,0.2109273076057434,0.12294274568557739,2,3,1,1,0.0,12.469829559326172,14.413725852966309,2.2870852947235107,0.4567579925060272,0.05662901699542999,0.6263766288757324,0.15044158697128296,-0.07575006037950516,0.049296267330646515,-0.09476868808269501,0.050163425505161285,0.0,-11.5,33.900001525878906,23.100000381469727,0.699999988079071,0.0,20.100000381469727,0.0,0.30000001192092896,0.30000001192092896,0.30000001192092896,0.30000001192092896
33.8,0,0.24020440876483917,-0.0327613390982151,-0.049180250614881516,0.3162669539451599,4.0,0.0,0.20769448578357697,0.12271947413682938,2,3,1,1,0.0,12.156996726989746,13.982583999633789,2.4560041427612305,0.45738357305526733,0.05660630762577057,0.6270233392715454,0.1504865437746048,-0.07504742592573166,0.04934455081820488,-0.09408733993768692,0.0503402054309845,0.0,-11.5,33.900001525878906,23.100000381469727,0.699999988079071,0.0,20.100000381469727,0.0,0.30000001192092896,0.30000001192092896,0.30000001192092896,0.30000001192092896
33.85,0,0.24087867140769958,-0.03256285935640335,-0.04989783465862274,0.31626299023628235,4.0,0.0,0.20754922926425934,0.12246590107679367,2,3,1,1,0.0,12.257574081420898,14.178482055664062,2.4577245712280273,0.45805180072784424,0.05658382177352905,0.6276922821998596,0.15052229166030884,-0.0743316262960434,0.0493839792907238,-0.09339398890733719,0.05050879344344139,0.0,-11.5,33.900001525878906,23.100000381469727,0.699999988079071,0.0,20.100000381469727,0.0,0.30000001192092896,0.30000001192092896,0.30000001192092896,0.30000001192092896
33.9,0,0.24158790707588196,-0.03240266069769859,-0.05025625228881836,0.3162766396999359,4.0,0.0,0.20724758505821228,0.12221179157495499,2,3,1,1,0.0,12.366467475891113,14.264447212219238,2.328977108001709,0.45876041054725647,0.05655469000339508,0.6283827424049377,0.15054994821548462,-0.07359415292739868,0.0494135282933712,-0.09269272536039352,0.050669487565755844,0.0,-11.5,33.900001525878906,23.100000381469727,0.699999988079071,0.0,20.100000381469727,0.0,0.30000001192092896,0.30000001192092896,0.30000001192092896,0.30000001192092896
33.95,0,0.24231578409671783,-0.03226057440042496,-0.05092007666826248,0.3162979483604431,4.0,0.0,0.20703482627868652,0.1219465360045433,2,3,1,1,0.0,12.38763427734375,14.265691757202148,2.3131895065307617,0.4594888687133789,0.05651756376028061,0.6290870308876038,0.15056754648685455,-0.07284493744373322,0.049432650208473206,-0.09198355674743652,0.05082165077328682,0.0,-11.5,33.900001525878906,23.100000381469727,0.699999988079071,0.0,20.100000381469727,0.0,0.30000001192092896,0.30000001192092896,0.30000001192092896,0.30000001192092896
34.0,0,0.24305933713912964,-0.0321284681558609,-0.05167325958609581,0.3163255453109741,4.0,0.0,0.20723271369934082,0.12166669964790344,2,3,1,1,0.0,12.41024112701416,14.274685859680176,2.288045644760132,0.46023324131965637,0.05646944418549538,0.6298062801361084,0.15057475864887238,-0.0720854178071022,0.049440428614616394,-0.09126610308885574,0.05096512660384178,0.0,-11.5,33.900001525878906,23.100000381469727,0.699999988079071,0.0,20.100000381469727,0.0,0.30000001192092896,0.30000001192092896,0.30000001192092896,0.30000001192092896
34.05,0,0.2438177615404129,-0.03200176730751991,-0.05170344561338425,0.31635650992393494,4.0,0.0,0.20679327845573425,0.12137552350759506,2,3,1,1,0.0,12.437291145324707,14.321325302124023,2.221953868865967,0.46099337935447693,0.056408852338790894,0.6305381059646606,0.15057142078876495,-0.07131437957286835,0.04943690448999405,-0.09053901582956314,0.051099084317684174,0.0,-11.5,33.900001525878906,23.100000381469727,0.699999988079071,0.0,20.100000381469727,0.0,0.30000001192092896,0.30000001192092896,0.30000001192092896,0.30000001192092896
34.1,0,0.24458859860897064,-0.03187582641839981,-0.05215906351804733,0.3163911700248718,4.0,0.0,0.2065838873386383,0.1210811585187912,2,3,1,1,0.0,12.469586372375488,14.34235668182373,2.1795387268066406,0.46176615357398987,0.05633581802248955,0.631282389163971,0.15055683255195618,-0.07053270936012268,0.049421850591897964,-0.08980373293161392,0.051223043352365494,0.0,-11.5,33.900001525878906,23.100000381469727,0.699999988079071,0.0,20.100000381469727,0.0,0.30000001192092896,0.30000001192092896,0.30000001192092896,0.30000001192092896
34.15,0,0.24537573754787445,-0.03174374997615814,-0.05280478298664093,0.31643205881118774,4.0,0.0,0.2071404606103897,0.12076608836650848,2,3,1,1,0.0,12.494181632995605,14.371296882629395,2.1318817138671875,0.46255528926849365,0.05624128878116608,0.6320421695709229,0.1505301147699356,-0.06973902881145477,0.04939332604408264,-0.08905921131372452,0.05133796110749245,0.0,-11.5,33.900001525878906,23.100000381469727,0.699999988079071,0.0,20.100000381469727,0.0,0.30000001192092896,0.30000001192092896,0.30000001192092896,0.30000001192092896
34.2,0,0.24616026878356934,-0.03160736709833145,-0.05194709450006485,0.31646645069122314,4.0,0.0,0.20838062465190887,0.1204543188214302,2,3,1,1,0.0,12.429221153259277,14.496695518493652,2.2140727043151855,0.4633421003818512,0.05613526701927185,0.6327979564666748,0.15049207210540771,-0.06894069910049438,0.049350470304489136,-0.08830970525741577,0.051442332565784454,0.0,-11.5,33.900001525878906,23.100000381469727,0.699999988079071,0.0,20.100000381469727,0.0,0.30000001192092896,0.30000001192092896,0.30000001192092896,0.30000001192092896
34.25,0,0.24681058526039124,-0.03166314586997032,-0.057283010333776474,0.31642141938209534,4.0,0.0,0.20993416011333466,0.12023327499628067,2,3,1,1,0.0,12.11892318725586,14.39824104309082,2.4638657569885254,0.4639967083930969,0.05618622526526451,0.6334074139595032,0.15063247084617615,-0.06820247322320938,0.0492987297475338,-0.08761586248874664,0.051529817283153534,0.0,-11.5,33.900001525878906,23.100000381469727,0.699999988079071,0.0,20.100000381469727,0.0,0.30000001192092896,0.30000001192092896,0.30000001192092896,0.30000001192092896
34.3,0,0.24747057259082794,-0.03175916150212288,-0.0535043329000473,0.3163936138153076,4.0,0.0,0.2084900140762329,0.1199512854218483,2,3,1,1,0.0,12.325216293334961,14.356921195983887,2.766684055328369,0.4646611511707306,0.056223250925540924,0.6340318918228149,0.15076881647109985,-0.06748311221599579,0.049237340688705444,-0.08693332225084305,0.05160852521657944,0.0,-11.5,33.900001525878906,23.100000381469727,0.699999988079071,0.0,20.100000381469727,0.0,0.30000001192092896,0.30000001192092896,0.30000001192092896,0.30000001192092896
34.35,0,0.2481500506401062,-0.031892891973257065,-0.06200389564037323,0.3163624107837677,4.0,0.0,0.20959167182445526,0.11962857842445374,2,3,1,1,0.0,12.349081993103027,14.711822509765625,2.2578446865081787,0.46534445881843567,0.05625780671834946,0.6346727609634399,0.15090182423591614,-0.06675665080547333,0.049164462834596634,-0.08622995018959045,0.0516764260828495,0.0,-11.5,33.900001525878906,23.100000381469727,0.699999988079071,0.0,20.100000381469727,0.0,0.30000001192092896,0.30000001192092896,0.30000001192092896,0.30000001192092896
34.4,0,0.24885380268096924,-0.032070666551589966,-0.0585019625723362,0.3163469731807709,4.0,0.0,0.20931626856327057,0.11930941045284271,2,3,1,1,0.0,11.891141891479492,14.00224781036377,2.5405335426330566,0.4660555422306061,0.05629474297165871,0.6353269815444946,0.15102870762348175,-0.0660138726234436,0.04907936975359917,-0.08552496135234833,0.051738131791353226,0.0,-11.5,33.900001525878906,23.100000381469727,0.699999988079071,0.0,20.100000381469727,0.0,0.30000001192092896,0.30000001192092896,0.30000001192092896,0.30000001192092896
34.45,0,0.249567911028862,-0.032237496227025986,-0.06056997552514076,0.316337525844574,4.0,0.0,0.20918025076389313,0.11897275596857071,2,3,1,1,0.0,12.199162483215332,14.225386619567871,2.575096845626831,0.46677717566490173,0.05630889907479286,0.6359968185424805,0.15114790201187134,-0.06526418030261993,0.048982277512550354,-0.08481556177139282,0.051788438111543655,0.0,-11.5,33.900001525878906,23.100000381469727,0.699999988079071,0.0,20.100000381469727,0.0,0.30000001192092896,0.30000001192092896,0.30000001192092896,0.30000001192092896
34.5,0,0.25030115246772766,-0.0324234738945961,-0.06337394565343857,0.3163250982761383,4.0,0.0,0.20905907452106476,0.11861979961395264,2,3,1,1,0.0,12.267073631286621,14.461795806884766,2.2517776489257812,0.46751731634140015,0.05631371960043907,0.6366839408874512,0.15126171708106995,-0.06449992209672928,0.0488702617585659,-0.08408443629741669,0.05182785540819168,0.0,-11.5,33.900001525878906,23.100000381469727,0.699999988079071,0.0,20.100000381469727,0.0,0.30000001192092896,0.30000001192092896,0.30000001192092896,0.30000001192092896
34.55,0,0.25105011463165283,-0.03261290118098259,-0.06341779232025146,0.3163203001022339,4.0,0.0,0.20871855318546295,0.1182587668299675,2,3,1,1,0.0,12.26225471496582,14.282760620117188,2.2617969512939453,0.46827468276023865,0.056302666664123535,0.637384831905365,0.15136732161045074,-0.06372276693582535,0.04874365031719208,-0.0833478569984436,0.05185874179005623,0.0,-11.5,33.900001525878906,23.100000381469727,0.699999988079071,0.0,20.100000381469727,0.0,0.30000001192092896,0.30000001192092896,0.30000001192092896,0.30000001192092896
34.6,0,0.25180676579475403,-0.032772909849882126,-0.06359109282493591,0.3163207769393921,4.0,0.0,0.2080540657043457,0.1178801953792572,2,3,1,1,0.0,12.94507122039795,14.863131523132324,2.1259195804595947,0.4690379798412323,0.056262243539094925,0.6381084322929382,0.15146178007125854,-0.06293817609548569,0.04860368371009827,-0.08260546624660492,0.05187726765871048,0.0,-11.5,33.900001525878906,23.100000381469727,0.699999988079071,0.0,20.100000381469727,0.0,0.30000001192092896,0.30000001192092896,0.30000001192092896,0.30000001192092896
34.65,0,0.2525738775730133,-0.03298812732100487,-0.05902370065450668,0.3163214325904846,4.0,0.0,0.2076595425605774,0.11754078418016434,2,3,1,1,0.0,12.259504318237305,14.27173900604248,2.3590078353881836,0.4698149263858795,0.056242380291223526,0.6388277411460876,0.15154948830604553,-0.06213895231485367,0.048450320959091187,-0.08185804635286331,0.05188572034239769,0.0,-11.5,33.900001525878906,23.100000381469727,0.699999988079071,0.0,20.100000381469727,0.0,0.30000001192092896,0.30000001192092896,0.30000001192092896,0.30000001192092896
34.7,0,0.25334951281547546,-0.033188071101903915,-0.06352069973945618,0.3163256347179413,4.0,0.0,0.20868289470672607,0.11717990785837173,2,3,1,1,0.0,12.359199523925781,14.642498970031738,2.0840792655944824,0.4705980718135834,0.056197673082351685,0.6395615339279175,0.15162703394889832,-0.06133311614394188,0.04828217998147011,-0.08110319077968597,0.05188266932964325,0.0,-11.5,33.900001525878906,23.100000381469727,0.699999988079071,0.0,20.100000381469727,0.0,0.30000001192092896,0.30000001192092896,0.30000001192092896,0.30000001192092896
34.75,0,0.2541467547416687,-0.03340933471918106,-0.06525169312953949,0.316335529088974,4.0,0.0,0.21039636433124542,0.11680737137794495,2,3,1,1,0.0,12.304206848144531,14.18696117401123,2.3716909885406494,0.47140514850616455,0.05614187568426132,0.6403080224990845,0.15169484913349152,-0.06051061302423477,0.04809746518731117,-0.08033672720193863,0.05187009274959564,0.0,-11.5,33.900001525878906,23.100000381469727,0.699999988079071,0.0,20.100000381469727,0.0,0.30000001192092896,0.30000001192092896,0.30000001192092896,0.30000001192092896
34.8,0,0.25478389859199524,-0.03342185169458389,-0.05197836086153984,0.3162708282470703,4.0,0.0,0.2132079303264618,0.1168690174818039,2,3,1,1,0.0,12.044086456298828,14.308307647705078,2.616279363632202,0.472037136554718,0.056174635887145996,0.6409971117973328,0.15175548195838928,-0.059869538992643356,0.048112861812114716,-0.07962072640657425,0.05184805765748024,0.0,-11.5,33.900001525878906,23.100000381469727,0.699999988079071,0.0,20.100000381469727,0.0,0.30000001192092896,0.30000001192092896,0.30000001192092896,0.30000001192092896
34.85,0,0.25532376766204834,-0.03341193497180939,-0.04138685762882233,0.3161592483520508,4.0,0.0,0.21865834295749664,0.11720636487007141,2,3,1,1,2.2435903549194336,10.55177116394043,12.103311538696289,3.8566622734069824,0.47246065735816956,0.05630655959248543,0.6416365504264832,0.15180642902851105,-0.05933205783367157,0.048236120492219925,-0.07895046472549438,0.05182501673698425,0.0,-11.5,33.900001525878906,23.100000381469727,0.699999988079071,0.0,20.100000381469727,0.0,0.30000001192092896,0.30000001192092896,0.30000001192092896,0.30000001192092896
34.9,0,0.2557147145271301,-0.033491335809230804,-0.04416312649846077,0.31596893072128296,4.0,0.0,0.216751366853714,0.11792997270822525,2,3,1,1,3.000800609588623,10.642072677612305,11.960965156555176,4.333698272705078,0.47242632508277893,0.05659164860844612,0.6421855688095093,0.15184703469276428,-0.058807071298360825,0.04834384471178055,-0.07834800332784653,0.05180080607533455,0.0,-11.5,33.900001525878906,23.100000381469727,0.699999988079071,0.0,20.100000381469727,0.0,0.30000001192092896,0.30000001192092896,0.30000001192092896,0.30000001192092896
34.95,0,0.2561042010784149,-0.033613719046115875,-0.03785724192857742,0.3158109784126282,4.0,0.0,0.2180786430835724,0.11869268119335175,2,3,1,1,3.610081911087036,10.39958667755127,11.721827507019043,4.410114765167236,0.47240111231803894,0.05690248683094978,0.6427129507064819,0.15188026428222656,-0.05827616900205612,0.04844851419329643,-0.07778404653072357,0.051768526434898376,0.0,-11.5,33.900001525878906,23.100000381469727,0.699999988079071,0.0,20.100000381469727,0.0,0.30000001192092896,0.30000001192092896,0.30000001192092896,0.30000001192092896
35.0,0,0.2565065622329712,-0.03375064209103584,-0.03703410178422928,0.3156537413597107,4.0,0.0,0.21531791985034943,0.11944644153118134,2,3,1,1,4.623152732849121,10.15685749053955,11.098873138427734,5.170999526977539,0.47239023447036743,0.05721947178244591,0.6432265639305115,0.15190675854682922,-0.05773375928401947,0.04855068773031235,-0.0772150307893753,0.051732469350099564,0.0,-11.5,33.900001525878906,23.100000381469727,0.699999988079071,0.0,20.100000381469727,0.0,0.30000001192092896,0.30000001192092896,0.30000001192092896,0.30000001192092896
35.05,0,0.2569015920162201,-0.03394155949354172,-0.03753013163805008,0.3155149817466736,4.0,0.0,0.21779541671276093,0.12025827914476395,2,3,1,1,5.439931869506836,9.475332260131836,10.26392936706543,5.636565685272217,0.4723813831806183,0.057568393647670746,0.6437122225761414,0.15192769467830658,-0.05718629062175751,0.04865075647830963,-0.07667919248342514,0.051690712571144104,0.0,-11.5,33.900001525878906,23.100000381469727,0.699999988079071,0.0,20.100000381469727,0.0,0.30000001192092896,0.30000001192092896,0.30000001192092896,0.30000001192092896
35.1,0,0.257295161485672,-0.03416788578033447,-0.029181944206357002,0.3154084086418152,4.0,0.0,0.21549543738365173,0.1211070790886879,2,3,1,1,6.221070289611816,9.443745613098145,10.446259498596191,5.549449443817139,0.47238069772720337,0.057935040444135666,0.6441791653633118,0.15194256603717804,-0.05663184076547623,0.04874364659190178,-0.07618293166160583,0.05164447799324989,0.0,-11.5,33.900001525878906,23.100000381469727,0.699999988079071,0.0,20.100000381469727,0.0,0.30000001192092896,0.30000001192092896,0.30000001192092896,0.30000001192092896
35.15,0,0.2576823830604553,-0.03437407314777374,-0.028372783213853836,0.3153022527694702,4.0,0.0,0.21492841839790344,0.12196924537420273,2,3,1,1,6.8044209480285645,9.20089340209961,10.007651329040527,5.915655136108398,0.47238364815711975,0.05828110873699188,0.6446405649185181,0.15195202827453613,-0.056072089821100235,0.048828210681676865,-0.07568826526403427,0.05158945173025131,0.0,-11.5,33.900001525878906,23.100000381469727,0.699999988079071,0.0,20.100000381469727,0.0,0.30000001192092896,0.30000001192092896,0.30000001192092896,0.30000001192092896
35.2,0,0.2580636739730835,-0.034593600779771805,-0.024792848154902458,0.3152000308036804,4.0,0.0,0.21428602933883667,0.12283419072628021,2,3,1,1,7.398350715637207,8.902348518371582,9.424586296081543,6.491230487823486,0.4723888635635376,0.05862967669963837,0.6450914144515991,0.1519576907157898,-0.055514123290777206,0.04890703037381172,-0.07520299404859543,0.05153607949614525,0.0,-11.5,33.900001525878906,23.100000381469727,0.699999988079071,0.0,20.100000381469727,0.0,0.30000001192092896,0.30000001192092896,0.30000001192092896,0.30000001192092896
35.25,0,0.2584458589553833,-0.03490149602293968,-0.04299429804086685,0.31508320569992065,4.0,0.0,0.21516333520412445,0.12375131994485855,2,3,1,1,8.708578109741211,7.79625940322876,7.635950088500977,7.575382232666016,0.47239062190055847,0.05901573225855827,0.645516037940979,0.1519584357738495,-0.054945945739746094,0.048981815576553345,-0.07471069693565369,0.05146971344947815,0.0,-11.5,33.900001525878906,23.100000381469727,0.699999988079071,0.0,20.100000381469727,0.0,0.30000001192092896,0.30000001192092896,0.30000001192092896,0.30000001192092896
35.3,0,0.2588178813457489,-0.0352100171148777,-0.037789471447467804,0.3149738907814026,4.0,0.0,0.21375396847724915,0.12462244182825089,2,3,1,1,9.200013160705566,7.578426361083984,7.169201850891113,8.202845573425293,0.4724038541316986,0.05939773470163345,0.6459219455718994,0.15195515751838684,-0.0543806329369545,0.04904845356941223,-0.07423575222492218,0.0514049306511879,0.0,-11.5,33.900001525878906,23.100000381469727,0.699999988079071,0.0,20.100000381469727,0.0,0.30000001192092896,0.30000001192092896,0.30000001192092896,0.30000001192092896
35.35,0,0.2591804563999176,-0.03550923243165016,-0.041633401066064835,0.3148985505104065,4.0,0.0,0.2139233648777008,0.12547877430915833,2,3,1,1,9.791873931884766,7.329241752624512,7.329211235046387,7.627020835876465,0.4724189341068268,0.059764329344034195,0.6463208794593811,0.15194694697856903,-0.05382800102233887,0.04910934716463089,-0.07380317896604538,0.05134352296590805,0.0,-11.5,33.900001525878906,23.100000381469727,0.699999988079071,0.0,20.100000381469727,0.0,0.30000001192092896,0.30000001192092896,0.30000001192092896,0.30000001192092896
35.4,0,0.2595309317111969,-0.03579385206103325,-0.030238976702094078,0.3148109018802643,4.0,0.0,0.21277888119220734,0.1263616979122162,2,3,1,1,10.512338638305664,7.2175164222717285,6.549525737762451,8.67768383026123,0.47243595123291016,0.06011972576379776,0.6467056274414062,0.15193510055541992,-0.05328279733657837,0.049161773175001144,-0.07336749881505966,0.051255080848932266,0.0,-11.5,33.900001525878906,23.100000381469727,0.699999988079071,0.0,20.100000381469727,0.0,0.30000001192092896,0.30000001192092896,0.30000001192092896,0.30000001192092896
35.45,0,0.25988122820854187,-0.03606734424829483,-0.030680013820528984,0.3147152364253998,4.0,0.0,0.21348759531974792,0.12715353071689606,2,3,1,1,11.087265014648438,6.876579761505127,6.324623107910156,9.060806274414062,0.4724554717540741,0.06045469269156456,0.6470795273780823,0.15191596746444702,-0.052745409309864044,0.04920874908566475,-0.07292457669973373,0.05117063969373703,0.0,-11.5,33.900001525878906,23.100000381469727,0.699999988079071,0.0,20.100000381469727,0.0,0.30000001192092896,0.30000001192092896,0.30000001192092896,0.30000001192092896
35.5,0,0.26022350788116455,-0.03631962835788727,-0.026011398062109947,0.3146000802516937,4.0,0.0,0.21402603387832642,0.1279068887233734,2,3,1,1,11.669829368591309,6.713638782501221,5.940606594085693,9.418455123901367,0.47247621417045593,0.060778092592954636,0.6474366188049316,0.1518932580947876,-0.052208345383405685,0.04924887791275978,-0.07246863842010498,0.051089901477098465,0.0,-11.5,33.900001525878906,23.100000381469727,0.699999988079071,0.0,20.100000381469727,0.0,0.30000001192092896,0.30000001192092896,0.30000001192092896,0.30000001192092896
35.55,0,0.2605639696121216,-0.03655806556344032,-0.029503492638468742,0.3145220875740051,4.0,0.0,0.21303674578666687,0.12857317924499512,2,3,1,1,12.215760231018066,6.404736518859863,5.947864055633545,8.63716983795166,0.47249653935432434,0.06108202785253525,0.6477894186973572,0.15186439454555511,-0.051682136952877045,0.049284644424915314,-0.07205238938331604,0.05104338750243187,0.0,-11.5,33.900001525878906,23.100000381469727,0.699999988079071,0.0,20.100000381469727,0.0,0.30000001192092896,0.30000001192092896,0.30000001192092896,0.30000001192092896
35.6,0,0.26088452339172363,-0.03677276521921158,-0.028011504560709,0.31444841623306274,4.0,0.0,0.2118626832962036,0.12925808131694794,2,3,1,1,12.687031745910645,6.188411235809326,5.843194961547852,8.588295936584473,0.47251904010772705,0.06137177720665932,0.6481280326843262,0.15183359384536743,-0.051174379885196686,0.04931338503956795,-0.07165683060884476,0.050982601940631866,0.0,-11.5,33.900001525878906,23.100000381469727,0.699999988079071,0.0,20.100000381469727,0.0,0.30000001192092896,0.30000001192092896,0.30000001192092896,0.30000001192092896
35.65,0,0.2611926198005676,-0.03698015213012695,-0.02387148328125477,0.3143438398838043,4.0,0.0,0.21317918598651886,0.12998352944850922,2,3,1,1,12.999593734741211,6.236717700958252,5.384842872619629,9.915120124816895,0.47254490852355957,0.06165403872728348,0.6484626531600952,0.15179899334907532,-0.05067795515060425,0.04933417588472366,-0.071238212287426,0.05089288949966431,0.0,-11.5,33.900001525878906,23.100000381469727,0.699999988079071,0.0,20.100000381469727,0.0,0.30000001192092896,0.30000001192092896,0.30000001192092896,0.30000001192092896
35.7,0,0.26148760318756104,-0.03714321181178093,-0.022954406216740608,0.31422439217567444,4.0,0.0,0.21263673901557922,0.13057655096054077,2,3,1,1,13.405115127563477,6.194639205932617,5.2175469398498535,9.899849891662598,0.4725693166255951,0.06191873177886009,0.648775577545166,0.15176111459732056,-0.05018556863069534,0.04935082793235779,-0.07081777602434158,0.0508258119225502,0.0,-11.5,33.900001525878906,23.100000381469727,0.699999988079071,0.0,20.100000381469727,0.0,0.30000001192092896,0.30000001192092896,0.30000001192092896,0.30000001192092896
35.75,0,0.2617781162261963,-0.037304140627384186,-0.032423947006464005,0.3141148090362549,4.0,0.0,0.21264944970607758,0.1312064379453659,2,3,1,1,14.111927032470703,5.780787944793701,4.535648345947266,10.17182445526123,0.47259387373924255,0.06217285245656967,0.6490885019302368,0.15171967446804047,-0.04969954118132591,0.049362871795892715,-0.0704096257686615,0.050752345472574234,0.0,-11.5,33.900001525878906,23.100000381469727,0.699999988079071,0.0,20.100000381469727,0.0,0.30000001192092896,0.30000001192092896,0.30000001192092896,0.30000001192092896
35.8,0,0.2620438039302826,-0.03746037930250168,-0.0431976281106472,0.3140621781349182,4.0,0.0,0.20832166075706482,0.13177736103534698,2,3,1,1,14.598650932312012,5.410135269165039,4.280784606933594,10.63137435913086,0.4726186990737915,0.06241760775446892,0.6493753790855408,0.15167123079299927,-0.049256496131420135,0.04937182366847992,-0.07008679956197739,0.05070723593235016,0.0,-11.5,33.900001525878906,23.100000381469727,0.699999988079071,0.0,20.100000381469727,0.0,0.30000001192092896,0.30000001192092896,0.30000001192092896,0.30000001192092896
35.85,0,0.2621116042137146,-0.037521764636039734,-0.033500947058200836,0.3139535188674927,4.0,0.0,0.20680762827396393,0.13195140659809113,2,3,1,1,13.941654205322266,5.018972396850586,4.655277729034424,10.35034465789795,0.4726382791996002,0.06261663883924484,0.6493750810623169,0.1515948325395584,-0.04894931614398956,0.049371518194675446,-0.06989304721355438,0.050748758018016815,0.0,-11.5,33.900001525878906,23.100000381469727,0.699999988079071,0.0,20.100000381469727,0.0,0.30000001192092896,0.30000001192092896,0.30000001192092896,0.30000001192092896
35.9,0,0.2622549533843994,-0.03759031370282173,-0.04063069075345993,0.3138864040374756,4.0,0.0,0.20800092816352844,0.1322900503873825,2,3,1,1,14.447681427001953,4.967857360839844,4.361453056335449,11.022632598876953,0.47266215085983276,0.06284331530332565,0.6494573354721069,0.15152786672115326,-0.048561275005340576,0.049372944980859756,-0.06967288255691528,0.050799187272787094,0.0,-11.5,33.900001525878906,23.100000381469727,0.699999988079071,0.0,20.100000381469727,0.0,0.30000001192092896,0.30000001192092896,0.30000001192092896,0.30000001192092896
35.95,0,0.2623879313468933,-0.0376843698322773,-0.08181177079677582,0.3138124644756317,4.0,0.0,0.18673552572727203,0.13253842294216156,2,3,1,1,14.88157844543457,4.341558456420898,2.439943552017212,11.673240661621094,0.47268542647361755,0.06305096298456192,0.6495151519775391,0.15145114064216614,-0.048248112201690674,0.04937657341361046,-0.06946433335542679,0.05084221810102463,0.0,-11.5,33.900001525878906,23.100000381469727,0.699999988079071,0.0,20.100000381469727,0.0,0.30000001192092896,0.30000001192092896,0.30000001192092896,0.30000001192092896
36.0,0,0.2624281346797943,-0.03775257244706154,-0.040985509753227234,0.3137293756008148,4.0,0.0,0.20488202571868896,0.1326770782470703,2,3,1,1,14.487329483032227,4.659775733947754,3.985046148300171,10.834671974182129,0.4727085828781128,0.0632249116897583,0.6495016813278198,0.15136291086673737,-0.048025812953710556,0.04936595633625984,-0.06932725012302399,0.05088433250784874,0.0,-11.5,33.900001525878906,23.100000381469727,0.699999988079071,0.0,20.100000381469727,0.0,0.30000001192092896,0.30000001192092896,0.30000001192092896,0.30000001192092896
36.05,0,0.26250338554382324,-0.03788536414504051,-0.07684951275587082,0.31365376710891724,4.0,0.0,0.18967771530151367,0.13277751207351685,2,3,1,1,14.912908554077148,4.132100582122803,2.3873629570007324,11.45542049407959,0.47272807359695435,0.06339529156684875,0.6494995951652527,0.1512683928012848,-0.04786933213472366,0.04936493560671806,-0.0691818818449974,0.050921034067869186,0.0,-11.5,33.900001525878906,23.100000381469727,0.699999988079071,0.0,20.100000381469727,0.0,0.30000001192092896,0.30000001192092896,0.30000001192092896,0.30000001192092896
36.1,0,0.2625264525413513,-0.037956129759550095,-0.04148312658071518,0.3135409355163574,4.0,0.0,0.20248353481292725,0.1327873170375824,2,3,1,1,14.08393669128418,4.443305969238281,4.92249059677124,11.774127006530762,0.47274577617645264,0.06353326886892319,0.6494601368904114,0.15116211771965027,-0.04770798236131668,0.049349162727594376,-0.06903550028800964,0.050949014723300934,0.0,-11.5,33.900001525878906,23.100000381469727,0.699999988079071,0.0,20.100000381469727,0.0,0.30000001192092896,0.30000001192092896,0.30000001192092896,0.30000001192092896
36.15,0,0.26248589158058167,-0.03801305592060089,-0.11086172610521317,0.3134241998195648,4.0,0.0,0.17089514434337616,0.13266167044639587,2,3,1,1,13.717893600463867,4.317119598388672,2.808234453201294,12.751029968261719,0.4727713167667389,0.06360334157943726,0.6493555307388306,0.15104758739471436,-0.047784604132175446,0.04934614151716232,-0.06895755231380463,0.05096271634101868,0.0,-11.5,33.900001525878906,23.100000381469727,0.699999988079071,0.0,20.100000381469727,0.0,0.30000001192092896,0.30000001192092896,0.30000001192092896,0.30000001192092896
36.2,0,0.2624419629573822,-0.03806374594569206,-0.10864926129579544,0.3133181631565094,4.0,0.0,0.18523570895195007,0.13260483741760254,2,3,1,1,13.699899673461914,4.207906723022461,3.557755470275879,12.5894775390625,0.47277796268463135,0.06370695680379868,0.6492838263511658,0.15102553367614746,-0.04772309586405754,0.04932379350066185,-0.06887758523225784,0.050984740257263184,0.0,-11.5,33.900001525878906,23.100000381469727,0.699999988079071,0.0,20.100000381469727,0.0,0.30000001192092896,0.30000001192092896,0.30000001192092896,0.30000001192092896
36.25,0,0.26243603229522705,-0.03828861191868782,-0.10265763103961945,0.31322646141052246,4.0,0.0,0.18455477058887482,0.13241586089134216,2,3,1,1,15.010516166687012,3.4035110473632812,1.1496835947036743,11.954219818115234,0.47278377413749695,0.06381800025701523,0.6492078304290771,0.15112371742725372,-0.04772619158029556,0.04930618032813072,-0.06880991160869598,0.05100449547171593,0.0,-11.5,33.900001525878906,23.100000381469727,0.699999988079071,0.0,20.100000381469727,0.0,0.30000001192092896,0.30000001192092896,0.30000001192092896,0.30000001192092896
36.3,0,0.2624445855617523,-0.038427986204624176,-0.0970948338508606,0.31315022706985474,4.0,0.0,0.1896125078201294,0.13234184682369232,2,3,1,1,14.58441162109375,3.7050411701202393,2.043111562728882,11.674657821655273,0.4727986454963684,0.06392109394073486,0.649190366268158,0.1512085497379303,-0.0476427860558033,0.049279335886240005,-0.06872420012950897,0.05102444067597389,0.0,-11.5,33.900001525878906,23.100000381469727,0.699999988079071,0.0,20.100000381469727,0.0,0.30000001192092896,0.30000001192092896,0.30000001192092896,0.30000001192092896
36.35,0,0.2624456584453583,-0.0385940782725811,-0.0711480900645256,0.31307777762413025,4.0,0.0,0.20100723206996918,0.13218213617801666,2,3,1,1,13.61355972290039,4.034177780151367,4.916042804718018,12.201722145080566,0.4728172719478607,0.06401856243610382,0.6491538286209106,0.15129128098487854,-0.04757782816886902,0.049245696514844894,-0.0686541199684143,0.05104006826877594,0.0,-11.5,33.900001525878906,23.100000381469727,0.699999988079071,0.0,20.100000381469727,0.0,0.30000001192092896,0.30000001192092896,0.30000001192092896,0.30000001192092896
36.4,0,0.2624368667602539,-0.03873591125011444,-0.09790463745594025,0.313000351190567,4.0,0.0,0.1927286833524704,0.1320280283689499,2,3,1,1,13.595410346984863,4.122730255126953,4.651785850524902,12.771769523620605,0.4728369414806366,0.06409014016389847,0.6491159796714783,0.15137171745300293,-0.04757062718272209,0.04921533167362213,-0.0685892179608345,0.051050640642642975,0.0,-11.5,33.900001525878906,23.100000381469727,0.699999988079071,0.0,20.100000381469727,0.0,0.30000001192092896,0.30000001192092896,0.30000001192092896,0.30000001192092896
36.45,0,0.2624113857746124,-0.03887859731912613,-0.07975075393915176,0.3129338324069977,4.0,0.0,0.19998763501644135,0.131880521774292,2,3,1,1,13.366060256958008,4.096736431121826,5.132538795471191,12.240255355834961,0.4728494882583618,0.06416939198970795,0.6490686535835266,0.1514488011598587,-0.04754336178302765,0.04917849972844124,-0.06854579597711563,0.0510658323764801,0.0,-11.5,33.900001525878906,23.100000381469727,0.699999988079071,0.0,20.100000381469727,0.0,0.30000001192092896,0.30000001192092896,0.30000001192092896,0.30000001192092896
36.5,0,0.26235634088516235,-0.03903704136610031,-0.07750256359577179,0.3128628432750702,4.0,0.0,0.20046301186084747,0.13161766529083252,2,3,1,1,13.044909477233887,4.162784099578857,5.431924343109131,12.301335334777832,0.4728599786758423,0.06418140232563019,0.6489959955215454,0.1515207439661026,-0.047638531774282455,0.0491328202188015,-0.06853199750185013,0.05107896029949188,0.0,-11.5,33.900001525878906,23.100000381469727,0.699999988079071,0.0,20.100000381469727,0.0,0.30000001192092896,0.30000001192092896,0.30000001192092896,0.30000001192092896
36.55,0,0.2623401880264282,-0.039229318499565125,-0.12153887003660202,0.31278178095817566,4.0,0.0,0.1784454882144928,0.13132266700267792,2,3,1,1,14.40495491027832,3.278700828552246,1.013206958770752,12.477066993713379,0.4728569984436035,0.0642157569527626,0.6489242315292358,0.15158215165138245,-0.04772847145795822,0.04909428954124451,-0.06848517060279846,0.05108782649040222,0.0,-11.5,33.900001525878906,23.100000381469727,0.699999988079071,0.0,20.100000381469727,0.0,0.30000001192092896,0.30000001192092896,0.30000001192092896,0.30000001192092896
36.6,0,0.26230430603027344,-0.039351291954517365,-0.07315880805253983,0.31271448731422424,4.0,0.0,0.18953342735767365,0.13098812103271484,2,3,1,1,13.872716903686523,3.3507347106933594,3.6257941722869873,12.671932220458984,0.47286903858184814,0.06421466916799545,0.648870587348938,0.1516479104757309,-0.04773714393377304,0.049030378460884094,-0.06845138221979141,0.05109833925962448,0.0,-11.5,33.900001525878906,23.100000381469727,0.699999988079071,0.0,20.100000381469727,0.0,0.30000001192092896,0.30000001192092896,0.30000001192092896,0.30000001192092896
36.65,0,0.26227837800979614,-0.03946128860116005,-0.12906554341316223,0.3126451075077057,4.0,0.0,0.17935098707675934,0.13076280057430267,2,3,1,1,14.012636184692383,3.4421985149383545,2.1261839866638184,12.860564231872559,0.4728699326515198,0.06425148993730545,0.6488168835639954,0.1517048329114914,-0.047788262367248535,0.04898763820528984,-0.06841329485177994,0.051101427525281906,0.0,-11.5,33.900001525878906,23.100000381469727,0.699999988079071,0.0,20.100000381469727,0.0,0.30000001192092896,0.30000001192092896,0.30000001192092896,0.30000001192092896
36.7,0,0.2622504234313965,-0.03955630213022232,-0.12427514791488647,0.31259503960609436,4.0,0.0,0.17408429086208344,0.13055483996868134,2,3,1,1,15.05632495880127,2.8296759128570557,0.0,12.362564086914062,0.47285813093185425,0.06423531472682953,0.6487758159637451,0.15175797045230865,-0.04781147837638855,0.048924803733825684,-0.0683903619647026,0.051117900758981705,0.0,-11.5,33.900001525878906,23.100000381469727,0.699999988079071,0.0,20.100000381469727,0.0,0.30000001192092896,0.30000001192092896,0.30000001192092896,0.30000001192092896
36.75,0,0.26221558451652527,-0.03965315595269203,-0.11943080276250839,0.31254512071609497,4.0,0.0,0.17128054797649384,0.13031557202339172,2,3,1,1,14.917880058288574,2.8534109592437744,0.0,12.798151969909668,0.47285836935043335,0.06420831382274628,0.6487420201301575,0.1518055945634842,-0.04788371920585632,0.04886012524366379,-0.06837256252765656,0.05112668126821518,0.0,-11.5,33.900001525878906,23.100000381469727,0.699999988079071,0.0,20.100000381469727,0.0,0.30000001192092896,0.30000001192092896,0.30000001192092896,0.30000001192092896
36.8,0,0.26218852400779724,-0.039707764983177185,-0.11541111022233963,0.3124963045120239,4.0,0.0,0.1752973049879074,0.13004127144813538,2,3,1,1,15.069219589233398,2.7694504261016846,0.0,12.709894180297852,0.4728589355945587,0.06414617598056793,0.6487279534339905,0.15184737741947174,-0.04792049154639244,0.04878123849630356,-0.06834064424037933,0.05113253369927406,0.0,-11.5,33.900001525878906,23.100000381469727,0.699999988079071,0.0,20.100000381469727,0.0,0.30000001192092896,0.30000001192092896,0.30000001192092896,0.30000001192092896
36.85,0,0.2621561884880066,-0.03976071625947952,-0.10493656992912292,0.31244683265686035,4.0,0.0,0.17551657557487488,0.12975691258907318,2,3,1,1,15.064360618591309,2.703547954559326,0.0,12.92502498626709,0.4728590250015259,0.06408198177814484,0.6487045288085938,0.15188759565353394,-0.04798141121864319,0.048703353852033615,-0.06831757724285126,0.05113792419433594,0.0,-11.5,33.900001525878906,23.100000381469727,0.699999988079071,0.0,20.100000381469727,0.0,0.30000001192092896,0.30000001192092896,0.30000001192092896,0.30000001192092896
36.9,0,0.26212140917778015,-0.039786867797374725,-0.10575804859399796,0.31239598989486694,4.0,0.0,0.18116004765033722,0.12941600382328033,2,3,1,1,15.342325210571289,2.607145071029663,0.0,12.575613021850586,0.47285786271095276,0.06399817764759064,0.6486736536026001,0.1519201397895813,-0.048011958599090576,0.048611536622047424,-0.06829247623682022,0.05114353820681572,0.0,-11.5,33.900001525878906,23.100000381469727,0.699999988079071,0.0,20.100000381469727,0.0,0.30000001192092896,0.30000001192092896,0.30000001192092896,0.30000001192092896
36.95,0,0.26213139295578003,-0.03987015038728714,-0.11656863242387772,0.3124082684516907,4.0,0.0,0.17764800786972046,0.12922634184360504,2,3,1,1,15.007149696350098,2.7804579734802246,0.0,12.40517807006836,0.47285863757133484,0.06395519524812698,0.6487090587615967,0.151942640542984,-0.04800420626997948,0.0485178604722023,-0.06828530877828598,0.051165152341127396,0.0,-11.5,33.900001525878906,23.100000381469727,0.699999988079071,0.0,20.100000381469727,0.0,0.30000001192092896,0.30000001192092896,0.30000001192092896,0.30000001192092896
37.0,0,0.26211434602737427,-0.03994949907064438,-0.12052121013402939,0.31236839294433594,4.0,0.0,0.1767423450946808,0.12894487380981445,2,3,1,1,14.80904483795166,2.840954065322876,0.0,12.8057222366333,0.4728614091873169,0.06389223039150238,0.6486973166465759,0.1519692838191986,-0.04802690073847771,0.048417966812849045,-0.06825722008943558,0.05116927996277809,0.0,-11.5,33.900001525878906,23.100000381469727,0.699999988079071,0.0,20.100000381469727,0.0,0.30000001192092896,0.30000001192092896,0.30000001192092896,0.30000001192092896
37.05,0,0.2620970606803894,-0.039937589317560196,-0.0594140961766243,0.31236547231674194,4.0,0.0,0.19923053681850433,0.12875139713287354,2,3,1,1,14.755644798278809,3.3079583644866943,2.4592645168304443,11.965951919555664,0.47285839915275574,0.06382916867733002,0.6487048268318176,0.15198859572410583,-0.04799067601561546,0.04834657162427902,-0.06825635582208633,0.0511871874332428,0.0,-11.5,33.900001525878906,23.100000381469727,0.699999988079071,0.0,20.100000381469727,0.0,0.30000001192092896,0.30000001192092896,0.30000001192092896,0.30000001192092896
37.1,0,0.2621961236000061,-0.03979957848787308,-0.047215480357408524,0.31243425607681274,4.0,0.0,0.20808303356170654,0.12902957201004028,2,3,1,1,14.824831008911133,3.953507900238037,3.9289536476135254,11.916613578796387,0.4728509485721588,0.06387996673583984,0.6488643884658813,0.15201525390148163,-0.04778636619448662,0.048409659415483475,-0.0682099238038063,0.05122193321585655,0.0,-11.5,33.900001525878906,23.100000381469727,0.699999988079071,0.0,20.100000381469727,0.0,0.30000001192092896,0.30000001192092896,0.30000001192092896,0.30000001192092896
37.15,0,0.26229536533355713,-0.03961736708879471,-0.04562629014253616,0.3125150799751282,4.0,0.0,0.20767395198345184,0.12931793928146362,2,3,1,1,15.139723777770996,4.035376071929932,4.073947429656982,11.844009399414062,0.4728478789329529,0.06389977782964706,0.649038553237915,0.1520271897315979,-0.04760623723268509,0.04846829175949097,-0.06817281991243362,0.05125843361020088,0.0,-11.5,33.900001525878906,23.100000381469727,0.699999988079071,0.0,20.100000381469727,0.0,0.30000001192092896,0.30000001192092896,0.30000001192092896,0.30000001192092896
37.2,0,0.26230743527412415,-0.03951294347643852,-0.0510319322347641,0.3124569356441498,4.0,0.0,0.2026132047176361,0.12929145991802216,2,3,1,1,14.364884376525879,3.912519693374634,4.407682418823242,12.0076265335083,0.4728536605834961,0.06386832892894745,0.6490796208381653,0.1520257592201233,-0.047678761184215546,0.048553720116615295,-0.06809359043836594,0.051267098635435104,0.0,-11.5,33.900001525878906,23.100000381469727,0.699999988079071,0.0,20.100000381469727,0.0,0.30000001192092896,0.30000001192092896,0.30000001192092896,0.30000001192092896
37.25,0,0.26234307885169983,-0.039435118436813354,-0.07012901455163956,0.3124163746833801,4.0,0.0,0.19422748684883118,0.12931479513645172,2,3,1,1,15.059256553649902,3.8890225887298584,2.7913548946380615,12.683178901672363,0.4728527367115021,0.06387078762054443,0.6491221785545349,0.15202301740646362,-0.04771995544433594,0.04864029586315155,-0.06801652163267136,0.05128266289830208,0.0,-11.5,33.900001525878906,23.100000381469727,0.699999988079071,0.0,20.100000381469727,0.0,0.30000001192092896,0.30000001192092896,0.30000001192092896,0.30000001192092896
37.3,0,0.26237231492996216,-0.03933505341410637,-0.04923347756266594,0.3123827576637268,4.0,0.0,0.20517362654209137,0.12934018671512604,2,3,1,1,14.656360626220703,3.8937175273895264,4.133995056152344,12.266084671020508,0.47285255789756775,0.06386970728635788,0.6491725444793701,0.15202152729034424,-0.047672372311353683,0.048704251646995544,-0.06794193387031555,0.051303572952747345,0.0,-11.5,33.900001525878906,23.100000381469727,0.699999988079071,0.0,20.100000381469727,0.0,0.30000001192092896,0.30000001192092896,0.30000001192092896,0.30000001192092896
37.35,0,0.2624046504497528,-0.03924162685871124,-0.0650438666343689,0.312335729598999,4.0,0.0,0.19853335618972778,0.12938843667507172,2,3,1,1,15.41862678527832,3.352257251739502,2.5052928924560547,11.907379150390625,0.4728514552116394,0.06387249380350113,0.6492221355438232,0.15201346576213837,-0.04767831042408943,0.04877734184265137,-0.06785428524017334,0.05131576210260391,0.0,-11.5,33.900001525878906,23.100000381469727,0.699999988079071,0.0,20.100000381469727,0.0,0.30000001192092896,0.30000001192092896,0.30000001192092896,0.30000001192092896
37.4,0,0.2624513506889343,-0.039148055016994476,-0.06258059293031693,0.3123122453689575,4.0,0.0,0.2003648281097412,0.1294608861207962,2,3,1,1,15.349906921386719,3.480764627456665,3.086965322494507,11.58818244934082,0.47285082936286926,0.06387969106435776,0.6492833495140076,0.15199962258338928,-0.04762532562017441,0.04884037747979164,-0.06777603924274445,0.051333826035261154,0.0,-11.5,33.900001525878906,23.100000381469727,0.699999988079071,0.0,20.100000381469727,0.0,0.30000001192092896,0.30000001192092896,0.30000001192092896,0.30000001192092896
37.45,0,0.26247572898864746,-0.03904768452048302,-0.047629814594984055,0.3122742474079132,4.0,0.0,0.2058223932981491,0.12949144840240479,2,3,1,1,15.691043853759766,3.422623872756958,3.363759994506836,11.74323558807373,0.4728509187698364,0.06387891620397568,0.6493322253227234,0.15197983384132385,-0.04760190472006798,0.048901427537202835,-0.06770012527704239,0.051346540451049805,0.0,-11.5,33.900001525878906,23.100000381469727,0.699999988079071,0.0,20.100000381469727,0.0,0.30000001192092896,0.30000001192092896,0.30000001192092896,0.30000001192092896
37.5,0,0.26251399517059326,-0.03895900398492813,-0.07057260721921921,0.3122565448284149,4.0,0.0,0.18698611855506897,0.12953521311283112,2,3,1,1,15.196386337280273,3.680075168609619,2.127793312072754,13.102396965026855,0.4728548526763916,0.06386544555425644,0.6493881940841675,0.1519453078508377,-0.04765487089753151,0.04897572845220566,-0.06764254719018936,0.05135941877961159,0.0,-11.5,33.900001525878906,23.100000381469727,0.699999988079071,0.0,20.100000381469727,0.0,0.30000001192092896,0.30000001192092896,0.30000001192092896,0.30000001192092896
37.55,0,0.26254844665527344,-0.038875874131917953,-0.06313453614711761,0.3122194707393646,4.0,0.0,0.19121761620044708,0.12955307960510254,2,3,1,1,15.581886291503906,3.736294984817505,2.2291433811187744,12.942394256591797,0.47285327315330505,0.06387116760015488,0.6494243144989014,0.15190845727920532,-0.04763036593794823,0.049032796174287796,-0.0675651878118515,0.05137263983488083,0.0,-11.5,33.900001525878906,23.100000381469727,0.699999988079071,0.0,20.100000381469727,0.0,0.30000001192092896,0.30000001192092896,0.30000001192092896,0.30000001192092896
37.6,0,0.262550950050354,-0.03876907378435135,-0.035335659980773926,0.3121854066848755,4.0,0.0,0.20681075751781464,0.12954141199588776,2,3,1,1,14.439947128295898,4.039248943328857,5.010411262512207,12.325399398803711,0.4728553891181946,0.0638587698340416,0.6494460105895996,0.15187324583530426,-0.04760356619954109,0.04907599464058876,-0.06751298159360886,0.051385458558797836,0.0,-11.5,33.900001525878906,23.100000381469727,0.699999988079071,0.0,20.100000381469727,0.0,0.30000001192092896,0.30000001192092896,0.30000001192092896,0.30000001192092896
37.65,0,0.2626088261604309,-0.03867250680923462,-0.06239091604948044,0.3121573328971863,4.0,0.0,0.19897282123565674,0.129633828997612,2,3,1,1,15.130585670471191,3.9261698722839355,3.809396743774414,12.451742172241211,0.4728528559207916,0.06387113779783249,0.6495091915130615,0.1518263965845108,-0.04754007235169411,0.04912544786930084,-0.06741923838853836,0.05139882117509842,0.0,-11.5,33.900001525878906,23.100000381469727,0.699999988079071,0.0,20.100000381469727,0.0,0.30000001192092896,0.30000001192092896,0.30000001192092896,0.30000001192092896
37.7,0,0.2626553475856781,-0.038550734519958496,-0.06559284031391144,0.31215474009513855,4.0,0.0,0.19853760302066803,0.1297537088394165,2,3,1,1,15.529095649719238,3.914424419403076,3.148151397705078,11.951881408691406,0.47285088896751404,0.06388061493635178,0.6495723724365234,0.15177789330482483,-0.04746804013848305,0.0491679422557354,-0.06735967099666595,0.05141427740454674,0.0,-11.5,33.900001525878906,23.100000381469727,0.699999988079071,0.0,20.100000381469727,0.0,0.30000001192092896,0.30000001192092896,0.30000001192092896,0.30000001192092896
37.75,0,0.2626607418060303,-0.03845829889178276,-0.040963247418403625,0.31211259961128235,4.0,0.0,0.20340323448181152,0.12970179319381714,2,3,1,1,14.551767349243164,3.930154800415039,5.033821105957031,12.250261306762695,0.4728560447692871,0.06385727971792221,0.6495852470397949,0.15172132849693298,-0.04747094586491585,0.04920655116438866,-0.0673016905784607,0.05142714083194733,0.0,-11.5,33.900001525878906,23.100000381469727,0.699999988079071,0.0,20.100000381469727,0.0,0.30000001192092896,0.30000001192092896,0.30000001192092896,0.30000001192092896
37.8,0,0.26269975304603577,-0.03839194029569626,-0.07198754698038101,0.3120940029621124,4.0,0.0,0.18818853795528412,0.12974576652050018,2,3,1,1,15.407231330871582,3.5629963874816895,2.1410787105560303,13.185739517211914,0.4728561043739319,0.06385956704616547,0.6496179103851318,0.1516541838645935,-0.047485191375017166,0.04925405979156494,-0.0672437995672226,0.05143902078270912,0.0,-11.5,33.900001525878906,23.100000381469727,0.699999988079071,0.0,20.100000381469727,0.0,0.30000001192092896,0.30000001192092896,0.30000001192092896,0.30000001192092896
37.85,0,0.262675940990448,-0.03830790892243385,-0.04931937903165817,0.3120376765727997,4.0,0.0,0.19799800217151642,0.12969286739826202,2,3,1,1,14.55313491821289,3.7180161476135254,4.383423328399658,12.365623474121094,0.47286003828048706,0.06384241580963135,0.6495975255966187,0.15158361196517944,-0.047493498772382736,0.04927978292107582,-0.06719569116830826,0.05144316703081131,0.0,-11.5,33.900001525878906,23.100000381469727,0.699999988079071,0.0,20.100000381469727,0.0,0.30000001192092896,0.30000001192092896,0.30000001192092896,0.30000001192092896
37.9,0,0.2626754939556122,-0.03824402019381523,-0.08343811333179474,0.31199365854263306,4.0,0.0,0.1856589913368225,0.1297280490398407,2,3,1,1,15.548478126525879,3.2257437705993652,1.3446937799453735,12.82232666015625,0.47285816073417664,0.0638464018702507,0.649588942527771,0.15150411427021027,-0.04755324125289917,0.04932085797190666,-0.06714729219675064,0.05144679173827171,0.0,-11.5,33.900001525878906,23.100000381469727,0.699999988079071,0.0,20.100000381469727,0.0,0.30000001192092896,0.30000001192092896,0.30000001192092896,0.30000001192092896
37.95,0,0.26266640424728394,-0.038160547614097595,-0.08190164715051651,0.3119780719280243,4.0,0.0,0.19230328500270844,0.12975017726421356,2,3,1,1,15.00327205657959,3.602871894836426,2.8687634468078613,13.13078498840332,0.47286105155944824,0.06383870542049408,0.6495873332023621,0.15142019093036652,-0.04753965139389038,0.04933900386095047,-0.06712598353624344,0.05146040767431259,0.0,-11.5,33.900001525878906,23.100000381469727,0.699999988079071,0.0,20.100000381469727,0.0,0.30000001192092896,0.30000001192092896,0.30000001192092896,0.30000001192092896
38.0,0,0.2626655399799347,-0.03810322657227516,-0.08069278299808502,0.3119525909423828,4.0,0.0,0.1917034536600113,0.12977002561092377,2,3,1,1,15.836099624633789,2.933727502822876,1.367628574371338,12.169594764709473,0.47285741567611694,0.06383980810642242,0.6495732069015503,0.15133026242256165,-0.047551464289426804,0.04936312511563301,-0.067095085978508,0.05146666616201401,0.0,-11.5,33.900001525878906,23.100000381469727,0.699999988079071,0.0,20.100000381469727,0.0,0.30000001192092896,0.30000001192092896,0.30000001192092896,0.30000001192092896
38.05,0,0.2626447081565857,-0.038012731820344925,-0.08145159482955933,0.3119044005870819,4.0,0.0,0.19592411816120148,0.12974034249782562,2,3,1,1,14.564934730529785,3.6907782554626465,3.432325839996338,13.075398445129395,0.47286561131477356,0.06382033973932266,0.6495586037635803,0.1512259542942047,-0.04756379872560501,0.04937553405761719,-0.06704983115196228,0.051469411700963974,0.0,-11.5,33.900001525878906,23.100000381469727,0.699999988079071,0.0,20.100000381469727,0.0,0.30000001192092896,0.30000001192092896,0.30000001192092896,0.30000001192092896
38.1,0,0.26263561844825745,-0.03793790191411972,-0.10838790982961655,0.31187981367111206,4.0,0.0,0.1830974668264389,0.1297372430562973,2,3,1,1,14.460037231445312,3.600466728210449,2.502220869064331,13.66014575958252,0.47287052869796753,0.0638033002614975,0.6495357155799866,0.15111824870109558,-0.04760738089680672,0.04939427599310875,-0.06702841818332672,0.05147496238350868,0.0,-11.5,33.900001525878906,23.100000381469727,0.699999988079071,0.0,20.100000381469727,0.0,0.30000001192092896,0.30000001192092896,0.30000001192092896,0.30000001192092896
38.15,0,0.26262781023979187,-0.037848714739084244,-0.10702904313802719,0.3118593394756317,4.0,0.0,0.18107180297374725,0.12979720532894135,2,3,1,1,14.926076889038086,3.0221123695373535,1.3072000741958618,13.126692771911621,0.47286564111709595,0.06380848586559296,0.6495140790939331,0.1509978473186493,-0.04759252443909645,0.049403656274080276,-0.06700553745031357,0.05147738382220268,0.0,-11.5,33.900001525878906,23.100000381469727,0.699999988079071,0.0,20.100000381469727,0.0,0.30000001192092896,0.30000001192092896,0.30000001192092896,0.30000001192092896
38.2,0,0.2626248300075531,-0.037836574018001556,-0.10370713472366333,0.31183138489723206,4.0,0.0,0.18852460384368896,0.1297626793384552,2,3,1,1,14.967164993286133,3.2823145389556885,1.800283670425415,13.176677703857422,0.4728643596172333,0.06381510198116302,0.6495047211647034,0.15100178122520447,-0.04759170487523079,0.049407701939344406,-0.06697756052017212,0.05148216336965561,0.0,-11.5,33.900001525878906,23.100000381469727,0.699999988079071,0.0,20.100000381469727,0.0,0.30000001192092896,0.30000001192092896,0.30000001192092896,0.30000001192092896
38.25,0,0.26263776421546936,-0.03787998855113983,-0.06836813688278198,0.31180763244628906,4.0,0.0,0.20083189010620117,0.12966272234916687,2,3,1,1,14.466668128967285,3.428144693374634,4.268679618835449,12.361065864562988,0.4728649854660034,0.06381586939096451,0.6495291590690613,0.1511002779006958,-0.04754319041967392,0.049398116767406464,-0.0669393315911293,0.05149061232805252,0.0,-11.5,33.900001525878906,23.100000381469727,0.699999988079071,0.0,20.100000381469727,0.0,0.30000001192092896,0.30000001192092896,0.30000001192092896,0.30000001192092896
38.3,0,0.26266899704933167,-0.037946660071611404,-0.07258204370737076,0.31181472539901733,4.0,0.0,0.19958342611789703,0.12963958084583282,2,3,1,1,15.688467025756836,2.9914817810058594,2.0624499320983887,12.083460807800293,0.4728587567806244,0.06382975727319717,0.649567186832428,0.15120136737823486,-0.0475294291973114,0.04939670115709305,-0.0669236034154892,0.051499176770448685,0.0,-11.5,33.900001525878906,23.100000381469727,0.699999988079071,0.0,20.100000381469727,0.0,0.30000001192092896,0.30000001192092896,0.30000001192092896,0.30000001192092896
38.35,0,0.2626778781414032,-0.0379471480846405,-0.06046817824244499,0.3118058443069458,4.0,0.0,0.19673538208007812,0.12956847250461578,2,3,1,1,14.752251625061035,3.340221643447876,3.7333860397338867,12.48422622680664,0.4728619158267975,0.06381513178348541,0.6496024131774902,0.15127363801002502,-0.04749947413802147,0.049382466822862625,-0.06690087914466858,0.05150565877556801,0.0,-11.5,33.900001525878906,23.100000381469727,0.699999988079071,0.0,20.100000381469727,0.0,0.30000001192092896,0.30000001192092896,0.30000001192092896,0.30000001192092896
38.4,0,0.2627149224281311,-0.03799997270107269,-0.08483649790287018,0.3117893934249878,4.0,0.0,0.1984340399503708,0.12952575087547302,2,3,1,1,15.459500312805176,3.445404291152954,2.42116641998291,12.568506240844727,0.4728600084781647,0.06383534520864487,0.6496463418006897,0.15136481821537018,-0.047461699694395065,0.04937352240085602,-0.06685144454240799,0.05151607096195221,0.0,-11.5,33.900001525878906,23.100000381469727,0.699999988079071,0.0,20.100000381469727,0.0,0.30000001192092896,0.30000001192092896,0.30000001192092896,0.30000001192092896
38.45,0,0.2627429664134979,-0.03802582621574402,-0.06919784843921661,0.31179413199424744,4.0,0.0,0.20256350934505463,0.1294863373041153,2,3,1,1,15.197450637817383,3.562242269515991,3.6419341564178467,13.022059440612793,0.4728594422340393,0.06383834779262543,0.6496788263320923,0.15143345296382904,-0.04738934710621834,0.04935133457183838,-0.06682994216680527,0.05152308940887451,0.0,-11.5,33.900001525878906,23.100000381469727,0.699999988079071,0.0,20.100000381469727,0.0,0.30000001192092896,0.30000001192092896,0.30000001192092896,0.30000001192092896
38.5,0,0.2627820372581482,-0.038040027022361755,-0.07010287791490555,0.3118076026439667,4.0,0.0,0.20180261135101318,0.1294797956943512,2,3,1,1,15.050714492797852,3.5909054279327393,4.027730941772461,12.723971366882324,0.4728602468967438,0.06384134292602539,0.649752676486969,0.1515079140663147,-0.04732178896665573,0.04933103919029236,-0.06679939478635788,0.051534272730350494,0.0,-11.5,33.900001525878906,23.100000381469727,0.699999988079071,0.0,20.100000381469727,0.0,0.30000001192092896,0.30000001192092896,0.30000001192092896,0.30000001192092896
38.55,0,0.26281076669692993,-0.038123153150081635,-0.11291774362325668,0.31177040934562683,4.0,0.0,0.174887016415596,0.12933707237243652,2,3,1,1,15.5331392288208,3.2401926517486572,0.794359564781189,13.792243003845215,0.4728625416755676,0.06383392959833145,0.6497601270675659,0.1515713781118393,-0.04737844690680504,0.049317799508571625,-0.06675126403570175,0.05152955278754234,0.0,-11.5,33.900001525878906,23.100000381469727,0.699999988079071,0.0,20.100000381469727,0.0,0.30000001192092896,0.30000001192092896,0.30000001192092896,0.30000001192092896
38.6,0,0.26277947425842285,-0.03821127489209175,-0.13646143674850464,0.31172502040863037,4.0,0.0,0.1686432808637619,0.12910647690296173,2,3,1,1,14.763240814208984,3.532268524169922,1.2803561687469482,14.22987174987793,0.47287264466285706,0.0638064369559288,0.6497288346290588,0.1516360491514206,-0.04746897891163826,0.04928490146994591,-0.06674124300479889,0.05152574181556702,0.0,-11.5,33.900001525878906,23.100000381469727,0.699999988079071,0.0,20.100000381469727,0.0,0.30000001192092896,0.30000001192092896,0.30000001192092896,0.30000001192092896
38.65,0,0.26276516914367676,-0.038303911685943604,-0.10919693857431412,0.31169432401657104,4.0,0.0,0.18019309639930725,0.12889762222766876,2,3,1,1,14.994943618774414,3.294961929321289,1.217289924621582,13.643267631530762,0.47286829352378845,0.06380320340394974,0.6496933102607727,0.15169142186641693,-0.04749260097742081,0.04924866929650307,-0.0667329728603363,0.05153081566095352,0.0,-11.5,33.900001525878906,23.100000381469727,0.699999988079071,0.0,20.100000381469727,0.0,0.30000001192092896,0.30000001192092896,0.30000001192092896,0.30000001192092896
38.7,0,0.26278766989707947,-0.03837595134973526,-0.09237318485975266,0.3116796612739563,4.0,0.0,0.1872224658727646,0.12880194187164307,2,3,1,1,15.264162063598633,3.32460880279541,1.9323703050613403,13.557622909545898,0.47286632657051086,0.06381639093160629,0.649715006351471,0.15174658596515656,-0.04743180051445961,0.0492064543068409,-0.06669657677412033,0.051540009677410126,0.0,-11.5,33.900001525878906,23.100000381469727,0.699999988079071,0.0,20.100000381469727,0.0,0.30000001192092896,0.30000001192092896,0.30000001192092896,0.30000001192092896
38.75,0,0.26277288794517517,-0.03847277909517288,-0.0931384488940239,0.31163543462753296,4.0,0.0,0.1833983212709427,0.1285526007413864,2,3,1,1,15.065086364746094,3.3052830696105957,1.451284408569336,13.97348690032959,0.4728735387325287,0.06379355490207672,0.649684727191925,0.151797354221344,-0.047481901943683624,0.04915761947631836,-0.06667419523000717,0.05153828114271164,0.0,-11.5,33.900001525878906,23.100000381469727,0.699999988079071,0.0,20.100000381469727,0.0,0.30000001192092896,0.30000001192092896,0.30000001192092896,0.30000001192092896
38.8,0,0.26274919509887695,-0.0385504774749279,-0.07373480498790741,0.3116145133972168,4.0,0.0,0.1973550170660019,0.12843143939971924,2,3,1,1,14.547256469726562,3.3692691326141357,4.197306156158447,12.42927074432373,0.4728671610355377,0.06380544602870941,0.6496535539627075,0.1518412083387375,-0.0474432073533535,0.04910088703036308,-0.06667394936084747,0.05154502019286156,0.0,-11.5,33.900001525878906,23.100000381469727,0.699999988079071,0.0,20.100000381469727,0.0,0.30000001192092896,0.30000001192092896,0.30000001192092896,0.30000001192092896
38.85,0,0.26272687315940857,-0.038641367107629776,-0.055898409336805344,0.31160715222358704,4.0,0.0,0.19773410260677338,0.12829869985580444,2,3,1,1,14.256217956542969,3.5201778411865234,4.979022026062012,12.70287036895752,0.472872257232666,0.06378859281539917,0.6496373414993286,0.15188075602054596,-0.0474773608148098,0.04904268682003021,-0.06668931990861893,0.051545895636081696,0.0,-11.5,33.900001525878906,23.100000381469727,0.699999988079071,0.0,20.100000381469727,0.0,0.30000001192092896,0.30000001192092896,0.30000001192092896,0.30000001192092896
38.9,0,0.2627018690109253,-0.038722604513168335,-0.06986741721630096,0.3115760087966919,4.0,0.0,0.19989582896232605,0.12812462449073792,2,3,1,1,14.237741470336914,3.413698434829712,4.728214740753174,12.536700248718262,0.47287383675575256,0.06378873437643051,0.6495968699455261,0.15191520750522614,-0.0474894754588604,0.048982974141836166,-0.06668487936258316,0.051549673080444336,0.0,-11.5,33.900001525878906,23.100000381469727,0.699999988079071,0.0,20.100000381469727,0.0,0.30000001192092896,0.30000001192092896,0.30000001192092896,0.30000001192092896
38.95,0,0.26270592212677,-0.038819823414087296,-0.055541031062603,0.3115880489349365,4.0,0.0,0.20875489711761475,0.12800975143909454,2,3,1,1,14.136996269226074,3.7260825634002686,4.5673370361328125,13.366541862487793,0.4728771448135376,0.063776396214962,0.6496014595031738,0.15194709599018097,-0.047466181218624115,0.04891455918550491,-0.06669314205646515,0.05155658349394798,0.0,-11.5,33.900001525878906,23.100000381469727,0.699999988079071,0.0,20.100000381469727,0.0,0.30000001192092896,0.30000001192092896,0.30000001192092896,0.30000001192092896
39.0,0,0.2626749873161316,-0.03892706334590912,-0.09669341892004013,0.31156307458877563,4.0,0.0,0.19152776896953583,0.12778015434741974,2,3,1,1,14.998960494995117,2.953803300857544,1.9908884763717651,12.527112007141113,0.4728701710700989,0.06374441087245941,0.6495569944381714,0.15196292102336884,-0.047541432082653046,0.04884523153305054,-0.06670043617486954,0.05156458169221878,0.0,-11.5,33.900001525878906,23.100000381469727,0.699999988079071,0.0,20.100000381469727,0.0,0.30000001192092896,0.30000001192092896,0.30000001192092896,0.30000001192092896
39.05,0,0.26267239451408386,-0.03902376443147659,-0.052114564925432205,0.31154218316078186,4.0,0.0,0.20506224036216736,0.1275804340839386,2,3,1,1,14.115660667419434,3.468313217163086,5.002229690551758,13.055448532104492,0.47287771105766296,0.0637151449918747,0.6495507955551147,0.1519845724105835,-0.04752809926867485,0.04876064509153366,-0.06668226420879364,0.05156194791197777,0.0,-11.5,33.900001525878906,23.100000381469727,0.699999988079071,0.0,20.100000381469727,0.0,0.30000001192092896,0.30000001192092896,0.30000001192092896,0.30000001192092896
39.1,0,0.26267609000205994,-0.03906254470348358,-0.12257121503353119,0.31153371930122375,4.0,0.0,0.1798899620771408,0.12744881212711334,2,3,1,1,14.913576126098633,3.0466670989990234,1.458174228668213,12.976731300354004,0.47287437319755554,0.06367731094360352,0.6495494842529297,0.15198944509029388,-0.047538310289382935,0.04868609085679054,-0.0666724219918251,0.05155949667096138,0.0,-11.5,33.900001525878906,23.100000381469727,0.699999988079071,0.0,20.100000381469727,0.0,0.30000001192092896,0.30000001192092896,0.30000001192092896,0.30000001192092896
39.15,0,0.26264727115631104,-0.03910773992538452,-0.09617124497890472,0.31154292821884155,4.0,0.0,0.19417273998260498,0.1272834837436676,2,3,1,1,14.611303329467773,3.0910239219665527,2.8858094215393066,13.160590171813965,0.47287848591804504,0.06366867572069168,0.6495218276977539,0.1520013064146042,-0.04750336334109306,0.0486002117395401,-0.06670466810464859,0.05157246068120003,0.0,-11.5,33.900001525878906,23.100000381469727,0.699999988079071,0.0,20.100000381469727,0.0,0.30000001192092896,0.30000001192092896,0.30000001192092896,0.30000001192092896
39.2,0,0.26263749599456787,-0.039218366146087646,-0.13624681532382965,0.31151092052459717,4.0,0.0,0.17376264929771423,0.12707878649234772,2,3,1,1,15.119488716125488,2.51269268989563,0.29347479343414307,13.06004524230957,0.47287338972091675,0.06363969296216965,0.6494830846786499,0.1519964337348938,-0.047533079981803894,0.04851289838552475,-0.06668943166732788,0.051569174975156784,0.0,-11.5,33.900001525878906,23.100000381469727,0.699999988079071,0.0,20.100000381469727,0.0,0.30000001192092896,0.30000001192092896,0.30000001192092896,0.30000001192092896
39.25,0,0.26256391406059265,-0.03922868147492409,-0.057308923453092575,0.3114968538284302,4.0,0.0,0.2071356326341629,0.1268046796321869,2,3,1,1,13.784202575683594,3.4753127098083496,5.2787017822265625,13.064051628112793,0.4728855490684509,0.06355227530002594,0.6494126915931702,0.15199361741542816,-0.04755397140979767,0.04840266704559326,-0.06673629581928253,0.051570549607276917,0.0,-11.5,33.900001525878906,23.100000381469727,0.699999988079071,0.0,20.100000381469727,0.0,0.30000001192092896,0.30000001192092896,0.30000001192092896,0.30000001192092896
39.3,0,0.26254987716674805,-0.039368886500597,-0.0975574478507042,0.31144189834594727,4.0,0.0,0.1764875203371048,0.1265406608581543,2,3,1,1,15.221946716308594,2.3430542945861816,0.0,13.223409652709961,0.47287485003471375,0.06350154429674149,0.6493545770645142,0.15197263658046722,-0.04768191650509834,0.048316165804862976,-0.06670881062746048,0.051563963294029236,0.0,-11.5,33.900001525878906,23.100000381469727,0.699999988079071,0.0,20.100000381469727,0.0,0.30000001192092896,0.30000001192092896,0.30000001192092896,0.30000001192092896
39.35,0,0.262527197599411,-0.03932475298643112,-0.08269539475440979,0.31144312024116516,4.0,0.0,0.2022780478000641,0.12646250426769257,2,3,1,1,14.317789077758789,3.345491647720337,2.8822033405303955,12.858474731445312,0.4728758633136749,0.06346490234136581,0.6493468880653381,0.1519552320241928,-0.04763741046190262,0.048288650810718536,-0.06671769171953201,0.05157376453280449,0.0,-11.5,33.900001525878906,23.100000381469727,0.699999988079071,0.0,20.100000381469727,0.0,0.30000001192092896,0.30000001192092896,0.30000001192092896,0.30000001192092896
39.4,0,0.2625715732574463,-0.03927325829863548,-0.08625923097133636,0.31146368384361267,4.0,0.0,0.19551970064640045,0.12661704421043396,2,3,1,1,14.93941879272461,3.094238758087158,1.9639654159545898,13.415058135986328,0.4728691279888153,0.06348683685064316,0.6494057178497314,0.1519329696893692,-0.047608621418476105,0.04834304377436638,-0.06669184565544128,0.05158388987183571,0.0,-11.5,33.900001525878906,23.100000381469727,0.699999988079071,0.0,20.100000381469727,0.0,0.30000001192092896,0.30000001192092896,0.30000001192092896,0.30000001192092896
39.45,0,0.262576699256897,-0.039183370769023895,-0.08829695731401443,0.3114602565765381,4.0,0.0,0.19389064610004425,0.12671422958374023,2,3,1,1,14.911844253540039,3.0596024990081787,1.9026527404785156,13.401571273803711,0.47286927700042725,0.0634809285402298,0.649434506893158,0.15190456807613373,-0.04761538654565811,0.0483907014131546,-0.0666734054684639,0.05158964917063713,0.0,-11.5,33.900001525878906,23.100000381469727,0.699999988079071,0.0,20.100000381469727,0.0,0.30000001192092896,0.30000001192092896,0.30000001192092896,0.30000001192092896
39.5,0,0.2625899910926819,-0.03912188485264778,-0.09819395840167999,0.31143996119499207,4.0,0.0,0.1847076267004013,0.12677210569381714,2,3,1,1,15.3149995803833,2.81886887550354,0.5719896554946899,13.360466957092285,0.4728673994541168,0.06347734481096268,0.6494563221931458,0.15186652541160583,-0.047645360231399536,0.04844212532043457,-0.06663592904806137,0.05158798396587372,0.0,-11.5,33.900001525878906,23.100000381469727,0.699999988079071,0.0,20.100000381469727,0.0,0.30000001192092896,0.30000001192092896,0.30000001192092896,0.30000001192092896
39.55,0,0.26260486245155334,-0.03903917968273163,-0.1027587428689003,0.31145989894866943,4.0,0.0,0.183525949716568,0.12685886025428772,2,3,1,1,14.960430145263672,2.9880025386810303,0.8685356974601746,13.655363082885742,0.4728716015815735,0.06346423923969269,0.6494946479797363,0.15182432532310486,-0.047647323459386826,0.0484810546040535,-0.06663322448730469,0.05159623175859451,0.0,-11.5,33.900001525878906,23.100000381469727,0.699999988079071,0.0,20.100000381469727,0.0,0.30000001192092896,0.30000001192092896,0.30000001192092896,0.30000001192092896
39.6,0,0.2626073658466339,-0.03895651921629906,-0.10483415424823761,0.3114624619483948,4.0,0.0,0.18317607045173645,0.1269344985485077,2,3,1,1,14.95871639251709,2.9648189544677734,0.7973795533180237,13.605398178100586,0.4728720188140869,0.06345615535974503,0.6495146751403809,0.15177570283412933,-0.047651465982198715,0.04851524531841278,-0.06662364304065704,0.05160313844680786,0.0,-11.5,33.900001525878906,23.100000381469727,0.699999988079071,0.0,20.100000381469727,0.0,0.30000001192092896,0.30000001192092896,0.30000001192092896,0.30000001192092896
39.65,0,0.2625453472137451,-0.03874577209353447,-0.011343044228851795,0.31159451603889465,4.0,0.0,0.20713777840137482,0.12695999443531036,2,3,1,1,13.659937858581543,4.871862411499023,4.895409107208252,10.966239929199219,0.4728618562221527,0.06329160183668137,0.6494941115379333,0.1517588049173355,-0.047681573778390884,0.048512671142816544,-0.06679817289113998,0.05160621181130409,0.0,-11.5,33.900001525878906,23.100000381469727,0.699999988079071,0.0,20.100000381469727,0.0,0.0,0.0,0.0,0.0
39.7,0,0.2624105215072632,-0.038326065987348557,-0.008608995005488396,0.3118932247161865,4.0,0.0,0.214851975440979,0.12692390382289886,2,3,1,1,13.279692649841309,5.287791728973389,5.792644023895264,10.136244773864746,0.47280222177505493,0.06283769756555557,0.6494054794311523,0.15176773071289062,-0.04795001819729805,0.048497218638658524,-0.06722401082515717,0.05156310647726059,0.0,-11.5,33.900001525878906,23.100000381469727,0.699999988079071,0.0,20.100000381469727,0.0,0.0,0.0,0.0,0.0
39.75,0,0.2622319459915161,-0.03788604214787483,-0.0073524778708815575,0.3121464252471924,4.0,0.0,0.21506202220916748,0.12698650360107422,2,3,1,1,12.669841766357422,6.083594799041748,6.364748477935791,9.92763900756836,0.4727478623390198,0.062421638518571854,0.6493162512779236,0.15177695453166962,-0.048225000500679016,0.04847262054681778,-0.06763068586587906,0.05150312930345535,0.0,-11.5,33.900001525878906,23.100000381469727,0.699999988079071,0.0,20.100000381469727,0.0,0.0,0.0,0.0,0.0
39.8,0,0.26204806566238403,-0.037465620785951614,-0.0019017771119251847,0.3123707175254822,4.0,0.0,0.21566113829612732,0.12703156471252441,2,3,1,1,12.081474304199219,6.743278980255127,7.395389080047607,9.04809284210205,0.47270095348358154,0.06203675642609596,0.6492260694503784,0.1517864465713501,-0.0485142320394516,0.04845010116696358,-0.06801669299602509,0.05144700035452843,0.0,-11.5,33.900001525878906,23.100000381469727,0.699999988079071,0.0,20.100000381469727,0.0,0.0,0.0,0.0,0.0
39.85,0,0.26187270879745483,-0.0371023453772068,-0.004008862655609846,0.3125998377799988,4.0,0.0,0.21544025838375092,0.12698481976985931,2,3,1,1,11.73291301727295,7.167383670806885,7.902010917663574,8.340066909790039,0.4726608097553253,0.06167908385396004,0.6491443514823914,0.15179413557052612,-0.0488126203417778,0.048425234854221344,-0.06840264052152634,0.05139576271176338,0.0,-11.5,33.900001525878906,23.100000381469727,0.699999988079071,0.0,20.100000381469727,0.0,0.0,0.0,0.0,0.0
39.9,0,0.26168984174728394,-0.0367610827088356,-0.002344172913581133,0.31278538703918457,4.0,0.0,0.21557524800300598,0.12694557011127472,2,3,1,1,11.328375816345215,7.5767292976379395,8.314054489135742,8.01955795288086,0.4726257026195526,0.061345819383859634,0.6490564942359924,0.15180163085460663,-0.0491141714155674,0.04839735105633736,-0.06875114142894745,0.05134013667702675,0.0,-11.5,33.900001525878906,23.100000381469727,0.699999988079071,0.0,20.100000381469727,0.0,0.0,0.0,0.0,0.0
39.95,0,0.2615185081958771,-0.03647004812955856,-0.002004587557166815,0.31296226382255554,4.0,0.0,0.21600492298603058,0.12686535716056824,2,3,1,1,11.07465934753418,7.749980926513672,8.53982925415039,7.807144641876221,0.4725944399833679,0.06103101000189781,0.6489748358726501,0.15180851519107819,-0.04941760003566742,0.048369213938713074,-0.06908327341079712,0.05128784105181694,0.0,-11.5,33.900001525878906,23.100000381469727,0.699999988079071,0.0,20.100000381469727,0.0,0.0,0.0,0.0,0.0
40.0,0,0.2614399790763855,-0.03738034889101982,0.009403005242347717,0.3131301701068878,4.0,0.0,0.21452629566192627,0.12589974701404572,2,3,1,1,11.051556587219238,11.792651176452637,13.00105094909668,4.059525966644287,0.47258758544921875,0.060978569090366364,0.6489444971084595,0.15179698169231415,-0.04975362494587898,0.04834774136543274,-0.06942480057477951,0.051230546087026596,0.0,-11.5,27.0,23.100000381469727,0.699999988079071,0.0,20.100000381469727,0.0,0.0,0.0,0.0,0.0
40.05,0,0.26135891675949097,-0.038437169045209885,0.017392393201589584,0.3132558763027191,4.0,0.0,0.21516567468643188,0.12492183595895767,2,3,1,1,10.800087928771973,11.731350898742676,13.004250526428223,4.007063388824463,0.4725911319255829,0.06101977825164795,0.6488836407661438,0.15178819000720978,-0.05009172484278679,0.04831673204898834,-0.0697343572974205,0.05117512866854668,0.0,-11.5,27.0,23.100000381469727,0.699999988079071,0.0,20.100000381469727,0.0,0.0,0.0,0.0,0.0
40.1,0,0.26125049591064453,-0.03916235268115997,0.02324589155614376,0.3133489191532135,4.0,0.0,0.21373392641544342,0.1242876946926117,2,3,1,1,10.591313362121582,11.687986373901367,12.585840225219727,4.2224555015563965,0.4725932478904724,0.061047762632369995,0.6487901210784912,0.15178664028644562,-0.05041121691465378,0.0482836477458477,-0.07000352442264557,0.05112206190824509,0.0,-11.5,22.799999237060547,23.100000381469727,0.699999988079071,0.0,20.100000381469727,0.0,0.0,0.0,0.0,0.0
40.15,0,0.26118528842926025,-0.03966294601559639,0.025885986164212227,0.3134533166885376,4.0,0.0,0.21545429527759552,0.123847596347332,2,3,1,1,10.726861953735352,11.999631881713867,13.023036003112793,3.7299680709838867,0.4725964665412903,0.06108681857585907,0.6487138867378235,0.1517881453037262,-0.0506320483982563,0.04825999587774277,-0.07022718340158463,0.05108214542269707,0.0,-11.5,22.799999237060547,23.100000381469727,0.699999988079071,0.0,20.100000381469727,0.0,0.0,0.0,0.0,0.0
40.2,0,0.2624177634716034,-0.044011712074279785,-0.08897940069437027,0.31353434920310974,4.0,0.0,0.202133908867836,0.12180434167385101,2,3,1,1,0.0,12.460982322692871,13.430814743041992,2.528660774230957,0.4679335653781891,0.06580332666635513,0.6490611433982849,0.15173129737377167,-0.05041748657822609,0.04830142855644226,-0.0699833482503891,0.05107833445072174,0.0,-19.799999237060547,22.799999237060547,23.100000381469727,0.699999988079071,0.0,20.100000381469727,0.0,0.0,0.0,0.0,0.0
40.25,0,0.2632256746292114,-0.04813965782523155,-0.05157448351383209,0.31352871656417847,4.0,0.0,0.2084636688232422,0.12026987224817276,2,3,1,1,0.0,12.466048240661621,13.43989372253418,2.485722541809082,0.46520379185676575,0.06939249485731125,0.6492152810096741,0.15169505774974823,-0.05028291419148445,0.048326268792152405,-0.06983230262994766,0.05106222257018089,0.0,-19.799999237060547,22.799999237060547,23.100000381469727,0.699999988079071,0.0,20.100000381469727,0.0,0.0,0.0,0.0,0.0
40.3,0,0.2637152373790741,-0.050685569643974304,-0.026826810091733932,0.31352710723876953,4.0,0.0,0.21061824262142181,0.119339220225811,2,3,1,1,0.0,12.49809455871582,13.59385871887207,2.4726521968841553,0.4635563790798187,0.07163697481155396,0.6492788195610046,0.15167538821697235,-0.050190892070531845,0.04834328219294548,-0.06974706053733826,0.05105740949511528,0.0,-19.799999237060547,22.799999237060547,23.100000381469727,0.699999988079071,0.0,20.100000381469727,0.0,0.0,0.0,0.0,0.0
40.35,0,0.2640043795108795,-0.0522884726524353,-0.012783387675881386,0.31351396441459656,4.0,0.0,0.21207931637763977,0.11877680569887161,2,3,1,1,0.0,12.535183906555176,13.725360870361328,2.445317268371582,0.4625536799430847,0.0730518326163292,0.6492853164672852,0.15166714787483215,-0.050129685550928116,0.04835326969623566,-0.06969491392374039,0.05105366185307503,0.0,-19.799999237060547,22.799999237060547,23.100000381469727,0.699999988079071,0.0,20.100000381469727,0.0,0.0,0.0,0.0,0.0
40.4,0,0.26422226428985596,-0.053167618811130524,-0.005875011440366507,0.31294864416122437,4.0,0.0,0.20915062725543976,0.11827865242958069,2,3,1,1,0.0,12.452421188354492,13.514181137084961,2.587157726287842,0.45394524931907654,0.07779764384031296,0.6492937207221985,0.15166033804416656,-0.050074730068445206,0.04836311563849449,-0.06958645582199097,0.05104685574769974,0.0,-28.200000762939453,22.799999237060547,23.100000381469727,0.699999988079071,0.0,20.100000381469727,0.0,0.0,0.0,0.0,0.0
40.45,0,0.2643064856529236,-0.05410570278763771,-0.0012226736871525645,0.3126053214073181,4.0,0.0,0.20970982313156128,0.1180962398648262,2,3,1,1,0.0,12.501066207885742,13.603947639465332,2.5716421604156494,0.44876405596733093,0.08116128295660019,0.6492392420768738,0.15166312456130981,-0.05004683509469032,0.0483674630522728,-0.06958314776420593,0.051045313477516174,0.0,-28.200000762939453,22.799999237060547,23.100000381469727,0.699999988079071,0.0,20.100000381469727,0.0,0.0,0.0,0.0,0.0
40.5,0,0.2643694579601288,-0.05479804798960686,0.002107651438564062,0.31233543157577515,4.0,0.0,0.20910756289958954,0.11794933676719666,0,3,1,1,0.0,12.502448081970215,13.544147491455078,2.5924558639526367,0.444842129945755,0.0838773250579834,0.6491841673851013,0.1516662836074829,-0.050018854439258575,0.04837147518992424,-0.06957028061151505,0.051043424755334854,0.0,-29.5,22.799999237060547,23.100000381469727,0.699999988079071,0.0,20.100000381469727,0.0,0.0,0.0,0.0,0.0
40.55,0,0.26441025733947754,-0.055434029549360275,0.002990806708112359,0.31214261054992676,4.0,0.0,0.20946255326271057,0.11782204359769821,0,3,1,1,0.0,12.473044395446777,13.557210922241211,2.573866605758667,0.44216659665107727,0.08589329570531845,0.6491210460662842,0.15167085826396942,-0.049993567168712616,0.04837432876229286,-0.06956693530082703,0.05104528367519379,0.0,-29.5,22.799999237060547,23.100000381469727,0.699999988079071,0.0,20.100000381469727,0.0,0.0,0.0,0.0,0.0
40.6,0,0.2644433379173279,-0.055987752974033356,0.0038747095968574286,0.3120161294937134,4.0,0.0,0.20957577228546143,0.11771579086780548,0,3,1,1,0.0,12.504140853881836,13.720587730407715,2.5003697872161865,0.44057178497314453,0.08722367137670517,0.6490590572357178,0.1516752392053604,-0.04996732249855995,0.048377782106399536,-0.06955938786268234,0.051046308130025864,0.0,-29.5,22.799999237060547,23.100000381469727,0.699999988079071,0.0,20.100000381469727,0.0,0.0,0.0,0.0,0.0
40.65,0,0.26446986198425293,-0.05648365989327431,0.005822548642754555,0.31192854046821594,4.0,0.0,0.2094065397977829,0.11763715744018555,0,3,1,1,0.0,12.508456230163574,13.675540924072266,2.488522529602051,0.4396195709705353,0.08812007308006287,0.6489982008934021,0.15167993307113647,-0.04993923753499985,0.04838194325566292,-0.06954911351203918,0.05104834586381912,0.0,-29.5,22.799999237060547,23.100000381469727,0.699999988079071,0.0,20.100000381469727,0.0,0.0,0.0,0.0,0.0
40.7,0,0.2644912302494049,-0.0568583644926548,0.005298424046486616,0.3118070662021637,4.0,0.0,0.20898783206939697,0.11755772680044174,0,3,1,1,0.0,12.558326721191406,13.71587085723877,2.5131938457489014,0.4381657540798187,0.08930981159210205,0.6489421129226685,0.1516842246055603,-0.04991370812058449,0.04838530719280243,-0.06953329592943192,0.05104692280292511,0.0,-30.899999618530273,22.799999237060547,23.100000381469727,0.699999988079071,0.0,20.100000381469727,0.0,0.0,0.0,0.0,0.0
40.75,0,0.26450735330581665,-0.057325296103954315,0.005723344162106514,0.3116988241672516,4.0,0.0,0.20893371105194092,0.11749564856290817,0,3,1,1,0.0,12.561558723449707,13.733622550964355,2.4688022136688232,0.43694183230400085,0.09039226174354553,0.6488815546035767,0.15168888866901398,-0.049887076020240784,0.04838820919394493,-0.06952560693025589,0.05104741454124451,0.0,-30.899999618530273,22.799999237060547,23.100000381469727,0.699999988079071,0.0,20.100000381469727,0.0,0.0,0.0,0.0,0.0
40.8,0,0.264515221118927,-0.05778368562459946,0.005992162507027388,0.3116178512573242,4.0,0.0,0.20852650701999664,0.11744946241378784,0,3,1,1,0.0,12.552156448364258,13.696548461914062,2.535329580307007,0.4362032115459442,0.09114497154951096,0.6488133668899536,0.15169432759284973,-0.04986215755343437,0.048391859978437424,-0.0695192962884903,0.05104874446988106,0.0,-30.899999618530273,22.799999237060547,23.100000381469727,0.699999988079071,0.0,20.100000381469727,0.0,0.0,0.0,0.0,0.0
40.85,0,0.26451724767684937,-0.05820818245410919,0.006161525845527649,0.3115546405315399,4.0,0.0,0.20819228887557983,0.11741913855075836,0,3,1,1,0.0,12.547154426574707,13.618330001831055,2.516123056411743,0.43575531244277954,0.09167759865522385,0.6487445831298828,0.1517002135515213,-0.04983796179294586,0.04839368537068367,-0.06951427459716797,0.05104701220989227,0.0,-30.899999618530273,22.799999237060547,23.100000381469727,0.699999988079071,0.0,20.100000381469727,0.0,0.0,0.0,0.0,0.0
40.9,0,0.26452797651290894,-0.05862032622098923,0.00718830106779933,0.31150737404823303,4.0,0.0,0.20847544074058533,0.11735232919454575,0,3,1,1,0.0,12.569713592529297,13.729805946350098,2.5054163932800293,0.43549615144729614,0.0920742079615593,0.6486817002296448,0.15170496702194214,-0.04981173947453499,0.04839736968278885,-0.06950568407773972,0.051050011068582535,0.0,-30.899999618530273,22.799999237060547,23.100000381469727,0.699999988079071,0.0,20.100000381469727,0.0,0.0,0.0,0.0,0.0
40.95,0,0.2645364999771118,-0.05903215706348419,0.005938027519732714,0.31146764755249023,4.0,0.0,0.20835044980049133,0.11731532961130142,0,3,1,1,0.0,12.528099060058594,13.624308586120605,2.5110716819763184,0.4353426396846771,0.09239409863948822,0.6486197113990784,0.1517101228237152,-0.049784645438194275,0.04839972406625748,-0.06949880719184875,0.05104978010058403,0.0,-30.899999618530273,22.799999237060547,23.100000381469727,0.699999988079071,0.0,20.100000381469727,0.0,0.0,0.0,0.0,0.0
41.0,0,0.2645507752895355,-0.05943064019083977,0.007561761420220137,0.31143397092819214,4.0,0.0,0.20840249955654144,0.11725389212369919,0,3,1,1,0.0,12.582257270812988,13.745333671569824,2.4898853302001953,0.43526098132133484,0.09265966713428497,0.6485620141029358,0.15171396732330322,-0.049755778163671494,0.04840398207306862,-0.06948807835578918,0.051052775233983994,0.0,-30.899999618530273,22.799999237060547,23.100000381469727,0.699999988079071,0.0,20.100000381469727,0.0,0.0,0.0,0.0,0.0
41.05,0,0.2645423710346222,-0.059826549142599106,0.0057747880928218365,0.31139272451400757,4.0,0.0,0.2075139880180359,0.11724365502595901,0,3,1,1,0.0,12.539857864379883,13.63534927368164,2.55621600151062,0.4351952075958252,0.09290613234043121,0.6484878063201904,0.1517200469970703,-0.04973417893052101,0.04840565845370293,-0.0694861114025116,0.05105059966444969,0.0,-30.899999618530273,22.799999237060547,23.100000381469727,0.699999988079071,0.0,20.100000381469727,0.0,0.0,0.0,0.0,0.0
41.1,0,0.2645443379878998,-0.06022673845291138,0.006151700858026743,0.3113569915294647,4.0,0.0,0.20786432921886444,0.1171855628490448,0,3,1,1,0.0,12.565263748168945,13.744393348693848,2.494500160217285,0.4351648986339569,0.09313040226697922,0.6484189033508301,0.15172508358955383,-0.04971102625131607,0.04840869456529617,-0.06948047131299973,0.05105321481823921,0.0,-30.899999618530273,22.799999237060547,23.100000381469727,0.699999988079071,0.0,20.100000381469727,0.0,0.0,0.0,0.0,0.0
41.15,0,0.2645474374294281,-0.06063400208950043,0.007346179336309433,0.3113228380680084,4.0,0.0,0.20778131484985352,0.11715643852949142,0,3,1,1,0.0,12.564547538757324,13.740957260131836,2.520353078842163,0.43515002727508545,0.09334911406040192,0.6483522653579712,0.1517300307750702,-0.04968494176864624,0.04841196537017822,-0.069473996758461,0.05105407163500786,0.0,-30.899999618530273,22.799999237060547,23.100000381469727,0.699999988079071,0.0,20.100000381469727,0.0,0.0,0.0,0.0,0.0
41.2,0,0.26455557346343994,-0.061034053564071655,0.0058760493993759155,0.3112928569316864,4.0,0.0,0.20788343250751495,0.11709993332624435,0,3,1,1,0.0,12.57797908782959,13.766085624694824,2.4634363651275635,0.43514934182167053,0.09355202317237854,0.648289144039154,0.15173451602458954,-0.049659211188554764,0.048414506018161774,-0.06946714222431183,0.05105459690093994,0.0,-30.899999618530273,22.799999237060547,23.100000381469727,0.699999988079071,0.0,20.100000381469727,0.0,0.0,0.0,0.0,0.0
41.25,0,0.2645620107650757,-0.06143980845808983,0.006796208675950766,0.3112587630748749,4.0,0.0,0.206925168633461,0.11706531047821045,0,3,1,1,0.0,12.580228805541992,13.781875610351562,2.498624801635742,0.4351520240306854,0.09375770390033722,0.6482247114181519,0.15173892676830292,-0.04963183403015137,0.048417847603559494,-0.06945649534463882,0.05105426535010338,0.0,-30.899999618530273,22.799999237060547,23.100000381469727,0.699999988079071,0.0,20.100000381469727,0.0,0.0,0.0,0.0,0.0
41.3,0,0.2645493447780609,-0.06183532252907753,0.0048093488439917564,0.31122350692749023,4.0,0.0,0.20700371265411377,0.1170649304986,0,3,1,1,0.0,12.540371894836426,13.70701789855957,2.5559468269348145,0.4351379871368408,0.09396553039550781,0.6481473445892334,0.15174494683742523,-0.04961136728525162,0.04841941222548485,-0.06946086138486862,0.05105359107255936,0.0,-30.899999618530273,22.799999237060547,23.100000381469727,0.699999988079071,0.0,20.100000381469727,0.0,0.0,0.0,0.0,0.0
41.35,0,0.2645517587661743,-0.06224190443754196,0.005094392225146294,0.31119096279144287,4.0,0.0,0.20733025670051575,0.11700814962387085,0,3,1,1,0.0,12.558443069458008,13.753173828125,2.495347023010254,0.43514230847358704,0.09416721761226654,0.6480774879455566,0.15174958109855652,-0.04958798736333847,0.04842261224985123,-0.06945629417896271,0.051055919378995895,0.0,-30.899999618530273,22.799999237060547,23.100000381469727,0.699999988079071,0.0,20.100000381469727,0.0,0.0,0.0,0.0,0.0
41.4,0,0.26455557346343994,-0.06265685707330704,0.004321254789829254,0.3111603856086731,4.0,0.0,0.20703743398189545,0.11697716265916824,0,3,1,1,0.0,12.547222137451172,13.66692066192627,2.5257680416107178,0.43514880537986755,0.09437132626771927,0.6480096578598022,0.1517542600631714,-0.04956253618001938,0.048424869775772095,-0.06945236772298813,0.051054492592811584,0.0,-30.899999618530273,22.799999237060547,23.100000381469727,0.699999988079071,0.0,20.100000381469727,0.0,0.0,0.0,0.0,0.0
41.45,0,0.2645660936832428,-0.06306267529726028,0.004266783595085144,0.31113189458847046,4.0,0.0,0.20738032460212708,0.11691589653491974,0,3,1,1,0.0,12.568953514099121,13.76154613494873,2.4819798469543457,0.43516308069229126,0.09456767141819,0.6479467749595642,0.15175823867321014,-0.049535635858774185,0.04842844977974892,-0.06944446265697479,0.051057446748018265,0.0,-30.899999618530273,22.799999237060547,23.100000381469727,0.699999988079071,0.0,20.100000381469727,0.0,0.0,0.0,0.0,0.0
41.5,0,0.2645622193813324,-0.06347589194774628,0.004305470269173384,0.31109684705734253,4.0,0.0,0.20668330788612366,0.11690305173397064,0,3,1,1,0.0,12.535600662231445,13.725860595703125,2.5542585849761963,0.4351625442504883,0.09477658569812775,0.6478725671768188,0.15176333487033844,-0.04951145499944687,0.04843117296695709,-0.06944198161363602,0.051057957112789154,0.0,-30.899999618530273,22.799999237060547,23.100000381469727,0.699999988079071,0.0,20.100000381469727,0.0,0.0,0.0,0.0,0.0
41.55,0,0.2645541727542877,-0.06387586891651154,0.003774369368329644,0.3110610544681549,4.0,0.0,0.2066720575094223,0.11687153577804565,0,3,1,1,0.0,12.510595321655273,13.787981986999512,2.4698009490966797,0.43515822291374207,0.09497777372598648,0.6477957367897034,0.151768296957016,-0.04949072375893593,0.04843253642320633,-0.06944245100021362,0.051058102399110794,0.0,-30.899999618530273,22.799999237060547,23.100000381469727,0.699999988079071,0.0,20.100000381469727,0.0,0.0,0.0,0.0,0.0
41.6,0,0.26456332206726074,-0.06416504830121994,0.0010991278104484081,0.3108638823032379,4.0,0.0,0.2063875049352646,0.11675435304641724,0,3,1,1,0.0,12.494357109069824,13.729366302490234,2.4971511363983154,0.4327564835548401,0.09687095135450363,0.6477342844009399,0.15177112817764282,-0.04946954548358917,0.048435598611831665,-0.06941649317741394,0.051056869328022,0.0,-33.70000076293945,22.799999237060547,23.100000381469727,0.699999988079071,0.0,20.100000381469727,0.0,0.0,0.0,0.0,0.0
41.65,0,0.2645622789859772,-0.06463941186666489,0.000874208752065897,0.31073370575904846,4.0,0.0,0.20672771334648132,0.11671780794858932,0,3,1,1,0.0,12.486371040344238,13.724847793579102,2.485511064529419,0.43129539489746094,0.0981898233294487,0.6476616263389587,0.15177534520626068,-0.049446962773799896,0.04843846336007118,-0.06941588968038559,0.051057394593954086,0.0,-33.70000076293945,22.799999237060547,23.100000381469727,0.699999988079071,0.0,20.100000381469727,0.0,0.0,0.0,0.0,0.0
41.7,0,0.26456525921821594,-0.06511035561561584,0.0004518857167568058,0.3106440007686615,4.0,0.0,0.2062257081270218,0.11670089513063431,0,3,1,1,0.0,12.455769538879395,13.684087753295898,2.5314927101135254,0.4304192364215851,0.09908732771873474,0.6475880742073059,0.15177980065345764,-0.049421053379774094,0.04844153672456741,-0.06941395252943039,0.051057927310466766,0.0,-33.70000076293945,22.799999237060547,23.100000381469727,0.699999988079071,0.0,20.100000381469727,0.0,0.0,0.0,0.0,0.0
41.75,0,0.2645619809627533,-0.0654950961470604,0.0004751748056150973,0.31049466133117676,4.0,0.0,0.20596769452095032,0.11663538217544556,0,3,1,1,0.0,12.45349407196045,13.709332466125488,2.552238941192627,0.42871102690696716,0.10060407966375351,0.6475111842155457,0.151784285902977,-0.049402013421058655,0.048443086445331573,-0.06940719485282898,0.0510559156537056,0.0,-35.099998474121094,22.799999237060547,23.100000381469727,0.699999988079071,0.0,20.100000381469727,0.0,0.0,0.0,0.0,0.0
41.8,0,0.264555960893631,-0.06595464795827866,0.0008868104196153581,0.3103908896446228,4.0,0.0,0.20605292916297913,0.1166074126958847,0,3,1,1,0.0,12.46401309967041,13.714548110961914,2.528435468673706,0.427672803401947,0.10164909064769745,0.6474315524101257,0.15178866684436798,-0.049380939453840256,0.048445913940668106,-0.06940887868404388,0.05105576291680336,0.0,-35.099998474121094,22.799999237060547,23.100000381469727,0.699999988079071,0.0,20.100000381469727,0.0,0.0,0.0,0.0,0.0
41.85,0,0.26455456018447876,-0.06638962775468826,0.00014119083061814308,0.3103172183036804,4.0,0.0,0.2063528299331665,0.11658691614866257,0,3,1,1,0.0,12.479630470275879,13.734490394592285,2.4838385581970215,0.4270484447479248,0.10236365348100662,0.6473565697669983,0.15179303288459778,-0.04935659095644951,0.04844842106103897,-0.069408118724823,0.05105656012892723,0.0,-35.099998474121094,22.799999237060547,23.100000381469727,0.699999988079071,0.0,20.100000381469727,0.0,0.0,0.0,0.0,0.0
41.9,0,0.26456141471862793,-0.06682874262332916,0.00019690764020197093,0.3102639317512512,4.0,0.0,0.2055732011795044,0.11653438955545425,0,3,1,1,0.0,12.496550559997559,13.776941299438477,2.4863688945770264,0.4266796112060547,0.10287637263536453,0.6472838521003723,0.1517963409423828,-0.0493319071829319,0.04845084995031357,-0.0694059282541275,0.05105574056506157,0.0,-35.099998474121094,22.799999237060547,23.100000381469727,0.699999988079071,0.0,20.100000381469727,0.0,0.0,0.0,0.0,0.0
41.95,0,0.264546662569046,-0.06724867224693298,0.0005826433189213276,0.31020912528038025,4.0,0.0,0.20555375516414642,0.11651705205440521,0,3,1,1,0.0,12.455982208251953,13.723737716674805,2.543627977371216,0.4264371395111084,0.10327441245317459,0.6471973061561584,0.15180136263370514,-0.049313705414533615,0.04845287278294563,-0.06940954178571701,0.05105510354042053,0.0,-35.099998474121094,22.799999237060547,23.100000381469727,0.699999988079071,0.0,20.100000381469727,0.0,0.0,0.0,0.0,0.0
42.0,0,0.26453697681427,-0.06766072660684586,0.00048122371663339436,0.3101634383201599,4.0,0.0,0.2056107521057129,0.1165030226111412,0,3,1,1,0.0,12.465576171875,13.73597240447998,2.5276541709899902,0.42628952860832214,0.10359383374452591,0.6471158266067505,0.15180560946464539,-0.04929305240511894,0.04845522716641426,-0.06941129267215729,0.05105458199977875,0.0,-35.099998474121094,22.799999237060547,23.100000381469727,0.699999988079071,0.0,20.100000381469727,0.0,0.0,0.0,0.0,0.0
42.05,0,0.26453351974487305,-0.06808263808488846,-0.0013150363229215145,0.31012582778930664,4.0,0.0,0.20585207641124725,0.11649657785892487,0,3,1,1,0.0,12.50982666015625,13.72679615020752,2.5423424243927,0.4262027144432068,0.10387005656957626,0.6470388174057007,0.15180973708629608,-0.04926987737417221,0.04845783859491348,-0.06941260397434235,0.051052939146757126,0.0,-35.099998474121094,22.799999237060547,23.100000381469727,0.699999988079071,0.0,20.100000381469727,0.0,0.0,0.0,0.0,0.0
42.1,0,0.2645411491394043,-0.06851682811975479,-0.0013286289758980274,0.31009441614151,4.0,0.0,0.20490796864032745,0.11642645299434662,0,3,1,1,0.0,12.527104377746582,13.79038143157959,2.508350133895874,0.4261612296104431,0.10411323606967926,0.6469649076461792,0.15181231498718262,-0.04924671724438667,0.04846048355102539,-0.06941080093383789,0.0510515496134758,0.0,-35.099998474121094,22.799999237060547,23.100000381469727,0.699999988079071,0.0,20.100000381469727,0.0,0.0,0.0,0.0,0.0
42.15,0,0.2645235061645508,-0.06893377751111984,-0.0010803805198520422,0.31005170941352844,4.0,0.0,0.20491762459278107,0.11641716957092285,0,3,1,1,0.0,12.487457275390625,13.739341735839844,2.5491509437561035,0.42611321806907654,0.1043495312333107,0.6468756198883057,0.15181681513786316,-0.0492294616997242,0.04846227541565895,-0.06941607594490051,0.051050666719675064,0.0,-35.099998474121094,22.799999237060547,23.100000381469727,0.699999988079071,0.0,20.100000381469727,0.0,0.0,0.0,0.0,0.0
42.2,0,0.2645193934440613,-0.0692862942814827,-0.0002221664326498285,0.3099914491176605,4.0,0.0,0.20331411063671112,0.11636769771575928,0,3,1,1,0.0,12.546502113342285,13.873725891113281,2.503566026687622,0.42564868927001953,0.10490479320287704,0.6467974781990051,0.1518198549747467,-0.049210257828235626,0.04846346005797386,-0.06941664963960648,0.05105024203658104,0.0,-36.5,22.799999237060547,23.100000381469727,0.699999988079071,0.0,20.100000381469727,0.0,0.0,0.0,0.0,0.0
42.25,0,0.2645201086997986,-0.0697491243481636,-0.002931964350864291,0.3098940849304199,4.0,0.0,0.2049999237060547,0.11632334440946579,0,3,1,1,0.0,12.48639965057373,13.736456871032715,2.5452957153320312,0.4246584475040436,0.10594327002763748,0.6467196345329285,0.15182280540466309,-0.04918905347585678,0.04846686124801636,-0.06941702216863632,0.05105017498135567,0.0,-36.5,22.799999237060547,23.100000381469727,0.699999988079071,0.0,20.100000381469727,0.0,0.0,0.0,0.0,0.0
42.3,0,0.2642733156681061,-0.06854642182588577,0.04000662639737129,0.2898591458797455,4.0,0.0,-0.005343248136341572,0.11640334874391556,0,3,1,1,0.0,13.47264575958252,16.285078048706055,1.4040240049362183,0.42824479937553406,0.10784295201301575,0.6466048955917358,0.15182431042194366,-0.04927884042263031,0.04845258221030235,-0.06951455771923065,0.05105249583721161,14.5,-36.5,22.799999237060547,23.100000381469727,0.699999988079071,0.0,20.100000381469727,0.0,0.0,0.0,0.0,0.0
42.35,0,0.26440128684043884,-0.06966779381036758,-0.02562137320637703,0.31065839529037476,4.0,0.0,0.20306460559368134,0.11629397422075272,0,3,1,1,0.0,12.273497581481934,13.285368919372559,2.661627769470215,0.4377214014530182,0.11322098225355148,0.6465608477592468,0.15183141827583313,-0.04923524707555771,0.048463016748428345,-0.06949567794799805,0.0510590486228466,14.5,-36.5,22.799999237060547,23.100000381469727,0.699999988079071,0.0,20.100000381469727,0.0,0.0,0.0,0.0,0.0
42.4,0,0.2644660174846649,-0.07078015059232712,-0.01339411549270153,0.3109258711338043,4.0,0.0,0.2037297785282135,0.11622267961502075,0,3,1,1,0.0,12.321818351745605,13.36335277557373,2.634990930557251,0.44322526454925537,0.11706660687923431,0.6464818120002747,0.151832714676857,-0.04918883740901947,0.048468634486198425,-0.06949302554130554,0.0510580837726593,14.5,-36.5,22.799999237060547,23.100000381469727,0.699999988079071,0.0,20.100000381469727,0.0,0.0,0.0,0.0,0.0
42.45,0,0.2642323970794678,-0.06930786371231079,0.08088693022727966,0.29098013043403625,4.0,0.0,-0.10738236457109451,0.11610916256904602,2,3,1,1,0.0,14.208216667175293,17.73204803466797,0.0,0.45077213644981384,0.1217016652226448,0.6463828086853027,0.15182827413082123,-0.0492745079100132,0.048452138900756836,-0.06956944614648819,0.05109427124261856,32.5,-36.5,22.799999237060547,23.100000381469727,0.699999988079071,0.0,20.100000381469727,0.0,0.0,0.0,0.0,0.0
42.5,0,0.2643832266330719,-0.07054340094327927,-0.035024769604206085,0.31179100275039673,4.0,0.0,0.20007912814617157,0.11610544472932816,2,3,1,1,0.0,12.197005271911621,13.045171737670898,2.7184863090515137,0.46322086453437805,0.13216634094715118,0.6463567018508911,0.15183806419372559,-0.049229107797145844,0.048464905470609665,-0.06954026967287064,0.05106619372963905,32.5,-36.5,22.799999237060547,23.100000381469727,0.699999988079071,0.0,20.100000381469727,0.0,0.0,0.0,0.0,0.0
42.55,0,0.2644526958465576,-0.07191092520952225,-0.0174231119453907,0.3119587302207947,4.0,0.0,0.2018122673034668,0.11603894829750061,2,3,1,1,0.0,12.224055290222168,13.1563081741333,2.7729270458221436,0.47007831931114197,0.1395566612482071,0.6462636590003967,0.1518394649028778,-0.04917687922716141,0.048470329493284225,-0.06954072415828705,0.05106491968035698,32.5,-36.5,22.799999237060547,23.100000381469727,0.699999988079071,0.0,20.100000381469727,0.0,0.0,0.0,0.0,0.0
42.6,0,0.26445305347442627,-0.07263559848070145,-0.008528434671461582,0.31199783086776733,4.0,0.0,0.20316870510578156,0.11603974550962448,2,3,1,1,0.0,12.340097427368164,13.383862495422363,2.651728391647339,0.47393277287483215,0.14427965879440308,0.6461637616157532,0.15184229612350464,-0.04914470016956329,0.048472993075847626,-0.06954450905323029,0.051064081490039825,32.5,-36.5,22.799999237060547,23.100000381469727,0.699999988079071,0.0,20.100000381469727,0.0,0.0,0.0,0.0,0.0
42.65,0,0.2643468379974365,-0.07201824337244034,0.017147669568657875,0.31201106309890747,4.0,0.0,0.1449710577726364,0.1159924641251564,2,3,1,1,0.0,13.090655326843262,14.676158905029297,2.0872247219085693,0.47783708572387695,0.14893779158592224,0.6460794806480408,0.15184101462364197,-0.04916806146502495,0.04846629500389099,-0.06954152137041092,0.05105837807059288,40.79999923706055,-36.5,22.799999237060547,23.100000381469727,0.699999988079071,0.0,20.100000381469727,0.0,0.0,0.0,0.0,0.0
42.7,0,0.26441460847854614,-0.07283402234315872,-0.022159744054079056,0.3120303153991699,4.0,0.0,0.20308218896389008,0.1158616840839386,2,3,1,1,0.0,12.352052688598633,13.360499382019043,2.620314121246338,0.482713907957077,0.1559889316558838,0.6460190415382385,0.15184468030929565,-0.04913610219955444,0.048474155366420746,-0.06952761113643646,0.05106084793806076,40.79999923706055,-36.5,22.799999237060547,23.100000381469727,0.699999988079071,0.0,20.100000381469727,0.0,0.0,0.0,0.0,0.0
42.75,0,0.26442545652389526,-0.07365505397319794,-0.0107366181910038,0.3119758367538452,4.0,0.0,0.2030262053012848,0.115809366106987,2,3,1,1,0.0,12.373858451843262,13.44150161743164,2.7042083740234375,0.4854036271572113,0.16060514748096466,0.6459164023399353,0.15184661746025085,-0.04910901561379433,0.04847715422511101,-0.06953202933073044,0.0510600209236145,40.79999923706055,-36.5,22.799999237060547,23.100000381469727,0.699999988079071,0.0,20.100000381469727,0.0,0.0,0.0,0.0,0.0
42.8,0,0.2644021511077881,-0.07401155680418015,-0.009124163538217545,0.3119088113307953,4.0,0.0,0.20337343215942383,0.11579746007919312,2,3,1,1,0.0,12.426509857177734,13.511512756347656,2.66168475151062,0.4875357747077942,0.16445960104465485,0.6458237767219543,0.15184880793094635,-0.04909534007310867,0.04847855865955353,-0.06953374296426773,0.05105963721871376,42.20000076293945,-36.5,22.799999237060547,23.100000381469727,0.699999988079071,0.0,20.100000381469727,0.0,0.0,0.0,0.0,0.0
42.85,0,0.2643956243991852,-0.07449060678482056,-0.006383258383721113,0.311845988035202,4.0,0.0,0.20374731719493866,0.1157703697681427,2,3,1,1,0.0,12.477352142333984,13.594925880432129,2.5871613025665283,0.48876217007637024,0.16697341203689575,0.6457346081733704,0.15185056626796722,-0.04907383397221565,0.04848088324069977,-0.06953465193510056,0.05105963349342346,42.20000076293945,-36.5,22.799999237060547,23.100000381469727,0.699999988079071,0.0,20.100000381469727,0.0,0.0,0.0,0.0,0.0
42.9,0,0.26435622572898865,-0.07469063997268677,-0.004371678922325373,0.3117765486240387,4.0,0.0,0.20205798745155334,0.11575881391763687,2,3,1,1,0.0,12.523186683654785,13.682397842407227,2.720475673675537,0.4896714687347412,0.16890265047550201,0.6456398367881775,0.15185201168060303,-0.049066562205553055,0.0484800823032856,-0.06953620165586472,0.05105689540505409,43.599998474121094,-36.5,22.799999237060547,23.100000381469727,0.699999988079071,0.0,20.100000381469727,0.0,0.0,0.0,0.0,0.0
42.95,0,0.2643512785434723,-0.07514708489179611,-0.009958342649042606,0.311713308095932,4.0,0.0,0.20348742604255676,0.11569233983755112,2,3,1,1,0.0,12.465727806091309,13.639634132385254,2.6125574111938477,0.49054601788520813,0.17090556025505066,0.6455483436584473,0.15185396373271942,-0.04905305057764053,0.04848244786262512,-0.0695381835103035,0.05105695500969887,43.599998474121094,-36.5,22.799999237060547,23.100000381469727,0.699999988079071,0.0,20.100000381469727,0.0,0.0,0.0,0.0,0.0
43.0,0,0.26434391736984253,-0.07559390366077423,-0.00793863832950592,0.31165656447410583,4.0,0.0,0.20361018180847168,0.11564664542675018,2,3,1,1,0.0,12.498307228088379,13.680981636047363,2.5818634033203125,0.4910471737384796,0.17222334444522858,0.6454592347145081,0.15185461938381195,-0.04903680086135864,0.04848473146557808,-0.06954045593738556,0.05105660855770111,43.599998474121094,-36.5,22.799999237060547,23.100000381469727,0.699999988079071,0.0,20.100000381469727,0.0,0.0,0.0,0.0,0.0
43.05,0,0.2643331289291382,-0.07597891241312027,-0.008478989824652672,0.31160664558410645,4.0,0.0,0.20377162098884583,0.11561338603496552,2,3,1,1,0.0,12.496837615966797,13.588421821594238,2.6284639835357666,0.49133217334747314,0.17309057712554932,0.645374059677124,0.15185585618019104,-0.049021366983652115,0.04848536476492882,-0.06954241544008255,0.051055021584033966,43.599998474121094,-36.5,22.799999237060547,23.100000381469727,0.699999988079071,0.0,20.100000381469727,0.0,0.0,0.0,0.0,0.0
43.1,0,0.2643147110939026,-0.07638438791036606,-0.0074126217514276505,0.3115544617176056,4.0,0.0,0.203072652220726,0.1155593991279602,2,3,1,1,0.0,12.485879898071289,13.712700843811035,2.619232654571533,0.4914800524711609,0.17371466755867004,0.6452762484550476,0.15185673534870148,-0.04901192709803581,0.04848700389266014,-0.06954772770404816,0.051054127514362335,43.599998474121094,-36.5,22.799999237060547,23.100000381469727,0.699999988079071,0.0,20.100000381469727,0.0,0.0,0.0,0.0,0.0
43.15,0,0.26429563760757446,-0.07676663994789124,-0.008216442540287971,0.3115064799785614,4.0,0.0,0.20322926342487335,0.11553072929382324,2,3,1,1,0.0,12.507941246032715,13.718420028686523,2.5806195735931396,0.4915519058704376,0.17417316138744354,0.6451824903488159,0.15185752511024475,-0.049001295119524,0.04848870262503624,-0.06955316662788391,0.05105293169617653,43.599998474121094,-36.5,22.799999237060547,23.100000381469727,0.699999988079071,0.0,20.100000381469727,0.0,0.0,0.0,0.0,0.0
43.2,0,0.2642810046672821,-0.07714475691318512,-0.009310287423431873,0.3114634156227112,4.0,0.0,0.20336943864822388,0.11549695581197739,2,3,1,1,0.0,12.499412536621094,13.623130798339844,2.630218267440796,0.4915825128555298,0.17452867329120636,0.6450940370559692,0.15185807645320892,-0.048989493399858475,0.04848887771368027,-0.0695580467581749,0.051050953567028046,43.599998474121094,-36.5,22.799999237060547,23.100000381469727,0.699999988079071,0.0,20.100000381469727,0.0,0.0,0.0,0.0,0.0
43.25,0,0.26427367329597473,-0.0775439664721489,-0.008435339666903019,0.3114229440689087,4.0,0.0,0.20254303514957428,0.11543557047843933,2,3,1,1,0.0,12.47735595703125,13.708159446716309,2.6349833011627197,0.49159151315689087,0.17483411729335785,0.6450061798095703,0.15185825526714325,-0.04897664114832878,0.04849112406373024,-0.06956034898757935,0.05105069279670715,43.599998474121094,-36.5,22.799999237060547,23.100000381469727,0.699999988079071,0.0,20.100000381469727,0.0,0.0,0.0,0.0,0.0
43.3,0,0.2641890048980713,-0.07689733803272247,-0.02009223960340023,0.31130340695381165,4.0,0.0,0.20134057104587555,0.11533381789922714,2,3,1,1,0.0,12.453553199768066,13.796627044677734,2.6801207065582275,0.4936918318271637,0.17929399013519287,0.6449355483055115,0.15185773372650146,-0.04901381954550743,0.04848584532737732,-0.06955552846193314,0.051051270216703415,51.900001525878906,-36.5,22.799999237060547,23.100000381469727,0.699999988079071,0.0,20.100000381469727,0.0,0.0,0.0,0.0,0.0
43.35,0,0.2642384171485901,-0.07798634469509125,-0.021821482107043266,0.31115761399269104,4.0,0.0,0.20212478935718536,0.11522160470485687,0,3,1,1,0.0,12.304780960083008,13.432204246520996,2.6724212169647217,0.49559956789016724,0.18463733792304993,0.6448469758033752,0.15185770392417908,-0.04898826777935028,0.04849080741405487,-0.06956292688846588,0.051049962639808655,51.900001525878906,-36.5,22.799999237060547,23.100000381469727,0.699999988079071,0.0,20.100000381469727,0.0,0.0,0.0,0.0,0.0
43.4,0,0.26424679160118103,-0.07862499356269836,-0.017858052626252174,0.31100982427597046,4.0,0.0,0.20239412784576416,0.11517345160245895,0,3,1,1,0.0,12.3353910446167,13.459455490112305,2.661637306213379,0.497025728225708,0.1890699863433838,0.6447587609291077,0.1518571823835373,-0.04896959289908409,0.04849306493997574,-0.06956759840250015,0.05104938521981239,53.29999923706055,-36.5,22.799999237060547,23.100000381469727,0.699999988079071,0.0,20.100000381469727,0.0,0.0,0.0,0.0,0.0
43.45,0,0.26423656940460205,-0.07927577197551727,-0.015114059671759605,0.31088554859161377,4.0,0.0,0.2017495483160019,0.11516977101564407,0,3,1,1,0.0,12.322482109069824,13.4795503616333,2.7408552169799805,0.49778205156326294,0.1919403076171875,0.6446530818939209,0.15185707807540894,-0.04895156994462013,0.048495203256607056,-0.06957831978797913,0.05104683339595795,53.29999923706055,-36.5,22.799999237060547,23.100000381469727,0.699999988079071,0.0,20.100000381469727,0.0,0.0,0.0,0.0,0.0
43.5,0,0.26419663429260254,-0.07943899929523468,-0.005765893030911684,0.3107640743255615,4.0,0.0,0.19592247903347015,0.1151493564248085,0,3,1,1,0.0,12.60840892791748,13.938336372375488,2.608804702758789,0.49846404790878296,0.19448871910572052,0.6445550322532654,0.15185527503490448,-0.04894869029521942,0.04849392920732498,-0.069582998752594,0.051039911806583405,56.099998474121094,-36.5,22.799999237060547,23.100000381469727,0.699999988079071,0.0,20.100000381469727,0.0,0.0,0.0,0.0,0.0
43.55,0,0.2642015516757965,-0.0800192728638649,-0.016843903809785843,0.3106282949447632,4.0,0.0,0.2021683156490326,0.1150822788476944,0,3,1,1,0.0,12.396636962890625,13.586620330810547,2.678926467895508,0.49923068284988403,0.19771061837673187,0.6444622278213501,0.1518556922674179,-0.04893328994512558,0.04849696904420853,-0.06958901882171631,0.051039449870586395,56.099998474121094,-36.5,22.799999237060547,23.100000381469727,0.699999988079071,0.0,20.100000381469727,0.0,0.0,0.0,0.0,0.0
43.6,0,0.264196515083313,-0.08059029281139374,-0.015812905505299568,0.31052166223526,4.0,0.0,0.20154806971549988,0.11505664139986038,0,3,1,1,0.0,12.387764930725098,13.524505615234375,2.7607433795928955,0.49963176250457764,0.19980040192604065,0.6443619132041931,0.15185531973838806,-0.04891470819711685,0.048499081283807755,-0.06959759443998337,0.05103785917162895,56.099998474121094,-36.5,22.799999237060547,23.100000381469727,0.699999988079071,0.0,20.100000381469727,0.0,0.0,0.0,0.0,0.0
43.65,0,0.2641720175743103,-0.08104577660560608,-0.01453364547342062,0.3104349374771118,4.0,0.0,0.2017098367214203,0.11506692320108414,0,3,1,1,0.0,12.4229154586792,13.58010482788086,2.7440168857574463,0.49983009696006775,0.20114634931087494,0.6442530751228333,0.15185418725013733,-0.04890142008662224,0.048500385135412216,-0.06961173564195633,0.051035501062870026,56.099998474121094,-36.5,22.799999237060547,23.100000381469727,0.699999988079071,0.0,20.100000381469727,0.0,0.0,0.0,0.0,0.0
43.7,0,0.26415422558784485,-0.0814569815993309,-0.014245466329157352,0.3103697896003723,4.0,0.0,0.20180517435073853,0.11503199487924576,0,3,1,1,0.0,12.439155578613281,13.62630558013916,2.7201037406921387,0.4999304413795471,0.20203745365142822,0.6441501379013062,0.15185275673866272,-0.048889219760894775,0.04850117117166519,-0.06962484866380692,0.05103261396288872,56.099998474121094,-36.5,22.799999237060547,23.100000381469727,0.699999988079071,0.0,20.100000381469727,0.0,0.0,0.0,0.0,0.0
43.75,0,0.2641366422176361,-0.08185740560293198,-0.014775706455111504,0.3103135824203491,4.0,0.0,0.2017890214920044,0.11501537263393402,0,3,1,1,0.0,12.44869613647461,13.597283363342285,2.7483835220336914,0.49996861815452576,0.20266683399677277,0.6440500617027283,0.15185125172138214,-0.04887580871582031,0.048502884805202484,-0.06963571906089783,0.05103089287877083,56.099998474121094,-36.5,22.799999237060547,23.100000381469727,0.699999988079071,0.0,20.100000381469727,0.0,0.0,0.0,0.0,0.0
43.8,0,0.26410266757011414,-0.08194471895694733,-0.018553826957941055,0.3102019429206848,4.0,0.0,0.20106060802936554,0.11495288461446762,0,3,1,1,0.0,12.490574836730957,13.849562644958496,2.652768135070801,0.5003415942192078,0.2046128213405609,0.6439586281776428,0.15184952318668365,-0.048876531422138214,0.04850225895643234,-0.06963718682527542,0.05102723091840744,58.79999923706055,-36.5,22.799999237060547,23.100000381469727,0.699999988079071,0.0,20.100000381469727,0.0,0.0,0.0,0.0,0.0
43.85,0,0.26409655809402466,-0.08256817609071732,-0.01811981573700905,0.31008633971214294,4.0,0.0,0.2010924071073532,0.11489956825971603,0,3,1,1,0.0,12.365134239196777,13.531838417053223,2.8276922702789307,0.5006438493728638,0.20673248171806335,0.6438499093055725,0.15184754133224487,-0.04886341467499733,0.04850427806377411,-0.06965309381484985,0.05102480202913284,58.79999923706055,-36.5,22.799999237060547,23.100000381469727,0.699999988079071,0.0,20.100000381469727,0.0,0.0,0.0,0.0,0.0
43.9,0,0.2640785872936249,-0.08308704197406769,-0.014683055691421032,0.3099948763847351,4.0,0.0,0.20087872445583344,0.11488798260688782,0,3,1,1,0.0,12.395393371582031,13.570280075073242,2.802870035171509,0.5007849931716919,0.20810863375663757,0.6437404751777649,0.15184520184993744,-0.048850931227207184,0.048505526036024094,-0.06966788321733475,0.0510207898914814,58.79999923706055,-36.5,22.799999237060547,23.100000381469727,0.699999988079071,0.0,20.100000381469727,0.0,0.0,0.0,0.0,0.0
43.95,0,0.2640579342842102,-0.08330032974481583,-0.02157081849873066,0.30983132123947144,4.0,0.0,0.20103588700294495,0.11480821669101715,0,3,1,1,0.0,12.362939834594727,13.5407133102417,2.83424711227417,0.5012746453285217,0.21127095818519592,0.6436477899551392,0.15184275805950165,-0.048849042505025864,0.04850555956363678,-0.06967295706272125,0.05101794749498367,61.599998474121094,-36.5,22.799999237060547,23.100000381469727,0.699999988079071,0.0,20.100000381469727,0.0,0.0,0.0,0.0,0.0
44.0,0,0.26404961943626404,-0.08393658697605133,-0.01900358311831951,0.3097020089626312,4.0,0.0,0.2002888172864914,0.11477641016244888,0,3,1,1,0.0,12.350794792175293,13.556821823120117,2.826968193054199,0.5014876127243042,0.21346920728683472,0.6435351371765137,0.15183980762958527,-0.04883430525660515,0.048507727682590485,-0.06968850642442703,0.05101402848958969,61.599998474121094,-36.5,22.799999237060547,23.100000381469727,0.699999988079071,0.0,20.100000381469727,0.0,0.0,0.0,0.0,0.0
44.05,0,0.2640271782875061,-0.08446046710014343,-0.02450762875378132,0.30960094928741455,4.0,0.0,0.2005300670862198,0.1147603988647461,0,3,1,1,0.0,12.48814868927002,13.589155197143555,2.8366405963897705,0.501568615436554,0.21489116549491882,0.6434215307235718,0.15183578431606293,-0.04881756380200386,0.048506349325180054,-0.06970302760601044,0.05100957676768303,61.599998474121094,-36.5,22.799999237060547,23.100000381469727,0.699999988079071,0.0,20.100000381469727,0.0,0.0,0.0,0.0,0.0
44.1,0,0.2640206217765808,-0.08496250212192535,-0.017774119973182678,0.3095312714576721,4.0,0.0,0.20043227076530457,0.11472897976636887,0,3,1,1,0.0,12.392600059509277,13.598284721374512,2.8320608139038086,0.5016022324562073,0.21585702896118164,0.6433120965957642,0.1518329679965973,-0.04879847913980484,0.04851025342941284,-0.06971829384565353,0.0510081872344017,61.599998474121094,-36.5,22.799999237060547,23.100000381469727,0.699999988079071,0.0,20.100000381469727,0.0,0.0,0.0,0.0,0.0
44.15,0,0.26400071382522583,-0.08540735393762589,-0.01780726946890354,0.30946850776672363,4.0,0.0,0.20030049979686737,0.11473409086465836,0,3,1,1,0.0,12.402504920959473,13.584553718566895,2.853334665298462,0.5015888214111328,0.2165297269821167,0.6432032585144043,0.15182973444461823,-0.04878157749772072,0.04851159825921059,-0.06973280757665634,0.051005247980356216,61.599998474121094,-36.5,22.799999237060547,23.100000381469727,0.699999988079071,0.0,20.100000381469727,0.0,0.0,0.0,0.0,0.0
44.2,0,0.2639846205711365,-0.08587413281202316,-0.016289182007312775,0.3094145655632019,4.0,0.0,0.20015448331832886,0.11466662585735321,0,3,1,1,0.0,12.384886741638184,13.649617195129395,2.8484251499176025,0.5015555620193481,0.2170400470495224,0.643088698387146,0.15182562172412872,-0.04876887798309326,0.048512689769268036,-0.0697496086359024,0.05100329965353012,61.599998474121094,-36.5,22.799999237060547,23.100000381469727,0.699999988079071,0.0,20.100000381469727,0.0,0.0,0.0,0.0,0.0
44.25,0,0.26396071910858154,-0.08631998300552368,-0.01713934913277626,0.30936047434806824,4.0,0.0,0.19989939033985138,0.11464487761259079,0,3,1,1,0.0,12.346206665039062,13.575756072998047,2.685166120529175,0.5015037655830383,0.21744970977306366,0.6429726481437683,0.15182115137577057,-0.04875551909208298,0.048514045774936676,-0.06976548582315445,0.051004473119974136,61.599998474121094,-36.5,22.799999237060547,23.100000381469727,0.699999988079071,0.0,20.100000381469727,0.0,0.0,0.0,0.0,0.0
44.3,0,0.2639453113079071,-0.08677593618631363,-0.017037251964211464,0.3093150556087494,4.0,0.0,0.20011435449123383,0.11460592597723007,0,3,1,1,0.0,12.37298583984375,13.620922088623047,2.751147747039795,0.501451849937439,0.2177950143814087,0.642861008644104,0.1518164575099945,-0.04874290153384209,0.04851534962654114,-0.06978166103363037,0.05099663883447647,61.599998474121094,-36.5,22.799999237060547,23.100000381469727,0.699999988079071,0.0,20.100000381469727,0.0,0.0,0.0,0.0,0.0
44.35,0,0.2639310956001282,-0.08723656088113785,-0.017237523570656776,0.30926957726478577,4.0,0.0,0.19985191524028778,0.11458323895931244,0,3,1,1,0.0,12.37153434753418,13.568294525146484,2.830099582672119,0.5013960003852844,0.21810908615589142,0.6427515149116516,0.1518116444349289,-0.04872686415910721,0.04851716011762619,-0.06979434937238693,0.05099350959062576,61.599998474121094,-36.5,22.799999237060547,23.100000381469727,0.699999988079071,0.0,20.100000381469727,0.0,0.0,0.0,0.0,0.0
44.4,0,0.26390695571899414,-0.087702177464962,-0.018375536426901817,0.3092212677001953,4.0,0.0,0.19965465366840363,0.11452340334653854,0,3,1,1,0.0,12.364587783813477,13.670933723449707,2.730201005935669,0.5013270974159241,0.21840187907218933,0.6426289677619934,0.15180590748786926,-0.048718810081481934,0.048517726361751556,-0.06981392204761505,0.050990138202905655,61.599998474121094,-36.5,22.799999237060547,23.100000381469727,0.699999988079071,0.0,20.100000381469727,0.0,0.0,0.0,0.0,0.0
44.45,0,0.2638852000236511,-0.08817314356565475,-0.017993789166212082,0.30917274951934814,4.0,0.0,0.19933189451694489,0.11450288444757462,0,3,1,1,0.0,12.357879638671875,13.603227615356445,2.790621519088745,0.5012581944465637,0.21868793666362762,0.6425110101699829,0.15180040895938873,-0.04870659112930298,0.048519331961870193,-0.06982970237731934,0.05098636820912361,61.599998474121094,-36.5,22.799999237060547,23.100000381469727,0.699999988079071,0.0,20.100000381469727,0.0,0.0,0.0,0.0,0.0
44.5,0,0.26386144757270813,-0.08862212300300598,-0.01978752389550209,0.3091284930706024,4.0,0.0,0.19957660138607025,0.11448057740926743,0,3,1,1,0.0,12.379060745239258,13.67325496673584,2.745300769805908,0.5011885166168213,0.21895210444927216,0.6423937678337097,0.15179437398910522,-0.04869619384407997,0.04851973429322243,-0.06984972953796387,0.05098317936062813,61.599998474121094,-36.5,22.799999237060547,23.100000381469727,0.699999988079071,0.0,20.100000381469727,0.0,0.0,0.0,0.0,0.0
44.55,0,0.2638445496559143,-0.08910742402076721,-0.01993737183511257,0.3090832233428955,4.0,0.0,0.19890309870243073,0.11443011462688446,0,3,1,1,0.0,12.33827018737793,13.619534492492676,2.7810328006744385,0.5011212229728699,0.21922649443149567,0.6422750949859619,0.1517886072397232,-0.04868496209383011,0.04852145537734032,-0.06986572593450546,0.050980404019355774,61.599998474121094,-36.5,22.799999237060547,23.100000381469727,0.699999988079071,0.0,20.100000381469727,0.0,0.0,0.0,0.0,0.0
44.6,0,0.26382288336753845,-0.0895836278796196,-0.021798497065901756,0.30903759598731995,4.0,0.0,0.1989942342042923,0.11437859386205673,0,3,1,1,0.0,12.353887557983398,13.666844367980957,2.7284607887268066,0.5010501146316528,0.21949298679828644,0.6421524882316589,0.1517815738916397,-0.048676520586013794,0.04852188378572464,-0.06988565623760223,0.05097653344273567,61.599998474121094,-36.5,22.799999237060547,23.100000381469727,0.699999988079071,0.0,20.100000381469727,0.0,0.0,0.0,0.0,0.0
44.65,0,0.26380103826522827,-0.09006229043006897,-0.020259853452444077,0.308991014957428,4.0,0.0,0.1987886279821396,0.11435141414403915,0,3,1,1,0.0,12.3466215133667,13.613837242126465,2.8000407218933105,0.5009779930114746,0.2197616994380951,0.6420314908027649,0.151774600148201,-0.04866623505949974,0.048523109406232834,-0.06990374624729156,0.0509735532104969,61.599998474121094,-36.5,22.799999237060547,23.100000381469727,0.699999988079071,0.0,20.100000381469727,0.0,0.0,0.0,0.0,0.0
44.7,0,0.26377028226852417,-0.09038350731134415,-0.017461605370044708,0.3089253306388855,4.0,0.0,0.19683150947093964,0.11432462185621262,0,3,1,1,0.0,12.3959321975708,13.666313171386719,2.9138736724853516,0.5009663105010986,0.22041450440883636,0.6419161558151245,0.15176701545715332,-0.048660483211278915,0.04852241277694702,-0.06991955637931824,0.050968658179044724,63.0,-36.5,22.799999237060547,23.100000381469727,0.699999988079071,0.0,20.100000381469727,0.0,0.0,0.0,0.0,0.0
44.75,0,0.2637520134449005,-0.0909251943230629,-0.02466714195907116,0.3088296055793762,4.0,0.0,0.19812355935573578,0.114261195063591,0,3,1,1,0.0,12.308065414428711,13.613513946533203,2.7519328594207764,0.5009998083114624,0.2217261642217636,0.6417906284332275,0.15175999701023102,-0.048654843121767044,0.048524778336286545,-0.06993976980447769,0.05096651241183281,63.0,-36.5,22.799999237060547,23.100000381469727,0.699999988079071,0.0,20.100000381469727,0.0,0.0,0.0,0.0,0.0
44.8,0,0.2638973295688629,-0.09139762073755264,-0.018830766901373863,0.3087262511253357,4.0,0.0,0.18893636763095856,0.11426375806331635,0,3,1,1,0.0,12.141331672668457,13.59054183959961,3.0080807209014893,0.5011546015739441,0.22265800833702087,0.6418704986572266,0.15176761150360107,-0.04843313992023468,0.048540472984313965,-0.06975267827510834,0.05100339278578758,63.0,-36.5,22.799999237060547,23.100000381469727,0.699999988079071,0.0,20.100000381469727,0.0,0.30000001192092896,0.30000001192092896,0.30000001192092896,0.30000001192092896
44.85,0,0.26462966203689575,-0.09196936339139938,-0.023430269211530685,0.3086814880371094,4.0,0.0,0.1880866289138794,0.11402878910303116,0,3,1,1,0.0,12.292407989501953,13.777015686035156,2.742643117904663,0.5018611550331116,0.22339080274105072,0.6424610614776611,0.15179668366909027,-0.047676775604486465,0.0485934242606163,-0.06905060261487961,0.05112946033477783,63.0,-36.5,22.799999237060547,23.100000381469727,0.699999988079071,0.0,20.100000381469727,0.0,0.30000001192092896,0.30000001192092896,0.30000001192092896,0.30000001192092896
44.9,0,0.2653611898422241,-0.09252838790416718,-0.025166861712932587,0.30864641070365906,4.0,0.0,0.18825025856494904,0.11380830407142639,0,3,1,1,0.0,12.30473518371582,13.967595100402832,2.5922584533691406,0.5025528073310852,0.22396448254585266,0.6430556178092957,0.15181797742843628,-0.04692196473479271,0.048638392239809036,-0.06835054606199265,0.05124465003609657,63.0,-36.5,22.799999237060547,23.100000381469727,0.699999988079071,0.0,20.100000381469727,0.0,0.30000001192092896,0.30000001192092896,0.30000001192092896,0.30000001192092896
44.95,0,0.26611629128456116,-0.09311281144618988,-0.02772533893585205,0.30860739946365356,4.0,0.0,0.18820159137248993,0.11352937668561935,0,3,1,1,0.0,12.294374465942383,13.652666091918945,2.6746089458465576,0.5032564997673035,0.22443848848342896,0.6436626315116882,0.1518310159444809,-0.046149756759405136,0.04866916313767433,-0.06762205064296722,0.05135045945644379,63.0,-36.5,22.799999237060547,23.100000381469727,0.699999988079071,0.0,20.100000381469727,0.0,0.30000001192092896,0.30000001192092896,0.30000001192092896,0.30000001192092896
45.0,0,0.2668769359588623,-0.09370490908622742,-0.03514052554965019,0.30856916308403015,4.0,0.0,0.1867705136537552,0.11328159272670746,0,3,1,1,0.0,12.380990028381348,13.790732383728027,2.475620985031128,0.5039594769477844,0.22485679388046265,0.6442756652832031,0.15183614194393158,-0.04537063091993332,0.048690129071474075,-0.06688607484102249,0.05144422501325607,63.0,-36.5,22.799999237060547,23.100000381469727,0.699999988079071,0.0,20.100000381469727,0.0,0.30000001192092896,0.30000001192092896,0.30000001192092896,0.30000001192092896
45.05,0,0.2676337659358978,-0.09426035732030869,-0.029869429767131805,0.3085339665412903,4.0,0.0,0.18620631098747253,0.11302033066749573,0,3,1,1,0.0,12.343782424926758,13.869333267211914,2.5185766220092773,0.5046616196632385,0.22521017491817474,0.644886314868927,0.15183137357234955,-0.044588785618543625,0.04869801551103592,-0.06615421921014786,0.05152907595038414,63.0,-36.5,22.799999237060547,23.100000381469727,0.699999988079071,0.0,20.100000381469727,0.0,0.30000001192092896,0.30000001192092896,0.30000001192092896,0.30000001192092896
45.1,0,0.2684040665626526,-0.09486338496208191,-0.0417022742331028,0.3085024356842041,4.0,0.0,0.1868998110294342,0.11280794441699982,0,3,1,1,0.0,12.535338401794434,13.648792266845703,2.6378519535064697,0.5053695440292358,0.2255629003047943,0.6455062031745911,0.15181800723075867,-0.04378395155072212,0.04869147762656212,-0.0654144436120987,0.05160190165042877,63.0,-36.5,22.799999237060547,23.100000381469727,0.699999988079071,0.0,20.100000381469727,0.0,0.30000001192092896,0.30000001192092896,0.30000001192092896,0.30000001192092896
45.15,0,0.2691870927810669,-0.09545111656188965,-0.04528416693210602,0.30847465991973877,4.0,0.0,0.185966357588768,0.11257071048021317,0,3,1,1,0.0,12.55938720703125,13.658408164978027,2.631270408630371,0.5060909390449524,0.22587914764881134,0.6461353898048401,0.15179526805877686,-0.042968958616256714,0.04867328330874443,-0.0646653026342392,0.0516628660261631,63.0,-36.5,22.799999237060547,23.100000381469727,0.699999988079071,0.0,20.100000381469727,0.0,0.30000001192092896,0.30000001192092896,0.30000001192092896,0.30000001192092896
45.2,0,0.2699880301952362,-0.09604378789663315,-0.04973530024290085,0.30845022201538086,4.0,0.0,0.1847405880689621,0.11231415718793869,0,3,1,1,0.0,12.585857391357422,13.705623626708984,2.5508882999420166,0.5068292617797852,0.2261720448732376,0.6467795968055725,0.1517624408006668,-0.04213966801762581,0.04864076152443886,-0.06390275806188583,0.051713306456804276,63.0,-36.5,22.799999237060547,23.100000381469727,0.699999988079071,0.0,20.100000381469727,0.0,0.30000001192092896,0.30000001192092896,0.30000001192092896,0.30000001192092896
45.25,0,0.27080124616622925,-0.09661860764026642,-0.05459469556808472,0.3084149658679962,4.0,0.0,0.18418332934379578,0.11203987896442413,0,3,1,1,0.0,12.599740982055664,13.703276634216309,2.5321614742279053,0.5075814127922058,0.2264367938041687,0.6474379301071167,0.15171869099140167,-0.041298821568489075,0.048593055456876755,-0.06311474740505219,0.05175148695707321,63.0,-36.5,22.799999237060547,23.100000381469727,0.699999988079071,0.0,20.100000381469727,0.0,0.30000001192092896,0.30000001192092896,0.30000001192092896,0.30000001192092896
45.3,0,0.271625280380249,-0.09719834476709366,-0.06258032470941544,0.3083929717540741,4.0,0.0,0.1818438470363617,0.11172540485858917,0,3,1,1,0.0,12.559135437011719,13.617255210876465,2.5599961280822754,0.5083445310592651,0.2266719490289688,0.6481046080589294,0.15166425704956055,-0.04044560715556145,0.048517078161239624,-0.06233171001076698,0.051780592650175095,63.0,-36.5,22.799999237060547,23.100000381469727,0.699999988079071,0.0,20.100000381469727,0.0,0.30000001192092896,0.30000001192092896,0.30000001192092896,0.30000001192092896
45.35,0,0.2724490761756897,-0.09768673777580261,-0.06072739511728287,0.3083719313144684,4.0,0.0,0.18262024223804474,0.11150240153074265,0,3,1,1,0.0,12.539445877075195,13.687582969665527,2.4967429637908936,0.5091160535812378,0.22687147557735443,0.6487895250320435,0.1515989899635315,-0.039580173790454865,0.048438992351293564,-0.06153770536184311,0.05179723724722862,63.0,-36.5,22.799999237060547,23.100000381469727,0.699999988079071,0.0,20.100000381469727,0.0,0.30000001192092896,0.30000001192092896,0.30000001192092896,0.30000001192092896
45.4,0,0.2732660472393036,-0.09804102778434753,-0.05872750282287598,0.30836021900177,4.0,0.0,0.18219435214996338,0.11137767136096954,0,3,1,1,0.0,12.69780158996582,13.918519973754883,2.2671279907226562,0.5098945498466492,0.22700631618499756,0.6494914889335632,0.15152350068092346,-0.03870265558362007,0.04834525287151337,-0.06074387952685356,0.0518031045794487,63.0,-36.5,22.799999237060547,23.100000381469727,0.699999988079071,0.0,20.100000381469727,0.0,0.30000001192092896,0.30000001192092896,0.30000001192092896,0.30000001192092896
45.45,0,0.2740965485572815,-0.09829330444335938,-0.05740881711244583,0.3083568215370178,4.0,0.0,0.18177303671836853,0.11123887449502945,0,3,1,1,0.0,12.730019569396973,13.811158180236816,2.3578126430511475,0.5106989145278931,0.2270684391260147,0.6502145528793335,0.15143446624279022,-0.03781138360500336,0.048232559114694595,-0.05993789806962013,0.05179637297987938,63.0,-36.5,22.799999237060547,23.100000381469727,0.699999988079071,0.0,20.100000381469727,0.0,0.30000001192092896,0.30000001192092896,0.30000001192092896,0.30000001192092896
45.5,0,0.27493733167648315,-0.09845374524593353,-0.05572867766022682,0.30836021900177,4.0,0.0,0.18203696608543396,0.11103055626153946,0,3,1,1,0.0,12.513678550720215,13.63763427734375,2.5020978450775146,0.5115242004394531,0.22705429792404175,0.6509590148925781,0.15133024752140045,-0.03691672533750534,0.04809858277440071,-0.05912211909890175,0.051776111125946045,63.0,-36.5,22.799999237060547,23.100000381469727,0.699999988079071,0.0,20.100000381469727,0.0,0.30000001192092896,0.30000001192092896,0.30000001192092896,0.30000001192092896
45.55,0,0.2757875323295593,-0.09855228662490845,-0.05535459145903587,0.3083849549293518,4.0,0.0,0.18235984444618225,0.11081021279096603,0,3,1,1,0.0,12.60926628112793,13.818424224853516,2.18803071975708,0.5123668909072876,0.2269916534423828,0.6517193913459778,0.15121150016784668,-0.036020081490278244,0.047950971871614456,-0.058315712958574295,0.051742736250162125,63.0,-36.5,22.799999237060547,23.100000381469727,0.699999988079071,0.0,20.100000381469727,0.0,0.30000001192092896,0.30000001192092896,0.30000001192092896,0.30000001192092896
45.6,0,0.27645209431648254,-0.09840971976518631,-0.04680800065398216,0.3083206117153168,4.0,0.0,0.18631631135940552,0.11112021654844284,0,3,1,1,0.0,12.362500190734863,13.497934341430664,2.7063076496124268,0.5130471587181091,0.2270248979330063,0.652427077293396,0.15110035240650177,-0.03535271808505058,0.04805351048707962,-0.05756191536784172,0.051705118268728256,63.0,-36.5,22.799999237060547,23.100000381469727,0.699999988079071,0.0,20.100000381469727,0.0,0.30000001192092896,0.30000001192092896,0.30000001192092896,0.30000001192092896
45.65,0,0.27711477875709534,-0.09826350957155228,-0.04779600352048874,0.30825650691986084,4.0,0.0,0.18494388461112976,0.11158762872219086,0,3,1,1,0.0,12.55711555480957,13.930960655212402,2.5898523330688477,0.5137247443199158,0.22710290551185608,0.65313720703125,0.15097855031490326,-0.03469405323266983,0.04820834845304489,-0.05680737644433975,0.05165620893239975,63.0,-36.5,22.799999237060547,23.100000381469727,0.699999988079071,0.0,20.100000381469727,0.0,0.30000001192092896,0.30000001192092896,0.30000001192092896,0.30000001192092896
45.7,0,0.2778063714504242,-0.09812577068805695,-0.04851382225751877,0.3082137405872345,4.0,0.0,0.18406309187412262,0.11204700171947479,0,3,1,1,0.0,12.589141845703125,13.915002822875977,2.564850330352783,0.5144306421279907,0.22716838121414185,0.6538649797439575,0.15084363520145416,-0.034021951258182526,0.0483582429587841,-0.056049879640340805,0.0515981987118721,63.0,-36.5,22.799999237060547,23.100000381469727,0.699999988079071,0.0,20.100000381469727,0.0,0.30000001192092896,0.30000001192092896,0.30000001192092896,0.30000001192092896
45.75,0,0.2785249948501587,-0.09801275283098221,-0.04846963658928871,0.3081853687763214,4.0,0.0,0.18339452147483826,0.11252012848854065,0,3,1,1,0.0,12.61851978302002,13.824780464172363,2.5736870765686035,0.515161395072937,0.22723251581192017,0.6546043157577515,0.15069416165351868,-0.03333312273025513,0.04850323125720024,-0.0552855022251606,0.051527854055166245,63.0,-36.5,22.799999237060547,23.100000381469727,0.699999988079071,0.0,20.100000381469727,0.0,0.30000001192092896,0.30000001192092896,0.30000001192092896,0.30000001192092896
45.8,0,0.27926409244537354,-0.09790580719709396,-0.04872641712427139,0.30816686153411865,4.0,0.0,0.18301495909690857,0.11300873011350632,0,3,1,1,0.0,12.654138565063477,13.820890426635742,2.542588949203491,0.5159114003181458,0.22728849947452545,0.6553621292114258,0.15053009986877441,-0.03262820094823837,0.048640865832567215,-0.05451156944036484,0.05144466459751129,63.0,-36.5,22.799999237060547,23.100000381469727,0.699999988079071,0.0,20.100000381469727,0.0,0.30000001192092896,0.30000001192092896,0.30000001192092896,0.30000001192092896
45.85,0,0.28001073002815247,-0.09778059273958206,-0.04805321991443634,0.30815473198890686,4.0,0.0,0.1827942579984665,0.1135009303689003,0,3,1,1,0.0,12.642909049987793,13.959181785583496,2.385234832763672,0.5166717767715454,0.22732733190059662,0.656133234500885,0.1503526270389557,-0.031915225088596344,0.04877052828669548,-0.0537356473505497,0.05135001614689827,63.0,-36.5,22.799999237060547,23.100000381469727,0.699999988079071,0.0,20.100000381469727,0.0,0.30000001192092896,0.30000001192092896,0.30000001192092896,0.30000001192092896
45.9,0,0.2806668281555176,-0.09785005450248718,-0.0499466247856617,0.3080787658691406,4.0,0.0,0.18681694567203522,0.11401110887527466,0,3,1,1,0.0,11.981242179870605,13.39487075805664,3.234671115875244,0.5173169374465942,0.22749397158622742,0.6567981839179993,0.15033049881458282,-0.031235503032803535,0.04888418689370155,-0.0529940202832222,0.051247335970401764,63.0,-36.5,22.799999237060547,23.100000381469727,0.699999988079071,0.0,20.100000381469727,0.0,0.30000001192092896,0.30000001192092896,0.30000001192092896,0.30000001192092896
45.95,0,0.2812575399875641,-0.09802965819835663,-0.05267612636089325,0.3079646825790405,4.0,0.0,0.18533267080783844,0.11454159766435623,0,3,1,1,0.0,12.15176773071289,13.65380573272705,2.8482682704925537,0.5178824067115784,0.22773544490337372,0.6573875546455383,0.1503777801990509,-0.030580073595046997,0.048983655869960785,-0.05228279531002045,0.051139626652002335,63.0,-36.5,22.799999237060547,23.100000381469727,0.699999988079071,0.0,20.100000381469727,0.0,0.30000001192092896,0.30000001192092896,0.30000001192092896,0.30000001192092896
46.0,0,0.2818661630153656,-0.09825529158115387,-0.048952218145132065,0.30786266922950745,4.0,0.0,0.1788405478000641,0.1150629073381424,0,3,1,1,0.0,12.043497085571289,13.500965118408203,2.999594211578369,0.5184613466262817,0.22798344492912292,0.6579861640930176,0.15041901171207428,-0.029917391017079353,0.04907476529479027,-0.05157311633229256,0.051020655781030655,63.0,-36.5,22.799999237060547,23.100000381469727,0.699999988079071,0.0,20.100000381469727,0.0,0.30000001192092896,0.30000001192092896,0.30000001192092896,0.30000001192092896
46.05,0,0.28251999616622925,-0.09852638840675354,-0.058312565088272095,0.30778270959854126,4.0,0.0,0.18298013508319855,0.11552192270755768,0,3,1,1,0.0,12.277820587158203,13.842537879943848,2.511996269226074,0.5190793871879578,0.22822079062461853,0.6586126685142517,0.1504518985748291,-0.02923360839486122,0.049156345427036285,-0.050847943872213364,0.05089157819747925,63.0,-36.5,22.799999237060547,23.100000381469727,0.699999988079071,0.0,20.100000381469727,0.0,0.30000001192092896,0.30000001192092896,0.30000001192092896,0.30000001192092896
46.1,0,0.2831643521785736,-0.09871310740709305,-0.04183117300271988,0.30770570039749146,4.0,0.0,0.178485706448555,0.11593635380268097,0,3,1,1,0.0,12.14181137084961,13.877829551696777,2.9844448566436768,0.5196995139122009,0.22842369973659515,0.6592454314231873,0.15047802031040192,-0.02855457179248333,0.049234725534915924,-0.050129037350416183,0.050804298371076584,63.0,-36.5,22.799999237060547,23.100000381469727,0.699999988079071,0.0,20.100000381469727,0.0,0.30000001192092896,0.30000001192092896,0.30000001192092896,0.30000001192092896
46.15,0,0.28383463621139526,-0.0985417366027832,-0.04709262400865555,0.30770549178123474,4.0,0.0,0.18100407719612122,0.11579681187868118,0,3,1,1,0.0,11.861205101013184,14.068326950073242,2.6009137630462646,0.5203929543495178,0.2284337729215622,0.6598961353302002,0.15048690140247345,-0.027856018394231796,0.04930689185857773,-0.04944823309779167,0.050937674939632416,63.0,-36.5,22.799999237060547,23.100000381469727,0.699999988079071,0.0,20.100000381469727,0.0,0.30000001192092896,0.30000001192092896,0.30000001192092896,0.30000001192092896
46.2,0,0.28454577922821045,-0.09838686138391495,-0.04444470629096031,0.30772513151168823,4.0,0.0,0.18083004653453827,0.11559735238552094,0,3,1,1,0.0,12.075994491577148,13.576262474060059,2.8804266452789307,0.5211272239685059,0.2284097522497177,0.6605743765830994,0.15048836171627045,-0.027144767343997955,0.0493648387491703,-0.04875480756163597,0.051065362989902496,63.0,-36.5,22.799999237060547,23.100000381469727,0.699999988079071,0.0,20.100000381469727,0.0,0.30000001192092896,0.30000001192092896,0.30000001192092896,0.30000001192092896
46.25,0,0.2852679193019867,-0.098236083984375,-0.048979323357343674,0.3077520728111267,4.0,0.0,0.17992810904979706,0.11542212218046188,0,3,1,1,0.0,12.255860328674316,14.242873191833496,2.496326208114624,0.5218724012374878,0.22838188707828522,0.6612619757652283,0.15048091113567352,-0.026424523442983627,0.049415964633226395,-0.04805939644575119,0.05118376016616821,63.0,-36.5,22.799999237060547,23.100000381469727,0.699999988079071,0.0,20.100000381469727,0.0,0.30000001192092896,0.30000001192092896,0.30000001192092896,0.30000001192092896
46.3,0,0.2859977185726166,-0.09810300916433334,-0.04585661366581917,0.3077787458896637,4.0,0.0,0.17969582974910736,0.1152506172657013,0,3,1,1,0.0,12.179506301879883,13.575241088867188,2.8355863094329834,0.5226223468780518,0.22835062444210052,0.6619606614112854,0.15046383440494537,-0.025696124881505966,0.049454208463430405,-0.04735592007637024,0.05129183456301689,63.0,-36.5,22.799999237060547,23.100000381469727,0.699999988079071,0.0,20.100000381469727,0.0,0.30000001192092896,0.30000001192092896,0.30000001192092896,0.30000001192092896
46.35,0,0.2867542803287506,-0.09797266125679016,-0.04854782298207283,0.30781394243240356,4.0,0.0,0.17922386527061462,0.11504331231117249,0,3,1,1,0.0,12.205400466918945,13.687739372253418,2.700028657913208,0.5233980417251587,0.22830475866794586,0.6626800298690796,0.15043477714061737,-0.02493675984442234,0.04947710782289505,-0.04663471132516861,0.051392700523138046,63.0,-36.5,22.799999237060547,23.100000381469727,0.699999988079071,0.0,20.100000381469727,0.0,0.30000001192092896,0.30000001192092896,0.30000001192092896,0.30000001192092896
46.4,0,0.2874639928340912,-0.0979171097278595,-0.053419679403305054,0.30781179666519165,4.0,0.0,0.18167972564697266,0.11487661302089691,0,3,1,1,0.0,11.866307258605957,13.835000991821289,3.0082454681396484,0.5241157412528992,0.22832633554935455,0.6633427739143372,0.15045902132987976,-0.024178797379136086,0.049490299075841904,-0.045921169221401215,0.0514807254076004,63.0,-36.5,22.799999237060547,23.100000381469727,0.699999988079071,0.0,20.100000381469727,0.0,0.30000001192092896,0.30000001192092896,0.30000001192092896,0.30000001192092896
46.45,0,0.28808659315109253,-0.09802239388227463,-0.05277319252490997,0.3077531158924103,4.0,0.0,0.18269866704940796,0.11477788537740707,0,3,1,1,0.0,11.831424713134766,13.846778869628906,2.8685238361358643,0.5247263312339783,0.22845715284347534,0.6639151573181152,0.15058770775794983,-0.023455606773495674,0.04949035122990608,-0.04524293169379234,0.05155570060014725,63.0,-36.5,22.799999237060547,23.100000381469727,0.699999988079071,0.0,20.100000381469727,0.0,0.30000001192092896,0.30000001192092896,0.30000001192092896,0.30000001192092896
46.5,0,0.2887497544288635,-0.09819728881120682,-0.058277830481529236,0.3077167570590973,4.0,0.0,0.18362168967723846,0.11468570679426193,0,3,1,1,0.0,11.891510963439941,13.769009590148926,2.9418108463287354,0.5253695845603943,0.22860002517700195,0.6645165085792542,0.15071702003479004,-0.022715428844094276,0.049481723457574844,-0.044556766748428345,0.05162432789802551,63.0,-36.5,22.799999237060547,23.100000381469727,0.699999988079071,0.0,20.100000381469727,0.0,0.30000001192092896,0.30000001192092896,0.30000001192092896,0.30000001192092896
46.55,0,0.2894275188446045,-0.09838281571865082,-0.05499263107776642,0.30768391489982605,4.0,0.0,0.18175780773162842,0.11453340202569962,0,3,1,1,0.0,11.810309410095215,13.74697494506836,2.9334702491760254,0.52602618932724,0.2287244200706482,0.6651300191879272,0.15084081888198853,-0.021972494199872017,0.049461375921964645,-0.04386211186647415,0.05168227106332779,63.0,-36.5,22.799999237060547,23.100000381469727,0.699999988079071,0.0,20.100000381469727,0.0,0.30000001192092896,0.30000001192092896,0.30000001192092896,0.30000001192092896
46.6,0,0.2901214361190796,-0.09857840090990067,-0.057168662548065186,0.30765682458877563,4.0,0.0,0.18117111921310425,0.11436837911605835,0,3,1,1,0.0,11.959145545959473,14.155961990356445,2.769341468811035,0.5266977548599243,0.2288372963666916,0.6657598614692688,0.15096013247966766,-0.021224096417427063,0.04943188279867172,-0.043159011751413345,0.0517306886613369,63.0,-36.5,22.799999237060547,23.100000381469727,0.699999988079071,0.0,20.100000381469727,0.0,0.30000001192092896,0.30000001192092896,0.30000001192092896,0.30000001192092896
46.65,0,0.29083022475242615,-0.09880229830741882,-0.05607166141271591,0.3076443076133728,4.0,0.0,0.18159060180187225,0.11423184722661972,0,3,1,1,0.0,11.824094772338867,13.753016471862793,2.8788771629333496,0.5273818373680115,0.2289474904537201,0.6664042472839355,0.15107442438602448,-0.02045922540128231,0.04938666895031929,-0.04245983436703682,0.05177118629217148,63.0,-36.5,22.799999237060547,23.100000381469727,0.699999988079071,0.0,20.100000381469727,0.0,0.30000001192092896,0.30000001192092896,0.30000001192092896,0.30000001192092896
46.7,0,0.2915426790714264,-0.09900414943695068,-0.05737156793475151,0.30762502551078796,4.0,0.0,0.18135227262973785,0.1140427514910698,0,3,1,1,0.0,11.899560928344727,13.768198013305664,2.8444385528564453,0.5280705094337463,0.2290269434452057,0.667060911655426,0.1511819064617157,-0.01970324106514454,0.04933055490255356,-0.04174673929810524,0.051801424473524094,63.0,-36.5,22.799999237060547,23.100000381469727,0.699999988079071,0.0,20.100000381469727,0.0,0.30000001192092896,0.30000001192092896,0.30000001192092896,0.30000001192092896
46.75,0,0.2922787666320801,-0.09923668950796127,-0.05786273628473282,0.30762121081352234,4.0,0.0,0.18117879331111908,0.11386370658874512,0,3,1,1,0.0,11.842477798461914,13.855507850646973,2.7449982166290283,0.5287800431251526,0.22910377383232117,0.6677356958389282,0.1512836366891861,-0.01892898790538311,0.04926123097538948,-0.04103076085448265,0.05181995779275894,63.0,-36.5,22.799999237060547,23.100000381469727,0.699999988079071,0.0,20.100000381469727,0.0,0.30000001192092896,0.30000001192092896,0.30000001192092896,0.30000001192092896
46.8,0,0.29301369190216064,-0.09946011751890182,-0.059596192091703415,0.30762243270874023,4.0,0.0,0.18099026381969452,0.11369116604328156,0,3,1,1,0.0,12.114420890808105,14.304262161254883,2.4200735092163086,0.5294884443283081,0.22916743159294128,0.6684197187423706,0.15137794613838196,-0.018154306337237358,0.04918166622519493,-0.04031822830438614,0.05183306336402893,63.0,-36.5,22.799999237060547,23.100000381469727,0.699999988079071,0.0,20.100000381469727,0.0,0.30000001192092896,0.30000001192092896,0.30000001192092896,0.30000001192092896
46.85,0,0.2937605082988739,-0.09972026199102402,-0.05990522354841232,0.3076263666152954,4.0,0.0,0.18276643753051758,0.11357533931732178,0,3,1,1,0.0,11.939278602600098,13.96092414855957,2.7045938968658447,0.5302044749259949,0.22924113273620605,0.6691159605979919,0.15146557986736298,-0.017363466322422028,0.04908771812915802,-0.03959907591342926,0.051830388605594635,63.0,-36.5,22.799999237060547,23.100000381469727,0.699999988079071,0.0,20.100000381469727,0.0,0.30000001192092896,0.30000001192092896,0.30000001192092896,0.30000001192092896
46.9,0,0.29450470209121704,-0.09994460642337799,-0.056500501930713654,0.30761420726776123,4.0,0.0,0.1814320981502533,0.11341997236013412,0,3,1,1,0.0,12.009599685668945,13.97951889038086,2.730890989303589,0.5309215784072876,0.2292805165052414,0.6698200106620789,0.1515442132949829,-0.01657276041805744,0.04897836223244667,-0.038861118257045746,0.05182037502527237,63.0,-36.5,22.799999237060547,23.100000381469727,0.699999988079071,0.0,20.100000381469727,0.0,0.30000001192092896,0.30000001192092896,0.30000001192092896,0.30000001192092896
46.95,0,0.2952662706375122,-0.10018115490674973,-0.05762160196900368,0.30761152505874634,4.0,0.0,0.18192370235919952,0.11324866861104965,0,3,1,1,0.0,12.10006332397461,14.235468864440918,2.3215086460113525,0.5316545367240906,0.22930772602558136,0.6705394983291626,0.15161284804344177,-0.015764515846967697,0.04885277897119522,-0.03811720386147499,0.05179576575756073,63.0,-36.5,22.799999237060547,23.100000381469727,0.699999988079071,0.0,20.100000381469727,0.0,0.30000001192092896,0.30000001192092896,0.30000001192092896,0.30000001192092896
47.0,0,0.2960432767868042,-0.10042497515678406,-0.056130170822143555,0.3076119124889374,4.0,0.0,0.18159914016723633,0.11308199167251587,0,3,1,1,0.0,12.0176420211792,13.8816499710083,2.690685272216797,0.5324021577835083,0.22932803630828857,0.6712720990180969,0.15167395770549774,-0.014951853081583977,0.04871729761362076,-0.037362877279520035,0.05176211893558502,63.0,-36.5,22.799999237060547,23.100000381469727,0.699999988079071,0.0,20.100000381469727,0.0,0.30000001192092896,0.30000001192092896,0.30000001192092896,0.30000001192092896
47.05,0,0.29683399200439453,-0.10065966099500656,-0.05583517625927925,0.3076171576976776,4.0,0.0,0.18089596927165985,0.11284627765417099,0,3,1,1,0.0,11.970136642456055,14.224346160888672,2.172384262084961,0.5331659317016602,0.2293108105659485,0.6720157265663147,0.15172433853149414,-0.014123614877462387,0.04855673015117645,-0.03660150244832039,0.05171661078929901,63.0,-36.5,22.799999237060547,23.100000381469727,0.699999988079071,0.0,20.100000381469727,0.0,0.30000001192092896,0.30000001192092896,0.30000001192092896,0.30000001192092896
47.1,0,0.29763850569725037,-0.10089121758937836,-0.057363517582416534,0.307628333568573,4.0,0.0,0.18122003972530365,0.11263659596443176,0,3,1,1,0.0,12.045915603637695,13.874438285827637,2.7926290035247803,0.5339431166648865,0.22928544878959656,0.6727744936943054,0.15176279842853546,-0.013292050920426846,0.048390232026576996,-0.03583211824297905,0.05165721848607063,63.0,-36.5,22.799999237060547,23.100000381469727,0.699999988079071,0.0,20.100000381469727,0.0,0.30000001192092896,0.30000001192092896,0.30000001192092896,0.30000001192092896
47.15,0,0.2984490990638733,-0.1011149063706398,-0.05696045234799385,0.3076368570327759,4.0,0.0,0.1813766360282898,0.11240202188491821,0,3,1,1,0.0,12.122621536254883,13.917760848999023,2.586763858795166,0.5347283482551575,0.22923514246940613,0.6735407710075378,0.15179072320461273,-0.01244808267802,0.04820216819643974,-0.03505406901240349,0.05158638581633568,63.0,-36.5,22.799999237060547,23.100000381469727,0.699999988079071,0.0,20.100000381469727,0.0,0.30000001192092896,0.30000001192092896,0.30000001192092896,0.30000001192092896
47.2,0,0.29927435517311096,-0.10134544223546982,-0.05826888233423233,0.30764901638031006,4.0,0.0,0.18111924827098846,0.1121475100517273,0,3,1,1,0.0,12.197197914123535,14.074508666992188,2.3958826065063477,0.535527229309082,0.2291659712791443,0.6743213534355164,0.15180641412734985,-0.011594218201935291,0.04799536243081093,-0.03426631540060043,0.05150219798088074,63.0,-36.5,22.799999237060547,23.100000381469727,0.699999988079071,0.0,20.100000381469727,0.0,0.30000001192092896,0.30000001192092896,0.30000001192092896,0.30000001192092896
47.25,0,0.30011117458343506,-0.10157223790884018,-0.05794978886842728,0.3076643943786621,4.0,0.0,0.18183226883411407,0.11188042163848877,0,3,1,1,0.0,12.193281173706055,13.91090202331543,2.4853246212005615,0.5363392233848572,0.22907787561416626,0.6751078367233276,0.15180955827236176,-0.010729571804404259,0.047771893441677094,-0.033472124487161636,0.05140548199415207,63.0,-36.5,22.799999237060547,23.100000381469727,0.699999988079071,0.0,20.100000381469727,0.0,0.30000001192092896,0.30000001192092896,0.30000001192092896,0.30000001192092896
47.3,0,0.30090129375457764,-0.10172707587480545,-0.04817549139261246,0.3076605796813965,4.0,0.0,0.18652606010437012,0.1116768941283226,0,3,1,1,0.0,12.378219604492188,15.046235084533691,2.3946774005889893,0.5371142029762268,0.22897940874099731,0.6758706569671631,0.151802659034729,-0.009919295087456703,0.04758215695619583,-0.032697644084692,0.05129843205213547,63.0,-36.5,22.799999237060547,23.100000381469727,0.699999988079071,0.0,20.100000381469727,0.0,0.30000001192092896,0.30000001192092896,0.30000001192092896,0.30000001192092896
47.35,0,0.3014751970767975,-0.10162999480962753,-0.04717733711004257,0.3075513243675232,4.0,0.0,0.18530501425266266,0.11212477087974548,0,3,1,1,0.0,11.880392074584961,13.739314079284668,2.9907267093658447,0.537696897983551,0.22903427481651306,0.676557183265686,0.15179328620433807,-0.009353145956993103,0.04769163951277733,-0.0319843664765358,0.05119774490594864,63.0,-36.5,22.799999237060547,23.100000381469727,0.699999988079071,0.0,20.100000381469727,0.0,0.30000001192092896,0.30000001192092896,0.30000001192092896,0.30000001192092896
47.4,0,0.302107036113739,-0.10159672796726227,-0.04888039827346802,0.30747491121292114,4.0,0.0,0.18431979417800903,0.1125619113445282,0,3,1,1,0.0,12.04842758178711,13.918428421020508,2.8197579383850098,0.5383303761482239,0.22910380363464355,0.6772656440734863,0.15177209675312042,-0.008760864846408367,0.04780737683176994,-0.03125886991620064,0.05108612775802612,63.0,-36.5,22.799999237060547,23.100000381469727,0.699999988079071,0.0,20.100000381469727,0.0,0.30000001192092896,0.30000001192092896,0.30000001192092896,0.30000001192092896
47.45,0,0.3027568757534027,-0.10134860873222351,-0.036522332578897476,0.30744704604148865,4.0,0.0,0.17847676575183868,0.1126791313290596,0,3,1,1,0.0,11.963983535766602,14.189757347106934,2.553011655807495,0.5390104651451111,0.2290612757205963,0.6779824495315552,0.15173523128032684,-0.008151951245963573,0.04792076721787453,-0.030556390061974525,0.05111425742506981,63.0,-36.5,22.799999237060547,23.100000381469727,0.699999988079071,0.0,20.100000381469727,0.0,0.30000001192092896,0.30000001192092896,0.30000001192092896,0.30000001192092896
47.5,0,0.3034425675868988,-0.101021908223629,-0.04069121181964874,0.30746006965637207,4.0,0.0,0.18092124164104462,0.11262567341327667,0,3,1,1,0.0,12.038264274597168,13.42685604095459,3.231074333190918,0.5397365689277649,0.2289690524339676,0.6787185072898865,0.15168331563472748,-0.007511952891945839,0.048029825091362,-0.029858632013201714,0.051224485039711,63.0,-36.5,22.799999237060547,23.100000381469727,0.699999988079071,0.0,20.100000381469727,0.0,0.30000001192092896,0.30000001192092896,0.30000001192092896,0.30000001192092896
47.55,0,0.3041640818119049,-0.10067973285913467,-0.0428968220949173,0.3074897527694702,4.0,0.0,0.18061137199401855,0.1124950498342514,0,3,1,1,0.0,12.133720397949219,13.916264533996582,2.7652640342712402,0.5405024290084839,0.22884705662727356,0.6794704794883728,0.15161792933940887,-0.006863844580948353,0.04813678190112114,-0.02914898842573166,0.051326192915439606,63.0,-36.5,22.799999237060547,23.100000381469727,0.699999988079071,0.0,20.100000381469727,0.0,0.30000001192092896,0.30000001192092896,0.30000001192092896,0.30000001192092896
47.6,0,0.3049066662788391,-0.10037396848201752,-0.042855892330408096,0.30752649903297424,4.0,0.0,0.1801140457391739,0.11237617582082748,0,3,1,1,0.0,12.130805015563965,13.695685386657715,2.8145980834960938,0.5412841439247131,0.22872936725616455,0.68023681640625,0.15153829753398895,-0.006192966364324093,0.04823281988501549,-0.028427189216017723,0.05142020434141159,63.0,-36.5,22.799999237060547,23.100000381469727,0.699999988079071,0.0,20.100000381469727,0.0,0.30000001192092896,0.30000001192092896,0.30000001192092896,0.30000001192092896
47.65,0,0.30566009879112244,-0.10005878657102585,-0.042491015046834946,0.30756935477256775,4.0,0.0,0.18083743751049042,0.11228279769420624,0,3,1,1,0.0,12.142475128173828,13.800517082214355,2.773118495941162,0.5420789122581482,0.22860412299633026,0.6810111999511719,0.15144675970077515,-0.005517488811165094,0.04832615703344345,-0.027702568098902702,0.051503270864486694,63.0,-36.5,22.799999237060547,23.100000381469727,0.699999988079071,0.0,20.100000381469727,0.0,0.30000001192092896,0.30000001192092896,0.30000001192092896,0.30000001192092896
47.7,0,0.3064195513725281,-0.09976210445165634,-0.04406868293881416,0.3076133728027344,4.0,0.0,0.1808847337961197,0.11222270131111145,0,3,1,1,0.0,12.288504600524902,13.515585899353027,2.8903701305389404,0.5428756475448608,0.22848227620124817,0.6817954182624817,0.1513413041830063,-0.00482588354498148,0.04840793460607529,-0.026970738545060158,0.05157751962542534,63.0,-36.5,22.799999237060547,23.100000381469727,0.699999988079071,0.0,20.100000381469727,0.0,0.30000001192092896,0.30000001192092896,0.30000001192092896,0.30000001192092896
47.75,0,0.3071818947792053,-0.09943928569555283,-0.043297864496707916,0.3076595664024353,4.0,0.0,0.18083566427230835,0.1121639534831047,0,3,1,1,0.0,12.272509574890137,13.899996757507324,2.565136194229126,0.543679416179657,0.2283409833908081,0.6825847625732422,0.15122239291667938,-0.004129575565457344,0.048481542617082596,-0.02623753249645233,0.05164249986410141,63.0,-36.5,22.799999237060547,23.100000381469727,0.699999988079071,0.0,20.100000381469727,0.0,0.30000001192092896,0.30000001192092896,0.30000001192092896,0.30000001192092896
47.8,0,0.3079599142074585,-0.09916070103645325,-0.04426441714167595,0.3077154755592346,4.0,0.0,0.18124540150165558,0.11215715855360031,0,3,1,1,0.0,12.297767639160156,13.154696464538574,2.970795154571533,0.5444920063018799,0.22821536660194397,0.6833858489990234,0.15108881890773773,-0.0034128231927752495,0.04854448139667511,-0.02549971640110016,0.05169747769832611,63.0,-36.5,22.799999237060547,23.100000381469727,0.699999988079071,0.0,20.100000381469727,0.0,0.30000001192092896,0.30000001192092896,0.30000001192092896,0.30000001192092896
47.85,0,0.30863118171691895,-0.09901820868253708,-0.04727177694439888,0.3076975643634796,4.0,0.0,0.1852867603302002,0.1121363490819931,0,3,1,1,0.0,11.816271781921387,13.833267211914062,2.9828813076019287,0.5451825857162476,0.22818848490715027,0.684070885181427,0.1511118859052658,-0.0027415952645242214,0.048593670129776,-0.024800291284918785,0.05173881724476814,63.0,-36.5,22.799999237060547,23.100000381469727,0.699999988079071,0.0,20.100000381469727,0.0,0.30000001192092896,0.30000001192092896,0.30000001192092896,0.30000001192092896
47.9,0,0.30924874544143677,-0.09905271977186203,-0.04965878278017044,0.30764174461364746,4.0,0.0,0.18454113602638245,0.1121482327580452,0,3,1,1,0.0,11.88916301727295,13.736655235290527,3.111193895339966,0.5457965135574341,0.2282722443342209,0.6846798062324524,0.15121294558048248,-0.0020866503473371267,0.048630259931087494,-0.024125054478645325,0.05177062004804611,63.0,-36.5,22.799999237060547,23.100000381469727,0.699999988079071,0.0,20.100000381469727,0.0,0.30000001192092896,0.30000001192092896,0.30000001192092896,0.30000001192092896
47.95,0,0.3098737299442291,-0.09907830506563187,-0.04274618625640869,0.30759215354919434,4.0,0.0,0.18149787187576294,0.11210989207029343,0,3,1,1,0.0,11.917834281921387,14.382506370544434,2.5272819995880127,0.5464196801185608,0.22833441197872162,0.6852976083755493,0.15130601823329926,-0.0014101089909672737,0.04865514487028122,-0.023448504507541656,0.05179518833756447,63.0,-36.5,22.799999237060547,23.100000381469727,0.699999988079071,0.0,20.100000381469727,0.0,0.30000001192092896,0.30000001192092896,0.30000001192092896,0.30000001192092896
48.0,0,0.3105410039424896,-0.09921593219041824,-0.05578695982694626,0.30755510926246643,4.0,0.0,0.18115554749965668,0.11212948709726334,0,3,1,1,0.0,12.076653480529785,14.211934089660645,2.8055412769317627,0.5470691919326782,0.2284468114376068,0.6859386563301086,0.1513945758342743,-0.0007377197616733611,0.04867817834019661,-0.022753378376364708,0.0518062561750412,63.0,-36.5,22.799999237060547,23.100000381469727,0.699999988079071,0.0,20.100000381469727,0.0,0.30000001192092896,0.30000001192092896,0.30000001192092896,0.30000001192092896
48.05,0,0.31122782826423645,-0.09935440868139267,-0.060271646827459335,0.3075346350669861,4.0,0.0,0.18309976160526276,0.11205480992794037,0,3,1,1,0.0,12.314253807067871,14.4930419921875,2.463097333908081,0.5477356910705566,0.2285335212945938,0.6865999698638916,0.15147638320922852,-4.0709273889660835e-05,0.048686955124139786,-0.022053884342312813,0.0518091656267643,63.0,-36.5,22.799999237060547,23.100000381469727,0.699999988079071,0.0,20.100000381469727,0.0,0.30000001192092896,0.30000001192092896,0.30000001192092896,0.30000001192092896
48.1,0,0.311908096075058,-0.09953290224075317,-0.058901455253362656,0.30751508474349976,4.0,0.0,0.18282689154148102,0.11208905279636383,0,3,1,1,0.0,12.159433364868164,14.187581062316895,2.6476612091064453,0.5483896136283875,0.2286456674337387,0.6872676610946655,0.15155114233493805,0.000667851825710386,0.04868381842970848,-0.021359652280807495,0.05180491507053375,63.0,-36.5,22.799999237060547,23.100000381469727,0.699999988079071,0.0,20.100000381469727,0.0,0.30000001192092896,0.30000001192092896,0.30000001192092896,0.30000001192092896
48.15,0,0.3126063942909241,-0.09971604496240616,-0.05875958129763603,0.3075004518032074,4.0,0.0,0.1826658695936203,0.11211070418357849,0,3,1,1,0.0,12.215997695922852,14.340889930725098,2.5540173053741455,0.5490620136260986,0.22874292731285095,0.6879487037658691,0.15161791443824768,0.0013891069684177637,0.048669349402189255,-0.020655373111367226,0.05178838223218918,63.0,-36.5,22.799999237060547,23.100000381469727,0.699999988079071,0.0,20.100000381469727,0.0,0.30000001192092896,0.30000001192092896,0.30000001192092896,0.30000001192092896
48.2,0,0.31331098079681396,-0.09990153461694717,-0.059957586228847504,0.30748802423477173,4.0,0.0,0.18317750096321106,0.1121533140540123,0,3,1,1,0.0,12.260908126831055,14.27448844909668,2.520482063293457,0.5497397184371948,0.2288362830877304,0.6886408925056458,0.15167497098445892,0.0021193239372223616,0.048645976930856705,-0.019945770502090454,0.051761552691459656,63.0,-36.5,22.799999237060547,23.100000381469727,0.699999988079071,0.0,20.100000381469727,0.0,0.30000001192092896,0.30000001192092896,0.30000001192092896,0.30000001192092896
48.25,0,0.31403276324272156,-0.1001056581735611,-0.059876129031181335,0.307477742433548,4.0,0.0,0.18253156542778015,0.1121823787689209,0,3,1,1,0.0,12.248571395874023,14.298762321472168,2.4717390537261963,0.5504321455955505,0.22891853749752045,0.6893465518951416,0.15172486007213593,0.002862202003598213,0.04860769584774971,-0.019223185256123543,0.05172490328550339,63.0,-36.5,22.799999237060547,23.100000381469727,0.699999988079071,0.0,20.100000381469727,0.0,0.30000001192092896,0.30000001192092896,0.30000001192092896,0.30000001192092896
48.3,0,0.3147605359554291,-0.10029516369104385,-0.06144432723522186,0.30746549367904663,4.0,0.0,0.18269723653793335,0.1122228130698204,0,3,1,1,0.0,12.345826148986816,14.30891227722168,2.466951608657837,0.5511327385902405,0.22898948192596436,0.6900615692138672,0.15176282823085785,0.0036141755990684032,0.04856102913618088,-0.018491357564926147,0.05167495086789131,63.0,-36.5,22.799999237060547,23.100000381469727,0.699999988079071,0.0,20.100000381469727,0.0,0.30000001192092896,0.30000001192092896,0.30000001192092896,0.30000001192092896
48.35,0,0.3155060410499573,-0.10051672160625458,-0.057010263204574585,0.30745553970336914,4.0,0.0,0.1823665350675583,0.11227186769247055,0,3,1,1,0.0,12.032464981079102,13.826468467712402,2.7287814617156982,0.5518478155136108,0.22905775904655457,0.6907883286476135,0.15179316699504852,0.004379845689982176,0.04849827662110329,-0.017747879028320312,0.05161622166633606,63.0,-36.5,22.799999237060547,23.100000381469727,0.699999988079071,0.0,20.100000381469727,0.0,0.30000001192092896,0.30000001192092896,0.30000001192092896,0.30000001192092896
48.4,0,0.316263884305954,-0.10070469975471497,-0.057765185832977295,0.3074501156806946,4.0,0.0,0.18142880499362946,0.11230943351984024,0,3,1,1,0.0,12.203133583068848,14.107595443725586,2.5644569396972656,0.5525806546211243,0.2290934920310974,0.6915314197540283,0.15181082487106323,0.0051554664969444275,0.0484243705868721,-0.01699637807905674,0.051544252783060074,63.0,-36.5,22.799999237060547,23.100000381469727,0.699999988079071,0.0,20.100000381469727,0.0,0.30000001192092896,0.30000001192092896,0.30000001192092896,0.30000001192092896
48.45,0,0.31703880429267883,-0.10089444369077682,-0.05956841632723808,0.3074544370174408,4.0,0.0,0.18242602050304413,0.1123628243803978,0,3,1,1,0.0,12.205838203430176,13.893104553222656,2.5708694458007812,0.5533319115638733,0.22911469638347626,0.6922919154167175,0.151817187666893,0.005945451557636261,0.048337001353502274,-0.01624012179672718,0.051460910588502884,63.0,-36.5,22.799999237060547,23.100000381469727,0.699999988079071,0.0,20.100000381469727,0.0,0.30000001192092896,0.30000001192092896,0.30000001192092896,0.30000001192092896
48.5,0,0.3178301155567169,-0.10108141601085663,-0.0611443817615509,0.3074641227722168,4.0,0.0,0.18257279694080353,0.1123867779970169,0,3,1,1,0.0,12.032977104187012,13.822883605957031,2.647355794906616,0.5541003346443176,0.2291104644536972,0.6930675506591797,0.1518123298883438,0.006749624386429787,0.04823077470064163,-0.015474069863557816,0.05136466398835182,63.0,-36.5,22.799999237060547,23.100000381469727,0.699999988079071,0.0,20.100000381469727,0.0,0.30000001192092896,0.30000001192092896,0.30000001192092896,0.30000001192092896
48.55,0,0.31863075494766235,-0.10098260641098022,-0.051545582711696625,0.3075135350227356,4.0,0.0,0.17999380826950073,0.11203303933143616,0,3,1,1,0.0,12.263797760009766,13.95695972442627,2.5956132411956787,0.5549156665802002,0.2289613038301468,0.6938555240631104,0.1517888754606247,0.0075622498989105225,0.04811835289001465,-0.014724912121891975,0.05142538622021675,63.0,-36.5,22.799999237060547,23.100000381469727,0.699999988079071,0.0,20.100000381469727,0.0,0.30000001192092896,0.30000001192092896,0.30000001192092896,0.30000001192092896
48.6,0,0.31932953000068665,-0.10071965306997299,-0.04125848039984703,0.30751433968544006,4.0,0.0,0.18365468084812164,0.11177878081798553,0,3,1,1,0.0,11.829681396484375,13.623063087463379,3.1253597736358643,0.5556465983390808,0.22880762815475464,0.6946043968200684,0.15175874531269073,0.008246961049735546,0.048109643161296844,-0.014005251228809357,0.05150476098060608,63.0,-36.5,22.799999237060547,23.100000381469727,0.699999988079071,0.0,20.100000381469727,0.0,0.30000001192092896,0.30000001192092896,0.30000001192092896,0.30000001192092896
48.65,0,0.31994423270225525,-0.10039883852005005,-0.04772384092211723,0.307481974363327,4.0,0.0,0.18489712476730347,0.11191823333501816,0,3,1,1,0.0,12.191041946411133,13.790181159973145,2.898242712020874,0.5562971234321594,0.22876538336277008,0.6953172087669373,0.15172214806079865,0.008836813271045685,0.048247162252664566,-0.013319138437509537,0.05157801881432533,63.0,-36.5,22.799999237060547,23.100000381469727,0.699999988079071,0.0,20.100000381469727,0.0,0.30000001192092896,0.30000001192092896,0.30000001192092896,0.30000001192092896
48.7,0,0.3205867409706116,-0.10011325776576996,-0.04783938080072403,0.3074653148651123,4.0,0.0,0.1812431961297989,0.11207738518714905,0,3,1,1,0.0,12.222983360290527,14.081483840942383,2.890291452407837,0.5569713115692139,0.22873376309871674,0.6960417628288269,0.15167562663555145,0.00944463349878788,0.04838414862751961,-0.012626999989151955,0.051639631390571594,63.0,-36.5,22.799999237060547,23.100000381469727,0.699999988079071,0.0,20.100000381469727,0.0,0.30000001192092896,0.30000001192092896,0.30000001192092896,0.30000001192092896
48.75,0,0.3212694823741913,-0.09986834973096848,-0.0501905120909214,0.30746275186538696,4.0,0.0,0.18348084390163422,0.11220940202474594,0,3,1,1,0.0,12.191015243530273,13.534778594970703,3.093928813934326,0.5576825737953186,0.22869952023029327,0.6967818737030029,0.151617169380188,0.010074874386191368,0.048514943569898605,-0.011917805299162865,0.05169573053717613,63.0,-36.5,22.799999237060547,23.100000381469727,0.699999988079071,0.0,20.100000381469727,0.0,0.30000001192092896,0.30000001192092896,0.30000001192092896,0.30000001192092896
48.8,0,0.32197779417037964,-0.09963395446538925,-0.04600135609507561,0.30747735500335693,4.0,0.0,0.18082107603549957,0.11232447624206543,0,3,1,1,0.0,12.207927703857422,13.685946464538574,2.794434070587158,0.5584176182746887,0.22866268455982208,0.6975345611572266,0.15154480934143066,0.010719835758209229,0.04864291474223137,-0.011204127222299576,0.05174029991030693,63.0,-36.5,22.799999237060547,23.100000381469727,0.699999988079071,0.0,20.100000381469727,0.0,0.30000001192092896,0.30000001192092896,0.30000001192092896,0.30000001192092896
48.85,0,0.32271093130111694,-0.09941383451223373,-0.04819115251302719,0.30750036239624023,4.0,0.0,0.18002907931804657,0.11245144158601761,0,3,1,1,0.0,12.157628059387207,13.710225105285645,3.169725179672241,0.5591768622398376,0.22861933708190918,0.6983025074005127,0.15146102011203766,0.011380888521671295,0.04876621812582016,-0.010478312149643898,0.05177495256066322,63.0,-36.5,22.799999237060547,23.100000381469727,0.699999988079071,0.0,20.100000381469727,0.0,0.30000001192092896,0.30000001192092896,0.30000001192092896,0.30000001192092896
48.9,0,0.3234472870826721,-0.09920258820056915,-0.04418947920203209,0.3075213134288788,4.0,0.0,0.18105120956897736,0.11260765045881271,0,3,1,1,0.0,12.072124481201172,13.626771926879883,3.076418876647949,0.5599374771118164,0.22858315706253052,0.6990733742713928,0.15136374533176422,0.012053929269313812,0.04888325557112694,-0.009745690040290356,0.05180065706372261,63.0,-36.5,22.799999237060547,23.100000381469727,0.699999988079071,0.0,20.100000381469727,0.0,0.30000001192092896,0.30000001192092896,0.30000001192092896,0.30000001192092896
48.95,0,0.32419148087501526,-0.0990021824836731,-0.049173031002283096,0.3075556457042694,4.0,0.0,0.18179361522197723,0.11281302571296692,0,3,1,1,0.0,12.31607437133789,13.707613945007324,2.5826053619384766,0.5607041716575623,0.22854718565940857,0.6998550891876221,0.15125417709350586,0.012746130116283894,0.04898962378501892,-0.009018159471452236,0.051818106323480606,63.0,-36.5,22.799999237060547,23.100000381469727,0.699999988079071,0.0,20.100000381469727,0.0,0.30000001192092896,0.30000001192092896,0.30000001192092896,0.30000001192092896
49.0,0,0.3249577283859253,-0.09878034889698029,-0.045559704303741455,0.30758994817733765,4.0,0.0,0.18090295791625977,0.11294660717248917,0,3,1,1,0.0,12.257365226745605,13.64885425567627,2.646784782409668,0.5614967346191406,0.2284785956144333,0.7006489634513855,0.15112920105457306,0.013445001095533371,0.04908737167716026,-0.008271077647805214,0.051822397857904434,63.0,-36.5,22.799999237060547,23.100000381469727,0.699999988079071,0.0,20.100000381469727,0.0,0.30000001192092896,0.30000001192092896,0.30000001192092896,0.30000001192092896
49.05,0,0.3257421851158142,-0.09858030825853348,-0.049527011811733246,0.3076346218585968,4.0,0.0,0.18103577196598053,0.11311240494251251,0,3,1,1,0.0,12.52968978881836,13.973292350769043,2.3810081481933594,0.5623032450675964,0.22841548919677734,0.7014580965042114,0.1509883552789688,0.014166105538606644,0.04917685315012932,-0.007516289129853249,0.05181726813316345,63.0,-36.5,22.799999237060547,23.100000381469727,0.699999988079071,0.0,20.100000381469727,0.0,0.30000001192092896,0.30000001192092896,0.30000001192092896,0.30000001192092896
49.1,0,0.32651612162590027,-0.09837367385625839,-0.04788674786686897,0.3076818883419037,4.0,0.0,0.18261699378490448,0.1133500412106514,0,3,1,1,0.0,12.388872146606445,13.633108139038086,2.561129570007324,0.5631017684936523,0.22835376858711243,0.7022634148597717,0.1508365124464035,0.014885569922626019,0.04925903305411339,-0.006774581968784332,0.05179872736334801,63.0,-36.5,22.799999237060547,23.100000381469727,0.699999988079071,0.0,20.100000381469727,0.0,0.30000001192092896,0.30000001192092896,0.30000001192092896,0.30000001192092896
49.15,0,0.32718780636787415,-0.09832208603620529,-0.05349292233586311,0.30765658617019653,4.0,0.0,0.18582916259765625,0.11359574645757675,0,3,1,1,0.0,11.870931625366211,13.575296401977539,2.882619857788086,0.5637767314910889,0.2283974438905716,0.7029502987861633,0.1508055031299591,0.01557568833231926,0.04932105168700218,-0.006063112989068031,0.05177651345729828,63.0,-36.5,22.799999237060547,23.100000381469727,0.699999988079071,0.0,20.100000381469727,0.0,0.30000001192092896,0.30000001192092896,0.30000001192092896,0.30000001192092896
49.2,0,0.3277439475059509,-0.09849929809570312,-0.05042817443609238,0.3075694739818573,4.0,0.0,0.1850409358739853,0.1139584481716156,0,3,1,1,0.0,11.809224128723145,13.638522148132324,3.19995379447937,0.5643082857131958,0.22861506044864655,0.7035124897956848,0.15092292428016663,0.01622001640498638,0.049374982714653015,-0.00541524076834321,0.051739584654569626,63.0,-36.5,22.799999237060547,23.100000381469727,0.699999988079071,0.0,20.100000381469727,0.0,0.30000001192092896,0.30000001192092896,0.30000001192092896,0.30000001192092896
49.25,0,0.32834166288375854,-0.09871432930231094,-0.05443882569670677,0.30749809741973877,4.0,0.0,0.18585777282714844,0.11423443257808685,0,3,1,1,0.0,12.183688163757324,14.392967224121094,2.5782783031463623,0.564877450466156,0.2288162261247635,0.7040988206863403,0.15103645622730255,0.016883190721273422,0.04941719397902489,-0.004749753046780825,0.05169600620865822,63.0,-36.5,22.799999237060547,23.100000381469727,0.699999988079071,0.0,20.100000381469727,0.0,0.30000001192092896,0.30000001192092896,0.30000001192092896,0.30000001192092896
49.3,0,0.3289634585380554,-0.09897634387016296,-0.052476268261671066,0.3074209690093994,4.0,0.0,0.18432535231113434,0.11446230858564377,0,3,1,1,0.0,11.830310821533203,13.636107444763184,3.06648325920105,0.5654672384262085,0.22901944816112518,0.7046923637390137,0.1511457860469818,0.017548928037285805,0.04945157840847969,-0.004063553176820278,0.051643211394548416,63.0,-36.5,22.799999237060547,23.100000381469727,0.699999988079071,0.0,20.100000381469727,0.0,0.30000001192092896,0.30000001192092896,0.30000001192092896,0.30000001192092896
49.35,0,0.32960382103919983,-0.09927251935005188,-0.0553474985063076,0.30737850069999695,4.0,0.0,0.18395134806632996,0.11468851566314697,0,3,1,1,0.0,12.074295043945312,13.633346557617188,2.680255174636841,0.5660696029663086,0.22922049462795258,0.7053026556968689,0.15124957263469696,0.018227335065603256,0.04947527498006821,-0.003396811196580529,0.05158313736319542,63.0,-36.5,22.799999237060547,23.100000381469727,0.699999988079071,0.0,20.100000381469727,0.0,0.30000001192092896,0.30000001192092896,0.30000001192092896,0.30000001192092896
49.4,0,0.33023837208747864,-0.09957120567560196,-0.05789416283369064,0.3073349893093109,4.0,0.0,0.18341778218746185,0.11496561020612717,0,3,1,1,0.0,12.132967948913574,14.254112243652344,2.6676652431488037,0.566665768623352,0.22942715883255005,0.7059154510498047,0.15134529769420624,0.018913524225354195,0.049489933997392654,-0.00273295771330595,0.0515039786696434,63.0,-36.5,22.799999237060547,23.100000381469727,0.699999988079071,0.0,20.100000381469727,0.0,0.30000001192092896,0.30000001192092896,0.30000001192092896,0.30000001192092896
49.45,0,0.33091047406196594,-0.09991966933012009,-0.058106373995542526,0.3073001205921173,4.0,0.0,0.18320035934448242,0.11517705023288727,0,3,1,1,0.0,11.993443489074707,13.99915885925293,2.798867702484131,0.5672913193702698,0.2296309471130371,0.7065534591674805,0.15143880248069763,0.01962166279554367,0.049490220844745636,-0.0020445960108190775,0.05141851305961609,63.0,-36.5,22.799999237060547,23.100000381469727,0.699999988079071,0.0,20.100000381469727,0.0,0.30000001192092896,0.30000001192092896,0.30000001192092896,0.30000001192092896
49.5,0,0.33158209919929504,-0.10025285929441452,-0.05883632227778435,0.3072570562362671,4.0,0.0,0.18288438022136688,0.11541591584682465,0,3,1,1,0.0,12.1348876953125,14.25149154663086,2.6535844802856445,0.5679173469543457,0.2298276722431183,0.7072006464004517,0.1515243500471115,0.020335927605628967,0.0494837649166584,-0.0013443934731185436,0.0513201579451561,63.0,-36.5,22.799999237060547,23.100000381469727,0.699999988079071,0.0,20.100000381469727,0.0,0.30000001192092896,0.30000001192092896,0.30000001192092896,0.30000001192092896
49.55,0,0.33226820826530457,-0.10061550885438919,-0.057358503341674805,0.3072165548801422,4.0,0.0,0.18234814703464508,0.11567464470863342,0,3,1,1,0.0,11.835138320922852,13.604564666748047,3.0778849124908447,0.5685552358627319,0.23002471029758453,0.707857072353363,0.15160270035266876,0.02106490544974804,0.04946359619498253,-0.000636169919744134,0.05121101438999176,63.0,-36.5,22.799999237060547,23.100000381469727,0.699999988079071,0.0,20.100000381469727,0.0,0.30000001192092896,0.30000001192092896,0.30000001192092896,0.30000001192092896
49.6,0,0.33296674489974976,-0.10096397250890732,-0.0600859709084034,0.30716994404792786,4.0,0.0,0.18146172165870667,0.11591161787509918,0,3,1,1,0.0,12.048140525817871,14.015140533447266,2.6824147701263428,0.5692077279090881,0.23020249605178833,0.7085256576538086,0.15167155861854553,0.021804817020893097,0.04943401739001274,9.139848407357931e-05,0.051093947142362595,63.0,-36.5,22.799999237060547,23.100000381469727,0.699999988079071,0.0,20.100000381469727,0.0,0.30000001192092896,0.30000001192092896,0.30000001192092896,0.30000001192092896
49.65,0,0.3336760997772217,-0.10134013742208481,-0.05847126618027687,0.3071326017379761,4.0,0.0,0.18045799434185028,0.11616542935371399,0,3,1,1,0.0,12.07693099975586,14.052955627441406,2.7613790035247803,0.5698666572570801,0.2303796261548996,0.7092048525810242,0.15173248946666718,0.02254565618932247,0.04939447343349457,0.0008183857426047325,0.05096077919006348,63.0,-36.5,22.799999237060547,23.100000381469727,0.699999988079071,0.0,20.100000381469727,0.0,0.30000001192092896,0.30000001192092896,0.30000001192092896,0.30000001192092896
49.7,0,0.33438724279403687,-0.10170084983110428,-0.06068377569317818,0.30709052085876465,4.0,0.0,0.180853933095932,0.11641870439052582,0,3,1,1,0.0,12.470865249633789,14.349580764770508,2.5061326026916504,0.5705281496047974,0.23054127395153046,0.7098933458328247,0.15178371965885162,0.02329285815358162,0.04934398829936981,0.0015551927499473095,0.05081755295395851,63.0,-36.5,22.799999237060547,23.100000381469727,0.699999988079071,0.0,20.100000381469727,0.0,0.30000001192092896,0.30000001192092896,0.30000001192092896,0.30000001192092896
49.75,0,0.3351122736930847,-0.10171901434659958,-0.04648040235042572,0.30711233615875244,4.0,0.0,0.17771288752555847,0.11618661135435104,0,3,1,1,0.0,12.103095054626465,14.181154251098633,2.739471197128296,0.5712512731552124,0.23052377998828888,0.710594117641449,0.1518183797597885,0.024064401164650917,0.04928121343255043,0.0022547815460711718,0.050887323915958405,63.0,-36.5,22.799999237060547,23.100000381469727,0.699999988079071,0.0,20.100000381469727,0.0,0.30000001192092896,0.30000001192092896,0.30000001192092896,0.30000001192092896
49.8,0,0.3358636498451233,-0.10163076967000961,-0.05038195475935936,0.30714938044548035,4.0,0.0,0.17877866327762604,0.11573046445846558,0,3,1,1,0.0,11.890754699707031,13.739826202392578,2.738698959350586,0.572014331817627,0.23042915761470795,0.7113140225410461,0.15184085071086884,0.02484159730374813,0.04920768365263939,0.0029685096815228462,0.051020652055740356,63.0,-36.5,22.799999237060547,23.100000381469727,0.699999988079071,0.0,20.100000381469727,0.0,0.30000001192092896,0.30000001192092896,0.30000001192092896,0.30000001192092896
49.85,0,0.33663854002952576,-0.10150665044784546,-0.048131030052900314,0.3072025775909424,4.0,0.0,0.17781074345111847,0.1152849793434143,0,3,1,1,0.0,12.02944278717041,13.868243217468262,2.785386323928833,0.5728060007095337,0.2302938550710678,0.7120727300643921,0.15185049176216125,0.02563496306538582,0.049119800329208374,0.0036905205342918634,0.0511384978890419,63.0,-36.5,22.799999237060547,23.100000381469727,0.699999988079071,0.0,20.100000381469727,0.0,0.30000001192092896,0.30000001192092896,0.30000001192092896,0.30000001192092896
49.9,0,0.33744654059410095,-0.10140233486890793,-0.05318312346935272,0.3072640001773834,4.0,0.0,0.17808309197425842,0.11479048430919647,0,3,1,1,0.0,12.132646560668945,13.861491203308105,2.561671733856201,0.5736311078071594,0.23014166951179504,0.7128450274467468,0.15184827148914337,0.026447832584381104,0.049016404896974564,0.004429435357451439,0.05125227943062782,63.0,-36.5,22.799999237060547,23.100000381469727,0.699999988079071,0.0,20.100000381469727,0.0,0.30000001192092896,0.30000001192092896,0.30000001192092896,0.30000001192092896
49.95,0,0.3382717967033386,-0.10129636526107788,-0.0522024929523468,0.3073301911354065,5.0,0.0,0.177885964512825,0.11428110301494598,0,3,1,1,0.0,12.231958389282227,14.200364112854004,2.507283926010132,0.5744742751121521,0.22996841371059418,0.7136311531066895,0.15183308720588684,0.027271226048469543,0.04889795929193497,0.005178831517696381,0.051354825496673584,63.0,-36.5,22.799999237060547,23.100000381469727,0.699999988079071,0.0,20.100000381469727,0.0,0.30000001192092896,0.30000001192092896,0.30000001192092896,0.30000001192092896
50.0,0,0.33910661935806274,-0.10118436813354492,-0.0493202842772007,0.30739668011665344,5.0,0.0,0.17844149470329285,0.11376258730888367,0,3,1,1,0.0,12.067971229553223,13.767509460449219,2.6171982288360596,0.5753283500671387,0.22977428138256073,0.7144291400909424,0.15180477499961853,0.028107022866606712,0.04876172915101051,0.005937906447798014,0.05144868046045303,63.0,-36.5,22.799999237060547,23.100000381469727,0.699999988079071,0.0,20.100000381469727,0.0,0.30000001192092896,0.30000001192092896,0.30000001192092896,0.30000001192092896
50.05,0,0.33995500206947327,-0.1010655015707016,-0.04670838639140129,0.30746954679489136,5.0,0.0,0.17792902886867523,0.11324761807918549,0,3,1,1,0.0,12.15827751159668,13.936121940612793,2.5677831172943115,0.576196551322937,0.22956259548664093,0.7152408957481384,0.1517615169286728,0.028954066336154938,0.04861105605959892,0.006703977473080158,0.05152812600135803,63.0,-36.5,22.799999237060547,23.100000381469727,0.699999988079071,0.0,20.100000381469727,0.0,0.30000001192092896,0.30000001192092896,0.30000001192092896,0.30000001192092896
50.1,0,0.3408161401748657,-0.10094193369150162,-0.050856102257966995,0.30754345655441284,5.0,0.0,0.17881663143634796,0.11269961297512054,0,3,1,1,0.0,12.072883605957031,13.637297630310059,2.6147732734680176,0.5770779848098755,0.22932644188404083,0.7160678505897522,0.15170440077781677,0.02981337159872055,0.04844013601541519,0.007482469547539949,0.051599495112895966,63.0,-36.5,22.799999237060547,23.100000381469727,0.699999988079071,0.0,20.100000381469727,0.0,0.30000001192092896,0.30000001192092896,0.30000001192092896,0.30000001192092896
50.15,0,0.34169259667396545,-0.10079962015151978,-0.04849030822515488,0.3076184391975403,5.0,0.0,0.17882253229618073,0.11211661994457245,0,3,1,1,0.0,12.10200023651123,13.701714515686035,2.507699728012085,0.5779769420623779,0.22906123101711273,0.7169095873832703,0.15163056552410126,0.03068217821419239,0.048253338783979416,0.008275740779936314,0.051658932119607925,63.0,-36.5,22.799999237060547,23.100000381469727,0.699999988079071,0.0,20.100000381469727,0.0,0.30000001192092896,0.30000001192092896,0.30000001192092896,0.30000001192092896
50.2,0,0.34236544370651245,-0.10043472796678543,-0.04381894692778587,0.3076072335243225,5.0,0.0,0.18321914970874786,0.1121024340391159,0,3,1,1,0.0,12.166126251220703,13.898513793945312,2.780644655227661,0.5786934494972229,0.22890672087669373,0.7176821827888489,0.1515599489212036,0.0313134640455246,0.04831526800990105,0.00899533461779356,0.05170944705605507,63.0,-36.5,22.799999237060547,23.100000381469727,0.699999988079071,0.0,20.100000381469727,0.0,0.30000001192092896,0.30000001192092896,0.30000001192092896,0.30000001192092896
50.25,0,0.3430449068546295,-0.10010341554880142,-0.04468657448887825,0.30760785937309265,5.0,0.0,0.1820290982723236,0.11224637180566788,0,3,1,1,0.0,12.20079231262207,13.836336135864258,2.770651340484619,0.5794122219085693,0.22881415486335754,0.7184513807296753,0.15147773921489716,0.0319441556930542,0.04842570424079895,0.00970652885735035,0.05175166577100754,63.0,-36.5,22.799999237060547,23.100000381469727,0.699999988079071,0.0,20.100000381469727,0.0,0.30000001192092896,0.30000001192092896,0.30000001192092896,0.30000001192092896
50.3,0,0.34375569224357605,-0.09981045871973038,-0.044658150523900986,0.30761104822158813,5.0,0.0,0.1812046468257904,0.11241275817155838,0,3,1,1,0.0,12.220442771911621,13.664732933044434,3.011510133743286,0.5801577568054199,0.2287323921918869,0.7192367911338806,0.15138252079486847,0.03259892761707306,0.04853221774101257,0.010442083701491356,0.05178447067737579,63.0,-36.5,22.799999237060547,23.100000381469727,0.699999988079071,0.0,20.100000381469727,0.0,0.30000001192092896,0.30000001192092896,0.30000001192092896,0.30000001192092896
50.35,0,0.3443875312805176,-0.09964919090270996,-0.05140084773302078,0.3075745105743408,5.0,0.0,0.18461045622825623,0.11250664293766022,0,3,1,1,0.0,12.071736335754395,14.167593955993652,2.8968679904937744,0.5808084011077881,0.22873038053512573,0.7199222445487976,0.15141765773296356,0.033219341188669205,0.04862556234002113,0.011130000464618206,0.05180471017956734,63.0,-36.5,22.799999237060547,23.100000381469727,0.699999988079071,0.0,20.100000381469727,0.0,0.30000001192092896,0.30000001192092896,0.30000001192092896,0.30000001192092896
50.4,0,0.3449878990650177,-0.09962711483240128,-0.04953797906637192,0.30751070380210876,5.0,0.0,0.18324650824069977,0.11267286539077759,0,3,1,1,0.0,11.915610313415527,13.868244171142578,3.2509968280792236,0.5814107060432434,0.22881397604942322,0.7205573320388794,0.15149688720703125,0.03383280709385872,0.04870808497071266,0.011805783957242966,0.05181664600968361,63.0,-36.5,22.799999237060547,23.100000381469727,0.699999988079071,0.0,20.100000381469727,0.0,0.30000001192092896,0.30000001192092896,0.30000001192092896,0.30000001192092896
50.45,0,0.34561440348625183,-0.09964311122894287,-0.04980376735329628,0.30747050046920776,5.0,0.0,0.18329587578773499,0.11282084882259369,0,3,1,1,0.0,11.781535148620605,13.599250793457031,3.2929108142852783,0.5820353627204895,0.2288995087146759,0.721203088760376,0.1515687257051468,0.03445697948336601,0.048785969614982605,0.01247584167867899,0.05181880667805672,63.0,-36.5,22.799999237060547,23.100000381469727,0.699999988079071,0.0,20.100000381469727,0.0,0.30000001192092896,0.30000001192092896,0.30000001192092896,0.30000001192092896
50.5,0,0.34626248478889465,-0.09970516711473465,-0.04976404458284378,0.3074307143688202,5.0,0.0,0.1832180619239807,0.11296778917312622,0,3,1,1,0.0,11.768601417541504,13.402183532714844,3.3810036182403564,0.5826746225357056,0.22899748384952545,0.72186279296875,0.15163308382034302,0.03509848564863205,0.04885700345039368,0.01316430326551199,0.051811788231134415,63.0,-36.5,22.799999237060547,23.100000381469727,0.699999988079071,0.0,20.100000381469727,0.0,0.30000001192092896,0.30000001192092896,0.30000001192092896,0.30000001192092896
50.55,0,0.34692493081092834,-0.09977799654006958,-0.0502314418554306,0.30738624930381775,5.0,0.0,0.1828022599220276,0.1131175234913826,0,3,1,1,0.0,11.870284080505371,13.523741722106934,3.3269667625427246,0.5833278894424438,0.22909298539161682,0.7225301265716553,0.1516893208026886,0.03575131669640541,0.0489218607544899,0.013869631104171276,0.05179545283317566,63.0,-36.5,22.799999237060547,23.100000381469727,0.699999988079071,0.0,20.100000381469727,0.0,0.30000001192092896,0.30000001192092896,0.30000001192092896,0.30000001192092896
50.6,0,0.3476076126098633,-0.09994031488895416,-0.04651975259184837,0.30738431215286255,5.0,0.0,0.1809292882680893,0.11333635449409485,0,3,1,1,0.0,12.202290534973145,13.914909362792969,2.6383588314056396,0.583988606929779,0.22922304272651672,0.7232118844985962,0.15173853933811188,0.03643467277288437,0.0489736907184124,0.014546532183885574,0.05177328735589981,63.0,-36.5,22.799999237060547,23.100000381469727,0.699999988079071,0.0,20.100000381469727,0.0,0.30000001192092896,0.30000001192092896,0.30000001192092896,0.30000001192092896
50.65,0,0.34832245111465454,-0.1000889465212822,-0.05478436127305031,0.30735263228416443,5.0,0.0,0.18462827801704407,0.11352331936359406,0,3,1,1,0.0,12.020820617675781,13.518420219421387,3.061171531677246,0.5846858620643616,0.22933542728424072,0.723912239074707,0.15177936851978302,0.037128206342458725,0.04902433231472969,0.015281564556062222,0.05173293128609657,63.0,-36.5,22.799999237060547,23.100000381469727,0.699999988079071,0.0,20.100000381469727,0.0,0.30000001192092896,0.30000001192092896,0.30000001192092896,0.30000001192092896
50.7,0,0.3490152060985565,-0.10018756240606308,-0.056350719183683395,0.30732619762420654,5.0,0.0,0.18306376039981842,0.11367196589708328,0,3,1,1,0.0,12.056036949157715,13.710858345031738,2.7544381618499756,0.585365355014801,0.22941210865974426,0.7246100902557373,0.15180917084217072,0.03781253099441528,0.04905898496508598,0.01599707081913948,0.05168493464589119,63.0,-36.5,22.799999237060547,23.100000381469727,0.699999988079071,0.0,20.100000381469727,0.0,0.30000001192092896,0.30000001192092896,0.30000001192092896,0.30000001192092896
50.75,0,0.3497234582901001,-0.10030300915241241,-0.05221422016620636,0.3073074519634247,5.0,0.0,0.1812206506729126,0.11383305490016937,0,3,1,1,0.0,11.981273651123047,13.435144424438477,3.265350341796875,0.5860587954521179,0.2294873595237732,0.7253165245056152,0.15182968974113464,0.038508541882038116,0.04908529296517372,0.0167173333466053,0.051628246903419495,63.0,-36.5,22.799999237060547,23.100000381469727,0.699999988079071,0.0,20.100000381469727,0.0,0.30000001192092896,0.30000001192092896,0.30000001192092896,0.30000001192092896
50.8,0,0.3504558801651001,-0.10047309845685959,-0.04303663596510887,0.3073171079158783,5.0,0.0,0.1837252825498581,0.11403979361057281,0,3,1,1,0.0,12.295129776000977,13.511323928833008,3.150846004486084,0.5867690443992615,0.2295760065317154,0.7260404229164124,0.1518401801586151,0.03923137113451958,0.049099151045084,0.017428282648324966,0.051551926881074905,63.0,-36.5,22.799999237060547,23.100000381469727,0.699999988079071,0.0,20.100000381469727,0.0,0.30000001192092896,0.30000001192092896,0.30000001192092896,0.30000001192092896
50.85,0,0.3511718511581421,-0.10059232264757156,-0.055412374436855316,0.30732017755508423,5.0,0.0,0.18242958188056946,0.1142539232969284,0,3,1,1,0.0,12.141610145568848,13.720125198364258,2.870433807373047,0.5874700546264648,0.22963514924049377,0.7267631888389587,0.15184162557125092,0.039944153279066086,0.04910080134868622,0.018133949488401413,0.051478609442710876,63.0,-36.5,22.799999237060547,23.100000381469727,0.699999988079071,0.0,20.100000381469727,0.0,0.30000001192092896,0.30000001192092896,0.30000001192092896,0.30000001192092896
50.9,0,0.3519020080566406,-0.10077466815710068,-0.052533701062202454,0.3073447644710541,5.0,0.0,0.18148447573184967,0.1145331934094429,0,3,1,1,0.0,12.069111824035645,13.479446411132812,3.1680996417999268,0.5881756544113159,0.2297191023826599,0.7274970412254333,0.1518326997756958,0.040668874979019165,0.049094051122665405,0.01882857456803322,0.051385678350925446,63.0,-36.5,22.799999237060547,23.100000381469727,0.699999988079071,0.0,20.100000381469727,0.0,0.30000001192092896,0.30000001192092896,0.30000001192092896,0.30000001192092896
50.95,0,0.3526552617549896,-0.10094243288040161,-0.059501249343156815,0.3073475956916809,5.0,0.0,0.1816835105419159,0.11474942415952682,0,3,1,1,0.0,12.129854202270508,13.576118469238281,2.987229347229004,0.5889026522636414,0.22978927195072174,0.7282518148422241,0.1518099457025528,0.04143949970602989,0.049068644642829895,0.019575754180550575,0.05127889662981033,63.0,-36.5,22.799999237060547,23.100000381469727,0.699999988079071,0.0,20.100000381469727,0.0,0.30000001192092896,0.30000001192092896,0.30000001192092896,0.30000001192092896
51.0,0,0.35342177748680115,-0.10111725330352783,-0.06483175605535507,0.30736035108566284,5.0,0.0,0.18402227759361267,0.11494610458612442,0,3,1,1,0.0,12.235322952270508,13.6375150680542,2.591970920562744,0.5896426439285278,0.2298404574394226,0.7290182113647461,0.15177518129348755,0.042195308953523636,0.049036912620067596,0.020322144031524658,0.05115913227200508,63.0,-36.5,22.799999237060547,23.100000381469727,0.699999988079071,0.0,20.100000381469727,0.0,0.30000001192092896,0.30000001192092896,0.30000001192092896,0.30000001192092896
51.05,0,0.35418981313705444,-0.10129422694444656,-0.05803700163960457,0.3073732554912567,5.0,0.0,0.18114468455314636,0.11518418043851852,0,3,1,1,0.0,12.465888023376465,14.107172012329102,2.460723638534546,0.5903851985931396,0.2298896610736847,0.7297866940498352,0.15172818303108215,0.04297247156500816,0.048990752547979355,0.021069837734103203,0.05102608725428581,63.0,-36.5,22.799999237060547,23.100000381469727,0.699999988079071,0.0,20.100000381469727,0.0,0.30000001192092896,0.30000001192092896,0.30000001192092896,0.30000001192092896
51.1,0,0.35497158765792847,-0.10146517306566238,-0.061952244490385056,0.30737435817718506,5.0,0.0,0.18222357332706451,0.11542364954948425,0,3,1,1,0.0,12.538994789123535,14.080830574035645,2.5168309211730957,0.5911425352096558,0.2299191951751709,0.7305707335472107,0.15167003870010376,0.04375985264778137,0.04892917349934578,0.02184392511844635,0.05088109150528908,63.0,-36.5,22.799999237060547,23.100000381469727,0.699999988079071,0.0,20.100000381469727,0.0,0.30000001192092896,0.30000001192092896,0.30000001192092896,0.30000001192092896
51.15,0,0.3557613790035248,-0.10163089632987976,-0.05663987994194031,0.30737704038619995,5.0,0.0,0.17750230431556702,0.11567758768796921,0,3,1,1,0.0,12.593419075012207,14.113375663757324,2.854672908782959,0.5919092297554016,0.2299383580684662,0.7313635349273682,0.15159747004508972,0.044555727392435074,0.048856284469366074,0.022624315693974495,0.0507240854203701,63.0,-36.5,22.799999237060547,23.100000381469727,0.699999988079071,0.0,20.100000381469727,0.0,0.30000001192092896,0.30000001192092896,0.30000001192092896,0.30000001192092896
51.2,0,0.3565712869167328,-0.10181914269924164,-0.06376330554485321,0.30739593505859375,5.0,0.0,0.18123863637447357,0.11592323333024979,0,3,1,1,0.0,12.554377555847168,14.179728507995605,2.3297624588012695,0.5926918983459473,0.2299419641494751,0.7321744561195374,0.15151089429855347,0.04536791890859604,0.04876606538891792,0.023406460881233215,0.05054851993918419,63.0,-36.5,22.799999237060547,23.100000381469727,0.699999988079071,0.0,20.100000381469727,0.0,0.30000001192092896,0.30000001192092896,0.30000001192092896,0.30000001192092896
51.25,0,0.3573698401451111,-0.1019638329744339,-0.05513174086809158,0.3073958456516266,5.0,0.0,0.18137560784816742,0.11615167558193207,0,3,1,1,0.0,12.540722846984863,14.481466293334961,2.2348744869232178,0.5934692621231079,0.22991624474525452,0.7329860329627991,0.15141019225120544,0.04616515338420868,0.048666294664144516,0.024201009422540665,0.05036104470491409,63.0,-36.5,22.799999237060547,23.100000381469727,0.699999988079071,0.0,20.100000381469727,0.0,0.30000001192092896,0.30000001192092896,0.30000001192092896,0.30000001192092896
51.3,0,0.3581271171569824,-0.10172132402658463,-0.05178232118487358,0.3074207305908203,5.0,0.0,0.17824871838092804,0.11614484339952469,0,3,1,1,0.0,12.450294494628906,14.142316818237305,2.4151618480682373,0.5942531824111938,0.2297849804162979,0.7337929606437683,0.15129441022872925,0.04691344499588013,0.048660535365343094,0.024957701563835144,0.050364263355731964,63.0,-36.5,22.799999237060547,23.100000381469727,0.699999988079071,0.0,20.100000381469727,0.0,0.30000001192092896,0.30000001192092896,0.30000001192092896,0.30000001192092896
51.35,0,0.3589248061180115,-0.10142668336629868,-0.050041090697050095,0.30746880173683167,5.0,0.0,0.1780315786600113,0.11597912013530731,0,3,1,1,0.0,12.4854736328125,14.210740089416504,2.2979042530059814,0.5950864553451538,0.22960276901721954,0.7346181273460388,0.15115980803966522,0.04768785461783409,0.04864440858364105,0.02572743035852909,0.050411712378263474,63.0,-36.5,22.799999237060547,23.100000381469727,0.699999988079071,0.0,20.100000381469727,0.0,0.30000001192092896,0.30000001192092896,0.30000001192092896,0.30000001192092896
51.4,0,0.35974180698394775,-0.10116493701934814,-0.05239047855138779,0.30752548575401306,5.0,0.0,0.1799343228340149,0.11584827303886414,0,3,1,1,0.0,12.444243431091309,13.939001083374023,2.3886003494262695,0.5959351062774658,0.22942179441452026,0.7354554533958435,0.15100978314876556,0.04847657307982445,0.04861515387892723,0.02650441788136959,0.050446342676877975,63.0,-36.5,22.799999237060547,23.100000381469727,0.699999988079071,0.0,20.100000381469727,0.0,0.30000001192092896,0.30000001192092896,0.30000001192092896,0.30000001192092896
51.449999999999996,0,0.36056092381477356,-0.10091551393270493,-0.050186432898044586,0.30758461356163025,5.0,0.0,0.17784646153450012,0.11575858294963837,0,3,1,1,0.0,12.326518058776855,13.824443817138672,2.360346555709839,0.5967825055122375,0.22923962771892548,0.7363004684448242,0.15084326267242432,0.04927833378314972,0.04857097193598747,0.02728370763361454,0.05047134682536125,63.0,-36.5,22.799999237060547,23.100000381469727,0.699999988079071,0.0,20.100000381469727,0.0,0.30000001192092896,0.30000001192092896,0.30000001192092896,0.30000001192092896
51.5,0,0.36125633120536804,-0.10086488723754883,-0.05356510728597641,0.30755454301834106,5.0,0.0,0.18306371569633484,0.11567382514476776,0,3,1,1,0.0,11.733652114868164,13.657379150390625,3.042243719100952,0.5974826812744141,0.22920456528663635,0.7369892001152039,0.1508539617061615,0.05003032088279724,0.048518843948841095,0.02801947109401226,0.050481170415878296,63.0,-36.5,22.799999237060547,23.100000381469727,0.699999988079071,0.0,20.100000381469727,0.0,0.30000001192092896,0.30000001192092896,0.30000001192092896,0.30000001192092896
51.55,0,0.3618890345096588,-0.10101698338985443,-0.05612624064087868,0.30747753381729126,5.0,0.0,0.18216344714164734,0.11564760655164719,0,3,1,1,0.0,11.813514709472656,13.776334762573242,2.904745578765869,0.5980955362319946,0.22929805517196655,0.7376031279563904,0.15097476541996002,0.05076012387871742,0.04845747351646423,0.02872852422297001,0.05048218369483948,63.0,-36.5,22.799999237060547,23.100000381469727,0.699999988079071,0.0,20.100000381469727,0.0,0.30000001192092896,0.30000001192092896,0.30000001192092896,0.30000001192092896
51.6,0,0.3625567853450775,-0.10123098641633987,-0.05673536658287048,0.307417094707489,5.0,0.0,0.18159033358097076,0.11556573957204819,0,3,1,1,0.0,11.770878791809082,13.702230453491211,2.936685800552368,0.5987356305122375,0.22939449548721313,0.7382368445396423,0.15109118819236755,0.051503654569387436,0.048384200781583786,0.029447190463542938,0.05047227442264557,63.0,-36.5,22.799999237060547,23.100000381469727,0.699999988079071,0.0,20.100000381469727,0.0,0.30000001192092896,0.30000001192092896,0.30000001192092896,0.30000001192092896
51.65,0,0.3632432818412781,-0.10147937387228012,-0.056875839829444885,0.30736657977104187,5.0,0.0,0.18125227093696594,0.11547604948282242,0,3,1,1,0.0,11.748394966125488,13.683107376098633,3.0321617126464844,0.5993914008140564,0.22948676347732544,0.7388819456100464,0.15120120346546173,0.05225834995508194,0.04829747974872589,0.030168971046805382,0.05045219138264656,63.0,-36.5,22.799999237060547,23.100000381469727,0.699999988079071,0.0,20.100000381469727,0.0,0.30000001192092896,0.30000001192092896,0.30000001192092896,0.30000001192092896
51.699999999999996,0,0.36394205689430237,-0.1017448753118515,-0.05731983482837677,0.3073248863220215,5.0,0.0,0.18088370561599731,0.11538258194923401,0,3,1,1,0.0,11.779097557067871,13.706225395202637,3.0206615924835205,0.6000574827194214,0.22957095503807068,0.7395379543304443,0.15130451321601868,0.053022053092718124,0.04819703847169876,0.030891725793480873,0.05042146518826485,63.0,-36.5,22.799999237060547,23.100000381469727,0.699999988079071,0.0,20.100000381469727,0.0,0.30000001192092896,0.30000001192092896,0.30000001192092896,0.30000001192092896
51.75,0,0.3646584153175354,-0.10176298022270203,-0.05021127685904503,0.30732372403144836,5.0,0.0,0.17865398526191711,0.11486728489398956,0,3,1,1,0.0,11.781401634216309,13.710735321044922,2.898000955581665,0.6007727980613708,0.22950682044029236,0.7402129173278809,0.15139485895633698,0.05378422513604164,0.048086512833833694,0.03160173073410988,0.05052812024950981,63.0,-36.5,22.799999237060547,23.100000381469727,0.699999988079071,0.0,20.100000381469727,0.0,0.30000001192092896,0.30000001192092896,0.30000001192092896,0.30000001192092896
51.8,0,0.365403950214386,-0.10170579701662064,-0.04987926408648491,0.3073406219482422,5.0,0.0,0.17717330157756805,0.11415643244981766,0,3,1,1,0.0,11.731167793273926,13.893722534179688,2.673784017562866,0.6015282273292542,0.22937427461147308,0.7409058809280396,0.15147671103477478,0.0545540489256382,0.047962486743927,0.03232143446803093,0.05067882314324379,63.0,-36.5,22.799999237060547,23.100000381469727,0.699999988079071,0.0,20.100000381469727,0.0,0.30000001192092896,0.30000001192092896,0.30000001192092896,0.30000001192092896
51.85,0,0.36603501439094543,-0.10154499858617783,-0.040581490844488144,0.30730104446411133,5.0,0.0,0.18464727699756622,0.11383657157421112,0,3,1,1,0.0,11.536751747131348,13.537699699401855,3.3091726303100586,0.6021784543991089,0.22932295501232147,0.7415609955787659,0.1515529751777649,0.055190566927194595,0.0479857362806797,0.03300769627094269,0.050815775990486145,63.0,-36.5,22.799999237060547,23.100000381469727,0.699999988079071,0.0,20.100000381469727,0.0,0.30000001192092896,0.30000001192092896,0.30000001192092896,0.30000001192092896
51.9,0,0.36657050251960754,-0.10128001868724823,-0.044918905943632126,0.30723345279693604,5.0,0.0,0.18262648582458496,0.11375191062688828,0,3,1,1,0.0,11.835506439208984,14.157380104064941,2.9124257564544678,0.6027429699897766,0.22930842638015747,0.74217689037323,0.15161588788032532,0.05571342259645462,0.04811425134539604,0.03364476561546326,0.05094321072101593,63.0,-36.5,22.799999237060547,23.100000381469727,0.699999988079071,0.0,20.100000381469727,0.0,0.30000001192092896,0.30000001192092896,0.30000001192092896,0.30000001192092896
51.949999999999996,0,0.36714211106300354,-0.10107334703207016,-0.04463682696223259,0.30717822909355164,5.0,0.0,0.18257533013820648,0.11367595940828323,0,3,1,1,0.0,11.687874794006348,13.880032539367676,3.076958179473877,0.6033373475074768,0.22931316494941711,0.7428023815155029,0.15167351067066193,0.05625069513916969,0.04824401065707207,0.03429585322737694,0.05106237530708313,63.0,-36.5,22.799999237060547,23.100000381469727,0.699999988079071,0.0,20.100000381469727,0.0,0.30000001192092896,0.30000001192092896,0.30000001192092896,0.30000001192092896
52.0,0,0.3677518963813782,-0.1009099930524826,-0.043810416013002396,0.30714255571365356,5.0,0.0,0.18184053897857666,0.11362471431493759,0,3,1,1,0.0,11.860047340393066,14.0300931930542,2.971162796020508,0.6039652824401855,0.2293298989534378,0.7434496283531189,0.15172232687473297,0.05681723356246948,0.048373181372880936,0.03495835140347481,0.05117093026638031,63.0,-36.5,22.799999237060547,23.100000381469727,0.699999988079071,0.0,20.100000381469727,0.0,0.30000001192092896,0.30000001192092896,0.30000001192092896,0.30000001192092896
52.05,0,0.36840352416038513,-0.10074315965175629,-0.04631912708282471,0.30713117122650146,5.0,0.0,0.1815395951271057,0.11357041448354721,0,3,1,1,0.0,11.944355964660645,13.960693359375,2.948758840560913,0.6046376824378967,0.22932590544223785,0.7441328167915344,0.1517632156610489,0.05741126090288162,0.048498768359422684,0.03563272953033447,0.05127356946468353,63.0,-36.5,22.799999237060547,23.100000381469727,0.699999988079071,0.0,20.100000381469727,0.0,0.30000001192092896,0.30000001192092896,0.30000001192092896,0.30000001192092896
52.1,0,0.36906886100769043,-0.100577212870121,-0.045364148914813995,0.30712950229644775,5.0,0.0,0.1811155378818512,0.11350492388010025,0,3,1,1,0.0,12.016900062561035,14.077535629272461,2.8984012603759766,0.6053240299224854,0.2293153554201126,0.7448235154151917,0.1517944186925888,0.05801514908671379,0.04862022399902344,0.036309193819761276,0.05136886239051819,63.0,-36.5,22.799999237060547,23.100000381469727,0.699999988079071,0.0,20.100000381469727,0.0,0.30000001192092896,0.30000001192092896,0.30000001192092896,0.30000001192092896
52.15,0,0.3697585463523865,-0.10043840855360031,-0.045794688165187836,0.3071366250514984,5.0,0.0,0.1805717647075653,0.11345597356557846,0,3,1,1,0.0,12.017870903015137,14.02432918548584,2.9038283824920654,0.6060314178466797,0.22931373119354248,0.7455281615257263,0.1518171727657318,0.05864006280899048,0.04873831942677498,0.036997489631175995,0.0514562763273716,63.0,-36.5,22.799999237060547,23.100000381469727,0.699999988079071,0.0,20.100000381469727,0.0,0.30000001192092896,0.30000001192092896,0.30000001192092896,0.30000001192092896
52.199999999999996,0,0.3704475462436676,-0.10029434412717819,-0.046326640993356705,0.3071449100971222,5.0,0.0,0.1804966777563095,0.1134156733751297,0,3,1,1,0.0,12.076486587524414,14.066792488098145,2.8592472076416016,0.6067376732826233,0.22930702567100525,0.7462366819381714,0.15182997286319733,0.0592714324593544,0.04884893074631691,0.037686415016651154,0.05153520032763481,63.0,-36.5,22.799999237060547,23.100000381469727,0.699999988079071,0.0,20.100000381469727,0.0,0.30000001192092896,0.30000001192092896,0.30000001192092896,0.30000001192092896
52.25,0,0.37114518880844116,-0.10016889125108719,-0.04589465260505676,0.30715495347976685,5.0,0.0,0.18120881915092468,0.11343217641115189,0,3,1,1,0.0,11.960854530334473,13.778133392333984,2.87793231010437,0.6074510216712952,0.22930708527565002,0.7469536066055298,0.15183359384536743,0.059919573366642,0.04895203560590744,0.03838123381137848,0.0516052283346653,63.0,-36.5,22.799999237060547,23.100000381469727,0.699999988079071,0.0,20.100000381469727,0.0,0.30000001192092896,0.30000001192092896,0.30000001192092896,0.30000001192092896
52.3,0,0.3718658685684204,-0.10006274282932281,-0.04749074950814247,0.30717185139656067,5.0,0.0,0.1793852299451828,0.11345267295837402,0,3,1,1,0.0,12.09127140045166,14.062370300292969,2.774305582046509,0.6081835627555847,0.22931577265262604,0.7476865649223328,0.15182647109031677,0.060595009475946426,0.04904920607805252,0.03909175470471382,0.05166703090071678,63.0,-36.5,22.799999237060547,23.100000381469727,0.699999988079071,0.0,20.100000381469727,0.0,0.30000001192092896,0.30000001192092896,0.30000001192092896,0.30000001192092896
52.35,0,0.3725894093513489,-0.09992858022451401,-0.050058916211128235,0.3071974813938141,5.0,0.0,0.17981387674808502,0.11341413110494614,0,3,1,1,0.0,12.002659797668457,13.98110580444336,2.7684528827667236,0.6089211702346802,0.2292930781841278,0.7484288215637207,0.1518068015575409,0.06127414479851723,0.04913398250937462,0.039799511432647705,0.051718901842832565,63.0,-36.5,22.799999237060547,23.100000381469727,0.699999988079071,0.0,20.100000381469727,0.0,0.30000001192092896,0.30000001192092896,0.30000001192092896,0.30000001192092896
52.4,0,0.37332841753959656,-0.09983578324317932,-0.049899835139513016,0.3072260320186615,5.0,0.0,0.1790793240070343,0.11347053200006485,0,3,1,1,0.0,12.009611129760742,13.644333839416504,2.9540398120880127,0.6096702218055725,0.22930066287517548,0.7491781711578369,0.15177865326404572,0.06196736916899681,0.049215931445360184,0.04051530733704567,0.051761433482170105,63.0,-36.5,22.799999237060547,23.100000381469727,0.699999988079071,0.0,20.100000381469727,0.0,0.30000001192092896,0.30000001192092896,0.30000001192092896,0.30000001192092896
52.449999999999996,0,0.374065637588501,-0.09971003234386444,-0.04969656839966774,0.3072483241558075,5.0,0.0,0.18015225231647491,0.11349747329950333,0,3,1,1,0.0,12.194025039672852,13.947134017944336,2.761528491973877,0.6104210019111633,0.22927559912204742,0.7499345541000366,0.15173748135566711,0.0626656785607338,0.04928559064865112,0.041240084916353226,0.05179436132311821,63.0,-36.5,22.799999237060547,23.100000381469727,0.699999988079071,0.0,20.100000381469727,0.0,0.30000001192092896,0.30000001192092896,0.30000001192092896,0.30000001192092896
52.5,0,0.37481725215911865,-0.09962858259677887,-0.05457112193107605,0.3072853982448578,5.0,0.0,0.180279940366745,0.11360581964254379,0,3,1,1,0.0,12.385683059692383,14.065067291259766,2.5700793266296387,0.6111792922019958,0.22927579283714294,0.7507028579711914,0.1516844779253006,0.06338701397180557,0.049348134547472,0.04196309670805931,0.051817167550325394,63.0,-36.5,22.799999237060547,23.100000381469727,0.699999988079071,0.0,20.100000381469727,0.0,0.30000001192092896,0.30000001192092896,0.30000001192092896,0.30000001192092896
52.55,0,0.37557145953178406,-0.09956854581832886,-0.050224337726831436,0.3073312044143677,5.0,0.0,0.18083485960960388,0.11377758532762527,0,3,1,1,0.0,12.299429893493652,14.002989768981934,2.6479363441467285,0.6119384169578552,0.22927998006343842,0.7514775991439819,0.151621013879776,0.06411861628293991,0.04939870536327362,0.042678385972976685,0.05183117464184761,63.0,-36.5,22.799999237060547,23.100000381469727,0.699999988079071,0.0,20.100000381469727,0.0,0.30000001192092896,0.30000001192092896,0.30000001192092896,0.30000001192092896
52.6,0,0.37633389234542847,-0.09949999302625656,-0.05411747843027115,0.30737417936325073,5.0,0.0,0.1804000437259674,0.11394965648651123,0,3,1,1,0.0,12.320572853088379,13.734272003173828,2.6809427738189697,0.6127053499221802,0.22927376627922058,0.7522633671760559,0.15154336392879486,0.06486243009567261,0.04944043979048729,0.04340777173638344,0.05183351784944534,63.0,-36.5,22.799999237060547,23.100000381469727,0.699999988079071,0.0,20.100000381469727,0.0,0.30000001192092896,0.30000001192092896,0.30000001192092896,0.30000001192092896
52.65,0,0.37710437178611755,-0.0994272455573082,-0.05063503608107567,0.3074173927307129,5.0,0.0,0.18069295585155487,0.11411939561367035,0,3,1,1,0.0,12.377189636230469,14.032323837280273,2.5632638931274414,0.6134812831878662,0.22925518453121185,0.7530557513237,0.15145272016525269,0.06561389565467834,0.04947089031338692,0.04414450004696846,0.05182414874434471,63.0,-36.5,22.799999237060547,23.100000381469727,0.699999988079071,0.0,20.100000381469727,0.0,0.30000001192092896,0.30000001192092896,0.30000001192092896,0.30000001192092896
52.699999999999996,0,0.3778839409351349,-0.09934182465076447,-0.05560122802853584,0.3074572682380676,5.0,0.0,0.18065698444843292,0.11427182704210281,0,3,1,1,0.0,12.405569076538086,13.718957901000977,2.522817850112915,0.6142669320106506,0.22921524941921234,0.753860592842102,0.15134696662425995,0.06637246906757355,0.0494890995323658,0.04489628225564957,0.051801495254039764,63.0,-36.5,22.799999237060547,23.100000381469727,0.699999988079071,0.0,20.100000381469727,0.0,0.30000001192092896,0.30000001192092896,0.30000001192092896,0.30000001192092896
52.75,0,0.3786710798740387,-0.09924521297216415,-0.05267970263957977,0.3074987530708313,5.0,0.0,0.18075881898403168,0.11436387896537781,0,3,1,1,0.0,12.219151496887207,13.847799301147461,2.541423797607422,0.6150609850883484,0.2291407436132431,0.7546732425689697,0.15122641623020172,0.06711418181657791,0.04949546605348587,0.045652613043785095,0.05176711827516556,63.0,-36.5,22.799999237060547,23.100000381469727,0.699999988079071,0.0,20.100000381469727,0.0,0.30000001192092896,0.30000001192092896,0.30000001192092896,0.30000001192092896
52.8,0,0.37945058941841125,-0.09913355112075806,-0.05497770756483078,0.30752575397491455,5.0,0.0,0.18072113394737244,0.11443942785263062,0,3,1,1,0.0,12.535923957824707,14.039316177368164,2.3909997940063477,0.6158492565155029,0.22905808687210083,0.7554709911346436,0.15108928084373474,0.0678633525967598,0.0494920015335083,0.04641888290643692,0.0517193041741848,63.0,-36.5,22.799999237060547,23.100000381469727,0.699999988079071,0.0,20.100000381469727,0.0,0.30000001192092896,0.30000001192092896,0.30000001192092896,0.30000001192092896
52.85,0,0.38023531436920166,-0.09903721511363983,-0.05523792654275894,0.3075515329837799,5.0,0.0,0.18044933676719666,0.11456578224897385,0,3,1,1,0.0,12.695611953735352,13.996794700622559,2.3676674365997314,0.6166414618492126,0.22897717356681824,0.7562739849090576,0.1509374976158142,0.06862860172986984,0.04947299137711525,0.04719066247344017,0.05166004225611687,63.0,-36.5,22.799999237060547,23.100000381469727,0.699999988079071,0.0,20.100000381469727,0.0,0.30000001192092896,0.30000001192092896,0.30000001192092896,0.30000001192092896
52.9,0,0.38104578852653503,-0.09895928204059601,-0.056630201637744904,0.3075779378414154,5.0,0.0,0.18115615844726562,0.11467120796442032,0,3,1,1,0.0,12.724050521850586,14.175759315490723,2.3104405403137207,0.6174560189247131,0.22889088094234467,0.757098913192749,0.15078169107437134,0.0694139376282692,0.04944280534982681,0.04798655956983566,0.0515865683555603,63.0,-36.5,22.799999237060547,23.100000381469727,0.699999988079071,0.0,20.100000381469727,0.0,0.30000001192092896,0.30000001192092896,0.30000001192092896,0.30000001192092896
52.949999999999996,0,0.381798654794693,-0.09896421432495117,-0.05743560567498207,0.30756840109825134,5.0,0.0,0.18132928013801575,0.11486183851957321,0,3,1,1,0.0,12.669803619384766,13.896345138549805,2.550022602081299,0.6182034611701965,0.2288656234741211,0.7578703165054321,0.15069326758384705,0.07018865644931793,0.049396537244319916,0.04876035451889038,0.05150419846177101,63.0,-36.5,22.799999237060547,23.100000381469727,0.699999988079071,0.0,20.100000381469727,0.0,0.30000001192092896,0.30000001192092896,0.30000001192092896,0.30000001192092896
53.0,0,0.3825782537460327,-0.09898676723241806,-0.055403076112270355,0.30756694078445435,5.0,0.0,0.1804504096508026,0.11501634120941162,0,3,1,1,0.0,12.480405807495117,14.094319343566895,2.382782220840454,0.6189749240875244,0.22883257269859314,0.7586585879325867,0.1505906730890274,0.07098081707954407,0.04933895543217659,0.04954944923520088,0.05140899121761322,63.0,-36.5,22.799999237060547,23.100000381469727,0.699999988079071,0.0,20.100000381469727,0.0,0.30000001192092896,0.30000001192092896,0.30000001192092896,0.30000001192092896
53.05,0,0.38337457180023193,-0.09903735667467117,-0.054390862584114075,0.30757540464401245,5.0,0.0,0.1814447045326233,0.1152183786034584,0,3,1,1,0.0,12.284039497375488,13.388652801513672,2.7885501384735107,0.6197606921195984,0.22880008816719055,0.759460985660553,0.15046989917755127,0.07179097086191177,0.04926563799381256,0.05034215375781059,0.05130091309547424,63.0,-36.5,22.799999237060547,23.100000381469727,0.699999988079071,0.0,20.100000381469727,0.0,0.30000001192092896,0.30000001192092896,0.30000001192092896,0.30000001192092896
53.1,0,0.3841623365879059,-0.09913711249828339,-0.06202124431729317,0.3075733482837677,5.0,0.0,0.18514831364154816,0.11534910649061203,0,3,1,1,0.0,12.635228157043457,14.345048904418945,2.2956883907318115,0.6205321550369263,0.2287760227918625,0.7602472305297852,0.15039315819740295,0.07259824872016907,0.049177877604961395,0.05113182216882706,0.05117723345756531,63.0,-36.5,22.799999237060547,23.100000381469727,0.699999988079071,0.0,20.100000381469727,0.0,0.30000001192092896,0.30000001192092896,0.30000001192092896,0.30000001192092896
53.15,0,0.38485923409461975,-0.09938818961381912,-0.06253676861524582,0.30749890208244324,5.0,0.0,0.1830250322818756,0.11545854061841965,0,3,1,1,0.0,12.418779373168945,14.44408130645752,2.311988353729248,0.6211917400360107,0.22886992990970612,0.7609351277351379,0.15043522417545319,0.0733717679977417,0.049082640558481216,0.051901329308748245,0.05104920640587807,63.0,-36.5,22.799999237060547,23.100000381469727,0.699999988079071,0.0,20.100000381469727,0.0,0.30000001192092896,0.30000001192092896,0.30000001192092896,0.30000001192092896
53.199999999999996,0,0.3855828046798706,-0.0996805727481842,-0.05780554562807083,0.30743950605392456,5.0,0.0,0.18202365934848785,0.11560448259115219,0,3,1,1,0.0,12.294422149658203,14.085094451904297,2.7062597274780273,0.6218751072883606,0.22896164655685425,0.7616434097290039,0.15046371519565582,0.07416123896837234,0.048971667885780334,0.05267561972141266,0.05090852081775665,63.0,-36.5,22.799999237060547,23.100000381469727,0.699999988079071,0.0,20.100000381469727,0.0,0.30000001192092896,0.30000001192092896,0.30000001192092896,0.30000001192092896
53.25,0,0.3863306939601898,-0.09994622319936752,-0.04916876554489136,0.3074072003364563,5.0,0.0,0.18138788640499115,0.11565639078617096,0,3,1,1,0.0,11.823296546936035,13.8509521484375,3.0037646293640137,0.6225868463516235,0.22901886701583862,0.7623674273490906,0.1504804790019989,0.07496541738510132,0.048847757279872894,0.05344422906637192,0.05079297348856926,63.0,-36.5,22.799999237060547,23.100000381469727,0.699999988079071,0.0,20.100000381469727,0.0,0.30000001192092896,0.30000001192092896,0.30000001192092896,0.30000001192092896
53.3,0,0.3871051073074341,-0.09979423135519028,-0.05018075555562973,0.3074308931827545,5.0,0.0,0.1788734495639801,0.11506779491901398,0,3,1,1,0.0,11.994359016418457,13.847569465637207,2.5431742668151855,0.6233794093132019,0.228851318359375,0.7631133794784546,0.15047703683376312,0.07579075545072556,0.04871207848191261,0.05420217663049698,0.05093301460146904,63.0,-36.5,22.799999237060547,23.100000381469727,0.699999988079071,0.0,20.100000381469727,0.0,0.30000001192092896,0.30000001192092896,0.30000001192092896,0.30000001192092896
53.35,0,0.38790833950042725,-0.09965620189905167,-0.05148009955883026,0.30746710300445557,5.0,0.0,0.1788007915019989,0.1144198328256607,0,3,1,1,0.0,12.049979209899902,14.025086402893066,2.3461015224456787,0.624199390411377,0.22865375876426697,0.7638816833496094,0.15046125650405884,0.07662732154130936,0.04855705797672272,0.054971933364868164,0.051062360405921936,63.0,-36.5,22.799999237060547,23.100000381469727,0.699999988079071,0.0,20.100000381469727,0.0,0.30000001192092896,0.30000001192092896,0.30000001192092896,0.30000001192092896
53.4,0,0.38868987560272217,-0.09948068112134933,-0.04060602933168411,0.3074871301651001,5.0,0.0,0.1832677721977234,0.11385389417409897,0,3,1,1,0.0,12.103001594543457,14.551143646240234,2.654921770095825,0.6250028014183044,0.22845856845378876,0.7646475434303284,0.15043620765209198,0.07742523401975632,0.0484321303665638,0.055740825831890106,0.051180388778448105,63.0,-36.5,22.799999237060547,23.100000381469727,0.699999988079071,0.0,20.100000381469727,0.0,0.30000001192092896,0.30000001192092896,0.30000001192092896,0.30000001192092896
53.449999999999996,0,0.3892991542816162,-0.09911967068910599,-0.04221992567181587,0.3074411153793335,5.0,0.0,0.18282032012939453,0.11389357596635818,0,3,1,1,0.0,11.996566772460938,13.849383354187012,2.8692543506622314,0.6256527304649353,0.22838735580444336,0.7653590440750122,0.15040996670722961,0.0780237466096878,0.04854767397046089,0.05643973499536514,0.051287367939949036,63.0,-36.5,22.799999237060547,23.100000381469727,0.699999988079071,0.0,20.100000381469727,0.0,0.30000001192092896,0.30000001192092896,0.30000001192092896,0.30000001192092896
53.5,0,0.38996049761772156,-0.09878590703010559,-0.047661010175943375,0.30742302536964417,5.0,0.0,0.18300175666809082,0.11384423077106476,0,3,1,1,0.0,12.187599182128906,13.977521896362305,2.7382638454437256,0.6263532042503357,0.2283041924238205,0.766086220741272,0.1503702700138092,0.07864290475845337,0.048664916306734085,0.05715041235089302,0.05138619244098663,63.0,-36.5,22.799999237060547,23.100000381469727,0.699999988079071,0.0,20.100000381469727,0.0,0.30000001192092896,0.30000001192092896,0.30000001192092896,0.30000001192092896
53.55,0,0.39064422249794006,-0.09848915785551071,-0.049666497856378555,0.30741775035858154,5.0,0.0,0.18160878121852875,0.11381930112838745,0,3,1,1,0.0,12.251288414001465,14.059370040893555,2.5697836875915527,0.6270697712898254,0.22823293507099152,0.7668255567550659,0.15031851828098297,0.07928115129470825,0.04877811670303345,0.05786837637424469,0.051475945860147476,63.0,-36.5,22.799999237060547,23.100000381469727,0.699999988079071,0.0,20.100000381469727,0.0,0.30000001192092896,0.30000001192092896,0.30000001192092896,0.30000001192092896
53.6,0,0.3913367986679077,-0.09822253882884979,-0.04479170963168144,0.307416707277298,5.0,0.0,0.18054623901844025,0.11385258287191391,0,3,1,1,0.0,12.196768760681152,14.04369068145752,2.6757278442382812,0.627794086933136,0.22817759215831757,0.7675638198852539,0.15025819838047028,0.07993552833795547,0.04888475686311722,0.05858578532934189,0.051556531339883804,63.0,-36.5,22.799999237060547,23.100000381469727,0.699999988079071,0.0,20.100000381469727,0.0,0.30000001192092896,0.30000001192092896,0.30000001192092896,0.30000001192092896
53.65,0,0.3920588791370392,-0.0979669839143753,-0.044066302478313446,0.30742982029914856,5.0,0.0,0.18052534759044647,0.11385670304298401,0,3,1,1,0.0,12.095497131347656,13.862231254577637,2.7078678607940674,0.6285466551780701,0.22811250388622284,0.7683178782463074,0.15018442273139954,0.08060629665851593,0.04898637533187866,0.0593143031001091,0.05162733793258667,63.0,-36.5,22.799999237060547,23.100000381469727,0.699999988079071,0.0,20.100000381469727,0.0,0.30000001192092896,0.30000001192092896,0.30000001192092896,0.30000001192092896
53.699999999999996,0,0.39280009269714355,-0.09770923852920532,-0.04843451455235481,0.307452917098999,5.0,0.0,0.18054470419883728,0.11383891850709915,0,3,1,1,0.0,12.344305992126465,14.058966636657715,2.5473744869232178,0.6293176412582397,0.2280312329530716,0.7690874934196472,0.15009690821170807,0.08129246532917023,0.049079835414886475,0.06005161628127098,0.05168916657567024,63.0,-36.5,22.799999237060547,23.100000381469727,0.699999988079071,0.0,20.100000381469727,0.0,0.30000001192092896,0.30000001192092896,0.30000001192092896,0.30000001192092896
53.75,0,0.3935595154762268,-0.09746459126472473,-0.050640180706977844,0.30747923254966736,5.0,0.0,0.18232986330986023,0.11382567137479782,0,3,1,1,0.0,12.364012718200684,13.946393013000488,2.52319598197937,0.6301069855690002,0.22794611752033234,0.7698651552200317,0.14999690651893616,0.08199220895767212,0.049164675176143646,0.06079980731010437,0.05173903703689575,63.0,-36.5,22.799999237060547,23.100000381469727,0.699999988079071,0.0,20.100000381469727,0.0,0.30000001192092896,0.30000001192092896,0.30000001192092896,0.30000001192092896
53.8,0,0.3943239450454712,-0.09722267836332321,-0.048902418464422226,0.3075138032436371,5.0,0.0,0.18029433488845825,0.11384829878807068,0,3,1,1,0.0,12.345977783203125,14.007865905761719,2.5709547996520996,0.6308990716934204,0.2278609722852707,0.7706536650657654,0.1498837023973465,0.0827026516199112,0.0492427796125412,0.06154726818203926,0.051780667155981064,63.0,-36.5,22.799999237060547,23.100000381469727,0.699999988079071,0.0,20.100000381469727,0.0,0.30000001192092896,0.30000001192092896,0.30000001192092896,0.30000001192092896
53.85,0,0.3948805034160614,-0.09725954383611679,-0.05534324422478676,0.3074091374874115,5.0,0.0,0.18707221746444702,0.1139352023601532,0,3,1,1,0.0,11.788570404052734,14.019166946411133,2.9285120964050293,0.6314495205879211,0.22799138724803925,0.7712019085884094,0.1500091403722763,0.08333050459623337,0.049300964921712875,0.06221921369433403,0.05180734395980835,63.0,-36.5,22.799999237060547,23.100000381469727,0.699999988079071,0.0,20.100000381469727,0.0,0.30000001192092896,0.30000001192092896,0.30000001192092896,0.30000001192092896
53.9,0,0.3954434096813202,-0.09737903624773026,-0.06009281426668167,0.3073098659515381,5.0,0.0,0.1848718822002411,0.11401471495628357,0,3,1,1,0.0,11.849817276000977,14.120193481445312,3.0574147701263428,0.6319958567619324,0.2281574308872223,0.77175372838974,0.15015727281570435,0.08396007120609283,0.049352698028087616,0.06288478523492813,0.05182604119181633,63.0,-36.5,22.799999237060547,23.100000381469727,0.699999988079071,0.0,20.100000381469727,0.0,0.30000001192092896,0.30000001192092896,0.30000001192092896,0.30000001192092896
53.949999999999996,0,0.3960369825363159,-0.09759118407964706,-0.06003110110759735,0.30723467469215393,5.0,0.0,0.1866268366575241,0.1141171008348465,0,3,1,1,0.0,11.794845581054688,13.809733390808105,3.057278871536255,0.6325621604919434,0.22834929823875427,0.7723228335380554,0.15030470490455627,0.08460383117198944,0.049396779388189316,0.0635460615158081,0.05183596909046173,63.0,-36.5,22.799999237060547,23.100000381469727,0.699999988079071,0.0,20.100000381469727,0.0,0.30000001192092896,0.30000001192092896,0.30000001192092896,0.30000001192092896
54.0,0,0.39664730429649353,-0.09782978892326355,-0.05910443887114525,0.30717936158180237,5.0,0.0,0.18239587545394897,0.11420232802629471,0,3,1,1,0.0,11.7487211227417,14.00692081451416,3.0176661014556885,0.6331417560577393,0.22853906452655792,0.772903323173523,0.15044789016246796,0.08525458723306656,0.04943373426795006,0.06419948488473892,0.05183712765574455,63.0,-36.5,22.799999237060547,23.100000381469727,0.699999988079071,0.0,20.100000381469727,0.0,0.30000001192092896,0.30000001192092896,0.30000001192092896,0.30000001192092896
54.05,0,0.3972761332988739,-0.09809417277574539,-0.06083400920033455,0.3071289658546448,5.0,0.0,0.1849047690629959,0.11431422829627991,0,3,1,1,0.0,11.727765083312988,13.692573547363281,3.0880470275878906,0.6337381601333618,0.2287309169769287,0.7734994888305664,0.15058836340904236,0.08592073619365692,0.0494622141122818,0.0648626759648323,0.05182956904172897,63.0,-36.5,22.799999237060547,23.100000381469727,0.699999988079071,0.0,20.100000381469727,0.0,0.30000001192092896,0.30000001192092896,0.30000001192092896,0.30000001192092896
54.1,0,0.39790770411491394,-0.09841613471508026,-0.0568920373916626,0.3070860803127289,5.0,0.0,0.18325234949588776,0.11450469493865967,0,3,1,1,0.0,11.646207809448242,13.711799621582031,3.2499401569366455,0.6343274712562561,0.22895029187202454,0.7741056680679321,0.150725319981575,0.08659598976373672,0.04948258772492409,0.0655212476849556,0.05181264132261276,63.0,-36.5,22.799999237060547,23.100000381469727,0.699999988079071,0.0,20.100000381469727,0.0,0.30000001192092896,0.30000001192092896,0.30000001192092896,0.30000001192092896
54.15,0,0.39854496717453003,-0.09872748702764511,-0.05945946276187897,0.30704715847969055,5.0,0.0,0.18305878341197968,0.1146763488650322,0,3,1,1,0.0,11.855409622192383,13.920392036437988,3.0078933238983154,0.6349239349365234,0.2291518598794937,0.7747192978858948,0.1508553922176361,0.08727703988552094,0.04949255287647247,0.06618165224790573,0.05178617313504219,63.0,-36.5,22.799999237060547,23.100000381469727,0.699999988079071,0.0,20.100000381469727,0.0,0.30000001192092896,0.30000001192092896,0.30000001192092896,0.30000001192092896
54.199999999999996,0,0.399212509393692,-0.09905403852462769,-0.05777017027139664,0.3070172965526581,5.0,0.0,0.1830337792634964,0.11479821801185608,0,3,1,1,0.0,11.85461139678955,13.978909492492676,2.932512044906616,0.6355497241020203,0.22933976352214813,0.7753519415855408,0.1509813815355301,0.08797379583120346,0.049493104219436646,0.0668579563498497,0.05174839124083519,63.0,-36.5,22.799999237060547,23.100000381469727,0.699999988079071,0.0,20.100000381469727,0.0,0.30000001192092896,0.30000001192092896,0.30000001192092896,0.30000001192092896
54.25,0,0.39987921714782715,-0.09938913583755493,-0.05736546590924263,0.30698084831237793,5.0,0.0,0.18192791938781738,0.114961639046669,0,3,1,1,0.0,11.742301940917969,13.65874195098877,3.0764613151550293,0.63617342710495,0.22953234612941742,0.7759895324707031,0.15110062062740326,0.08868593722581863,0.049482282251119614,0.06754227727651596,0.05170299857854843,63.0,-36.5,22.799999237060547,23.100000381469727,0.699999988079071,0.0,20.100000381469727,0.0,0.30000001192092896,0.30000001192092896,0.30000001192092896,0.30000001192092896
54.3,0,0.4005678594112396,-0.09972473978996277,-0.056863680481910706,0.30696117877960205,5.0,0.0,0.18193908035755157,0.11508732289075851,0,3,1,1,0.0,11.8675537109375,13.874666213989258,2.9837305545806885,0.6368197202682495,0.22970394790172577,0.7766426205635071,0.1512138694524765,0.0893971249461174,0.04946531355381012,0.06822683662176132,0.05164304003119469,63.0,-36.5,22.799999237060547,23.100000381469727,0.699999988079071,0.0,20.100000381469727,0.0,0.30000001192092896,0.30000001192092896,0.30000001192092896,0.30000001192092896
54.35,0,0.4012649357318878,-0.1000683605670929,-0.05837802588939667,0.30693405866622925,5.0,0.0,0.1817658692598343,0.11522406339645386,0,3,1,1,0.0,11.797603607177734,13.717924118041992,3.2158658504486084,0.6374735236167908,0.22987322509288788,0.777306079864502,0.1513199359178543,0.09013117104768753,0.04943372309207916,0.06892868876457214,0.05157525837421417,63.0,-36.5,22.799999237060547,23.100000381469727,0.699999988079071,0.0,20.100000381469727,0.0,0.30000001192092896,0.30000001192092896,0.30000001192092896,0.30000001192092896
54.4,0,0.40197044610977173,-0.10040527582168579,-0.0608215257525444,0.3069138526916504,5.0,0.0,0.1815217137336731,0.11535103619098663,0,3,1,1,0.0,12.029622077941895,14.250513076782227,2.5061185359954834,0.6381359696388245,0.23002569377422333,0.7779796719551086,0.15141794085502625,0.09086792171001434,0.04939280077815056,0.0696319192647934,0.05149737000465393,63.0,-36.5,22.799999237060547,23.100000381469727,0.699999988079071,0.0,20.100000381469727,0.0,0.30000001192092896,0.30000001192092896,0.30000001192092896,0.30000001192092896
54.449999999999996,0,0.40268561244010925,-0.10073833912611008,-0.059681039303541183,0.30689123272895813,5.0,0.0,0.1813717931509018,0.11544887721538544,0,3,1,1,0.0,12.087723731994629,14.246450424194336,2.5620341300964355,0.6388079524040222,0.23015941679477692,0.7786637544631958,0.15150795876979828,0.0916079580783844,0.04933943226933479,0.07034768909215927,0.05140391364693642,63.0,-36.5,22.799999237060547,23.100000381469727,0.699999988079071,0.0,20.100000381469727,0.0,0.30000001192092896,0.30000001192092896,0.30000001192092896,0.30000001192092896
54.5,0,0.40340372920036316,-0.10106437653303146,-0.06182288005948067,0.3068690299987793,5.0,0.0,0.18154841661453247,0.1155603751540184,0,3,1,1,0.0,12.248197555541992,14.643400192260742,2.3106980323791504,0.6394842863082886,0.2302827090024948,0.7793555855751038,0.15158872306346893,0.09235534071922302,0.04927630349993706,0.07106677442789078,0.05129869654774666,63.0,-36.5,22.799999237060547,23.100000381469727,0.699999988079071,0.0,20.100000381469727,0.0,0.30000001192092896,0.30000001192092896,0.30000001192092896,0.30000001192092896
54.55,0,0.40412846207618713,-0.10140305012464523,-0.054532408714294434,0.3068462908267975,5.0,0.0,0.178084135055542,0.11568023264408112,0,3,1,1,0.0,11.670812606811523,13.81118392944336,2.501697540283203,0.6401663422584534,0.2303985208272934,0.7800536155700684,0.15166065096855164,0.09311165660619736,0.0491972342133522,0.07179137319326401,0.051186636090278625,63.0,-36.5,22.799999237060547,23.100000381469727,0.699999988079071,0.0,20.100000381469727,0.0,0.30000001192092896,0.30000001192092896,0.30000001192092896,0.30000001192092896
54.6,0,0.40489453077316284,-0.10173945873975754,-0.05999671295285225,0.3068367838859558,5.0,0.0,0.18055391311645508,0.11580940335988998,0,3,1,1,0.0,12.075193405151367,14.08176326751709,2.4913501739501953,0.6408920288085938,0.23049046099185944,0.7807914018630981,0.15172342956066132,0.09389257431030273,0.04910753294825554,0.07253957539796829,0.05105547606945038,63.0,-36.5,22.799999237060547,23.100000381469727,0.699999988079071,0.0,20.100000381469727,0.0,0.30000001192092896,0.30000001192092896,0.30000001192092896,0.30000001192092896
54.65,0,0.4056645631790161,-0.10205017030239105,-0.06017838045954704,0.306826114654541,5.0,0.0,0.18074364960193634,0.1159057691693306,0,3,1,1,0.0,12.194913864135742,14.298144340515137,2.445098638534546,0.6416254043579102,0.2305535227060318,0.7815380692481995,0.15177512168884277,0.09468145668506622,0.049002643674612045,0.07329443097114563,0.05091572925448418,63.0,-36.5,22.799999237060547,23.100000381469727,0.699999988079071,0.0,20.100000381469727,0.0,0.30000001192092896,0.30000001192092896,0.30000001192092896,0.30000001192092896
54.699999999999996,0,0.4064349830150604,-0.1023235097527504,-0.048745375126600266,0.306824266910553,5.0,0.0,0.17886944115161896,0.11594125628471375,0,3,1,1,0.0,11.840753555297852,13.89910888671875,3.3633267879486084,0.6423622965812683,0.23058366775512695,0.7822940349578857,0.15181481838226318,0.09546488523483276,0.04888401925563812,0.07404489815235138,0.05079019069671631,63.0,-36.5,22.799999237060547,23.100000381469727,0.699999988079071,0.0,20.100000381469727,0.0,0.30000001192092896,0.30000001192092896,0.30000001192092896,0.30000001192092896
54.75,0,0.4072292447090149,-0.10215352475643158,-0.05016570910811424,0.30688971281051636,5.0,0.0,0.1774853616952896,0.11527680605649948,0,3,1,1,0.0,11.921111106872559,13.76818561553955,2.8139076232910156,0.6431789994239807,0.23037545382976532,0.7830737233161926,0.15183420479297638,0.09626436233520508,0.048754896968603134,0.07477353513240814,0.05093036964535713,63.0,-36.5,22.799999237060547,23.100000381469727,0.699999988079071,0.0,20.100000381469727,0.0,0.30000001192092896,0.30000001192092896,0.30000001192092896,0.30000001192092896
54.8,0,0.40804317593574524,-0.10198330134153366,-0.049367547035217285,0.30696940422058105,5.0,0.0,0.17833878099918365,0.11456543952226639,0,3,1,1,0.0,11.913727760314941,14.103496551513672,2.2494559288024902,0.6440155506134033,0.23013561964035034,0.7838698029518127,0.15184062719345093,0.0970735028386116,0.04860589653253555,0.075505331158638,0.051063068211078644,63.0,-36.5,22.799999237060547,23.100000381469727,0.699999988079071,0.0,20.100000381469727,0.0,0.30000001192092896,0.30000001192092896,0.30000001192092896,0.30000001192092896
54.85,0,0.4088715612888336,-0.10183711349964142,-0.052778709679841995,0.30704164505004883,5.0,0.0,0.17793980240821838,0.11390738934278488,0,3,1,1,0.0,12.195674896240234,14.316503524780273,2.303166627883911,0.6448639631271362,0.22990407049655914,0.7846753001213074,0.1518356055021286,0.0979011058807373,0.048445817083120346,0.07625743746757507,0.05118372663855553,63.0,-36.5,22.799999237060547,23.100000381469727,0.699999988079071,0.0,20.100000381469727,0.0,0.30000001192092896,0.30000001192092896,0.30000001192092896,0.30000001192092896
54.9,0,0.40971171855926514,-0.10168810188770294,-0.051552921533584595,0.2853918969631195,5.0,0.0,0.1784110963344574,0.11322843283414841,0,3,1,1,0.0,12.045551300048828,14.338062286376953,1.9259529113769531,0.6457250118255615,0.22964994609355927,0.7854949235916138,0.1518164873123169,0.09874406456947327,0.04826461523771286,0.07702472060918808,0.05129420757293701,63.0,-36.5,22.799999237060547,23.100000381469727,0.699999988079071,0.0,20.100000381469727,0.0,0.30000001192092896,0.30000001192092896,0.30000001192092896,0.30000001192092896
54.949999999999996,0,0.4105645418167114,-0.10154575109481812,-0.05083710700273514,0.30718350410461426,5.0,0.0,0.17916718125343323,0.112566277384758,0,3,1,1,0.0,12.14865493774414,14.130433082580566,2.4044618606567383,0.6465981006622314,0.22938579320907593,0.7863240838050842,0.15178470313549042,0.0995936393737793,0.04807133600115776,0.07779989391565323,0.051391419023275375,63.0,-36.5,22.799999237060547,23.100000381469727,0.699999988079071,0.0,20.100000381469727,0.0,0.30000001192092896,0.30000001192092896,0.30000001192092896,0.30000001192092896
55.0,0,0.4111686646938324,-0.1011234000325203,-0.041531752794981,0.3071472644805908,5.0,0.0,0.18319083750247955,0.11257705837488174,0,3,1,1,0.0,11.838077545166016,13.668774604797363,3.0594325065612793,0.6472517848014832,0.22925198078155518,0.78705894947052,0.1517549753189087,0.10014756768941879,0.04818674176931381,0.07848526537418365,0.051477931439876556,63.0,-36.5,22.799999237060547,23.100000381469727,0.699999988079071,0.0,20.100000381469727,0.0,0.30000001192092896,0.30000001192092896,0.30000001192092896,0.30000001192092896
55.05,0,0.4118046760559082,-0.10073180496692657,-0.04887481778860092,0.30712205171585083,5.0,0.0,0.1837988942861557,0.11259236186742783,0,3,1,1,0.0,12.190098762512207,13.903477668762207,2.951014280319214,0.6479323506355286,0.2291385531425476,0.7878037095069885,0.1517116129398346,0.10072006285190582,0.04831724241375923,0.07918719202280045,0.05155534669756889,63.0,-36.5,22.799999237060547,23.100000381469727,0.699999988079071,0.0,20.100000381469727,0.0,0.30000001192092896,0.30000001192092896,0.30000001192092896,0.30000001192092896
55.1,0,0.4124739468097687,-0.10037416964769363,-0.04444650933146477,0.30711251497268677,5.0,0.0,0.18160004913806915,0.11258897185325623,0,3,1,1,0.0,11.922316551208496,14.129996299743652,2.4366397857666016,0.6486421227455139,0.22902809083461761,0.7885624170303345,0.15165533125400543,0.10131721198558807,0.048443373292684555,0.07990045845508575,0.05162346735596657,63.0,-36.5,22.799999237060547,23.100000381469727,0.699999988079071,0.0,20.100000381469727,0.0,0.30000001192092896,0.30000001192092896,0.30000001192092896,0.30000001192092896
55.15,0,0.4131700098514557,-0.10010271519422531,-0.042548615485429764,0.3071264624595642,5.0,0.0,0.18118128180503845,0.11268884688615799,0,3,1,1,0.0,11.890711784362793,13.599583625793457,2.9423625469207764,0.6493676900863647,0.22896410524845123,0.7893286347389221,0.1515887826681137,0.10193932801485062,0.048568401485681534,0.08060894906520844,0.0516844317317009,63.0,-36.5,22.799999237060547,23.100000381469727,0.699999988079071,0.0,20.100000381469727,0.0,0.30000001192092896,0.30000001192092896,0.30000001192092896,0.30000001192092896
55.199999999999996,0,0.413877010345459,-0.09980622678995132,-0.046798378229141235,0.3071427047252655,5.0,0.0,0.18101778626441956,0.11274119466543198,0,3,1,1,0.0,11.96157455444336,13.637310981750488,2.7924208641052246,0.6501075625419617,0.228871688246727,0.7901037931442261,0.1515086591243744,0.10256822407245636,0.04868650436401367,0.08132664114236832,0.05173250660300255,63.0,-36.5,22.799999237060547,23.100000381469727,0.699999988079071,0.0,20.100000381469727,0.0,0.30000001192092896,0.30000001192092896,0.30000001192092896,0.30000001192092896
55.25,0,0.4146035611629486,-0.09954601526260376,-0.04513510316610336,0.3071709871292114,5.0,0.0,0.18131056427955627,0.11284911632537842,0,3,1,1,0.0,11.977210998535156,13.45822525024414,2.9026734828948975,0.6508628129959106,0.22880151867866516,0.7908857464790344,0.15141642093658447,0.10322193801403046,0.04880049079656601,0.0820477232336998,0.051772914826869965,63.0,-36.5,22.799999237060547,23.100000381469727,0.699999988079071,0.0,20.100000381469727,0.0,0.30000001192092896,0.30000001192092896,0.30000001192092896,0.30000001192092896
55.3,0,0.41533106565475464,-0.09927339106798172,-0.048223331570625305,0.3071916401386261,5.0,0.0,0.18195292353630066,0.11292383074760437,0,3,1,1,0.0,12.060405731201172,13.825895309448242,2.6129300594329834,0.6516207456588745,0.22871358692646027,0.7916623950004578,0.1513095200061798,0.1038777083158493,0.048906344920396805,0.08277800679206848,0.05180080980062485,63.0,-36.5,22.799999237060547,23.100000381469727,0.699999988079071,0.0,20.100000381469727,0.0,0.30000001192092896,0.30000001192092896,0.30000001192092896,0.30000001192092896
55.35,0,0.4160541594028473,-0.09905237704515457,-0.04635927081108093,0.30721890926361084,5.0,0.0,0.18203257024288177,0.11307056993246078,0,3,1,1,0.0,12.039366722106934,13.413688659667969,2.902710199356079,0.652369499206543,0.2286604940891266,0.7924154996871948,0.15119075775146484,0.10454711318016052,0.0490049310028553,0.08349152654409409,0.05181906372308731,63.0,-36.5,22.799999237060547,23.100000381469727,0.699999988079071,0.0,20.100000381469727,0.0,0.30000001192092896,0.30000001192092896,0.30000001192092896,0.30000001192092896
55.4,0,0.416786789894104,-0.0988520085811615,-0.04234549403190613,0.3072499632835388,5.0,0.0,0.18324728310108185,0.11326255649328232,0,3,1,1,0.0,12.359525680541992,13.821797370910645,2.4769606590270996,0.6531258821487427,0.22860795259475708,0.793178379535675,0.15107056498527527,0.10522124171257019,0.04909928888082504,0.08420825749635696,0.05182599276304245,63.0,-36.5,22.799999237060547,23.100000381469727,0.699999988079071,0.0,20.100000381469727,0.0,0.30000001192092896,0.30000001192092896,0.30000001192092896,0.30000001192092896
55.449999999999996,0,0.4174898862838745,-0.0987042635679245,-0.0434284545481205,0.30724674463272095,5.0,0.0,0.18210631608963013,0.11355572938919067,0,3,1,1,0.0,12.225016593933105,13.837206840515137,2.780377149581909,0.6538445353507996,0.22860805690288544,0.7939223051071167,0.15098066627979279,0.1059093177318573,0.04918300732970238,0.08493494987487793,0.051822878420352936,63.0,-36.5,22.799999237060547,23.100000381469727,0.699999988079071,0.0,20.100000381469727,0.0,0.30000001192092896,0.30000001192092896,0.30000001192092896,0.30000001192092896
55.5,0,0.4182150363922119,-0.09858092665672302,-0.04844843968749046,0.3072707951068878,5.0,0.0,0.18164671957492828,0.11382398754358292,0,3,1,1,0.0,12.323848724365234,13.882927894592285,2.697767972946167,0.6545813083648682,0.22860224545001984,0.7946794629096985,0.1508771777153015,0.10661306977272034,0.04925532639026642,0.08565235882997513,0.05180887132883072,63.0,-36.5,22.799999237060547,23.100000381469727,0.699999988079071,0.0,20.100000381469727,0.0,0.30000001192092896,0.30000001192092896,0.30000001192092896,0.30000001192092896
55.55,0,0.4189576506614685,-0.09847722947597504,-0.047531601041555405,0.3072989583015442,5.0,0.0,0.18108218908309937,0.11410754919052124,0,3,1,1,0.0,12.386069297790527,13.925562858581543,2.6295828819274902,0.6553338170051575,0.22859691083431244,0.7954460978507996,0.15075919032096863,0.10733208805322647,0.049319855868816376,0.08638005703687668,0.05178304389119148,63.0,-36.5,22.799999237060547,23.100000381469727,0.699999988079071,0.0,20.100000381469727,0.0,0.30000001192092896,0.30000001192092896,0.30000001192092896,0.30000001192092896
55.6,0,0.4197169542312622,-0.09838123619556427,-0.0507332868874073,0.30732986330986023,5.0,0.0,0.18079166114330292,0.11441652476787567,0,3,1,1,0.0,12.481364250183105,13.789789199829102,2.5731425285339355,0.6561015248298645,0.22859100997447968,0.7962310314178467,0.15062633156776428,0.10807441920042038,0.04937499016523361,0.08712261915206909,0.051745206117630005,63.0,-36.5,22.799999237060547,23.100000381469727,0.699999988079071,0.0,20.100000381469727,0.0,0.30000001192092896,0.30000001192092896,0.30000001192092896,0.30000001192092896
55.65,0,0.42046472430229187,-0.09837345778942108,-0.05298887565732002,0.3073359429836273,5.0,0.0,0.18958988785743713,0.11466558277606964,0,3,1,1,0.0,12.111151695251465,14.144890785217285,2.8306684494018555,0.6568485498428345,0.22862686216831207,0.7969805598258972,0.15056757628917694,0.1088184267282486,0.049420613795518875,0.08786890655755997,0.0516958087682724,63.0,-36.5,22.799999237060547,23.100000381469727,0.699999988079071,0.0,20.100000381469727,0.0,0.30000001192092896,0.30000001192092896,0.30000001192092896,0.30000001192092896
55.699999999999996,0,0.4210173487663269,-0.09859232604503632,-0.05530348792672157,0.3072269558906555,5.0,0.0,0.18445603549480438,0.11500296741724014,0,3,1,1,0.0,11.798789024353027,13.781177520751953,2.9035544395446777,0.657370388507843,0.22885927557945251,0.7975354194641113,0.15070176124572754,0.10948538035154343,0.04945003241300583,0.08853613585233688,0.05164344608783722,63.0,-36.5,22.799999237060547,23.100000381469727,0.699999988079071,0.0,20.100000381469727,0.0,0.30000001192092896,0.30000001192092896,0.30000001192092896,0.30000001192092896
55.75,0,0.4216140806674957,-0.09888918697834015,-0.05887553095817566,0.30713555216789246,5.0,0.0,0.18431904911994934,0.11530251055955887,0,3,1,1,0.0,11.831945419311523,13.631815910339355,3.004055976867676,0.6579274535179138,0.22909978032112122,0.7981125116348267,0.15082943439483643,0.11016802489757538,0.04947200417518616,0.08921828866004944,0.05157708376646042,63.0,-36.5,22.799999237060547,23.100000381469727,0.699999988079071,0.0,20.100000381469727,0.0,0.30000001192092896,0.30000001192092896,0.30000001192092896,0.30000001192092896
55.8,0,0.42223629355430603,-0.09921083599328995,-0.05695096030831337,0.30705469846725464,5.0,0.0,0.1827923059463501,0.1155586689710617,0,3,1,1,0.0,11.836874961853027,13.956318855285645,3.015820264816284,0.65850830078125,0.22932860255241394,0.7987047433853149,0.15095087885856628,0.11086210608482361,0.04948347806930542,0.08990868180990219,0.05150275304913521,63.0,-36.5,22.799999237060547,23.100000381469727,0.699999988079071,0.0,20.100000381469727,0.0,0.30000001192092896,0.30000001192092896,0.30000001192092896,0.30000001192092896
55.85,0,0.42289289832115173,-0.09956657141447067,-0.05962185189127922,0.30699121952056885,5.0,0.0,0.18279749155044556,0.11578670889139175,0,3,1,1,0.0,11.954547882080078,14.160638809204102,2.838595151901245,0.6591193079948425,0.22955018281936646,0.799323558807373,0.15107041597366333,0.11156650632619858,0.04948752745985985,0.0906098335981369,0.051414620131254196,63.0,-36.5,22.799999237060547,23.100000381469727,0.699999988079071,0.0,20.100000381469727,0.0,0.30000001192092896,0.30000001192092896,0.30000001192092896,0.30000001192092896
55.9,0,0.42355385422706604,-0.09994067251682281,-0.05836321413516998,0.306924968957901,5.0,0.0,0.1818755716085434,0.11603717505931854,0,3,1,1,0.0,11.743500709533691,13.670406341552734,3.0746378898620605,0.6597325205802917,0.22977279126644135,0.7999496459960938,0.1511828601360321,0.11228150129318237,0.04947947338223457,0.09131777286529541,0.051318589597940445,63.0,-36.5,22.799999237060547,23.100000381469727,0.699999988079071,0.0,20.100000381469727,0.0,0.30000001192092896,0.30000001192092896,0.30000001192092896,0.30000001192092896
55.949999999999996,0,0.4242255985736847,-0.10030850768089294,-0.061272263526916504,0.30686745047569275,5.0,0.0,0.18168766796588898,0.11625051498413086,0,3,1,1,0.0,12.057438850402832,14.353242874145508,2.6069130897521973,0.6603568196296692,0.22997193038463593,0.8005879521369934,0.1512882560491562,0.1130000501871109,0.04946135729551315,0.09202731400728226,0.051211562007665634,63.0,-36.5,22.799999237060547,23.100000381469727,0.699999988079071,0.0,20.100000381469727,0.0,0.30000001192092896,0.30000001192092896,0.30000001192092896,0.30000001192092896
56.0,0,0.4249114692211151,-0.10070846229791641,-0.06090625002980232,0.3068103790283203,5.0,0.0,0.1816396564245224,0.116526298224926,0,3,1,1,0.0,11.840543746948242,13.759337425231934,2.8014986515045166,0.6609922051429749,0.23018692433834076,0.8012392520904541,0.15138891339302063,0.11372847110033035,0.049436699599027634,0.09274716675281525,0.05109190195798874,63.0,-36.5,22.799999237060547,23.100000381469727,0.699999988079071,0.0,20.100000381469727,0.0,0.30000001192092896,0.30000001192092896,0.30000001192092896,0.30000001192092896
56.05,0,0.42561089992523193,-0.10111406445503235,-0.06378701329231262,0.30675795674324036,5.0,0.0,0.18291902542114258,0.11675680428743362,0,3,1,1,0.0,12.04909610748291,14.301219940185547,2.7320306301116943,0.6616395711898804,0.2303812950849533,0.8019008040428162,0.15148194134235382,0.11446762084960938,0.04939713701605797,0.09347515553236008,0.05096035078167915,63.0,-36.5,22.799999237060547,23.100000381469727,0.699999988079071,0.0,20.100000381469727,0.0,0.30000001192092896,0.30000001192092896,0.30000001192092896,0.30000001192092896
56.1,0,0.4263130724430084,-0.1015126034617424,-0.06330836564302444,0.3067040741443634,5.0,0.0,0.1817711591720581,0.11698997020721436,0,3,1,1,0.0,11.908145904541016,13.786124229431152,2.6861515045166016,0.6622902154922485,0.23056432604789734,0.8025702238082886,0.15156763792037964,0.11520852148532867,0.049347877502441406,0.09420870989561081,0.050818946212530136,63.0,-36.5,22.799999237060547,23.100000381469727,0.699999988079071,0.0,20.100000381469727,0.0,0.30000001192092896,0.30000001192092896,0.30000001192092896,0.30000001192092896
56.15,0,0.427033007144928,-0.10192446410655975,-0.06392601877450943,0.30665573477745056,5.0,0.0,0.18217486143112183,0.11720366030931473,0,3,1,1,0.0,11.993791580200195,14.066533088684082,2.8326809406280518,0.662957489490509,0.23073264956474304,0.8032531142234802,0.15164458751678467,0.11596307158470154,0.04928401857614517,0.09495165199041367,0.050664085894823074,63.0,-36.5,22.799999237060547,23.100000381469727,0.699999988079071,0.0,20.100000381469727,0.0,0.30000001192092896,0.30000001192092896,0.30000001192092896,0.30000001192092896
56.199999999999996,0,0.4277530312538147,-0.1023310199379921,-0.0594559945166111,0.30660030245780945,5.0,0.0,0.1796863079071045,0.11738799512386322,0,3,1,1,0.0,12.00285816192627,14.058659553527832,2.7242794036865234,0.6636218428611755,0.23088379204273224,0.8039467930793762,0.15171225368976593,0.11670650541782379,0.049210891127586365,0.09570657461881638,0.050496168434619904,63.0,-36.5,22.799999237060547,23.100000381469727,0.699999988079071,0.0,20.100000381469727,0.0,0.30000001192092896,0.30000001192092896,0.30000001192092896,0.30000001192092896
56.25,0,0.4284907579421997,-0.10271432995796204,-0.0523955337703228,0.30656227469444275,5.0,0.0,0.17987696826457977,0.11753694713115692,0,3,1,1,0.0,11.898234367370605,13.810369491577148,3.2821428775787354,0.6643087267875671,0.2310124933719635,0.8046532273292542,0.15177001059055328,0.11747158318758011,0.0491250716149807,0.09645989537239075,0.05034556984901428,63.0,-36.5,22.799999237060547,23.100000381469727,0.699999988079071,0.0,20.100000381469727,0.0,0.30000001192092896,0.30000001192092896,0.30000001192092896,0.30000001192092896
56.3,0,0.42924439907073975,-0.10274917632341385,-0.05443780869245529,0.30657416582107544,5.0,0.0,0.1781129091978073,0.11716464161872864,0,3,1,1,0.0,12.007437705993652,14.104988098144531,2.5925517082214355,0.6650567054748535,0.2309502512216568,0.8053773641586304,0.1518104523420334,0.11824262142181396,0.049029383808374405,0.09719496220350266,0.05039313808083534,63.0,-36.5,22.799999237060547,23.100000381469727,0.699999988079071,0.0,20.100000381469727,0.0,0.30000001192092896,0.30000001192092896,0.30000001192092896,0.30000001192092896
56.35,0,0.4300071597099304,-0.10279902070760727,-0.05483045056462288,0.3065864145755768,5.0,0.0,0.1784094274044037,0.11680395156145096,0,3,1,1,0.0,12.016505241394043,14.138339042663574,2.546455144882202,0.665812075138092,0.23088322579860687,0.8061104416847229,0.15184009075164795,0.11902517825365067,0.04891980439424515,0.09793799370527267,0.05043141916394234,63.0,-36.5,22.799999237060547,23.100000381469727,0.699999988079071,0.0,20.100000381469727,0.0,0.30000001192092896,0.30000001192092896,0.30000001192092896,0.30000001192092896
56.4,0,0.4307851493358612,-0.10286353528499603,-0.04403848201036453,0.30660462379455566,5.0,0.0,0.1737728714942932,0.11646068096160889,0,3,1,1,0.0,11.696001052856445,14.13255786895752,2.6360621452331543,0.6665818095207214,0.2308112233877182,0.8068523406982422,0.15185824036598206,0.11982467770576477,0.04879685863852501,0.09868748486042023,0.05045914277434349,63.0,-36.5,22.799999237060547,23.100000381469727,0.699999988079071,0.0,20.100000381469727,0.0,0.30000001192092896,0.30000001192092896,0.30000001192092896,0.30000001192092896
56.449999999999996,0,0.43159788846969604,-0.10289859026670456,-0.05317861586809158,0.30663979053497314,5.0,0.0,0.17759448289871216,0.11611995100975037,0,3,1,1,0.0,12.154207229614258,14.159242630004883,2.5409209728240967,0.6673937439918518,0.23069597780704498,0.8076326251029968,0.15186402201652527,0.12064611911773682,0.0486583411693573,0.09945015609264374,0.050473980605602264,63.0,-36.5,22.799999237060547,23.100000381469727,0.699999988079071,0.0,20.100000381469727,0.0,0.30000001192092896,0.30000001192092896,0.30000001192092896,0.30000001192092896
56.5,0,0.43242210149765015,-0.10296377539634705,-0.05638735741376877,0.3066866397857666,5.0,0.0,0.1784640997648239,0.11577971279621124,0,3,1,1,0.0,12.165565490722656,14.116010665893555,2.3452274799346924,0.6682125329971313,0.23057861626148224,0.8084256052970886,0.15185686945915222,0.12147707492113113,0.048501111567020416,0.10021132230758667,0.05048375204205513,63.0,-36.5,22.799999237060547,23.100000381469727,0.699999988079071,0.0,20.100000381469727,0.0,0.30000001192092896,0.30000001192092896,0.30000001192092896,0.30000001192092896
56.55,0,0.4332531988620758,-0.10301126539707184,-0.057199280709028244,0.30672895908355713,5.0,0.0,0.1773993819952011,0.11543779820203781,0,3,1,1,0.0,12.152135848999023,14.10669994354248,2.463167428970337,0.6690407395362854,0.23043881356716156,0.8092275857925415,0.15183573961257935,0.12232420593500137,0.04832696542143822,0.10098566859960556,0.05048075318336487,63.0,-36.5,22.799999237060547,23.100000381469727,0.699999988079071,0.0,20.100000381469727,0.0,0.30000001192092896,0.30000001192092896,0.30000001192092896,0.30000001192092896
56.6,0,0.4341019093990326,-0.10304764658212662,-0.05656588822603226,0.30677899718284607,5.0,0.0,0.17810818552970886,0.11506389826536179,0,3,1,1,0.0,12.43892765045166,14.581256866455078,2.0896053314208984,0.6698874831199646,0.23027174174785614,0.8100469708442688,0.15179958939552307,0.1231810674071312,0.048136815428733826,0.1017698347568512,0.05046125873923302,63.0,-36.5,22.799999237060547,23.100000381469727,0.699999988079071,0.0,20.100000381469727,0.0,0.30000001192092896,0.30000001192092896,0.30000001192092896,0.30000001192092896
56.65,0,0.4349600374698639,-0.10309430956840515,-0.05571184307336807,0.30683135986328125,5.0,0.0,0.17784681916236877,0.11471910774707794,0,3,1,1,0.0,12.230841636657715,14.024238586425781,2.378922462463379,0.670742928981781,0.23010015487670898,0.8108758926391602,0.15174998342990875,0.12405140697956085,0.04792925715446472,0.10255994647741318,0.050430405884981155,63.0,-36.5,22.799999237060547,23.100000381469727,0.699999988079071,0.0,20.100000381469727,0.0,0.30000001192092896,0.30000001192092896,0.30000001192092896,0.30000001192092896
56.699999999999996,0,0.43561744689941406,-0.10283137857913971,-0.03794135898351669,0.3067964017391205,5.0,0.0,0.180680513381958,0.11486005038022995,0,3,1,1,0.0,11.905722618103027,13.779439926147461,3.3488621711730957,0.6714298129081726,0.2300196886062622,0.8116392493247986,0.15170025825500488,0.1246936023235321,0.047990936785936356,0.10328760743141174,0.05043897032737732,63.0,-36.5,22.799999237060547,23.100000381469727,0.699999988079071,0.0,20.100000381469727,0.0,0.30000001192092896,0.30000001192092896,0.30000001192092896,0.30000001192092896
56.75,0,0.43628937005996704,-0.10230880975723267,-0.03892733156681061,0.30680450797080994,5.0,0.0,0.17945994436740875,0.11467542499303818,0,3,1,1,0.0,12.062908172607422,14.02324104309082,2.7655818462371826,0.6721654534339905,0.22982731461524963,0.8124066591262817,0.15163065493106842,0.12532161176204681,0.04809248819947243,0.10399513691663742,0.05059502646327019,63.0,-36.5,22.799999237060547,23.100000381469727,0.699999988079071,0.0,20.100000381469727,0.0,0.30000001192092896,0.30000001192092896,0.30000001192092896,0.30000001192092896
56.8,0,0.4369955360889435,-0.10184258967638016,-0.039397433400154114,0.3068346083164215,5.0,0.0,0.1788669228553772,0.11449573189020157,0,3,1,1,0.0,11.895540237426758,13.5922269821167,3.0951356887817383,0.6729283332824707,0.22964701056480408,0.8131869435310364,0.15154775977134705,0.12597160041332245,0.048188216984272,0.10470715910196304,0.05074653774499893,63.0,-36.5,22.799999237060547,23.100000381469727,0.699999988079071,0.0,20.100000381469727,0.0,0.30000001192092896,0.30000001192092896,0.30000001192092896,0.30000001192092896
56.85,0,0.4377283453941345,-0.1013999953866005,-0.03792863339185715,0.30687376856803894,5.0,0.0,0.17809949815273285,0.11431626230478287,0,3,1,1,0.0,12.128739356994629,13.715384483337402,2.8203439712524414,0.6737155914306641,0.2294648289680481,0.8139768838882446,0.1514500081539154,0.1266428679227829,0.048276957124471664,0.1054319217801094,0.050889912992715836,63.0,-36.5,22.799999237060547,23.100000381469727,0.699999988079071,0.0,20.100000381469727,0.0,0.30000001192092896,0.30000001192092896,0.30000001192092896,0.30000001192092896
56.9,0,0.4384932816028595,-0.10096604377031326,-0.03834846615791321,0.3069278597831726,5.0,0.0,0.17754797637462616,0.11412663757801056,0,3,1,1,0.0,12.060731887817383,13.766878128051758,2.738111734390259,0.6745346784591675,0.22927741706371307,0.8147849440574646,0.1513381153345108,0.12733033299446106,0.04836425185203552,0.10616866499185562,0.05102447047829628,63.0,-36.5,22.799999237060547,23.100000381469727,0.699999988079071,0.0,20.100000381469727,0.0,0.30000001192092896,0.30000001192092896,0.30000001192092896,0.30000001192092896
56.949999999999996,0,0.4392811954021454,-0.10053137689828873,-0.04167930781841278,0.3069905936717987,5.0,0.0,0.17869962751865387,0.11389122903347015,0,3,1,1,0.0,12.252612113952637,13.916094779968262,2.5723602771759033,0.6753777265548706,0.22906912863254547,0.8156043887138367,0.1512094885110855,0.12803588807582855,0.04843951389193535,0.10691646486520767,0.05115005373954773,63.0,-36.5,22.799999237060547,23.100000381469727,0.699999988079071,0.0,20.100000381469727,0.0,0.30000001192092896,0.30000001192092896,0.30000001192092896,0.30000001192092896
57.0,0,0.44006776809692383,-0.10010569542646408,-0.04283284768462181,0.30705374479293823,5.0,0.0,0.17848554253578186,0.1137109026312828,0,3,1,1,0.0,12.364060401916504,14.089571952819824,2.436269521713257,0.6762177348136902,0.22886699438095093,0.8164268732070923,0.15106768906116486,0.12875396013259888,0.04850558936595917,0.10766435414552689,0.051265280693769455,63.0,-36.5,22.799999237060547,23.100000381469727,0.699999988079071,0.0,20.100000381469727,0.0,0.30000001192092896,0.30000001192092896,0.30000001192092896,0.30000001192092896
57.05,0,0.4408807158470154,-0.09968961775302887,-0.042699649930000305,0.30712059140205383,5.0,0.0,0.17770017683506012,0.11351315677165985,0,3,1,1,0.0,12.434650421142578,14.079313278198242,2.668272018432617,0.6770835518836975,0.22865483164787292,0.817263126373291,0.15090888738632202,0.12948858737945557,0.04856390878558159,0.10843152552843094,0.05137041211128235,63.0,-36.5,22.799999237060547,23.100000381469727,0.699999988079071,0.0,20.100000381469727,0.0,0.30000001192092896,0.30000001192092896,0.30000001192092896,0.30000001192092896
57.1,0,0.441701203584671,-0.09928535670042038,-0.051477983593940735,0.3071964681148529,5.0,0.0,0.1814730316400528,0.1133253276348114,0,3,1,1,0.0,12.734236717224121,14.274523735046387,2.2396528720855713,0.6779547929763794,0.22843590378761292,0.8181087970733643,0.1507517397403717,0.130239799618721,0.048608239740133286,0.10919713973999023,0.05146612599492073,63.0,-36.5,22.799999237060547,23.100000381469727,0.699999988079071,0.0,20.100000381469727,0.0,0.30000001192092896,0.30000001192092896,0.30000001192092896,0.30000001192092896
57.15,0,0.44229161739349365,-0.09923923015594482,-0.05126434564590454,0.30712077021598816,5.0,0.0,0.1835201531648636,0.11325552314519882,0,3,1,1,0.0,11.887774467468262,14.13078498840332,2.778554677963257,0.6785492300987244,0.2284974306821823,0.8187079429626465,0.15087845921516418,0.1308988481760025,0.048639193177223206,0.10987795144319534,0.05154135078191757,63.0,-36.5,22.799999237060547,23.100000381469727,0.699999988079071,0.0,20.100000381469727,0.0,0.30000001192092896,0.30000001192092896,0.30000001192092896,0.30000001192092896
57.199999999999996,0,0.44291815161705017,-0.09923557937145233,-0.056290656328201294,0.3070663809776306,5.0,0.0,0.1833684742450714,0.11311999708414078,0,3,1,1,0.0,12.06390380859375,14.386322975158691,2.490823745727539,0.6791750192642212,0.22855375707149506,0.8193239569664001,0.15099404752254486,0.13156965374946594,0.04866252467036247,0.11056465655565262,0.05160865932703018,63.0,-36.5,22.799999237060547,23.100000381469727,0.699999988079071,0.0,20.100000381469727,0.0,0.30000001192092896,0.30000001192092896,0.30000001192092896,0.30000001192092896
57.25,0,0.4435712695121765,-0.09931362420320511,-0.05393105000257492,0.3070215582847595,5.0,0.0,0.18255609273910522,0.11301050335168839,0,3,1,1,0.0,11.873921394348145,14.119966506958008,2.8370213508605957,0.6798183917999268,0.228634312748909,0.8199535012245178,0.15110647678375244,0.13225142657756805,0.04867682605981827,0.1112586259841919,0.0516657754778862,63.0,-36.5,22.799999237060547,23.100000381469727,0.699999988079071,0.0,20.100000381469727,0.0,0.30000001192092896,0.30000001192092896,0.30000001192092896,0.30000001192092896
57.3,0,0.4442426562309265,-0.09940598160028458,-0.05511469766497612,0.3069872558116913,5.0,0.0,0.182479128241539,0.11286614835262299,0,3,1,1,0.0,11.950798988342285,14.212803840637207,2.665864944458008,0.680478572845459,0.22870270907878876,0.8205960392951965,0.15121059119701385,0.13294751942157745,0.04868054762482643,0.11195710301399231,0.05171503499150276,63.0,-36.5,22.799999237060547,23.100000381469727,0.699999988079071,0.0,20.100000381469727,0.0,0.30000001192092896,0.30000001192092896,0.30000001192092896,0.30000001192092896
57.35,0,0.4448901414871216,-0.09947993606328964,-0.05017353594303131,0.3069382905960083,5.0,0.0,0.18459108471870422,0.11276817321777344,0,3,1,1,0.0,11.987626075744629,14.416054725646973,2.860626220703125,0.6811167001724243,0.22876280546188354,0.8212352395057678,0.15130893886089325,0.1336049735546112,0.048694804310798645,0.112650565803051,0.051753073930740356,63.0,-36.5,22.799999237060547,23.100000381469727,0.699999988079071,0.0,20.100000381469727,0.0,0.30000001192092896,0.30000001192092896,0.30000001192092896,0.30000001192092896
57.4,0,0.445483535528183,-0.09950408339500427,-0.05002948269248009,0.30686622858047485,5.0,0.0,0.1833101361989975,0.1128920316696167,0,3,1,1,0.0,11.735527038574219,13.713126182556152,3.167325735092163,0.681704044342041,0.22888168692588806,0.8218570351600647,0.15139839053153992,0.13419893383979797,0.04879818484187126,0.11332584172487259,0.05178414657711983,63.0,-36.5,22.799999237060547,23.100000381469727,0.699999988079071,0.0,20.100000381469727,0.0,0.30000001192092896,0.30000001192092896,0.30000001192092896,0.30000001192092896
57.449999999999996,0,0.4460984766483307,-0.09954142570495605,-0.05301455408334732,0.30681079626083374,5.0,0.0,0.18341733515262604,0.11302107572555542,0,3,1,1,0.0,11.797035217285156,13.844322204589844,3.09975528717041,0.682313084602356,0.22899626195430756,0.8224892020225525,0.151481032371521,0.13480573892593384,0.04889853298664093,0.11400055140256882,0.05180738866329193,63.0,-36.5,22.799999237060547,23.100000381469727,0.699999988079071,0.0,20.100000381469727,0.0,0.30000001192092896,0.30000001192092896,0.30000001192092896,0.30000001192092896
57.5,0,0.4467315375804901,-0.09962786734104156,-0.05096324905753136,0.3067743182182312,5.0,0.0,0.18311697244644165,0.11317610740661621,0,3,1,1,0.0,11.865910530090332,13.881780624389648,3.036172866821289,0.6829326152801514,0.22912746667861938,0.8231335282325745,0.15155678987503052,0.13542969524860382,0.048992082476615906,0.11467092484235764,0.05182155594229698,63.0,-36.5,22.799999237060547,23.100000381469727,0.699999988079071,0.0,20.100000381469727,0.0,0.30000001192092896,0.30000001192092896,0.30000001192092896,0.30000001192092896
57.55,0,0.4473622739315033,-0.09974180161952972,-0.049375709146261215,0.3067437410354614,5.0,0.0,0.17976807057857513,0.113425113260746,0,3,1,1,0.0,11.8052978515625,13.693114280700684,3.03947377204895,0.6835464835166931,0.2292799949645996,0.8237793445587158,0.1516253799200058,0.13606607913970947,0.0490802526473999,0.11533322185277939,0.05182971432805061,63.0,-36.5,22.799999237060547,23.100000381469727,0.699999988079071,0.0,20.100000381469727,0.0,0.30000001192092896,0.30000001192092896,0.30000001192092896,0.30000001192092896
57.6,0,0.44801753759384155,-0.09988290071487427,-0.05067817121744156,0.3067142069339752,5.0,0.0,0.18200534582138062,0.11365927010774612,0,3,1,1,0.0,11.828750610351562,13.66494369506836,3.149972438812256,0.6841813325881958,0.22943150997161865,0.8244394659996033,0.15168584883213043,0.13672396540641785,0.04915936663746834,0.1160157322883606,0.05182432010769844,63.0,-36.5,22.799999237060547,23.100000381469727,0.699999988079071,0.0,20.100000381469727,0.0,0.30000001192092896,0.30000001192092896,0.30000001192092896,0.30000001192092896
57.65,0,0.44868385791778564,-0.1000189259648323,-0.051584649831056595,0.3066979646682739,5.0,0.0,0.18205572664737701,0.11388842016458511,0,3,1,1,0.0,11.960358619689941,13.74094295501709,2.9825963973999023,0.6848276257514954,0.22957275807857513,0.8251094222068787,0.15173807740211487,0.1373903602361679,0.049231406301259995,0.11669553816318512,0.051810070872306824,63.0,-36.5,22.799999237060547,23.100000381469727,0.699999988079071,0.0,20.100000381469727,0.0,0.30000001192092896,0.30000001192092896,0.30000001192092896,0.30000001192092896
57.699999999999996,0,0.44935664534568787,-0.10013873875141144,-0.05191664397716522,0.3066760301589966,5.0,0.0,0.18149074912071228,0.11411616206169128,0,3,1,1,0.0,12.025050163269043,13.927725791931152,2.9431984424591064,0.6854835152626038,0.2297019362449646,0.8257847428321838,0.15178070962429047,0.1380641609430313,0.04929765313863754,0.11738742887973785,0.05178716033697128,63.0,-36.5,22.799999237060547,23.100000381469727,0.699999988079071,0.0,20.100000381469727,0.0,0.30000001192092896,0.30000001192092896,0.30000001192092896,0.30000001192092896
57.75,0,0.4500434696674347,-0.10025821626186371,-0.051618192344903946,0.30666133761405945,5.0,0.0,0.18128426373004913,0.11431725323200226,0,3,1,1,0.0,11.954618453979492,13.745160102844238,3.0432798862457275,0.6861532330513,0.2298155277967453,0.8264729976654053,0.15181323885917664,0.1387443095445633,0.049354735761880875,0.11808503419160843,0.051752202212810516,63.0,-36.5,22.799999237060547,23.100000381469727,0.699999988079071,0.0,20.100000381469727,0.0,0.30000001192092896,0.30000001192092896,0.30000001192092896,0.30000001192092896
57.8,0,0.4507414698600769,-0.10035794973373413,-0.05146469920873642,0.30664941668510437,5.0,0.0,0.18012507259845734,0.11452238261699677,0,3,1,1,0.0,11.97243595123291,13.833738327026367,2.872410535812378,0.6868367195129395,0.22990748286247253,0.8271817564964294,0.1518358439207077,0.13943810760974884,0.04940097779035568,0.11879298090934753,0.05170955881476402,63.0,-36.5,22.799999237060547,23.100000381469727,0.699999988079071,0.0,20.100000381469727,0.0,0.30000001192092896,0.30000001192092896,0.30000001192092896,0.30000001192092896
57.85,0,0.4514605402946472,-0.10049092769622803,-0.051609572023153305,0.3066478967666626,5.0,0.0,0.1800767481327057,0.11475753784179688,0,3,1,1,0.0,11.994421005249023,13.773335456848145,2.9704020023345947,0.6875377893447876,0.23000642657279968,0.8279038071632385,0.15184855461120605,0.14015056192874908,0.04943831264972687,0.11950768530368805,0.05165485292673111,63.0,-36.5,22.799999237060547,23.100000381469727,0.699999988079071,0.0,20.100000381469727,0.0,0.30000001192092896,0.30000001192092896,0.30000001192092896,0.30000001192092896
57.9,0,0.45220354199409485,-0.10061803460121155,-0.0525217205286026,0.30665335059165955,5.0,0.0,0.18012003600597382,0.11495468020439148,0,3,1,1,0.0,12.05950927734375,13.761658668518066,2.7702081203460693,0.6882656812667847,0.23008161783218384,0.8286373019218445,0.15185028314590454,0.14087790250778198,0.04946437105536461,0.1202341690659523,0.05158832296729088,63.0,-36.5,22.799999237060547,23.100000381469727,0.699999988079071,0.0,20.100000381469727,0.0,0.30000001192092896,0.30000001192092896,0.30000001192092896,0.30000001192092896
57.949999999999996,0,0.45295509696006775,-0.10071640461683273,-0.05415752902626991,0.30666327476501465,5.0,0.0,0.18080727756023407,0.11515627801418304,0,3,1,1,0.0,12.114927291870117,13.67029094696045,2.7981386184692383,0.6890066266059875,0.23013721406459808,0.8293825387954712,0.15184134244918823,0.14160872995853424,0.04948524385690689,0.12096519768238068,0.05151015520095825,63.0,-36.5,22.799999237060547,23.100000381469727,0.699999988079071,0.0,20.100000381469727,0.0,0.30000001192092896,0.30000001192092896,0.30000001192092896,0.30000001192092896
58.0,0,0.45371198654174805,-0.10083244740962982,-0.05795174837112427,0.30667102336883545,5.0,0.0,0.1819615215063095,0.11537535488605499,0,3,1,1,0.0,12.078245162963867,13.674427032470703,2.8520681858062744,0.6897501945495605,0.2301890105009079,0.8301360011100769,0.1518205851316452,0.14235523343086243,0.04948993772268295,0.1217046007514,0.05142103135585785,63.0,-36.5,22.799999237060547,23.100000381469727,0.699999988079071,0.0,20.100000381469727,0.0,0.30000001192092896,0.30000001192092896,0.30000001192092896,0.30000001192092896
58.05,0,0.4544678330421448,-0.10092920064926147,-0.050435133278369904,0.30667558312416077,5.0,0.0,0.17691713571548462,0.11560428887605667,0,3,1,1,0.0,11.988012313842773,13.30003833770752,2.9647624492645264,0.690495491027832,0.23022520542144775,0.8308936953544617,0.1517876237630844,0.14310401678085327,0.049484774470329285,0.12244805693626404,0.051320772618055344,63.0,-36.5,22.799999237060547,23.100000381469727,0.699999988079071,0.0,20.100000381469727,0.0,0.30000001192092896,0.30000001192092896,0.30000001192092896,0.30000001192092896
58.1,0,0.45525720715522766,-0.10104329884052277,-0.05703846737742424,0.30669480562210083,5.0,0.0,0.17915166914463043,0.11574019491672516,0,3,1,1,0.0,12.034819602966309,13.874029159545898,2.684573173522949,0.6912673711776733,0.23023560643196106,0.8316826820373535,0.15174053609371185,0.14386104047298431,0.04946361482143402,0.12321066111326218,0.05120424926280975,63.0,-36.5,22.799999237060547,23.100000381469727,0.699999988079071,0.0,20.100000381469727,0.0,0.30000001192092896,0.30000001192092896,0.30000001192092896,0.30000001192092896
58.15,0,0.4560502767562866,-0.10115097463130951,-0.0476405955851078,0.30671826004981995,5.0,0.0,0.17909567058086395,0.11591355502605438,0,3,1,1,0.0,11.796880722045898,13.228972434997559,3.1241300106048584,0.6920442581176758,0.2302432358264923,0.83247971534729,0.15168122947216034,0.14462783932685852,0.049434877932071686,0.12397397309541702,0.05109414830803871,63.0,-36.5,22.799999237060547,23.100000381469727,0.699999988079071,0.0,20.100000381469727,0.0,0.30000001192092896,0.30000001192092896,0.30000001192092896,0.30000001192092896
58.199999999999996,0,0.45685312151908875,-0.100847028195858,-0.04743795096874237,0.3067931830883026,5.0,0.0,0.1772836297750473,0.11551909893751144,0,3,1,1,0.0,11.954717636108398,13.643267631530762,2.3387773036956787,0.692884087562561,0.23003509640693665,0.8332926630973816,0.15159934759140015,0.14541186392307281,0.04939360171556473,0.12471694499254227,0.051214393228292465,63.0,-36.5,22.799999237060547,23.100000381469727,0.699999988079071,0.0,20.100000381469727,0.0,0.30000001192092896,0.30000001192092896,0.30000001192092896,0.30000001192092896
58.25,0,0.4576720595359802,-0.10055802762508392,-0.04804934188723564,0.3068721294403076,5.0,0.0,0.17736957967281342,0.1151362806558609,0,3,1,1,0.0,12.006583213806152,13.71134090423584,2.2652010917663574,0.693738579750061,0.22982200980186462,0.834118127822876,0.15150322020053864,0.14621202647686005,0.049339331686496735,0.12547031044960022,0.05132564157247543,63.0,-36.5,22.799999237060547,23.100000381469727,0.699999988079071,0.0,20.100000381469727,0.0,0.30000001192092896,0.30000001192092896,0.30000001192092896,0.30000001192092896
58.3,0,0.4585112929344177,-0.10027866065502167,-0.04845650494098663,0.306954562664032,5.0,0.0,0.17754165828227997,0.114747554063797,0,3,1,1,0.0,12.042876243591309,13.74409008026123,2.1805384159088135,0.6946122050285339,0.22959570586681366,0.834959089756012,0.15139161050319672,0.1470286101102829,0.04927007853984833,0.12623873353004456,0.05142669752240181,63.0,-36.5,22.799999237060547,23.100000381469727,0.699999988079071,0.0,20.100000381469727,0.0,0.30000001192092896,0.30000001192092896,0.30000001192092896,0.30000001192092896
58.35,0,0.4593575894832611,-0.09999141842126846,-0.05392105504870415,0.3070276379585266,5.0,0.0,0.17718170583248138,0.11438122391700745,0,3,1,1,0.0,12.619368553161621,14.312833786010742,2.269327163696289,0.6954929232597351,0.22935925424098969,0.8358110189437866,0.15126389265060425,0.14785940945148468,0.049188267439603806,0.1270269900560379,0.05151454731822014,63.0,-36.5,22.799999237060547,23.100000381469727,0.699999988079071,0.0,20.100000381469727,0.0,0.30000001192092896,0.30000001192092896,0.30000001192092896,0.30000001192092896
58.4,0,0.4602261781692505,-0.09973279386758804,-0.04845987260341644,0.30711108446121216,5.0,0.0,0.1788940131664276,0.11402607709169388,0,3,1,1,0.0,12.077509880065918,13.27610969543457,2.705411434173584,0.6963948607444763,0.22912000119686127,0.8366745114326477,0.15112073719501495,0.14871302247047424,0.04908757656812668,0.12782107293605804,0.05159365385770798,63.0,-36.5,22.799999237060547,23.100000381469727,0.699999988079071,0.0,20.100000381469727,0.0,0.30000001192092896,0.30000001192092896,0.30000001192092896,0.30000001192092896
58.449999999999996,0,0.46097472310066223,-0.09963446110486984,-0.05609679967164993,0.30712032318115234,5.0,0.0,0.1825808435678482,0.11368642002344131,0,3,1,1,0.0,12.111809730529785,14.323732376098633,2.4724178314208984,0.6971544027328491,0.22899767756462097,0.8374077081680298,0.1511257290840149,0.14951802790164948,0.04897605627775192,0.12856803834438324,0.051658861339092255,63.0,-36.5,22.799999237060547,23.100000381469727,0.699999988079071,0.0,20.100000381469727,0.0,0.30000001192092896,0.30000001192092896,0.30000001192092896,0.30000001192092896
58.5,0,0.46166905760765076,-0.09972326457500458,-0.059449631720781326,0.3070891201496124,5.0,0.0,0.18279576301574707,0.11342328041791916,0,3,1,1,0.0,11.962596893310547,13.934062957763672,2.7640700340270996,0.6978371143341064,0.22900289297103882,0.8380762338638306,0.151230126619339,0.15030522644519806,0.04885847494006157,0.12929144501686096,0.05171007290482521,63.0,-36.5,22.799999237060547,23.100000381469727,0.699999988079071,0.0,20.100000381469727,0.0,0.30000001192092896,0.30000001192092896,0.30000001192092896,0.30000001192092896
58.55,0,0.4623996615409851,-0.0998382717370987,-0.0518137626349926,0.3070797920227051,5.0,0.0,0.18139643967151642,0.11309491842985153,0,3,1,1,0.0,11.975940704345703,14.74603271484375,2.2878153324127197,0.6985544562339783,0.22898678481578827,0.8387667536735535,0.15132735669612885,0.15110310912132263,0.04873323068022728,0.1300201416015625,0.051750972867012024,63.0,-36.5,22.799999237060547,23.100000381469727,0.699999988079071,0.0,20.100000381469727,0.0,0.30000001192092896,0.30000001192092896,0.30000001192092896,0.30000001192092896
58.6,0,0.46296390891075134,-0.09977346658706665,-0.048318926244974136,0.30698686838150024,5.0,0.0,0.18401816487312317,0.11324898898601532,0,3,1,1,0.0,11.662138938903809,14.034209251403809,2.7874529361724854,0.6991221308708191,0.22907616198062897,0.8394002914428711,0.1514168232679367,0.1516970992088318,0.04882748797535896,0.1307026892900467,0.051784299314022064,63.0,-36.5,22.799999237060547,23.100000381469727,0.699999988079071,0.0,20.100000381469727,0.0,0.30000001192092896,0.30000001192092896,0.30000001192092896,0.30000001192092896
58.65,0,0.46355193853378296,-0.09976856410503387,-0.05379030853509903,0.3069162666797638,5.0,0.0,0.18359701335430145,0.11343270540237427,0,3,1,1,0.0,11.933908462524414,13.931396484375,3.0781960487365723,0.6997057795524597,0.22917981445789337,0.8400434255599976,0.1514972746372223,0.15229710936546326,0.04892265051603317,0.13137942552566528,0.05181064456701279,63.0,-36.5,22.799999237060547,23.100000381469727,0.699999988079071,0.0,20.100000381469727,0.0,0.30000001192092896,0.30000001192092896,0.30000001192092896,0.30000001192092896
58.699999999999996,0,0.46418118476867676,-0.09979593008756638,-0.05272148922085762,0.30686336755752563,5.0,0.0,0.18333633244037628,0.11355319619178772,0,3,1,1,0.0,12.069367408752441,14.317474365234375,2.5970804691314697,0.7003290057182312,0.2292785942554474,0.8406993746757507,0.15157009661197662,0.15291599929332733,0.04901332035660744,0.1320684403181076,0.05182495713233948,63.0,-36.5,22.799999237060547,23.100000381469727,0.699999988079071,0.0,20.100000381469727,0.0,0.30000001192092896,0.30000001192092896,0.30000001192092896,0.30000001192092896
58.75,0,0.4648253321647644,-0.09984756261110306,-0.052891410887241364,0.30681195855140686,5.0,0.0,0.18194179236888885,0.1136995181441307,0,3,1,1,0.0,11.968958854675293,13.95698070526123,2.9333279132843018,0.7009642124176025,0.22938060760498047,0.8413670659065247,0.15163683891296387,0.15355104207992554,0.04909568652510643,0.13276907801628113,0.05183279886841774,63.0,-36.5,22.799999237060547,23.100000381469727,0.699999988079071,0.0,20.100000381469727,0.0,0.30000001192092896,0.30000001192092896,0.30000001192092896,0.30000001192092896
58.8,0,0.46549487113952637,-0.09993786364793777,-0.0509917326271534,0.3067758083343506,5.0,0.0,0.18195955455303192,0.11387098580598831,0,3,1,1,0.0,11.95873737335205,13.96250057220459,2.8696134090423584,0.7016207575798035,0.22949570417404175,0.8420462608337402,0.15169557929039001,0.15420478582382202,0.04917440935969353,0.13347390294075012,0.0518282987177372,63.0,-36.5,22.799999237060547,23.100000381469727,0.699999988079071,0.0,20.100000381469727,0.0,0.30000001192092896,0.30000001192092896,0.30000001192092896,0.30000001192092896
58.85,0,0.46617934107780457,-0.10002642124891281,-0.05255262181162834,0.30674493312835693,5.0,0.0,0.18113408982753754,0.11400812864303589,0,3,1,1,0.0,11.846756935119629,13.708740234375,3.1710045337677,0.7022914290428162,0.22959424555301666,0.8427375555038452,0.1517452448606491,0.15486812591552734,0.04924342781305313,0.13418807089328766,0.05181359499692917,63.0,-36.5,22.799999237060547,23.100000381469727,0.699999988079071,0.0,20.100000381469727,0.0,0.30000001192092896,0.30000001192092896,0.30000001192092896,0.30000001192092896
58.9,0,0.46685630083084106,-0.10012176632881165,-0.05240335687994957,0.3067317008972168,5.0,0.0,0.1813797950744629,0.11421409994363785,0,3,1,1,0.0,12.008383750915527,14.115887641906738,2.532923936843872,0.7029536962509155,0.2297006994485855,0.84343022108078,0.15178604423999786,0.1555365025997162,0.0493072085082531,0.13487786054611206,0.05179252102971077,63.0,-36.5,22.799999237060547,23.100000381469727,0.699999988079071,0.0,20.100000381469727,0.0,0.30000001192092896,0.30000001192092896,0.30000001192092896,0.30000001192092896
58.949999999999996,0,0.46755197644233704,-0.10026387870311737,-0.05565054714679718,0.30672356486320496,5.0,0.0,0.18158775568008423,0.11444343626499176,0,3,1,1,0.0,12.117406845092773,13.982882499694824,2.966738700866699,0.7036272883415222,0.22981570661067963,0.8441363573074341,0.15181732177734375,0.15622366964817047,0.049359776079654694,0.1355794370174408,0.05175571143627167,63.0,-36.5,22.799999237060547,23.100000381469727,0.699999988079071,0.0,20.100000381469727,0.0,0.30000001192092896,0.30000001192092896,0.30000001192092896,0.30000001192092896
59.0,0,0.468257874250412,-0.10040569305419922,-0.05267885699868202,0.3067132234573364,5.0,0.0,0.1813196837902069,0.11470567435026169,0,3,1,1,0.0,11.82764720916748,13.550026893615723,3.1213066577911377,0.7043129205703735,0.2299322783946991,0.844849169254303,0.15184079110622406,0.156920924782753,0.049405526369810104,0.1362912505865097,0.05170902982354164,63.0,-36.5,22.799999237060547,23.100000381469727,0.699999988079071,0.0,20.100000381469727,0.0,0.30000001192092896,0.30000001192092896,0.30000001192092896,0.30000001192092896
59.05,0,0.46897169947624207,-0.1005454882979393,-0.05346314609050751,0.3067099452018738,5.0,0.0,0.18081636726856232,0.114954374730587,0,3,1,1,0.0,11.948564529418945,13.546097755432129,3.097306251525879,0.7050055265426636,0.23003609478473663,0.845571756362915,0.1518522948026657,0.15763336420059204,0.049440208822488785,0.1370057612657547,0.05165133625268936,63.0,-36.5,22.799999237060547,23.100000381469727,0.699999988079071,0.0,20.100000381469727,0.0,0.30000001192092896,0.30000001192092896,0.30000001192092896,0.30000001192092896
59.1,0,0.46970096230506897,-0.10068148374557495,-0.054153576493263245,0.30670762062072754,5.0,0.0,0.18074682354927063,0.11519260704517365,0,3,1,1,0.0,11.97380256652832,13.57458209991455,3.055699348449707,0.705715000629425,0.23012565076351166,0.8463050723075867,0.1518530696630478,0.1583569347858429,0.04946549981832504,0.13773281872272491,0.05158263072371483,63.0,-36.5,22.799999237060547,23.100000381469727,0.699999988079071,0.0,20.100000381469727,0.0,0.30000001192092896,0.30000001192092896,0.30000001192092896,0.30000001192092896
59.15,0,0.47044044733047485,-0.10081905126571655,-0.05692132189869881,0.30670779943466187,5.0,0.0,0.18078076839447021,0.1154123991727829,0,3,1,1,0.0,12.074217796325684,13.61513614654541,2.9966230392456055,0.7064352035522461,0.23020461201667786,0.8470414280891418,0.15184159576892853,0.15908853709697723,0.04948164150118828,0.1384655088186264,0.051501840353012085,63.0,-36.5,22.799999237060547,23.100000381469727,0.699999988079071,0.0,20.100000381469727,0.0,0.30000001192092896,0.30000001192092896,0.30000001192092896,0.30000001192092896
59.199999999999996,0,0.47119319438934326,-0.10095895826816559,-0.05456177145242691,0.30670350790023804,5.0,0.0,0.18055608868598938,0.11565954238176346,0,3,1,1,0.0,12.022223472595215,13.49289321899414,3.013989210128784,0.7071704268455505,0.23027727007865906,0.8477868437767029,0.1518198549747467,0.15983803570270538,0.04948645085096359,0.13921383023262024,0.051407694816589355,63.0,-36.5,22.799999237060547,23.100000381469727,0.699999988079071,0.0,20.100000381469727,0.0,0.30000001192092896,0.30000001192092896,0.30000001192092896,0.30000001192092896
59.25,0,0.47195202112197876,-0.10109378397464752,-0.05486055463552475,0.30670320987701416,5.0,0.0,0.1802106499671936,0.11592605710029602,0,3,1,1,0.0,12.055010795593262,13.477323532104492,2.967888355255127,0.7079119086265564,0.23033887147903442,0.8485437035560608,0.15178506076335907,0.16059768199920654,0.04948026314377785,0.1399659365415573,0.0513034351170063,63.0,-36.5,22.799999237060547,23.100000381469727,0.699999988079071,0.0,20.100000381469727,0.0,0.30000001192092896,0.30000001192092896,0.30000001192092896,0.30000001192092896
59.3,0,0.4727247953414917,-0.10122443735599518,-0.05661989748477936,0.30670952796936035,5.0,0.0,0.18014118075370789,0.11617804318666458,0,3,1,1,0.0,12.18889045715332,13.709415435791016,2.616135835647583,0.7086668610572815,0.2303830236196518,0.8493162989616394,0.15173698961734772,0.1613672971725464,0.049462370574474335,0.1407260298728943,0.05118739232420921,63.0,-36.5,22.799999237060547,23.100000381469727,0.699999988079071,0.0,20.100000381469727,0.0,0.30000001192092896,0.30000001192092896,0.30000001192092896,0.30000001192092896
59.35,0,0.47351565957069397,-0.10136345773935318,-0.055562373250722885,0.3067125082015991,5.0,0.0,0.17913022637367249,0.11643298715353012,0,3,1,1,0.0,12.29133129119873,13.949335098266602,2.528639554977417,0.709440290927887,0.2304171472787857,0.850101113319397,0.15167559683322906,0.16215500235557556,0.049430664628744125,0.14150486886501312,0.051055144518613815,63.0,-36.5,22.799999237060547,23.100000381469727,0.699999988079071,0.0,20.100000381469727,0.0,0.30000001192092896,0.30000001192092896,0.30000001192092896,0.30000001192092896
59.4,0,0.47432294487953186,-0.10149812698364258,-0.05718996375799179,0.3067202568054199,5.0,0.0,0.17917118966579437,0.11668180674314499,0,3,1,1,0.0,12.432635307312012,14.160375595092773,2.429835796356201,0.71023029088974,0.23043569922447205,0.8509021401405334,0.1516006588935852,0.1629510223865509,0.049389127641916275,0.14229519665241241,0.05091032758355141,63.0,-36.5,22.799999237060547,23.100000381469727,0.699999988079071,0.0,20.100000381469727,0.0,0.30000001192092896,0.30000001192092896,0.30000001192092896,0.30000001192092896
59.449999999999996,0,0.47512945532798767,-0.10151292383670807,-0.04523467645049095,0.30674439668655396,5.0,0.0,0.17669178545475006,0.11678564548492432,0,3,1,1,0.0,11.916990280151367,13.279979705810547,3.3084874153137207,0.7110351324081421,0.23038449883460999,0.8517124056816101,0.1515093296766281,0.1637585461139679,0.04933152720332146,0.14307619631290436,0.05082561448216438,63.0,-36.5,22.799999237060547,23.100000381469727,0.699999988079071,0.0,20.100000381469727,0.0,0.30000001192092896,0.30000001192092896,0.30000001192092896,0.30000001192092896
59.5,0,0.4759734272956848,-0.10116841644048691,-0.048274893313646317,0.3068317472934723,5.0,0.0,0.1776140183210373,0.1163020208477974,0,3,1,1,0.0,12.408395767211914,13.750395774841309,2.656888008117676,0.711925208568573,0.23013317584991455,0.8525468111038208,0.15141093730926514,0.16459034383296967,0.04926347732543945,0.14384332299232483,0.05096610635519028,63.0,-36.5,22.799999237060547,23.100000381469727,0.699999988079071,0.0,20.100000381469727,0.0,0.30000001192092896,0.30000001192092896,0.30000001192092896,0.30000001192092896
59.55,0,0.47667694091796875,-0.10106688737869263,-0.04973641037940979,0.30682462453842163,5.0,0.0,0.17977313697338104,0.1159164234995842,0,3,1,1,0.0,11.858990669250488,13.667205810546875,2.912355661392212,0.7126443982124329,0.23006485402584076,0.853229820728302,0.1514972746372223,0.16536858677864075,0.04918834567070007,0.1445581316947937,0.05108964443206787,63.0,-36.5,22.799999237060547,23.100000381469727,0.699999988079071,0.0,20.100000381469727,0.0,0.30000001192092896,0.30000001192092896,0.30000001192092896,0.30000001192092896
59.6,0,0.4774048328399658,-0.1010083481669426,-0.051573678851127625,0.3068274259567261,5.0,0.0,0.1786513328552246,0.11549130827188492,0,3,1,1,0.0,12.114176750183105,14.300432205200195,2.5977251529693604,0.7133819460868835,0.22999267280101776,0.8539246320724487,0.15157125890254974,0.16615475714206696,0.049099430441856384,0.14528167247772217,0.05120521038770676,63.0,-36.5,22.799999237060547,23.100000381469727,0.699999988079071,0.0,20.100000381469727,0.0,0.30000001192092896,0.30000001192092896,0.30000001192092896,0.30000001192092896
59.65,0,0.47816020250320435,-0.10099467635154724,-0.05277925357222557,0.3068395256996155,5.0,0.0,0.1787368655204773,0.115043044090271,0,3,1,1,0.0,12.161628723144531,14.347490310668945,2.548776865005493,0.7141427397727966,0.22991739213466644,0.8546358346939087,0.15163728594779968,0.16695520281791687,0.04899536073207855,0.1460161954164505,0.05131048336625099,63.0,-36.5,22.799999237060547,23.100000381469727,0.699999988079071,0.0,20.100000381469727,0.0,0.30000001192092896,0.30000001192092896,0.30000001192092896,0.30000001192092896
59.699999999999996,0,0.47893765568733215,-0.10099687427282333,-0.05375281348824501,0.3068631589412689,5.0,0.0,0.1788589507341385,0.11455085128545761,0,3,1,1,0.0,12.13073444366455,14.121302604675293,2.5709383487701416,0.7149245142936707,0.22982238233089447,0.8553617000579834,0.15169326961040497,0.1677679419517517,0.04887453839182854,0.14675650000572205,0.05140642076730728,63.0,-36.5,22.799999237060547,23.100000381469727,0.699999988079071,0.0,20.100000381469727,0.0,0.30000001192092896,0.30000001192092896,0.30000001192092896,0.30000001192092896
59.75,0,0.4797210693359375,-0.10097386687994003,-0.049829743802547455,0.3068864047527313,5.0,0.0,0.17778131365776062,0.113988496363163,0,3,1,1,0.0,12.404776573181152,14.501745223999023,2.6753361225128174,0.7157124280929565,0.2296898066997528,0.8561041951179504,0.1517380326986313,0.16856388747692108,0.04874280467629433,0.14750710129737854,0.05149206891655922,63.0,-36.5,22.799999237060547,23.100000381469727,0.699999988079071,0.0,20.100000381469727,0.0,0.30000001192092896,0.30000001192092896,0.30000001192092896,0.30000001192092896
59.8,0,0.4805217981338501,-0.10097476094961166,-0.049989841878414154,0.30691444873809814,5.0,0.0,0.17861132323741913,0.11345890909433365,0,3,1,1,0.0,12.462889671325684,14.76757526397705,2.496680974960327,0.716515302658081,0.22955885529518127,0.8568593263626099,0.15177293121814728,0.16938282549381256,0.04859745502471924,0.1482672244310379,0.05156366527080536,63.0,-36.5,22.799999237060547,23.100000381469727,0.699999988079071,0.0,20.100000381469727,0.0,0.30000001192092896,0.30000001192092896,0.30000001192092896,0.30000001192092896
59.85,0,0.48133307695388794,-0.10098797082901001,-0.05067647993564606,0.30694645643234253,5.0,0.0,0.17864453792572021,0.11293721199035645,0,3,1,1,0.0,12.503632545471191,14.813179969787598,2.4505980014801025,0.7173274755477905,0.22941854596138,0.8576261401176453,0.15179702639579773,0.17021405696868896,0.04843353107571602,0.14903312921524048,0.051628392189741135,63.0,-36.5,22.799999237060547,23.100000381469727,0.699999988079071,0.0,20.100000381469727,0.0,0.30000001192092896,0.30000001192092896,0.30000001192092896,0.30000001192092896
59.9,0,0.48215556144714355,-0.10099585354328156,-0.056069135665893555,0.30697596073150635,5.0,0.0,0.1795668751001358,0.11235260218381882,0,3,1,1,0.0,12.486467361450195,14.464046478271484,2.520293712615967,0.7181506752967834,0.22925110161304474,0.8584067821502686,0.15180879831314087,0.17104986310005188,0.04825012385845184,0.14981426298618317,0.051686178892850876,63.0,-36.5,22.799999237060547,23.100000381469727,0.699999988079071,0.0,20.100000381469727,0.0,0.30000001192092896,0.30000001192092896,0.30000001192092896,0.30000001192092896
59.949999999999996,0,0.48298323154449463,-0.10098984837532043,-0.052464812994003296,0.3070070743560791,5.0,0.0,0.18248456716537476,0.11176439374685287,0,3,1,1,0.0,12.33469295501709,14.237187385559082,2.635016918182373,0.7189810872077942,0.22906051576137543,0.8591967821121216,0.1518084853887558,0.17188194394111633,0.04805715009570122,0.15059860050678253,0.051726873964071274,63.0,-36.5,22.799999237060547,23.100000381469727,0.699999988079071,0.0,20.100000381469727,0.0,0.30000001192092896,0.30000001192092896,0.30000001192092896,0.30000001192092896
60.0,0,0.4836026132106781,-0.10073861479759216,-0.050620026886463165,0.3069522976875305,5.0,0.0,0.18465276062488556,0.11178234219551086,0,3,1,1,0.0,12.175935745239258,14.218523979187012,2.532337188720703,0.7196259498596191,0.2289949655532837,0.8599196672439575,0.15180562436580658,0.17247594892978668,0.04813496023416519,0.15130876004695892,0.051761969923973083,63.0,-36.5,22.799999237060547,23.100000381469727,0.699999988079071,0.0,20.100000381469727,0.0,0.30000001192092896,0.30000001192092896,0.30000001192092896,0.30000001192092896
60.05,0,0.48425522446632385,-0.10055691748857498,-0.04992516338825226,0.3069123923778534,5.0,0.0,0.18379919230937958,0.11187149584293365,0,3,1,1,0.0,12.006707191467285,13.836343765258789,2.821558952331543,0.7202965021133423,0.22896793484687805,0.8606512546539307,0.15179111063480377,0.17309461534023285,0.048221927136182785,0.1520283818244934,0.05178883299231529,63.0,-36.5,22.799999237060547,23.100000381469727,0.699999988079071,0.0,20.100000381469727,0.0,0.30000001192092896,0.30000001192092896,0.30000001192092896,0.30000001192092896
60.1,0,0.4849325716495514,-0.10041704773902893,-0.05163448676466942,0.3068913221359253,5.0,0.0,0.1834833025932312,0.11198434233665466,0,3,1,1,0.0,12.05253791809082,13.786409378051758,2.790724039077759,0.7209864854812622,0.22895146906375885,0.8613917827606201,0.15176603198051453,0.17373141646385193,0.048304516822099686,0.15274789929389954,0.051805298775434494,63.0,-36.5,22.799999237060547,23.100000381469727,0.699999988079071,0.0,20.100000381469727,0.0,0.30000001192092896,0.30000001192092896,0.30000001192092896,0.30000001192092896
60.15,0,0.4856247901916504,-0.10028339922428131,-0.05318153649568558,0.3068735599517822,5.0,0.0,0.18222305178642273,0.11207595467567444,0,3,1,1,0.0,12.226675033569336,14.10262680053711,2.6624350547790527,0.7216922640800476,0.2289307564496994,0.8621292114257812,0.1517283171415329,0.17438118159770966,0.04838164895772934,0.15347439050674438,0.05181175470352173,63.0,-36.5,22.799999237060547,23.100000381469727,0.699999988079071,0.0,20.100000381469727,0.0,0.30000001192092896,0.30000001192092896,0.30000001192092896,0.30000001192092896
60.199999999999996,0,0.48633110523223877,-0.10016708821058273,-0.05276520550251007,0.3068631887435913,5.0,0.0,0.18157483637332916,0.11222780495882034,0,3,1,1,0.0,12.250361442565918,14.190695762634277,2.6250791549682617,0.7224085330963135,0.22891344130039215,0.8628851175308228,0.15168039500713348,0.17505067586898804,0.04845082759857178,0.15420883893966675,0.05180422589182854,63.0,-36.5,22.799999237060547,23.100000381469727,0.699999988079071,0.0,20.100000381469727,0.0,0.30000001192092896,0.30000001192092896,0.30000001192092896,0.30000001192092896
60.25,0,0.4870636463165283,-0.10006668418645859,-0.049255769699811935,0.3068622350692749,5.0,0.0,0.18114794790744781,0.11235103756189346,0,3,1,1,0.0,12.025092124938965,13.694690704345703,2.8088276386260986,0.7231511473655701,0.22888962924480438,0.8636497259140015,0.15161962807178497,0.17573752999305725,0.04851120337843895,0.15495385229587555,0.0517897792160511,63.0,-36.5,22.799999237060547,23.100000381469727,0.699999988079071,0.0,20.100000381469727,0.0,0.30000001192092896,0.30000001192092896,0.30000001192092896,0.30000001192092896
60.3,0,0.4878132939338684,-0.09997115284204483,-0.05085507407784462,0.30686622858047485,5.0,0.0,0.18096581101417542,0.11248451471328735,0,3,1,1,0.0,12.288578987121582,14.12643814086914,2.5275349617004395,0.7239097356796265,0.2288578748703003,0.8644265532493591,0.15154534578323364,0.17643798887729645,0.04856470972299576,0.15570999681949615,0.05176028981804848,63.0,-36.5,22.799999237060547,23.100000381469727,0.699999988079071,0.0,20.100000381469727,0.0,0.30000001192092896,0.30000001192092896,0.30000001192092896,0.30000001192092896
60.35,0,0.48857226967811584,-0.0998896136879921,-0.051025763154029846,0.3068738877773285,5.0,0.0,0.18111592531204224,0.11264314502477646,0,3,1,1,0.0,12.284690856933594,14.023809432983398,2.501490354537964,0.7246759533882141,0.22882793843746185,0.8652113676071167,0.1514584720134735,0.17715215682983398,0.048608843237161636,0.15647128224372864,0.05172146111726761,63.0,-36.5,22.799999237060547,23.100000381469727,0.699999988079071,0.0,20.100000381469727,0.0,0.30000001192092896,0.30000001192092896,0.30000001192092896,0.30000001192092896
60.4,0,0.4893418550491333,-0.09981010109186172,-0.049028269946575165,0.3068845272064209,5.0,0.0,0.18092940747737885,0.11280971765518188,0,3,1,1,0.0,12.292708396911621,14.083048820495605,2.4098880290985107,0.7254525423049927,0.22879059612751007,0.866004467010498,0.15135738253593445,0.17787809669971466,0.048643793910741806,0.15723980963230133,0.05167047679424286,63.0,-36.5,22.799999237060547,23.100000381469727,0.699999988079071,0.0,20.100000381469727,0.0,0.30000001192092896,0.30000001192092896,0.30000001192092896,0.30000001192092896
60.449999999999996,0,0.4901251494884491,-0.09973069280385971,-0.05541254207491875,0.3068966269493103,5.0,0.0,0.18167153000831604,0.11295625567436218,0,3,1,1,0.0,12.453482627868652,13.906444549560547,2.42071795463562,0.726241946220398,0.22873707115650177,0.8668097853660583,0.15123984217643738,0.17862042784690857,0.048665259033441544,0.15802128612995148,0.05160687118768692,63.0,-36.5,22.799999237060547,23.100000381469727,0.699999988079071,0.0,20.100000381469727,0.0,0.30000001192092896,0.30000001192092896,0.30000001192092896,0.30000001192092896
60.5,0,0.4909193515777588,-0.09966503828763962,-0.05173312872648239,0.3069159984588623,5.0,0.0,0.18102698028087616,0.1131395623087883,0,3,1,1,0.0,12.232826232910156,13.706380844116211,2.5909202098846436,0.7270421385765076,0.22868676483631134,0.8676210641860962,0.1511097401380539,0.17937394976615906,0.048676904290914536,0.15880315005779266,0.0515318438410759,63.0,-36.5,22.799999237060547,23.100000381469727,0.699999988079071,0.0,20.100000381469727,0.0,0.30000001192092896,0.30000001192092896,0.30000001192092896,0.30000001192092896
60.55,0,0.49171996116638184,-0.099595807492733,-0.05352659523487091,0.3069288730621338,5.0,0.0,0.18107111752033234,0.11334078758955002,0,3,1,1,0.0,12.550619125366211,14.13437557220459,2.326975107192993,0.7278476357460022,0.22862695157527924,0.8684432506561279,0.1509634405374527,0.18013887107372284,0.04867851361632347,0.15960142016410828,0.05144282057881355,63.0,-36.5,22.799999237060547,23.100000381469727,0.699999988079071,0.0,20.100000381469727,0.0,0.30000001192092896,0.30000001192092896,0.30000001192092896,0.30000001192092896
60.6,0,0.49252885580062866,-0.09947885572910309,-0.044911883771419525,0.30695897340774536,5.0,0.0,0.17987190186977386,0.11348749697208405,0,3,1,1,0.0,12.36479663848877,13.77345085144043,2.6138477325439453,0.7286678552627563,0.22853748500347137,0.8692731261253357,0.15080024302005768,0.1809200793504715,0.04866765812039375,0.1603928506374359,0.05138459429144859,63.0,-36.5,22.799999237060547,23.100000381469727,0.699999988079071,0.0,20.100000381469727,0.0,0.30000001192092896,0.30000001192092896,0.30000001192092896,0.30000001192092896
60.65,0,0.4932155907154083,-0.09931633621454239,-0.05149933695793152,0.30693697929382324,5.0,0.0,0.1837802678346634,0.11326904594898224,0,3,1,1,0.0,11.811920166015625,13.980082511901855,2.8760111331939697,0.7293728590011597,0.22847037017345428,0.8699660897254944,0.150833860039711,0.18165667355060577,0.04864564538002014,0.1611192673444748,0.05147167667746544,63.0,-36.5,22.799999237060547,23.100000381469727,0.699999988079071,0.0,20.100000381469727,0.0,0.30000001192092896,0.30000001192092896,0.30000001192092896,0.30000001192092896
60.699999999999996,0,0.49385935068130493,-0.0993305891752243,-0.05390586331486702,0.3068910241127014,5.0,0.0,0.1828976571559906,0.11308511346578598,0,3,1,1,0.0,11.820399284362793,14.063642501831055,2.7573368549346924,0.7300130724906921,0.22850996255874634,0.8705992698669434,0.15095140039920807,0.1823740154504776,0.048616375774145126,0.16181518137454987,0.051548369228839874,63.0,-36.5,22.799999237060547,23.100000381469727,0.699999988079071,0.0,20.100000381469727,0.0,0.30000001192092896,0.30000001192092896,0.30000001192092896,0.30000001192092896
60.75,0,0.494529128074646,-0.09939385205507278,-0.055002689361572266,0.30684947967529297,5.0,0.0,0.18221113085746765,0.11285945773124695,0,3,1,1,0.0,11.818058013916016,14.061715126037598,2.7613534927368164,0.7306745052337646,0.2285459190607071,0.8712449669837952,0.15106350183486938,0.1831025928258896,0.04857340082526207,0.16252471506595612,0.05161404609680176,63.0,-36.5,22.799999237060547,23.100000381469727,0.699999988079071,0.0,20.100000381469727,0.0,0.30000001192092896,0.30000001192092896,0.30000001192092896,0.30000001192092896
60.8,0,0.4952247440814972,-0.09948578476905823,-0.05647804215550423,0.3068271279335022,5.0,0.0,0.18233974277973175,0.1126001700758934,0,3,1,1,0.0,11.993134498596191,14.471389770507812,2.4699037075042725,0.7313582897186279,0.22857114672660828,0.871910810470581,0.1511685699224472,0.18383920192718506,0.04851992428302765,0.16323566436767578,0.05167221277952194,63.0,-36.5,22.799999237060547,23.100000381469727,0.699999988079071,0.0,20.100000381469727,0.0,0.30000001192092896,0.30000001192092896,0.30000001192092896,0.30000001192092896
60.85,0,0.49593138694763184,-0.09960287809371948,-0.05731574818491936,0.30680131912231445,5.0,0.0,0.18185928463935852,0.11234413832426071,0,3,1,1,0.0,11.85582160949707,14.201977729797363,2.595057249069214,0.7320506572723389,0.22859539091587067,0.8725846409797668,0.15126870572566986,0.18457922339439392,0.04845583438873291,0.16395772993564606,0.05171654373407364,63.0,-36.5,22.799999237060547,23.100000381469727,0.699999988079071,0.0,20.100000381469727,0.0,0.30000001192092896,0.30000001192092896,0.30000001192092896,0.30000001192092896
60.9,0,0.49665507674217224,-0.09972607344388962,-0.05724594369530678,0.30678775906562805,5.0,0.0,0.18174919486045837,0.11205410212278366,0,3,1,1,0.0,11.756802558898926,14.050054550170898,2.7570106983184814,0.7327590584754944,0.22859784960746765,0.8732751607894897,0.15136028826236725,0.18532666563987732,0.04837707802653313,0.164682537317276,0.05175277218222618,63.0,-36.5,22.799999237060547,23.100000381469727,0.699999988079071,0.0,20.100000381469727,0.0,0.30000001192092896,0.30000001192092896,0.30000001192092896,0.30000001192092896
60.949999999999996,0,0.4973996579647064,-0.09986484050750732,-0.05705076828598976,0.3067827820777893,5.0,0.0,0.1818263828754425,0.1117454394698143,0,3,1,1,0.0,11.926682472229004,14.34195613861084,2.6400129795074463,0.733487069606781,0.22859159111976624,0.8739795684814453,0.15144434571266174,0.18608777225017548,0.04828735068440437,0.1654157042503357,0.05177883803844452,63.0,-36.5,22.799999237060547,23.100000381469727,0.699999988079071,0.0,20.100000381469727,0.0,0.30000001192092896,0.30000001192092896,0.30000001192092896,0.30000001192092896
61.0,0,0.4981533885002136,-0.10001971572637558,-0.05820424109697342,0.3067818284034729,5.0,0.0,0.18195068836212158,0.11146238446235657,0,3,1,1,0.0,11.750149726867676,14.058441162109375,2.4939823150634766,0.734222412109375,0.2285812944173813,0.8746965527534485,0.1515200436115265,0.18686054646968842,0.04818272590637207,0.1661534458398819,0.05179399996995926,63.0,-36.5,22.799999237060547,23.100000381469727,0.699999988079071,0.0,20.100000381469727,0.0,0.30000001192092896,0.30000001192092896,0.30000001192092896,0.30000001192092896
61.05,0,0.4989165961742401,-0.10016630589962006,-0.059475891292095184,0.30678045749664307,5.0,0.0,0.18179383873939514,0.11115307360887527,0,3,1,1,0.0,11.88471508026123,14.333033561706543,2.4840519428253174,0.7349681258201599,0.2285502851009369,0.8754238486289978,0.1515871286392212,0.18764102458953857,0.048064347356557846,0.16690117120742798,0.05179807171225548,63.0,-36.5,22.799999237060547,23.100000381469727,0.699999988079071,0.0,20.100000381469727,0.0,0.30000001192092896,0.30000001192092896,0.30000001192092896,0.30000001192092896
61.1,0,0.4996829926967621,-0.10031314939260483,-0.05861582234501839,0.30678433179855347,5.0,0.0,0.18296800553798676,0.11085142195224762,0,3,1,1,0.0,11.739601135253906,14.006257057189941,2.306658983230591,0.7357169985771179,0.2285037487745285,0.8761604428291321,0.15164418518543243,0.188422292470932,0.04793187230825424,0.16764700412750244,0.05179166421294212,63.0,-36.5,22.799999237060547,23.100000381469727,0.699999988079071,0.0,20.100000381469727,0.0,0.30000001192092896,0.30000001192092896,0.30000001192092896,0.30000001192092896
61.15,0,0.5002298951148987,-0.10021253675222397,-0.049184150993824005,0.30667799711227417,5.0,0.0,0.18646518886089325,0.11104606837034225,0,3,1,1,0.0,11.694253921508789,13.709494590759277,2.8496110439300537,0.7362719774246216,0.2285504788160324,0.8767964839935303,0.15169796347618103,0.18895003199577332,0.04804253205657005,0.1683274507522583,0.0517796166241169,63.0,-36.5,22.799999237060547,23.100000381469727,0.699999988079071,0.0,20.100000381469727,0.0,0.30000001192092896,0.30000001192092896,0.30000001192092896,0.30000001192092896
61.199999999999996,0,0.5007864832878113,-0.10016205906867981,-0.05012614652514458,0.3066002130508423,5.0,0.0,0.18602703511714935,0.11134221404790878,0,3,1,1,0.0,12.048453330993652,14.320168495178223,2.7352170944213867,0.7368289828300476,0.22864317893981934,0.8774287104606628,0.15174053609371185,0.189487487077713,0.048173271119594574,0.16898508369922638,0.05176082253456116,63.0,-36.5,22.799999237060547,23.100000381469727,0.699999988079071,0.0,20.100000381469727,0.0,0.30000001192092896,0.30000001192092896,0.30000001192092896,0.30000001192092896
61.25,0,0.5013688802719116,-0.10015906393527985,-0.048466142266988754,0.3065266013145447,5.0,0.0,0.18478070199489594,0.11164632439613342,0,3,1,1,0.0,11.698407173156738,13.653911590576172,3.1537837982177734,0.7374062538146973,0.22875240445137024,0.8780696392059326,0.1517750769853592,0.19004136323928833,0.04830092936754227,0.16965816915035248,0.05173395574092865,63.0,-36.5,22.799999237060547,23.100000381469727,0.699999988079071,0.0,20.100000381469727,0.0,0.30000001192092896,0.30000001192092896,0.30000001192092896,0.30000001192092896
61.3,0,0.5019721984863281,-0.10018231719732285,-0.052720777690410614,0.3064735531806946,5.0,0.0,0.18416966497898102,0.11198660731315613,0,3,1,1,0.0,12.046774864196777,13.953773498535156,2.6921005249023438,0.7380014657974243,0.22886937856674194,0.8787232041358948,0.15180028975009918,0.19061486423015594,0.048427142202854156,0.170327827334404,0.051701102405786514,63.0,-36.5,22.799999237060547,23.100000381469727,0.699999988079071,0.0,20.100000381469727,0.0,0.30000001192092896,0.30000001192092896,0.30000001192092896,0.30000001192092896
61.35,0,0.5025893449783325,-0.10023745149374008,-0.04773784056305885,0.30641600489616394,5.0,0.0,0.18378160893917084,0.11234799772500992,0,3,1,1,0.0,11.828182220458984,13.740403175354004,2.8580541610717773,0.7386071085929871,0.22899360954761505,0.8793823719024658,0.1518169790506363,0.19119980931282043,0.04854723811149597,0.17101246118545532,0.05165153369307518,63.0,-36.5,22.799999237060547,23.100000381469727,0.699999988079071,0.0,20.100000381469727,0.0,0.30000001192092896,0.30000001192092896,0.30000001192092896,0.30000001192092896
61.4,0,0.5032280087471008,-0.10031437128782272,-0.04819558933377266,0.3063849210739136,5.0,0.0,0.1827222853899002,0.11271876096725464,0,3,1,1,0.0,12.125603675842285,13.989307403564453,2.520050525665283,0.7392301559448242,0.2291225641965866,0.8800581693649292,0.15182329714298248,0.19180680811405182,0.048662591725587845,0.17169035971164703,0.05159807205200195,63.0,-36.5,22.799999237060547,23.100000381469727,0.699999988079071,0.0,20.100000381469727,0.0,0.30000001192092896,0.30000001192092896,0.30000001192092896,0.30000001192092896
61.449999999999996,0,0.5038878917694092,-0.10039830207824707,-0.049229834228754044,0.30634284019470215,5.0,0.0,0.18424144387245178,0.11308237165212631,0,3,1,1,0.0,11.957578659057617,13.686842918395996,2.959418296813965,0.7398757934570312,0.22925066947937012,0.8807403445243835,0.15181995928287506,0.19242790341377258,0.04877632111310959,0.17239569127559662,0.051527805626392365,63.0,-36.5,22.799999237060547,23.100000381469727,0.699999988079071,0.0,20.100000381469727,0.0,0.30000001192092896,0.30000001192092896,0.30000001192092896,0.30000001192092896
61.5,0,0.5045516490936279,-0.10048787295818329,-0.05380227044224739,0.3063121438026428,5.0,0.0,0.18221734464168549,0.11344859004020691,0,3,1,1,0.0,12.095444679260254,13.971257209777832,2.5508694648742676,0.740522563457489,0.22937427461147308,0.8814324140548706,0.15180423855781555,0.1930575668811798,0.04888123273849487,0.17309623956680298,0.05145283415913582,63.0,-36.5,22.799999237060547,23.100000381469727,0.699999988079071,0.0,20.100000381469727,0.0,0.30000001192092896,0.30000001192092896,0.30000001192092896,0.30000001192092896
61.55,0,0.5052261352539062,-0.1005929484963417,-0.04962288960814476,0.30627918243408203,5.0,0.0,0.1832318753004074,0.11388774961233139,0,3,1,1,0.0,12.063226699829102,13.534089088439941,3.0162127017974854,0.7411792278289795,0.22950737178325653,0.8821324110031128,0.151780903339386,0.19369706511497498,0.04898270219564438,0.17380744218826294,0.051360808312892914,63.0,-36.5,22.799999237060547,23.100000381469727,0.699999988079071,0.0,20.100000381469727,0.0,0.30000001192092896,0.30000001192092896,0.30000001192092896,0.30000001192092896
61.6,0,0.5059034824371338,-0.10067014396190643,-0.05042017623782158,0.3062533438205719,5.0,0.0,0.18237370252609253,0.11426274478435516,0,3,1,1,0.0,12.038728713989258,13.438158988952637,2.933194637298584,0.7418412566184998,0.22960810363292694,0.8828389644622803,0.151743084192276,0.19434711337089539,0.049069326370954514,0.17451757192611694,0.05126404017210007,63.0,-36.5,22.799999237060547,23.100000381469727,0.699999988079071,0.0,20.100000381469727,0.0,0.30000001192092896,0.30000001192092896,0.30000001192092896,0.30000001192092896
61.65,0,0.5065901279449463,-0.10074755549430847,-0.05071650817990303,0.30622100830078125,5.0,0.0,0.18268799781799316,0.11468267440795898,0,3,1,1,0.0,12.103203773498535,13.740102767944336,2.7900469303131104,0.7425138354301453,0.22971118986606598,0.883550226688385,0.15169523656368256,0.1950015127658844,0.04915463179349899,0.17524191737174988,0.05115341767668724,63.0,-36.5,22.799999237060547,23.100000381469727,0.699999988079071,0.0,20.100000381469727,0.0,0.30000001192092896,0.30000001192092896,0.30000001192092896,0.30000001192092896
61.699999999999996,0,0.5073026418685913,-0.10087782144546509,-0.0562102384865284,0.3062068223953247,5.0,0.0,0.1811923384666443,0.11513887345790863,0,3,1,1,0.0,12.321565628051758,14.10621166229248,2.623072624206543,0.7432019114494324,0.22983616590499878,0.884283185005188,0.15163332223892212,0.19569404423236847,0.04922756552696228,0.17597448825836182,0.05102963745594025,63.0,-36.5,22.799999237060547,23.100000381469727,0.699999988079071,0.0,20.100000381469727,0.0,0.30000001192092896,0.30000001192092896,0.30000001192092896,0.30000001192092896
61.75,0,0.508044958114624,-0.10098211467266083,-0.05983195826411247,0.3062075674533844,5.0,0.0,0.18222665786743164,0.1156211793422699,0,3,1,1,0.0,12.363222122192383,14.133968353271484,2.5479252338409424,0.7439253926277161,0.22993838787078857,0.8850541114807129,0.15155869722366333,0.19641317427158356,0.049292948096990585,0.1767207384109497,0.05089394375681877,63.0,-36.5,22.799999237060547,23.100000381469727,0.699999988079071,0.0,20.100000381469727,0.0,0.30000001192092896,0.30000001192092896,0.30000001192092896,0.30000001192092896
61.8,0,0.5087893009185791,-0.10097366571426392,-0.04243854433298111,0.30621927976608276,5.0,0.0,0.17711883783340454,0.11599186807870865,0,3,1,1,0.0,12.052597999572754,13.623678207397461,3.534778356552124,0.7446656823158264,0.2299794703722,0.8858386278152466,0.15146982669830322,0.19714276492595673,0.04934855177998543,0.17746536433696747,0.05080905929207802,63.0,-36.5,22.799999237060547,23.100000381469727,0.699999988079071,0.0,20.100000381469727,0.0,0.30000001192092896,0.30000001192092896,0.30000001192092896,0.30000001192092896
61.85,0,0.5095725059509277,-0.10059282928705215,-0.04748101159930229,0.3063029646873474,5.0,0.0,0.17814362049102783,0.115793377161026,0,3,1,1,0.0,12.374137878417969,14.1371488571167,2.5061705112457275,0.7454935908317566,0.22982066869735718,0.8866506218910217,0.1513577103614807,0.19789648056030273,0.04940129444003105,0.17819033563137054,0.05094863846898079,63.0,-36.5,22.799999237060547,23.100000381469727,0.699999988079071,0.0,20.100000381469727,0.0,0.30000001192092896,0.30000001192092896,0.30000001192092896,0.30000001192092896
61.9,0,0.5103621482849121,-0.10022648423910141,-0.044788286089897156,0.30638158321380615,5.0,0.0,0.17785434424877167,0.11562374979257584,0,3,1,1,0.0,12.237370491027832,13.868034362792969,2.6498794555664062,0.7463269829750061,0.22966037690639496,0.8874659538269043,0.1512308269739151,0.19866366684436798,0.04944103583693504,0.17892609536647797,0.05108102783560753,63.0,-36.5,22.799999237060547,23.100000381469727,0.699999988079071,0.0,20.100000381469727,0.0,0.30000001192092896,0.30000001192092896,0.30000001192092896,0.30000001192092896
61.949999999999996,0,0.5111759901046753,-0.09986037015914917,-0.046467989683151245,0.3064664602279663,5.0,0.0,0.17686894536018372,0.11542869359254837,0,3,1,1,0.0,12.444339752197266,14.190213203430176,2.4290378093719482,0.7471846342086792,0.22948060929775238,0.8882983326911926,0.15108731389045715,0.19944466650485992,0.049470286816358566,0.1796773225069046,0.05120490863919258,63.0,-36.5,22.799999237060547,23.100000381469727,0.699999988079071,0.0,20.100000381469727,0.0,0.30000001192092896,0.30000001192092896,0.30000001192092896,0.30000001192092896
62.0,0,0.5120051503181458,-0.09951271116733551,-0.044541049748659134,0.30656057596206665,5.0,0.0,0.1776895970106125,0.11524643748998642,0,3,1,1,0.0,12.218775749206543,13.576160430908203,2.6746349334716797,0.7480549216270447,0.2292967587709427,0.8891429901123047,0.15092790126800537,0.20024096965789795,0.04948582127690315,0.18043343722820282,0.051320042461156845,63.0,-36.5,22.799999237060547,23.100000381469727,0.699999988079071,0.0,20.100000381469727,0.0,0.30000001192092896,0.30000001192092896,0.30000001192092896,0.30000001192092896
62.05,0,0.5128481984138489,-0.09914914518594742,-0.04528944194316864,0.3066514730453491,5.0,0.0,0.17773708701133728,0.11506172269582748,0,3,1,1,0.0,12.357481002807617,13.746578216552734,2.534205436706543,0.7489417791366577,0.2290918380022049,0.8899993896484375,0.1507510244846344,0.2010502815246582,0.04948972910642624,0.1812068521976471,0.05142400413751602,63.0,-36.5,22.799999237060547,23.100000381469727,0.699999988079071,0.0,20.100000381469727,0.0,0.30000001192092896,0.30000001192092896,0.30000001192092896,0.30000001192092896
62.1,0,0.5137012004852295,-0.09878560900688171,-0.043727003037929535,0.3067467212677002,5.0,0.0,0.17785347998142242,0.11488042026758194,0,3,1,1,0.0,12.33061408996582,13.674077987670898,2.5728697776794434,0.7498385906219482,0.22887596487998962,0.8908639550209045,0.15055610239505768,0.20187099277973175,0.049480926245450974,0.18198555707931519,0.05151757970452309,63.0,-36.5,22.799999237060547,23.100000381469727,0.699999988079071,0.0,20.100000381469727,0.0,0.30000001192092896,0.30000001192092896,0.30000001192092896,0.30000001192092896
62.15,0,0.5145654678344727,-0.09840864688158035,-0.045711833983659744,0.3068379759788513,5.0,0.0,0.1784316599369049,0.11468769609928131,0,3,1,1,0.0,12.54442024230957,13.988252639770508,2.2790331840515137,0.7507470846176147,0.228639617562294,0.891741931438446,0.15034174919128418,0.20270295441150665,0.04945855960249901,0.1827823519706726,0.05159934610128403,63.0,-36.5,22.799999237060547,23.100000381469727,0.699999988079071,0.0,20.100000381469727,0.0,0.30000001192092896,0.30000001192092896,0.30000001192092896,0.30000001192092896
62.199999999999996,0,0.5153018236160278,-0.09829270839691162,-0.05179166421294212,0.3068419098854065,5.0,0.0,0.18260860443115234,0.11453548073768616,0,3,1,1,0.0,12.128422737121582,14.097225189208984,2.5607595443725586,0.7514962553977966,0.2285812497138977,0.8924745321273804,0.15034563839435577,0.2034861296415329,0.04942355677485466,0.1835266798734665,0.05166608840227127,63.0,-36.5,22.799999237060547,23.100000381469727,0.699999988079071,0.0,20.100000381469727,0.0,0.30000001192092896,0.30000001192092896,0.30000001192092896,0.30000001192092896
62.25,0,0.5160049796104431,-0.09828542172908783,-0.05518491193652153,0.30683064460754395,5.0,0.0,0.1824646294116974,0.11441802978515625,0,3,1,1,0.0,12.144140243530273,14.255159378051758,2.4178857803344727,0.752199649810791,0.228586807847023,0.8931615352630615,0.15038836002349854,0.20425742864608765,0.04937732592225075,0.18424560129642487,0.051720645278692245,63.0,-36.5,22.799999237060547,23.100000381469727,0.699999988079071,0.0,20.100000381469727,0.0,0.30000001192092896,0.30000001192092896,0.30000001192092896,0.30000001192092896
62.3,0,0.5167396068572998,-0.09832896292209625,-0.053455956280231476,0.3068220615386963,5.0,0.0,0.18155162036418915,0.11426044255495071,0,3,1,1,0.0,12.109745025634766,14.052730560302734,2.5587265491485596,0.7529278993606567,0.22859278321266174,0.8938682675361633,0.15042182803153992,0.20504087209701538,0.04931953176856041,0.18498718738555908,0.05176491290330887,63.0,-36.5,22.799999237060547,23.100000381469727,0.699999988079071,0.0,20.100000381469727,0.0,0.30000001192092896,0.30000001192092896,0.30000001192092896,0.30000001192092896
62.35,0,0.5174805521965027,-0.09840098768472672,-0.052395738661289215,0.30681830644607544,5.0,0.0,0.181693434715271,0.11417300254106522,0,3,1,1,0.0,12.139425277709961,13.917614936828613,2.6562488079071045,0.7536603808403015,0.22860682010650635,0.8945830464363098,0.1504461020231247,0.2058386206626892,0.049249134957790375,0.18572771549224854,0.05179840326309204,63.0,-36.5,22.799999237060547,23.100000381469727,0.699999988079071,0.0,20.100000381469727,0.0,0.30000001192092896,0.30000001192092896,0.30000001192092896,0.30000001192092896
62.4,0,0.518235981464386,-0.09847903251647949,-0.053329769521951675,0.30682629346847534,5.0,0.0,0.1812959909439087,0.11408156156539917,0,3,1,1,0.0,12.075990676879883,13.661789894104004,2.7251455783843994,0.7544078230857849,0.22859925031661987,0.8953137397766113,0.15045922994613647,0.20665103197097778,0.0491594523191452,0.18646852672100067,0.0518222451210022,63.0,-36.5,22.799999237060547,23.100000381469727,0.699999988079071,0.0,20.100000381469727,0.0,0.30000001192092896,0.30000001192092896,0.30000001192092896,0.30000001192092896
62.449999999999996,0,0.5190287232398987,-0.09849420189857483,-0.060156360268592834,0.3068394362926483,5.0,0.0,0.17953988909721375,0.11375108361244202,0,3,1,1,0.0,12.526911735534668,14.616249084472656,2.356874465942383,0.7551987767219543,0.22851155698299408,0.8960707187652588,0.15045785903930664,0.2074451744556427,0.049061551690101624,0.18723970651626587,0.051828350871801376,63.0,-36.5,22.799999237060547,23.100000381469727,0.699999988079071,0.0,20.100000381469727,0.0,0.30000001192092896,0.30000001192092896,0.30000001192092896,0.30000001192092896
62.5,0,0.519832193851471,-0.09853417426347733,-0.060164548456668854,0.306856632232666,5.0,0.0,0.18198974430561066,0.1134469211101532,0,3,1,1,0.0,12.472591400146484,14.218573570251465,2.3061842918395996,0.7559981942176819,0.22841940820217133,0.8968384265899658,0.1504453718662262,0.20825859904289246,0.04894346371293068,0.18801553547382355,0.051829949021339417,63.0,-36.5,22.799999237060547,23.100000381469727,0.699999988079071,0.0,20.100000381469727,0.0,0.30000001192092896,0.30000001192092896,0.30000001192092896,0.30000001192092896
62.55,0,0.5206433534622192,-0.09857873618602753,-0.06062250956892967,0.3068726062774658,5.0,0.0,0.17966614663600922,0.11316826194524765,0,3,1,1,0.0,12.521454811096191,14.578341484069824,2.32977557182312,0.7568029165267944,0.22832538187503815,0.8976200222969055,0.15042118728160858,0.20908010005950928,0.048815228044986725,0.18880289793014526,0.051813747733831406,63.0,-36.5,22.799999237060547,23.100000381469727,0.699999988079071,0.0,20.100000381469727,0.0,0.30000001192092896,0.30000001192092896,0.30000001192092896,0.30000001192092896
62.6,0,0.5214664340019226,-0.09862948954105377,-0.060894425958395004,0.30689311027526855,5.0,0.0,0.18177443742752075,0.11287631094455719,0,3,1,1,0.0,12.468480110168457,14.299802780151367,2.2497446537017822,0.7576206922531128,0.2282111495733261,0.8984093070030212,0.1503840684890747,0.2099166065454483,0.04866667836904526,0.1895948201417923,0.05179072543978691,63.0,-36.5,22.799999237060547,23.100000381469727,0.699999988079071,0.0,20.100000381469727,0.0,0.30000001192092896,0.30000001192092896,0.30000001192092896,0.30000001192092896
62.65,0,0.5221527814865112,-0.09886610507965088,-0.06570377200841904,0.30682745575904846,5.0,0.0,0.1828410029411316,0.11268355697393417,0,3,1,1,0.0,12.276466369628906,14.842325210571289,2.515317678451538,0.7582758665084839,0.22825808823108673,0.899053156375885,0.15050970017910004,0.21069972217082977,0.048517484217882156,0.19033610820770264,0.05175274237990379,63.0,-36.5,22.799999237060547,23.100000381469727,0.699999988079071,0.0,20.100000381469727,0.0,0.30000001192092896,0.30000001192092896,0.30000001192092896,0.30000001192092896
62.699999999999996,0,0.5228531360626221,-0.09919174760580063,-0.06678704172372818,0.30676764249801636,5.0,0.0,0.18522615730762482,0.11246682703495026,0,3,1,1,0.0,12.134693145751953,14.372603416442871,2.431687831878662,0.7589365839958191,0.22832831740379333,0.8996996283531189,0.1506527066230774,0.2114936113357544,0.04835117980837822,0.19107426702976227,0.05171072855591774,63.0,-36.5,22.799999237060547,23.100000381469727,0.699999988079071,0.0,20.100000381469727,0.0,0.30000001192092896,0.30000001192092896,0.30000001192092896,0.30000001192092896
62.75,0,0.5235826373100281,-0.09955727308988571,-0.06676620244979858,0.3067166209220886,5.0,0.0,0.18249768018722534,0.11223269253969193,0,3,1,1,0.0,12.249372482299805,14.7626953125,2.451040506362915,0.7596204876899719,0.22839497029781342,0.9003673791885376,0.15079307556152344,0.2122977077960968,0.04817337170243263,0.1918279528617859,0.05164961516857147,63.0,-36.5,22.799999237060547,23.100000381469727,0.699999988079071,0.0,20.100000381469727,0.0,0.30000001192092896,0.30000001192092896,0.30000001192092896,0.30000001192092896
62.8,0,0.5242128968238831,-0.09980644285678864,-0.04775073379278183,0.3066200315952301,5.0,0.0,0.1885133683681488,0.11225449293851852,0,3,1,1,0.0,11.702024459838867,14.02933406829834,3.1074883937835693,0.7602182030677795,0.22851000726222992,0.9010040163993835,0.15092547237873077,0.21298444271087646,0.048117198050022125,0.19254887104034424,0.05158856511116028,63.0,-36.5,22.799999237060547,23.100000381469727,0.699999988079071,0.0,20.100000381469727,0.0,0.30000001192092896,0.30000001192092896,0.30000001192092896,0.30000001192092896
62.85,0,0.5247102975845337,-0.09985610842704773,-0.05497119203209877,0.30647921562194824,5.0,0.0,0.18728549778461456,0.11260680109262466,0,3,1,1,0.0,11.74346923828125,13.97370719909668,3.0296971797943115,0.7607048153877258,0.22866539657115936,0.90159010887146,0.15104012191295624,0.21349787712097168,0.04823202267289162,0.19320891797542572,0.05152641981840134,63.0,-36.5,22.799999237060547,23.100000381469727,0.699999988079071,0.0,20.100000381469727,0.0,0.30000001192092896,0.30000001192092896,0.30000001192092896,0.30000001192092896
62.9,0,0.5252547264099121,-0.09997344017028809,-0.05340009555220604,0.30636081099510193,5.0,0.0,0.18503926694393158,0.11290567368268967,0,3,1,1,0.0,11.608083724975586,13.995002746582031,3.115764856338501,0.7612305283546448,0.22882716357707977,0.9021913409233093,0.15114954113960266,0.21402914822101593,0.04834564030170441,0.1938813030719757,0.05145086348056793,63.0,-36.5,22.799999237060547,23.100000381469727,0.699999988079071,0.0,20.100000381469727,0.0,0.30000001192092896,0.30000001192092896,0.30000001192092896,0.30000001192092896
62.949999999999996,0,0.5258135199546814,-0.10018325597047806,-0.05275256931781769,0.30626776814460754,5.0,0.0,0.18466560542583466,0.11336744576692581,0,3,1,1,0.0,11.645806312561035,13.735397338867188,3.254073143005371,0.7617578506469727,0.2290503978729248,0.9027994275093079,0.1512565016746521,0.2145838886499405,0.04845975711941719,0.19453749060630798,0.05136844888329506,63.0,-36.5,22.799999237060547,23.100000381469727,0.699999988079071,0.0,20.100000381469727,0.0,0.30000001192092896,0.30000001192092896,0.30000001192092896,0.30000001192092896
63.0,0,0.5263849496841431,-0.10039830952882767,-0.051765527576208115,0.30618032813072205,5.0,0.0,0.1835879385471344,0.11382646858692169,0,3,1,1,0.0,11.875651359558105,14.00682544708252,3.117891311645508,0.7622995972633362,0.22926098108291626,0.903410017490387,0.1513546258211136,0.21514257788658142,0.04857228323817253,0.1951957643032074,0.05127762258052826,63.0,-36.5,22.799999237060547,23.100000381469727,0.699999988079071,0.0,20.100000381469727,0.0,0.30000001192092896,0.30000001192092896,0.30000001192092896,0.30000001192092896
63.05,0,0.5269871950149536,-0.1006331816315651,-0.05226100608706474,0.30610549449920654,5.0,0.0,0.18343178927898407,0.1142277643084526,0,3,1,1,0.0,11.742231369018555,13.77927017211914,3.1011877059936523,0.7628688216209412,0.229469895362854,0.9040358066558838,0.15144598484039307,0.21572616696357727,0.04867708683013916,0.1958685666322708,0.05117424950003624,63.0,-36.5,22.799999237060547,23.100000381469727,0.699999988079071,0.0,20.100000381469727,0.0,0.30000001192092896,0.30000001192092896,0.30000001192092896,0.30000001192092896
63.1,0,0.5275976657867432,-0.10089105367660522,-0.05566127970814705,0.3060363829135895,5.0,0.0,0.18299323320388794,0.11467497050762177,0,3,1,1,0.0,11.869181632995605,13.915465354919434,3.0497090816497803,0.7634419202804565,0.2296905666589737,0.9046714305877686,0.15153124928474426,0.21632272005081177,0.048777688294649124,0.19654425978660583,0.05106094479560852,63.0,-36.5,22.799999237060547,23.100000381469727,0.699999988079071,0.0,20.100000381469727,0.0,0.30000001192092896,0.30000001192092896,0.30000001192092896,0.30000001192092896
63.15,0,0.5282184481620789,-0.10116726160049438,-0.053977757692337036,0.30597352981567383,5.0,0.0,0.1828988492488861,0.11514967679977417,0,3,1,1,0.0,11.9155855178833,13.936572074890137,3.01019549369812,0.7640240788459778,0.22991715371608734,0.9053117632865906,0.15160897374153137,0.21693013608455658,0.048873838037252426,0.19722111523151398,0.050937820225954056,63.0,-36.5,22.799999237060547,23.100000381469727,0.699999988079071,0.0,20.100000381469727,0.0,0.30000001192092896,0.30000001192092896,0.30000001192092896,0.30000001192092896
63.199999999999996,0,0.528843343257904,-0.10144585371017456,-0.05811091512441635,0.3059195280075073,5.0,0.0,0.18244343996047974,0.11563775688409805,0,3,1,1,0.0,12.025598526000977,14.136734962463379,2.7817447185516357,0.7646088004112244,0.23013795912265778,0.905959963798523,0.15167732536792755,0.2175476849079132,0.04896187782287598,0.1978946179151535,0.05080406367778778,63.0,-36.5,22.799999237060547,23.100000381469727,0.699999988079071,0.0,20.100000381469727,0.0,0.30000001192092896,0.30000001192092896,0.30000001192092896,0.30000001192092896
63.25,0,0.5294815897941589,-0.10165979713201523,-0.05187949910759926,0.3058743476867676,5.0,0.0,0.18188950419425964,0.11603312939405441,0,3,1,1,0.0,11.92699146270752,13.898962020874023,2.969165086746216,0.765216588973999,0.2303280383348465,0.9066147208213806,0.1517375409603119,0.2181774079799652,0.0490470789372921,0.19857390224933624,0.05072379484772682,63.0,-36.5,22.799999237060547,23.100000381469727,0.699999988079071,0.0,20.100000381469727,0.0,0.30000001192092896,0.30000001192092896,0.30000001192092896,0.30000001192092896
63.3,0,0.530138373374939,-0.10183382779359818,-0.056800007820129395,0.3058425486087799,5.0,0.0,0.180927574634552,0.11633078008890152,0,3,1,1,0.0,12.06909465789795,14.372426986694336,2.581141233444214,0.7658476829528809,0.23047871887683868,0.9072829484939575,0.15178629755973816,0.21881647408008575,0.04912511631846428,0.19925835728645325,0.050640903413295746,63.0,-36.5,22.799999237060547,23.100000381469727,0.699999988079071,0.0,20.100000381469727,0.0,0.30000001192092896,0.30000001192092896,0.30000001192092896,0.30000001192092896
63.35,0,0.5307943224906921,-0.10205095261335373,-0.054446641355752945,0.305806040763855,5.0,0.0,0.18107785284519196,0.11672266572713852,0,3,1,1,0.0,12.004267692565918,14.07403564453125,2.7466061115264893,0.7664725184440613,0.23065568506717682,0.9079527258872986,0.15182718634605408,0.2194635570049286,0.049196384847164154,0.19994597136974335,0.05054480955004692,63.0,-36.5,22.799999237060547,23.100000381469727,0.699999988079071,0.0,20.100000381469727,0.0,0.30000001192092896,0.30000001192092896,0.30000001192092896,0.30000001192092896
63.4,0,0.5314537286758423,-0.10226976871490479,-0.05741037800908089,0.3057783842086792,5.0,0.0,0.18088439106941223,0.1171380802989006,0,3,1,1,0.0,12.105636596679688,13.904129028320312,2.8078393936157227,0.7670989632606506,0.23082557320594788,0.9086320400238037,0.15185941755771637,0.2201215773820877,0.04925823211669922,0.20063050091266632,0.05043843016028404,63.0,-36.5,22.799999237060547,23.100000381469727,0.699999988079071,0.0,20.100000381469727,0.0,0.30000001192092896,0.30000001192092896,0.30000001192092896,0.30000001192092896
63.449999999999996,0,0.5321218371391296,-0.10230673849582672,-0.048209965229034424,0.305769681930542,5.0,0.0,0.17955097556114197,0.11731161922216415,0,3,1,1,0.0,12.012709617614746,13.975943565368652,2.8837857246398926,0.7677625417709351,0.2309027910232544,0.9093078970909119,0.15187758207321167,0.22078846395015717,0.04931547865271568,0.20130710303783417,0.05042673274874687,63.0,-36.5,22.799999237060547,23.100000381469727,0.699999988079071,0.0,20.100000381469727,0.0,0.30000001192092896,0.30000001192092896,0.30000001192092896,0.30000001192092896
63.5,0,0.5328052043914795,-0.10225145518779755,-0.052953366190195084,0.30578768253326416,5.0,0.0,0.17869523167610168,0.1173534169793129,0,3,1,1,0.0,12.089338302612305,13.863080978393555,3.0196821689605713,0.7684529423713684,0.23091988265514374,0.9099992513656616,0.15188293159008026,0.22146904468536377,0.04936476796865463,0.2019762545824051,0.0504608079791069,63.0,-36.5,22.799999237060547,23.100000381469727,0.699999988079071,0.0,20.100000381469727,0.0,0.30000001192092896,0.30000001192092896,0.30000001192092896,0.30000001192092896
63.55,0,0.5335161685943604,-0.10222484171390533,-0.05065494775772095,0.30581134557724,5.0,0.0,0.178569495677948,0.11738342046737671,0,3,1,1,0.0,11.983306884765625,13.75609016418457,3.146958351135254,0.769170343875885,0.23092719912528992,0.9107024669647217,0.1518777459859848,0.22215396165847778,0.04940718039870262,0.20265816152095795,0.05048631504178047,63.0,-36.5,22.799999237060547,23.100000381469727,0.699999988079071,0.0,20.100000381469727,0.0,0.30000001192092896,0.30000001192092896,0.30000001192092896,0.30000001192092896
63.6,0,0.5342538356781006,-0.10218943655490875,-0.04951660707592964,0.30584079027175903,5.0,0.0,0.1774606853723526,0.11736739426851273,0,3,1,1,0.0,12.04328441619873,13.786056518554688,2.9955244064331055,0.7699131369590759,0.23092104494571686,0.9114304780960083,0.15185968577861786,0.22286675870418549,0.04943889006972313,0.2033635526895523,0.050500672310590744,63.0,-36.5,22.799999237060547,23.100000381469727,0.699999988079071,0.0,20.100000381469727,0.0,0.2999999523162842,0.2999999523162842,0.30000001192092896,0.30000007152557373
63.65,0,0.5350137948989868,-0.10217591375112534,-0.05245896801352501,0.3058839440345764,5.0,0.0,0.1782609224319458,0.11738398671150208,0,3,1,1,0.0,12.077400207519531,13.81948184967041,2.818124532699585,0.7706766128540039,0.2309180349111557,0.9121739864349365,0.15182967483997345,0.22360549867153168,0.04946082457900047,0.2040739208459854,0.050505805760622025,63.0,-36.5,22.799999237060547,23.100000381469727,0.699999988079071,0.0,20.100000381469727,0.0,0.2999999523162842,0.2999999523162842,0.30000001192092896,0.30000007152557373
63.699999999999996,0,0.5357736349105835,-0.10214449465274811,-0.05469735711812973,0.3059226870536804,5.0,0.0,0.17787086963653564,0.11740420758724213,0,3,1,1,0.0,12.236374855041504,14.115090370178223,2.6030359268188477,0.7714396715164185,0.2308967560529709,0.9129316806793213,0.1517864465713501,0.2243446707725525,0.04947231709957123,0.20479418337345123,0.05050202086567879,63.0,-36.5,22.799999237060547,23.100000381469727,0.699999988079071,0.0,20.100000381469727,0.0,0.2999999523162842,0.2999999523162842,0.30000001192092896,0.30000007152557373
63.75,0,0.5365484952926636,-0.1021212786436081,-0.0542810782790184,0.30595606565475464,5.0,0.0,0.1781882345676422,0.11745340377092361,0,3,1,1,0.0,12.222522735595703,13.801257133483887,2.7761359214782715,0.7722184658050537,0.2308695912361145,0.9137012362480164,0.15173079073429108,0.22509826719760895,0.04947292059659958,0.2055327147245407,0.05048371106386185,63.0,-36.5,22.799999237060547,23.100000381469727,0.699999988079071,0.0,20.100000381469727,0.0,0.2999999523162842,0.2999999523162842,0.30000001192092896,0.30000007152557373
63.8,0,0.5373308658599854,-0.10210191458463669,-0.052894845604896545,0.30600041151046753,5.0,0.0,0.1782287359237671,0.11752878129482269,0,3,1,1,0.0,12.199878692626953,13.795363426208496,2.743821620941162,0.773003101348877,0.2308371365070343,0.914483904838562,0.15166118741035461,0.22586661577224731,0.0494612380862236,0.20626963675022125,0.05045768991112709,63.0,-36.5,22.799999237060547,23.100000381469727,0.699999988079071,0.0,20.100000381469727,0.0,0.2999999523162842,0.2999999523162842,0.30000001192092896,0.30000007152557373
63.85,0,0.53813236951828,-0.1020745113492012,-0.05616150051355362,0.30604907870292664,5.0,0.0,0.17715471982955933,0.11758695542812347,0,3,1,1,0.0,12.184957504272461,13.81153392791748,2.6466429233551025,0.7738087177276611,0.2307840883731842,0.9152820110321045,0.15157672762870789,0.22665129601955414,0.049436524510383606,0.2070198953151703,0.05042107030749321,63.0,-36.5,22.799999237060547,23.100000381469727,0.699999988079071,0.0,20.100000381469727,0.0,0.2999999523162842,0.2999999523162842,0.30000001192092896,0.30000007152557373
63.9,0,0.5389413833618164,-0.10205245763063431,-0.05329351872205734,0.30609214305877686,5.0,0.0,0.17757387459278107,0.1176764965057373,0,3,1,1,0.0,12.24948501586914,13.824057579040527,2.561152219772339,0.7746201753616333,0.23072563111782074,0.9160931706428528,0.15147855877876282,0.22744503617286682,0.04940013214945793,0.20778517425060272,0.05036857724189758,63.0,-36.5,22.799999237060547,23.100000381469727,0.699999988079071,0.0,20.100000381469727,0.0,0.2999999523162842,0.2999999523162842,0.30000001192092896,0.30000007152557373
63.949999999999996,0,0.5397587418556213,-0.10203450918197632,-0.052318766713142395,0.30614304542541504,5.0,0.0,0.17788438498973846,0.11780358850955963,0,3,1,1,0.0,12.24116325378418,13.546651840209961,2.903449773788452,0.7754400372505188,0.23066262900829315,0.9169148802757263,0.1513643115758896,0.2282581776380539,0.049349743872880936,0.20855122804641724,0.0503067821264267,63.0,-36.5,22.799999237060547,23.100000381469727,0.699999988079071,0.0,20.100000381469727,0.0,0.2999999523162842,0.2999999523162842,0.30000001192092896,0.30000007152557373
64.0,0,0.5405856370925903,-0.10200189799070358,-0.05629543215036392,0.3062039613723755,5.0,0.0,0.17749081552028656,0.1179211363196373,0,3,1,1,0.0,12.645806312561035,14.51361083984375,2.108619451522827,0.7762696146965027,0.23057599365711212,0.9177515506744385,0.1512342244386673,0.22907987236976624,0.04928508400917053,0.20931898057460785,0.050230566412210464,63.0,-36.5,22.799999237060547,23.100000381469727,0.699999988079071,0.0,20.100000381469727,0.0,0.2999999523162842,0.2999999523162842,0.30000001192092896,0.30000007152557373
64.05,0,0.5414270758628845,-0.10198039561510086,-0.05665948987007141,0.30626389384269714,5.0,0.0,0.17750847339630127,0.11803163588047028,0,3,1,1,0.0,12.381610870361328,13.967581748962402,2.1003847122192383,0.7771134972572327,0.2304760217666626,0.9185999035835266,0.15108853578567505,0.2299104928970337,0.04920297488570213,0.2101002037525177,0.05014563724398613,63.0,-36.5,22.799999237060547,23.100000381469727,0.699999988079071,0.0,20.100000381469727,0.0,0.2999999523162842,0.2999999523162842,0.30000001192092896,0.30000007152557373
64.1,0,0.5422695875167847,-0.10191471874713898,-0.05317237600684166,0.3063034415245056,5.0,0.0,0.17779558897018433,0.11808078736066818,0,3,1,1,0.0,12.284558296203613,13.393682479858398,2.6888837814331055,0.7779606580734253,0.2303362935781479,0.9194611310958862,0.15092484652996063,0.2307332158088684,0.04910885542631149,0.21091054379940033,0.05003977194428444,63.0,-36.5,22.799999237060547,23.100000381469727,0.699999988079071,0.0,20.100000381469727,0.0,0.2999999523162842,0.2999999523162842,0.30000001192092896,0.30000007152557373
64.15,0,0.5430653095245361,-0.10194551944732666,-0.05841686949133873,0.3063124418258667,5.0,0.0,0.18423379957675934,0.1181359589099884,0,3,1,1,0.0,11.948676109313965,13.902016639709473,3.07236647605896,0.778751015663147,0.2302514910697937,0.9202672243118286,0.15085509419441223,0.23154540359973907,0.049000538885593414,0.21169839799404144,0.04992502182722092,63.0,-36.5,22.799999237060547,23.100000381469727,0.699999988079071,0.0,20.100000381469727,0.0,0.2999999523162842,0.2999999523162842,0.30000001192092896,0.30000007152557373
64.2,0,0.5436955690383911,-0.1017620861530304,-0.0480864979326725,0.3062877058982849,5.0,0.0,0.1790519803762436,0.11758904904127121,0,3,1,1,0.0,11.753416061401367,14.160863876342773,2.6646599769592285,0.7794022560119629,0.2301488071680069,0.9209011197090149,0.15097449719905853,0.23229707777500153,0.048891764134168625,0.21237397193908691,0.050108861178159714,63.0,-36.5,22.799999237060547,23.100000381469727,0.699999988079071,0.0,20.100000381469727,0.0,0.2999999523162842,0.2999999523162842,0.30000001192092896,0.30000007152557373
64.25,0,0.5443859100341797,-0.1016896590590477,-0.05047785863280296,0.30627861618995667,5.0,0.0,0.17855343222618103,0.1169876903295517,0,3,1,1,0.0,11.695291519165039,13.747306823730469,2.9303112030029297,0.7801017165184021,0.23006504774093628,0.921556830406189,0.1510903537273407,0.23307375609874725,0.048771876841783524,0.21307674050331116,0.05028272047638893,63.0,-36.5,22.799999237060547,23.100000381469727,0.699999988079071,0.0,20.100000381469727,0.0,0.2999999523162842,0.2999999523162842,0.30000001192092896,0.30000007152557373
64.3,0,0.5451067686080933,-0.10164192318916321,-0.05290457606315613,0.3062853217124939,5.0,0.0,0.1779400110244751,0.11631278693675995,0,3,1,1,0.0,11.796578407287598,14.000410079956055,2.68803334236145,0.7808290123939514,0.2299550473690033,0.9222352504730225,0.15119831264019012,0.2338578999042511,0.048634715378284454,0.21378761529922485,0.05044825002551079,63.0,-36.5,22.799999237060547,23.100000381469727,0.699999988079071,0.0,20.100000381469727,0.0,0.30000001192092896,0.30000001192092896,0.30000001192092896,0.30000001192092896
64.35,0,0.545854926109314,-0.10163963586091995,-0.05269571393728256,0.30630040168762207,5.0,0.0,0.17812679708003998,0.11562974750995636,0,3,1,1,0.0,11.717429161071777,13.831724166870117,2.816596746444702,0.7815792560577393,0.22984914481639862,0.9229278564453125,0.1513005495071411,0.23466093838214874,0.04848440736532211,0.2145105004310608,0.050605658441782,63.0,-36.5,22.799999237060547,23.100000381469727,0.699999988079071,0.0,20.100000381469727,0.0,0.30000001192092896,0.30000001192092896,0.30000001192092896,0.30000001192092896
64.4,0,0.5464892983436584,-0.10147791355848312,-0.04593009501695633,0.30626505613327026,5.0,0.0,0.18413884937763214,0.11519096791744232,0,3,1,1,0.0,11.69262981414795,13.757695198059082,3.1830291748046875,0.7822332978248596,0.22975340485572815,0.9235888123512268,0.15139196813106537,0.23531168699264526,0.04845529422163963,0.21519440412521362,0.05074801668524742,63.0,-36.5,22.799999237060547,23.100000381469727,0.699999988079071,0.0,20.100000381469727,0.0,0.30000001192092896,0.30000001192092896,0.30000001192092896,0.30000001192092896
64.45,0,0.547049343585968,-0.10124176740646362,-0.046783991158008575,0.3062005639076233,5.0,0.0,0.1832268238067627,0.11507903784513474,0,3,1,1,0.0,11.74146842956543,13.637845993041992,3.3660008907318115,0.7828195691108704,0.22974461317062378,0.9242228865623474,0.15147262811660767,0.2358660250902176,0.04856626316905022,0.21584923565387726,0.050879985094070435,63.0,-36.5,22.799999237060547,23.100000381469727,0.699999988079071,0.0,20.100000381469727,0.0,0.30000001192092896,0.30000001192092896,0.30000001192092896,0.30000001192092896
64.5,0,0.5476439595222473,-0.10105147957801819,-0.045681387186050415,0.3061571717262268,5.0,0.0,0.180783212184906,0.1149529367685318,0,3,1,1,0.0,11.7059965133667,13.996580123901367,2.9426417350769043,0.7834344506263733,0.22974161803722382,0.9248719811439514,0.15154671669006348,0.2364395707845688,0.048673879355192184,0.21651017665863037,0.051004521548748016,63.0,-36.5,22.799999237060547,23.100000381469727,0.699999988079071,0.0,20.100000381469727,0.0,0.30000001192092896,0.30000001192092896,0.30000001192092896,0.30000001192092896
64.55,0,0.5482655763626099,-0.10090608149766922,-0.04745343700051308,0.3061242699623108,5.0,0.0,0.17939895391464233,0.11482212692499161,0,3,1,1,0.0,11.827045440673828,14.01353645324707,2.9862558841705322,0.7840713262557983,0.2297513484954834,0.9255253672599792,0.15161392092704773,0.23702983558177948,0.04877853766083717,0.21718023717403412,0.05112176388502121,63.0,-36.5,22.799999237060547,23.100000381469727,0.699999988079071,0.0,20.100000381469727,0.0,0.30000001192092896,0.30000001192092896,0.30000001192092896,0.30000001192092896
64.6,0,0.5489095449447632,-0.10078732669353485,-0.04665955901145935,0.3061046600341797,5.0,0.0,0.18021516501903534,0.1147109866142273,0,3,1,1,0.0,11.663326263427734,13.67333698272705,3.0609028339385986,0.7847276329994202,0.22976607084274292,0.926193356513977,0.15167365968227386,0.23763646185398102,0.04887853190302849,0.21785549819469452,0.051231153309345245,63.0,-36.5,22.799999237060547,23.100000381469727,0.699999988079071,0.0,20.100000381469727,0.0,0.30000001192092896,0.30000001192092896,0.30000001192092896,0.30000001192092896
64.65,0,0.549561083316803,-0.10067141801118851,-0.04784707725048065,0.306086927652359,5.0,0.0,0.17992213368415833,0.11460823565721512,0,3,1,1,0.0,11.955753326416016,14.20003604888916,2.8243958950042725,0.7853907942771912,0.22977736592292786,0.926866888999939,0.1517246812582016,0.23825226724147797,0.04897351190447807,0.21853646636009216,0.05133277550339699,63.0,-36.5,22.799999237060547,23.100000381469727,0.699999988079071,0.0,20.100000381469727,0.0,0.30000001192092896,0.30000001192092896,0.30000001192092896,0.30000001192092896
64.7,0,0.5502316951751709,-0.10057701170444489,-0.055915944278240204,0.306077778339386,5.0,0.0,0.18334148824214935,0.11451935023069382,0,3,1,1,0.0,11.949383735656738,13.942126274108887,3.0031630992889404,0.786070704460144,0.22979001700878143,0.9275527596473694,0.15176762640476227,0.23888501524925232,0.0490616075694561,0.21922479569911957,0.05142446979880333,63.0,-36.5,22.799999237060547,23.100000381469727,0.699999988079071,0.0,20.100000381469727,0.0,0.30000001192092896,0.30000001192092896,0.30000001192092896,0.30000001192092896
64.75,0,0.5509037375450134,-0.10049772262573242,-0.05187606438994408,0.3060740828514099,5.0,0.0,0.17966078221797943,0.11445201933383942,0,3,1,1,0.0,11.772080421447754,14.12987232208252,2.924222946166992,0.7867490649223328,0.22981148958206177,0.9282411336898804,0.15180040895938873,0.23952597379684448,0.04914387688040733,0.21990962326526642,0.05150552839040756,63.0,-36.5,22.799999237060547,23.100000381469727,0.699999988079071,0.0,20.100000381469727,0.0,0.30000001192092896,0.30000001192092896,0.30000001192092896,0.30000001192092896
64.8,0,0.5515865683555603,-0.10041450709104538,-0.05003800988197327,0.3060726821422577,5.0,0.0,0.17891141772270203,0.11438285559415817,0,3,1,1,0.0,12.020236015319824,14.16130256652832,2.8061060905456543,0.787440836429596,0.2298148274421692,0.9289360642433167,0.15182480216026306,0.24017149209976196,0.04921811819076538,0.2205999791622162,0.05158323049545288,63.0,-36.5,22.799999237060547,23.100000381469727,0.699999988079071,0.0,20.100000381469727,0.0,0.30000001192092896,0.30000001192092896,0.30000001192092896,0.30000001192092896
64.85,0,0.5522879958152771,-0.10035735368728638,-0.05023561790585518,0.30607911944389343,5.0,0.0,0.18032293021678925,0.11434447765350342,0,3,1,1,0.0,12.038446426391602,13.950786590576172,2.8121354579925537,0.7881457209587097,0.22982971370220184,0.9296503067016602,0.15183959901332855,0.24084247648715973,0.04928451403975487,0.22130224108695984,0.051649972796440125,63.0,-36.5,22.799999237060547,23.100000381469727,0.699999988079071,0.0,20.100000381469727,0.0,0.30000001192092896,0.30000001192092896,0.30000001192092896,0.30000001192092896
64.9,0,0.5529829263687134,-0.1003132089972496,-0.047812316566705704,0.3060772716999054,5.0,0.0,0.18059900403022766,0.11437100917100906,0,3,1,1,0.0,11.992595672607422,13.994426727294922,2.7931711673736572,0.7888423204421997,0.22985926270484924,0.9303596019744873,0.15184421837329865,0.2415214329957962,0.04934356361627579,0.2220078408718109,0.05170534923672676,63.0,-36.5,22.799999237060547,23.100000381469727,0.699999988079071,0.0,20.100000381469727,0.0,0.30000001192092896,0.30000001192092896,0.30000001192092896,0.30000001192092896
64.95,0,0.5537030696868896,-0.10025164484977722,-0.052390601485967636,0.3060888350009918,5.0,0.0,0.17968568205833435,0.11432534456253052,0,3,1,1,0.0,12.148524284362793,14.285298347473145,2.4424095153808594,0.7895658016204834,0.2298547327518463,0.9310901761054993,0.1518375277519226,0.24221326410770416,0.04939288645982742,0.2227242887020111,0.05175492912530899,63.0,-36.5,22.799999237060547,23.100000381469727,0.699999988079071,0.0,20.100000381469727,0.0,0.30000001192092896,0.30000001192092896,0.30000001192092896,0.30000001192092896
65.0,0,0.5544252991676331,-0.10022655874490738,-0.04898327589035034,0.3060953617095947,5.0,0.0,0.18101613223552704,0.11435481160879135,0,3,1,1,0.0,12.08841609954834,13.943870544433594,2.790114402770996,0.790291428565979,0.22987233102321625,0.9318022131919861,0.15182094275951385,0.24291756749153137,0.04943389073014259,0.2234400361776352,0.05178949609398842,63.0,-36.5,22.799999237060547,23.100000381469727,0.699999988079071,0.0,20.100000381469727,0.0,0.30000001192092896,0.30000001192092896,0.30000001192092896,0.30000001192092896
65.05,0,0.5551612377166748,-0.10016603767871857,-0.05215223878622055,0.30611106753349304,5.0,0.0,0.1804068237543106,0.11432544887065887,0,3,1,1,0.0,12.230968475341797,14.345775604248047,2.5055062770843506,0.7910353541374207,0.22985410690307617,0.932525634765625,0.15178994834423065,0.2436341643333435,0.04946455731987953,0.22416070103645325,0.051817335188388824,63.0,-36.5,22.799999237060547,23.100000381469727,0.699999988079071,0.0,20.100000381469727,0.0,0.30000001192092896,0.30000001192092896,0.30000001192092896,0.30000001192092896
65.1,0,0.5559068322181702,-0.10012780874967575,-0.05059244856238365,0.3061293661594391,5.0,0.0,0.17999665439128876,0.11434489488601685,0,3,1,1,0.0,12.076021194458008,13.72991943359375,2.7811410427093506,0.7917858958244324,0.22984151542186737,0.9332618713378906,0.1517478972673416,0.24436232447624207,0.04948427900671959,0.22488811612129211,0.05183451622724533,63.0,-36.5,22.799999237060547,23.100000381469727,0.699999988079071,0.0,20.100000381469727,0.0,0.30000001192092896,0.30000001192092896,0.30000001192092896,0.30000001192092896
65.15,0,0.5566724538803101,-0.10006628930568695,-0.05442017316818237,0.306158185005188,5.0,0.0,0.18138150870800018,0.11431501060724258,0,3,1,1,0.0,12.30898380279541,13.894322395324707,2.681824207305908,0.7925594449043274,0.22979962825775146,0.9340168833732605,0.15169145166873932,0.24510040879249573,0.04949536174535751,0.22562474012374878,0.05184056609869003,63.0,-36.5,22.799999237060547,23.100000381469727,0.699999988079071,0.0,20.100000381469727,0.0,0.30000001192092896,0.30000001192092896,0.30000001192092896,0.30000001192092896
65.2,0,0.5574543476104736,-0.09999500960111618,-0.054618071764707565,0.3061956465244293,5.0,0.0,0.17909614741802216,0.11432034522294998,0,3,1,1,0.0,12.299482345581055,14.028429985046387,2.5621275901794434,0.7933465838432312,0.22974394261837006,0.9348136186599731,0.15162213146686554,0.24585483968257904,0.04949510097503662,0.22637590765953064,0.05183541402220726,63.0,-36.5,22.799999237060547,23.100000381469727,0.699999988079071,0.0,20.100000381469727,0.0,0.30000001192092896,0.30000001192092896,0.30000001192092896,0.30000001192092896
65.25,0,0.558260440826416,-0.09993048012256622,-0.05820489302277565,0.30623579025268555,5.0,0.0,0.18095071613788605,0.11429262906312943,0,3,1,1,0.0,12.574244499206543,14.155740737915039,2.461224317550659,0.7941595315933228,0.22967004776000977,0.9356189370155334,0.15153789520263672,0.24662399291992188,0.04948228970170021,0.2271428257226944,0.051818136125802994,63.0,-36.5,22.799999237060547,23.100000381469727,0.699999988079071,0.0,20.100000381469727,0.0,0.30000001192092896,0.30000001192092896,0.30000001192092896,0.30000001192092896
65.3,0,0.5590742826461792,-0.09983685612678528,-0.0560959130525589,0.306271493434906,5.0,0.0,0.1787407398223877,0.11425942182540894,0,3,1,1,0.0,12.454955101013184,14.185420036315918,2.4192230701446533,0.794981837272644,0.22957582771778107,0.9364448189735413,0.15143902599811554,0.24740418791770935,0.04945862665772438,0.2279278039932251,0.05178968980908394,63.0,-36.5,22.799999237060547,23.100000381469727,0.699999988079071,0.0,20.100000381469727,0.0,0.30000001192092896,0.30000001192092896,0.30000001192092896,0.30000001192092896
65.35,0,0.5598891973495483,-0.09976346790790558,-0.055523231625556946,0.3063059449195862,5.0,0.0,0.18246141076087952,0.11428754776716232,0,3,1,1,0.0,12.350637435913086,13.55556583404541,2.7830262184143066,0.7958036065101624,0.2294825315475464,0.9372742176055908,0.15132580697536469,0.24819807708263397,0.04941784590482712,0.22871500253677368,0.05174845829606056,63.0,-36.5,22.799999237060547,23.100000381469727,0.699999988079071,0.0,20.100000381469727,0.0,0.30000001192092896,0.30000001192092896,0.30000001192092896,0.30000001192092896
65.4,0,0.5607188940048218,-0.09969870746135712,-0.05600649118423462,0.306348592042923,5.0,0.0,0.17956595122814178,0.11434179544448853,0,3,1,1,0.0,12.50796890258789,14.126218795776367,2.3700814247131348,0.7966372966766357,0.22938752174377441,0.9381189346313477,0.1511968970298767,0.24900899827480316,0.049367547035217285,0.22950974106788635,0.05169496685266495,63.0,-36.5,22.799999237060547,23.100000381469727,0.699999988079071,0.0,20.100000381469727,0.0,0.30000001192092896,0.30000001192092896,0.30000001192092896,0.30000001192092896
65.45,0,0.5615710020065308,-0.09964559227228165,-0.052822280675172806,0.3063909411430359,5.0,0.0,0.17970745265483856,0.11438598483800888,0,3,1,1,0.0,12.146434783935547,13.41098403930664,2.6811635494232178,0.7974935173988342,0.22928115725517273,0.9389774799346924,0.151051327586174,0.24984270334243774,0.04929960519075394,0.2303241342306137,0.05163038894534111,63.0,-36.5,22.799999237060547,23.100000381469727,0.699999988079071,0.0,20.100000381469727,0.0,0.30000001192092896,0.30000001192092896,0.30000001192092896,0.30000001192092896
65.5,0,0.5624284148216248,-0.09957730770111084,-0.05322273448109627,0.30644702911376953,5.0,0.0,0.17921333014965057,0.1144280806183815,0,3,1,1,0.0,12.200984001159668,13.828747749328613,2.289093255996704,0.7983567118644714,0.22914636135101318,0.9398446679115295,0.1508880853652954,0.25068214535713196,0.04921471327543259,0.23113055527210236,0.05155050754547119,63.0,-36.5,22.799999237060547,23.100000381469727,0.699999988079071,0.0,20.100000381469727,0.0,0.30000001192092896,0.30000001192092896,0.30000001192092896,0.30000001192092896
65.55,0,0.5632325410842896,-0.09960343688726425,-0.06358077377080917,0.3064568340778351,5.0,0.0,0.18545028567314148,0.11450905352830887,0,3,1,1,0.0,12.009153366088867,14.654909133911133,2.561441421508789,0.7991539239883423,0.22908315062522888,0.9406455159187317,0.15079958736896515,0.2515087127685547,0.049121733754873276,0.23192879557609558,0.05146132409572601,63.0,-36.5,22.799999237060547,23.100000381469727,0.699999988079071,0.0,20.100000381469727,0.0,0.30000001192092896,0.30000001192092896,0.30000001192092896,0.30000001192092896
65.6,0,0.5638503432273865,-0.0999213457107544,-0.058972496539354324,0.3063691556453705,5.0,0.0,0.18421277403831482,0.11475533992052078,0,3,1,1,0.0,11.880143165588379,13.861871719360352,2.8177425861358643,0.7997270822525024,0.22925515472888947,0.9412668347358704,0.15092478692531586,0.2522660791873932,0.04902128875255585,0.2326342761516571,0.05136611685156822,63.0,-36.5,22.799999237060547,23.100000381469727,0.699999988079071,0.0,20.100000381469727,0.0,0.30000001192092896,0.30000001192092896,0.30000001192092896,0.30000001192092896
65.65,0,0.5645095705986023,-0.10028591006994247,-0.06212923675775528,0.3063046932220459,5.0,0.0,0.18317416310310364,0.11492754518985748,0,3,1,1,0.0,11.794107437133789,13.781749725341797,2.865666389465332,0.8003380298614502,0.22941946983337402,0.9419070482254028,0.15104733407497406,0.2530364990234375,0.04891062527894974,0.23334546387195587,0.05126028507947922,63.0,-36.5,22.799999237060547,23.100000381469727,0.699999988079071,0.0,20.100000381469727,0.0,0.30000001192092896,0.30000001192092896,0.30000001192092896,0.30000001192092896
65.7,0,0.5652016401290894,-0.10068335384130478,-0.06650874018669128,0.30624788999557495,5.0,0.0,0.18191535770893097,0.11503284424543381,0,3,1,1,0.0,12.029842376708984,14.220184326171875,2.702528476715088,0.8009784817695618,0.22956252098083496,0.9425695538520813,0.1511637270450592,0.25382000207901,0.048783496022224426,0.23407520353794098,0.05114166438579559,63.0,-36.5,22.799999237060547,23.100000381469727,0.699999988079071,0.0,20.100000381469727,0.0,0.30000001192092896,0.30000001192092896,0.30000001192092896,0.30000001192092896
65.75,0,0.5659168362617493,-0.10107408463954926,-0.06354530900716782,0.3062046468257904,5.0,0.0,0.1820204108953476,0.11506205797195435,0,3,1,1,0.0,12.023405075073242,14.331768035888672,2.5593488216400146,0.8016431331634521,0.22968299686908722,0.9432494640350342,0.1512719988822937,0.2546168863773346,0.04864382743835449,0.23481199145317078,0.0510392002761364,63.0,-36.5,22.799999237060547,23.100000381469727,0.699999988079071,0.0,20.100000381469727,0.0,0.30000001192092896,0.30000001192092896,0.30000001192092896,0.30000001192092896
65.8,0,0.5666572451591492,-0.10146711766719818,-0.07238314300775528,0.30617034435272217,5.0,0.0,0.18431027233600616,0.11504292488098145,0,3,1,1,0.0,11.897160530090332,13.660059928894043,2.9455652236938477,0.8023344874382019,0.22978587448596954,0.9439452290534973,0.15137425065040588,0.2554280757904053,0.048490218818187714,0.2355603128671646,0.05094338208436966,63.0,-36.5,22.799999237060547,23.100000381469727,0.699999988079071,0.0,20.100000381469727,0.0,0.30000001192092896,0.30000001192092896,0.30000001192092896,0.30000001192092896
65.85,0,0.5674086213111877,-0.10184498876333237,-0.0664064809679985,0.3061407804489136,5.0,0.0,0.1813509166240692,0.11497704684734344,0,3,1,1,0.0,12.07332992553711,14.35366153717041,2.3963212966918945,0.8030379414558411,0.22985972464084625,0.9446554183959961,0.15146689116954803,0.25624191761016846,0.04832381010055542,0.23631548881530762,0.050834354013204575,63.0,-36.5,22.799999237060547,23.100000381469727,0.699999988079071,0.0,20.100000381469727,0.0,0.30000001192092896,0.30000001192092896,0.30000001192092896,0.30000001192092896
65.9,0,0.5680113434791565,-0.10201950371265411,-0.058297835290431976,0.3060429096221924,5.0,0.0,0.1846558302640915,0.11535199731588364,0,3,1,1,0.0,11.795658111572266,13.783954620361328,2.971264123916626,0.8036136627197266,0.2300204336643219,0.9453181624412537,0.15155287086963654,0.2568753957748413,0.048369150608778,0.23702579736709595,0.050723250955343246,63.0,-36.5,22.799999237060547,23.100000381469727,0.699999988079071,0.0,20.100000381469727,0.0,0.30000001192092896,0.30000001192092896,0.30000001192092896,0.30000001192092896
65.95,0,0.568617045879364,-0.1021936759352684,-0.05938950926065445,0.30594855546951294,5.0,0.0,0.18334467709064484,0.11573614180088043,0,3,1,1,0.0,11.831096649169922,13.82065200805664,2.8977255821228027,0.8041922450065613,0.23017702996730804,0.9459812641143799,0.15162715315818787,0.2574898302555084,0.04842925816774368,0.2377336025238037,0.050603292882442474,63.0,-36.5,22.799999237060547,23.100000381469727,0.699999988079071,0.0,20.100000381469727,0.0,0.30000001192092896,0.30000001192092896,0.30000001192092896,0.30000001192092896
66.0,0,0.5692436099052429,-0.10219262540340424,-0.04677402228116989,0.3058953583240509,5.0,0.0,0.17870798707008362,0.1158323734998703,0,3,1,1,0.0,11.842835426330566,14.329937934875488,2.698221445083618,0.8048151135444641,0.23023506999015808,0.9466553330421448,0.1516888588666916,0.25812041759490967,0.04848472401499748,0.2384261190891266,0.05059937387704849,63.0,-36.5,22.799999237060547,23.100000381469727,0.699999988079071,0.0,20.100000381469727,0.0,0.30000001192092896,0.30000001192092896,0.30000001192092896,0.30000001192092896
66.05,0,0.5699194669723511,-0.10199680924415588,-0.05093328654766083,0.3058958053588867,5.0,0.0,0.1799352914094925,0.1155531108379364,0,3,1,1,0.0,11.819464683532715,13.835701942443848,2.848600149154663,0.8055148720741272,0.2301805466413498,0.9473527073860168,0.15173926949501038,0.258775919675827,0.048539385199546814,0.23911462724208832,0.05074425786733627,63.0,-36.5,22.799999237060547,23.100000381469727,0.699999988079071,0.0,20.100000381469727,0.0,0.30000001192092896,0.30000001192092896,0.30000001192092896,0.30000001192092896
66.1,0,0.5706122517585754,-0.10181619226932526,-0.05193120986223221,0.30590522289276123,5.0,0.0,0.17977477610111237,0.11526203155517578,0,3,1,1,0.0,11.842811584472656,13.848713874816895,2.812734842300415,0.8062291741371155,0.2301182895898819,0.9480605721473694,0.15177996456623077,0.25944504141807556,0.048584382981061935,0.2398088127374649,0.05088207498192787,63.0,-36.5,22.799999237060547,23.100000381469727,0.699999988079071,0.0,20.100000381469727,0.0,0.30000001192092896,0.30000001192092896,0.30000001192092896,0.30000001192092896
66.15,0,0.5713273882865906,-0.10165586322546005,-0.05371599644422531,0.3059212565422058,5.0,0.0,0.17974482476711273,0.11496591567993164,0,3,1,1,0.0,11.894638061523438,13.894253730773926,2.7177271842956543,0.8069635629653931,0.23005211353302002,0.9487812519073486,0.15181080996990204,0.26012787222862244,0.04862218722701073,0.24051517248153687,0.05101170018315315,63.0,-36.5,22.799999237060547,23.100000381469727,0.699999988079071,0.0,20.100000381469727,0.0,0.30000001192092896,0.30000001192092896,0.30000001192092896,0.30000001192092896
66.2,0,0.5720497965812683,-0.10150033980607986,-0.054292161017656326,0.30594003200531006,5.0,0.0,0.17982201278209686,0.1146870106458664,0,3,1,1,0.0,11.926289558410645,13.930315017700195,2.691570997238159,0.807704508304596,0.22998107969760895,0.9495093822479248,0.15183116495609283,0.26082098484039307,0.04865029454231262,0.2412261813879013,0.051132094115018845,63.0,-36.5,22.799999237060547,23.100000381469727,0.699999988079071,0.0,20.100000381469727,0.0,0.30000001192092896,0.30000001192092896,0.30000001192092896,0.30000001192092896
66.25,0,0.5727810263633728,-0.10133907943964005,-0.04899640381336212,0.305963397026062,5.0,0.0,0.1791340708732605,0.11439615488052368,0,3,1,1,0.0,11.909881591796875,14.191791534423828,2.6423821449279785,0.8084550499916077,0.22989247739315033,0.9502458572387695,0.1518401801586151,0.2615232467651367,0.04866652190685272,0.24194125831127167,0.051242951303720474,63.0,-36.5,22.799999237060547,23.100000381469727,0.699999988079071,0.0,20.100000381469727,0.0,0.30000001192092896,0.30000001192092896,0.30000001192092896,0.30000001192092896
66.3,0,0.5735264420509338,-0.10119182616472244,-0.05228156968951225,0.3059883415699005,5.0,0.0,0.17884932458400726,0.11409567296504974,0,3,1,1,0.0,12.042007446289062,14.23291015625,2.494793653488159,0.8092166781425476,0.22980105876922607,0.9509938359260559,0.15183883905410767,0.2622329294681549,0.04867572709918022,0.2426687777042389,0.051346343010663986,63.0,-36.5,22.799999237060547,23.100000381469727,0.699999988079071,0.0,20.100000381469727,0.0,0.30000001192092896,0.30000001192092896,0.30000001192092896,0.30000001192092896
66.35,0,0.5742971301078796,-0.10106706619262695,-0.05054798722267151,0.3060290217399597,5.0,0.0,0.17905545234680176,0.11378427594900131,0,3,1,1,0.0,11.835344314575195,13.8699951171875,2.786588191986084,0.8100014925003052,0.22970141470432281,0.9517579674720764,0.1518247425556183,0.2629568576812744,0.04867280647158623,0.24340073764324188,0.05143969506025314,63.0,-36.5,22.799999237060547,23.100000381469727,0.699999988079071,0.0,20.100000381469727,0.0,0.30000001192092896,0.30000001192092896,0.30000001192092896,0.30000001192092896
66.4,0,0.5750719904899597,-0.10091487318277359,-0.05479903146624565,0.3060593605041504,5.0,0.0,0.1794796735048294,0.11346805840730667,0,3,1,1,0.0,12.132339477539062,14.386571884155273,2.394134044647217,0.8107922077178955,0.22958295047283173,0.9525327086448669,0.15179722011089325,0.2636891305446625,0.0486619807779789,0.24415217339992523,0.05152314156293869,63.0,-36.5,22.799999237060547,23.100000381469727,0.699999988079071,0.0,20.100000381469727,0.0,0.30000001192092896,0.30000001192092896,0.30000001192092896,0.30000001192092896
66.45,0,0.5758491158485413,-0.10077358037233353,-0.05792929604649544,0.3060910701751709,5.0,0.0,0.1788128763437271,0.1131889745593071,0,3,1,1,0.0,12.1848726272583,14.536242485046387,2.3188281059265137,0.8115838766098022,0.22946380078792572,0.9533136487007141,0.15175804495811462,0.26443180441856384,0.048637524247169495,0.24490539729595184,0.05159628018736839,63.0,-36.5,22.799999237060547,23.100000381469727,0.699999988079071,0.0,20.100000381469727,0.0,0.30000001192092896,0.30000001192092896,0.30000001192092896,0.30000001192092896
66.5,0,0.5766330361366272,-0.10063835978507996,-0.05841206759214401,0.30612778663635254,5.0,0.0,0.1788206696510315,0.1129331886768341,0,3,1,1,0.0,12.166193962097168,14.605541229248047,2.2355599403381348,0.8123811483383179,0.22934119403362274,0.9541032910346985,0.15170586109161377,0.26518675684928894,0.048602260649204254,0.24566088616847992,0.05165930464863777,63.0,-36.5,22.799999237060547,23.100000381469727,0.699999988079071,0.0,20.100000381469727,0.0,0.30000001192092896,0.30000001192092896,0.30000001192092896,0.30000001192092896
66.55,0,0.5774226188659668,-0.10049913078546524,-0.054961275309324265,0.3061652183532715,5.0,0.0,0.1803964376449585,0.11267159879207611,0,3,1,1,0.0,12.060545921325684,14.038764953613281,2.301022529602051,0.813184916973114,0.2292022705078125,0.9548983573913574,0.15164057910442352,0.26594778895378113,0.048553235828876495,0.24642127752304077,0.05171388387680054,63.0,-36.5,22.799999237060547,23.100000381469727,0.699999988079071,0.0,20.100000381469727,0.0,0.30000001192092896,0.30000001192092896,0.30000001192092896,0.30000001192092896
66.6,0,0.5782247185707092,-0.10037009418010712,-0.051412101835012436,0.3062080144882202,5.0,0.0,0.18042385578155518,0.11242924630641937,0,3,1,1,0.0,12.134732246398926,14.202549934387207,2.226677894592285,0.8140010833740234,0.2290581315755844,0.955700159072876,0.15155953168869019,0.26672717928886414,0.04848991334438324,0.24718648195266724,0.0517539344727993,63.0,-36.5,22.799999237060547,23.100000381469727,0.699999988079071,0.0,20.100000381469727,0.0,0.30000001192092896,0.30000001192092896,0.30000001192092896,0.30000001192092896
66.65,0,0.579039454460144,-0.10021280497312546,-0.04962018504738808,0.30625325441360474,5.0,0.0,0.18038742244243622,0.11219994723796844,0,3,1,1,0.0,12.17509937286377,14.08663558959961,2.5261716842651367,0.814838707447052,0.22888855636119843,0.9564995169639587,0.15146471560001373,0.26751887798309326,0.04841629043221474,0.24795584380626678,0.05177987366914749,63.0,-36.5,22.799999237060547,23.100000381469727,0.699999988079071,0.0,20.100000381469727,0.0,0.30000001192092896,0.30000001192092896,0.30000001192092896,0.30000001192092896
66.7,0,0.5798717737197876,-0.1000625267624855,-0.05126646161079407,0.30631133913993835,5.0,0.0,0.18120411038398743,0.1119430661201477,0,3,1,1,0.0,12.250081062316895,13.85326099395752,2.484339714050293,0.8156923055648804,0.2287011295557022,0.9573165774345398,0.15135201811790466,0.26832807064056396,0.048324182629585266,0.2487296760082245,0.05180082470178604,63.0,-36.5,22.799999237060547,23.100000381469727,0.699999988079071,0.0,20.100000381469727,0.0,0.30000001192092896,0.30000001192092896,0.30000001192092896,0.30000001192092896
66.75,0,0.580712616443634,-0.09992892295122147,-0.050976671278476715,0.30637410283088684,5.0,0.0,0.1806388795375824,0.1117425188422203,0,3,1,1,0.0,12.416118621826172,14.166504859924316,2.2833454608917236,0.8165524005889893,0.22851459681987762,0.9581458568572998,0.15122443437576294,0.26915478706359863,0.04821716621518135,0.24950715899467468,0.05180723965167999,63.0,-36.5,22.799999237060547,23.100000381469727,0.699999988079071,0.0,20.100000381469727,0.0,0.30000001192092896,0.30000001192092896,0.30000001192092896,0.30000001192092896
66.8,0,0.5815700888633728,-0.09979084879159927,-0.0469541996717453,0.3064418435096741,5.0,0.0,0.17962677776813507,0.1115259975194931,0,3,1,1,0.0,12.38432788848877,13.89654541015625,2.5459518432617188,0.8174291849136353,0.22830849885940552,0.9589923620223999,0.1510792225599289,0.2699951231479645,0.04809405654668808,0.25029677152633667,0.05180097371339798,63.0,-36.5,22.799999237060547,23.100000381469727,0.699999988079071,0.0,20.100000381469727,0.0,0.30000001192092896,0.30000001192092896,0.30000001192092896,0.30000001192092896
66.85,0,0.5824412703514099,-0.09963449835777283,-0.049664974212646484,0.30650976300239563,5.0,0.0,0.18044458329677582,0.11129212379455566,0,3,1,1,0.0,12.457240104675293,13.984721183776855,2.305429458618164,0.818323016166687,0.228073850274086,0.9598520994186401,0.15091660618782043,0.27084770798683167,0.04795366898179054,0.25109943747520447,0.051779795438051224,63.0,-36.5,22.799999237060547,23.100000381469727,0.699999988079071,0.0,20.100000381469727,0.0,0.30000001192092896,0.30000001192092896,0.30000001192092896,0.30000001192092896
66.9,0,0.5831272006034851,-0.09926726669073105,-0.0408921092748642,0.30649057030677795,5.0,0.0,0.18383051455020905,0.11153915524482727,0,3,1,1,0.0,12.179220199584961,13.588820457458496,2.724874973297119,0.8190513849258423,0.22793519496917725,0.9606517553329468,0.15076079964637756,0.2714841961860657,0.04803768917918205,0.25184616446495056,0.051754388958215714,63.0,-36.5,22.799999237060547,23.100000381469727,0.699999988079071,0.0,20.100000381469727,0.0,0.30000001192092896,0.30000001192092896,0.30000001192092896,0.30000001192092896
66.95,0,0.5838097333908081,-0.09890767186880112,-0.04231809452176094,0.3064732849597931,5.0,0.0,0.18420986831188202,0.11195587366819382,0,3,1,1,0.0,12.357328414916992,13.8832426071167,2.674476385116577,0.8197738528251648,0.22785690426826477,0.9614498615264893,0.15059347450733185,0.272106409072876,0.04818570986390114,0.25258949398994446,0.051721107214689255,63.0,-36.5,22.799999237060547,23.100000381469727,0.699999988079071,0.0,20.100000381469727,0.0,0.30000001192092896,0.30000001192092896,0.30000001192092896,0.30000001192092896
67.0,0,0.5845240950584412,-0.09858232736587524,-0.04287752881646156,0.3064715564250946,5.0,0.0,0.1811661273241043,0.11236005276441574,0,3,1,1,0.0,12.30777645111084,13.77142333984375,2.753013849258423,0.8205249905586243,0.22777977585792542,0.9622586965560913,0.15041044354438782,0.27275002002716064,0.04832878336310387,0.25334182381629944,0.05167601630091667,63.0,-36.5,22.799999237060547,23.100000381469727,0.699999988079071,0.0,20.100000381469727,0.0,0.30000001192092896,0.30000001192092896,0.30000001192092896,0.30000001192092896
67.05,0,0.5852387547492981,-0.09834703058004379,-0.04533207416534424,0.3064596652984619,5.0,0.0,0.18887722492218018,0.11270521581172943,0,3,1,1,0.0,12.075888633728027,13.819263458251953,3.0854156017303467,0.8212668895721436,0.2277401238679886,0.9630386233329773,0.1502906233072281,0.27339524030685425,0.04846604913473129,0.2540932297706604,0.05161753669381142,63.0,-36.5,22.799999237060547,23.100000381469727,0.699999988079071,0.0,20.100000381469727,0.0,0.30000001192092896,0.30000001192092896,0.30000001192092896,0.30000001192092896
67.1,0,0.5857983827590942,-0.0983150377869606,-0.04932207241654396,0.30635517835617065,5.0,0.0,0.1854247897863388,0.11310096085071564,0,3,1,1,0.0,11.937479019165039,13.810186386108398,2.948791742324829,0.8218262195587158,0.22786377370357513,0.9636613130569458,0.1503451019525528,0.2739795446395874,0.04858320951461792,0.25478148460388184,0.05155608430504799,63.0,-36.5,22.799999237060547,23.100000381469727,0.699999988079071,0.0,20.100000381469727,0.0,0.30000001192092896,0.30000001192092896,0.30000001192092896,0.30000001192092896
67.15,0,0.5863959193229675,-0.09835232049226761,-0.04481477290391922,0.3062686324119568,5.0,0.0,0.18119679391384125,0.11348062753677368,0,3,1,1,0.0,11.951355934143066,14.027472496032715,2.752359390258789,0.8224162459373474,0.2280018925666809,0.9642981886863708,0.15038804709911346,0.27458104491233826,0.04869752749800682,0.2554784417152405,0.05148417502641678,63.0,-36.5,22.799999237060547,23.100000381469727,0.699999988079071,0.0,20.100000381469727,0.0,0.30000001192092896,0.30000001192092896,0.30000001192092896,0.30000001192092896
67.2,0,0.5870243906974792,-0.09846161305904388,-0.045892056077718735,0.3062000274658203,5.0,0.0,0.17934061586856842,0.11388740688562393,0,3,1,1,0.0,11.899713516235352,13.689395904541016,2.9796974658966064,0.8230286836624146,0.2281617671251297,0.964949905872345,0.15042409300804138,0.275203138589859,0.04880663380026817,0.2561800479888916,0.051401734352111816,63.0,-36.5,22.799999237060547,23.100000381469727,0.699999988079071,0.0,20.100000381469727,0.0,0.30000001192092896,0.30000001192092896,0.30000001192092896,0.30000001192092896
67.25,0,0.587677001953125,-0.09859839081764221,-0.04527091234922409,0.30614274740219116,5.0,0.0,0.17676296830177307,0.1142921894788742,0,3,1,1,0.0,11.856402397155762,13.630654335021973,2.9950785636901855,0.8236621618270874,0.22832085192203522,0.9656174182891846,0.15045157074928284,0.27584099769592285,0.04890934377908707,0.2568899393081665,0.05130850523710251,63.0,-36.5,22.799999237060547,23.100000381469727,0.699999988079071,0.0,20.100000381469727,0.0,0.30000001192092896,0.30000001192092896,0.30000001192092896,0.30000001192092896
67.3,0,0.5883393287658691,-0.09875358641147614,-0.04579804465174675,0.3060940206050873,5.0,0.0,0.1794096678495407,0.11473088711500168,0,3,1,1,0.0,12.075631141662598,14.050557136535645,2.7296154499053955,0.8243040442466736,0.22848787903785706,0.966293454170227,0.15047131478786469,0.27649056911468506,0.04900733381509781,0.2575981914997101,0.051205094903707504,63.0,-36.5,22.799999237060547,23.100000381469727,0.699999988079071,0.0,20.100000381469727,0.0,0.30000001192092896,0.30000001192092896,0.30000001192092896,0.30000001192092896
67.35,0,0.5890235900878906,-0.09890296310186386,-0.04512820392847061,0.30605363845825195,5.0,0.0,0.17848818004131317,0.11513743549585342,0,3,1,1,0.0,12.007568359375,13.986241340637207,2.703657865524292,0.8249704241752625,0.22863157093524933,0.9669823050498962,0.1504809409379959,0.2771525979042053,0.04909622669219971,0.25831615924835205,0.05109015479683876,63.0,-36.5,22.799999237060547,23.100000381469727,0.699999988079071,0.0,20.100000381469727,0.0,0.30000001192092896,0.30000001192092896,0.30000001192092896,0.30000001192092896
67.4,0,0.5897275805473328,-0.09908726066350937,-0.057329174131155014,0.3060275912284851,5.0,0.0,0.18180622160434723,0.1155683770775795,0,3,1,1,0.0,12.272279739379883,13.963959693908691,2.4388582706451416,0.8256508708000183,0.22878426313400269,0.9676864147186279,0.15048174560070038,0.2778346538543701,0.04917703568935394,0.25903719663619995,0.05096602812409401,63.0,-36.5,22.799999237060547,23.100000381469727,0.699999988079071,0.0,20.100000381469727,0.0,0.30000001192092896,0.30000001192092896,0.30000001192092896,0.30000001192092896
67.45,0,0.5904416441917419,-0.09927165508270264,-0.0535411611199379,0.30599597096443176,5.0,0.0,0.1806279420852661,0.11601771414279938,0,3,1,1,0.0,12.138320922851562,13.647287368774414,3.0764994621276855,0.826343297958374,0.22892990708351135,0.9683982729911804,0.15047360956668854,0.27851855754852295,0.04925191029906273,0.2597713768482208,0.0508258119225502,63.0,-36.5,22.799999237060547,23.100000381469727,0.699999988079071,0.0,20.100000381469727,0.0,0.30000001192092896,0.30000001192092896,0.30000001192092896,0.30000001192092896
67.5,0,0.5911506414413452,-0.09913300722837448,-0.04243633151054382,0.3060140311717987,5.0,0.0,0.1790047436952591,0.11602575331926346,0,3,1,1,0.0,12.14672565460205,13.941686630249023,2.749802827835083,0.8270717859268188,0.22891221940517426,0.9691140651702881,0.15044750273227692,0.27921468019485474,0.04931775480508804,0.2604686915874481,0.05087240785360336,63.0,-36.5,22.799999237060547,23.100000381469727,0.699999988079071,0.0,20.100000381469727,0.0,0.30000001192092896,0.30000001192092896,0.30000001192092896,0.30000001192092896
67.55,0,0.591821014881134,-0.09892888367176056,-0.046439558267593384,0.30602484941482544,5.0,0.0,0.1831861138343811,0.11585260182619095,0,3,1,1,0.0,11.791512489318848,13.909366607666016,3.003016471862793,0.8277693390846252,0.22887329757213593,0.9697770476341248,0.15047220885753632,0.27989593148231506,0.04937448352575302,0.2611390948295593,0.05100007727742195,63.0,-36.5,22.799999237060547,23.100000381469727,0.699999988079071,0.0,20.100000381469727,0.0,0.30000001192092896,0.30000001192092896,0.30000001192092896,0.30000001192092896
67.6,0,0.5924084782600403,-0.09888719767332077,-0.04410599172115326,0.3059834837913513,5.0,0.0,0.17757491767406464,0.11573732644319534,0,3,1,1,0.0,11.818775177001953,13.98926067352295,2.972127914428711,0.8283645510673523,0.22894345223903656,0.9703497290611267,0.15060114860534668,0.2805463373661041,0.049416977912187576,0.2617723345756531,0.051112838089466095,63.0,-36.5,22.799999237060547,23.100000381469727,0.699999988079071,0.0,20.100000381469727,0.0,0.30000001192092896,0.30000001192092896,0.30000001192092896,0.30000001192092896
67.65,0,0.5930399298667908,-0.09894134849309921,-0.0483650267124176,0.305961549282074,5.0,0.0,0.18110845983028412,0.11557534337043762,0,3,1,1,0.0,11.775230407714844,13.713451385498047,3.1258468627929688,0.828991711139679,0.22903041541576385,0.9709432721138,0.15072846412658691,0.28121721744537354,0.04944850504398346,0.26241832971572876,0.05121898651123047,63.0,-36.5,22.799999237060547,23.100000381469727,0.699999988079071,0.0,20.100000381469727,0.0,0.30000001192092896,0.30000001192092896,0.30000001192092896,0.30000001192092896
67.7,0,0.5936728119850159,-0.09895667433738708,-0.05377642437815666,0.30594587326049805,5.0,0.0,0.18044978380203247,0.11538281291723251,0,3,1,1,0.0,11.935147285461426,14.033912658691406,2.849302291870117,0.8296248912811279,0.2290920615196228,0.9715465903282166,0.15084826946258545,0.2818903625011444,0.04947379603981972,0.2630619406700134,0.051318999379873276,63.0,-36.5,22.799999237060547,23.100000381469727,0.699999988079071,0.0,20.100000381469727,0.0,0.30000001192092896,0.30000001192092896,0.30000001192092896,0.30000001192092896
67.75,0,0.5943562388420105,-0.09906674176454544,-0.05282339081168175,0.3059406876564026,5.0,0.0,0.18040192127227783,0.1152058020234108,0,3,1,1,0.0,11.828386306762695,13.98239803314209,2.8406221866607666,0.8302974104881287,0.22919200360774994,0.9721783399581909,0.15096840262413025,0.2826135754585266,0.04948697239160538,0.2637363076210022,0.05140852928161621,63.0,-36.5,22.799999237060547,23.100000381469727,0.699999988079071,0.0,20.100000381469727,0.0,0.30000001192092896,0.30000001192092896,0.30000001192092896,0.30000001192092896
67.8,0,0.5950527787208557,-0.09920228272676468,-0.056227121502161026,0.3059375584125519,5.0,0.0,0.18169088661670685,0.11504190415143967,0,3,1,1,0.0,11.840787887573242,13.74329948425293,3.0142982006073,0.8309789299964905,0.22929398715496063,0.9728224277496338,0.151083305478096,0.283345490694046,0.049491144716739655,0.2644204795360565,0.05149208381772041,63.0,-36.5,22.799999237060547,23.100000381469727,0.699999988079071,0.0,20.100000381469727,0.0,0.30000001192092896,0.30000001192092896,0.30000001192092896,0.30000001192092896
67.85,0,0.5957584381103516,-0.09932034462690353,-0.05393316596746445,0.3059374988079071,5.0,0.0,0.18018528819084167,0.11485432088375092,0,3,1,1,0.0,11.979823112487793,14.232170104980469,2.7492151260375977,0.8316720724105835,0.2293711006641388,0.9734804034233093,0.15119081735610962,0.2840823829174042,0.04948464781045914,0.2651112377643585,0.05156722664833069,63.0,-36.5,22.799999237060547,23.100000381469727,0.699999988079071,0.0,20.100000381469727,0.0,0.30000001192092896,0.30000001192092896,0.30000001192092896,0.30000001192092896
67.9,0,0.5964764356613159,-0.099457748234272,-0.05400172993540764,0.3059423565864563,5.0,0.0,0.18021300435066223,0.11466193944215775,0,3,1,1,0.0,11.80783748626709,13.762166023254395,2.927967071533203,0.8323749303817749,0.22944138944149017,0.9741501808166504,0.15129253268241882,0.28482937812805176,0.04946407675743103,0.2658076286315918,0.05163276568055153,63.0,-36.5,22.799999237060547,23.100000381469727,0.699999988079071,0.0,20.100000381469727,0.0,0.30000001192092896,0.30000001192092896,0.30000001192092896,0.30000001192092896
67.95,0,0.5972031950950623,-0.0995895117521286,-0.05516396835446358,0.3059532046318054,5.0,0.0,0.18048059940338135,0.11447471380233765,0,3,1,1,0.0,11.834762573242188,13.806379318237305,2.844184637069702,0.8330878615379333,0.22949837148189545,0.9748311638832092,0.15138638019561768,0.28558430075645447,0.04943365603685379,0.2665063142776489,0.05168985575437546,63.0,-36.5,22.799999237060547,23.100000381469727,0.699999988079071,0.0,20.100000381469727,0.0,0.30000001192092896,0.30000001192092896,0.30000001192092896,0.30000001192092896
68.0,0,0.597941517829895,-0.09973516315221786,-0.054768919944763184,0.30596908926963806,5.0,0.0,0.18001136183738708,0.11428850889205933,0,3,1,1,0.0,11.953381538391113,13.967238426208496,2.7393414974212646,0.8338097333908081,0.2295476645231247,0.9755251407623291,0.1514730155467987,0.2863468527793884,0.04939156398177147,0.2672107517719269,0.051737379282712936,63.0,-36.5,22.799999237060547,23.100000381469727,0.699999988079071,0.0,20.100000381469727,0.0,0.30000001192092896,0.30000001192092896,0.30000001192092896,0.30000001192092896
68.05,0,0.5986831784248352,-0.09985315054655075,-0.05755148455500603,0.3059787154197693,5.0,0.0,0.18116891384124756,0.1140669733285904,0,3,1,1,0.0,11.927970886230469,13.790133476257324,2.8162124156951904,0.8345384001731873,0.22956639528274536,0.9762284755706787,0.15155042707920074,0.28710508346557617,0.049337614327669144,0.26792705059051514,0.05177486315369606,63.0,-36.5,22.799999237060547,23.100000381469727,0.699999988079071,0.0,20.100000381469727,0.0,0.30000001192092896,0.30000001192092896,0.30000001192092896,0.30000001192092896
68.1,0,0.5994364023208618,-0.09999226033687592,-0.05629701167345047,0.30598726868629456,5.0,0.0,0.18028773367404938,0.11385439336299896,0,3,1,1,0.0,12.056382179260254,14.126630783081055,2.7372899055480957,0.8352738618850708,0.22958286106586456,0.976947009563446,0.15161994099617004,0.2878738045692444,0.04927106574177742,0.2686573565006256,0.0518021322786808,63.0,-36.5,22.799999237060547,23.100000381469727,0.699999988079071,0.0,20.100000381469727,0.0,0.30000001192092896,0.30000001192092896,0.30000001192092896,0.30000001192092896
68.15,0,0.6001996397972107,-0.10012176632881165,-0.054314255714416504,0.30600130558013916,5.0,0.0,0.18041545152664185,0.11363014578819275,0,3,1,1,0.0,12.054974555969238,14.068893432617188,2.7032623291015625,0.8360218405723572,0.22957810759544373,0.9776749610900879,0.1516793966293335,0.2886509895324707,0.049190010875463486,0.2693905234336853,0.05182052031159401,63.0,-36.5,22.799999237060547,23.100000381469727,0.699999988079071,0.0,20.100000381469727,0.0,0.30000001192092896,0.30000001192092896,0.30000001192092896,0.30000001192092896
68.2,0,0.6009654402732849,-0.10029049217700958,-0.05286042019724846,0.30602699518203735,5.0,0.0,0.18098492920398712,0.1135079562664032,0,3,1,1,0.0,12.141454696655273,14.157143592834473,2.6069860458374023,0.8367677330970764,0.2295949012041092,0.9784089922904968,0.15173041820526123,0.28944331407546997,0.04909900948405266,0.2701129913330078,0.05182710662484169,63.0,-36.5,22.799999237060547,23.100000381469727,0.699999988079071,0.0,20.100000381469727,0.0,0.30000001192092896,0.30000001192092896,0.30000001192092896,0.30000001192092896
68.25,0,0.6017298698425293,-0.10043496638536453,-0.05455445498228073,0.306041955947876,5.0,0.0,0.180306077003479,0.1133670061826706,0,3,1,1,0.0,12.124058723449707,14.149815559387207,2.4943599700927734,0.8375144600868225,0.22958800196647644,0.9791516661643982,0.15177108347415924,0.29024484753608704,0.04898955672979355,0.27084994316101074,0.05182816833257675,63.0,-36.5,22.799999237060547,23.100000381469727,0.699999988079071,0.0,20.100000381469727,0.0,0.30000001192092896,0.30000001192092896,0.30000001192092896,0.30000001192092896
68.3,0,0.6025171875953674,-0.10059036314487457,-0.056850071996450424,0.30605974793434143,5.0,0.0,0.18011848628520966,0.1131800189614296,0,3,1,1,0.0,12.238442420959473,14.187381744384766,2.6075146198272705,0.8382817506790161,0.2295624315738678,0.9799113273620605,0.15179897844791412,0.29106011986732483,0.0488649345934391,0.2716052234172821,0.051811203360557556,63.0,-36.5,22.799999237060547,23.100000381469727,0.699999988079071,0.0,20.100000381469727,0.0,0.30000001192092896,0.30000001192092896,0.30000001192092896,0.30000001192092896
68.35,0,0.6033101677894592,-0.10074136406183243,-0.05135991796851158,0.3060808479785919,5.0,0.0,0.17925167083740234,0.11299760639667511,0,3,1,1,0.0,12.074095726013184,13.985093116760254,2.601630687713623,0.839056670665741,0.22952257096767426,0.9806768894195557,0.15181681513786316,0.2918785512447357,0.048726070672273636,0.2723613679409027,0.051785655319690704,63.0,-36.5,22.799999237060547,23.100000381469727,0.699999988079071,0.0,20.100000381469727,0.0,0.30000001192092896,0.30000001192092896,0.30000001192092896,0.30000001192092896
68.4,0,0.604118824005127,-0.1008896604180336,-0.05567403882741928,0.3061025142669678,5.0,0.0,0.17982295155525208,0.11276289075613022,0,3,1,1,0.0,12.322263717651367,14.318289756774902,2.546388626098633,0.8398497700691223,0.22945667803287506,0.9814409613609314,0.1518208235502243,0.292716920375824,0.048567622900009155,0.27312833070755005,0.05174652114510536,63.0,-36.5,22.799999237060547,23.100000381469727,0.699999988079071,0.0,20.100000381469727,0.0,0.30000001192092896,0.30000001192092896,0.30000001192092896,0.30000001192092896
68.45,0,0.6049304008483887,-0.10104496031999588,-0.05334991216659546,0.30612558126449585,5.0,0.0,0.18014734983444214,0.11255494505167007,0,3,1,1,0.0,12.167869567871094,13.936190605163574,2.5776264667510986,0.8406453728675842,0.22938869893550873,0.982208788394928,0.1518140733242035,0.2935541868209839,0.0483979806303978,0.2738956809043884,0.05169685557484627,63.0,-36.5,22.799999237060547,23.100000381469727,0.699999988079071,0.0,20.100000381469727,0.0,0.30000001192092896,0.30000001192092896,0.30000001192092896,0.30000001192092896
68.5,0,0.6057610511779785,-0.10118744522333145,-0.055450160056352615,0.3061544895172119,5.0,0.0,0.18062074482440948,0.11228732019662857,0,3,1,1,0.0,12.153587341308594,13.912001609802246,2.566779136657715,0.8414624929428101,0.22928228974342346,0.9829930663108826,0.1517920196056366,0.2944079637527466,0.04820544272661209,0.274674654006958,0.05163365975022316,63.0,-36.5,22.799999237060547,23.100000381469727,0.699999988079071,0.0,20.100000381469727,0.0,0.30000001192092896,0.30000001192092896,0.30000001192092896,0.30000001192092896
68.55,0,0.6066046357154846,-0.10131792724132538,-0.05599861219525337,0.3061881363391876,5.0,0.0,0.1811010241508484,0.11202099919319153,0,3,1,1,0.0,12.193613052368164,13.792828559875488,2.5081539154052734,0.8422946333885193,0.2291562855243683,0.9837914705276489,0.15175633132457733,0.29526975750923157,0.047999415546655655,0.2754615247249603,0.05155748873949051,63.0,-36.5,22.799999237060547,23.100000381469727,0.699999988079071,0.0,20.100000381469727,0.0,0.30000001192092896,0.30000001192092896,0.30000001192092896,0.30000001192092896
68.6,0,0.6074598431587219,-0.1014380231499672,-0.051499780267477036,0.3062210977077484,5.0,0.0,0.17799492180347443,0.11173157393932343,0,3,1,1,0.0,12.173654556274414,13.914952278137207,2.4580934047698975,0.8431391716003418,0.22900338470935822,0.9846045970916748,0.15170563757419586,0.29614368081092834,0.04777338355779648,0.27626195549964905,0.05146878957748413,63.0,-36.5,22.799999237060547,23.100000381469727,0.699999988079071,0.0,20.100000381469727,0.0,0.30000001192092896,0.30000001192092896,0.30000001192092896,0.30000001192092896
68.65,0,0.6082870960235596,-0.10150489956140518,-0.04276769980788231,0.3062368929386139,5.0,0.0,0.18571266531944275,0.11152482032775879,0,3,1,1,0.0,12.343877792358398,14.68019962310791,2.6921143531799316,0.8439615368843079,0.22884680330753326,0.9854190349578857,0.15164421498775482,0.2969675362110138,0.04758596047759056,0.2770595848560333,0.05136457830667496,63.0,-36.5,22.799999237060547,23.100000381469727,0.699999988079071,0.0,20.100000381469727,0.0,0.30000001192092896,0.30000001192092896,0.30000001192092896,0.30000001192092896
68.7,0,0.6088984608650208,-0.10129759460687637,-0.04555632919073105,0.30615583062171936,5.0,0.0,0.18477526307106018,0.11193152517080307,0,3,1,1,0.0,11.970728874206543,13.723994255065918,2.911266565322876,0.844595193862915,0.22883236408233643,0.9861550331115723,0.1515832245349884,0.29755109548568726,0.0476989820599556,0.27778884768486023,0.051272276788949966,63.0,-36.5,22.799999237060547,23.100000381469727,0.699999988079071,0.0,20.100000381469727,0.0,0.30000001192092896,0.30000001192092896,0.30000001192092896,0.30000001192092896
68.75,0,0.6095629334449768,-0.1011706292629242,-0.044959329068660736,0.3061038851737976,5.0,0.0,0.18192535638809204,0.11236787587404251,0,3,1,1,0.0,12.079634666442871,13.8937349319458,2.7256550788879395,0.8452721834182739,0.22884611785411835,0.9869101643562317,0.1515088975429535,0.29816022515296936,0.0478176586329937,0.2785295844078064,0.05116545408964157,63.0,-36.5,22.799999237060547,23.100000381469727,0.699999988079071,0.0,20.100000381469727,0.0,0.30000001192092896,0.30000001192092896,0.30000001192092896,0.30000001192092896
68.8,0,0.6102647185325623,-0.1010923683643341,-0.049315739423036575,0.3060702681541443,5.0,0.0,0.18162725865840912,0.11280614882707596,0,3,1,1,0.0,12.140727043151855,13.77357292175293,3.046658515930176,0.845980703830719,0.22886744141578674,0.9876816868782043,0.1514202356338501,0.29879236221313477,0.047932155430316925,0.2792816162109375,0.051046133041381836,63.0,-36.5,22.799999237060547,23.100000381469727,0.699999988079071,0.0,20.100000381469727,0.0,0.30000001192092896,0.30000001192092896,0.30000001192092896,0.30000001192092896
68.85,0,0.6109747886657715,-0.10063013434410095,-0.0360407754778862,0.30610066652297974,5.0,0.0,0.1771034151315689,0.11272449791431427,0,3,1,1,0.0,12.108978271484375,13.901034355163574,2.648324489593506,0.846747875213623,0.22869999706745148,0.9884594678878784,0.1513112336397171,0.2994402050971985,0.04804510623216629,0.27999526262283325,0.05115955322980881,63.0,-36.5,22.799999237060547,23.100000381469727,0.699999988079071,0.0,20.100000381469727,0.0,0.30000001192092896,0.30000001192092896,0.30000001192092896,0.30000001192092896
68.9,0,0.6117271780967712,-0.10019472241401672,-0.04070708155632019,0.3061501383781433,5.0,0.0,0.17901109158992767,0.1125996932387352,0,3,1,1,0.0,12.206009864807129,13.796248435974121,2.8241662979125977,0.8475541472434998,0.22852391004562378,0.9892587661743164,0.1511858105659485,0.30011123418807983,0.0481518991291523,0.28072553873062134,0.051270317286252975,63.0,-36.5,22.799999237060547,23.100000381469727,0.699999988079071,0.0,20.100000381469727,0.0,0.30000001192092896,0.30000001192092896,0.30000001192092896,0.30000001192092896
68.95,0,0.6124903559684753,-0.09974977374076843,-0.0346112921833992,0.3062017560005188,5.0,0.0,0.17700283229351044,0.11248201876878738,0,3,1,1,0.0,12.101531028747559,13.90006160736084,2.6238038539886475,0.8483735918998718,0.22833329439163208,0.9900652766227722,0.1510460525751114,0.30079224705696106,0.04825098067522049,0.2814631462097168,0.05137105658650398,63.0,-36.5,22.799999237060547,23.100000381469727,0.699999988079071,0.0,20.100000381469727,0.0,0.30000001192092896,0.30000001192092896,0.30000001192092896,0.30000001192092896
69.0,0,0.6130841970443726,-0.09962860494852066,-0.04573046788573265,0.30614525079727173,5.0,0.0,0.18322373926639557,0.11246651411056519,0,3,1,1,0.0,11.956489562988281,14.191445350646973,2.8662617206573486,0.848980724811554,0.22837567329406738,0.9906864762306213,0.15115027129650116,0.30141472816467285,0.04833357408642769,0.2821318507194519,0.051455672830343246,63.0,-36.5,22.799999237060547,23.100000381469727,0.699999988079071,0.0,20.100000381469727,0.0,0.30000001192092896,0.30000001192092896,0.30000001192092896,0.30000001192092896
69.05,0,0.6136643290519714,-0.09953776746988297,-0.04323909431695938,0.30608436465263367,5.0,0.0,0.17908619344234467,0.11247037351131439,0,3,1,1,0.0,11.829934120178223,14.07426643371582,2.8865346908569336,0.8495721817016602,0.2284325659275055,0.9912886023521423,0.1512475162744522,0.3020282983779907,0.048407357186079025,0.28278741240501404,0.051528967916965485,63.0,-36.5,22.799999237060547,23.100000381469727,0.699999988079071,0.0,20.100000381469727,0.0,0.30000001192092896,0.30000001192092896,0.30000001192092896,0.30000001192092896
69.1,0,0.6143075823783875,-0.0995452031493187,-0.04866104573011398,0.3060494661331177,5.0,0.0,0.18220734596252441,0.11238635331392288,0,3,1,1,0.0,11.874664306640625,13.97088623046875,3.012643814086914,0.8502154350280762,0.22849707305431366,0.9919160008430481,0.15133978426456451,0.3026685416698456,0.04847266152501106,0.2834634780883789,0.05159488692879677,63.0,-36.5,22.799999237060547,23.100000381469727,0.699999988079071,0.0,20.100000381469727,0.0,0.30000001192092896,0.30000001192092896,0.30000001192092896,0.30000001192092896
69.15,0,0.614949643611908,-0.09954160451889038,-0.041694119572639465,0.30601733922958374,5.0,0.0,0.17938560247421265,0.11233387887477875,0,3,1,1,0.0,11.883078575134277,14.405708312988281,2.5993566513061523,0.8508597016334534,0.22855527698993683,0.9925504326820374,0.15142479538917542,0.3033084273338318,0.0485331267118454,0.28413641452789307,0.05165255814790726,63.0,-36.5,22.799999237060547,23.100000381469727,0.699999988079071,0.0,20.100000381469727,0.0,0.30000001192092896,0.30000001192092896,0.30000001192092896,0.30000001192092896
69.2,0,0.6156042814254761,-0.09959559142589569,-0.04892159625887871,0.305993914604187,5.0,0.0,0.18184798955917358,0.11232201009988785,0,3,1,1,0.0,11.928873062133789,13.878662109375,2.97512149810791,0.8515079617500305,0.2286338359117508,0.9931938648223877,0.1515028178691864,0.30396491289138794,0.04858311265707016,0.2848106026649475,0.051701609045267105,63.0,-36.5,22.799999237060547,23.100000381469727,0.699999988079071,0.0,20.100000381469727,0.0,0.30000001192092896,0.30000001192092896,0.30000001192092896,0.30000001192092896
69.25,0,0.6162710785865784,-0.09961925446987152,-0.04245821759104729,0.30597737431526184,5.0,0.0,0.1786743849515915,0.11225517839193344,0,3,1,1,0.0,11.948744773864746,14.364413261413574,2.6039538383483887,0.8521740436553955,0.22867731750011444,0.9938477277755737,0.15157270431518555,0.30462202429771423,0.04862349480390549,0.28548792004585266,0.051741331815719604,63.0,-36.5,22.799999237060547,23.100000381469727,0.699999988079071,0.0,20.100000381469727,0.0,0.30000001192092896,0.30000001192092896,0.30000001192092896,0.30000001192092896
69.3,0,0.6169627904891968,-0.09968918561935425,-0.051277559250593185,0.30597150325775146,5.0,0.0,0.179520383477211,0.11218474805355072,0,3,1,1,0.0,12.04852294921875,14.12521743774414,2.719750165939331,0.852859377861023,0.22873198986053467,0.9945107698440552,0.151634082198143,0.30529671907424927,0.04865654557943344,0.2861735224723816,0.05177338793873787,63.0,-36.5,22.799999237060547,23.100000381469727,0.699999988079071,0.0,20.100000381469727,0.0,0.30000001192092896,0.30000001192092896,0.30000001192092896,0.30000001192092896
69.35,0,0.617664635181427,-0.0997544378042221,-0.049919672310352325,0.3059700131416321,5.0,0.0,0.18161426484584808,0.11211086809635162,0,3,1,1,0.0,11.99405288696289,13.929030418395996,2.811783790588379,0.8535549640655518,0.2287692278623581,0.9951916337013245,0.15168854594230652,0.3059805631637573,0.04867694154381752,0.2868659496307373,0.05179358646273613,63.0,-36.5,22.799999237060547,23.100000381469727,0.699999988079071,0.0,20.100000381469727,0.0,0.30000001192092896,0.30000001192092896,0.30000001192092896,0.30000001192092896
69.4,0,0.6183651685714722,-0.09981226921081543,-0.05742458626627922,0.30597296357154846,5.0,0.0,0.18378013372421265,0.11204835772514343,0,3,1,1,0.0,11.84339714050293,13.632320404052734,3.1088719367980957,0.8542459607124329,0.2288075089454651,0.995883584022522,0.1517326980829239,0.30668216943740845,0.04868543893098831,0.287560373544693,0.0518065020442009,63.0,-36.5,22.799999237060547,23.100000381469727,0.699999988079071,0.0,20.100000381469727,0.0,0.30000001192092896,0.30000001192092896,0.30000001192092896,0.30000001192092896
69.45,0,0.6190767884254456,-0.09991449117660522,-0.05463307723402977,0.3059680759906769,5.0,0.0,0.18238112330436707,0.11202201247215271,0,3,1,1,0.0,12.048861503601074,13.887076377868652,2.774794578552246,0.8549394607543945,0.22886407375335693,0.9965900182723999,0.15176838636398315,0.30739670991897583,0.04868529736995697,0.28827551007270813,0.05180862918496132,63.0,-36.5,22.799999237060547,23.100000381469727,0.699999988079071,0.0,20.100000381469727,0.0,0.30000001192092896,0.30000001192092896,0.30000001192092896,0.30000001192092896
69.5,0,0.619804322719574,-0.10001195967197418,-0.05492854863405228,0.3059796988964081,5.0,0.0,0.18179139494895935,0.1120302677154541,0,3,1,1,0.0,12.069214820861816,13.855169296264648,2.783799648284912,0.85565185546875,0.22890569269657135,0.9973155856132507,0.15179412066936493,0.30812931060791016,0.04867229238152504,0.28898724913597107,0.051801346242427826,63.0,-36.5,22.799999237060547,23.100000381469727,0.699999988079071,0.0,20.100000381469727,0.0,0.30000001192092896,0.30000001192092896,0.30000001192092896,0.30000001192092896
69.55,0,0.6205499768257141,-0.10012104362249374,-0.05521639063954353,0.3059932589530945,5.0,0.0,0.181611105799675,0.11206184327602386,0,3,1,1,0.0,12.100811958312988,13.871910095214844,2.7160630226135254,0.8563817143440247,0.22894234955310822,0.9980548620223999,0.1518099009990692,0.30887874960899353,0.048648953437805176,0.28971314430236816,0.05178331583738327,63.0,-36.5,22.799999237060547,23.100000381469727,0.699999988079071,0.0,20.100000381469727,0.0,0.30000001192092896,0.30000001192092896,0.30000001192092896,0.30000001192092896
69.6,0,0.6213088631629944,-0.10022306442260742,-0.05522279813885689,0.30601027607917786,5.0,0.0,0.18154361844062805,0.11206827312707901,0,3,1,1,0.0,12.224259376525879,14.013154983520508,2.6106555461883545,0.857125461101532,0.2289581447839737,0.9988071918487549,0.1518140286207199,0.3096393942832947,0.04861197620630264,0.29044869542121887,0.051753830164670944,63.0,-36.5,22.799999237060547,23.100000381469727,0.699999988079071,0.0,20.100000381469727,0.0,0.30000001192092896,0.30000001192092896,0.30000001192092896,0.30000001192092896
69.65,0,0.6220795512199402,-0.10032428801059723,-0.05798554793000221,0.3060317933559418,5.0,0.0,0.1825539767742157,0.11208976805210114,0,3,1,1,0.0,12.24618148803711,14.025532722473145,2.5882515907287598,0.8578817844390869,0.22896289825439453,0.9995718598365784,0.15180712938308716,0.3104141652584076,0.04856198653578758,0.29119089245796204,0.051713038235902786,63.0,-36.5,22.799999237060547,23.100000381469727,0.699999988079071,0.0,20.100000381469727,0.0,0.30000001192092896,0.30000001192092896,0.30000001192092896,0.30000001192092896
69.7,0,0.6228587627410889,-0.10043222457170486,-0.05996691808104515,0.30605271458625793,5.0,0.0,0.18204763531684875,0.11212661862373352,0,3,1,1,0.0,12.321670532226562,13.934210777282715,2.5837037563323975,0.8586451411247253,0.22896398603916168,1.0003472566604614,0.15178833901882172,0.31120094656944275,0.04850029945373535,0.29194316267967224,0.05166007578372955,63.0,-36.5,22.799999237060547,23.100000381469727,0.699999988079071,0.0,20.100000381469727,0.0,0.30000001192092896,0.30000001192092896,0.30000001192092896,0.30000001192092896
69.75,0,0.6236364841461182,-0.10053756833076477,-0.05401618778705597,0.30606839060783386,5.0,0.0,0.1817469745874405,0.11217188835144043,0,3,1,1,0.0,12.054271697998047,13.942109107971191,2.6109538078308105,0.859408438205719,0.22895468771457672,1.0011204481124878,0.15175724029541016,0.31199511885643005,0.04842400550842285,0.2926991879940033,0.051596060395240784,63.0,-36.5,22.799999237060547,23.100000381469727,0.699999988079071,0.0,20.100000381469727,0.0,0.30000001192092896,0.30000001192092896,0.30000001192092896,0.30000001192092896
69.8,0,0.6244264245033264,-0.10061603784561157,-0.0577797032892704,0.30608582496643066,5.0,0.0,0.18112081289291382,0.11217130720615387,0,3,1,1,0.0,12.466925621032715,14.513581275939941,2.140225648880005,0.8601869344711304,0.22891396284103394,1.001906156539917,0.1517125368118286,0.3127967417240143,0.048335492610931396,0.2934669852256775,0.05151994526386261,63.0,-36.5,22.799999237060547,23.100000381469727,0.699999988079071,0.0,20.100000381469727,0.0,0.30000001192092896,0.30000001192092896,0.30000001192092896,0.30000001192092896
69.85,0,0.6252352595329285,-0.10072951018810272,-0.05555959790945053,0.30610305070877075,5.0,0.0,0.18099939823150635,0.11218894273042679,0,3,1,1,0.0,12.101364135742188,13.689290046691895,2.623067617416382,0.8609806895256042,0.22887150943279266,1.0027049779891968,0.1516564041376114,0.3136097490787506,0.0482293926179409,0.2942497730255127,0.051430098712444305,63.0,-36.5,22.799999237060547,23.100000381469727,0.699999988079071,0.0,20.100000381469727,0.0,0.30000001192092896,0.30000001192092896,0.30000001192092896,0.30000001192092896
69.9,0,0.6260513067245483,-0.10079500079154968,-0.04971832409501076,0.3061321973800659,5.0,0.0,0.18127131462097168,0.11215552687644958,0,3,1,1,0.0,12.20002555847168,13.666790962219238,2.6657333374023438,0.8617891669273376,0.22879508137702942,1.0035070180892944,0.15158426761627197,0.31443920731544495,0.04810919240117073,0.2950291037559509,0.051363810896873474,63.0,-36.5,22.799999237060547,23.100000381469727,0.699999988079071,0.0,20.100000381469727,0.0,0.30000001192092896,0.30000001192092896,0.30000001192092896,0.30000001192092896
69.95,0,0.626745879650116,-0.10041521489620209,-0.04200883209705353,0.30613842606544495,5.0,0.0,0.18496431410312653,0.11198820173740387,0,3,1,1,0.0,12.037205696105957,13.533952713012695,2.9113333225250244,0.8625295162200928,0.2286098599433899,1.0042755603790283,0.15150290727615356,0.31512317061424255,0.04812132939696312,0.2957511246204376,0.05145116522908211,63.0,-36.5,22.799999237060547,23.100000381469727,0.699999988079071,0.0,20.100000381469727,0.0,0.30000001192092896,0.30000001192092896,0.30000001192092896,0.30000001192092896
70.0,0,0.6273985505104065,-0.09999097138643265,-0.040890950709581375,0.30612871050834656,5.0,0.0,0.18169255554676056,0.11208202689886093,0,3,1,1,0.0,12.13914966583252,13.825075149536133,2.8469605445861816,0.8632315993309021,0.2285037487745285,1.0050288438796997,0.151414692401886,0.31573012471199036,0.048263195902109146,0.29645636677742004,0.051531434059143066,63.0,-36.5,22.799999237060547,23.100000381469727,0.699999988079071,0.0,20.100000381469727,0.0,0.30000001192092896,0.30000001192092896,0.30000001192092896,0.30000001192092896
70.05,0,0.6280816793441772,-0.09961467236280441,-0.04819277301430702,0.306134968996048,5.0,0.0,0.18284070491790771,0.11220155656337738,0,3,1,1,0.0,12.17992115020752,13.519801139831543,2.7769477367401123,0.8639581799507141,0.22841273248195648,1.0057932138442993,0.15131378173828125,0.3163565993309021,0.04840344563126564,0.2971692979335785,0.05160283297300339,63.0,-36.5,22.799999237060547,23.100000381469727,0.699999988079071,0.0,20.100000381469727,0.0,0.30000001192092896,0.30000001192092896,0.30000001192092896,0.30000001192092896
70.1,0,0.628797173500061,-0.09927578270435333,-0.04201459512114525,0.3061528503894806,5.0,0.0,0.18186089396476746,0.11232727020978928,0,3,1,1,0.0,12.214566230773926,13.819091796875,2.8254611492156982,0.8647133708000183,0.22832486033439636,1.006571888923645,0.15119855105876923,0.3170074224472046,0.04853801801800728,0.29789695143699646,0.05166531726717949,63.0,-36.5,22.799999237060547,23.100000381469727,0.699999988079071,0.0,20.100000381469727,0.0,0.30000001192092896,0.30000001192092896,0.30000001192092896,0.30000001192092896
70.15,0,0.6295388340950012,-0.09894849359989166,-0.0393805056810379,0.3061836361885071,5.0,0.0,0.1787593811750412,0.11242139339447021,0,3,1,1,0.0,12.19137191772461,13.872912406921387,2.643155813217163,0.8654939532279968,0.2282310128211975,1.0073575973510742,0.1510678082704544,0.31767362356185913,0.048668138682842255,0.29863226413726807,0.0517176054418087,63.0,-36.5,22.799999237060547,23.100000381469727,0.699999988079071,0.0,20.100000381469727,0.0,0.30000001192092896,0.30000001192092896,0.30000001192092896,0.30000001192092896
70.2,0,0.6302984952926636,-0.09864502400159836,-0.04530949518084526,0.30622395873069763,5.0,0.0,0.18075346946716309,0.11255396157503128,0,3,1,1,0.0,12.400548934936523,13.865880966186523,2.3996617794036865,0.8662874698638916,0.22814425826072693,1.0081621408462524,0.15092197060585022,0.31836381554603577,0.0487903468310833,0.2993774116039276,0.051763709634542465,63.0,-36.5,22.799999237060547,23.100000381469727,0.699999988079071,0.0,20.100000381469727,0.0,0.30000001192092896,0.30000001192092896,0.30000001192092896,0.30000001192092896
70.25,0,0.6303950548171997,-0.09862487763166428,-0.048686835914850235,0.3062794804573059,5.0,0.0,0.19642364978790283,0.1124088242650032,0,3,1,1,0.0,12.3589506149292,13.706402778625488,2.703097105026245,0.8663885593414307,0.22805923223495483,1.0082502365112305,0.1509016454219818,0.3183610141277313,0.04879336431622505,0.2994046211242676,0.05175848677754402,63.0,-36.5,22.799999237060547,23.100000381469727,0.699999988079071,0.0,20.100000381469727,0.0,0.0,0.0,0.0,0.0
70.3,0,0.6303937435150146,-0.09853667765855789,-0.048552706837654114,0.30629661679267883,5.0,0.0,0.19645793735980988,0.1123681366443634,0,3,1,1,0.0,12.367816925048828,13.662459373474121,2.728130340576172,0.8663973808288574,0.22798524796962738,1.0082917213439941,0.1508931815624237,0.3183276951313019,0.04878819361329079,0.29939284920692444,0.05175763741135597,63.0,-36.5,22.799999237060547,23.100000381469727,0.699999988079071,0.0,20.100000381469727,0.0,0.0,0.0,0.0,0.0
70.35,0,0.6303873658180237,-0.09845101833343506,-0.04884623363614082,0.3064010739326477,5.0,0.0,0.19630812108516693,0.11234040558338165,0,3,1,1,0.0,12.38011646270752,13.628762245178223,2.7255666255950928,0.8677734732627869,0.2285284698009491,1.008326530456543,0.15088613331317902,0.3182952105998993,0.048782847821712494,0.2993795871734619,0.051756761968135834,63.0,-35.099998474121094,22.799999237060547,23.100000381469727,0.699999988079071,0.0,20.100000381469727,0.0,0.0,0.0,0.0,0.0
70.4,0,0.630368173122406,-0.09834565967321396,-0.049815818667411804,0.30665773153305054,5.0,0.0,0.19544343650341034,0.11231502145528793,0,3,1,1,0.0,12.40968132019043,13.59313678741455,2.692075490951538,0.8715343475341797,0.2302149385213852,1.0083528757095337,0.1508808732032776,0.31825822591781616,0.04877669736742973,0.2993621826171875,0.05175584554672241,63.0,-30.899999618530273,22.799999237060547,23.100000381469727,0.699999988079071,0.0,20.100000381469727,0.0,0.0,0.0,0.0,0.0
70.45,0,0.6303867697715759,-0.09831390529870987,-0.04896707460284233,0.3069048821926117,5.0,0.0,0.19604502618312836,0.11229423433542252,0,3,1,1,0.0,12.414719581604004,13.576993942260742,2.7098805904388428,0.8749607801437378,0.231868714094162,1.0083905458450317,0.15087337791919708,0.3182429075241089,0.0487741194665432,0.2993573248386383,0.05175509676337242,63.0,-30.899999618530273,22.799999237060547,23.100000381469727,0.699999988079071,0.0,20.100000381469727,0.0,0.0,0.0,0.0,0.0
70.5,0,0.6303941011428833,-0.0982651561498642,-0.04864198714494705,0.30705726146698,5.0,0.0,0.1962682008743286,0.11228124797344208,0,3,1,1,0.0,12.426353454589844,13.584888458251953,2.708193063735962,0.8770216703414917,0.2328924536705017,1.0084222555160522,0.15086716413497925,0.3182263672351837,0.048771169036626816,0.29935014247894287,0.05175454914569855,63.0,-30.899999618530273,22.799999237060547,23.100000381469727,0.699999988079071,0.0,20.100000381469727,0.0,0.0,0.0,0.0,0.0
70.55,0,0.6303971409797668,-0.0982113778591156,-0.048568472266197205,0.30715373158454895,5.0,0.0,0.1963597685098648,0.11226875334978104,0,3,1,1,0.0,12.440661430358887,13.594029426574707,2.70184326171875,0.8782675266265869,0.23351030051708221,1.0084494352340698,0.15086141228675842,0.31820976734161377,0.048768263310194016,0.2993421256542206,0.05175408348441124,63.0,-30.899999618530273,22.799999237060547,23.100000381469727,0.699999988079071,0.0,20.100000381469727,0.0,0.0,0.0,0.0,0.0
70.6,0,0.6302948594093323,-0.09788409620523453,-0.057258471846580505,0.30747705698013306,5.0,0.0,0.04365375265479088,0.11225053668022156,0,3,1,1,0.0,12.945504188537598,13.636308670043945,2.9888486862182617,0.8834332823753357,0.2363051325082779,1.0084419250488281,0.1508638560771942,0.3181394636631012,0.04875730723142624,0.29930078983306885,0.05175282061100006,63.0,-18.499998092651367,22.799999237060547,23.100000381469727,0.699999988079071,0.0,20.100000381469727,0.0,0.0,0.0,0.0,0.0
70.65,0,0.6303799152374268,-0.09795290231704712,-0.051639948040246964,0.3081793785095215,5.0,0.0,0.1937980055809021,0.11210452020168304,0,3,1,1,0.0,12.478395462036133,13.521190643310547,2.587341785430908,0.8934555649757385,0.24270328879356384,1.008492112159729,0.15085111558437347,0.3181447386741638,0.048757560551166534,0.29931753873825073,0.05175185948610306,63.0,-18.499998092651367,22.799999237060547,23.100000381469727,0.699999988079071,0.0,20.100000381469727,0.0,0.0,0.0,0.0,0.0
70.7,0,0.6304081082344055,-0.09795922040939331,-0.049758538603782654,0.3085842430591583,5.0,0.0,0.19558954238891602,0.11207651346921921,0,3,1,1,0.0,12.48264217376709,13.511088371276855,2.6308469772338867,0.8992795348167419,0.2469346821308136,1.0085231065750122,0.15084464848041534,0.31814053654670715,0.04875677824020386,0.2993188202381134,0.05175091326236725,63.0,-18.499998092651367,22.799999237060547,23.100000381469727,0.699999988079071,0.0,20.100000381469727,0.0,0.0,0.0,0.0,0.0
70.75,0,0.6304147243499756,-0.0979275330901146,-0.049096014350652695,0.30882325768470764,5.0,0.0,0.1962243914604187,0.112066850066185,0,3,1,1,0.0,12.503573417663574,13.542055130004883,2.6251060962677,0.9027155041694641,0.24960997700691223,1.0085457563400269,0.15084008872509003,0.31813108921051025,0.04875503107905388,0.2993147671222687,0.05175044760107994,63.0,-18.499998092651367,22.799999237060547,23.100000381469727,0.699999988079071,0.0,20.100000381469727,0.0,0.0,0.0,0.0,0.0
70.8,0,0.6304145455360413,-0.09787968546152115,-0.048889145255088806,0.30896809697151184,5.0,0.0,0.19646690785884857,0.11205680668354034,0,3,1,1,0.0,12.525432586669922,13.57050609588623,2.6116445064544678,0.9047659039497375,0.2512601912021637,1.0085647106170654,0.15083597600460052,0.3181192874908447,0.048752930015325546,0.29930898547172546,0.051750246435403824,63.0,-18.499998092651367,22.799999237060547,23.100000381469727,0.699999988079071,0.0,20.100000381469727,0.0,0.0,0.0,0.0,0.0
70.85,0,0.6303976774215698,-0.09778957813978195,-0.04971904307603836,0.3091605007648468,5.0,0.0,0.19600073993206024,0.11204138398170471,0,3,1,1,0.0,12.519965171813965,13.519511222839355,2.618661880493164,0.9076195359230042,0.25365936756134033,1.0085773468017578,0.15083347260951996,0.3180987238883972,0.04874943941831589,0.29929861426353455,0.05174931138753891,63.0,-15.69999885559082,22.799999237060547,23.100000381469727,0.699999988079071,0.0,20.100000381469727,0.0,0.0,0.0,0.0,0.0
70.9,0,0.6304045915603638,-0.09777111560106277,-0.04920385032892227,0.30932608246803284,5.0,0.0,0.19636577367782593,0.11203647404909134,0,3,1,1,0.0,12.53790283203125,13.540877342224121,2.6095263957977295,0.9099635481834412,0.25574028491973877,1.0085952281951904,0.15082983672618866,0.3180916905403137,0.048748113214969635,0.29929497838020325,0.05174902826547623,63.0,-15.69999885559082,22.799999237060547,23.100000381469727,0.699999988079071,0.0,20.100000381469727,0.0,0.0,0.0,0.0,0.0
70.95,0,0.6304062008857727,-0.09774328768253326,-0.049107976257801056,0.30942729115486145,5.0,0.0,0.19636113941669464,0.11203130334615707,0,3,1,1,0.0,12.549458503723145,13.491545677185059,2.6504650115966797,0.9113668203353882,0.25701332092285156,1.0086100101470947,0.15082579851150513,0.3180832266807556,0.04874642193317413,0.29929056763648987,0.05174883455038071,63.0,-15.69999885559082,22.799999237060547,23.100000381469727,0.699999988079071,0.0,20.100000381469727,0.0,0.0,0.0,0.0,0.0
71.0,0,0.6304168701171875,-0.09771066904067993,-0.049031876027584076,0.30949658155441284,5.0,0.0,0.19647188484668732,0.1120242029428482,0,3,1,1,0.0,12.580853462219238,13.53300952911377,2.615851640701294,0.9122241139411926,0.2577780485153198,1.008634328842163,0.15082105994224548,0.3180790841579437,0.04874560236930847,0.2992895841598511,0.051748692989349365,63.0,-15.69999885559082,22.799999237060547,23.100000381469727,0.699999988079071,0.0,20.100000381469727,0.0,0.0,0.0,0.0,0.0
71.05,0,0.6304246187210083,-0.09767592698335648,-0.0490124486386776,0.309541791677475,5.0,0.0,0.19651244580745697,0.1120200976729393,0,3,1,1,0.0,12.590696334838867,13.53652286529541,2.610894203186035,0.9127455353736877,0.25823402404785156,1.0086562633514404,0.15081652998924255,0.31807494163513184,0.04874492436647415,0.2992883622646332,0.05174868181347847,63.0,-15.69999885559082,22.799999237060547,23.100000381469727,0.699999988079071,0.0,20.100000381469727,0.0,0.0,0.0,0.0,0.0
71.1,0,0.6304311752319336,-0.09764234721660614,-0.04903620481491089,0.30957257747650146,5.0,0.0,0.19653092324733734,0.11201627552509308,0,3,1,1,0.0,12.596711158752441,13.541720390319824,2.604773759841919,0.9130649566650391,0.2585018575191498,1.008676528930664,0.15081247687339783,0.31807106733322144,0.04874430596828461,0.2992871403694153,0.05174848064780235,63.0,-15.69999885559082,22.799999237060547,23.100000381469727,0.699999988079071,0.0,20.100000381469727,0.0,0.0,0.0,0.0,0.0
71.15,0,0.630436897277832,-0.09761127084493637,-0.049084220081567764,0.3095942735671997,5.0,0.0,0.19654235243797302,0.11201289296150208,0,3,1,1,0.0,12.603340148925781,13.545492172241211,2.600281238555908,0.913262128829956,0.2586562931537628,1.0086952447891235,0.15080857276916504,0.318067342042923,0.048743680119514465,0.29928600788116455,0.05174838379025459,63.0,-15.69999885559082,22.799999237060547,23.100000381469727,0.699999988079071,0.0,20.100000381469727,0.0,0.0,0.0,0.0,0.0
71.2,0,0.6304423809051514,-0.09758339077234268,-0.049123842269182205,0.3096103072166443,5.0,0.0,0.19655051827430725,0.11201053857803345,0,3,1,1,0.0,12.605544090270996,13.541974067687988,2.5993363857269287,0.9133850932121277,0.25874266028404236,1.0087125301361084,0.15080523490905762,0.3180643916130066,0.04874315857887268,0.2992851138114929,0.05174838751554489,63.0,-15.69999885559082,22.799999237060547,23.100000381469727,0.699999988079071,0.0,20.100000381469727,0.0,0.0,0.0,0.0,0.0
71.25,0,0.6304479241371155,-0.09755779057741165,-0.04917171597480774,0.30962294340133667,5.0,0.0,0.1965591162443161,0.1120075136423111,0,3,1,1,0.0,12.610245704650879,13.542769432067871,2.5961451530456543,0.9134632349014282,0.25878816843032837,1.0087289810180664,0.15080174803733826,0.3180620074272156,0.04874272271990776,0.29928457736968994,0.051748525351285934,63.0,-15.69999885559082,22.799999237060547,23.100000381469727,0.699999988079071,0.0,20.100000381469727,0.0,0.0,0.0,0.0,0.0
71.3,0,0.6304530501365662,-0.09753552824258804,-0.04922162741422653,0.3096329867839813,5.0,0.0,0.1965566873550415,0.11200577765703201,0,3,1,1,0.0,12.615864753723145,13.544723510742188,2.5927696228027344,0.9135134220123291,0.258809894323349,1.0087438821792603,0.15079887211322784,0.31805989146232605,0.04874228313565254,0.29928407073020935,0.05174827203154564,63.0,-15.69999885559082,22.799999237060547,23.100000381469727,0.699999988079071,0.0,20.100000381469727,0.0,0.0,0.0,0.0,0.0
71.35,0,0.6304581761360168,-0.09751469641923904,-0.04925691336393356,0.30964159965515137,5.0,0.0,0.196560338139534,0.11200368404388428,0,3,1,1,0.0,12.619498252868652,13.54546070098877,2.5893771648406982,0.9135469794273376,0.2588171660900116,1.0087578296661377,0.15079577267169952,0.31805816292762756,0.04874210059642792,0.29928386211395264,0.05174842104315758,63.0,-15.69999885559082,22.799999237060547,23.100000381469727,0.699999988079071,0.0,20.100000381469727,0.0,0.0,0.0,0.0,0.0
71.4,0,0.6304632425308228,-0.09749653190374374,-0.04930039495229721,0.30964893102645874,5.0,0.0,0.19655869901180267,0.1120021641254425,0,3,1,1,0.0,12.621211051940918,13.54817008972168,2.586459159851074,0.9135701060295105,0.2588166296482086,1.0087710618972778,0.15079326927661896,0.31805697083473206,0.048741839826107025,0.2992839217185974,0.05174831673502922,63.0,-15.69999885559082,22.799999237060547,23.100000381469727,0.699999988079071,0.0,20.100000381469727,0.0,0.0,0.0,0.0,0.0
71.45,0,0.6304680109024048,-0.09748036414384842,-0.049324724823236465,0.3096553087234497,5.0,0.0,0.19656696915626526,0.11200135201215744,0,3,1,1,0.0,12.62385082244873,13.5462646484375,2.5847644805908203,0.9135866165161133,0.2588122487068176,1.0087831020355225,0.15079089999198914,0.31805622577667236,0.048741601407527924,0.2992841601371765,0.05174816772341728,63.0,-15.69999885559082,22.799999237060547,23.100000381469727,0.699999988079071,0.0,20.100000381469727,0.0,0.0,0.0,0.0,0.0
71.5,0,0.6304726600646973,-0.09746518731117249,-0.04934415593743324,0.3096610903739929,5.0,0.0,0.19656741619110107,0.11200077831745148,0,3,1,1,0.0,12.626631736755371,13.54656982421875,2.582488536834717,0.9135990738868713,0.2588053345680237,1.0087944269180298,0.1507885456085205,0.31805580854415894,0.04874159395694733,0.2992844581604004,0.05174827575683594,63.0,-15.69999885559082,22.799999237060547,23.100000381469727,0.699999988079071,0.0,20.100000381469727,0.0,0.0,0.0,0.0,0.0
71.55,0,0.630477249622345,-0.09745148569345474,-0.04937233775854111,0.30966630578041077,5.0,0.0,0.19656223058700562,0.11199979484081268,0,3,1,1,0.0,12.626795768737793,13.540977478027344,2.5837433338165283,0.9136091470718384,0.2587971091270447,1.008805274963379,0.15078632533550262,0.31805554032325745,0.04874146357178688,0.29928508400917053,0.051748160272836685,63.0,-15.69999885559082,22.799999237060547,23.100000381469727,0.699999988079071,0.0,20.100000381469727,0.0,0.0,0.0,0.0,0.0
71.6,0,0.6304816007614136,-0.09743867814540863,-0.049418576061725616,0.30967098474502563,5.0,0.0,0.19656109809875488,0.1119995266199112,0,3,1,1,0.0,12.627878189086914,13.544977188110352,2.5799560546875,0.9136174321174622,0.25878870487213135,1.0088151693344116,0.15078428387641907,0.3180554211139679,0.04874163866043091,0.29928576946258545,0.05174832046031952,63.0,-15.69999885559082,22.799999237060547,23.100000381469727,0.699999988079071,0.0,20.100000381469727,0.0,0.0,0.0,0.0,0.0
71.65,0,0.6304858326911926,-0.09742729365825653,-0.04941614344716072,0.3096754848957062,5.0,0.0,0.19656631350517273,0.11199928820133209,0,3,1,1,0.0,12.630849838256836,13.545738220214844,2.578037738800049,0.9136247038841248,0.25878044962882996,1.0088244676589966,0.15078234672546387,0.31805577874183655,0.04874163866043091,0.2992863953113556,0.05174838751554489,63.0,-15.69999885559082,22.799999237060547,23.100000381469727,0.699999988079071,0.0,20.100000381469727,0.0,0.0,0.0,0.0,0.0
71.7,0,0.6304896473884583,-0.09741682559251785,-0.04946551099419594,0.3096792995929718,5.0,0.0,0.19654135406017303,0.11199912428855896,0,3,1,1,0.0,12.630526542663574,13.541058540344238,2.579907178878784,0.9136307835578918,0.2587725818157196,1.0088331699371338,0.15078075230121613,0.3180561363697052,0.04874156042933464,0.2992872893810272,0.051748353987932205,63.0,-15.69999885559082,22.799999237060547,23.100000381469727,0.699999988079071,0.0,20.100000381469727,0.0,0.0,0.0,0.0,0.0
71.75,0,0.6304938197135925,-0.097406767308712,-0.04948335886001587,0.3096829056739807,5.0,0.0,0.19654275476932526,0.11199852079153061,0,3,1,1,0.0,12.634089469909668,13.546025276184082,2.5752007961273193,0.9136368632316589,0.2587650418281555,1.0088415145874023,0.15077893435955048,0.3180569112300873,0.048741672188043594,0.2992885708808899,0.05174858123064041,63.0,-15.69999885559082,22.799999237060547,23.100000381469727,0.699999988079071,0.0,20.100000381469727,0.0,0.0,0.0,0.0,0.0
71.8,0,0.6304973363876343,-0.09739816933870316,-0.04953105375170708,0.30968615412712097,5.0,0.0,0.19652803242206573,0.11199942976236343,0,3,1,1,0.0,12.63582992553711,13.54551887512207,2.574362277984619,0.9136419892311096,0.25875869393348694,1.008849024772644,0.15077735483646393,0.31805768609046936,0.04874199256300926,0.2992895543575287,0.0517486110329628,63.0,-15.69999885559082,22.799999237060547,23.100000381469727,0.699999988079071,0.0,20.100000381469727,0.0,0.0,0.0,0.0,0.0
71.85,0,0.6305007338523865,-0.09738976508378983,-0.04956113174557686,0.3096891939640045,5.0,0.0,0.1965159922838211,0.11199944466352463,0,3,1,1,0.0,12.636087417602539,13.54195785522461,2.574420928955078,0.9136467576026917,0.25875231623649597,1.0088560581207275,0.15077586472034454,0.31805846095085144,0.048742130398750305,0.2992905080318451,0.051748741418123245,63.0,-15.69999885559082,22.799999237060547,23.100000381469727,0.699999988079071,0.0,20.100000381469727,0.0,0.0,0.0,0.0,0.0
71.9,0,0.6305039525032043,-0.09738228470087051,-0.04957445338368416,0.30969181656837463,5.0,0.0,0.19649308919906616,0.11200025677680969,0,3,1,1,0.0,12.635115623474121,13.544429779052734,2.572805881500244,0.9136512279510498,0.258746862411499,1.0088627338409424,0.15077446401119232,0.3180592954158783,0.04874240979552269,0.2992917001247406,0.051748815923929214,63.0,-15.69999885559082,22.799999237060547,23.100000381469727,0.699999988079071,0.0,20.100000381469727,0.0,0.0,0.0,0.0,0.0
71.95,0,0.6305071711540222,-0.09737513959407806,-0.04959629476070404,0.30969440937042236,5.0,0.0,0.19647200405597687,0.11199994385242462,0,3,1,1,0.0,12.636800765991211,13.545661926269531,2.570242166519165,0.9136553406715393,0.25874143838882446,1.0088690519332886,0.15077321231365204,0.31806039810180664,0.04874250665307045,0.29929280281066895,0.05174896493554115,63.0,-15.69999885559082,22.799999237060547,23.100000381469727,0.699999988079071,0.0,20.100000381469727,0.0,0.0,0.0,0.0,0.0
72.0,0,0.6305103302001953,-0.09736938029527664,-0.04958504065871239,0.3096964955329895,5.0,0.0,0.1964602917432785,0.11200044304132462,0,3,1,1,0.0,12.636482238769531,13.541614532470703,2.571805477142334,0.9136595129966736,0.25873714685440063,1.0088746547698975,0.1507720798254013,0.3180616497993469,0.04874267801642418,0.29929429292678833,0.0517488569021225,63.0,-15.69999885559082,22.799999237060547,23.100000381469727,0.699999988079071,0.0,20.100000381469727,0.0,0.0,0.0,0.0,0.0
72.05,0,0.6305130124092102,-0.09736344963312149,-0.04962383955717087,0.3096986711025238,5.0,0.0,0.19644133746623993,0.11200124025344849,0,3,1,1,0.0,12.6400728225708,13.548707962036133,2.5668447017669678,0.9136630892753601,0.25873294472694397,1.0088800191879272,0.15077097713947296,0.31806275248527527,0.048743002116680145,0.2992953956127167,0.051749058067798615,63.0,-15.69999885559082,22.799999237060547,23.100000381469727,0.699999988079071,0.0,20.100000381469727,0.0,0.0,0.0,0.0,0.0
72.1,0,0.6305157542228699,-0.09735850244760513,-0.04963332414627075,0.30970045924186707,5.0,0.0,0.19641026854515076,0.11200281232595444,0,3,1,1,0.0,12.639753341674805,13.54552936553955,2.5683722496032715,0.9136665463447571,0.25872957706451416,1.008885145187378,0.1507699340581894,0.3180641233921051,0.04874327406287193,0.2992967665195465,0.05174901336431503,63.0,-15.69999885559082,22.799999237060547,23.100000381469727,0.699999988079071,0.0,20.100000381469727,0.0,0.0,0.0,0.0,0.0
72.15,0,0.6305182576179504,-0.09735354781150818,-0.04962671548128128,0.30970218777656555,5.0,0.0,0.1963832974433899,0.11200234293937683,0,3,1,1,0.0,12.639450073242188,13.544024467468262,2.567819356918335,0.9136697053909302,0.2587258517742157,1.0088897943496704,0.15076889097690582,0.3180653154850006,0.048743415623903275,0.29929789900779724,0.05174918845295906,63.0,-15.69999885559082,22.799999237060547,23.100000381469727,0.699999988079071,0.0,20.100000381469727,0.0,0.0,0.0,0.0,0.0
72.2,0,0.6305207014083862,-0.09734924882650375,-0.04965808615088463,0.309703528881073,5.0,0.0,0.19635048508644104,0.11200295388698578,0,3,1,1,0.0,12.642056465148926,13.547114372253418,2.5653443336486816,0.9136728048324585,0.2587229311466217,1.0088942050933838,0.15076804161071777,0.3180665075778961,0.04874374717473984,0.299299418926239,0.05174925923347473,63.0,-15.69999885559082,22.799999237060547,23.100000381469727,0.699999988079071,0.0,20.100000381469727,0.0,0.0,0.0,0.0,0.0
72.25,0,0.6305230259895325,-0.09734541922807693,-0.049661505967378616,0.30970486998558044,5.0,0.0,0.1963275820016861,0.11200303584337234,0,3,1,1,0.0,12.643270492553711,13.549020767211914,2.5636987686157227,0.9136757254600525,0.2587202191352844,1.008898138999939,0.15076720714569092,0.3180677890777588,0.04874398186802864,0.2993006408214569,0.0517493300139904,63.0,-15.69999885559082,22.799999237060547,23.100000381469727,0.699999988079071,0.0,20.100000381469727,0.0,0.0,0.0,0.0,0.0
72.3,0,0.6305249929428101,-0.09734198451042175,-0.04963962361216545,0.3097059726715088,5.0,0.0,0.1963041126728058,0.11200360953807831,0,3,1,1,0.0,12.642736434936523,13.545062065124512,2.565671682357788,0.9136781692504883,0.2587178349494934,1.008901834487915,0.150766521692276,0.31806883215904236,0.04874414950609207,0.2993018627166748,0.051749393343925476,63.0,-15.69999885559082,22.799999237060547,23.100000381469727,0.699999988079071,0.0,20.100000381469727,0.0,0.0,0.0,0.0,0.0
72.35,0,0.6305270791053772,-0.09733878076076508,-0.049663566052913666,0.3097068965435028,5.0,0.0,0.1962762027978897,0.11200486123561859,0,3,1,1,0.0,12.6438570022583,13.548510551452637,2.5629305839538574,0.9136807322502136,0.2587158679962158,1.0089054107666016,0.1507655829191208,0.3180702030658722,0.04874447360634804,0.299303263425827,0.051749445497989655,63.0,-15.69999885559082,22.799999237060547,23.100000381469727,0.699999988079071,0.0,20.100000381469727,0.0,0.0,0.0,0.0,0.0
72.4,0,0.6305289268493652,-0.09733616560697556,-0.04968511685729027,0.3097078800201416,5.0,0.0,0.19623436033725739,0.11200563609600067,0,3,1,1,0.0,12.64399528503418,13.547054290771484,2.564242124557495,0.9136829376220703,0.2587142586708069,1.0089086294174194,0.15076510608196259,0.3180713951587677,0.04874470829963684,0.29930442571640015,0.05174968019127846,63.0,-15.69999885559082,22.799999237060547,23.100000381469727,0.699999988079071,0.0,20.100000381469727,0.0,0.0,0.0,0.0,0.0
72.45,0,0.6305307745933533,-0.09733358770608902,-0.04971807077527046,0.3097086250782013,5.0,0.0,0.1961887776851654,0.11200559884309769,0,3,1,1,0.0,12.63972282409668,13.542882919311523,2.5660884380340576,0.9136852025985718,0.25871241092681885,1.0089116096496582,0.15076453983783722,0.3180726170539856,0.04874483495950699,0.2993057668209076,0.05174972116947174,63.0,-15.69999885559082,22.799999237060547,23.100000381469727,0.699999988079071,0.0,20.100000381469727,0.0,0.0,0.0,0.0,0.0
72.5,0,0.6305322647094727,-0.09733190387487411,-0.04975403845310211,0.3097093403339386,5.0,0.0,0.19614940881729126,0.11200680583715439,0,3,1,1,0.0,12.641849517822266,13.546964645385742,2.5632143020629883,0.9136868715286255,0.25871145725250244,1.0089143514633179,0.1507641077041626,0.31807366013526917,0.048745088279247284,0.299306720495224,0.051749762147665024,63.0,-15.69999885559082,22.799999237060547,23.100000381469727,0.699999988079071,0.0,20.100000381469727,0.0,0.0,0.0,0.0,0.0
72.55,0,0.6305339932441711,-0.09732996672391891,-0.049767278134822845,0.30970993638038635,5.0,0.0,0.19612257182598114,0.1120075210928917,0,3,1,1,0.0,12.642675399780273,13.548284530639648,2.5618650913238525,0.9136889576911926,0.25871020555496216,1.0089170932769775,0.15076354146003723,0.31807491183280945,0.0487452857196331,0.29930803179740906,0.05174991115927696,63.0,-15.69999885559082,22.799999237060547,23.100000381469727,0.699999988079071,0.0,20.100000381469727,0.0,0.0,0.0,0.0,0.0
72.6,0,0.6305354833602905,-0.09732868522405624,-0.049801021814346313,0.30971041321754456,5.0,0.0,0.1960953027009964,0.11200793087482452,0,3,1,1,0.0,12.643913269042969,13.551810264587402,2.5588152408599854,0.9136906862258911,0.2587093114852905,1.0089191198349,0.1507631093263626,0.3180760145187378,0.04874541237950325,0.2993091642856598,0.051749780774116516,63.0,-15.69999885559082,22.799999237060547,23.100000381469727,0.699999988079071,0.0,20.100000381469727,0.0,0.0,0.0,0.0,0.0
72.65,0,0.6305367946624756,-0.09732680022716522,-0.04980700835585594,0.309710830450058,5.0,0.0,0.19606490433216095,0.11200837790966034,0,3,1,1,0.0,12.643365859985352,13.550493240356445,2.559973955154419,0.9136922359466553,0.25870826840400696,1.0089213848114014,0.1507626622915268,0.3180769681930542,0.04874559864401817,0.2993102967739105,0.05174998939037323,63.0,-15.69999885559082,22.799999237060547,23.100000381469727,0.699999988079071,0.0,20.100000381469727,0.0,0.0,0.0,0.0,0.0
72.7,0,0.6305381655693054,-0.09732523560523987,-0.04982084780931473,0.30971118807792664,5.0,0.0,0.19603952765464783,0.11200838536024094,0,3,1,1,0.0,12.643766403198242,13.550966262817383,2.55893874168396,0.9136937856674194,0.2587074637413025,1.0089235305786133,0.15076228976249695,0.318077951669693,0.04874585196375847,0.2993113696575165,0.05175016447901726,63.0,-15.69999885559082,22.799999237060547,23.100000381469727,0.699999988079071,0.0,20.100000381469727,0.0,0.0,0.0,0.0,0.0
72.75,0,0.6305394172668457,-0.09732414782047272,-0.04981914162635803,0.3097114562988281,5.0,0.0,0.1960102617740631,0.11200951784849167,0,3,1,1,0.0,12.64365005493164,13.549768447875977,2.5598978996276855,0.9136950969696045,0.258707195520401,1.008925437927246,0.15076185762882233,0.3180789649486542,0.048746127635240555,0.2993125319480896,0.051750000566244125,63.0,-15.69999885559082,22.799999237060547,23.100000381469727,0.699999988079071,0.0,20.100000381469727,0.0,0.0,0.0,0.0,0.0
72.8,0,0.6305403113365173,-0.09732241183519363,-0.04984297230839729,0.30971184372901917,5.0,0.0,0.19596940279006958,0.11201030015945435,0,3,1,1,0.0,12.643556594848633,13.549747467041016,2.5596206188201904,0.9136963486671448,0.2587062120437622,1.0089271068572998,0.15076157450675964,0.31807976961135864,0.04874630644917488,0.2993132770061493,0.051750194281339645,63.0,-15.69999885559082,22.799999237060547,23.100000381469727,0.699999988079071,0.0,20.100000381469727,0.0,0.0,0.0,0.0,0.0
72.85,0,0.63054358959198,-0.09737689793109894,-0.048872094601392746,0.3098655343055725,5.0,0.0,0.19568170607089996,0.11202355474233627,0,3,1,1,0.0,12.805206298828125,13.736083030700684,2.4464430809020996,0.9140602350234985,0.25544264912605286,1.0089232921600342,0.15076129138469696,0.3180844187736511,0.048746008425951004,0.2993127703666687,0.0517503097653389,60.20000076293945,-15.69999885559082,22.799999237060547,23.100000381469727,0.699999988079071,0.0,20.100000381469727,0.0,0.0,0.0,0.0,0.0
72.9,0,0.6305570602416992,-0.09733650088310242,-0.0487499013543129,0.3099651038646698,5.0,0.0,0.19567497074604034,0.1120092049241066,0,3,1,1,0.0,12.757637977600098,13.672992706298828,2.5037097930908203,0.9142727851867676,0.2533998191356659,1.0089397430419922,0.15075881779193878,0.3180908262729645,0.048747699707746506,0.29932060837745667,0.051750652492046356,60.20000076293945,-15.69999885559082,22.799999237060547,23.100000381469727,0.699999988079071,0.0,20.100000381469727,0.0,0.0,0.0,0.0,0.0
72.95,0,0.6305671334266663,-0.09730906784534454,-0.04795917868614197,0.3100256621837616,5.0,0.0,0.1958281695842743,0.11201253533363342,0,3,1,1,0.0,12.755341529846191,13.654678344726562,2.52256178855896,0.91439288854599,0.2521560490131378,1.0089534521102905,0.15075671672821045,0.3180968463420868,0.048748794943094254,0.29932692646980286,0.051751092076301575,60.20000076293945,-15.69999885559082,22.799999237060547,23.100000381469727,0.699999988079071,0.0,20.100000381469727,0.0,0.0,0.0,0.0,0.0
73.0,0,0.6301778554916382,-0.0926244780421257,0.3032236397266388,0.30935758352279663,5.0,0.0,0.07521931082010269,0.10648304224014282,0,3,1,1,0.0,10.583170890808105,8.419031143188477,8.360183715820312,0.9147406220436096,0.24913157522678375,1.0088783502578735,0.15069814026355743,0.3179669976234436,0.04880208149552345,0.30001330375671387,0.05165106803178787,60.20000076293945,-15.69999885559082,22.799999237060547,23.100000381469727,0.699999988079071,0.0,0.699999988079071,0.0,0.0,0.0,0.0,0.0
73.05,0,0.630715548992157,-0.06681661307811737,0.4378513693809509,0.2937110960483551,5.0,0.0,0.02405611425638199,0.06824658811092377,0,3,1,1,0.0,13.013593673706055,16.042802810668945,0.2085934430360794,0.9192962050437927,0.2239798754453659,1.0091474056243896,0.15019717812538147,0.31842532753944397,0.04912666976451874,0.30985337495803833,0.05076057091355324,47.79999923706055,-15.69999885559082,22.799999237060547,23.100000381469727,0.699999988079071,0.0,0.699999988079071,0.0,0.0,0.0,0.0,0.0
73.1,0,0.6326678395271301,-0.04849400371313095,0.250022828578949,0.2964749336242676,5.0,0.0,0.12458834797143936,0.03636660426855087,0,3,1,1,0.0,13.522567749023438,15.452237129211426,0.0,0.9229987263679504,0.20188769698143005,1.010193109512329,0.1500065177679062,0.3192935585975647,0.04940933734178543,0.32092663645744324,0.050496552139520645,47.79999923706055,-15.69999885559082,22.799999237060547,23.100000381469727,0.699999988079071,0.0,0.699999988079071,0.0,0.0,0.0,0.0,0.0
73.15,0,0.6337398290634155,-0.03843522071838379,0.13684417307376862,0.2981281876564026,5.0,0.0,0.17880091071128845,0.018139047548174858,0,3,1,1,0.0,13.346380233764648,15.291065216064453,0.801295280456543,0.9239176511764526,0.18546032905578613,1.0107828378677368,0.1499832719564438,0.31978464126586914,0.049536991864442825,0.32784706354141235,0.05029378458857536,43.599998474121094,-15.69999885559082,22.799999237060547,23.100000381469727,0.699999988079071,0.0,0.699999988079071,0.0,0.0,0.0,0.0,0.0
73.2,0,0.6342694163322449,-0.032319288700819016,0.06677404791116714,0.2990726828575134,5.0,0.0,0.4634399712085724,0.008254066109657288,3,3,1,1,0.0,13.244303703308105,14.238194465637207,1.606502890586853,0.9236534833908081,0.17435216903686523,1.0111182928085327,0.14996129274368286,0.3200565576553345,0.049758028239011765,0.33196350932121277,0.05014629289507866,43.599998474121094,-15.69999885559082,22.799999237060547,23.100000381469727,0.699999988079071,0.0,0.699999988079071,0.0,0.0,0.0,0.0,0.0
73.25,0,0.6344773769378662,-0.02872609905898571,0.02686021849513054,0.29957443475723267,5.0,0.0,0.47943779826164246,0.0026550565380603075,3,3,1,1,0.0,13.09751033782959,14.10197925567627,1.8366481065750122,0.9231588244438171,0.16774646937847137,1.0112673044204712,0.14994673430919647,0.32016682624816895,0.04987356811761856,0.3342914879322052,0.05004831776022911,43.599998474121094,-15.69999885559082,22.799999237060547,23.100000381469727,0.699999988079071,0.0,0.699999988079071,0.0,0.0,0.0,0.0,0.0
73.3,0,0.6345522999763489,-0.026617545634508133,0.0038905900437384844,0.29985129833221436,5.0,0.0,0.48710399866104126,-0.0006092358380556107,3,3,1,1,0.0,13.025691986083984,14.57714557647705,1.5657296180725098,0.9227262139320374,0.1638062447309494,1.011325716972351,0.14993904531002045,0.3202028274536133,0.04993746802210808,0.3356344997882843,0.049989741295576096,43.599998474121094,-15.69999885559082,22.799999237060547,23.100000381469727,0.699999988079071,0.0,0.699999988079071,0.0,0.0,0.0,0.0,0.0
73.35,0,0.6345325708389282,-0.025700142607092857,-0.0017586234025657177,0.2999860346317291,5.0,0.0,0.4620187282562256,-0.002323639113456011,3,3,1,1,0.0,13.060579299926758,14.506575584411621,1.8780841827392578,0.9216574430465698,0.1592007577419281,1.0112935304641724,0.14993725717067719,0.3201914131641388,0.04996170476078987,0.3362768888473511,0.049958620220422745,38.099998474121094,-15.69999885559082,22.799999237060547,23.100000381469727,0.699999988079071,0.0,0.699999988079071,0.0,0.0,0.0,0.0,0.0
73.4,0,0.6344907283782959,-0.024666903540492058,-0.012658895924687386,0.30014169216156006,5.0,0.0,0.48970910906791687,-0.0035144691355526447,3,3,1,1,0.0,13.087076187133789,14.141534805297852,1.8303258419036865,0.9197182655334473,0.1523144394159317,1.0112789869308472,0.14993560314178467,0.32014787197113037,0.04998994618654251,0.3367242217063904,0.04993810877203941,38.099998474121094,-15.69999885559082,22.799999237060547,23.100000381469727,0.699999988079071,0.0,0.699999988079071,0.0,0.0,0.0,0.0,0.0
73.45,0,0.6348978877067566,-0.0270985197275877,-0.11413838714361191,0.29967963695526123,5.0,0.0,0.44106054306030273,-0.0021670039277523756,3,3,1,1,12.396524429321289,2.745771884918213,3.0671207904815674,11.736882209777832,0.919186532497406,0.15003657341003418,1.0111973285675049,0.14992757141590118,0.3209019899368286,0.049949634820222855,0.33695870637893677,0.0499553456902504,35.29999923706055,-15.69999885559082,22.799999237060547,23.100000381469727,0.699999988079071,0.0,0.699999988079071,0.0,0.0,0.0,0.0,0.0
73.5,0,0.6361278295516968,-0.032111383974552155,-0.06281477957963943,0.2985307574272156,5.0,0.0,0.45708975195884705,0.001399678410962224,3,3,1,1,12.376007080078125,2.3845691680908203,2.405147075653076,10.850640296936035,0.91949862241745,0.14998643100261688,1.011419653892517,0.14992374181747437,0.32297176122665405,0.049865152686834335,0.33741259574890137,0.05001860484480858,35.29999923706055,-15.69999885559082,22.799999237060547,23.100000381469727,0.699999988079071,0.0,0.699999988079071,0.0,0.0,0.0,0.0,0.0
73.55,0,0.6368879079818726,-0.03523103892803192,-0.03344607725739479,0.2978307008743286,5.0,0.0,0.4707685708999634,0.0035341603215783834,3,3,1,1,12.430770874023438,2.31235933303833,2.400477409362793,11.250724792480469,0.919593334197998,0.14998449385166168,1.0115209817886353,0.14991934597492218,0.3242291212081909,0.04981829971075058,0.3377668857574463,0.05005263537168503,35.29999923706055,-15.69999885559082,22.799999237060547,23.100000381469727,0.699999988079071,0.0,0.699999988079071,0.0,0.0,0.0,0.0,0.0
73.6,0,0.6373391151428223,-0.037123776972293854,-0.01839793659746647,0.2973448634147644,5.0,0.0,0.4808609187602997,0.004849177785217762,3,3,1,1,12.402484893798828,2.6230082511901855,2.625898599624634,11.134322166442871,0.9195734858512878,0.14997899532318115,1.0115506649017334,0.14992016553878784,0.32504796981811523,0.049792397767305374,0.3380545675754547,0.0500720739364624,35.29999923706055,-15.69999885559082,22.799999237060547,23.100000381469727,0.699999988079071,0.0,0.699999988079071,0.0,0.0,0.0,0.0,0.0
73.65,0,0.637951135635376,-0.0397733636200428,-0.029386086389422417,0.2844492197036743,5.0,0.0,0.46718958020210266,0.006896880455315113,3,3,1,1,14.758870124816895,0.224934920668602,0.9342914819717407,12.812010765075684,0.9195733070373535,0.1499822586774826,1.0115090608596802,0.14990124106407166,0.32627400755882263,0.04974117502570152,0.33839577436447144,0.050096165388822556,33.900001525878906,-15.69999885559082,22.799999237060547,23.100000381469727,0.699999988079071,0.0,0.699999988079071,0.0,0.0,0.0,0.0,0.0
73.7,0,0.6384809017181396,-0.04154054448008537,-0.01527505274862051,0.284519225358963,5.0,0.0,0.47229042649269104,0.008390688337385654,3,3,1,1,14.971159934997559,0.0,0.6646443605422974,13.041508674621582,0.9195421934127808,0.1499764621257782,1.0116045475006104,0.1498941034078598,0.32727861404418945,0.04970270022749901,0.3387483060359955,0.05011101812124252,33.900001525878906,-15.69999885559082,22.799999237060547,23.100000381469727,0.699999988079071,0.0,0.699999988079071,0.0,0.0,0.0,0.0,0.0
73.75,0,0.6398618817329407,-0.042873166501522064,-0.06582258641719818,0.28355348110198975,5.0,0.0,0.45975732803344727,0.009609445929527283,3,3,1,1,13.819506645202637,0.0,1.1331335306167603,13.341672897338867,0.9198727607727051,0.149974063038826,1.012709379196167,0.15033259987831116,0.32926347851753235,0.04979613423347473,0.34106165170669556,0.04998907446861267,33.900001525878906,-15.69999885559082,22.799999237060547,23.100000381469727,0.699999988079071,0.0,0.699999988079071,0.0,0.0,0.0,0.9599999785423279,1.0399999618530273
73.8,0,0.6413530707359314,-0.044111549854278564,-0.05529677867889404,0.28261056542396545,5.0,0.0,0.4590950608253479,0.010536990128457546,3,3,1,1,14.230711936950684,0.0,1.544135332107544,13.774911880493164,0.9202918410301208,0.1499778777360916,1.0140976905822754,0.15097758173942566,0.3311445713043213,0.04991165176033974,0.3434589207172394,0.04974038153886795,33.900001525878906,-15.69999885559082,22.799999237060547,23.100000381469727,0.699999988079071,0.0,0.699999988079071,0.0,0.0,0.0,0.9599999785423279,1.0399999618530273
73.85,0,0.6426380276679993,-0.04508281871676445,-0.0646345317363739,0.2816803455352783,5.0,0.0,0.47280097007751465,0.00995999202132225,3,3,1,1,14.178308486938477,0.0,1.663744568824768,14.025128364562988,0.9206990599632263,0.1499818116426468,1.0152424573898315,0.15205100178718567,0.3327297866344452,0.04999333620071411,0.3456164002418518,0.049940075725317,33.900001525878906,-15.69999885559082,22.799999237060547,23.100000381469727,0.699999988079071,0.0,0.699999988079071,0.0,0.0,0.0,0.9599999785423279,1.0399999618530273
73.9,0,0.6439191699028015,-0.04599194601178169,-0.09650818258523941,0.2807815372943878,5.0,0.0,0.46696436405181885,0.009231648407876492,3,3,1,1,13.539594650268555,0.0,1.1699085235595703,13.295716285705566,0.9211516380310059,0.14998239278793335,1.016427755355835,0.153141587972641,0.33433496952056885,0.04997103661298752,0.3477455675601959,0.05009050294756889,33.900001525878906,-15.69999885559082,22.799999237060547,23.100000381469727,0.699999988079071,0.0,0.699999988079071,0.0,0.0,0.0,0.9599999785423279,1.0399999618530273
73.95,0,0.6451517343521118,-0.0469009131193161,-0.12326137721538544,0.27987435460090637,5.0,0.0,0.46669089794158936,0.008465866558253765,3,3,1,1,13.264812469482422,0.0,0.4013407528400421,13.527680397033691,0.9216319918632507,0.14997777342796326,1.0175787210464478,0.15413615107536316,0.3358341455459595,0.0498613640666008,0.34983351826667786,0.05014574155211449,33.900001525878906,-15.69999885559082,22.799999237060547,23.100000381469727,0.699999988079071,0.0,0.699999988079071,0.0,0.0,0.0,0.9599999785423279,1.0399999618530273
74.0,0,0.6463611125946045,-0.0480240099132061,-0.09788669645786285,0.27896082401275635,5.0,0.0,0.47225043177604675,0.007458802778273821,3,3,1,1,13.666293144226074,0.0,0.7907313108444214,15.142279624938965,0.9221389293670654,0.1499675065279007,1.018678069114685,0.15517094731330872,0.33720868825912476,0.0496516153216362,0.35187089443206787,0.05010242760181427,33.900001525878906,-15.69999885559082,22.799999237060547,23.100000381469727,0.699999988079071,0.0,0.699999988079071,0.0,0.0,0.0,0.9599999785423279,1.0399999618530273
74.05,0,0.6475095748901367,-0.049010567367076874,-0.11820021271705627,0.2780943214893341,5.0,0.0,0.4614088237285614,0.006623630877584219,3,3,1,1,13.187292098999023,0.0,0.0,14.749776840209961,0.9226690530776978,0.14995066821575165,1.0197588205337524,0.15604792535305023,0.33856573700904846,0.04936310276389122,0.3538288176059723,0.04998204857110977,33.900001525878906,-15.69999885559082,22.799999237060547,23.100000381469727,0.699999988079071,0.0,0.699999988079071,0.0,0.0,0.0,0.9599999785423279,1.0399999618530273
74.1,0,0.6487197279930115,-0.049623262137174606,-0.06993045657873154,0.27726826071739197,5.0,0.0,0.4667828679084778,0.00652904249727726,3,3,1,1,12.442667961120605,0.0,1.5457028150558472,14.119034767150879,0.9232823252677917,0.14992451667785645,1.020965576171875,0.15659169852733612,0.33993425965309143,0.04933243617415428,0.35585108399391174,0.049793440848588943,33.900001525878906,-15.69999885559082,22.799999237060547,23.100000381469727,0.699999988079071,0.0,0.699999988079071,0.0,0.0,0.0,0.9599999785423279,1.0399999618530273
74.15,0,0.6499942541122437,-0.049748171120882034,-0.09013424813747406,0.2765154242515564,5.0,0.0,0.46657997369766235,0.007251439616084099,3,3,1,1,13.306591033935547,0.0,0.1691204011440277,14.56159496307373,0.9239916801452637,0.14988155663013458,1.022284984588623,0.15669631958007812,0.3411700129508972,0.049613308161497116,0.35790014266967773,0.049525484442710876,33.900001525878906,-15.69999885559082,22.799999237060547,23.100000381469727,0.699999988079071,0.0,0.699999988079071,0.0,0.0,0.0,0.9599999785423279,1.0399999618530273
74.2,0,0.6512885689735413,-0.04992591589689255,-0.07361122965812683,0.2757936716079712,5.0,0.0,0.4672204256057739,0.008058017119765282,3,3,1,1,12.741504669189453,0.0,0.0,15.13569164276123,0.9247417449951172,0.14982502162456512,1.0236477851867676,0.1567419171333313,0.3424924314022064,0.049777280539274216,0.3599475026130676,0.04917806386947632,33.900001525878906,-15.69999885559082,22.799999237060547,23.100000381469727,0.699999988079071,0.0,0.699999988079071,0.0,0.0,0.0,0.9599999785423279,1.0399999618530273
74.25,0,0.6524522304534912,-0.05007266625761986,-0.07259154319763184,0.28858035802841187,5.0,0.0,0.47276797890663147,0.007630543317645788,3,3,1,1,12.474422454833984,0.0,2.0225484371185303,15.223007202148438,0.9254925847053528,0.14976251125335693,1.0247997045516968,0.15720738470554352,0.3437802493572235,0.04986400529742241,0.3617519438266754,0.049270518124103546,33.900001525878906,-15.69999885559082,22.799999237060547,23.100000381469727,0.699999988079071,0.0,0.699999988079071,0.0,0.0,0.0,0.9599999785423279,1.0399999618530273
74.3,0,0.6535637974739075,-0.05013618618249893,-0.10048568993806839,0.27457013726234436,5.0,0.0,0.46768254041671753,0.006700052414089441,3,3,1,1,12.29075813293457,0.0,0.5193195939064026,14.740151405334473,0.9262569546699524,0.14968571066856384,1.0258904695510864,0.157831072807312,0.34497976303100586,0.04994805157184601,0.36345991492271423,0.04954918473958969,33.900001525878906,-15.69999885559082,22.799999237060547,23.100000381469727,0.699999988079071,0.0,0.699999988079071,0.0,0.0,0.0,0.9599999785423279,1.0399999618530273
74.35,0,0.6547287106513977,-0.050409212708473206,-0.07145410031080246,0.27403539419174194,5.0,0.0,0.4731369912624359,0.005646013654768467,3,3,1,1,13.574100494384766,0.0,0.0,15.546783447265625,0.9270521998405457,0.14958947896957397,1.0270136594772339,0.15846523642539978,0.3461392819881439,0.049982666969299316,0.36513298749923706,0.04976334795355797,33.900001525878906,-15.69999885559082,22.799999237060547,23.100000381469727,0.699999988079071,0.0,0.699999988079071,0.0,0.0,0.0,0.9599999785423279,1.0399999618530273
74.4,0,0.6559550166130066,-0.050689466297626495,-0.09183144569396973,0.27355462312698364,5.0,0.0,0.4695720970630646,0.00472753681242466,3,3,1,1,12.833603858947754,0.0,0.0,15.829720497131348,0.9279341697692871,0.1494765430688858,1.0282033681869507,0.1590348780155182,0.3474341332912445,0.04991644248366356,0.366818368434906,0.04991798847913742,33.900001525878906,-15.69999885559082,22.799999237060547,23.100000381469727,0.699999988079071,0.0,0.699999988079071,0.0,0.0,0.0,0.9599999785423279,1.0399999618530273
74.45,0,0.6571826338768005,-0.051025550812482834,-0.11325788497924805,0.27311140298843384,5.0,0.0,0.46982380747795105,0.0038181322161108255,3,3,1,1,12.390091896057129,0.0,0.6536421775817871,15.404905319213867,0.9288610219955444,0.14934702217578888,1.0294017791748047,0.15956465899944305,0.34875941276550293,0.049752719700336456,0.368468701839447,0.05001225695014,33.900001525878906,-15.69999885559082,22.799999237060547,23.100000381469727,0.699999988079071,0.0,0.699999988079071,0.0,0.0,0.0,0.9599999785423279,1.0399999618530273
74.5,0,0.6582527756690979,-0.0514778234064579,-0.12668532133102417,0.27257391810417175,5.0,0.0,0.46953877806663513,0.0027272480074316263,3,3,1,1,12.595229148864746,0.0,0.7852163910865784,15.316234588623047,0.929698646068573,0.14920565485954285,1.0304025411605835,0.16008484363555908,0.3498964011669159,0.04949549585580826,0.370043009519577,0.050033088773489,33.900001525878906,-15.69999885559082,22.799999237060547,23.100000381469727,0.699999988079071,0.0,0.699999988079071,0.0,0.0,0.0,0.9599999785423279,1.0399999618530273
74.55,0,0.6593513488769531,-0.05213559418916702,-0.07895882427692413,0.2870199680328369,5.0,0.0,0.4567813575267792,0.0017515381332486868,3,3,1,1,10.993857383728027,0.0,2.881256580352783,15.059786796569824,0.9307520985603333,0.14929118752479553,1.031564474105835,0.16059532761573792,0.351083904504776,0.04914401099085808,0.3716605603694916,0.04999585077166557,33.900001525878906,-15.69999885559082,22.799999237060547,23.100000381469727,0.699999988079071,0.0,0.699999988079071,0.0,0.0,0.0,0.9599999785423279,1.0399999618530273
74.6,0,0.6609808206558228,-0.0529908761382103,-0.04542697221040726,0.2868093252182007,5.0,0.0,0.44087132811546326,0.0011147971963509917,3,3,1,1,12.15530014038086,0.0,2.8990445137023926,14.997014045715332,0.9322109818458557,0.14938274025917053,1.0334384441375732,0.16100218892097473,0.35266339778900146,0.04877150431275368,0.37357333302497864,0.04988449439406395,33.900001525878906,-15.69999885559082,22.799999237060547,23.100000381469727,0.699999988079071,0.0,0.699999988079071,0.0,0.0,0.0,0.9599999785423279,1.0399999618530273
74.65,0,0.6626309156417847,-0.053658634424209595,-0.07275517284870148,0.2715323865413666,5.0,0.0,0.4525164067745209,0.001010584062896669,3,3,1,1,12.684050559997559,0.0,0.0,16.005266189575195,0.933657705783844,0.14947007596492767,1.0353639125823975,0.16119053959846497,0.3542599678039551,0.048504799604415894,0.3755870759487152,0.04969656839966774,33.900001525878906,-15.69999885559082,22.799999237060547,23.100000381469727,0.699999988079071,0.0,0.699999988079071,0.0,0.0,0.0,0.9599999785423279,1.0399999618530273
74.7,0,0.6644542813301086,-0.05379239469766617,-0.02445880137383938,0.27143415808677673,5.0,0.0,0.4314851760864258,0.001847060746513307,3,3,1,1,12.226716995239258,0.0,1.5114548206329346,15.141349792480469,0.9353380799293518,0.14955267310142517,1.0375630855560303,0.1609775274991989,0.3559739589691162,0.048538703471422195,0.3776358664035797,0.04941713064908981,33.900001525878906,-15.69999885559082,22.799999237060547,23.100000381469727,0.699999988079071,0.0,0.699999988079071,0.0,0.0,0.0,0.9599999785423279,1.0399999618530273
74.75,0,0.6661633253097534,-0.053093671798706055,-0.050865355879068375,0.2712271213531494,5.0,0.0,0.45067745447158813,0.003971467725932598,3,3,1,1,12.458381652832031,0.0,0.937857449054718,15.278305053710938,0.9369197487831116,0.14962871372699738,1.0396921634674072,0.16012006998062134,0.35752072930336,0.04903915151953697,0.37976181507110596,0.049073636531829834,33.900001525878906,-15.69999885559082,22.799999237060547,23.100000381469727,0.699999988079071,0.0,0.699999988079071,0.0,0.0,0.0,0.9599999785423279,1.0399999618530273
74.8,0,0.6678268909454346,-0.05256563425064087,-0.037254516035318375,0.27097657322883606,5.0,0.0,0.43993037939071655,0.0059401607140898705,3,3,1,1,11.322300910949707,0.0,1.9819339513778687,15.015266418457031,0.9384855628013611,0.14970150589942932,1.041765570640564,0.1593296378850937,0.35904964804649353,0.04943111166357994,0.3818775713443756,0.04863434284925461,33.900001525878906,-15.69999885559082,22.799999237060547,23.100000381469727,0.699999988079071,0.0,0.699999988079071,0.0,0.0,0.0,0.9599999785423279,1.0399999618530273
74.85,0,0.6693844795227051,-0.05225381255149841,-0.030389899387955666,0.285370409488678,5.0,0.0,0.4473210275173187,0.006765005644410849,3,3,1,1,11.224435806274414,0.0,3.240654230117798,14.842660903930664,0.9399111866950989,0.1497698277235031,1.0435870885849,0.15907257795333862,0.36053940653800964,0.04972251132130623,0.3838026821613312,0.04855476692318916,33.900001525878906,-15.69999885559082,22.799999237060547,23.100000381469727,0.699999988079071,0.0,0.699999988079071,0.0,0.0,0.0,0.9599999785423279,1.0399999618530273
74.9,0,0.6708567142486572,-0.05199054628610611,-0.07222218811511993,0.2705110013484955,5.0,0.0,0.4650428891181946,0.006944993045181036,3,3,1,1,12.024152755737305,0.0,0.0,16.6905460357666,0.9413306713104248,0.14981700479984283,1.0453354120254517,0.15903674066066742,0.36188751459121704,0.04992280527949333,0.3856302797794342,0.04867769405245781,33.900001525878906,-15.69999885559082,22.799999237060547,23.100000381469727,0.699999988079071,0.0,0.699999988079071,0.0,0.0,0.0,0.9599999785423279,1.0399999618530273
74.95,0,0.6721243262290955,-0.051952775567770004,-0.06867978721857071,0.270168274641037,5.0,0.0,0.46570321917533875,0.006353335455060005,3,3,1,1,11.59001350402832,0.0,0.0,16.09244728088379,0.9425464272499084,0.1498640924692154,1.0467973947525024,0.15933991968631744,0.363098680973053,0.05000994727015495,0.3873332440853119,0.048941247165203094,33.900001525878906,-15.69999885559082,22.799999237060547,23.100000381469727,0.699999988079071,0.0,0.699999988079071,0.0,0.0,0.0,0.9599999785423279,1.0399999618530273
75.0,0,0.6733701229095459,-0.052073027938604355,-0.0927518755197525,0.26984912157058716,5.0,0.0,0.4636266529560089,0.005354485008865595,3,3,1,1,11.682337760925293,0.0,0.0,16.061914443969727,0.9437410831451416,0.14990879595279694,1.0481829643249512,0.15982918441295624,0.36436349153518677,0.04999213665723801,0.3889615535736084,0.04925999417901039,33.900001525878906,-15.69999885559082,22.799999237060547,23.100000381469727,0.699999988079071,0.0,0.699999988079071,0.0,0.0,0.0,0.9599999785423279,1.0399999618530273
75.05,0,0.6746556758880615,-0.05231618136167526,-0.09860774874687195,0.26955342292785645,5.0,0.0,0.46081048250198364,0.004264063201844692,3,3,1,1,12.266663551330566,0.0,0.0,16.43683433532715,0.9449918866157532,0.14993658661842346,1.0496443510055542,0.16030801832675934,0.3656308352947235,0.049874335527420044,0.39060938358306885,0.04952675849199295,33.900001525878906,-15.69999885559082,22.799999237060547,23.100000381469727,0.699999988079071,0.0,0.699999988079071,0.0,0.0,0.0,0.9599999785423279,1.0399999618530273
75.1,0,0.6761194467544556,-0.05273021012544632,-0.09569381922483444,0.26932060718536377,5.0,0.0,0.45909950137138367,0.0031800216529518366,3,3,1,1,11.806220054626465,0.0,0.0,16.042713165283203,0.9463679790496826,0.14996781945228577,1.0513166189193726,0.1608090102672577,0.3670892119407654,0.049660831689834595,0.3923680782318115,0.04973965138196945,33.900001525878906,-15.69999885559082,22.799999237060547,23.100000381469727,0.699999988079071,0.0,0.699999988079071,0.0,0.0,0.0,0.9599999785423279,1.0399999618530273
75.15,0,0.6775597333908081,-0.05332570523023605,-0.087213434278965,0.2690815031528473,5.0,0.0,0.46095454692840576,0.0020094676874578,3,3,1,1,12.552457809448242,0.0,0.40640053153038025,16.339418411254883,0.9476826190948486,0.1499849259853363,1.0529241561889648,0.1613479107618332,0.36858803033828735,0.049338314682245255,0.3940849006175995,0.04989036172628403,33.900001525878906,-15.69999885559082,22.799999237060547,23.100000381469727,0.699999988079071,0.0,0.699999988079071,0.0,0.0,0.0,0.9599999785423279,1.0399999618530273
75.2,0,0.6790962815284729,-0.05419304966926575,-0.04556109383702278,0.2843462824821472,5.0,0.0,0.45076248049736023,0.0006794471992179751,3,3,1,1,11.684865951538086,0.0,2.098853588104248,16.08734703063965,0.9490518569946289,0.1499921828508377,1.05460786819458,0.16199427843093872,0.37011203169822693,0.04891416057944298,0.39583978056907654,0.04996870085597038,33.900001525878906,-15.69999885559082,22.799999237060547,23.100000381469727,0.699999988079071,0.0,0.699999988079071,0.0,0.0,0.0,0.9599999785423279,1.0399999618530273
75.25,0,0.6809131503105164,-0.05349823832511902,-0.04860205948352814,0.26890429854393005,5.0,0.0,0.4494898319244385,0.0018248235573992133,3,3,1,1,11.500024795532227,0.0,1.0783538818359375,15.358000755310059,0.9507417678833008,0.14998137950897217,1.0567810535430908,0.16152584552764893,0.37180083990097046,0.04933907464146614,0.3977838456630707,0.04998727887868881,33.900001525878906,-15.69999885559082,22.799999237060547,23.100000381469727,0.699999988079071,0.0,0.699999988079071,0.0,0.0,0.0,0.9599999785423279,1.0399999618530273
75.3,0,0.6825065612792969,-0.05290883406996727,-0.0702928975224495,0.26884084939956665,5.0,0.0,0.4574318528175354,0.002632981166243553,3,3,1,1,12.844890594482422,0.0,0.5012200474739075,15.632076263427734,0.9522376656532288,0.1499670147895813,1.0586719512939453,0.1611674576997757,0.3733331263065338,0.04965956509113312,0.39959126710891724,0.050029054284095764,33.900001525878906,-15.69999885559082,22.799999237060547,23.100000381469727,0.699999988079071,0.0,0.699999988079071,0.0,0.0,0.0,0.9599999785423279,1.0399999618530273
75.35,0,0.6839505434036255,-0.052515510469675064,-0.0714569240808487,0.2686311602592468,5.0,0.0,0.4592288136482239,0.003109430195763707,3,3,1,1,12.169349670410156,0.0,0.9712538719177246,15.713456153869629,0.9536412954330444,0.1499386578798294,1.0603835582733154,0.16093133389949799,0.374695748090744,0.04987519979476929,0.4013819098472595,0.050018660724163055,33.900001525878906,-15.69999885559082,22.799999237060547,23.100000381469727,0.699999988079071,0.0,0.699999988079071,0.0,0.0,0.0,0.9599999785423279,1.0399999618530273
75.4,0,0.684782862663269,-0.052443329244852066,-0.024783071130514145,0.2690025866031647,6.0,0.0,-1.5109858512878418,0.003419226501137018,3,3,1,1,12.3533353805542,0.0,0.0,15.925809860229492,0.9545742869377136,0.14991621673107147,1.061375379562378,0.16066637635231018,0.3753495514392853,0.049926336854696274,0.4018789231777191,0.050007082521915436,33.900001525878906,-15.69999885559082,22.799999237060547,23.100000381469727,0.699999988079071,0.0,0.699999988079071,0.0,0.0,0.0,0.0,0.0
75.45,0,0.6848840713500977,-0.05216916650533676,-0.0416613407433033,0.2694370150566101,6.0,0.0,0.49022892117500305,0.003578062169253826,3,3,1,1,12.533891677856445,0.0,0.3863905370235443,15.742938995361328,0.9550929665565491,0.14991812407970428,1.061490774154663,0.16032977402210236,0.3753352761268616,0.04991961643099785,0.4015589952468872,0.05002203583717346,33.900001525878906,-15.69999885559082,22.799999237060547,23.100000381469727,0.699999988079071,0.0,0.699999988079071,0.0,0.0,0.0,0.0,0.0
75.5,0,0.6853787302970886,-0.051764603704214096,-0.04879523813724518,0.2698032259941101,6.0,0.0,0.47873613238334656,0.0037684976123273373,3,3,1,1,12.126875877380371,0.0,0.2922655940055847,15.089119911193848,0.9560040831565857,0.14990833401679993,1.0620144605636597,0.15992771089076996,0.3757260739803314,0.049943841993808746,0.4017217755317688,0.05002312734723091,33.900001525878906,-15.69999885559082,22.799999237060547,23.100000381469727,0.699999988079071,0.0,0.699999988079071,0.0,0.30000001192092896,0.30000001192092896,0.30000001192092896,0.30000001192092896
75.55,0,0.6862273216247559,-0.05144912749528885,-0.03648925945162773,0.27022790908813477,6.0,0.0,0.4784085750579834,0.00402907095849514,3,3,1,1,12.605552673339844,0.0,0.4066087007522583,15.626949310302734,0.9571677446365356,0.14986935257911682,1.062880039215088,0.15952104330062866,0.3764520585536957,0.049974750727415085,0.4021580219268799,0.05000585690140724,33.900001525878906,-15.69999885559082,22.799999237060547,23.100000381469727,0.699999988079071,0.0,0.699999988079071,0.0,0.30000001192092896,0.30000001192092896,0.30000001192092896,0.30000001192092896
75.6,0,0.6871020197868347,-0.051113229244947433,-0.03269561752676964,0.27064090967178345,6.0,0.0,0.4791067838668823,0.004288200289011002,3,3,1,1,12.942852020263672,0.0,0.31700435280799866,15.718317985534668,0.9583298563957214,0.14980369806289673,1.0637603998184204,0.15909919142723083,0.3772125840187073,0.04999435693025589,0.40262895822525024,0.049988649785518646,33.900001525878906,-15.69999885559082,22.799999237060547,23.100000381469727,0.699999988079071,0.0,0.699999988079071,0.0,0.30000001192092896,0.30000001192092896,0.30000001192092896,0.30000001192092896
75.65,0,0.6879703402519226,-0.050720591098070145,-0.03479939326643944,0.2710293233394623,6.0,0.0,0.4765171408653259,0.004571893252432346,3,3,1,1,12.348702430725098,0.0,0.29334375262260437,15.315482139587402,0.9594810605049133,0.14971326291561127,1.0646650791168213,0.1586444079875946,0.37798547744750977,0.049997132271528244,0.40313687920570374,0.04996184632182121,33.900001525878906,-15.69999885559082,22.799999237060547,23.100000381469727,0.699999988079071,0.0,0.699999988079071,0.0,0.30000001192092896,0.30000001192092896,0.30000001192092896,0.30000001192092896
75.7,0,0.688859760761261,-0.05031273886561394,-0.03445806726813316,0.2714173495769501,6.0,0.0,0.4767147898674011,0.004866506438702345,3,3,1,1,12.354320526123047,0.0,0.08035667985677719,15.308215141296387,0.9606316089630127,0.14959360659122467,1.0655746459960938,0.15817955136299133,0.37879377603530884,0.04999192804098129,0.40365979075431824,0.049927953630685806,33.900001525878906,-15.69999885559082,22.799999237060547,23.100000381469727,0.699999988079071,0.0,0.699999988079071,0.0,0.30000001192092896,0.30000001192092896,0.30000001192092896,0.30000001192092896
75.75,0,0.689760148525238,-0.04989397153258324,-0.03183276206254959,0.271791011095047,6.0,0.0,0.4769018888473511,0.005145111121237278,3,3,1,1,12.841715812683105,0.0,0.0,15.503479957580566,0.9617778658866882,0.14944852888584137,1.0665056705474854,0.1577005535364151,0.37961345911026,0.04997435584664345,0.4042128622531891,0.04988276958465576,33.900001525878906,-15.69999885559082,22.799999237060547,23.100000381469727,0.699999988079071,0.0,0.699999988079071,0.0,0.30000001192092896,0.30000001192092896,0.30000001192092896,0.30000001192092896
75.8,0,0.6906936764717102,-0.049492232501506805,-0.023407049477100372,0.2721555829048157,6.0,0.0,0.4747491180896759,0.0053866044618189335,3,3,1,1,12.563848495483398,0.0,0.0,15.267304420471191,0.9629266858100891,0.1492769569158554,1.067463755607605,0.15723197162151337,0.38048627972602844,0.04993600398302078,0.40480494499206543,0.04983219504356384,33.900001525878906,-15.69999885559082,22.799999237060547,23.100000381469727,0.699999988079071,0.0,0.699999988079071,0.0,0.30000001192092896,0.30000001192092896,0.30000001192092896,0.30000001192092896
75.85,0,0.6916505694389343,-0.04904241859912872,-0.010695029981434345,0.27251720428466797,6.0,0.0,0.4733702838420868,0.005678729619830847,3,3,1,1,12.644766807556152,0.0,0.0,15.239916801452637,0.9640829563140869,0.14907526969909668,1.068447470664978,0.15672877430915833,0.38137298822402954,0.04990768060088158,0.4054253101348877,0.04977058246731758,33.900001525878906,-15.69999885559082,22.799999237060547,23.100000381469727,0.699999988079071,0.0,0.699999988079071,0.0,0.30000001192092896,0.30000001192092896,0.30000001192092896,0.30000001192092896
75.9,0,0.6926087737083435,-0.04853109270334244,0.008318225853145123,0.27286189794540405,6.0,0.0,0.47128355503082275,0.0060074967332184315,3,3,1,1,12.828559875488281,0.0,0.0,15.216774940490723,0.965234637260437,0.14884525537490845,1.0694406032562256,0.15618784725666046,0.38226795196533203,0.04988427832722664,0.4060722589492798,0.04970168694853783,33.900001525878906,-15.69999885559082,22.799999237060547,23.100000381469727,0.699999988079071,0.0,0.699999988079071,0.0,0.30000001192092896,0.30000001192092896,0.30000001192092896,0.30000001192092896
75.95,0,0.6936056017875671,-0.048017073422670364,0.019056592136621475,0.27320435643196106,6.0,0.0,0.4699045717716217,0.006460657808929682,3,3,1,1,13.427151679992676,0.0,0.0,15.31614875793457,0.9663922190666199,0.1486387401819229,1.0704798698425293,0.15563032031059265,0.3832208216190338,0.04988136887550354,0.4067634642124176,0.04962095618247986,33.900001525878906,-15.69999885559082,22.799999237060547,23.100000381469727,0.699999988079071,0.0,0.699999988079071,0.0,0.30000001192092896,0.30000001192092896,0.30000001192092896,0.30000001192092896
76.0,0,0.6943756341934204,-0.048310428857803345,-0.045651886612176895,0.27333304286003113,6.0,0.0,0.48328694701194763,0.0063366638496518135,3,3,1,1,12.903884887695312,0.0,0.5147460699081421,14.616744041442871,0.9673044085502625,0.14876887202262878,1.0712058544158936,0.15560859441757202,0.38399171829223633,0.049686629325151443,0.4073735177516937,0.049517009407281876,33.900001525878906,-15.69999885559082,22.799999237060547,23.100000381469727,0.699999988079071,0.0,0.699999988079071,0.0,0.30000001192092896,0.30000001192092896,0.30000001192092896,0.30000001192092896
76.05,0,0.6951332092285156,-0.0483817495405674,-0.046538811177015305,0.2734561562538147,6.0,0.0,0.4829113781452179,0.0064057824201881886,3,3,1,1,12.960343360900879,0.0,0.8230568766593933,14.598841667175293,0.9682077765464783,0.1488472819328308,1.0719504356384277,0.15549349784851074,0.38475045561790466,0.04959816858172417,0.4080021381378174,0.04941677674651146,33.900001525878906,-15.69999885559082,22.799999237060547,23.100000381469727,0.699999988079071,0.0,0.699999988079071,0.0,0.30000001192092896,0.30000001192092896,0.30000001192092896,0.30000001192092896
76.1,0,0.695915699005127,-0.048526596277952194,-0.04789896309375763,0.27357080578804016,6.0,0.0,0.4826301336288452,0.006438264157623053,3,3,1,1,12.97783374786377,0.0,0.6759390234947205,14.607629776000977,0.9691179394721985,0.14890870451927185,1.0727169513702393,0.15541154146194458,0.38550326228141785,0.04949694499373436,0.40865519642829895,0.04930248111486435,33.900001525878906,-15.69999885559082,22.799999237060547,23.100000381469727,0.699999988079071,0.0,0.699999988079071,0.0,0.30000001192092896,0.30000001192092896,0.30000001192092896,0.30000001192092896
76.15,0,0.6966056227684021,-0.04827438294887543,-0.031115109100937843,0.27375316619873047,6.0,0.0,0.4826106131076813,0.006714158225804567,3,3,1,1,12.648576736450195,0.0,0.7603517174720764,15.005340576171875,0.9700074791908264,0.148954376578331,1.0734264850616455,0.15518848598003387,0.38621699810028076,0.0495341420173645,0.4091908931732178,0.04932461306452751,33.900001525878906,-15.69999885559082,22.799999237060547,23.100000381469727,0.699999988079071,0.0,0.699999988079071,0.0,0.30000001192092896,0.30000001192092896,0.30000001192092896,0.30000001192092896
76.2,0,0.6972749829292297,-0.04791107028722763,-0.033821623772382736,0.27398619055747986,6.0,0.0,0.4813068211078644,0.007036317605525255,3,3,1,1,12.704259872436523,0.0,0.7053898572921753,14.8408203125,0.9708858728408813,0.148981973528862,1.0741238594055176,0.15492895245552063,0.38691288232803345,0.04960758611559868,0.40966323018074036,0.04940091073513031,33.900001525878906,-15.69999885559082,22.799999237060547,23.100000381469727,0.699999988079071,0.0,0.699999988079071,0.0,0.30000001192092896,0.30000001192092896,0.30000001192092896,0.30000001192092896
76.25,0,0.6979740262031555,-0.047598037868738174,-0.03548785671591759,0.2742170989513397,6.0,0.0,0.481025755405426,0.007275165058672428,3,3,1,1,12.757672309875488,0.0,0.5260202288627625,14.887603759765625,0.9717686176300049,0.14899399876594543,1.0748450756072998,0.1546974778175354,0.3876156508922577,0.049671564251184464,0.4101584851741791,0.04947469383478165,33.900001525878906,-15.69999885559082,22.799999237060547,23.100000381469727,0.699999988079071,0.0,0.699999988079071,0.0,0.30000001192092896,0.30000001192092896,0.30000001192092896,0.30000001192092896
76.3,0,0.6986953020095825,-0.04730771854519844,-0.038194362074136734,0.274446040391922,6.0,0.0,0.48076942563056946,0.007452710997313261,3,3,1,1,12.913848876953125,0.0,0.41834115982055664,14.794746398925781,0.9726540446281433,0.14899006485939026,1.0755813121795654,0.15448158979415894,0.3883225619792938,0.04972992092370987,0.4106713831424713,0.04954775422811508,33.900001525878906,-15.69999885559082,22.799999237060547,23.100000381469727,0.699999988079071,0.0,0.699999988079071,0.0,0.30000001192092896,0.30000001192092896,0.30000001192092896,0.30000001192092896
76.35,0,0.6994462609291077,-0.04705553501844406,-0.03703748434782028,0.2746720016002655,6.0,0.0,0.48008090257644653,0.007575108204036951,3,3,1,1,12.854397773742676,0.0,0.4789287745952606,14.752466201782227,0.9735463261604309,0.1489706188440323,1.0763448476791382,0.15429101884365082,0.3890513479709625,0.049776360392570496,0.41121146082878113,0.049617595970630646,33.900001525878906,-15.69999885559082,22.799999237060547,23.100000381469727,0.699999988079071,0.0,0.699999988079071,0.0,0.30000001192092896,0.30000001192092896,0.30000001192092896,0.30000001192092896
76.4,0,0.7002065181732178,-0.046800024807453156,-0.039642296731472015,0.27488788962364197,6.0,0.0,0.4806409478187561,0.007661641575396061,3,3,1,1,13.016074180603027,0.0,0.22722026705741882,14.84504508972168,0.9744402766227722,0.14893373847007751,1.0771185159683228,0.1540970504283905,0.38978224992752075,0.049811627715826035,0.41177132725715637,0.04968595504760742,33.900001525878906,-15.69999885559082,22.799999237060547,23.100000381469727,0.699999988079071,0.0,0.699999988079071,0.0,0.30000001192092896,0.30000001192092896,0.30000001192092896,0.30000001192092896
76.45,0,0.700981855392456,-0.04658135026693344,-0.037866801023483276,0.2750977575778961,6.0,0.0,0.4806584417819977,0.007680410984903574,3,3,1,1,12.957846641540527,0.0,0.45420438051223755,14.65035343170166,0.9753385186195374,0.14888149499893188,1.077897310256958,0.15393540263175964,0.3905150294303894,0.049841418862342834,0.4123438894748688,0.04974547401070595,33.900001525878906,-15.69999885559082,22.799999237060547,23.100000381469727,0.699999988079071,0.0,0.699999988079071,0.0,0.30000001192092896,0.30000001192092896,0.30000001192092896,0.30000001192092896
76.5,0,0.7017652988433838,-0.046339306980371475,-0.0382380411028862,0.2752954661846161,6.0,0.0,0.4800828695297241,0.007696984335780144,3,3,1,1,13.036908149719238,0.0,0.3500863015651703,14.758591651916504,0.976238489151001,0.14881159365177155,1.0786924362182617,0.1537473201751709,0.391259104013443,0.049857910722494125,0.4129426181316376,0.04980207607150078,33.900001525878906,-15.69999885559082,22.799999237060547,23.100000381469727,0.699999988079071,0.0,0.699999988079071,0.0,0.30000001192092896,0.30000001192092896,0.30000001192092896,0.30000001192092896
76.55,0,0.7025646567344666,-0.04610540717840195,-0.03766036406159401,0.27549073100090027,6.0,0.0,0.479949414730072,0.007705505937337875,3,3,1,1,13.88284683227539,0.0,0.26919880509376526,14.670526504516602,0.9771422147750854,0.14872737228870392,1.0794966220855713,0.1535612791776657,0.39202606678009033,0.04986303672194481,0.4135560095310211,0.04985304921865463,33.900001525878906,-15.69999885559082,22.799999237060547,23.100000381469727,0.699999988079071,0.0,0.699999988079071,0.0,0.30000001192092896,0.30000001192092896,0.30000001192092896,0.30000001192092896
76.6,0,0.703175961971283,-0.046082526445388794,-0.05401546135544777,0.2755497097969055,6.0,0.0,0.4898320436477661,0.007827299647033215,3,3,1,1,13.415395736694336,0.0,0.0,15.110548973083496,0.9778391122817993,0.14883297681808472,1.0801185369491577,0.15353426337242126,0.3926728665828705,0.049854826182127,0.4141167402267456,0.049894560128450394,33.900001525878906,-15.69999885559082,22.799999237060547,23.100000381469727,0.699999988079071,0.0,0.699999988079071,0.0,0.30000001192092896,0.30000001192092896,0.30000001192092896,0.30000001192092896
76.65,0,0.7031682133674622,-0.040521301329135895,0.07280983775854111,0.27588674426078796,6.0,0.0,0.453445702791214,0.014469290152192116,3,3,1,1,11.83478832244873,5.470983028411865,1.5974080562591553,14.807044982910156,0.9785153269767761,0.14889447391033173,1.0807242393493652,0.15018804371356964,0.3960251808166504,0.04969968646764755,0.41465088725090027,0.04994766786694527,33.900001525878906,-15.69999885559082,22.799999237060547,23.100000381469727,-4.800000190734863,0.0,0.699999988079071,0.0,0.30000001192092896,0.30000001192092896,0.30000001192092896,0.30000001192092896
76.7,0,0.7025768756866455,-0.03641616180539131,0.07228884100914001,0.29263508319854736,6.0,0.0,0.48285260796546936,0.017529264092445374,3,3,1,1,4.700029373168945,8.926765441894531,8.96615982055664,6.022477149963379,0.9788098931312561,0.1489272266626358,1.0812256336212158,0.15029193460941315,0.39802008867263794,0.049639590084552765,0.4149687588214874,0.05002657324075699,33.900001525878906,-15.69999885559082,22.799999237060547,23.100000381469727,-6.199999809265137,0.0,0.699999988079071,0.0,0.30000001192092896,0.30000001192092896,0.30000001192092896,0.30000001192092896
76.75,0,0.7022284269332886,-0.033420413732528687,0.0673229768872261,0.2911589443683624,6.0,0.0,0.4897795617580414,0.019828446209430695,3,3,1,1,4.843770503997803,8.657659530639648,9.329917907714844,6.9835686683654785,0.9790640473365784,0.14896558225154877,1.0817205905914307,0.15035223960876465,0.3996778428554535,0.04955923184752464,0.41532695293426514,0.05010194331407547,33.900001525878906,-15.69999885559082,22.799999237060547,23.100000381469727,-6.199999809265137,0.0,0.699999988079071,0.0,0.30000001192092896,0.30000001192092896,0.30000001192092896,0.30000001192092896
76.8,0,0.7022666335105896,-0.03160785138607025,0.036096565425395966,0.29017722606658936,6.0,0.0,0.48667657375335693,0.02139809913933277,3,3,1,1,4.87465763092041,8.663473129272461,8.818483352661133,6.380250453948975,0.9793998003005981,0.1490200161933899,1.0822919607162476,0.15039364993572235,0.4010264277458191,0.04947882145643234,0.415739506483078,0.05017387494444847,33.900001525878906,-15.69999885559082,22.799999237060547,23.100000381469727,-6.199999809265137,0.0,0.699999988079071,0.0,0.30000001192092896,0.30000001192092896,0.30000001192092896,0.30000001192092896
76.85,0,0.7024875283241272,-0.030325114727020264,0.015645809471607208,0.2894792854785919,6.0,0.0,0.4857441782951355,0.022740911692380905,3,3,1,1,4.033977031707764,9.1062650680542,9.882041931152344,5.33469295501709,0.9797608852386475,0.1490812748670578,1.0829017162322998,0.15042473375797272,0.4021754562854767,0.04955185949802399,0.4161350727081299,0.05024600028991699,33.900001525878906,-15.69999885559082,22.799999237060547,23.100000381469727,-6.199999809265137,0.0,0.699999988079071,0.0,0.30000001192092896,0.30000001192092896,0.30000001192092896,0.30000001192092896
76.9,0,0.7027237415313721,-0.029257161542773247,-0.03239203244447708,0.28886425495147705,6.0,0.0,0.47297969460487366,0.02414989098906517,3,3,1,1,3.6840243339538574,9.395517349243164,9.535852432250977,5.31182861328125,0.9799760580062866,0.14913934469223022,1.0834993124008179,0.15045346319675446,0.4032224416732788,0.049679677933454514,0.4165506064891815,0.0502903014421463,33.900001525878906,-15.69999885559082,22.799999237060547,23.100000381469727,-10.399999618530273,0.0,0.699999988079071,0.0,0.30000001192092896,0.30000001192092896,0.30000001192092896,0.30000001192092896
76.95,0,0.7029967904090881,-0.028341075405478477,-0.03737431764602661,0.28828728199005127,6.0,0.0,0.46309223771095276,0.025461552664637566,3,3,1,1,3.5295488834381104,9.89754581451416,10.78814697265625,4.995755672454834,0.9801919460296631,0.14920155704021454,1.0840916633605957,0.15046828985214233,0.40424466133117676,0.049770038574934006,0.41697385907173157,0.05035046860575676,33.900001525878906,-15.69999885559082,22.799999237060547,23.100000381469727,-11.800000190734863,0.0,0.699999988079071,0.0,0.30000001192092896,0.30000001192092896,0.30000001192092896,0.30000001192092896
77.0,0,0.7033663988113403,-0.02763216197490692,-0.03868812695145607,0.28770583868026733,6.0,0.0,0.462429404258728,0.026719069108366966,3,3,1,1,3.377147912979126,9.652523040771484,10.240314483642578,5.170637607574463,0.9804108738899231,0.14927096664905548,1.0847121477127075,0.15047621726989746,0.40533608198165894,0.049845628440380096,0.41742265224456787,0.050402797758579254,33.900001525878906,-15.69999885559082,22.799999237060547,23.100000381469727,-11.800000190734863,0.0,0.699999988079071,0.0,0.30000001192092896,0.30000001192092896,0.30000001192092896,0.30000001192092896
77.05,0,0.7037252187728882,-0.02695629559457302,-0.037871237844228745,0.2871246933937073,6.0,0.0,0.4662764370441437,0.027987953275442123,3,3,1,1,2.9927432537078857,10.129226684570312,10.487643241882324,4.689493179321289,0.980590283870697,0.14932949841022491,1.0853235721588135,0.1504775732755661,0.40641218423843384,0.04989655688405037,0.41785478591918945,0.050450649112463,33.900001525878906,-15.69999885559082,22.799999237060547,23.100000381469727,-11.800000190734863,0.0,0.699999988079071,0.0,0.30000001192092896,0.30000001192092896,0.30000001192092896,0.30000001192092896
77.1,0,0.7041120529174805,-0.026359042152762413,-0.040861938148736954,0.286562979221344,6.0,0.0,0.4653608798980713,0.02917165867984295,3,3,1,1,2.63985276222229,10.482210159301758,10.896821022033691,4.290424823760986,0.9807975888252258,0.14938408136367798,1.0859354734420776,0.1504681408405304,0.40748322010040283,0.04992571473121643,0.4182766079902649,0.050494249910116196,33.900001525878906,-15.69999885559082,22.799999237060547,23.100000381469727,-11.800000190734863,0.0,0.699999988079071,0.0,0.30000001192092896,0.30000001192092896,0.30000001192092896,0.30000001192092896
77.15,0,0.7045534253120422,-0.02583557367324829,-0.03642157092690468,0.28603294491767883,6.0,0.0,0.467773973941803,0.030253762379288673,3,3,1,1,2.302608013153076,10.902118682861328,11.409771919250488,3.9413363933563232,0.9810548424720764,0.14943401515483856,1.0865672826766968,0.15044735372066498,0.4085637629032135,0.04993322119116783,0.4187428951263428,0.05052879825234413,33.900001525878906,-15.69999885559082,22.799999237060547,23.100000381469727,-11.800000190734863,0.0,0.699999988079071,0.0,0.30000001192092896,0.30000001192092896,0.30000001192092896,0.30000001192092896
77.2,0,0.7049667835235596,-0.025307955220341682,-0.04061579704284668,0.2854694724082947,6.0,0.0,0.46767476201057434,0.03136427327990532,3,3,1,1,1.9025852680206299,11.210226058959961,11.716992378234863,3.546461343765259,0.9812779426574707,0.14946888387203217,1.0871880054473877,0.1504206657409668,0.40965133905410767,0.04991758242249489,0.419138640165329,0.05055929347872734,33.900001525878906,-15.69999885559082,22.799999237060547,23.100000381469727,-11.800000190734863,0.0,0.699999988079071,0.0,0.30000001192092896,0.30000001192092896,0.30000001192092896,0.30000001192092896
77.25,0,0.7054128646850586,-0.024832066148519516,-0.04265361651778221,0.28491976857185364,6.0,0.0,0.4640392065048218,0.03236383944749832,3,3,1,1,1.8147598505020142,11.354928970336914,12.189391136169434,3.7948708534240723,0.9815628528594971,0.1495036780834198,1.0878167152404785,0.1503831446170807,0.41075000166893005,0.049876004457473755,0.4195694327354431,0.05058474838733673,33.900001525878906,-15.69999885559082,22.799999237060547,23.100000381469727,-11.800000190734863,0.0,0.699999988079071,0.0,0.30000001192092896,0.30000001192092896,0.30000001192092896,0.30000001192092896
77.3,0,0.705858051776886,-0.0243584793061018,-0.03920523077249527,0.28437238931655884,6.0,0.0,0.4659145474433899,0.033348970115184784,3,3,1,1,1.6646186113357544,11.435094833374023,12.294737815856934,3.4705424308776855,0.9818484783172607,0.14952951669692993,1.0884515047073364,0.1503359079360962,0.4118499755859375,0.04981178417801857,0.4200175702571869,0.05060231685638428,33.900001525878906,-15.69999885559082,22.799999237060547,23.100000381469727,-11.800000190734863,0.0,0.699999988079071,0.0,0.30000001192092896,0.30000001192092896,0.30000001192092896,0.30000001192092896
77.35,0,0.7063391804695129,-0.02392543852329254,-0.03917093202471733,0.2838378846645355,6.0,0.0,0.46549922227859497,0.034247685223817825,3,3,1,1,1.3689444065093994,11.74146556854248,12.500064849853516,3.3015756607055664,0.9821794629096985,0.1495426744222641,1.0890944004058838,0.15027934312820435,0.4129638373851776,0.049721527844667435,0.4205224812030792,0.050606973469257355,33.900001525878906,-15.69999885559082,22.799999237060547,23.100000381469727,-11.800000190734863,0.0,0.699999988079071,0.0,0.30000001192092896,0.30000001192092896,0.30000001192092896,0.30000001192092896
77.4,0,0.7075945138931274,-0.025069501250982285,-0.04319102317094803,0.28392764925956726,6.0,0.0,0.45386841893196106,0.034200072288513184,3,3,1,1,3.3929412364959717,9.114912986755371,11.14299488067627,5.100101947784424,0.9829339981079102,0.14959467947483063,1.0899800062179565,0.1501578688621521,0.4139394462108612,0.04962451756000519,0.4212183356285095,0.050589669495821,33.900001525878906,-15.69999885559082,22.799999237060547,23.100000381469727,-6.199999809265137,0.0,0.699999988079071,0.0,0.30000001192092896,0.30000001192092896,0.30000001192092896,0.30000001192092896
77.45,0,0.709358811378479,-0.027366356924176216,-0.05256858095526695,0.28448686003685,6.0,0.0,0.44759878516197205,0.03349905461072922,3,3,1,1,5.087248802185059,7.168166637420654,9.428632736206055,6.806750774383545,0.9839701652526855,0.14969974756240845,1.091032862663269,0.14998643100261688,0.41475656628608704,0.04953230172395706,0.4221014678478241,0.05053016170859337,33.900001525878906,-15.69999885559082,22.799999237060547,23.100000381469727,-4.800000190734863,0.0,0.699999988079071,0.0,0.30000001192092896,0.30000001192092896,0.30000001192092896,0.30000001192092896
77.5,0,0.7106921076774597,-0.03150581941008568,-0.07109875231981277,0.27695056796073914,6.0,0.0,0.4875423312187195,0.02982582151889801,3,3,1,1,13.678675651550293,0.0,0.0,14.740446090698242,0.9848191738128662,0.14978641271591187,1.091215968132019,0.1498822271823883,0.4111749827861786,0.050909679383039474,0.42277535796165466,0.05040988326072693,33.900001525878906,-15.69999885559082,22.799999237060547,23.100000381469727,0.699999988079071,0.0,0.699999988079071,0.0,0.30000001192092896,0.30000001192092896,0.30000001192092896,0.30000001192092896
77.55,0,0.7111663222312927,-0.03579698130488396,-0.08432786911725998,0.27625471353530884,6.0,0.0,0.48467034101486206,0.024190807715058327,3,3,1,1,13.650969505310059,0.0,0.0,14.800134658813477,0.985354483127594,0.14984230697155,1.0905663967132568,0.15049800276756287,0.40711891651153564,0.051790133118629456,0.42314207553863525,0.050278522074222565,33.900001525878906,-15.69999885559082,22.799999237060547,23.100000381469727,0.699999988079071,0.0,0.699999988079071,0.0,0.30000001192092896,0.30000001192092896,0.30000001192092896,0.30000001192092896
77.6,0,0.7117263078689575,-0.041767317801713943,-0.12420027703046799,0.27556613087654114,6.0,0.0,0.47456154227256775,0.01623055338859558,3,3,1,1,13.719079971313477,0.0,0.0,14.72372055053711,0.9858625531196594,0.14989396929740906,1.0900342464447021,0.15296728909015656,0.4041401445865631,0.05132325738668442,0.4234696328639984,0.05010443925857544,33.900001525878906,-15.69999885559082,22.799999237060547,23.100000381469727,2.0999999046325684,0.0,0.699999988079071,0.0,0.30000001192092896,0.30000001192092896,0.30000001192092896,0.30000001192092896
77.65,0,0.7122915983200073,-0.048520322889089584,-0.06102566793560982,0.2876627445220947,6.0,0.0,0.4422820508480072,0.006952665746212006,3,3,1,1,8.411541938781738,0.0,10.961318969726562,9.280308723449707,0.9863443374633789,0.14994017779827118,1.0895308256149292,0.15659280121326447,0.40260937809944153,0.04950718209147453,0.42376983165740967,0.04990743473172188,33.900001525878906,-15.69999885559082,22.799999237060547,23.100000381469727,2.0999999046325684,0.0,0.699999988079071,0.0,0.30000001192092896,0.30000001192092896,0.30000001192092896,0.30000001192092896
77.7,0,0.7132308483123779,-0.05092369765043259,-0.16305944323539734,0.274831622838974,6.0,0.0,0.47703608870506287,0.004250884987413883,3,3,1,1,13.291730880737305,0.0,0.0,14.563209533691406,0.9871689081192017,0.1499723643064499,1.0900583267211914,0.15752826631069183,0.4020307660102844,0.04944249615073204,0.4244029223918915,0.0497734509408474,33.900001525878906,-15.69999885559082,22.799999237060547,23.100000381469727,2.0999999046325684,0.0,0.699999988079071,0.0,0.30000001192092896,0.30000001192092896,0.30000001192092896,0.30000001192092896
77.75,0,0.7138416171073914,-0.05902618542313576,-0.139773428440094,0.2738129496574402,6.0,0.0,0.463485985994339,-0.00643311720341444,3,3,1,1,13.6500825881958,0.0,0.0,14.869577407836914,0.9876315593719482,0.1501147300004959,1.0895400047302246,0.16221433877944946,0.3964390456676483,0.050760865211486816,0.42471063137054443,0.049540288746356964,33.900001525878906,-15.69999885559082,22.799999237060547,23.100000381469727,7.599999904632568,0.0,0.699999988079071,0.0,0.30000001192092896,0.30000001192092896,0.30000001192092896,0.30000001192092896
77.8,0,0.7142918705940247,-0.06683291494846344,-0.14862599968910217,0.2728729248046875,6.0,0.0,0.4641205072402954,-0.016950447112321854,3,3,1,1,13.648557662963867,0.0,0.0,14.74533462524414,0.9880324602127075,0.15031324326992035,1.0888760089874268,0.16696958243846893,0.3933470547199249,0.05003998428583145,0.424987256526947,0.04929833486676216,33.900001525878906,-15.69999885559082,22.799999237060547,23.100000381469727,7.599999904632568,0.0,0.699999988079071,0.0,0.30000001192092896,0.30000001192092896,0.30000001192092896,0.30000001192092896
77.85,0,0.7152082920074463,-0.0712459459900856,-0.14187537133693695,0.27257052063941956,6.0,0.0,0.474539577960968,-0.02242157608270645,3,3,1,1,13.872920989990234,0.0,0.4343293607234955,14.403924942016602,0.9887672662734985,0.15041089057922363,1.0891727209091187,0.1696627289056778,0.39230701327323914,0.04972177743911743,0.42556074261665344,0.049102090299129486,33.900001525878906,-15.69999885559082,22.799999237060547,23.100000381469727,7.599999904632568,0.0,0.699999988079071,0.0,0.30000001192092896,0.30000001192092896,0.30000001192092896,0.30000001192092896
77.9,0,0.7160035967826843,-0.0731089636683464,-0.12651647627353668,0.27239441871643066,6.0,0.0,0.4765028953552246,-0.024765359237790108,3,3,1,1,13.470436096191406,0.0,0.0,14.241365432739258,0.9895678758621216,0.15044237673282623,1.089685082435608,0.17066675424575806,0.3918878436088562,0.04990947246551514,0.4262402057647705,0.04895775392651558,33.900001525878906,-15.69999885559082,22.799999237060547,23.100000381469727,7.599999904632568,0.0,0.699999988079071,0.0,0.30000001192092896,0.30000001192092896,0.30000001192092896,0.30000001192092896
77.95,0,0.7168679237365723,-0.07420454174280167,-0.08928302675485611,0.27234211564064026,6.0,0.0,0.47716453671455383,-0.025966577231884003,3,3,1,1,13.397133827209473,0.0,0.0,14.46933650970459,0.9904324412345886,0.15043699741363525,1.090396523475647,0.1711539477109909,0.391990602016449,0.05004709213972092,0.42698511481285095,0.04881271347403526,33.900001525878906,-15.69999885559082,22.799999237060547,23.100000381469727,7.599999904632568,0.0,0.699999988079071,0.0,0.30000001192092896,0.30000001192092896,0.30000001192092896,0.30000001192092896
78.0,0,0.7176960110664368,-0.08179781585931778,-0.12329655885696411,0.2712957561016083,6.0,0.0,0.46038904786109924,-0.03571625426411629,3,3,1,1,13.611001014709473,0.0,0.0,14.409933090209961,0.9910219311714172,0.1505822092294693,1.09010648727417,0.1756751835346222,0.38474196195602417,0.05464652180671692,0.42748942971229553,0.04854017123579979,33.900001525878906,-15.69999885559082,22.799999237060547,23.100000381469727,15.899999618530273,0.0,0.699999988079071,0.0,0.30000001192092896,0.30000001192092896,0.30000001192092896,0.30000001192092896
78.05,0,0.7183014750480652,-0.0882689505815506,-0.10129905492067337,0.27035707235336304,6.0,0.0,0.4699419140815735,-0.04461081326007843,3,3,1,1,13.396071434020996,0.0,0.0,14.697712898254395,0.9915590882301331,0.15070219337940216,1.0896860361099243,0.17969487607479095,0.37976962327957153,0.05761072039604187,0.42795121669769287,0.04835163801908493,33.900001525878906,-15.69999885559082,22.799999237060547,23.100000381469727,17.299999237060547,0.0,0.699999988079071,0.0,0.30000001192092896,0.30000001192092896,0.30000001192092896,0.30000001192092896
78.1,0,0.7187328934669495,-0.09354883432388306,-0.09697345644235611,0.2696681618690491,6.0,0.0,0.21048182249069214,-0.052532050758600235,3,0,1,1,13.132574081420898,0.0,0.0,14.866703033447266,0.9920737147331238,0.1508001685142517,1.08920419216156,0.18314668536186218,0.3766651451587677,0.059030838310718536,0.42823582887649536,0.04836517944931984,33.900001525878906,-15.69999885559082,22.799999237060547,23.100000381469727,17.299999237060547,0.0,0.699999988079071,0.0,0.30000001192092896,0.30000001192092896,0.30000001192092896,0.30000001192092896
78.15,0,0.7191916704177856,-0.0996072068810463,-0.11569535732269287,0.26905277371406555,6.0,0.0,0.20454369485378265,-0.06148175150156021,3,0,1,1,13.502887725830078,0.0,0.0,14.78475570678711,0.992548406124115,0.15090715885162354,1.0886037349700928,0.1870737224817276,0.37517979741096497,0.058177147060632706,0.4284612238407135,0.04837717488408089,33.900001525878906,-15.69999885559082,22.799999237060547,23.100000381469727,17.299999237060547,0.0,0.699999988079071,0.0,0.30000001192092896,0.30000001192092896,0.30000001192092896,0.30000001192092896
78.2,0,0.719811201095581,-0.10874546319246292,-0.18858495354652405,0.26819300651550293,6.0,0.0,0.17309096455574036,-0.07431694120168686,3,0,1,1,13.534027099609375,0.0,0.0,14.530230522155762,0.9929414391517639,0.1510717123746872,1.0876240730285645,0.1929074376821518,0.3724123239517212,0.05775924399495125,0.428631067276001,0.04836093261837959,33.900001525878906,-15.69999885559082,22.799999237060547,23.100000381469727,21.5,0.0,0.699999988079071,0.0,0.30000001192092896,0.30000001192092896,0.30000001192092896,0.30000001192092896
78.25,0,0.7203295230865479,-0.12004981189966202,-0.238560751080513,0.26707711815834045,6.0,0.0,0.14776349067687988,-0.09029784053564072,3,0,1,1,13.24111557006836,0.0,0.0,14.719381332397461,0.993183434009552,0.15128521621227264,1.0860681533813477,0.20013651251792908,0.3698340654373169,0.05596813187003136,0.42869749665260315,0.04830217361450195,33.900001525878906,-15.69999885559082,22.799999237060547,23.100000381469727,22.799999237060547,0.0,0.699999988079071,0.0,0.30000001192092896,0.30000001192092896,0.30000001192092896,0.30000001192092896
78.3,0,0.7208541035652161,-0.13397178053855896,-0.2885371446609497,0.26578468084335327,6.0,0.0,0.11292663961648941,-0.10987240821123123,3,0,1,1,13.80461597442627,0.0,0.0,14.34183120727539,0.993287205696106,0.15154574811458588,1.08390212059021,0.20897862315177917,0.36826205253601074,0.05154407396912575,0.4286477565765381,0.04819837585091591,33.900001525878906,-15.69999885559082,22.799999237060547,23.100000381469727,22.799999237060547,0.0,0.699999988079071,0.0,0.30000001192092896,0.30000001192092896,0.30000001192092896,0.30000001192092896
78.35,0,0.721797525882721,-0.13857725262641907,-0.1411466747522354,0.2654998004436493,6.0,0.0,0.1638723909854889,-0.11660429835319519,3,0,1,1,13.039989471435547,0.0,1.1603689193725586,13.670201301574707,0.9939862489700317,0.15156619250774384,1.083929419517517,0.21216344833374023,0.3678082525730133,0.051158878952264786,0.42919811606407166,0.04822414740920067,33.900001525878906,-15.69999885559082,22.799999237060547,23.100000381469727,22.799999237060547,0.0,0.699999988079071,0.0,0.30000001192092896,0.30000001192092896,0.30000001192092896,0.30000001192092896
78.4,0,0.7225739359855652,-0.14058858156204224,-0.03552220016717911,0.29958033561706543,6.0,0.0,0.1646893322467804,-0.12000851333141327,3,0,1,1,12.552149772644043,0.0,4.704855918884277,12.308894157409668,0.9947448372840881,0.15152597427368164,1.0842496156692505,0.21352612972259521,0.3679038882255554,0.051036983728408813,0.4297961890697479,0.048280395567417145,33.900001525878906,-15.69999885559082,22.799999237060547,23.100000381469727,22.799999237060547,0.0,0.699999988079071,0.0,0.30000001192092896,0.30000001192092896,0.30000001192092896,0.30000001192092896
78.45,0,0.7232658267021179,-0.14044512808322906,-0.04388918727636337,0.2654108703136444,6.0,0.0,0.16960494220256805,-0.12047845125198364,3,0,1,1,13.716017723083496,0.0,1.0371758937835693,13.904839515686035,0.9955714344978333,0.15142133831977844,1.0849032402038574,0.21342110633850098,0.36858490109443665,0.05091086030006409,0.4304454028606415,0.04834961146116257,33.900001525878906,-15.69999885559082,22.799999237060547,23.100000381469727,22.799999237060547,0.0,0.699999988079071,0.0,0.30000001192092896,0.30000001192092896,0.30000001192092896,0.30000001192092896
78.5,0,0.724000871181488,-0.1403355449438095,-0.04571518301963806,0.2654626965522766,6.0,0.0,0.1679661124944687,-0.12097881734371185,3,0,1,1,13.727286338806152,0.0,1.1888502836227417,13.796285629272461,0.996415913105011,0.1513029783964157,1.0856033563613892,0.21336255967617035,0.3693319261074066,0.05076159909367561,0.4311264157295227,0.0484163872897625,33.900001525878906,-15.69999885559082,22.799999237060547,23.100000381469727,24.200000762939453,0.0,0.699999988079071,0.0,0.30000001192092896,0.30000001192092896,0.30000001192092896,0.30000001192092896
78.55,0,0.7250341773033142,-0.1404642015695572,-0.043231766670942307,0.2658124566078186,6.0,0.0,0.14157304167747498,-0.1201062798500061,3,0,1,1,12.847047805786133,0.0,1.2825284004211426,14.446098327636719,0.9973490238189697,0.1511324942111969,1.0867054462432861,0.21290291845798492,0.37035447359085083,0.05056576430797577,0.4317954182624817,0.048483915627002716,33.900001525878906,-15.69999885559082,22.799999237060547,23.100000381469727,24.200000762939453,0.0,2.0999999046325684,0.0,0.30000001192092896,0.30000001192092896,0.30000001192092896,0.30000001192092896
78.6,0,0.7263309955596924,-0.14127753674983978,-0.08897584676742554,nan,6.0,0.0,-0.2844967544078827,-0.10708276182413101,3,0,1,1,0.0,0.0,10.025565147399902,0.0,0.997796893119812,0.1512327492237091,1.0896499156951904,0.2088109850883484,0.3713744878768921,0.050562020391225815,0.42736488580703735,0.04897118732333183,33.900001525878906,-15.69999885559082,22.799999237060547,23.100000381469727,24.200000762939453,0.0,21.5,0.0,0.30000001192092896,0.30000001192092896,0.30000001192092896,0.30000001192092896
78.65,0,0.7305002808570862,-0.14110061526298523,0.0075128572061657906,0.2785567045211792,6.0,0.0,0.050027694553136826,-0.06750959903001785,3,0,1,1,12.637986183166504,0.0,0.0,18.187271118164062,0.9996805787086487,0.15031187236309052,1.0972034931182861,0.19324904680252075,0.3748209774494171,0.050529856234788895,0.42531782388687134,0.04884058237075806,33.900001525878906,-15.69999885559082,22.799999237060547,23.100000381469727,24.200000762939453,0.0,21.5,0.0,0.30000001192092896,0.30000001192092896,0.30000001192092896,0.30000001192092896
78.7,0,0.7353332042694092,-0.13997815549373627,0.11417748779058456,0.28213998675346375,6.0,0.0,0.03224403038620949,-0.03941590338945389,3,0,1,1,12.222516059875488,0.0,0.0,17.272762298583984,1.0026953220367432,0.1502266377210617,1.104020357131958,0.18305400013923645,0.37924301624298096,0.05201578885316849,0.42714962363243103,0.04923209547996521,33.900001525878906,-15.69999885559082,22.799999237060547,23.100000381469727,24.200000762939453,0.0,21.5,0.0,0.30000001192092896,0.30000001192092896,0.30000001192092896,0.30000001192092896
78.75,0,0.7410485148429871,-0.13826586306095123,0.11981479823589325,0.2863595187664032,6.0,0.0,0.22731037437915802,-0.02086152322590351,3,3,1,1,12.702396392822266,0.0,0.0,17.276668548583984,1.0072317123413086,0.1501442939043045,1.1113451719284058,0.17612889409065247,0.38462480902671814,0.05351582169532776,0.4290941655635834,0.04954508692026138,33.900001525878906,-15.69999885559082,22.799999237060547,23.100000381469727,24.200000762939453,0.0,21.5,0.0,0.30000001192092896,0.30000001192092896,0.30000001192092896,0.30000001192092896
78.8,0,0.7494115233421326,-0.14412280917167664,0.044293686747550964,0.29039090871810913,6.0,0.0,0.13808073103427887,0.0010716483229771256,3,3,1,1,11.576521873474121,0.0,2.895047426223755,15.958157539367676,1.014297604560852,0.14984183013439178,1.1217436790466309,0.16794446110725403,0.3926957845687866,0.049658529460430145,0.43019601702690125,0.04962983354926109,33.900001525878906,-15.69999885559082,22.799999237060547,23.100000381469727,24.200000762939453,0.0,29.799999237060547,0.0,0.30000001192092896,0.30000001192092896,0.30000001192092896,0.30000001192092896
