time_s,env_id,base_x_m,pitch_rad,pitch_rate_rad_s,margin_m,fsm_phase,action_l2,reward,roll_rad,fl_contact_state,fr_contact_state,rl_contact_state,rr_contact_state,fl_contact_force_n,fr_contact_force_n,rl_contact_force_n,rr_contact_force_n,fl_contact_upward_force_n,fr_contact_upward_force_n,rl_contact_upward_force_n,rr_contact_upward_force_n,fl_full_wheel_on_top,fr_full_wheel_on_top,rl_full_wheel_on_top,rr_full_wheel_on_top,all_wheels_on_top,support_score,fl_wheel_y_m,fr_wheel_y_m,rl_wheel_y_m,rr_wheel_y_m,fl_wheel_x_m,fl_wheel_z_m,fr_wheel_x_m,fr_wheel_z_m,rl_wheel_x_m,rl_wheel_z_m,rr_wheel_x_m,rr_wheel_z_m,fl_load_trim_z_m,fr_load_trim_z_m,fl_unload_trim_m,fr_unload_trim_m,rl_unload_trim_m,rr_unload_trim_m,policy_action_00,policy_action_01,policy_action_02,policy_action_03,policy_action_04,policy_action_05,policy_action_06,policy_action_07,policy_action_08,policy_action_09,policy_action_10,policy_action_11,executed_action_00,executed_action_01,executed_action_02,executed_action_03,executed_action_04,executed_action_05,executed_action_06,executed_action_07,executed_action_08,executed_action_09,executed_action_10,executed_action_11,scaled_wheel_center_residual_m_00,scaled_wheel_center_residual_m_01,scaled_wheel_center_residual_m_02,scaled_wheel_center_residual_m_03,scaled_wheel_center_residual_m_04,scaled_wheel_center_residual_m_05,scaled_wheel_center_residual_m_06,scaled_wheel_center_residual_m_07,scaled_wheel_speed_residual_rad_s_00,scaled_wheel_speed_residual_rad_s_01,scaled_wheel_speed_residual_rad_s_02,scaled_wheel_speed_residual_rad_s_03,requested_wheel_center_target_m_00,requested_wheel_center_target_m_01,requested_wheel_center_target_m_02,requested_wheel_center_target_m_03,requested_wheel_center_target_m_04,requested_wheel_center_target_m_05,requested_wheel_center_target_m_06,requested_wheel_center_target_m_07,final_wheel_center_target_m_00,final_wheel_center_target_m_01,final_wheel_center_target_m_02,final_wheel_center_target_m_03,final_wheel_center_target_m_04,final_wheel_center_target_m_05,final_wheel_center_target_m_06,final_wheel_center_target_m_07,final_servo_target_rad_00,final_servo_target_rad_01,final_servo_target_rad_02,final_servo_target_rad_03,final_servo_target_rad_04,final_servo_target_rad_05,final_servo_target_rad_06,final_servo_target_rad_07,final_wheel_target_rad_s_00,final_wheel_target_rad_s_01,final_wheel_target_rad_s_02,final_wheel_target_rad_s_03,reference_00,reference_01,reference_02,reference_03,reference_04,reference_05,reference_06,reference_07,reference_08,reference_09,reference_10,reference_11
0.0,0,0.023341462016105652,-0.013022538274526596,0.11482547223567963,0.2811872363090515,0.0,0.05908617749810219,0.14912132918834686,0.0011024805717170238,1,1,1,1,12.714151382446289,3.8829269409179688,7.918721675872803,0.0,12.714151382446289,3.8829269409179688,7.918721675872803,0.0,0,0,0,0,0,0.9998812675476074,0.08114944398403168,-0.3171718716621399,0.07888796180486679,-0.31741735339164734,0.2740977704524994,0.03834109753370285,0.2775287330150604,0.03980577737092972,-0.2972661554813385,0.048968832939863205,-0.29712435603141785,0.0495038703083992,0.0,0.0,0.0,0.0,0.0,0.0,0.013838957995176315,-0.018912388011813164,-0.003564696991816163,-0.00037644707481376827,0.004907685797661543,-0.021933533251285553,0.01106494851410389,0.0452503077685833,-0.01016589067876339,-0.009075385518372059,-0.006765094585716724,-0.004740188829600811,0.0,-0.0,0.0,-0.0,0.0,0.0,0.0,0.0,0.0,0.0,0.0,0.0,0.0,-0.0,0.0,-0.0,0.0,0.0,0.0,0.0,0.0,0.0,0.0,0.0,0.134965717792511,-0.15710830688476562,0.13928383588790894,-0.15407103300094604,0.13638877868652344,0.1497691422700882,0.13452383875846863,0.1492631733417511,0.134965717792511,-0.15710830688476562,0.13928383588790894,-0.15407103300094604,0.13638877868652344,0.1497691422700882,0.13452383875846863,0.1492631733417511,-0.0016772589879110456,-0.013852698728442192,0.019468417391180992,-0.017904143780469894,-0.0474177822470665,0.012228554114699364,-0.049882590770721436,0.04951764643192291,0.30000001192092896,0.30000001192092896,0.30000001192092896,0.30000001192092896,0.0,0.0,1.0,0.0,-0.0,1.0,-0.0,-0.9999998807907104,0.30000001192092896,0.30000001192092896,0.30000001192092896,0.30000001192092896
0.016666666666666666,0,0.02053547464311123,-0.03014357015490532,-0.10628702491521835,nan,0.0,0.18035158514976501,-0.02710156887769699,0.0028145138639956713,1,1,1,1,0.0,0.0,0.0,0.3346158564090729,0.0,0.0,0.0,0.3346158564090729,0,0,0,0,0,0.9999501705169678,0.080829918384552,-0.3174956142902374,0.07890814542770386,-0.3173975348472595,0.27250412106513977,0.049416057765483856,0.27564355731010437,0.050406843423843384,-0.29773449897766113,0.049493055790662766,-0.2978006899356842,0.04930395632982254,0.0,0.0,0.0,0.0,0.0,0.0,-0.08888332545757294,0.07639916986227036,-0.06900184601545334,0.008086058311164379,-0.038663312792778015,0.0726732686161995,0.04001504182815552,-0.004008219111710787,-0.0014268658123910427,-0.02264445833861828,0.06453072279691696,0.029840026050806046,0.0,-0.0,0.0,-0.0,0.0,0.0,0.0,0.0,0.0,0.0,0.0,0.0,0.0,-0.0,0.0,-0.0,0.0,0.0,0.0,0.0,0.0,0.0,0.0,0.0,0.134965717792511,-0.15710830688476562,0.13928383588790894,-0.15407103300094604,0.13638877868652344,0.1497691422700882,0.13452383875846863,0.1492631733417511,0.134965717792511,-0.15710830688476562,0.13928383588790894,-0.15407103300094604,0.13638877868652344,0.1497691422700882,0.13452383875846863,0.1492631733417511,-0.0016772589879110456,-0.013852698728442192,0.019468417391180992,-0.017904143780469894,-0.0474177822470665,0.012228554114699364,-0.049882590770721436,0.04951764643192291,0.30000001192092896,0.30000001192092896,0.30000001192092896,0.30000001192092896,0.0,0.0,1.0,0.0,-0.0,1.0,-0.0,-0.9999998807907104,0.30000001192092896,0.30000001192092896,0.30000001192092896,0.30000001192092896
0.03333333333333333,0,0.01751706749200821,-0.0289524644613266,0.14397405087947845,nan,0.0,0.13012303411960602,-0.027673695236444473,0.0014867850113660097,1,1,1,1,0.596897304058075,0.0,10.894116401672363,5.542550563812256,0.596897304058075,0.0,10.894116401672363,5.542550563812256,0,0,0,0,0,0.9999668598175049,0.0803351178765297,-0.31799209117889404,0.07898164540529251,-0.3173251748085022,0.2696188688278198,0.04904748499393463,0.2723630964756012,0.050787944346666336,-0.2983904480934143,0.04916843771934509,-0.29856741428375244,0.049316249787807465,0.0,0.0,0.0,0.0,0.0,0.0,-0.03616791591048241,0.05629401654005051,-0.03528977558016777,0.009081791155040264,-0.022896019741892815,0.04375442862510681,0.05820336565375328,0.010758262127637863,0.026945387944579124,-0.025769144296646118,0.05900709703564644,0.017692746594548225,0.0,-0.0,0.0,-0.0,0.0,0.0,0.0,0.0,0.0,0.0,0.0,0.0,0.0,-0.0,0.0,-0.0,0.0,0.0,0.0,0.0,0.0,0.0,0.0,0.0,0.134965717792511,-0.15710830688476562,0.13928383588790894,-0.15407103300094604,0.13638877868652344,0.1497691422700882,0.13452383875846863,0.1492631733417511,0.134965717792511,-0.15710830688476562,0.13928383588790894,-0.15407103300094604,0.13638877868652344,0.1497691422700882,0.13452383875846863,0.1492631733417511,-0.0016772589879110456,-0.013852698728442192,0.019468417391180992,-0.017904143780469894,-0.0474177822470665,0.012228554114699364,-0.049882590770721436,0.04951764643192291,0.30000001192092896,0.30000001192092896,0.30000001192092896,0.30000001192092896,0.0,0.0,1.0,0.0,-0.0,1.0,-0.0,-0.9999998807907104,0.30000001192092896,0.30000001192092896,0.30000001192092896,0.30000001192092896
0.05,0,0.015666522085666656,-0.02682233788073063,0.1289275586605072,0.2805386483669281,0.0,0.11813278496265411,-0.03612793609499931,0.0023936801590025425,1,1,1,1,10.592903137207031,0.0,1.932223916053772,14.988917350769043,10.592903137207031,0.0,1.932223916053772,14.988917350769043,0,0,0,0,0,0.9999775886535645,0.08023785054683685,-0.3180806040763855,0.07894018292427063,-0.31736695766448975,0.26907098293304443,0.048941176384687424,0.2702953815460205,0.049775630235672,-0.29860198497772217,0.04920469596982002,-0.29886698722839355,0.049287114292383194,0.0,0.0,0.0,0.0,0.0,0.0,-0.011350871995091438,0.0362834706902504,-0.028977951034903526,0.014692241325974464,-0.026988564059138298,0.04124385863542557,0.05997071787714958,0.04823698848485947,0.01445822510868311,-0.02814723551273346,0.04565279930830002,0.004027594346553087,0.0,-0.0,0.0,-0.0,0.0,0.0,0.0,0.0,0.0,0.0,0.0,0.0,0.0,-0.0,0.0,-0.0,0.0,0.0,0.0,0.0,0.0,0.0,0.0,0.0,0.134965717792511,-0.15710830688476562,0.13928383588790894,-0.15407103300094604,0.13638877868652344,0.1497691422700882,0.13452383875846863,0.1492631733417511,0.134965717792511,-0.15710830688476562,0.13928383588790894,-0.15407103300094604,0.13638877868652344,0.1497691422700882,0.13452383875846863,0.1492631733417511,-0.0016772589879110456,-0.013852698728442192,0.019468417391180992,-0.017904143780469894,-0.0474177822470665,0.012228554114699364,-0.049882590770721436,0.04951764643192291,0.30000001192092896,0.30000001192092896,0.30000001192092896,0.30000001192092896,0.0,0.0,1.0,0.0,-0.0,1.0,-0.0,-0.9999998807907104,0.30000001192092896,0.30000001192092896,0.30000001192092896,0.30000001192092896
0.06666666666666667,0,0.014687320217490196,-0.02559034153819084,0.044999465346336365,0.28156933188438416,0.0,0.08298606425523758,0.0007987967692315578,0.002991510322317481,1,1,1,1,11.910045623779297,3.0709400177001953,3.081084728240967,13.438848495483398,11.910045623779297,3.0709400177001953,3.081084728240967,13.438848495483398,0,0,0,0,0,0.9999836683273315,0.08020663261413574,-0.31810683012008667,0.07891732454299927,-0.31738996505737305,0.2689087390899658,0.04890511929988861,0.2693922221660614,0.04918522387742996,-0.29853564500808716,0.04919545352458954,-0.2989104986190796,0.04928627237677574,0.0,0.0,0.0,0.0,0.0,0.0,-0.012733668088912964,0.011126472614705563,-0.0207894928753376,0.01770608127117157,-0.02462892420589924,0.02487824857234955,0.03697124868631363,0.0483841635286808,0.0023927821312099695,-0.01407086942344904,0.026761451736092567,0.0013159814989194274,0.0,-0.0,0.0,-0.0,0.0,0.0,0.0,0.0,0.0,0.0,0.0,0.0,0.0,-0.0,0.0,-0.0,0.0,0.0,0.0,0.0,0.0,0.0,0.0,0.0,0.134965717792511,-0.15710830688476562,0.13928383588790894,-0.15407103300094604,0.13638877868652344,0.1497691422700882,0.13452383875846863,0.1492631733417511,0.134965717792511,-0.15710830688476562,0.13928383588790894,-0.15407103300094604,0.13638877868652344,0.1497691422700882,0.13452383875846863,0.1492631733417511,-0.0016772589879110456,-0.013852698728442192,0.019468417391180992,-0.017904143780469894,-0.0474177822470665,0.012228554114699364,-0.049882590770721436,0.04951764643192291,0.30000001192092896,0.30000001192092896,0.30000001192092896,0.30000001192092896,0.0,0.0,1.0,0.0,-0.0,1.0,-0.0,-0.9999998807907104,0.30000001192092896,0.30000001192092896,0.30000001192092896,0.30000001192092896
0.08333333333333333,0,0.014144852757453918,-0.025163879618048668,0.02750534750521183,0.2817623019218445,0.0,0.1293661743402481,0.00660635344684124,0.0029759476892650127,1,1,1,1,10.079992294311523,3.6026268005371094,4.467694282531738,10.559103012084961,10.079992294311523,3.6026268005371094,4.467694282531738,10.559103012084961,0,0,0,0,0,0.9999879598617554,0.08020808547735214,-0.31810468435287476,0.07892357558012009,-0.31738346815109253,0.2688533663749695,0.04889283701777458,0.2692115008831024,0.049198493361473083,-0.2983956038951874,0.04917652904987335,-0.2988205552101135,0.04929863288998604,0.0,0.0,0.0,0.0,0.0,0.0,0.10066302120685577,-0.013097656890749931,0.044472694396972656,0.01090389583259821,-0.025021212175488472,-0.023320525884628296,0.027084214612841606,0.02615226060152054,-0.0010301322909072042,0.009035035967826843,0.014939642511308193,-0.037960633635520935,0.0,-0.0,0.0,-0.0,0.0,0.0,0.0,0.0,0.0,0.0,0.0,0.0,0.0,-0.0,0.0,-0.0,0.0,0.0,0.0,0.0,0.0,0.0,0.0,0.0,0.134965717792511,-0.15710830688476562,0.13928383588790894,-0.15407103300094604,0.13638877868652344,0.1497691422700882,0.13452383875846863,0.1492631733417511,0.134965717792511,-0.15710830688476562,0.13928383588790894,-0.15407103300094604,0.13638877868652344,0.1497691422700882,0.13452383875846863,0.1492631733417511,-0.0016772589879110456,-0.013852698728442192,0.019468417391180992,-0.017904143780469894,-0.0474177822470665,0.012228554114699364,-0.049882590770721436,0.04951764643192291,0.30000001192092896,0.30000001192092896,0.30000001192092896,0.30000001192092896,0.0,0.0,1.0,0.0,-0.0,1.0,-0.0,-0.9999998807907104,0.30000001192092896,0.30000001192092896,0.30000001192092896,0.30000001192092896
0.1,0,0.013757815584540367,-0.02484786882996559,0.020577864721417427,0.28191494941711426,0.0,0.0919872373342514,0.012555393390357494,0.0029744512867182493,1,1,1,1,10.273694038391113,3.593501567840576,4.040676116943359,10.773796081542969,10.273694038391113,3.593501567840576,4.040676116943359,10.773796081542969,0,0,0,0,0,0.9999909996986389,0.08020824939012527,-0.31810399889945984,0.07892251014709473,-0.31738439202308655,0.26883742213249207,0.048888951539993286,0.2691113352775574,0.04921359196305275,-0.2982182502746582,0.0491439551115036,-0.29869601130485535,0.049320951104164124,0.0,0.0,0.0,0.0,0.0,0.0,0.06887523084878922,-0.012791965156793594,0.0357542410492897,-0.002347475616261363,-0.019499611109495163,-0.017429441213607788,0.014495627023279667,0.010876464657485485,-0.0016703478759154677,0.0111605329439044,0.022504623979330063,-0.024981951341032982,0.0,-0.0,0.0,-0.0,0.0,0.0,0.0,0.0,0.0,0.0,0.0,0.0,0.0,-0.0,0.0,-0.0,0.0,0.0,0.0,0.0,0.0,0.0,0.0,0.0,0.134965717792511,-0.15710830688476562,0.13928383588790894,-0.15407103300094604,0.13638877868652344,0.1497691422700882,0.13452383875846863,0.1492631733417511,0.134965717792511,-0.15710830688476562,0.13928383588790894,-0.15407103300094604,0.13638877868652344,0.1497691422700882,0.13452383875846863,0.1492631733417511,-0.0016772589879110456,-0.013852698728442192,0.019468417391180992,-0.017904143780469894,-0.0474177822470665,0.012228554114699364,-0.049882590770721436,0.04951764643192291,0.30000001192092896,0.30000001192092896,0.30000001192092896,0.30000001192092896,0.0,0.0,1.0,0.0,-0.0,1.0,-0.0,-0.9999998807907104,0.30000001192092896,0.30000001192092896,0.30000001192092896,0.30000001192092896
0.11666666666666667,0,0.013461670838296413,-0.024592207744717598,0.01732933148741722,0.28202909231185913,0.0,0.06468205899000168,0.008410626091063023,0.002953954041004181,1,1,1,1,10.442867279052734,3.4897775650024414,3.877965211868286,10.893986701965332,10.442867279052734,3.4897775650024414,3.877965211868286,10.893986701965332,0,0,0,0,0,0.9999932050704956,0.08020921796560287,-0.3181025981903076,0.07892190665006638,-0.31738483905792236,0.26884281635284424,0.04889029636979103,0.2690415680408478,0.04923253133893013,-0.2980276644229889,0.04910992458462715,-0.29854801297187805,0.04934636130928993,0.0,0.0,0.0,0.0,0.0,0.0,0.04330648481845856,-0.014897890388965607,0.021466022357344627,-0.005267877597361803,-0.015135787427425385,-0.010719397105276585,0.0028924071229994297,0.009458725340664387,-0.006888657342642546,0.013177660293877125,0.025311103090643883,-0.017153481021523476,0.0,-0.0,0.0,-0.0,0.0,0.0,0.0,0.0,0.0,0.0,0.0,0.0,0.0,-0.0,0.0,-0.0,0.0,0.0,0.0,0.0,0.0,0.0,0.0,0.0,0.134965717792511,-0.15710830688476562,0.13928383588790894,-0.15407103300094604,0.13638877868652344,0.1497691422700882,0.13452383875846863,0.1492631733417511,0.134965717792511,-0.15710830688476562,0.13928383588790894,-0.15407103300094604,0.13638877868652344,0.1497691422700882,0.13452383875846863,0.1492631733417511,-0.0016772589879110456,-0.013852698728442192,0.019468417391180992,-0.017904143780469894,-0.0474177822470665,0.012228554114699364,-0.049882590770721436,0.04951764643192291,0.30000001192092896,0.30000001192092896,0.30000001192092896,0.30000001192092896,0.0,0.0,1.0,0.0,-0.0,1.0,-0.0,-0.9999998807907104,0.30000001192092896,0.30000001192092896,0.30000001192092896,0.30000001192092896
0.13333333333333333,0,0.01324549876153469,-0.02438966929912567,0.012779474258422852,0.28211039304733276,0.0,0.04788341745734215,0.013896896503865719,0.002923311898484826,1,1,1,1,10.376977920532227,3.4252092838287354,3.7632007598876953,10.982504844665527,10.376977920532227,3.4252092838287354,3.7632007598876953,10.982504844665527,0,0,0,0,0,0.9999947547912598,0.08021051436662674,-0.31810086965560913,0.07891374081373215,-0.31739285588264465,0.26886776089668274,0.04889599606394768,0.2690016031265259,0.04925317317247391,-0.297818124294281,0.049072399735450745,-0.29837897419929504,0.049373697489500046,0.0,0.0,0.0,0.0,0.0,0.0,0.02474689483642578,-0.011228658258914948,0.01719025708734989,-0.006156144198030233,-0.01490272767841816,-0.008201914839446545,0.005513624753803015,0.010718666948378086,-0.0038578612729907036,0.006015151739120483,0.02565697208046913,-0.008770923130214214,0.0,-0.0,0.0,-0.0,0.0,0.0,0.0,0.0,0.0,0.0,0.0,0.0,0.0,-0.0,0.0,-0.0,0.0,0.0,0.0,0.0,0.0,0.0,0.0,0.0,0.134965717792511,-0.15710830688476562,0.13928383588790894,-0.15407103300094604,0.13638877868652344,0.1497691422700882,0.13452383875846863,0.1492631733417511,0.134965717792511,-0.15710830688476562,0.13928383588790894,-0.15407103300094604,0.13638877868652344,0.1497691422700882,0.13452383875846863,0.1492631733417511,-0.0016772589879110456,-0.013852698728442192,0.019468417391180992,-0.017904143780469894,-0.0474177822470665,0.012228554114699364,-0.049882590770721436,0.04951764643192291,0.30000001192092896,0.30000001192092896,0.30000001192092896,0.30000001192092896,0.0,0.0,1.0,0.0,-0.0,1.0,-0.0,-0.9999998807907104,0.30000001192092896,0.30000001192092896,0.30000001192092896,0.30000001192092896
0.15,0,0.013109934516251087,-0.02424972504377365,0.012135099619626999,0.2821604609489441,0.0,0.057693418115377426,0.016411982476711273,0.002885970054194331,1,1,1,1,10.919865608215332,3.0849831104278564,3.525653123855591,11.23495101928711,10.919865608215332,3.0849831104278564,3.525653123855591,11.23495101928711,0,0,0,0,0,0.9999959468841553,0.0802120715379715,-0.3180989623069763,0.07892055809497833,-0.31738588213920593,0.2689136266708374,0.04890654608607292,0.26898953318595886,0.04927949607372284,-0.2975761592388153,0.049030330032110214,-0.2981964349746704,0.049402784556150436,0.0,0.0,0.0,0.0,0.0,0.0,-0.04258526861667633,-0.010410589165985584,-0.006195470690727234,-0.01065724529325962,-0.01765686459839344,0.0018604823853820562,-0.004956420976668596,0.02547970972955227,-0.006291558966040611,-0.00831794273108244,0.010113278403878212,0.007390948478132486,0.0,-0.0,0.0,-0.0,0.0,0.0,0.0,0.0,0.0,0.0,0.0,0.0,0.0,-0.0,0.0,-0.0,0.0,0.0,0.0,0.0,0.0,0.0,0.0,0.0,0.134965717792511,-0.15710830688476562,0.13928383588790894,-0.15407103300094604,0.13638877868652344,0.1497691422700882,0.13452383875846863,0.1492631733417511,0.134965717792511,-0.15710830688476562,0.13928383588790894,-0.15407103300094604,0.13638877868652344,0.1497691422700882,0.13452383875846863,0.1492631733417511,-0.0016772589879110456,-0.013852698728442192,0.019468417391180992,-0.017904143780469894,-0.0474177822470665,0.012228554114699364,-0.049882590770721436,0.04951764643192291,0.30000001192092896,0.30000001192092896,0.30000001192092896,0.30000001192092896,0.0,0.0,1.0,0.0,-0.0,1.0,-0.0,-0.9999998807907104,0.30000001192092896,0.30000001192092896,0.30000001192092896,0.30000001192092896
0.16666666666666666,0,0.013038949109613895,-0.02414371818304062,0.005091049242764711,0.2821868360042572,0.0,0.047239333391189575,0.018026411533355713,0.0028502505738288164,1,1,1,1,10.83469009399414,3.1526811122894287,3.567746639251709,11.181258201599121,10.83469009399414,3.1526811122894287,3.567746639251709,11.181258201599121,0,0,0,0,0,0.9999968409538269,0.08021335303783417,-0.31809741258621216,0.07891848683357239,-0.3173877000808716,0.2689771354198456,0.04892003536224365,0.2690064609050751,0.0493079274892807,-0.2973095774650574,0.048986125737428665,-0.2979942262172699,0.04943396523594856,0.0,0.0,0.0,0.0,0.0,0.0,-0.02750854566693306,-0.00753754610195756,3.540795296430588e-05,-0.009056000970304012,-0.019336290657520294,-0.0018266061088070273,0.0014369699638336897,0.026884786784648895,-0.0025975462049245834,-0.011137129738926888,0.009918492287397385,0.0021824142895638943,0.0,-0.0,0.0,-0.0,0.0,0.0,0.0,0.0,0.0,0.0,0.0,0.0,0.0,-0.0,0.0,-0.0,0.0,0.0,0.0,0.0,0.0,0.0,0.0,0.0,0.134965717792511,-0.15710830688476562,0.13928383588790894,-0.15407103300094604,0.13638877868652344,0.1497691422700882,0.13452383875846863,0.1492631733417511,0.134965717792511,-0.15710830688476562,0.13928383588790894,-0.15407103300094604,0.13638877868652344,0.1497691422700882,0.13452383875846863,0.1492631733417511,-0.0016772589879110456,-0.013852698728442192,0.019468417391180992,-0.017904143780469894,-0.0474177822470665,0.012228554114699364,-0.049882590770721436,0.04951764643192291,0.30000001192092896,0.30000001192092896,0.30000001192092896,0.30000001192092896,0.0,0.0,1.0,0.0,-0.0,1.0,-0.0,-0.9999998807907104,0.30000001192092896,0.30000001192092896,0.30000001192092896,0.30000001192092896
0.18333333333333332,0,0.013000880368053913,-0.024062883108854294,0.007511102128773928,0.2822140157222748,0.0,0.04007315635681152,0.018223784863948822,0.00281343562528491,1,1,1,1,10.727189064025879,3.153259038925171,3.4062788486480713,11.264982223510742,10.727189064025879,3.153259038925171,3.4062788486480713,11.264982223510742,0,0,0,0,0,0.9999974966049194,0.08021482825279236,-0.3180956542491913,0.0789150595664978,-0.31739094853401184,0.26904791593551636,0.04893523082137108,0.26903828978538513,0.049333665519952774,-0.29705381393432617,0.04893846437335014,-0.2977912127971649,0.0494651235640049,0.0,0.0,0.0,0.0,0.0,0.0,-0.020046614110469818,-0.008402017876505852,0.005979746114462614,-0.008369612507522106,-0.017137806862592697,-0.00694475881755352,-7.841113256290555e-05,0.023472033441066742,-0.0012963982298970222,-0.010347782634198666,0.005075754597783089,-0.0004383830528240651,0.0,-0.0,0.0,-0.0,0.0,0.0,0.0,0.0,0.0,0.0,0.0,0.0,0.0,-0.0,0.0,-0.0,0.0,0.0,0.0,0.0,0.0,0.0,0.0,0.0,0.134965717792511,-0.15710830688476562,0.13928383588790894,-0.15407103300094604,0.13638877868652344,0.1497691422700882,0.13452383875846863,0.1492631733417511,0.134965717792511,-0.15710830688476562,0.13928383588790894,-0.15407103300094604,0.13638877868652344,0.1497691422700882,0.13452383875846863,0.1492631733417511,-0.0016772589879110456,-0.013852698728442192,0.019468417391180992,-0.017904143780469894,-0.0474177822470665,0.012228554114699364,-0.049882590770721436,0.04951764643192291,0.30000001192092896,0.30000001192092896,0.30000001192092896,0.30000001192092896,0.0,0.0,1.0,0.0,-0.0,1.0,-0.0,-0.9999998807907104,0.30000001192092896,0.30000001192092896,0.30000001192092896,0.30000001192092896
0.2,0,0.013016348704695702,-0.024022843688726425,0.0038820814806967974,0.28224417567253113,0.0,0.03743591159582138,0.01889442279934883,0.002764298813417554,1,1,1,1,11.135567665100098,2.8916923999786377,2.985776424407959,11.529383659362793,11.135567665100098,2.8916923999786377,2.985776424407959,11.529383659362793,0,0,0,0,0,0.9999979734420776,0.08021669834852219,-0.3180934488773346,0.07891468703746796,-0.3173910081386566,0.2691338360309601,0.04895373061299324,0.26908713579177856,0.0493650957942009,-0.29676899313926697,0.048887819051742554,-0.2975711524486542,0.049497589468955994,0.0,0.0,0.0,0.0,0.0,0.0,-0.009853952564299107,-0.009348776191473007,0.010467028245329857,-0.008330274373292923,-0.01717575639486313,-0.008989975787699223,0.002038495149463415,0.022272368893027306,-0.00024028768530115485,-0.009156537242233753,0.0084902448579669,-0.002443566219881177,0.0,-0.0,0.0,-0.0,0.0,0.0,0.0,0.0,0.0,0.0,0.0,0.0,0.0,-0.0,0.0,-0.0,0.0,0.0,0.0,0.0,0.0,0.0,0.0,0.0,0.134965717792511,-0.15710830688476562,0.13928383588790894,-0.15407103300094604,0.13638877868652344,0.1497691422700882,0.13452383875846863,0.1492631733417511,0.134965717792511,-0.15710830688476562,0.13928383588790894,-0.15407103300094604,0.13638877868652344,0.1497691422700882,0.13452383875846863,0.1492631733417511,-0.0016772589879110456,-0.013852698728442192,0.019468417391180992,-0.017904143780469894,-0.0474177822470665,0.012228554114699364,-0.049882590770721436,0.04951764643192291,0.30000001192092896,0.30000001192092896,0.30000001192092896,0.30000001192092896,0.0,0.0,1.0,0.0,-0.0,1.0,-0.0,-0.9999998807907104,0.30000001192092896,0.30000001192092896,0.30000001192092896,0.30000001192092896
0.21666666666666667,0,0.013043666258454323,-0.023926110938191414,0.026379337534308434,0.2822650969028473,0.0,0.0378924123942852,0.019214630126953125,0.0027535432018339634,1,1,1,1,10.032837867736816,3.4655399322509766,4.898858547210693,10.718305587768555,10.032837867736816,3.4655399322509766,4.898858547210693,10.718305587768555,0,0,0,0,0,0.9999983310699463,0.08021800220012665,-0.3180922567844391,0.078916996717453,-0.31738850474357605,0.2692248523235321,0.048968810588121414,0.26918187737464905,0.049399975687265396,-0.29649969935417175,0.04888984560966492,-0.2973536252975464,0.04953276365995407,0.0,0.0,0.0,0.0,0.0,0.0,0.008797239512205124,-0.008020815439522266,0.01531852874904871,-0.004623138811439276,-0.01472275797277689,-0.010078870691359043,0.007602785248309374,0.017605818808078766,0.0036323759704828262,-0.0062020644545555115,0.01673239842057228,-0.00450954120606184,0.0,-0.0,0.0,-0.0,0.0,0.0,0.0,0.0,0.0,0.0,0.0,0.0,0.0,-0.0,0.0,-0.0,0.0,0.0,0.0,0.0,0.0,0.0,0.0,0.0,0.134965717792511,-0.15710830688476562,0.13928383588790894,-0.15407103300094604,0.13638877868652344,0.1497691422700882,0.13452383875846863,0.1492631733417511,0.134965717792511,-0.15710830688476562,0.13928383588790894,-0.15407103300094604,0.13638877868652344,0.1497691422700882,0.13452383875846863,0.1492631733417511,-0.0016772589879110456,-0.013852698728442192,0.019468417391180992,-0.017904143780469894,-0.0474177822470665,0.012228554114699364,-0.049882590770721436,0.04951764643192291,0.30000001192092896,0.30000001192092896,0.30000001192092896,0.30000001192092896,0.0,0.0,1.0,0.0,-0.0,1.0,-0.0,-0.9999998807907104,0.30000001192092896,0.30000001192092896,0.30000001192092896,0.30000001192092896
0.23333333333333334,0,0.013107364997267723,-0.02378389984369278,0.019190510734915733,0.28226369619369507,0.0,0.04028527811169624,0.01958005130290985,0.0028271737974137068,1,1,1,1,10.706648826599121,3.323935031890869,3.907508373260498,10.980332374572754,10.706648826599121,3.323935031890869,3.907508373260498,10.980332374572754,0,0,0,0,0,0.9999986886978149,0.08021313697099686,-0.31809741258621216,0.07891573011875153,-0.31738969683647156,0.2693268656730652,0.048989731818437576,0.26931777596473694,0.04942135512828827,-0.29624226689338684,0.048939064145088196,-0.2971203625202179,0.04956793412566185,0.0,0.0,0.0,0.0,0.0,0.0,0.009372959844768047,-0.01366578508168459,0.020447086542844772,-0.0071073477156460285,-0.013959799893200397,-0.013374686241149902,0.003524401457980275,0.014240264892578125,0.002704034559428692,-0.0030926878098398447,0.016303032636642456,-0.002840692875906825,0.0,-0.0,0.0,-0.0,0.0,0.0,0.0,0.0,0.0,0.0,0.0,0.0,0.0,-0.0,0.0,-0.0,0.0,0.0,0.0,0.0,0.0,0.0,0.0,0.0,0.134965717792511,-0.15710830688476562,0.13928383588790894,-0.15407103300094604,0.13638877868652344,0.1497691422700882,0.13452383875846863,0.1492631733417511,0.134965717792511,-0.15710830688476562,0.13928383588790894,-0.15407103300094604,0.13638877868652344,0.1497691422700882,0.13452383875846863,0.1492631733417511,-0.0016772589879110456,-0.013852698728442192,0.019468417391180992,-0.017904143780469894,-0.0474177822470665,0.012228554114699364,-0.049882590770721436,0.04951764643192291,0.30000001192092896,0.30000001192092896,0.30000001192092896,0.30000001192092896,0.0,0.0,1.0,0.0,-0.0,1.0,-0.0,-0.9999998807907104,0.30000001192092896,0.30000001192092896,0.30000001192092896,0.30000001192092896
0.25,0,0.01319970190525055,-0.023659981787204742,0.021236876025795937,0.2822675406932831,0.0,0.040659938007593155,0.01982930302619934,0.002884095534682274,1,1,1,1,10.570789337158203,3.4994900226593018,4.008712291717529,10.836610794067383,10.570789337158203,3.4994900226593018,4.008712291717529,10.836610794067383,0,0,0,0,0,0.999998927116394,0.08020981401205063,-0.31810110807418823,0.0789145678281784,-0.3173907995223999,0.2694382667541504,0.04901048541069031,0.2694564163684845,0.049450211226940155,-0.2959713935852051,0.048987533897161484,-0.2968793213367462,0.04960213229060173,0.0,0.0,0.0,0.0,0.0,0.0,0.006595390383154154,-0.013820702210068703,0.017335141077637672,-0.007056096103042364,-0.015386204235255718,-0.012154140509665012,0.002890955191105604,0.019359029829502106,0.0028937566094100475,-0.005554022267460823,0.015649795532226562,-0.00408640643581748,0.0,-0.0,0.0,-0.0,0.0,0.0,0.0,0.0,0.0,0.0,0.0,0.0,0.0,-0.0,0.0,-0.0,0.0,0.0,0.0,0.0,0.0,0.0,0.0,0.0,0.134965717792511,-0.15710830688476562,0.13928383588790894,-0.15407103300094604,0.13638877868652344,0.1497691422700882,0.13452383875846863,0.1492631733417511,0.134965717792511,-0.15710830688476562,0.13928383588790894,-0.15407103300094604,0.13638877868652344,0.1497691422700882,0.13452383875846863,0.1492631733417511,-0.0016772589879110456,-0.013852698728442192,0.019468417391180992,-0.017904143780469894,-0.0474177822470665,0.012228554114699364,-0.049882590770721436,0.04951764643192291,0.30000001192092896,0.30000001192092896,0.30000001192092896,0.30000001192092896,0.0,0.0,1.0,0.0,-0.0,1.0,-0.0,-0.9999998807907104,0.30000001192092896,0.30000001192092896,0.30000001192092896,0.30000001192092896
0.26666666666666666,0,0.013337475247681141,-0.023577222600579262,0.01621760055422783,0.2822834849357605,0.0,0.03738703951239586,0.020239055156707764,0.0029509037267416716,1,1,1,1,10.710360527038574,3.4642789363861084,3.6451144218444824,11.214164733886719,10.710360527038574,3.4642789363861084,3.6451144218444824,11.214164733886719,0,0,0,0,0,0.9999990463256836,0.08020446449518204,-0.31810688972473145,0.07890740036964417,-0.317397803068161,0.26956284046173096,0.04903300106525421,0.26963379979133606,0.049479249864816666,-0.2956874966621399,0.049034904688596725,-0.2966371774673462,0.049635741859674454,0.0,0.0,0.0,0.0,0.0,0.0,0.003286471590399742,-0.014133168384432793,0.014465386979281902,-0.007362019270658493,-0.013883070088922977,-0.012505115941166878,0.0013348405482247472,0.019977832213044167,0.0012649886775761843,-0.004869304597377777,0.011653929017484188,-0.0035579651594161987,0.0,-0.0,0.0,-0.0,0.0,0.0,0.0,0.0,0.0,0.0,0.0,0.0,0.0,-0.0,0.0,-0.0,0.0,0.0,0.0,0.0,0.0,0.0,0.0,0.0,0.134965717792511,-0.15710830688476562,0.13928383588790894,-0.15407103300094604,0.13638877868652344,0.1497691422700882,0.13452383875846863,0.1492631733417511,0.134965717792511,-0.15710830688476562,0.13928383588790894,-0.15407103300094604,0.13638877868652344,0.1497691422700882,0.13452383875846863,0.1492631733417511,-0.0016772589879110456,-0.013852698728442192,0.019468417391180992,-0.017904143780469894,-0.0474177822470665,0.012228554114699364,-0.049882590770721436,0.04951764643192291,0.30000001192092896,0.30000001192092896,0.30000001192092896,0.30000001192092896,0.0,0.0,1.0,0.0,-0.0,1.0,-0.0,-0.9999998807907104,0.30000001192092896,0.30000001192092896,0.30000001192092896,0.30000001192092896
0.2833333333333333,0,0.013459758833050728,-0.023495972156524658,0.01731511764228344,0.28230053186416626,0.0,0.03753720223903656,0.019988704472780228,0.003002018202096224,1,1,1,1,10.535636901855469,3.251579999923706,3.7082316875457764,10.934189796447754,10.535636901855469,3.251579999923706,3.7082316875457764,10.934189796447754,0,0,0,0,0,0.9999991655349731,0.08020298182964325,-0.3181087076663971,0.07890597730875015,-0.3173990845680237,0.26968371868133545,0.04905488342046738,0.26979756355285645,0.049508366733789444,-0.2954298257827759,0.049083903431892395,-0.2963961362838745,0.04966886341571808,0.0,0.0,0.0,0.0,0.0,0.0,-0.0030440425034612417,-0.017325298860669136,0.01335158385336399,-0.009971808642148972,-0.012746034190058708,-0.013856686651706696,-0.007617237977683544,0.018584752455353737,-0.002020655432716012,-0.0033708359114825726,0.0046197595074772835,-0.005218735430389643,0.0,-0.0,0.0,-0.0,0.0,0.0,0.0,0.0,0.0,0.0,0.0,0.0,0.0,-0.0,0.0,-0.0,0.0,0.0,0.0,0.0,0.0,0.0,0.0,0.0,0.134965717792511,-0.15710830688476562,0.13928383588790894,-0.15407103300094604,0.13638877868652344,0.1497691422700882,0.13452383875846863,0.1492631733417511,0.134965717792511,-0.15710830688476562,0.13928383588790894,-0.15407103300094604,0.13638877868652344,0.1497691422700882,0.13452383875846863,0.1492631733417511,-0.0016772589879110456,-0.013852698728442192,0.019468417391180992,-0.017904143780469894,-0.0474177822470665,0.012228554114699364,-0.049882590770721436,0.04951764643192291,0.30000001192092896,0.30000001192092896,0.30000001192092896,0.30000001192092896,0.0,0.0,1.0,0.0,-0.0,1.0,-0.0,-0.9999998807907104,0.30000001192092896,0.30000001192092896,0.30000001192092896,0.30000001192092896
0.3,0,0.013581688515841961,-0.023410849273204803,0.01740395277738571,0.28230682015419006,0.0,0.03835596889257431,0.020134907215833664,0.003046697936952114,1,1,1,1,10.485687255859375,3.566459894180298,3.844695568084717,10.889389038085938,10.485687255859375,3.566459894180298,3.844695568084717,10.889389038085938,0,0,0,0,0,0.9999992847442627,0.0801989734172821,-0.3181130290031433,0.07890252768993378,-0.31740251183509827,0.26980406045913696,0.04907643049955368,0.26994946599006653,0.04953519627451897,-0.29517650604248047,0.049130555242300034,-0.2961544096469879,0.04970023036003113,0.0,0.0,0.0,0.0,0.0,0.0,-0.005097700748592615,-0.01588059775531292,0.013272873125970364,-0.011753195896744728,-0.014319460839033127,-0.012244937010109425,-0.005447275936603546,0.018869275227189064,-0.0008685794309712946,-0.005879891104996204,0.009308907203376293,-0.004000340588390827,0.0,-0.0,0.0,-0.0,0.0,0.0,0.0,0.0,0.0,0.0,0.0,0.0,0.0,-0.0,0.0,-0.0,0.0,0.0,0.0,0.0,0.0,0.0,0.0,0.0,0.134965717792511,-0.15710830688476562,0.13928383588790894,-0.15407103300094604,0.13638877868652344,0.1497691422700882,0.13452383875846863,0.1492631733417511,0.134965717792511,-0.15710830688476562,0.13928383588790894,-0.15407103300094604,0.13638877868652344,0.1497691422700882,0.13452383875846863,0.1492631733417511,-0.0016772589879110456,-0.013852698728442192,0.019468417391180992,-0.017904143780469894,-0.0474177822470665,0.012228554114699364,-0.049882590770721436,0.04951764643192291,0.30000001192092896,0.30000001192092896,0.30000001192092896,0.30000001192092896,0.0,0.0,1.0,0.0,-0.0,1.0,-0.0,-0.9999998807907104,0.30000001192092896,0.30000001192092896,0.30000001192092896,0.30000001192092896
0.31666666666666665,0,0.013716600835323334,-0.02333270199596882,0.016983268782496452,0.28230640292167664,0.0,0.038527894765138626,0.020330697298049927,0.0030865406151860952,1,1,1,1,10.488566398620605,3.570293664932251,3.8571763038635254,10.875916481018066,10.488566398620605,3.570293664932251,3.8571763038635254,10.875916481018066,0,0,0,0,0,0.9999994039535522,0.08019635826349258,-0.31811586022377014,0.07889888435602188,-0.3174060881137848,0.26992887258529663,0.049099043011665344,0.27010491490364075,0.04956160858273506,-0.29492026567459106,0.049176327884197235,-0.2959096431732178,0.049730345606803894,0.0,0.0,0.0,0.0,0.0,0.0,-0.003124477108940482,-0.01708310842514038,0.013958127237856388,-0.010628984309732914,-0.013692975044250488,-0.013497309759259224,-0.005841806530952454,0.019032929092645645,-0.0010264819720759988,-0.004711458925157785,0.008181843906641006,-0.004330234602093697,0.0,-0.0,0.0,-0.0,0.0,0.0,0.0,0.0,0.0,0.0,0.0,0.0,0.0,-0.0,0.0,-0.0,0.0,0.0,0.0,0.0,0.0,0.0,0.0,0.0,0.134965717792511,-0.15710830688476562,0.13928383588790894,-0.15407103300094604,0.13638877868652344,0.1497691422700882,0.13452383875846863,0.1492631733417511,0.134965717792511,-0.15710830688476562,0.13928383588790894,-0.15407103300094604,0.13638877868652344,0.1497691422700882,0.13452383875846863,0.1492631733417511,-0.0016772589879110456,-0.013852698728442192,0.019468417391180992,-0.017904143780469894,-0.0474177822470665,0.012228554114699364,-0.049882590770721436,0.04951764643192291,0.30000001192092896,0.30000001192092896,0.30000001192092896,0.30000001192092896,0.0,0.0,1.0,0.0,-0.0,1.0,-0.0,-0.9999998807907104,0.30000001192092896,0.30000001192092896,0.30000001192092896,0.30000001192092896
0.3333333333333333,0,0.013867437839508057,-0.023265667259693146,0.016056526452302933,0.2823040783405304,0.0,0.038414765149354935,0.02035631611943245,0.003130698576569557,1,1,1,1,10.590980529785156,3.4007837772369385,3.7783076763153076,11.005435943603516,10.590980529785156,3.4007837772369385,3.7783076763153076,11.005435943603516,0,0,0,0,0,0.9999995231628418,0.08019141107797623,-0.3181211054325104,0.07889433950185776,-0.31741058826446533,0.270058274269104,0.04912213981151581,0.27027082443237305,0.049586761742830276,-0.2946591079235077,0.04922012239694595,-0.29566141963005066,0.04975936934351921,0.0,0.0,0.0,0.0,0.0,0.0,-0.00297545432113111,-0.016917837783694267,0.014440568163990974,-0.010450691916048527,-0.013447294943034649,-0.013544217683374882,-0.005441546905785799,0.018563922494649887,-2.4764041882008314e-05,-0.005066119134426117,0.009178540669381618,-0.0038031123112887144,0.0,-0.0,0.0,-0.0,0.0,0.0,0.0,0.0,0.0,0.0,0.0,0.0,0.0,-0.0,0.0,-0.0,0.0,0.0,0.0,0.0,0.0,0.0,0.0,0.0,0.134965717792511,-0.15710830688476562,0.13928383588790894,-0.15407103300094604,0.13638877868652344,0.1497691422700882,0.13452383875846863,0.1492631733417511,0.134965717792511,-0.15710830688476562,0.13928383588790894,-0.15407103300094604,0.13638877868652344,0.1497691422700882,0.13452383875846863,0.1492631733417511,-0.0016772589879110456,-0.013852698728442192,0.019468417391180992,-0.017904143780469894,-0.0474177822470665,0.012228554114699364,-0.049882590770721436,0.04951764643192291,0.30000001192092896,0.30000001192092896,0.30000001192092896,0.30000001192092896,0.0,0.0,1.0,0.0,-0.0,1.0,-0.0,-0.9999998807907104,0.30000001192092896,0.30000001192092896,0.30000001192092896,0.30000001192092896
0.35,0,0.014054040424525738,-0.023187492042779922,0.008401703089475632,0.28229984641075134,0.0,0.03807720169425011,0.020589113235473633,0.00321564800105989,1,1,1,1,9.858565330505371,4.082683563232422,4.325572967529297,10.420578956604004,9.858565330505371,4.082683563232422,4.325572967529297,10.420578956604004,0,0,0,0,0,0.9999995231628418,0.0801876038312912,-0.31812551617622375,0.07888652384281158,-0.31741851568222046,0.2702014446258545,0.04914586618542671,0.27046632766723633,0.04961453750729561,-0.29439765214920044,0.049263082444667816,-0.2954004406929016,0.04978952184319496,0.0,0.0,0.0,0.0,0.0,0.0,-0.006027394440025091,-0.016123272478580475,0.01479302067309618,-0.00982298981398344,-0.013016793876886368,-0.013862453401088715,-0.004041007719933987,0.018305135890841484,0.0015227177646011114,-0.0065590254962444305,0.008826177567243576,-0.001416339771822095,0.0,-0.0,0.0,-0.0,0.0,0.0,0.0,0.0,0.0,0.0,0.0,0.0,0.0,-0.0,0.0,-0.0,0.0,0.0,0.0,0.0,0.0,0.0,0.0,0.0,0.134965717792511,-0.15710830688476562,0.13928383588790894,-0.15407103300094604,0.13638877868652344,0.1497691422700882,0.13452383875846863,0.1492631733417511,0.134965717792511,-0.15710830688476562,0.13928383588790894,-0.15407103300094604,0.13638877868652344,0.1497691422700882,0.13452383875846863,0.1492631733417511,-0.0016772589879110456,-0.013852698728442192,0.019468417391180992,-0.017904143780469894,-0.0474177822470665,0.012228554114699364,-0.049882590770721436,0.04951764643192291,0.30000001192092896,0.30000001192092896,0.30000001192092896,0.30000001192092896,0.0,0.0,1.0,0.0,-0.0,1.0,-0.0,-0.9999998807907104,0.30000001192092896,0.30000001192092896,0.30000001192092896,0.30000001192092896
0.36666666666666664,0,0.014257538132369518,-0.023121027275919914,0.009465882554650307,0.2822750508785248,0.0,0.04059751704335213,0.020640358328819275,0.0032952444162219763,1,1,1,1,10.044495582580566,3.9284591674804688,4.1433796882629395,10.404803276062012,10.044495582580566,3.9284591674804688,4.1433796882629395,10.404803276062012,0,0,0,0,0,0.9999995231628418,0.0801827684044838,-0.3181306719779968,0.07888335734605789,-0.3174218535423279,0.27035024762153625,0.049172066152095795,0.2706521451473236,0.04964154586195946,-0.29413437843322754,0.04930539429187775,-0.2951350212097168,0.049818482249975204,0.0,0.0,0.0,0.0,0.0,0.0,-0.0023976832162588835,-0.018575021997094154,0.014717013575136662,-0.008988422341644764,-0.013333691284060478,-0.014548065140843391,-0.0069616674445569515,0.021201029419898987,0.0016123640816658735,-0.0062139094807207584,0.00659253541380167,-0.005285828374326229,0.0,-0.0,0.0,-0.0,0.0,0.0,0.0,0.0,0.0,0.0,0.0,0.0,0.0,-0.0,0.0,-0.0,0.0,0.0,0.0,0.0,0.0,0.0,0.0,0.0,0.134965717792511,-0.15710830688476562,0.13928383588790894,-0.15407103300094604,0.13638877868652344,0.1497691422700882,0.13452383875846863,0.1492631733417511,0.134965717792511,-0.15710830688476562,0.13928383588790894,-0.15407103300094604,0.13638877868652344,0.1497691422700882,0.13452383875846863,0.1492631733417511,-0.0016772589879110456,-0.013852698728442192,0.019468417391180992,-0.017904143780469894,-0.0474177822470665,0.012228554114699364,-0.049882590770721436,0.04951764643192291,0.30000001192092896,0.30000001192092896,0.30000001192092896,0.30000001192092896,0.0,0.0,1.0,0.0,-0.0,1.0,-0.0,-0.9999998807907104,0.30000001192092896,0.30000001192092896,0.30000001192092896,0.30000001192092896
0.3833333333333333,0,0.014480491168797016,-0.02307804487645626,0.007793316151946783,0.2822442948818207,0.0,0.03847195580601692,0.02078026905655861,0.003361461218446493,1,1,1,1,9.879399299621582,3.994903802871704,4.266791820526123,10.351515769958496,9.879399299621582,3.994903802871704,4.266791820526123,10.351515769958496,0,0,0,0,0,0.9999995231628418,0.0801796168088913,-0.3181341290473938,0.0788835883140564,-0.3174215853214264,0.27050724625587463,0.04919858276844025,0.2708472013473511,0.0496705062687397,-0.2938578128814697,0.04934642091393471,-0.2948598265647888,0.04984579607844353,0.0,0.0,0.0,0.0,0.0,0.0,-0.010733136907219887,-0.015777001157402992,0.01135130226612091,-0.011037392541766167,-0.014631392434239388,-0.011269595474004745,-0.0054823714308440685,0.01727181486785412,0.001593275461345911,-0.006604315247386694,0.012227512896060944,0.00042475966620258987,0.0,-0.0,0.0,-0.0,0.0,0.0,0.0,0.0,0.0,0.0,0.0,0.0,0.0,-0.0,0.0,-0.0,0.0,0.0,0.0,0.0,0.0,0.0,0.0,0.0,0.134965717792511,-0.15710830688476562,0.13928383588790894,-0.15407103300094604,0.13638877868652344,0.1497691422700882,0.13452383875846863,0.1492631733417511,0.134965717792511,-0.15710830688476562,0.13928383588790894,-0.15407103300094604,0.13638877868652344,0.1497691422700882,0.13452383875846863,0.1492631733417511,-0.0016772589879110456,-0.013852698728442192,0.019468417391180992,-0.017904143780469894,-0.0474177822470665,0.012228554114699364,-0.049882590770721436,0.04951764643192291,0.30000001192092896,0.30000001192092896,0.30000001192092896,0.30000001192092896,0.0,0.0,1.0,0.0,-0.0,1.0,-0.0,-0.9999998807907104,0.30000001192092896,0.30000001192092896,0.30000001192092896,0.30000001192092896
0.4,0,0.014690288342535496,-0.023027727380394936,0.0076033324003219604,0.2822261452674866,0.0,0.04043780639767647,0.02060125768184662,0.003440412925556302,1,1,1,1,10.194955825805664,3.852424383163452,4.099093437194824,10.556655883789062,10.194955825805664,3.852424383163452,4.099093437194824,10.556655883789062,0,0,0,0,0,0.9999995231628418,0.08017473667860031,-0.31813961267471313,0.07887893915176392,-0.31742653250694275,0.2706605792045593,0.049223992973566055,0.2710447907447815,0.04969676584005356,-0.2935950756072998,0.04938562586903572,-0.29459020495414734,0.049871381372213364,0.0,0.0,0.0,0.0,0.0,0.0,-0.0026092366315424442,-0.018508752807974815,0.015402361750602722,-0.010839133523404598,-0.013084259815514088,-0.014538034796714783,-0.006259148940443993,0.019012993201613426,0.001963547896593809,-0.005958010908216238,0.009710190817713737,-0.003774916287511587,0.0,-0.0,0.0,-0.0,0.0,0.0,0.0,0.0,0.0,0.0,0.0,0.0,0.0,-0.0,0.0,-0.0,0.0,0.0,0.0,0.0,0.0,0.0,0.0,0.0,0.134965717792511,-0.15710830688476562,0.13928383588790894,-0.15407103300094604,0.13638877868652344,0.1497691422700882,0.13452383875846863,0.1492631733417511,0.134965717792511,-0.15710830688476562,0.13928383588790894,-0.15407103300094604,0.13638877868652344,0.1497691422700882,0.13452383875846863,0.1492631733417511,-0.0016772589879110456,-0.013852698728442192,0.019468417391180992,-0.017904143780469894,-0.0474177822470665,0.012228554114699364,-0.049882590770721436,0.04951764643192291,0.30000001192092896,0.30000001192092896,0.30000001192092896,0.30000001192092896,0.0,0.0,1.0,0.0,-0.0,1.0,-0.0,-0.9999998807907104,0.30000001192092896,0.30000001192092896,0.30000001192092896,0.30000001192092896
0.4166666666666667,0,0.014902707189321518,-0.022983722388744354,0.006575390230864286,0.2822074592113495,0.0,0.04079153388738632,0.020791441202163696,0.0035168214235454798,1,1,1,1,10.18917179107666,3.8616421222686768,4.13567590713501,10.536059379577637,10.18917179107666,3.8616421222686768,4.13567590713501,10.536059379577637,0,0,0,0,0,0.9999995231628418,0.0801701620221138,-0.31814444065093994,0.07887374609708786,-0.31743180751800537,0.2708156704902649,0.04924924671649933,0.2712436616420746,0.04972217231988907,-0.2933332324028015,0.04942330718040466,-0.29432031512260437,0.04989519715309143,0.0,0.0,0.0,0.0,0.0,0.0,-0.001563111669383943,-0.019045906141400337,0.015275325626134872,-0.01058123167604208,-0.013076393865048885,-0.01492287963628769,-0.007302617188543081,0.019360827282071114,0.001274467445909977,-0.005581482779234648,0.008617549203336239,-0.004956583958119154,0.0,-0.0,0.0,-0.0,0.0,0.0,0.0,0.0,0.0,0.0,0.0,0.0,0.0,-0.0,0.0,-0.0,0.0,0.0,0.0,0.0,0.0,0.0,0.0,0.0,0.134965717792511,-0.15710830688476562,0.13928383588790894,-0.15407103300094604,0.13638877868652344,0.1497691422700882,0.13452383875846863,0.1492631733417511,0.134965717792511,-0.15710830688476562,0.13928383588790894,-0.15407103300094604,0.13638877868652344,0.1497691422700882,0.13452383875846863,0.1492631733417511,-0.0016772589879110456,-0.013852698728442192,0.019468417391180992,-0.017904143780469894,-0.0474177822470665,0.012228554114699364,-0.049882590770721436,0.04951764643192291,0.30000001192092896,0.30000001192092896,0.30000001192092896,0.30000001192092896,0.0,0.0,1.0,0.0,-0.0,1.0,-0.0,-0.9999998807907104,0.30000001192092896,0.30000001192092896,0.30000001192092896,0.30000001192092896
0.43333333333333335,0,0.015118102543056011,-0.02293863147497177,0.008406376466155052,0.28218570351600647,0.0,0.04033884033560753,0.020680829882621765,0.0035778405144810677,1,1,1,1,10.023147583007812,3.9796955585479736,4.278214931488037,10.442249298095703,10.023147583007812,3.9796955585479736,4.278214931488037,10.442249298095703,0,0,0,0,0,0.9999995231628418,0.08016445487737656,-0.3181505501270294,0.07886912673711777,-0.317436546087265,0.2709715962409973,0.0492747537791729,0.2714414596557617,0.04974688962101936,-0.2930719256401062,0.04945945367217064,-0.2940504550933838,0.049917880445718765,0.0,0.0,0.0,0.0,0.0,0.0,-0.003896541427820921,-0.01922929845750332,0.014691553078591824,-0.01061392854899168,-0.012481519021093845,-0.015210526064038277,-0.007059943862259388,0.01892070472240448,0.0013705081073567271,-0.005597136449068785,0.008692923933267593,-0.0031651696190238,0.0,-0.0,0.0,-0.0,0.0,0.0,0.0,0.0,0.0,0.0,0.0,0.0,0.0,-0.0,0.0,-0.0,0.0,0.0,0.0,0.0,0.0,0.0,0.0,0.0,0.134965717792511,-0.15710830688476562,0.13928383588790894,-0.15407103300094604,0.13638877868652344,0.1497691422700882,0.13452383875846863,0.1492631733417511,0.134965717792511,-0.15710830688476562,0.13928383588790894,-0.15407103300094604,0.13638877868652344,0.1497691422700882,0.13452383875846863,0.1492631733417511,-0.0016772589879110456,-0.013852698728442192,0.019468417391180992,-0.017904143780469894,-0.0474177822470665,0.012228554114699364,-0.049882590770721436,0.04951764643192291,0.30000001192092896,0.30000001192092896,0.30000001192092896,0.30000001192092896,0.0,0.0,1.0,0.0,-0.0,1.0,-0.0,-0.9999998807907104,0.30000001192092896,0.30000001192092896,0.30000001192092896,0.30000001192092896
0.45,0,0.015337272547185421,-0.022904474288225174,0.005827965680509806,0.28216031193733215,0.0,0.04281143471598625,0.020724933594465256,0.0036294881720095873,1,1,1,1,10.17713451385498,3.8326568603515625,4.0276570320129395,10.581562042236328,10.17713451385498,3.8326568603515625,4.0276570320129395,10.581562042236328,0,0,0,0,0,0.9999995231628418,0.08016060292720795,-0.31815487146377563,0.07886599749326706,-0.3174399137496948,0.27113211154937744,0.04930020123720169,0.2716386020183563,0.04977027699351311,-0.2928112745285034,0.049493975937366486,-0.2937697470188141,0.04993797838687897,0.0,0.0,0.0,0.0,0.0,0.0,0.003648995654657483,-0.01966775953769684,0.016984403133392334,-0.009844126179814339,-0.013193187303841114,-0.016781168058514595,-0.006560612469911575,0.020528243854641914,0.0012608009856194258,-0.005348077043890953,0.006873607635498047,-0.0070533729158341885,0.0,-0.0,0.0,-0.0,0.0,0.0,0.0,0.0,0.0,0.0,0.0,0.0,0.0,-0.0,0.0,-0.0,0.0,0.0,0.0,0.0,0.0,0.0,0.0,0.0,0.134965717792511,-0.15710830688476562,0.13928383588790894,-0.15407103300094604,0.13638877868652344,0.1497691422700882,0.13452383875846863,0.1492631733417511,0.134965717792511,-0.15710830688476562,0.13928383588790894,-0.15407103300094604,0.13638877868652344,0.1497691422700882,0.13452383875846863,0.1492631733417511,-0.0016772589879110456,-0.013852698728442192,0.019468417391180992,-0.017904143780469894,-0.0474177822470665,0.012228554114699364,-0.049882590770721436,0.04951764643192291,0.30000001192092896,0.30000001192092896,0.30000001192092896,0.30000001192092896,0.0,0.0,1.0,0.0,-0.0,1.0,-0.0,-0.9999998807907104,0.30000001192092896,0.30000001192092896,0.30000001192092896,0.30000001192092896
0.4666666666666667,0,0.015566932037472725,-0.02288246713578701,0.0027885681483894587,0.2821389138698578,0.0,0.04072000831365585,0.020795553922653198,0.0036921785213053226,1,1,1,1,10.329472541809082,3.827765941619873,4.050465106964111,10.568912506103516,10.329472541809082,3.827765941619873,4.050465106964111,10.568912506103516,0,0,0,0,0,0.9999995231628418,0.08015661686658859,-0.3181591331958771,0.07886149734258652,-0.3174445331096649,0.2712968587875366,0.04932522773742676,0.27184775471687317,0.04979373887181282,-0.2925480902194977,0.049527693539857864,-0.29349514842033386,0.04995772987604141,0.0,0.0,0.0,0.0,0.0,0.0,-0.003186919027939439,-0.019493918865919113,0.014543580822646618,-0.010612078942358494,-0.012516104616224766,-0.01552782766520977,-0.007599584758281708,0.019554823637008667,0.0009800911648198962,-0.005549811292439699,0.007520953193306923,-0.004192971158772707,0.0,-0.0,0.0,-0.0,0.0,0.0,0.0,0.0,0.0,0.0,0.0,0.0,0.0,-0.0,0.0,-0.0,0.0,0.0,0.0,0.0,0.0,0.0,0.0,0.0,0.134965717792511,-0.15710830688476562,0.13928383588790894,-0.15407103300094604,0.13638877868652344,0.1497691422700882,0.13452383875846863,0.1492631733417511,0.134965717792511,-0.15710830688476562,0.13928383588790894,-0.15407103300094604,0.13638877868652344,0.1497691422700882,0.13452383875846863,0.1492631733417511,-0.0016772589879110456,-0.013852698728442192,0.019468417391180992,-0.017904143780469894,-0.0474177822470665,0.012228554114699364,-0.049882590770721436,0.04951764643192291,0.30000001192092896,0.30000001192092896,0.30000001192092896,0.30000001192092896,0.0,0.0,1.0,0.0,-0.0,1.0,-0.0,-0.9999998807907104,0.30000001192092896,0.30000001192092896,0.30000001192092896,0.30000001192092896
0.48333333333333334,0,0.015796411782503128,-0.02286899834871292,0.0031345845200121403,0.2821144759654999,0.0,0.04201080650091171,0.020688023418188095,0.0037508164532482624,1,1,1,1,10.327269554138184,3.77710223197937,4.017147541046143,10.615591049194336,10.327269554138184,3.77710223197937,4.017147541046143,10.615591049194336,0,0,0,0,0,0.9999995231628418,0.08015268296003342,-0.3181634843349457,0.07885687798261642,-0.3174492418766022,0.2714622914791107,0.049350786954164505,0.2720527946949005,0.0498163066804409,-0.292285680770874,0.049559928476810455,-0.2932215631008148,0.04997621104121208,0.0,0.0,0.0,0.0,0.0,0.0,-0.0029921720270067453,-0.020374096930027008,0.015217759646475315,-0.010352808982133865,-0.01261499896645546,-0.016487475484609604,-0.008224289864301682,0.02013232745230198,0.0012952210381627083,-0.005694801453500986,0.006598102860152721,-0.0045301285572350025,0.0,-0.0,0.0,-0.0,0.0,0.0,0.0,0.0,0.0,0.0,0.0,0.0,0.0,-0.0,0.0,-0.0,0.0,0.0,0.0,0.0,0.0,0.0,0.0,0.0,0.134965717792511,-0.15710830688476562,0.13928383588790894,-0.15407103300094604,0.13638877868652344,0.1497691422700882,0.13452383875846863,0.1492631733417511,0.134965717792511,-0.15710830688476562,0.13928383588790894,-0.15407103300094604,0.13638877868652344,0.1497691422700882,0.13452383875846863,0.1492631733417511,-0.0016772589879110456,-0.013852698728442192,0.019468417391180992,-0.017904143780469894,-0.0474177822470665,0.012228554114699364,-0.049882590770721436,0.04951764643192291,0.30000001192092896,0.30000001192092896,0.30000001192092896,0.30000001192092896,0.0,0.0,1.0,0.0,-0.0,1.0,-0.0,-0.9999998807907104,0.30000001192092896,0.30000001192092896,0.30000001192092896,0.30000001192092896
0.5,0,0.016034597530961037,-0.022852426394820213,0.004010581411421299,0.28208813071250916,0.0,0.04155993461608887,0.020830679684877396,0.003818090772256255,1,1,1,1,10.218354225158691,3.911592960357666,4.387474536895752,10.349945068359375,10.218354225158691,3.911592960357666,4.387474536895752,10.349945068359375,0,0,0,0,0,0.9999995231628418,0.08014889061450958,-0.31816771626472473,0.07885773479938507,-0.3174484968185425,0.27163299918174744,0.04937625676393509,0.2722628712654114,0.049839086830616,-0.2920158803462982,0.04959217831492424,-0.2929479777812958,0.049993883818387985,0.0,0.0,0.0,0.0,0.0,0.0,-0.0027277772314846516,-0.019985662773251534,0.014999262988567352,-0.01063388492912054,-0.012546040117740631,-0.016155371442437172,-0.00804859958589077,0.019806398078799248,0.001269875792786479,-0.005751598160713911,0.007151301484555006,-0.004582148510962725,0.0,-0.0,0.0,-0.0,0.0,0.0,0.0,0.0,0.0,0.0,0.0,0.0,0.0,-0.0,0.0,-0.0,0.0,0.0,0.0,0.0,0.0,0.0,0.0,0.0,0.134965717792511,-0.15710830688476562,0.13928383588790894,-0.15407103300094604,0.13638877868652344,0.1497691422700882,0.13452383875846863,0.1492631733417511,0.134965717792511,-0.15710830688476562,0.13928383588790894,-0.15407103300094604,0.13638877868652344,0.1497691422700882,0.13452383875846863,0.1492631733417511,-0.0016772589879110456,-0.013852698728442192,0.019468417391180992,-0.017904143780469894,-0.0474177822470665,0.012228554114699364,-0.049882590770721436,0.04951764643192291,0.30000001192092896,0.30000001192092896,0.30000001192092896,0.30000001192092896,0.0,0.0,1.0,0.0,-0.0,1.0,-0.0,-0.9999998807907104,0.30000001192092896,0.30000001192092896,0.30000001192092896,0.30000001192092896
0.5166666666666666,0,0.016262177377939224,-0.02283671498298645,0.0056429412215948105,0.28206557035446167,0.0,0.042177144438028336,0.020679980516433716,0.003868261119350791,1,1,1,1,10.227066993713379,3.9245779514312744,4.20029354095459,10.475908279418945,10.227066993713379,3.9245779514312744,4.20029354095459,10.475908279418945,0,0,0,0,0,0.9999995231628418,0.08014532178640366,-0.31817153096199036,0.07885109633207321,-0.3174552023410797,0.2717994749546051,0.049399975687265396,0.27246910333633423,0.04986024275422096,-0.29175302386283875,0.049620941281318665,-0.29267460107803345,0.050008099526166916,0.0,0.0,0.0,0.0,0.0,0.0,-0.004985866602510214,-0.02054455503821373,0.014828021638095379,-0.010952829383313656,-0.012547573074698448,-0.016456453129649162,-0.00833297148346901,0.01990210823714733,0.0010632899357005954,-0.0057615600526332855,0.007257385179400444,-0.0033696519676595926,0.0,-0.0,0.0,-0.0,0.0,0.0,0.0,0.0,0.0,0.0,0.0,0.0,0.0,-0.0,0.0,-0.0,0.0,0.0,0.0,0.0,0.0,0.0,0.0,0.0,0.134965717792511,-0.15710830688476562,0.13928383588790894,-0.15407103300094604,0.13638877868652344,0.1497691422700882,0.13452383875846863,0.1492631733417511,0.134965717792511,-0.15710830688476562,0.13928383588790894,-0.15407103300094604,0.13638877868652344,0.1497691422700882,0.13452383875846863,0.1492631733417511,-0.0016772589879110456,-0.013852698728442192,0.019468417391180992,-0.017904143780469894,-0.0474177822470665,0.012228554114699364,-0.049882590770721436,0.04951764643192291,0.30000001192092896,0.30000001192092896,0.30000001192092896,0.30000001192092896,0.0,0.0,1.0,0.0,-0.0,1.0,-0.0,-0.9999998807907104,0.30000001192092896,0.30000001192092896,0.30000001192092896,0.30000001192092896
0.5333333333333333,0,0.016496622934937477,-0.02281949855387211,0.003047659993171692,0.2820403575897217,0.0,0.04097118601202965,0.020752057433128357,0.0039169699884951115,1,1,1,1,10.288532257080078,3.8887715339660645,4.113819122314453,10.533864974975586,10.288532257080078,3.8887715339660645,4.113819122314453,10.533864974975586,0,0,0,0,0,0.9999995231628418,0.08014078438282013,-0.31817635893821716,0.0788465291261673,-0.3174598813056946,0.2719714939594269,0.049424733966588974,0.27267810702323914,0.04988003894686699,-0.2914900779724121,0.049649592489004135,-0.29239845275878906,0.05002212896943092,0.0,0.0,0.0,0.0,0.0,0.0,-0.003638505470007658,-0.01952396333217621,0.013426057994365692,-0.010537149384617805,-0.012540045194327831,-0.015277810394763947,-0.0077308774925768375,0.0206112302839756,0.000989980180747807,-0.006133288610726595,0.007758631836622953,-0.0043447124771773815,0.0,-0.0,0.0,-0.0,0.0,0.0,0.0,0.0,0.0,0.0,0.0,0.0,0.0,-0.0,0.0,-0.0,0.0,0.0,0.0,0.0,0.0,0.0,0.0,0.0,0.134965717792511,-0.15710830688476562,0.13928383588790894,-0.15407103300094604,0.13638877868652344,0.1497691422700882,0.13452383875846863,0.1492631733417511,0.134965717792511,-0.15710830688476562,0.13928383588790894,-0.15407103300094604,0.13638877868652344,0.1497691422700882,0.13452383875846863,0.1492631733417511,-0.0016772589879110456,-0.013852698728442192,0.019468417391180992,-0.017904143780469894,-0.0474177822470665,0.012228554114699364,-0.049882590770721436,0.04951764643192291,0.30000001192092896,0.30000001192092896,0.30000001192092896,0.30000001192092896,0.0,0.0,1.0,0.0,-0.0,1.0,-0.0,-0.9999998807907104,0.30000001192092896,0.30000001192092896,0.30000001192092896,0.30000001192092896
0.55,0,0.016727807000279427,-0.02280762791633606,0.0036854995414614677,0.2820153832435608,0.0,0.041719090193510056,0.02067003771662712,0.003969062119722366,1,1,1,1,10.193528175354004,3.8938863277435303,4.260622024536133,10.573785781860352,10.193528175354004,3.8938863277435303,4.260622024536133,10.573785781860352,0,0,0,0,0,0.9999995231628418,0.08013743162155151,-0.31818002462387085,0.07884223014116287,-0.3174644112586975,0.27214375138282776,0.04944891110062599,0.2728842794895172,0.049899108707904816,-0.2912285327911377,0.04967597872018814,-0.2921248972415924,0.050034962594509125,0.0,0.0,0.0,0.0,0.0,0.0,-0.003499788697808981,-0.02021663449704647,0.014488904736936092,-0.010119067505002022,-0.012476238422095776,-0.01645459420979023,-0.008283964358270168,0.020340152084827423,0.001448740833438933,-0.005941787268966436,0.006440962199121714,-0.004421756602823734,0.0,-0.0,0.0,-0.0,0.0,0.0,0.0,0.0,0.0,0.0,0.0,0.0,0.0,-0.0,0.0,-0.0,0.0,0.0,0.0,0.0,0.0,0.0,0.0,0.0,0.134965717792511,-0.15710830688476562,0.13928383588790894,-0.15407103300094604,0.13638877868652344,0.1497691422700882,0.13452383875846863,0.1492631733417511,0.134965717792511,-0.15710830688476562,0.13928383588790894,-0.15407103300094604,0.13638877868652344,0.1497691422700882,0.13452383875846863,0.1492631733417511,-0.0016772589879110456,-0.013852698728442192,0.019468417391180992,-0.017904143780469894,-0.0474177822470665,0.012228554114699364,-0.049882590770721436,0.04951764643192291,0.30000001192092896,0.30000001192092896,0.30000001192092896,0.30000001192092896,0.0,0.0,1.0,0.0,-0.0,1.0,-0.0,-0.9999998807907104,0.30000001192092896,0.30000001192092896,0.30000001192092896,0.30000001192092896
0.5666666666666667,0,0.01696714386343956,-0.02280815877020359,0.001433389843441546,0.28199154138565063,0.0,0.041855648159980774,0.02083098515868187,0.004018440376967192,1,1,1,1,10.408621788024902,3.727940797805786,3.9182136058807373,10.610980987548828,10.408621788024902,3.727940797805786,3.9182136058807373,10.610980987548828,0,0,0,0,0,0.9999995231628418,0.08013419806957245,-0.3181835412979126,0.07883849740028381,-0.3174682557582855,0.2723195254802704,0.049473054707050323,0.2730986475944519,0.04991792514920235,-0.29096391797065735,0.0497012697160244,-0.29183655977249146,0.050043296068906784,0.0,0.0,0.0,0.0,0.0,0.0,-0.0028751592617481947,-0.020425686612725258,0.014776482246816158,-0.010464527644217014,-0.012269645929336548,-0.016825081780552864,-0.008215519599616528,0.01999800279736519,0.0012850707862526178,-0.005677265580743551,0.006680313032120466,-0.004360887687653303,0.0,-0.0,0.0,-0.0,0.0,0.0,0.0,0.0,0.0,0.0,0.0,0.0,0.0,-0.0,0.0,-0.0,0.0,0.0,0.0,0.0,0.0,0.0,0.0,0.0,0.134965717792511,-0.15710830688476562,0.13928383588790894,-0.15407103300094604,0.13638877868652344,0.1497691422700882,0.13452383875846863,0.1492631733417511,0.134965717792511,-0.15710830688476562,0.13928383588790894,-0.15407103300094604,0.13638877868652344,0.1497691422700882,0.13452383875846863,0.1492631733417511,-0.0016772589879110456,-0.013852698728442192,0.019468417391180992,-0.017904143780469894,-0.0474177822470665,0.012228554114699364,-0.049882590770721436,0.04951764643192291,0.30000001192092896,0.30000001192092896,0.30000001192092896,0.30000001192092896,0.0,0.0,1.0,0.0,-0.0,1.0,-0.0,-0.9999998807907104,0.30000001192092896,0.30000001192092896,0.30000001192092896,0.30000001192092896
0.5833333333333334,0,0.017210310325026512,-0.022801576182246208,0.0017974530346691608,0.2819669246673584,0.0,0.04150150343775749,0.020791810005903244,0.004080960992723703,1,1,1,1,10.343146324157715,3.8774986267089844,4.302820682525635,10.365809440612793,10.343146324157715,3.8774986267089844,4.302820682525635,10.365809440612793,0,0,0,0,0,0.999999463558197,0.08013109862804413,-0.31818708777427673,0.07883943617343903,-0.31746742129325867,0.2724989354610443,0.049495819956064224,0.2733147144317627,0.049935534596443176,-0.29069480299949646,0.049726855009794235,-0.2915595769882202,0.050053421407938004,0.0,0.0,0.0,0.0,0.0,0.0,-0.0030566356144845486,-0.020063769072294235,0.014449292793869972,-0.011180183850228786,-0.012202822603285313,-0.016083726659417152,-0.007911862805485725,0.019664151594042778,0.0013492965372279286,-0.0058686742559075356,0.008182795718312263,-0.0040751611813902855,0.0,-0.0,0.0,-0.0,0.0,0.0,0.0,0.0,0.0,0.0,0.0,0.0,0.0,-0.0,0.0,-0.0,0.0,0.0,0.0,0.0,0.0,0.0,0.0,0.0,0.134965717792511,-0.15710830688476562,0.13928383588790894,-0.15407103300094604,0.13638877868652344,0.1497691422700882,0.13452383875846863,0.1492631733417511,0.134965717792511,-0.15710830688476562,0.13928383588790894,-0.15407103300094604,0.13638877868652344,0.1497691422700882,0.13452383875846863,0.1492631733417511,-0.0016772589879110456,-0.013852698728442192,0.019468417391180992,-0.017904143780469894,-0.0474177822470665,0.012228554114699364,-0.049882590770721436,0.04951764643192291,0.30000001192092896,0.30000001192092896,0.30000001192092896,0.30000001192092896,0.0,0.0,1.0,0.0,-0.0,1.0,-0.0,-0.9999998807907104,0.30000001192092896,0.30000001192092896,0.30000001192092896,0.30000001192092896
0.6,0,0.017435800284147263,-0.022796379402279854,0.0018285491969436407,0.28194791078567505,0.0,0.042899444699287415,0.020681004971265793,0.004131522960960865,1,1,1,1,10.126166343688965,4.0218424797058105,4.251471996307373,10.342216491699219,10.126166343688965,4.0218424797058105,4.251471996307373,10.342216491699219,0,0,0,0,0,0.999999463558197,0.08012823015451431,-0.31819018721580505,0.07883168756961823,-0.317475289106369,0.2726677656173706,0.04951734468340874,0.2735224664211273,0.049952346831560135,-0.2904347777366638,0.04974789172410965,-0.291287899017334,0.050060078501701355,0.0,0.0,0.0,0.0,0.0,0.0,-0.000635522126685828,-0.020820442587137222,0.016020970419049263,-0.010625205934047699,-0.012351361103355885,-0.017642779275774956,-0.00775938481092453,0.020095249637961388,0.0013441749615594745,-0.005547283682972193,0.007255134638398886,-0.0048820083029568195,0.0,-0.0,0.0,-0.0,0.0,0.0,0.0,0.0,0.0,0.0,0.0,0.0,0.0,-0.0,0.0,-0.0,0.0,0.0,0.0,0.0,0.0,0.0,0.0,0.0,0.134965717792511,-0.15710830688476562,0.13928383588790894,-0.15407103300094604,0.13638877868652344,0.1497691422700882,0.13452383875846863,0.1492631733417511,0.134965717792511,-0.15710830688476562,0.13928383588790894,-0.15407103300094604,0.13638877868652344,0.1497691422700882,0.13452383875846863,0.1492631733417511,-0.0016772589879110456,-0.013852698728442192,0.019468417391180992,-0.017904143780469894,-0.0474177822470665,0.012228554114699364,-0.049882590770721436,0.04951764643192291,0.30000001192092896,0.30000001192092896,0.30000001192092896,0.30000001192092896,0.0,0.0,1.0,0.0,-0.0,1.0,-0.0,-0.9999998807907104,0.30000001192092896,0.30000001192092896,0.30000001192092896,0.30000001192092896
0.6166666666666667,0,0.01767772063612938,-0.02280297689139843,-0.0006961732869967818,0.28192511200904846,0.0,0.04173966124653816,0.020837120711803436,0.004181750118732452,1,1,1,1,10.4282808303833,3.708050012588501,3.8171889781951904,10.654077529907227,10.4282808303833,3.708050012588501,3.8171889781951904,10.654077529907227,0,0,0,0,0,0.999999463558197,0.08012525737285614,-0.3181934356689453,0.07882783561944962,-0.3174792528152466,0.272848516702652,0.049540042877197266,0.2737390995025635,0.04996837303042412,-0.290172278881073,0.04976847395300865,-0.2910098135471344,0.05006488040089607,0.0,0.0,0.0,0.0,0.0,0.0,-0.0035966779105365276,-0.020500779151916504,0.013306877575814724,-0.010946545749902725,-0.012158187106251717,-0.01575613021850586,-0.00832981988787651,0.020853672176599503,0.0007105485419742763,-0.005824883468449116,0.007670769467949867,-0.004297430161386728,0.0,-0.0,0.0,-0.0,0.0,0.0,0.0,0.0,0.0,0.0,0.0,0.0,0.0,-0.0,0.0,-0.0,0.0,0.0,0.0,0.0,0.0,0.0,0.0,0.0,0.134965717792511,-0.15710830688476562,0.13928383588790894,-0.15407103300094604,0.13638877868652344,0.1497691422700882,0.13452383875846863,0.1492631733417511,0.134965717792511,-0.15710830688476562,0.13928383588790894,-0.15407103300094604,0.13638877868652344,0.1497691422700882,0.13452383875846863,0.1492631733417511,-0.0016772589879110456,-0.013852698728442192,0.019468417391180992,-0.017904143780469894,-0.0474177822470665,0.012228554114699364,-0.049882590770721436,0.04951764643192291,0.30000001192092896,0.30000001192092896,0.30000001192092896,0.30000001192092896,0.0,0.0,1.0,0.0,-0.0,1.0,-0.0,-0.9999998807907104,0.30000001192092896,0.30000001192092896,0.30000001192092896,0.30000001192092896
0.6333333333333333,0,0.017918173223733902,-0.02281055971980095,-0.002010081894695759,0.28190457820892334,0.0,0.043382804840803146,0.020747952163219452,0.004232794512063265,1,1,1,1,10.4172945022583,3.7399275302886963,3.8849644660949707,10.621580123901367,10.4172945022583,3.7399275302886963,3.8849644660949707,10.621580123901367,0,0,0,0,0,0.9999994039535522,0.0801229327917099,-0.31819605827331543,0.07882355153560638,-0.3174836039543152,0.2730276882648468,0.0495612733066082,0.27395695447921753,0.049982987344264984,-0.28991013765335083,0.04978873208165169,-0.29073238372802734,0.05006888508796692,0.0,0.0,0.0,0.0,0.0,0.0,-0.0019119700882583857,-0.021682338789105415,0.015263157896697521,-0.010637843050062656,-0.012374046258628368,-0.017535025253891945,-0.008739843964576721,0.020682254806160927,0.0012802423443645239,-0.005495133809745312,0.006482682190835476,-0.004854430444538593,0.0,-0.0,0.0,-0.0,0.0,0.0,0.0,0.0,0.0,0.0,0.0,0.0,0.0,-0.0,0.0,-0.0,0.0,0.0,0.0,0.0,0.0,0.0,0.0,0.0,0.134965717792511,-0.15710830688476562,0.13928383588790894,-0.15407103300094604,0.13638877868652344,0.1497691422700882,0.13452383875846863,0.1492631733417511,0.134965717792511,-0.15710830688476562,0.13928383588790894,-0.15407103300094604,0.13638877868652344,0.1497691422700882,0.13452383875846863,0.1492631733417511,-0.0016772589879110456,-0.013852698728442192,0.019468417391180992,-0.017904143780469894,-0.0474177822470665,0.012228554114699364,-0.049882590770721436,0.04951764643192291,0.30000001192092896,0.30000001192092896,0.30000001192092896,0.30000001192092896,0.0,0.0,1.0,0.0,-0.0,1.0,-0.0,-0.9999998807907104,0.30000001192092896,0.30000001192092896,0.30000001192092896,0.30000001192092896
0.65,0,0.018162256106734276,-0.022812020033597946,-0.0034965763334184885,0.2818816304206848,0.0,0.04369723051786423,0.020844489336013794,0.004290284123271704,1,1,1,1,10.371542930603027,3.9234840869903564,4.144803047180176,10.41141128540039,10.371542930603027,3.9234840869903564,4.144803047180176,10.41141128540039,0,0,0,0,0,0.9999994039535522,0.08011730015277863,-0.31820207834243774,0.07882529497146606,-0.317482054233551,0.2732211649417877,0.04958411678671837,0.2741750478744507,0.049997929483652115,-0.28964197635650635,0.04980767145752907,-0.2904590666294098,0.05007301643490791,0.0,0.0,0.0,0.0,0.0,0.0,-0.0013235112419351935,-0.02187023125588894,0.01511190552264452,-0.0110141197219491,-0.012600674293935299,-0.017279697582125664,-0.00887136161327362,0.020803695544600487,0.0009779901010915637,-0.005366696044802666,0.007345499936491251,-0.005209080874919891,0.0,-0.0,0.0,-0.0,0.0,0.0,0.0,0.0,0.0,0.0,0.0,0.0,0.0,-0.0,0.0,-0.0,0.0,0.0,0.0,0.0,0.0,0.0,0.0,0.0,0.134965717792511,-0.15710830688476562,0.13928383588790894,-0.15407103300094604,0.13638877868652344,0.1497691422700882,0.13452383875846863,0.1492631733417511,0.134965717792511,-0.15710830688476562,0.13928383588790894,-0.15407103300094604,0.13638877868652344,0.1497691422700882,0.13452383875846863,0.1492631733417511,-0.0016772589879110456,-0.013852698728442192,0.019468417391180992,-0.017904143780469894,-0.0474177822470665,0.012228554114699364,-0.049882590770721436,0.04951764643192291,0.30000001192092896,0.30000001192092896,0.30000001192092896,0.30000001192092896,0.0,0.0,1.0,0.0,-0.0,1.0,-0.0,-0.9999998807907104,0.30000001192092896,0.30000001192092896,0.30000001192092896,0.30000001192092896
0.6666666666666666,0,0.018394555896520615,-0.0228201225399971,-0.003488103160634637,0.28184664249420166,0.0,0.04392426088452339,0.02066756784915924,0.004338884726166725,1,1,1,1,10.280943870544434,3.936391830444336,4.123769283294678,10.501782417297363,10.280943870544434,3.936391830444336,4.123769283294678,10.501782417297363,0,0,0,0,0,0.9999994039535522,0.08011288940906525,-0.3182065784931183,0.07881908863782883,-0.31748834252357483,0.27340251207351685,0.049605488777160645,0.27437064051628113,0.05000748485326767,-0.2893819212913513,0.04982338845729828,-0.2901856005191803,0.05007383972406387,0.0,0.0,0.0,0.0,0.0,0.0,-0.002490672981366515,-0.021594339981675148,0.01515633799135685,-0.01123459916561842,-0.012713340111076832,-0.017530836164951324,-0.009408223442733288,0.020852768793702126,0.0009137048036791384,-0.005897992756217718,0.006785434205085039,-0.0051880525425076485,0.0,-0.0,0.0,-0.0,0.0,0.0,0.0,0.0,0.0,0.0,0.0,0.0,0.0,-0.0,0.0,-0.0,0.0,0.0,0.0,0.0,0.0,0.0,0.0,0.0,0.134965717792511,-0.15710830688476562,0.13928383588790894,-0.15407103300094604,0.13638877868652344,0.1497691422700882,0.13452383875846863,0.1492631733417511,0.134965717792511,-0.15710830688476562,0.13928383588790894,-0.15407103300094604,0.13638877868652344,0.1497691422700882,0.13452383875846863,0.1492631733417511,-0.0016772589879110456,-0.013852698728442192,0.019468417391180992,-0.017904143780469894,-0.0474177822470665,0.012228554114699364,-0.049882590770721436,0.04951764643192291,0.30000001192092896,0.30000001192092896,0.30000001192092896,0.30000001192092896,0.0,0.0,1.0,0.0,-0.0,1.0,-0.0,-0.9999998807907104,0.30000001192092896,0.30000001192092896,0.30000001192092896,0.30000001192092896
0.6833333333333333,0,0.018631581217050552,-0.02282310649752617,-0.0012468836503103375,0.28182756900787354,0.0,0.04380431026220322,0.020676665008068085,0.004377751611173153,1,1,1,1,10.427335739135742,3.829707384109497,3.958341121673584,10.602070808410645,10.427335739135742,3.829707384109497,3.958341121673584,10.602070808410645,0,0,0,0,0,0.9999994039535522,0.08011127263307571,-0.3182084560394287,0.07881508767604828,-0.31749242544174194,0.27358776330947876,0.04962419718503952,0.27458783984184265,0.05002338066697121,-0.2891227900981903,0.04983929917216301,-0.2899097204208374,0.050073787569999695,0.0,0.0,0.0,0.0,0.0,0.0,-0.002339177066460252,-0.021174604073166847,0.013924084603786469,-0.011157134547829628,-0.012894697487354279,-0.015974896028637886,-0.009936421178281307,0.022072985768318176,0.0009747875155881047,-0.0064596799202263355,0.007552234455943108,-0.006283830851316452,0.0,-0.0,0.0,-0.0,0.0,0.0,0.0,0.0,0.0,0.0,0.0,0.0,0.0,-0.0,0.0,-0.0,0.0,0.0,0.0,0.0,0.0,0.0,0.0,0.0,0.134965717792511,-0.15710830688476562,0.13928383588790894,-0.15407103300094604,0.13638877868652344,0.1497691422700882,0.13452383875846863,0.1492631733417511,0.134965717792511,-0.15710830688476562,0.13928383588790894,-0.15407103300094604,0.13638877868652344,0.1497691422700882,0.13452383875846863,0.1492631733417511,-0.0016772589879110456,-0.013852698728442192,0.019468417391180992,-0.017904143780469894,-0.0474177822470665,0.012228554114699364,-0.049882590770721436,0.04951764643192291,0.30000001192092896,0.30000001192092896,0.30000001192092896,0.30000001192092896,0.0,0.0,1.0,0.0,-0.0,1.0,-0.0,-0.9999998807907104,0.30000001192092896,0.30000001192092896,0.30000001192092896,0.30000001192092896
0.7,0,0.018873224034905434,-0.022840606048703194,-0.001570901949889958,0.2818072736263275,0.0,0.04290805757045746,0.020691387355327606,0.004425265826284885,1,1,1,1,10.480517387390137,3.776002883911133,3.7495617866516113,10.6643705368042,10.480517387390137,3.776002883911133,3.7495617866516113,10.6643705368042,0,0,0,0,0,0.9999994039535522,0.08010793477296829,-0.31821203231811523,0.07881136983633041,-0.3174963593482971,0.2737742066383362,0.0496453195810318,0.2748070955276489,0.05003504082560539,-0.2888606786727905,0.049852773547172546,-0.28962233662605286,0.050070032477378845,0.0,0.0,0.0,0.0,0.0,0.0,-0.00261227716691792,-0.021164653822779655,0.014707238413393497,-0.010654544457793236,-0.012014906853437424,-0.01767617091536522,-0.008795193396508694,0.020560478791594505,0.001515750540420413,-0.005894563626497984,0.0063678366132080555,-0.004693211056292057,0.0,-0.0,0.0,-0.0,0.0,0.0,0.0,0.0,0.0,0.0,0.0,0.0,0.0,-0.0,0.0,-0.0,0.0,0.0,0.0,0.0,0.0,0.0,0.0,0.0,0.134965717792511,-0.15710830688476562,0.13928383588790894,-0.15407103300094604,0.13638877868652344,0.1497691422700882,0.13452383875846863,0.1492631733417511,0.134965717792511,-0.15710830688476562,0.13928383588790894,-0.15407103300094604,0.13638877868652344,0.1497691422700882,0.13452383875846863,0.1492631733417511,-0.0016772589879110456,-0.013852698728442192,0.019468417391180992,-0.017904143780469894,-0.0474177822470665,0.012228554114699364,-0.049882590770721436,0.04951764643192291,0.30000001192092896,0.30000001192092896,0.30000001192092896,0.30000001192092896,0.0,0.0,1.0,0.0,-0.0,1.0,-0.0,-0.9999998807907104,0.30000001192092896,0.30000001192092896,0.30000001192092896,0.30000001192092896
0.7166666666666667,0,0.019117172807455063,-0.02285122498869896,-0.006403517443686724,0.2817876935005188,0.0,0.041681233793497086,0.020764481276273727,0.004486050922423601,1,1,1,1,10.417806625366211,3.9801461696624756,3.7553913593292236,10.590466499328613,10.417806625366211,3.9801461696624756,3.7553913593292236,10.590466499328613,0,0,0,0,0,0.9999994039535522,0.08010446280241013,-0.31821581721305847,0.07880851626396179,-0.3174993097782135,0.27396318316459656,0.04966423660516739,0.2750292122364044,0.05004560574889183,-0.2885919511318207,0.049865759909152985,-0.2893442213535309,0.05006645992398262,0.0,0.0,0.0,0.0,0.0,0.0,-0.005695589818060398,-0.01936662197113037,0.011728263460099697,-0.010166497901082039,-0.012086513452231884,-0.01512788888067007,-0.007545091677457094,0.023040156811475754,0.0014282832853496075,-0.00771636888384819,0.006812754087150097,-0.004266088828444481,0.0,-0.0,0.0,-0.0,0.0,0.0,0.0,0.0,0.0,0.0,0.0,0.0,0.0,-0.0,0.0,-0.0,0.0,0.0,0.0,0.0,0.0,0.0,0.0,0.0,0.134965717792511,-0.15710830688476562,0.13928383588790894,-0.15407103300094604,0.13638877868652344,0.1497691422700882,0.13452383875846863,0.1492631733417511,0.134965717792511,-0.15710830688476562,0.13928383588790894,-0.15407103300094604,0.13638877868652344,0.1497691422700882,0.13452383875846863,0.1492631733417511,-0.0016772589879110456,-0.013852698728442192,0.019468417391180992,-0.017904143780469894,-0.0474177822470665,0.012228554114699364,-0.049882590770721436,0.04951764643192291,0.30000001192092896,0.30000001192092896,0.30000001192092896,0.30000001192092896,0.0,0.0,1.0,0.0,-0.0,1.0,-0.0,-0.9999998807907104,0.30000001192092896,0.30000001192092896,0.30000001192092896,0.30000001192092896
0.7333333333333333,0,0.019347352907061577,-0.022857682779431343,-0.005059245973825455,0.2817578613758087,0.0,0.04245983064174652,0.020655173808336258,0.004537493921816349,1,1,1,1,10.289580345153809,3.93170428276062,4.08925724029541,10.479618072509766,10.289580345153809,3.93170428276062,4.08925724029541,10.479618072509766,0,0,0,0,0,0.9999994039535522,0.08009955286979675,-0.31822094321250916,0.07880476862192154,-0.3175031542778015,0.27414777874946594,0.04968314617872238,0.2752280831336975,0.05005169287323952,-0.28833481669425964,0.049876417964696884,-0.2890735864639282,0.05006203055381775,0.0,0.0,0.0,0.0,0.0,0.0,-0.004243071656674147,-0.02062765322625637,0.013932477682828903,-0.011828719638288021,-0.011908972635865211,-0.01667141169309616,-0.009366978891193867,0.0199540164321661,0.0011777764884755015,-0.006300474517047405,0.007782116997987032,-0.00424190005287528,0.0,-0.0,0.0,-0.0,0.0,0.0,0.0,0.0,0.0,0.0,0.0,0.0,0.0,-0.0,0.0,-0.0,0.0,0.0,0.0,0.0,0.0,0.0,0.0,0.0,0.134965717792511,-0.15710830688476562,0.13928383588790894,-0.15407103300094604,0.13638877868652344,0.1497691422700882,0.13452383875846863,0.1492631733417511,0.134965717792511,-0.15710830688476562,0.13928383588790894,-0.15407103300094604,0.13638877868652344,0.1497691422700882,0.13452383875846863,0.1492631733417511,-0.0016772589879110456,-0.013852698728442192,0.019468417391180992,-0.017904143780469894,-0.0474177822470665,0.012228554114699364,-0.049882590770721436,0.04951764643192291,0.30000001192092896,0.30000001192092896,0.30000001192092896,0.30000001192092896,0.0,0.0,1.0,0.0,-0.0,1.0,-0.0,-0.9999998807907104,0.30000001192092896,0.30000001192092896,0.30000001192092896,0.30000001192092896
0.75,0,0.019588235765695572,-0.022872231900691986,-0.0033212515991181135,0.28173837065696716,0.0,0.04433858022093773,0.02072906121611595,0.004572680685669184,1,1,1,1,10.407952308654785,3.8984618186950684,3.8543667793273926,10.60055923461914,10.407952308654785,3.8984618186950684,3.8543667793273926,10.60055923461914,0,0,0,0,0,0.9999994039535522,0.08009742200374603,-0.31822317838668823,0.07880210876464844,-0.31750595569610596,0.27433881163597107,0.049699872732162476,0.2754473090171814,0.05006314814090729,-0.28807586431503296,0.049885764718055725,-0.2887958288192749,0.05005514249205589,0.0,0.0,0.0,0.0,0.0,0.0,-0.0027658792678266764,-0.02175752818584442,0.014225841499865055,-0.011534644290804863,-0.013007068075239658,-0.01656121201813221,-0.009743629023432732,0.02184678427875042,0.0011173251550644636,-0.0063444203697144985,0.00797967053949833,-0.005347335245460272,0.0,-0.0,0.0,-0.0,0.0,0.0,0.0,0.0,0.0,0.0,0.0,0.0,0.0,-0.0,0.0,-0.0,0.0,0.0,0.0,0.0,0.0,0.0,0.0,0.0,0.134965717792511,-0.15710830688476562,0.13928383588790894,-0.15407103300094604,0.13638877868652344,0.1497691422700882,0.13452383875846863,0.1492631733417511,0.134965717792511,-0.15710830688476562,0.13928383588790894,-0.15407103300094604,0.13638877868652344,0.1497691422700882,0.13452383875846863,0.1492631733417511,-0.0016772589879110456,-0.013852698728442192,0.019468417391180992,-0.017904143780469894,-0.0474177822470665,0.012228554114699364,-0.049882590770721436,0.04951764643192291,0.30000001192092896,0.30000001192092896,0.30000001192092896,0.30000001192092896,0.0,0.0,1.0,0.0,-0.0,1.0,-0.0,-0.9999998807907104,0.30000001192092896,0.30000001192092896,0.30000001192092896,0.30000001192092896
0.7666666666666666,0,0.01983611099421978,-0.02289045974612236,-0.0021612774580717087,0.2817201316356659,0.0,0.04213970899581909,0.020856741815805435,0.004627116024494171,1,1,1,1,10.520585060119629,3.8165154457092285,3.801992654800415,10.616735458374023,10.520585060119629,3.8165154457092285,3.801992654800415,10.616735458374023,0,0,0,0,0,0.9999993443489075,0.08009413629770279,-0.31822681427001953,0.07879965007305145,-0.3175085186958313,0.27453237771987915,0.04971746355295181,0.2756737470626831,0.05007161572575569,-0.28780776262283325,0.04989374801516533,-0.2885167598724365,0.05004642903804779,0.0,0.0,0.0,0.0,0.0,0.0,-0.0040700482204556465,-0.020072389394044876,0.012648047879338264,-0.010258827358484268,-0.011801823042333126,-0.016228340566158295,-0.0077955336309969425,0.022592751309275627,0.001661623828113079,-0.0072099678218364716,0.006449251435697079,-0.004570554010570049,0.0,-0.0,0.0,-0.0,0.0,0.0,0.0,0.0,0.0,0.0,0.0,0.0,0.0,-0.0,0.0,-0.0,0.0,0.0,0.0,0.0,0.0,0.0,0.0,0.0,0.134965717792511,-0.15710830688476562,0.13928383588790894,-0.15407103300094604,0.13638877868652344,0.1497691422700882,0.13452383875846863,0.1492631733417511,0.134965717792511,-0.15710830688476562,0.13928383588790894,-0.15407103300094604,0.13638877868652344,0.1497691422700882,0.13452383875846863,0.1492631733417511,-0.0016772589879110456,-0.013852698728442192,0.019468417391180992,-0.017904143780469894,-0.0474177822470665,0.012228554114699364,-0.049882590770721436,0.04951764643192291,0.30000001192092896,0.30000001192092896,0.30000001192092896,0.30000001192092896,0.0,0.0,1.0,0.0,-0.0,1.0,-0.0,-0.9999998807907104,0.30000001192092896,0.30000001192092896,0.30000001192092896,0.30000001192092896
0.7833333333333333,0,0.020077792927622795,-0.022904718294739723,-0.0036834010388702154,0.2817017138004303,0.0,0.04263634234666824,0.02070729061961174,0.004673682153224945,1,1,1,1,10.508318901062012,3.8186306953430176,3.7832939624786377,10.57953929901123,10.508318901062012,3.8186306953430176,3.7832939624786377,10.57953929901123,0,0,0,0,0,0.9999993443489075,0.08009083569049835,-0.31823036074638367,0.07879650592803955,-0.31751173734664917,0.2747249901294708,0.049733761698007584,0.2758948504924774,0.050077516585588455,-0.2875472605228424,0.049900855869054794,-0.2882387042045593,0.050036922097206116,0.0,0.0,0.0,0.0,0.0,0.0,-0.0010855754371732473,-0.02136985771358013,0.014934329316020012,-0.011673316359519958,-0.01151311956346035,-0.017411209642887115,-0.008646939881145954,0.019092107191681862,0.0010316948173567653,-0.004981385078281164,0.00905449315905571,-0.004226726479828358,0.0,-0.0,0.0,-0.0,0.0,0.0,0.0,0.0,0.0,0.0,0.0,0.0,0.0,-0.0,0.0,-0.0,0.0,0.0,0.0,0.0,0.0,0.0,0.0,0.0,0.134965717792511,-0.15710830688476562,0.13928383588790894,-0.15407103300094604,0.13638877868652344,0.1497691422700882,0.13452383875846863,0.1492631733417511,0.134965717792511,-0.15710830688476562,0.13928383588790894,-0.15407103300094604,0.13638877868652344,0.1497691422700882,0.13452383875846863,0.1492631733417511,-0.0016772589879110456,-0.013852698728442192,0.019468417391180992,-0.017904143780469894,-0.0474177822470665,0.012228554114699364,-0.049882590770721436,0.04951764643192291,0.30000001192092896,0.30000001192092896,0.30000001192092896,0.30000001192092896,0.0,0.0,1.0,0.0,-0.0,1.0,-0.0,-0.9999998807907104,0.30000001192092896,0.30000001192092896,0.30000001192092896,0.30000001192092896
0.8,0,0.02032119780778885,-0.02292165346443653,-0.0037299690302461386,0.28168633580207825,0.0,0.043486446142196655,0.02072763442993164,0.004721889737993479,1,1,1,1,10.400141716003418,3.9604249000549316,3.8048088550567627,10.58030891418457,10.400141716003418,3.9604249000549316,3.8048088550567627,10.58030891418457,0,0,0,0,0,0.9999993443489075,0.08008737117052078,-0.3182341158390045,0.07879260182380676,-0.3175157904624939,0.2749200761318207,0.04974967986345291,0.276120662689209,0.05008275806903839,-0.2872869074344635,0.049906175583601,-0.2879607379436493,0.050025250762701035,0.0,0.0,0.0,0.0,0.0,0.0,-0.0010473438305780292,-0.021567929536104202,0.014649034477770329,-0.010981694795191288,-0.011799241416156292,-0.018041320145130157,-0.008959425613284111,0.021040190011262894,0.001012164750136435,-0.00574609637260437,0.006202628370374441,-0.005423986352980137,0.0,-0.0,0.0,-0.0,0.0,0.0,0.0,0.0,0.0,0.0,0.0,0.0,0.0,-0.0,0.0,-0.0,0.0,0.0,0.0,0.0,0.0,0.0,0.0,0.0,0.134965717792511,-0.15710830688476562,0.13928383588790894,-0.15407103300094604,0.13638877868652344,0.1497691422700882,0.13452383875846863,0.1492631733417511,0.134965717792511,-0.15710830688476562,0.13928383588790894,-0.15407103300094604,0.13638877868652344,0.1497691422700882,0.13452383875846863,0.1492631733417511,-0.0016772589879110456,-0.013852698728442192,0.019468417391180992,-0.017904143780469894,-0.0474177822470665,0.012228554114699364,-0.049882590770721436,0.04951764643192291,0.30000001192092896,0.30000001192092896,0.30000001192092896,0.30000001192092896,0.0,0.0,1.0,0.0,-0.0,1.0,-0.0,-0.9999998807907104,0.30000001192092896,0.30000001192092896,0.30000001192092896,0.30000001192092896
0.8166666666666667,0,0.0205686092376709,-0.022938033565878868,-0.007961874827742577,0.28166866302490234,0.0,0.04290787875652313,0.02089085802435875,0.004780883435159922,1,1,1,1,10.499463081359863,3.8700175285339355,3.7016279697418213,10.573201179504395,10.499463081359863,3.8700175285339355,3.7016279697418213,10.573201179504395,0,0,0,0,0,0.9999993443489075,0.08008383214473724,-0.318237841129303,0.07878921926021576,-0.31751930713653564,0.27511733770370483,0.04976518452167511,0.2763480842113495,0.050086814910173416,-0.2870182693004608,0.049911316484212875,-0.28767919540405273,0.050011374056339264,0.0,0.0,0.0,0.0,0.0,0.0,-0.004504835698753595,-0.02002618834376335,0.011857426725327969,-0.009296456351876259,-0.012012752704322338,-0.015998078510165215,-0.007798588834702969,0.024702582508325577,0.0013420580653473735,-0.0080329030752182,0.005200840067118406,-0.005297534167766571,0.0,-0.0,0.0,-0.0,0.0,0.0,0.0,0.0,0.0,0.0,0.0,0.0,0.0,-0.0,0.0,-0.0,0.0,0.0,0.0,0.0,0.0,0.0,0.0,0.0,0.134965717792511,-0.15710830688476562,0.13928383588790894,-0.15407103300094604,0.13638877868652344,0.1497691422700882,0.13452383875846863,0.1492631733417511,0.134965717792511,-0.15710830688476562,0.13928383588790894,-0.15407103300094604,0.13638877868652344,0.1497691422700882,0.13452383875846863,0.1492631733417511,-0.0016772589879110456,-0.013852698728442192,0.019468417391180992,-0.017904143780469894,-0.0474177822470665,0.012228554114699364,-0.049882590770721436,0.04951764643192291,0.30000001192092896,0.30000001192092896,0.30000001192092896,0.30000001192092896,0.0,0.0,1.0,0.0,-0.0,1.0,-0.0,-0.9999998807907104,0.30000001192092896,0.30000001192092896,0.30000001192092896,0.30000001192092896
0.8333333333333334,0,0.02080141194164753,-0.022955194115638733,-0.003706548595800996,0.28163278102874756,0.0,0.043859075754880905,0.020711049437522888,0.004828780423849821,1,1,1,1,10.436369895935059,3.881629705429077,3.9384043216705322,10.543525695800781,10.436369895935059,3.881629705429077,3.9384043216705322,10.543525695800781,0,0,0,0,0,0.9999993443489075,0.08008076250553131,-0.3182409703731537,0.07878641039133072,-0.317522257566452,0.27531006932258606,0.04978005960583687,0.27654263377189636,0.050088070333004,-0.2867608368396759,0.04991399496793747,-0.28740689158439636,0.049998119473457336,0.0,0.0,0.0,0.0,0.0,0.0,-0.0015643927035853267,-0.021984845399856567,0.014768620021641254,-0.012101438827812672,-0.011802189983427525,-0.017222188413143158,-0.010095519945025444,0.02003452554345131,0.0009273693431168795,-0.005409514997154474,0.008751959539949894,-0.005231061950325966,0.0,-0.0,0.0,-0.0,0.0,0.0,0.0,0.0,0.0,0.0,0.0,0.0,0.0,-0.0,0.0,-0.0,0.0,0.0,0.0,0.0,0.0,0.0,0.0,0.0,0.134965717792511,-0.15710830688476562,0.13928383588790894,-0.15407103300094604,0.13638877868652344,0.1497691422700882,0.13452383875846863,0.1492631733417511,0.134965717792511,-0.15710830688476562,0.13928383588790894,-0.15407103300094604,0.13638877868652344,0.1497691422700882,0.13452383875846863,0.1492631733417511,-0.0016772589879110456,-0.013852698728442192,0.019468417391180992,-0.017904143780469894,-0.0474177822470665,0.012228554114699364,-0.049882590770721436,0.04951764643192291,0.30000001192092896,0.30000001192092896,0.30000001192092896,0.30000001192092896,0.0,0.0,1.0,0.0,-0.0,1.0,-0.0,-0.9999998807907104,0.30000001192092896,0.30000001192092896,0.30000001192092896,0.30000001192092896
0.85,0,0.021037045866250992,-0.022961987182497978,-0.003836381481960416,0.2816193103790283,0.0,0.04240812361240387,0.020575448870658875,0.004871207755059004,1,1,1,1,10.327409744262695,4.053600788116455,3.853309392929077,10.4649658203125,10.327409744262695,4.053600788116455,3.853309392929077,10.4649658203125,0,0,0,0,0,0.9999993443489075,0.080077163875103,-0.3182448148727417,0.07878204435110092,-0.31752678751945496,0.2755056321620941,0.04979220777750015,0.2767653167247772,0.050092920660972595,-0.28650400042533875,0.049915023148059845,-0.28712350130081177,0.04998014494776726,0.0,0.0,0.0,0.0,0.0,0.0,-0.0035236761905252934,-0.02025001123547554,0.013683789409697056,-0.011705462820827961,-0.011894740164279938,-0.016984106972813606,-0.009205996058881283,0.020475955680012703,0.0005970228230580688,-0.006581490393728018,0.007026446517556906,-0.0049701533280313015,0.0,-0.0,0.0,-0.0,0.0,0.0,0.0,0.0,0.0,0.0,0.0,0.0,0.0,-0.0,0.0,-0.0,0.0,0.0,0.0,0.0,0.0,0.0,0.0,0.0,0.134965717792511,-0.15710830688476562,0.13928383588790894,-0.15407103300094604,0.13638877868652344,0.1497691422700882,0.13452383875846863,0.1492631733417511,0.134965717792511,-0.15710830688476562,0.13928383588790894,-0.15407103300094604,0.13638877868652344,0.1497691422700882,0.13452383875846863,0.1492631733417511,-0.0016772589879110456,-0.013852698728442192,0.019468417391180992,-0.017904143780469894,-0.0474177822470665,0.012228554114699364,-0.049882590770721436,0.04951764643192291,0.30000001192092896,0.30000001192092896,0.30000001192092896,0.30000001192092896,0.0,0.0,1.0,0.0,-0.0,1.0,-0.0,-0.9999998807907104,0.30000001192092896,0.30000001192092896,0.30000001192092896,0.30000001192092896
0.8666666666666667,0,0.02128910832107067,-0.022992514073848724,-0.01035342738032341,0.28160279989242554,0.0,0.04381523281335831,0.020872611552476883,0.004920533392578363,1,1,1,1,10.893919944763184,3.544738292694092,3.4179091453552246,10.844242095947266,10.893919944763184,3.544738292694092,3.4179091453552246,10.844242095947266,0,0,0,0,0,0.9999993443489075,0.08007415384054184,-0.31824812293052673,0.07878214120864868,-0.3175267279148102,0.2757077217102051,0.049805428832769394,0.2769956588745117,0.0500941127538681,-0.28623542189598083,0.04991321265697479,-0.2868534326553345,0.049962423741817474,0.0,0.0,0.0,0.0,0.0,0.0,-0.002896019257605076,-0.02025814726948738,0.012127910740673542,-0.008600345812737942,-0.01166595984250307,-0.01681450568139553,-0.007405915763229132,0.026057537645101547,0.0019304357701912522,-0.008349448442459106,0.003835262032225728,-0.006255291868001223,0.0,-0.0,0.0,-0.0,0.0,0.0,0.0,0.0,0.0,0.0,0.0,0.0,0.0,-0.0,0.0,-0.0,0.0,0.0,0.0,0.0,0.0,0.0,0.0,0.0,0.134965717792511,-0.15710830688476562,0.13928383588790894,-0.15407103300094604,0.13638877868652344,0.1497691422700882,0.13452383875846863,0.1492631733417511,0.134965717792511,-0.15710830688476562,0.13928383588790894,-0.15407103300094604,0.13638877868652344,0.1497691422700882,0.13452383875846863,0.1492631733417511,-0.0016772589879110456,-0.013852698728442192,0.019468417391180992,-0.017904143780469894,-0.0474177822470665,0.012228554114699364,-0.049882590770721436,0.04951764643192291,0.30000001192092896,0.30000001192092896,0.30000001192092896,0.30000001192092896,0.0,0.0,1.0,0.0,-0.0,1.0,-0.0,-0.9999998807907104,0.30000001192092896,0.30000001192092896,0.30000001192092896,0.30000001192092896
0.8833333333333333,0,0.021531006321310997,-0.023019058629870415,-0.007678585592657328,0.28158822655677795,0.0,0.04495897889137268,0.020794082432985306,0.0049580056220293045,1,1,1,1,10.573951721191406,3.8857245445251465,3.7294483184814453,10.599348068237305,10.573951721191406,3.8857245445251465,3.7294483184814453,10.599348068237305,0,0,0,0,0,0.9999993443489075,0.08007196336984634,-0.318250447511673,0.0787789449095726,-0.3175300061702728,0.2759073078632355,0.04981789365410805,0.2772206962108612,0.050094153732061386,-0.28597864508628845,0.0499114990234375,-0.286574125289917,0.049943432211875916,0.0,0.0,0.0,0.0,0.0,0.0,-0.00110902008600533,-0.022602872923016548,0.013387278653681278,-0.012075808830559254,-0.011962803080677986,-0.016285939142107964,-0.011143461801111698,0.021855127066373825,0.0010591692989692092,-0.00590171292424202,0.009703689254820347,-0.0066233184188604355,0.0,-0.0,0.0,-0.0,0.0,0.0,0.0,0.0,0.0,0.0,0.0,0.0,0.0,-0.0,0.0,-0.0,0.0,0.0,0.0,0.0,0.0,0.0,0.0,0.0,0.134965717792511,-0.15710830688476562,0.13928383588790894,-0.15407103300094604,0.13638877868652344,0.1497691422700882,0.13452383875846863,0.1492631733417511,0.134965717792511,-0.15710830688476562,0.13928383588790894,-0.15407103300094604,0.13638877868652344,0.1497691422700882,0.13452383875846863,0.1492631733417511,-0.0016772589879110456,-0.013852698728442192,0.019468417391180992,-0.017904143780469894,-0.0474177822470665,0.012228554114699364,-0.049882590770721436,0.04951764643192291,0.30000001192092896,0.30000001192092896,0.30000001192092896,0.30000001192092896,0.0,0.0,1.0,0.0,-0.0,1.0,-0.0,-0.9999998807907104,0.30000001192092896,0.30000001192092896,0.30000001192092896,0.30000001192092896
0.9,0,0.021776380017399788,-0.023018701002001762,-0.0022651618346571922,0.28157180547714233,0.0,0.04291526973247528,0.020588211715221405,0.005011565517634153,1,1,1,1,10.090238571166992,4.122998237609863,4.049118995666504,10.18099308013916,10.090238571166992,4.122998237609863,4.049118995666504,10.18099308013916,0,0,0,0,0,0.9999992847442627,0.08006801456212997,-0.318254679441452,0.07877639681100845,-0.31753265857696533,0.27611008286476135,0.0498293973505497,0.27744874358177185,0.05009361729025841,-0.28571826219558716,0.04992508143186569,-0.28629201650619507,0.04992342367768288,0.0,0.0,0.0,0.0,0.0,0.0,-0.005483188666403294,-0.020444396883249283,0.012806443497538567,-0.01041487231850624,-0.011182771995663643,-0.017125960439443588,-0.009798217564821243,0.022457944229245186,0.0013473840663209558,-0.007647149730473757,0.004004933871328831,-0.005114293657243252,0.0,-0.0,0.0,-0.0,0.0,0.0,0.0,0.0,0.0,0.0,0.0,0.0,0.0,-0.0,0.0,-0.0,0.0,0.0,0.0,0.0,0.0,0.0,0.0,0.0,0.134965717792511,-0.15710830688476562,0.13928383588790894,-0.15407103300094604,0.13638877868652344,0.1497691422700882,0.13452383875846863,0.1492631733417511,0.134965717792511,-0.15710830688476562,0.13928383588790894,-0.15407103300094604,0.13638877868652344,0.1497691422700882,0.13452383875846863,0.1492631733417511,-0.0016772589879110456,-0.013852698728442192,0.019468417391180992,-0.017904143780469894,-0.0474177822470665,0.012228554114699364,-0.049882590770721436,0.04951764643192291,0.30000001192092896,0.30000001192092896,0.30000001192092896,0.30000001192092896,0.0,0.0,1.0,0.0,-0.0,1.0,-0.0,-0.9999998807907104,0.30000001192092896,0.30000001192092896,0.30000001192092896,0.30000001192092896
0.9166666666666666,0,0.022023389115929604,-0.02301524206995964,-0.0026486131828278303,0.28155750036239624,0.0,0.044782016426324844,0.020750291645526886,0.005067639518529177,1,1,1,1,10.599392890930176,3.7696197032928467,3.6974310874938965,10.739235877990723,10.599392890930176,3.7696197032928467,3.6974310874938965,10.739235877990723,0,0,0,0,0,0.9999992847442627,0.08006471395492554,-0.3182581961154938,0.07877317070960999,-0.31753596663475037,0.27631431818008423,0.049839913845062256,0.27768033742904663,0.05009157583117485,-0.28546181321144104,0.049939434975385666,-0.28601405024528503,0.049912940710783005,0.0,0.0,0.0,0.0,0.0,0.0,-0.0004874143924098462,-0.02237216755747795,0.015996230766177177,-0.012085876427590847,-0.011702076531946659,-0.018512073904275894,-0.00920773670077324,0.02047327719628811,0.0012184673687443137,-0.005783965345472097,0.0077204047702252865,-0.004961174447089434,0.0,-0.0,0.0,-0.0,0.0,0.0,0.0,0.0,0.0,0.0,0.0,0.0,0.0,-0.0,0.0,-0.0,0.0,0.0,0.0,0.0,0.0,0.0,0.0,0.0,0.134965717792511,-0.15710830688476562,0.13928383588790894,-0.15407103300094604,0.13638877868652344,0.1497691422700882,0.13452383875846863,0.1492631733417511,0.134965717792511,-0.15710830688476562,0.13928383588790894,-0.15407103300094604,0.13638877868652344,0.1497691422700882,0.13452383875846863,0.1492631733417511,-0.0016772589879110456,-0.013852698728442192,0.019468417391180992,-0.017904143780469894,-0.0474177822470665,0.012228554114699364,-0.049882590770721436,0.04951764643192291,0.30000001192092896,0.30000001192092896,0.30000001192092896,0.30000001192092896,0.0,0.0,1.0,0.0,-0.0,1.0,-0.0,-0.9999998807907104,0.30000001192092896,0.30000001192092896,0.30000001192092896,0.30000001192092896
0.9333333333333333,0,0.022251378744840622,-0.022987740114331245,-0.0004928882699459791,0.28154900670051575,0.0,0.04365047439932823,0.020600229501724243,0.0051175388507544994,1,1,1,1,10.236737251281738,3.982957601547241,3.5786821842193604,10.757376670837402,10.236737251281738,3.982957601547241,3.5786821842193604,10.757376670837402,0,0,0,0,0,0.9999992847442627,0.08006182312965393,-0.3182612359523773,0.07877261936664581,-0.3175366222858429,0.2765142023563385,0.04984871298074722,0.27790367603302,0.050088949501514435,-0.28519368171691895,0.04994901269674301,-0.28575578331947327,0.04992736503481865,0.0,0.0,0.0,0.0,0.0,0.0,-0.0030764637049287558,-0.022560887038707733,0.013528062030673027,-0.011693629436194897,-0.011124037206172943,-0.017314933240413666,-0.01092319842427969,0.020307427272200584,0.0003173750010319054,-0.005067067686468363,0.008128104731440544,-0.00447832141071558,0.0,-0.0,0.0,-0.0,0.0,0.0,0.0,0.0,0.0,0.0,0.0,0.0,0.0,-0.0,0.0,-0.0,0.0,0.0,0.0,0.0,0.0,0.0,0.0,0.0,0.134965717792511,-0.15710830688476562,0.13928383588790894,-0.15407103300094604,0.13638877868652344,0.1497691422700882,0.13452383875846863,0.1492631733417511,0.134965717792511,-0.15710830688476562,0.13928383588790894,-0.15407103300094604,0.13638877868652344,0.1497691422700882,0.13452383875846863,0.1492631733417511,-0.0016772589879110456,-0.013852698728442192,0.019468417391180992,-0.017904143780469894,-0.0474177822470665,0.012228554114699364,-0.049882590770721436,0.04951764643192291,0.30000001192092896,0.30000001192092896,0.30000001192092896,0.30000001192092896,0.0,0.0,1.0,0.0,-0.0,1.0,-0.0,-0.9999998807907104,0.30000001192092896,0.30000001192092896,0.30000001192092896,0.30000001192092896
0.95,0,0.022494396194815636,-0.02296076901257038,-0.002844183938577771,0.2815361022949219,0.0,0.04313940182328224,0.020744163542985916,0.005177373066544533,1,1,1,1,10.619481086730957,3.6413891315460205,3.393115520477295,11.000673294067383,10.619481086730957,3.6413891315460205,3.393115520477295,11.000673294067383,0,0,0,0,0,0.9999992847442627,0.08005817234516144,-0.31826522946357727,0.07876920700073242,-0.3175402283668518,0.2767167389392853,0.049858517944812775,0.27813440561294556,0.050086650997400284,-0.2849348187446594,0.04996107891201973,-0.2854921817779541,0.04994108900427818,0.0,0.0,0.0,0.0,0.0,0.0,-0.0035937305074185133,-0.020643504336476326,0.011493954807519913,-0.010787338018417358,-0.012298804707825184,-0.016050850972533226,-0.00798770785331726,0.023813238367438316,0.0004914945457130671,-0.007320305332541466,0.007555089425295591,-0.004773798398673534,0.0,-0.0,0.0,-0.0,0.0,0.0,0.0,0.0,0.0,0.0,0.0,0.0,0.0,-0.0,0.0,-0.0,0.0,0.0,0.0,0.0,0.0,0.0,0.0,0.0,0.134965717792511,-0.15710830688476562,0.13928383588790894,-0.15407103300094604,0.13638877868652344,0.1497691422700882,0.13452383875846863,0.1492631733417511,0.134965717792511,-0.15710830688476562,0.13928383588790894,-0.15407103300094604,0.13638877868652344,0.1497691422700882,0.13452383875846863,0.1492631733417511,-0.0016772589879110456,-0.013852698728442192,0.019468417391180992,-0.017904143780469894,-0.0474177822470665,0.012228554114699364,-0.049882590770721436,0.04951764643192291,0.30000001192092896,0.30000001192092896,0.30000001192092896,0.30000001192092896,0.0,0.0,1.0,0.0,-0.0,1.0,-0.0,-0.9999998807907104,0.30000001192092896,0.30000001192092896,0.30000001192092896,0.30000001192092896
0.9666666666666667,0,0.022722378373146057,-0.022927405312657356,-0.0019480693154036999,0.2815282940864563,0.0,0.042785000056028366,0.020644690841436386,0.005220646969974041,1,1,1,1,10.451284408569336,3.7825582027435303,3.4072203636169434,11.004951477050781,10.451284408569336,3.7825582027435303,3.4072203636169434,11.004951477050781,0,0,0,0,0,0.9999992847442627,0.08005472272634506,-0.3182688057422638,0.07876650989055634,-0.31754299998283386,0.27691781520843506,0.04986508935689926,0.27835801243782043,0.050080109387636185,-0.2846841514110565,0.04997127875685692,-0.2852344810962677,0.04995264112949371,0.0,0.0,0.0,0.0,0.0,0.0,-0.0034070732071995735,-0.0203646719455719,0.012656502425670624,-0.011746258474886417,-0.01163071021437645,-0.015811577439308167,-0.009716306813061237,0.021557249128818512,0.0014006649143993855,-0.00728386826813221,0.008852625265717506,-0.005317894741892815,0.0,-0.0,0.0,-0.0,0.0,0.0,0.0,0.0,0.0,0.0,0.0,0.0,0.0,-0.0,0.0,-0.0,0.0,0.0,0.0,0.0,0.0,0.0,0.0,0.0,0.134965717792511,-0.15710830688476562,0.13928383588790894,-0.15407103300094604,0.13638877868652344,0.1497691422700882,0.13452383875846863,0.1492631733417511,0.134965717792511,-0.15710830688476562,0.13928383588790894,-0.15407103300094604,0.13638877868652344,0.1497691422700882,0.13452383875846863,0.1492631733417511,-0.0016772589879110456,-0.013852698728442192,0.019468417391180992,-0.017904143780469894,-0.0474177822470665,0.012228554114699364,-0.049882590770721436,0.04951764643192291,0.30000001192092896,0.30000001192092896,0.30000001192092896,0.30000001192092896,0.0,0.0,1.0,0.0,-0.0,1.0,-0.0,-0.9999998807907104,0.30000001192092896,0.30000001192092896,0.30000001192092896,0.30000001192092896
0.9833333333333333,0,0.022965334355831146,-0.022909848019480705,-0.005450360011309385,0.2815161347389221,0.0,0.04376870021224022,0.020733822137117386,0.005268251057714224,1,1,1,1,10.69587230682373,3.6430509090423584,3.210475206375122,11.088223457336426,10.69587230682373,3.6430509090423584,3.210475206375122,11.088223457336426,0,0,0,0,0,0.9999992847442627,0.08005211502313614,-0.318271666765213,0.07876390963792801,-0.3175457715988159,0.2771243155002594,0.04987260699272156,0.2785893380641937,0.050074201077222824,-0.28442177176475525,0.04997994750738144,-0.28497111797332764,0.0499628409743309,0.0,0.0,0.0,0.0,0.0,0.0,-0.0038631358183920383,-0.020516186952590942,0.011373735032975674,-0.009874776005744934,-0.012004627846181393,-0.016569314524531364,-0.008716924116015434,0.025173991918563843,0.0011624433100223541,-0.008050457574427128,0.004721830133348703,-0.006013611331582069,0.0,-0.0,0.0,-0.0,0.0,0.0,0.0,0.0,0.0,0.0,0.0,0.0,0.0,-0.0,0.0,-0.0,0.0,0.0,0.0,0.0,0.0,0.0,0.0,0.0,0.134965717792511,-0.15710830688476562,0.13928383588790894,-0.15407103300094604,0.13638877868652344,0.1497691422700882,0.13452383875846863,0.1492631733417511,0.134965717792511,-0.15710830688476562,0.13928383588790894,-0.15407103300094604,0.13638877868652344,0.1497691422700882,0.13452383875846863,0.1492631733417511,-0.0016772589879110456,-0.013852698728442192,0.019468417391180992,-0.017904143780469894,-0.0474177822470665,0.012228554114699364,-0.049882590770721436,0.04951764643192291,0.30000001192092896,0.30000001192092896,0.30000001192092896,0.30000001192092896,0.0,0.0,1.0,0.0,-0.0,1.0,-0.0,-0.9999998807907104,0.30000001192092896,0.30000001192092896,0.30000001192092896,0.30000001192092896
1.0,0,0.023197399452328682,-0.022894641384482384,-0.0023653905373066664,0.2814905345439911,0.0,0.04417094588279724,0.020688921213150024,0.005306340288370848,1,1,1,1,10.534554481506348,3.6986606121063232,3.417128086090088,10.967784881591797,10.534554481506348,3.6986606121063232,3.417128086090088,10.967784881591797,0,0,0,0,0,0.9999992847442627,0.08005069196224213,-0.31827312707901,0.07876139879226685,-0.31754833459854126,0.27732133865356445,0.0498778261244297,0.27879598736763,0.05006678029894829,-0.2841690182685852,0.04998694360256195,-0.2847132384777069,0.04997139424085617,0.0,0.0,0.0,0.0,0.0,0.0,-0.002391519257798791,-0.0214682724326849,0.013637734577059746,-0.011858293786644936,-0.011940822005271912,-0.017445500940084457,-0.009894364513456821,0.021998131647706032,0.000701711920555681,-0.006837873719632626,0.00700443284586072,-0.00572742847725749,0.0,-0.0,0.0,-0.0,0.0,0.0,0.0,0.0,0.0,0.0,0.0,0.0,0.0,-0.0,0.0,-0.0,0.0,0.0,0.0,0.0,0.0,0.0,0.0,0.0,0.134965717792511,-0.15710830688476562,0.13928383588790894,-0.15407103300094604,0.13638877868652344,0.1497691422700882,0.13452383875846863,0.1492631733417511,0.134965717792511,-0.15710830688476562,0.13928383588790894,-0.15407103300094604,0.13638877868652344,0.1497691422700882,0.13452383875846863,0.1492631733417511,-0.0016772589879110456,-0.013852698728442192,0.019468417391180992,-0.017904143780469894,-0.0474177822470665,0.012228554114699364,-0.049882590770721436,0.04951764643192291,0.30000001192092896,0.30000001192092896,0.30000001192092896,0.30000001192092896,0.0,0.0,1.0,0.0,-0.0,1.0,-0.0,-0.9999998807907104,0.30000001192092896,0.30000001192092896,0.30000001192092896,0.30000001192092896
1.0166666666666666,0,0.023443717509508133,-0.022880518808960915,-0.0023945788852870464,0.2814781963825226,0.0,0.04324808716773987,0.020664501935243607,0.005355377681553364,1,1,1,1,10.813645362854004,3.5031187534332275,3.062443971633911,11.269990921020508,10.813645362854004,3.5031187534332275,3.062443971633911,11.269990921020508,0,0,0,0,0,0.9999992847442627,0.08004693686962128,-0.3182770609855652,0.07875894755125046,-0.3175508975982666,0.2775309681892395,0.049883823841810226,0.2790297865867615,0.05005854368209839,-0.2839038670063019,0.04999173432588577,-0.2844487726688385,0.049978893250226974,0.0,0.0,0.0,0.0,0.0,0.0,-0.0013143302639946342,-0.02088095247745514,0.012676647864282131,-0.010091031901538372,-0.011321614496409893,-0.01733287423849106,-0.008120853453874588,0.023525740951299667,0.0010567103745415807,-0.006924549583345652,0.006428707391023636,-0.005631905980408192,0.0,-0.0,0.0,-0.0,0.0,0.0,0.0,0.0,0.0,0.0,0.0,0.0,0.0,-0.0,0.0,-0.0,0.0,0.0,0.0,0.0,0.0,0.0,0.0,0.0,0.134965717792511,-0.15710830688476562,0.13928383588790894,-0.15407103300094604,0.13638877868652344,0.1497691422700882,0.13452383875846863,0.1492631733417511,0.134965717792511,-0.15710830688476562,0.13928383588790894,-0.15407103300094604,0.13638877868652344,0.1497691422700882,0.13452383875846863,0.1492631733417511,-0.0016772589879110456,-0.013852698728442192,0.019468417391180992,-0.017904143780469894,-0.0474177822470665,0.012228554114699364,-0.049882590770721436,0.04951764643192291,0.30000001192092896,0.30000001192092896,0.30000001192092896,0.30000001192092896,0.0,0.0,1.0,0.0,-0.0,1.0,-0.0,-0.9999998807907104,0.30000001192092896,0.30000001192092896,0.30000001192092896,0.30000001192092896
1.0333333333333332,0,0.02368171326816082,-0.02287556231021881,0.0002158698916900903,0.28147029876708984,0.0,0.044067323207855225,0.020678140223026276,0.005395189858973026,1,1,1,1,11.098999977111816,3.296342611312866,3.1438963413238525,11.532294273376465,11.098999977111816,3.296342611312866,3.1438963413238525,11.532294273376465,0,0,0,0,0,0.9999992847442627,0.08004458993673325,-0.31827953457832336,0.07875783741474152,-0.3175521790981293,0.2777383327484131,0.04988810420036316,0.2792598307132721,0.0500490739941597,-0.2836490869522095,0.04999478906393051,-0.28419071435928345,0.049984924495220184,0.0,0.0,0.0,0.0,0.0,0.0,-0.0005507871392183006,-0.021919144317507744,0.01358382124453783,-0.011509125120937824,-0.011335189454257488,-0.018179379403591156,-0.009742415510118008,0.02188524417579174,0.00018287409329786897,-0.0058191195130348206,0.0064432150684297085,-0.0059942519292235374,0.0,-0.0,0.0,-0.0,0.0,0.0,0.0,0.0,0.0,0.0,0.0,0.0,0.0,-0.0,0.0,-0.0,0.0,0.0,0.0,0.0,0.0,0.0,0.0,0.0,0.134965717792511,-0.15710830688476562,0.13928383588790894,-0.15407103300094604,0.13638877868652344,0.1497691422700882,0.13452383875846863,0.1492631733417511,0.134965717792511,-0.15710830688476562,0.13928383588790894,-0.15407103300094604,0.13638877868652344,0.1497691422700882,0.13452383875846863,0.1492631733417511,-0.0016772589879110456,-0.013852698728442192,0.019468417391180992,-0.017904143780469894,-0.0474177822470665,0.012228554114699364,-0.049882590770721436,0.04951764643192291,0.30000001192092896,0.30000001192092896,0.30000001192092896,0.30000001192092896,0.0,0.0,1.0,0.0,-0.0,1.0,-0.0,-0.9999998807907104,0.30000001192092896,0.30000001192092896,0.30000001192092896,0.30000001192092896
1.05,0,0.0239253006875515,-0.022833503782749176,-0.0036268318071961403,0.28145381808280945,0.0,0.04639403149485588,0.020663775503635406,0.005456865765154362,1,1,1,1,10.279510498046875,3.958033561706543,3.7305502891540527,10.778714179992676,10.279510498046875,3.958033561706543,3.7305502891540527,10.778714179992676,0,0,0,0,0,0.9999992847442627,0.08004090189933777,-0.31828343868255615,0.07876010984182358,-0.3175499439239502,0.27794909477233887,0.04989071935415268,0.2794891893863678,0.050038307905197144,-0.2833699584007263,0.049998894333839417,-0.2839282155036926,0.049991361796855927,0.0,0.0,0.0,0.0,0.0,0.0,-0.00037656698259525,-0.022488947957754135,0.013521085493266582,-0.011764902621507645,-0.01261143758893013,-0.016488835215568542,-0.01070802565664053,0.024212617427110672,0.0007453137659467757,-0.0072167362086474895,0.009233610704541206,-0.007452494464814663,0.0,-0.0,0.0,-0.0,0.0,0.0,0.0,0.0,0.0,0.0,0.0,0.0,0.0,-0.0,0.0,-0.0,0.0,0.0,0.0,0.0,0.0,0.0,0.0,0.0,0.134965717792511,-0.15710830688476562,0.13928383588790894,-0.15407103300094604,0.13638877868652344,0.1497691422700882,0.13452383875846863,0.1492631733417511,0.134965717792511,-0.15710830688476562,0.13928383588790894,-0.15407103300094604,0.13638877868652344,0.1497691422700882,0.13452383875846863,0.1492631733417511,-0.0016772589879110456,-0.013852698728442192,0.019468417391180992,-0.017904143780469894,-0.0474177822470665,0.012228554114699364,-0.049882590770721436,0.04951764643192291,0.30000001192092896,0.30000001192092896,0.30000001192092896,0.30000001192092896,0.0,0.0,1.0,0.0,-0.0,1.0,-0.0,-0.9999998807907104,0.30000001192092896,0.30000001192092896,0.30000001192092896,0.30000001192092896
1.0666666666666667,0,0.02417728118598461,-0.022820942103862762,-0.0037175831384956837,0.28144052624702454,0.0,0.04481642693281174,0.020788390189409256,0.005496449768543243,1,1,1,1,10.887179374694824,3.5319442749023438,3.34686279296875,11.095335006713867,10.887179374694824,3.5319442749023438,3.34686279296875,11.095335006713867,0,0,0,0,0,0.9999992847442627,0.08003872632980347,-0.31828588247299194,0.0787605419754982,-0.3175496459007263,0.27816399931907654,0.049892835319042206,0.27972638607025146,0.05002633109688759,-0.2831076383590698,0.050001583993434906,-0.2836626172065735,0.04999515414237976,0.0,0.0,0.0,0.0,0.0,0.0,-0.00010976218618452549,-0.022495631128549576,0.01340404897928238,-0.011196308769285679,-0.011143911629915237,-0.018863944336771965,-0.009999630972743034,0.022673027589917183,0.0006554010906256735,-0.0058464910835027695,0.005401518661528826,-0.006288026459515095,0.0,-0.0,0.0,-0.0,0.0,0.0,0.0,0.0,0.0,0.0,0.0,0.0,0.0,-0.0,0.0,-0.0,0.0,0.0,0.0,0.0,0.0,0.0,0.0,0.0,0.134965717792511,-0.15710830688476562,0.13928383588790894,-0.15407103300094604,0.13638877868652344,0.1497691422700882,0.13452383875846863,0.1492631733417511,0.134965717792511,-0.15710830688476562,0.13928383588790894,-0.15407103300094604,0.13638877868652344,0.1497691422700882,0.13452383875846863,0.1492631733417511,-0.0016772589879110456,-0.013852698728442192,0.019468417391180992,-0.017904143780469894,-0.0474177822470665,0.012228554114699364,-0.049882590770721436,0.04951764643192291,0.30000001192092896,0.30000001192092896,0.30000001192092896,0.30000001192092896,0.0,0.0,1.0,0.0,-0.0,1.0,-0.0,-0.9999998807907104,0.30000001192092896,0.30000001192092896,0.30000001192092896,0.30000001192092896
1.0833333333333333,0,0.0244170930236578,-0.022804616019129753,-0.005269089248031378,0.2814308702945709,0.0,0.0447307750582695,0.02057824283838272,0.0055385311134159565,1,1,1,1,10.858853340148926,3.611692428588867,3.1616649627685547,11.208253860473633,10.858853340148926,3.611692428588867,3.1616649627685547,11.208253860473633,0,0,0,0,0,0.9999992847442627,0.0800369530916214,-0.31828781962394714,0.07875391840934753,-0.31755632162094116,0.2783733308315277,0.049893561750650406,0.27995914220809937,0.050013333559036255,-0.2828427851200104,0.05000057443976402,-0.2833975553512573,0.04999678581953049,0.0,0.0,0.0,0.0,0.0,0.0,-0.0005362314986996353,-0.022351624444127083,0.013478628359735012,-0.011864454485476017,-0.011540564708411694,-0.01828938163816929,-0.010037368163466454,0.02196432836353779,-4.554068436846137e-05,-0.005740810185670853,0.007726198993623257,-0.005916167050600052,0.0,-0.0,0.0,-0.0,0.0,0.0,0.0,0.0,0.0,0.0,0.0,0.0,0.0,-0.0,0.0,-0.0,0.0,0.0,0.0,0.0,0.0,0.0,0.0,0.0,0.134965717792511,-0.15710830688476562,0.13928383588790894,-0.15407103300094604,0.13638877868652344,0.1497691422700882,0.13452383875846863,0.1492631733417511,0.134965717792511,-0.15710830688476562,0.13928383588790894,-0.15407103300094604,0.13638877868652344,0.1497691422700882,0.13452383875846863,0.1492631733417511,-0.0016772589879110456,-0.013852698728442192,0.019468417391180992,-0.017904143780469894,-0.0474177822470665,0.012228554114699364,-0.049882590770721436,0.04951764643192291,0.30000001192092896,0.30000001192092896,0.30000001192092896,0.30000001192092896,0.0,0.0,1.0,0.0,-0.0,1.0,-0.0,-0.9999998807907104,0.30000001192092896,0.30000001192092896,0.30000001192092896,0.30000001192092896
1.1,0,0.02465568669140339,-0.022792859002947807,-0.0034252596087753773,0.2814226746559143,0.0,0.043518707156181335,0.020651426166296005,0.005577284377068281,1,1,1,1,10.908575057983398,3.350048780441284,2.928987503051758,11.416801452636719,10.908575057983398,3.350048780441284,2.928987503051758,11.416801452636719,0,0,0,0,0,0.9999992251396179,0.08003386855125427,-0.31829094886779785,0.07874883711338043,-0.317561537027359,0.2785819172859192,0.04989559203386307,0.28019118309020996,0.05000055581331253,-0.2825844883918762,0.04999785125255585,-0.28313252329826355,0.049997229129076004,0.0,0.0,0.0,0.0,0.0,0.0,-0.004064951092004776,-0.02157997153699398,0.011331849731504917,-0.011503459885716438,-0.010973885655403137,-0.017277657985687256,-0.01078718714416027,0.022543426603078842,-0.00015910813817754388,-0.0065122428350150585,0.005927710328251123,-0.005461966618895531,0.0,-0.0,0.0,-0.0,0.0,0.0,0.0,0.0,0.0,0.0,0.0,0.0,0.0,-0.0,0.0,-0.0,0.0,0.0,0.0,0.0,0.0,0.0,0.0,0.0,0.134965717792511,-0.15710830688476562,0.13928383588790894,-0.15407103300094604,0.13638877868652344,0.1497691422700882,0.13452383875846863,0.1492631733417511,0.134965717792511,-0.15710830688476562,0.13928383588790894,-0.15407103300094604,0.13638877868652344,0.1497691422700882,0.13452383875846863,0.1492631733417511,-0.0016772589879110456,-0.013852698728442192,0.019468417391180992,-0.017904143780469894,-0.0474177822470665,0.012228554114699364,-0.049882590770721436,0.04951764643192291,0.30000001192092896,0.30000001192092896,0.30000001192092896,0.30000001192092896,0.0,0.0,1.0,0.0,-0.0,1.0,-0.0,-0.9999998807907104,0.30000001192092896,0.30000001192092896,0.30000001192092896,0.30000001192092896
1.1166666666666667,0,0.024893885478377342,-0.022785579785704613,-0.003714269492775202,0.2814156711101532,0.0,0.04357059672474861,0.02064455673098564,0.005619022063910961,1,1,1,1,11.19679069519043,3.294719934463501,3.0402913093566895,11.563688278198242,11.19679069519043,3.294719934463501,3.0402913093566895,11.563688278198242,0,0,0,0,0,0.9999992251396179,0.08003196120262146,-0.3182932138442993,0.07875170558691025,-0.31755882501602173,0.27878445386886597,0.049894459545612335,0.28042280673980713,0.04998418316245079,-0.2823134660720825,0.04999411106109619,-0.2828724682331085,0.04999692365527153,0.0,0.0,0.0,0.0,0.0,0.0,-0.003853996517136693,-0.02192763052880764,0.01252483855932951,-0.011604109779000282,-0.010876917280256748,-0.01788603700697422,-0.010457294061779976,0.021688641980290413,-0.00043622954399324954,-0.0059529077261686325,0.005896777380257845,-0.0047777192667126656,0.0,-0.0,0.0,-0.0,0.0,0.0,0.0,0.0,0.0,0.0,0.0,0.0,0.0,-0.0,0.0,-0.0,0.0,0.0,0.0,0.0,0.0,0.0,0.0,0.0,0.134965717792511,-0.15710830688476562,0.13928383588790894,-0.15407103300094604,0.13638877868652344,0.1497691422700882,0.13452383875846863,0.1492631733417511,0.134965717792511,-0.15710830688476562,0.13928383588790894,-0.15407103300094604,0.13638877868652344,0.1497691422700882,0.13452383875846863,0.1492631733417511,-0.0016772589879110456,-0.013852698728442192,0.019468417391180992,-0.017904143780469894,-0.0474177822470665,0.012228554114699364,-0.049882590770721436,0.04951764643192291,0.30000001192092896,0.30000001192092896,0.30000001192092896,0.30000001192092896,0.0,0.0,1.0,0.0,-0.0,1.0,-0.0,-0.9999998807907104,0.30000001192092896,0.30000001192092896,0.30000001192092896,0.30000001192092896
1.1333333333333333,0,0.02514820732176304,-0.022761743515729904,-0.005160047672688961,0.2813985049724579,0.0,0.04744619503617287,0.020823348313570023,0.005661045201122761,1,1,1,1,11.191977500915527,3.3078527450561523,2.856671094894409,11.399836540222168,11.191977500915527,3.3078527450561523,2.856671094894409,11.399836540222168,0,0,0,0,0,0.9999992251396179,0.08002969622612,-0.3182954788208008,0.0787501335144043,-0.31756049394607544,0.27900299429893494,0.04989175125956535,0.2806592285633087,0.049967050552368164,-0.2820526361465454,0.04999266192317009,-0.2826039493083954,0.04999467730522156,0.0,0.0,0.0,0.0,0.0,0.0,-0.0006918112048879266,-0.022886518388986588,0.013913379982113838,-0.011403776705265045,-0.012886236421763897,-0.017957128584384918,-0.011184988543391228,0.024942239746451378,0.0009558345191180706,-0.007703944109380245,0.00674584461376071,-0.007857376709580421,0.0,-0.0,0.0,-0.0,0.0,0.0,0.0,0.0,0.0,0.0,0.0,0.0,0.0,-0.0,0.0,-0.0,0.0,0.0,0.0,0.0,0.0,0.0,0.0,0.0,0.134965717792511,-0.15710830688476562,0.13928383588790894,-0.15407103300094604,0.13638877868652344,0.1497691422700882,0.13452383875846863,0.1492631733417511,0.134965717792511,-0.15710830688476562,0.13928383588790894,-0.15407103300094604,0.13638877868652344,0.1497691422700882,0.13452383875846863,0.1492631733417511,-0.0016772589879110456,-0.013852698728442192,0.019468417391180992,-0.017904143780469894,-0.0474177822470665,0.012228554114699364,-0.049882590770721436,0.04951764643192291,0.30000001192092896,0.30000001192092896,0.30000001192092896,0.30000001192092896,0.0,0.0,1.0,0.0,-0.0,1.0,-0.0,-0.9999998807907104,0.30000001192092896,0.30000001192092896,0.30000001192092896,0.30000001192092896
1.15,0,0.025395195931196213,-0.022754531353712082,-0.004563798662275076,0.2813880741596222,0.0,0.04403584823012352,0.020786583423614502,0.0056996275670826435,1,1,1,1,11.253137588500977,3.1851768493652344,2.8717310428619385,11.460171699523926,11.253137588500977,3.1851768493652344,2.8717310428619385,11.460171699523926,0,0,0,0,0,0.9999991655349731,0.08002777397632599,-0.3182975649833679,0.07874837517738342,-0.31756240129470825,0.27921807765960693,0.04988931491971016,0.2808956801891327,0.04995008185505867,-0.2817893922328949,0.049987222999334335,-0.28233814239501953,0.049990952014923096,0.0,0.0,0.0,0.0,0.0,0.0,-0.0017531266203150153,-0.02173536643385887,0.011632007546722889,-0.011682964861392975,-0.011148369871079922,-0.01775158755481243,-0.009901382029056549,0.023169441148638725,-1.2227741535753012e-05,-0.006359885912388563,0.00643070787191391,-0.0059827580116689205,0.0,-0.0,0.0,-0.0,0.0,0.0,0.0,0.0,0.0,0.0,0.0,0.0,0.0,-0.0,0.0,-0.0,0.0,0.0,0.0,0.0,0.0,0.0,0.0,0.0,0.134965717792511,-0.15710830688476562,0.13928383588790894,-0.15407103300094604,0.13638877868652344,0.1497691422700882,0.13452383875846863,0.1492631733417511,0.134965717792511,-0.15710830688476562,0.13928383588790894,-0.15407103300094604,0.13638877868652344,0.1497691422700882,0.13452383875846863,0.1492631733417511,-0.0016772589879110456,-0.013852698728442192,0.019468417391180992,-0.017904143780469894,-0.0474177822470665,0.012228554114699364,-0.049882590770721436,0.04951764643192291,0.30000001192092896,0.30000001192092896,0.30000001192092896,0.30000001192092896,0.0,0.0,1.0,0.0,-0.0,1.0,-0.0,-0.9999998807907104,0.30000001192092896,0.30000001192092896,0.30000001192092896,0.30000001192092896
1.1666666666666667,0,0.025639712810516357,-0.022743096575140953,-0.005110155325382948,0.28137895464897156,0.0,0.04327988624572754,0.020488545298576355,0.005738785956054926,1,1,1,1,11.274418830871582,3.2762932777404785,2.883035659790039,11.441075325012207,11.274418830871582,3.2762932777404785,2.883035659790039,11.441075325012207,0,0,0,0,0,0.9999991655349731,0.08002477884292603,-0.318300724029541,0.07874424010515213,-0.3175666630268097,0.2794349193572998,0.04988526552915573,0.2811323404312134,0.049931734800338745,-0.2815241515636444,0.04997960850596428,-0.28207239508628845,0.049986544996500015,0.0,0.0,0.0,0.0,0.0,0.0,-0.0014242788311094046,-0.021027259528636932,0.012936093844473362,-0.011523566208779812,-0.010723771527409554,-0.01848764158785343,-0.00929456390440464,0.02165806293487549,0.0002853030455298722,-0.006531020626425743,0.006733979098498821,-0.00533895380795002,0.0,-0.0,0.0,-0.0,0.0,0.0,0.0,0.0,0.0,0.0,0.0,0.0,0.0,-0.0,0.0,-0.0,0.0,0.0,0.0,0.0,0.0,0.0,0.0,0.0,0.134965717792511,-0.15710830688476562,0.13928383588790894,-0.15407103300094604,0.13638877868652344,0.1497691422700882,0.13452383875846863,0.1492631733417511,0.134965717792511,-0.15710830688476562,0.13928383588790894,-0.15407103300094604,0.13638877868652344,0.1497691422700882,0.13452383875846863,0.1492631733417511,-0.0016772589879110456,-0.013852698728442192,0.019468417391180992,-0.017904143780469894,-0.0474177822470665,0.012228554114699364,-0.049882590770721436,0.04951764643192291,0.30000001192092896,0.30000001192092896,0.30000001192092896,0.30000001192092896,0.0,0.0,1.0,0.0,-0.0,1.0,-0.0,-0.9999998807907104,0.30000001192092896,0.30000001192092896,0.30000001192092896,0.30000001192092896
1.1833333333333333,0,0.025882503017783165,-0.022739801555871964,-0.006178237963467836,0.2813677489757538,0.0,0.04494301974773407,0.020726829767227173,0.0057559083215892315,1,1,1,1,10.450337409973145,4.0770955085754395,3.363340139389038,10.970832824707031,10.450337409973145,4.0770955085754395,3.363340139389038,10.970832824707031,0,0,0,0,0,0.9999991655349731,0.08002468943595886,-0.3183010518550873,0.0787409096956253,-0.3175700008869171,0.2796506881713867,0.04987955838441849,0.28136539459228516,0.04993165656924248,-0.28125694394111633,0.049970123916864395,-0.2818041443824768,0.04998057335615158,0.0,0.0,0.0,0.0,0.0,0.0,0.0001466285903006792,-0.02095947042107582,0.011728069745004177,-0.010374005883932114,-0.012086174450814724,-0.017558863386511803,-0.008175709284842014,0.025641294196248055,0.0006749587482772768,-0.00777941569685936,0.006668291054666042,-0.007158077787607908,0.0,-0.0,0.0,-0.0,0.0,0.0,0.0,0.0,0.0,0.0,0.0,0.0,0.0,-0.0,0.0,-0.0,0.0,0.0,0.0,0.0,0.0,0.0,0.0,0.0,0.134965717792511,-0.15710830688476562,0.13928383588790894,-0.15407103300094604,0.13638877868652344,0.1497691422700882,0.13452383875846863,0.1492631733417511,0.134965717792511,-0.15710830688476562,0.13928383588790894,-0.15407103300094604,0.13638877868652344,0.1497691422700882,0.13452383875846863,0.1492631733417511,-0.0016772589879110456,-0.013852698728442192,0.019468417391180992,-0.017904143780469894,-0.0474177822470665,0.012228554114699364,-0.049882590770721436,0.04951764643192291,0.30000001192092896,0.30000001192092896,0.30000001192092896,0.30000001192092896,0.0,0.0,1.0,0.0,-0.0,1.0,-0.0,-0.9999998807907104,0.30000001192092896,0.30000001192092896,0.30000001192092896,0.30000001192092896
1.2,0,0.02612391486763954,-0.02274566888809204,-0.007607644889503717,0.2813566327095032,0.0,0.04427438601851463,0.020739078521728516,0.005756985861808062,1,1,1,1,10.55324649810791,3.7994003295898438,3.1344780921936035,11.140005111694336,10.55324649810791,3.7994003295898438,3.1344780921936035,11.140005111694336,0,0,0,0,0,0.9999991655349731,0.08002495765686035,-0.31830093264579773,0.07873859256505966,-0.31757238507270813,0.2798568308353424,0.049873679876327515,0.2815953493118286,0.049944330006837845,-0.2809988260269165,0.04996075853705406,-0.28153595328330994,0.04997238144278526,0.0,0.0,0.0,0.0,0.0,0.0,-0.004274959675967693,-0.02239634282886982,0.01029101014137268,-0.011329027824103832,-0.010800796560943127,-0.01749538443982601,-0.011653670109808445,0.023456363007426262,-0.0010427323868498206,-0.00611446937546134,0.0051163421012461185,-0.005717722699046135,0.0,-0.0,0.0,-0.0,0.0,0.0,0.0,0.0,0.0,0.0,0.0,0.0,0.0,-0.0,0.0,-0.0,0.0,0.0,0.0,0.0,0.0,0.0,0.0,0.0,0.134965717792511,-0.15710830688476562,0.13928383588790894,-0.15407103300094604,0.13638877868652344,0.1497691422700882,0.13452383875846863,0.1492631733417511,0.134965717792511,-0.15710830688476562,0.13928383588790894,-0.15407103300094604,0.13638877868652344,0.1497691422700882,0.13452383875846863,0.1492631733417511,-0.0016772589879110456,-0.013852698728442192,0.019468417391180992,-0.017904143780469894,-0.0474177822470665,0.012228554114699364,-0.049882590770721436,0.04951764643192291,0.30000001192092896,0.30000001192092896,0.30000001192092896,0.30000001192092896,0.0,0.0,1.0,0.0,-0.0,1.0,-0.0,-0.9999998807907104,0.30000001192092896,0.30000001192092896,0.30000001192092896,0.30000001192092896
1.2166666666666666,0,0.026370016857981682,-0.022773556411266327,-0.00017384251987095922,0.2813447117805481,0.0,0.04517361894249916,0.020578663796186447,0.005737713072448969,1,1,1,1,10.75844955444336,3.6954424381256104,3.2984020709991455,11.326360702514648,10.75844955444336,3.6954424381256104,3.2984020709991455,11.326360702514648,0,0,0,0,0,0.9999991655349731,0.08002499490976334,-0.31830117106437683,0.07874114066362381,-0.31756991147994995,0.2800762355327606,0.049868084490299225,0.28182607889175415,0.04995613172650337,-0.28074631094932556,0.04994857311248779,-0.28126993775367737,0.049963466823101044,0.0,0.0,0.0,0.0,0.0,0.0,-0.0008778446353971958,-0.02279847301542759,0.012979804538190365,-0.011288873851299286,-0.011035152710974216,-0.019176892936229706,-0.011001904495060444,0.022557690739631653,0.00033293961314484477,-0.005999911110848188,0.005358740221709013,-0.006321053486317396,0.0,-0.0,0.0,-0.0,0.0,0.0,0.0,0.0,0.0,0.0,0.0,0.0,0.0,-0.0,0.0,-0.0,0.0,0.0,0.0,0.0,0.0,0.0,0.0,0.0,0.134965717792511,-0.15710830688476562,0.13928383588790894,-0.15407103300094604,0.13638877868652344,0.1497691422700882,0.13452383875846863,0.1492631733417511,0.134965717792511,-0.15710830688476562,0.13928383588790894,-0.15407103300094604,0.13638877868652344,0.1497691422700882,0.13452383875846863,0.1492631733417511,-0.0016772589879110456,-0.013852698728442192,0.019468417391180992,-0.017904143780469894,-0.0474177822470665,0.012228554114699364,-0.049882590770721436,0.04951764643192291,0.30000001192092896,0.30000001192092896,0.30000001192092896,0.30000001192092896,0.0,0.0,1.0,0.0,-0.0,1.0,-0.0,-0.9999998807907104,0.30000001192092896,0.30000001192092896,0.30000001192092896,0.30000001192092896
1.2333333333333334,0,0.026629064232110977,-0.022771405056118965,-0.008807113394141197,0.28132444620132446,0.0,0.04640168324112892,0.02080792561173439,0.00577163090929389,1,1,1,1,10.010042190551758,4.353828430175781,3.6397056579589844,10.620209693908691,10.010042190551758,4.353828430175781,3.6397056579589844,10.620209693908691,0,0,0,0,0,0.9999991655349731,0.08002317696809769,-0.31830325722694397,0.07874268293380737,-0.3175683319568634,0.28029775619506836,0.049860019236803055,0.2820633351802826,0.04996618628501892,-0.28045520186424255,0.04993819445371628,-0.28099796175956726,0.04995336756110191,0.0,0.0,0.0,0.0,0.0,0.0,0.0003424470778554678,-0.023115364834666252,0.014556767418980598,-0.011585630476474762,-0.01146063581109047,-0.019905060529708862,-0.010475143790245056,0.022885946556925774,0.00018653302686288953,-0.006285728886723518,0.005377175286412239,-0.006560513749718666,0.0,-0.0,0.0,-0.0,0.0,0.0,0.0,0.0,0.0,0.0,0.0,0.0,0.0,-0.0,0.0,-0.0,0.0,0.0,0.0,0.0,0.0,0.0,0.0,0.0,0.134965717792511,-0.15710830688476562,0.13928383588790894,-0.15407103300094604,0.13638877868652344,0.1497691422700882,0.13452383875846863,0.1492631733417511,0.134965717792511,-0.15710830688476562,0.13928383588790894,-0.15407103300094604,0.13638877868652344,0.1497691422700882,0.13452383875846863,0.1492631733417511,-0.0016772589879110456,-0.013852698728442192,0.019468417391180992,-0.017904143780469894,-0.0474177822470665,0.012228554114699364,-0.049882590770721436,0.04951764643192291,0.30000001192092896,0.30000001192092896,0.30000001192092896,0.30000001192092896,0.0,0.0,1.0,0.0,-0.0,1.0,-0.0,-0.9999998807907104,0.30000001192092896,0.30000001192092896,0.30000001192092896,0.30000001192092896
1.25,0,0.026872791349887848,-0.022782810032367706,-0.005458641331642866,0.2813127040863037,0.0,0.04560906067490578,0.020674504339694977,0.005759078543633223,1,1,1,1,10.267010688781738,4.131108283996582,3.3322362899780273,10.879179954528809,10.267010688781738,4.131108283996582,3.3322362899780273,10.879179954528809,0,0,0,0,0,0.9999991655349731,0.08002433180809021,-0.318302184343338,0.07874161005020142,-0.31756946444511414,0.2805139124393463,0.04985060542821884,0.2822951078414917,0.049975670874118805,-0.28019315004348755,0.04992307722568512,-0.2807280421257019,0.049941156059503555,0.0,0.0,0.0,0.0,0.0,0.0,-0.0017948640743270516,-0.023657407611608505,0.012192859314382076,-0.011679601855576038,-0.010511725209653378,-0.018906721845269203,-0.012698750011622906,0.022495144978165627,-0.000390269240597263,-0.005310854408890009,0.005150789860635996,-0.0064864992164075375,0.0,-0.0,0.0,-0.0,0.0,0.0,0.0,0.0,0.0,0.0,0.0,0.0,0.0,-0.0,0.0,-0.0,0.0,0.0,0.0,0.0,0.0,0.0,0.0,0.0,0.134965717792511,-0.15710830688476562,0.13928383588790894,-0.15407103300094604,0.13638877868652344,0.1497691422700882,0.13452383875846863,0.1492631733417511,0.134965717792511,-0.15710830688476562,0.13928383588790894,-0.15407103300094604,0.13638877868652344,0.1497691422700882,0.13452383875846863,0.1492631733417511,-0.0016772589879110456,-0.013852698728442192,0.019468417391180992,-0.017904143780469894,-0.0474177822470665,0.012228554114699364,-0.049882590770721436,0.04951764643192291,0.30000001192092896,0.30000001192092896,0.30000001192092896,0.30000001192092896,0.0,0.0,1.0,0.0,-0.0,1.0,-0.0,-0.9999998807907104,0.30000001192092896,0.30000001192092896,0.30000001192092896,0.30000001192092896
1.2666666666666666,0,0.027118148282170296,-0.02279091626405716,-0.007172887679189444,0.28130239248275757,0.0,0.043677836656570435,0.020603612065315247,0.005757347214967012,1,1,1,1,10.453264236450195,3.992154598236084,3.1632802486419678,11.040555000305176,10.453264236450195,3.992154598236084,3.1632802486419678,11.040555000305176,0,0,0,0,0,0.9999991655349731,0.08002346754074097,-0.31830325722694397,0.07873949408531189,-0.3175716698169708,0.28072381019592285,0.049840040504932404,0.28252923488616943,0.049983687698841095,-0.27993226051330566,0.04990839958190918,-0.28045782446861267,0.04992694780230522,0.0,0.0,0.0,0.0,0.0,0.0,-0.003283828031271696,-0.021650245413184166,0.01209005806595087,-0.012090878561139107,-0.010887081734836102,-0.017550379037857056,-0.010323389433324337,0.021777821704745293,5.222851177677512e-05,-0.006651935167610645,0.0078042238019406796,-0.004830213729292154,0.0,-0.0,0.0,-0.0,0.0,0.0,0.0,0.0,0.0,0.0,0.0,0.0,0.0,-0.0,0.0,-0.0,0.0,0.0,0.0,0.0,0.0,0.0,0.0,0.0,0.134965717792511,-0.15710830688476562,0.13928383588790894,-0.15407103300094604,0.13638877868652344,0.1497691422700882,0.13452383875846863,0.1492631733417511,0.134965717792511,-0.15710830688476562,0.13928383588790894,-0.15407103300094604,0.13638877868652344,0.1497691422700882,0.13452383875846863,0.1492631733417511,-0.0016772589879110456,-0.013852698728442192,0.019468417391180992,-0.017904143780469894,-0.0474177822470665,0.012228554114699364,-0.049882590770721436,0.04951764643192291,0.30000001192092896,0.30000001192092896,0.30000001192092896,0.30000001192092896,0.0,0.0,1.0,0.0,-0.0,1.0,-0.0,-0.9999998807907104,0.30000001192092896,0.30000001192092896,0.30000001192092896,0.30000001192092896
1.2833333333333332,0,0.02737310156226158,-0.0227997787296772,-0.006594556849449873,0.28128647804260254,0.0,0.04535314440727234,0.020731564611196518,0.005736612714827061,1,1,1,1,10.357551574707031,4.107481479644775,3.395861864089966,10.809377670288086,10.357551574707031,4.107481479644775,3.395861864089966,10.809377670288086,0,0,0,0,0,0.9999991655349731,0.08002264052629471,-0.31830427050590515,0.0787397101521492,-0.31757140159606934,0.28095459938049316,0.0498281791806221,0.28276634216308594,0.04999089241027832,-0.2796677052974701,0.04989220201969147,-0.2801864743232727,0.04991218447685242,0.0,0.0,0.0,0.0,0.0,0.0,-0.0021872851066291332,-0.02284749411046505,0.012831633910536766,-0.011667957529425621,-0.011002035811543465,-0.019152937456965446,-0.011019670404493809,0.02271735854446888,0.0002422030665911734,-0.00645695673301816,0.005380280781537294,-0.005764891859143972,0.0,-0.0,0.0,-0.0,0.0,0.0,0.0,0.0,0.0,0.0,0.0,0.0,0.0,-0.0,0.0,-0.0,0.0,0.0,0.0,0.0,0.0,0.0,0.0,0.0,0.134965717792511,-0.15710830688476562,0.13928383588790894,-0.15407103300094604,0.13638877868652344,0.1497691422700882,0.13452383875846863,0.1492631733417511,0.134965717792511,-0.15710830688476562,0.13928383588790894,-0.15407103300094604,0.13638877868652344,0.1497691422700882,0.13452383875846863,0.1492631733417511,-0.0016772589879110456,-0.013852698728442192,0.019468417391180992,-0.017904143780469894,-0.0474177822470665,0.012228554114699364,-0.049882590770721436,0.04951764643192291,0.30000001192092896,0.30000001192092896,0.30000001192092896,0.30000001192092896,0.0,0.0,1.0,0.0,-0.0,1.0,-0.0,-0.9999998807907104,0.30000001192092896,0.30000001192092896,0.30000001192092896,0.30000001192092896
1.3,0,0.027632642537355423,-0.022821173071861267,-0.006358628161251545,0.2812720537185669,1.0,0.0466611385345459,0.017904166132211685,0.005711414385586977,1,1,1,1,10.555059432983398,3.9759700298309326,3.35150146484375,10.854860305786133,10.555059432983398,3.9759700298309326,3.35150146484375,10.854860305786133,0,0,0,0,0,0.9999991655349731,0.08002230525016785,-0.3183046579360962,0.07873989641666412,-0.317571222782135,0.2811879515647888,0.04981619492173195,0.2830081582069397,0.049997542053461075,-0.2794034481048584,0.04987436160445213,-0.2799130082130432,0.04989516735076904,0.0,0.0,0.0,0.0,0.0,0.0,-0.000887066125869751,-0.02370288223028183,0.013097390532493591,-0.011373918503522873,-0.011225344613194466,-0.02001572772860527,-0.01114329881966114,0.023656515404582024,0.00020518345991149545,-0.006247041281312704,0.004772346932440996,-0.006438648793846369,0.0,-0.0,0.0,-0.0,0.0,0.0,0.0,0.0,0.0,0.0,0.0,0.0,0.0,-0.0,0.0,-0.0,0.0,0.0,0.0,0.0,0.0,0.0,0.0,0.0,0.134965717792511,-0.15710830688476562,0.13928383588790894,-0.15407103300094604,0.13638877868652344,0.1497691422700882,0.13452383875846863,0.1492631733417511,0.134965717792511,-0.15710830688476562,0.13928383588790894,-0.15407103300094604,0.13638877868652344,0.1497691422700882,0.13452383875846863,0.1492631733417511,-0.0016772589879110456,-0.013852698728442192,0.019468417391180992,-0.017904143780469894,-0.0474177822470665,0.012228554114699364,-0.049882590770721436,0.04951764643192291,0.30000001192092896,0.30000001192092896,0.30000001192092896,0.30000001192092896,0.0,0.0,1.0,0.0,-0.0,1.0,-0.0,-0.9999998807907104,0.30000001192092896,0.30000001192092896,0.30000001192092896,0.30000001192092896
1.3166666666666667,0,0.027891507372260094,-0.022836429998278618,-0.005824783816933632,0.2812560498714447,1.0,0.08290426433086395,0.003824431449174881,0.005684425588697195,1,1,1,1,10.4297456741333,4.136965751647949,3.535459041595459,10.721813201904297,10.4297456741333,4.136965751647949,3.535459041595459,10.721813201904297,0,0,0,0,0,0.9999991655349731,0.08002248406410217,-0.31830456852912903,0.07874096930027008,-0.3175700306892395,0.28142249584198,0.049801651388406754,0.28324827551841736,0.050001539289951324,-0.2791393995285034,0.049855656921863556,-0.2796385586261749,0.04987748712301254,0.0,0.0,0.0,0.0,0.0,0.0,0.033935774117708206,-0.041167251765728,0.038697369396686554,0.0015387260355055332,-0.020389379933476448,-0.029381845146417618,-0.008844125084578991,0.027403125539422035,0.006884861271828413,-0.0009951337706297636,-0.007112088613212109,-0.017881304025650024,0.0,-0.0,0.0,-0.0,0.0,0.0,0.0,0.0,0.0,0.0,0.0,0.0,0.0,-0.0,0.0,-0.0,0.0,0.0,0.0,0.0,0.0,0.0,0.0,0.0,0.134965717792511,-0.15710830688476562,0.13928383588790894,-0.15407103300094604,0.13638877868652344,0.1497691422700882,0.13452383875846863,0.1492631733417511,0.134965717792511,-0.15710830688476562,0.13928383588790894,-0.15407103300094604,0.13638877868652344,0.1497691422700882,0.13452383875846863,0.1492631733417511,-0.0016772589879110456,-0.013852698728442192,0.019468417391180992,-0.017904143780469894,-0.0474177822470665,0.012228554114699364,-0.049882590770721436,0.04951764643192291,0.30000001192092896,0.30000001192092896,0.30000001192092896,0.30000001192092896,0.0,0.0,1.0,0.0,-0.0,1.0,-0.0,-0.9999998807907104,0.30000001192092896,0.30000001192092896,0.30000001192092896,0.30000001192092896
1.3333333333333333,0,0.028153065592050552,-0.022856073454022408,-0.005638052709400654,0.28123995661735535,1.0,0.0854925885796547,0.0037487344816327095,0.005654770880937576,1,1,1,1,10.418306350708008,4.158096790313721,3.602266311645508,10.635550498962402,10.418306350708008,4.158096790313721,3.602266311645508,10.635550498962402,0,0,0,0,0,0.9999991655349731,0.08002229034900665,-0.3183048367500305,0.07874201238155365,-0.3175690770149231,0.2816581130027771,0.049787286669015884,0.283490389585495,0.05000562593340874,-0.27887362241744995,0.049834731966257095,-0.2793624997138977,0.04985705390572548,0.0,0.0,0.0,0.0,0.0,0.0,0.036784037947654724,-0.04172216355800629,0.03968191519379616,0.0016642649425193667,-0.02027096040546894,-0.030415520071983337,-0.009207175113260746,0.027216866612434387,0.006504872813820839,-0.000128495303215459,-0.008121435530483723,-0.01918128877878189,0.0,-0.0,0.0,-0.0,0.0,0.0,0.0,0.0,0.0,0.0,0.0,0.0,0.0,-0.0,0.0,-0.0,0.0,0.0,0.0,0.0,0.0,0.0,0.0,0.0,0.134965717792511,-0.15710830688476562,0.13928383588790894,-0.15407103300094604,0.13638877868652344,0.1497691422700882,0.13452383875846863,0.1492631733417511,0.134965717792511,-0.15710830688476562,0.13928383588790894,-0.15407103300094604,0.13638877868652344,0.1497691422700882,0.13452383875846863,0.1492631733417511,-0.0016772589879110456,-0.013852698728442192,0.019468417391180992,-0.017904143780469894,-0.0474177822470665,0.012228554114699364,-0.049882590770721436,0.04951764643192291,0.30000001192092896,0.30000001192092896,0.30000001192092896,0.30000001192092896,0.0,0.0,1.0,0.0,-0.0,1.0,-0.0,-0.9999998807907104,0.30000001192092896,0.30000001192092896,0.30000001192092896,0.30000001192092896
1.35,0,0.02841339446604252,-0.022879477590322495,-0.006437691394239664,0.2812243402004242,1.0,0.08383312821388245,0.0014611324295401573,0.00562081765383482,1,1,1,1,10.630279541015625,3.9831645488739014,3.340390920639038,10.883631706237793,10.630279541015625,3.9831645488739014,3.340390920639038,10.883631706237793,0,0,0,0,0,0.9999991655349731,0.08002282679080963,-0.3183043599128723,0.07874657958745956,-0.31756454706192017,0.2818945348262787,0.04977045953273773,0.2837313115596771,0.05000728741288185,-0.27860918641090393,0.04981215298175812,-0.2790853679180145,0.04983578622341156,0.0,0.0,0.0,0.0,0.0,0.0,0.0349479503929615,-0.0415022075176239,0.03909730538725853,0.0013947091065347195,-0.02019456773996353,-0.02994152158498764,-0.009071500971913338,0.027121512219309807,0.006617329083383083,-0.00045811571180820465,-0.0075213112868368626,-0.018190760165452957,0.0,-0.0,0.0,-0.0,0.0,0.0,0.0,0.0,0.0,0.0,0.0,0.0,0.0,-0.0,0.0,-0.0,0.0,0.0,0.0,0.0,0.0,0.0,0.0,0.0,0.134965717792511,-0.15710830688476562,0.13928383588790894,-0.15407103300094604,0.13638877868652344,0.1497691422700882,0.13452383875846863,0.1492631733417511,0.134965717792511,-0.15710830688476562,0.13928383588790894,-0.15407103300094604,0.13638877868652344,0.1497691422700882,0.13452383875846863,0.1492631733417511,-0.0016772589879110456,-0.013852698728442192,0.019468417391180992,-0.017904143780469894,-0.0474177822470665,0.012228554114699364,-0.049882590770721436,0.04951764643192291,0.30000001192092896,0.30000001192092896,0.30000001192092896,0.30000001192092896,0.0,0.0,1.0,0.0,-0.0,1.0,-0.0,-0.9999998807907104,0.30000001192092896,0.30000001192092896,0.30000001192092896,0.30000001192092896
1.3666666666666667,0,0.028675351291894913,-0.02291143126785755,-0.010589866898953915,0.2812097370624542,1.0,0.08255869150161743,0.0013715443201363087,0.005578506272286177,1,1,1,1,10.528935432434082,4.1439104080200195,3.467931032180786,10.733264923095703,10.528935432434082,4.1439104080200195,3.467931032180786,10.733264923095703,0,0,0,0,0,0.9999991655349731,0.08002316951751709,-0.3183041214942932,0.07874402403831482,-0.3175671100616455,0.28213396668434143,0.049753181636333466,0.2839750647544861,0.050008367747068405,-0.27835044264793396,0.04978781193494797,-0.27880755066871643,0.0498124435544014,0.0,0.0,0.0,0.0,0.0,0.0,0.03306696563959122,-0.04177030548453331,0.03795706480741501,0.001458780956454575,-0.01993163861334324,-0.029472917318344116,-0.009957585483789444,0.02734033390879631,0.006391571834683418,-0.0004603150300681591,-0.008009545505046844,-0.017807310447096825,0.0,-0.0,0.0,-0.0,0.0,0.0,0.0,0.0,0.0,0.0,0.0,0.0,0.0,-0.0,0.0,-0.0,0.0,0.0,0.0,0.0,0.0,0.0,0.0,0.0,0.134965717792511,-0.15710830688476562,0.13928383588790894,-0.15407103300094604,0.13638877868652344,0.1497691422700882,0.13452383875846863,0.1492631733417511,0.134965717792511,-0.15710830688476562,0.13928383588790894,-0.15407103300094604,0.13638877868652344,0.1497691422700882,0.13452383875846863,0.1492631733417511,-0.0016772589879110456,-0.013852698728442192,0.019468417391180992,-0.017904143780469894,-0.0474177822470665,0.012228554114699364,-0.049882590770721436,0.04951764643192291,0.30000001192092896,0.30000001192092896,0.30000001192092896,0.30000001192092896,0.0,0.0,1.0,0.0,-0.0,1.0,-0.0,-0.9999998807907104,0.30000001192092896,0.30000001192092896,0.30000001192092896,0.30000001192092896
1.3833333333333333,0,0.02893759310245514,-0.022939305752515793,-0.0064827315509319305,0.2811931371688843,1.0,0.07435097545385361,0.0014564073644578457,0.005546892061829567,1,1,1,1,10.2267484664917,4.301636695861816,3.4423933029174805,10.417939186096191,10.2267484664917,4.301636695861816,3.4423933029174805,10.417939186096191,0,0,0,0,0,0.9999991655349731,0.08002305775880814,-0.31830427050590515,0.07874828577041626,-0.3175628185272217,0.28237423300743103,0.0497346967458725,0.2842176854610443,0.050008926540613174,-0.2780660390853882,0.04975958541035652,-0.2785305976867676,0.04978686943650246,0.0,0.0,0.0,0.0,0.0,0.0,0.014250130392611027,-0.04301465302705765,0.030795453116297722,-0.001725396723486483,-0.019842073321342468,-0.02788604609668255,-0.01422063261270523,0.02945644222199917,0.004465361125767231,-0.0026804041117429733,-0.010432243347167969,-0.012091330252587795,0.0,-0.0,0.0,-0.0,0.0,0.0,0.0,0.0,0.0,0.0,0.0,0.0,0.0,-0.0,0.0,-0.0,0.0,0.0,0.0,0.0,0.0,0.0,0.0,0.0,0.134965717792511,-0.15710830688476562,0.13928383588790894,-0.15407103300094604,0.13638877868652344,0.1497691422700882,0.13452383875846863,0.1492631733417511,0.134965717792511,-0.15710830688476562,0.13928383588790894,-0.15407103300094604,0.13638877868652344,0.1497691422700882,0.13452383875846863,0.1492631733417511,-0.0016772589879110456,-0.013852698728442192,0.019468417391180992,-0.017904143780469894,-0.0474177822470665,0.012228554114699364,-0.049882590770721436,0.04951764643192291,0.30000001192092896,0.30000001192092896,0.30000001192092896,0.30000001192092896,0.0,0.0,1.0,0.0,-0.0,1.0,-0.0,-0.9999998807907104,0.30000001192092896,0.30000001192092896,0.30000001192092896,0.30000001192092896
1.4,0,0.029204394668340683,-0.022917011752724648,-0.006168130785226822,0.2811748683452606,1.0,0.07424021512269974,0.0015544039197266102,0.005528158508241177,1,1,1,1,10.643121719360352,3.888460397720337,3.671370267868042,10.536566734313965,10.643121719360352,3.888460397720337,3.671370267868042,10.536566734313965,0,0,0,0,0,0.9999991655349731,0.08002256602048874,-0.31830480694770813,0.07874783873558044,-0.3175632357597351,0.28261712193489075,0.04971423000097275,0.28446489572525024,0.05000786855816841,-0.2777949273586273,0.0497405044734478,-0.27826637029647827,0.04978025332093239,0.0,0.0,0.0,0.0,0.0,0.0,0.01419574674218893,-0.04326457530260086,0.030124472454190254,-0.0009437554399482906,-0.01947006583213806,-0.027997946366667747,-0.012833358719944954,0.03049168363213539,0.004468229599297047,-0.0026471507735550404,-0.011049922555685043,-0.011109120212495327,0.0,-0.0,0.0,-0.0,0.0,0.0,0.0,0.0,0.0,0.0,0.0,0.0,0.0,-0.0,0.0,-0.0,0.0,0.0,0.0,0.0,0.0,0.0,0.0,0.0,0.134965717792511,-0.15710830688476562,0.13928383588790894,-0.15407103300094604,0.13638877868652344,0.1497691422700882,0.13452383875846863,0.1492631733417511,0.134965717792511,-0.15710830688476562,0.13928383588790894,-0.15407103300094604,0.13638877868652344,0.1497691422700882,0.13452383875846863,0.1492631733417511,-0.0016772589879110456,-0.013852698728442192,0.019468417391180992,-0.017904143780469894,-0.0474177822470665,0.012228554114699364,-0.049882590770721436,0.04951764643192291,0.30000001192092896,0.30000001192092896,0.30000001192092896,0.30000001192092896,0.0,0.0,1.0,0.0,-0.0,1.0,-0.0,-0.9999998807907104,0.30000001192092896,0.30000001192092896,0.30000001192092896,0.30000001192092896
1.4166666666666667,0,0.029448727145791054,-0.022888092324137688,-0.005860439967364073,0.28116700053215027,1.0,0.07148093730211258,0.0016038171015679836,0.005446699447929859,1,1,1,1,11.045320510864258,3.467372417449951,3.440124273300171,10.906975746154785,11.045320510864258,3.467372417449951,3.440124273300171,10.906975746154785,0,0,0,0,0,0.9999991655349731,0.08002511411905289,-0.3183022439479828,0.07875145971775055,-0.3175596296787262,0.2828557789325714,0.04969404265284538,0.28470394015312195,0.05000597983598709,-0.2775317430496216,0.04971276596188545,-0.2780187427997589,0.049805451184511185,0.0,0.0,0.0,0.0,0.0,0.0,0.012019205838441849,-0.04168546944856644,0.02907584421336651,-0.000976570532657206,-0.019761810079216957,-0.02728324383497238,-0.012931200675666332,0.028943471610546112,0.003946857061237097,-0.002561521017923951,-0.010498017072677612,-0.010432341136038303,0.0,-0.0,0.0,-0.0,0.0,0.0,0.0,0.0,0.0,0.0,0.0,0.0,0.0,-0.0,0.0,-0.0,0.0,0.0,0.0,0.0,0.0,0.0,0.0,0.0,0.134965717792511,-0.15710830688476562,0.13928383588790894,-0.15407103300094604,0.13638877868652344,0.1497691422700882,0.13452383875846863,0.1492631733417511,0.134965717792511,-0.15710830688476562,0.13928383588790894,-0.15407103300094604,0.13638877868652344,0.1497691422700882,0.13452383875846863,0.1492631733417511,-0.0016772589879110456,-0.013852698728442192,0.019468417391180992,-0.017904143780469894,-0.0474177822470665,0.012228554114699364,-0.049882590770721436,0.04951764643192291,0.30000001192092896,0.30000001192092896,0.30000001192092896,0.30000001192092896,0.0,0.0,1.0,0.0,-0.0,1.0,-0.0,-0.9999998807907104,0.30000001192092896,0.30000001192092896,0.30000001192092896,0.30000001192092896
1.4333333333333333,0,0.029692236334085464,-0.022860053926706314,-0.005860318895429373,0.28115057945251465,1.0,0.07169855386018753,0.0014979313127696514,0.005366471596062183,1,1,1,1,11.017708778381348,3.3857016563415527,3.470104932785034,10.915474891662598,11.017708778381348,3.3857016563415527,3.470104932785034,10.915474891662598,0,0,0,0,0,0.9999991655349731,0.08002663403749466,-0.3183005750179291,0.07875391095876694,-0.317557156085968,0.2830945551395416,0.049674142152071,0.2849332094192505,0.05000150948762894,-0.27726683020591736,0.049684226512908936,-0.2777712047100067,0.04982991889119148,0.0,0.0,0.0,0.0,0.0,0.0,0.0135398730635643,-0.041517194360494614,0.030208734795451164,-0.0013205470750108361,-0.01978234201669693,-0.027619462460279465,-0.01199255883693695,0.028340743854641914,0.004285408183932304,-0.0025568727869540453,-0.009320242330431938,-0.0103151248767972,0.0,-0.0,0.0,-0.0,0.0,0.0,0.0,0.0,0.0,0.0,0.0,0.0,0.0,-0.0,0.0,-0.0,0.0,0.0,0.0,0.0,0.0,0.0,0.0,0.0,0.134965717792511,-0.15710830688476562,0.13928383588790894,-0.15407103300094604,0.13638877868652344,0.1497691422700882,0.13452383875846863,0.1492631733417511,0.134965717792511,-0.15710830688476562,0.13928383588790894,-0.15407103300094604,0.13638877868652344,0.1497691422700882,0.13452383875846863,0.1492631733417511,-0.0016772589879110456,-0.013852698728442192,0.019468417391180992,-0.017904143780469894,-0.0474177822470665,0.012228554114699364,-0.049882590770721436,0.04951764643192291,0.30000001192092896,0.30000001192092896,0.30000001192092896,0.30000001192092896,0.0,0.0,1.0,0.0,-0.0,1.0,-0.0,-0.9999998807907104,0.30000001192092896,0.30000001192092896,0.30000001192092896,0.30000001192092896
1.45,0,0.029941895976662636,-0.022828061133623123,-0.008005378767848015,0.2811390459537506,1.0,0.07290530949831009,0.0018016560934484005,0.005288916174322367,1,1,1,1,10.935712814331055,3.4908573627471924,3.319221019744873,10.976285934448242,10.935712814331055,3.4908573627471924,3.319221019744873,10.976285934448242,0,0,0,0,0,0.9999991655349731,0.08002933114767075,-0.31829768419265747,0.07875385880470276,-0.3175572454929352,0.2833368480205536,0.04964855685830116,0.2851744294166565,0.049997374415397644,-0.2769966721534729,0.04965551197528839,-0.27751946449279785,0.04985306039452553,0.0,0.0,0.0,0.0,0.0,0.0,0.018295422196388245,-0.040701430290937424,0.03249769285321236,-5.155988037586212e-05,-0.019658701494336128,-0.028217365965247154,-0.00996040366590023,0.027469452470541,0.006050017196685076,-0.002675297437235713,-0.007945080287754536,-0.01115360576659441,0.0,-0.0,0.0,-0.0,0.0,0.0,0.0,0.0,0.0,0.0,0.0,0.0,0.0,-0.0,0.0,-0.0,0.0,0.0,0.0,0.0,0.0,0.0,0.0,0.0,0.134965717792511,-0.15710830688476562,0.13928383588790894,-0.15407103300094604,0.13638877868652344,0.1497691422700882,0.13452383875846863,0.1492631733417511,0.134965717792511,-0.15710830688476562,0.13928383588790894,-0.15407103300094604,0.13638877868652344,0.1497691422700882,0.13452383875846863,0.1492631733417511,-0.0016772589879110456,-0.013852698728442192,0.019468417391180992,-0.017904143780469894,-0.0474177822470665,0.012228554114699364,-0.049882590770721436,0.04951764643192291,0.30000001192092896,0.30000001192092896,0.30000001192092896,0.30000001192092896,0.0,0.0,1.0,0.0,-0.0,1.0,-0.0,-0.9999998807907104,0.30000001192092896,0.30000001192092896,0.30000001192092896,0.30000001192092896
1.4666666666666666,0,0.03018788993358612,-0.022806493565440178,-0.009295032359659672,0.2811240255832672,1.0,0.07107186317443848,0.0017946111038327217,0.005208008922636509,1,1,1,1,10.908949851989746,3.4813339710235596,3.2183167934417725,11.042888641357422,10.908949851989746,3.4813339710235596,3.2183167934417725,11.042888641357422,0,0,0,0,0,0.9999991655349731,0.08003120869398117,-0.3182956874370575,0.07875628024339676,-0.3175547122955322,0.2835788428783417,0.04962483420968056,0.28540703654289246,0.049991775304079056,-0.27673277258872986,0.04962391406297684,-0.27727028727531433,0.04987448453903198,0.0,0.0,0.0,0.0,0.0,0.0,0.01629672758281231,-0.04028191789984703,0.031241923570632935,0.0001131771132349968,-0.018403656780719757,-0.0279901884496212,-0.01128445565700531,0.02639128640294075,0.006163110490888357,-0.002625871216878295,-0.008899650536477566,-0.010809977538883686,0.0,-0.0,0.0,-0.0,0.0,0.0,0.0,0.0,0.0,0.0,0.0,0.0,0.0,-0.0,0.0,-0.0,0.0,0.0,0.0,0.0,0.0,0.0,0.0,0.0,0.134965717792511,-0.15710830688476562,0.13928383588790894,-0.15407103300094604,0.13638877868652344,0.1497691422700882,0.13452383875846863,0.1492631733417511,0.134965717792511,-0.15710830688476562,0.13928383588790894,-0.15407103300094604,0.13638877868652344,0.1497691422700882,0.13452383875846863,0.1492631733417511,-0.0016772589879110456,-0.013852698728442192,0.019468417391180992,-0.017904143780469894,-0.0474177822470665,0.012228554114699364,-0.049882590770721436,0.04951764643192291,0.30000001192092896,0.30000001192092896,0.30000001192092896,0.30000001192092896,0.0,0.0,1.0,0.0,-0.0,1.0,-0.0,-0.9999998807907104,0.30000001192092896,0.30000001192092896,0.30000001192092896,0.30000001192092896
1.4833333333333334,0,0.03043929859995842,-0.022788096219301224,-0.007632626220583916,0.2811070382595062,1.0,0.07378995418548584,0.0018086982890963554,0.005125897005200386,1,1,1,1,10.870957374572754,3.487609386444092,3.051368236541748,11.150161743164062,10.870957374572754,3.487609386444092,3.051368236541748,11.150161743164062,0,0,0,0,0,0.9999991655349731,0.08003358542919159,-0.318293035030365,0.07875946909189224,-0.31755155324935913,0.2838241457939148,0.0495990514755249,0.28564220666885376,0.04998461529612541,-0.27646490931510925,0.04959091171622276,-0.2770194411277771,0.049895599484443665,0.0,0.0,0.0,0.0,0.0,0.0,0.019344866275787354,-0.041236452758312225,0.033017173409461975,-0.00011537736281752586,-0.019234683364629745,-0.02861221879720688,-0.010779766365885735,0.026950299739837646,0.00628642225638032,-0.0023628626950085163,-0.007981997914612293,-0.011839475482702255,0.0,-0.0,0.0,-0.0,0.0,0.0,0.0,0.0,0.0,0.0,0.0,0.0,0.0,-0.0,0.0,-0.0,0.0,0.0,0.0,0.0,0.0,0.0,0.0,0.0,0.134965717792511,-0.15710830688476562,0.13928383588790894,-0.15407103300094604,0.13638877868652344,0.1497691422700882,0.13452383875846863,0.1492631733417511,0.134965717792511,-0.15710830688476562,0.13928383588790894,-0.15407103300094604,0.13638877868652344,0.1497691422700882,0.13452383875846863,0.1492631733417511,-0.0016772589879110456,-0.013852698728442192,0.019468417391180992,-0.017904143780469894,-0.0474177822470665,0.012228554114699364,-0.049882590770721436,0.04951764643192291,0.30000001192092896,0.30000001192092896,0.30000001192092896,0.30000001192092896,0.0,0.0,1.0,0.0,-0.0,1.0,-0.0,-0.9999998807907104,0.30000001192092896,0.30000001192092896,0.30000001192092896,0.30000001192092896
1.5,0,0.030695021152496338,-0.022777725011110306,-0.011274280026555061,0.2810954451560974,1.0,0.07344776391983032,0.001991087570786476,0.005041360389441252,1,1,1,1,11.327168464660645,3.21472430229187,2.7611536979675293,11.356453895568848,11.327168464660645,3.21472430229187,2.7611536979675293,11.356453895568848,0,0,0,0,0,0.9999991655349731,0.08003625273704529,-0.3182903528213501,0.07876582443714142,-0.31754523515701294,0.2840717136859894,0.04957153648138046,0.28588569164276123,0.04997637867927551,-0.27619510889053345,0.04955583065748215,-0.2767695188522339,0.04991496354341507,0.0,0.0,0.0,0.0,0.0,0.0,0.0188455730676651,-0.04115624725818634,0.03284907713532448,-0.00018195714801549911,-0.01936604455113411,-0.02855161763727665,-0.010807684622704983,0.02677556499838829,0.005924365483224392,-0.0021895754616707563,-0.008235489949584007,-0.011610171757638454,0.0,-0.0,0.0,-0.0,0.0,0.0,0.0,0.0,0.0,0.0,0.0,0.0,0.0,-0.0,0.0,-0.0,0.0,0.0,0.0,0.0,0.0,0.0,0.0,0.0,0.134965717792511,-0.15710830688476562,0.13928383588790894,-0.15407103300094604,0.13638877868652344,0.1497691422700882,0.13452383875846863,0.1492631733417511,0.134965717792511,-0.15710830688476562,0.13928383588790894,-0.15407103300094604,0.13638877868652344,0.1497691422700882,0.13452383875846863,0.1492631733417511,-0.0016772589879110456,-0.013852698728442192,0.019468417391180992,-0.017904143780469894,-0.0474177822470665,0.012228554114699364,-0.049882590770721436,0.04951764643192291,0.30000001192092896,0.30000001192092896,0.30000001192092896,0.30000001192092896,0.0,0.0,1.0,0.0,-0.0,1.0,-0.0,-0.9999998807907104,0.30000001192092896,0.30000001192092896,0.30000001192092896,0.30000001192092896
1.5166666666666666,0,0.030952628701925278,-0.02277507446706295,-0.009892316535115242,0.2810819745063782,1.0,0.07417206466197968,0.0018366724252700806,0.004943685606122017,1,1,1,1,11.565591812133789,3.1087515354156494,2.8048489093780518,11.390386581420898,11.565591812133789,3.1087515354156494,2.8048489093780518,11.390386581420898,0,0,0,0,0,0.9999991655349731,0.08003964275121689,-0.31828683614730835,0.07876883447170258,-0.3175421953201294,0.28432124853134155,0.04954231530427933,0.28612858057022095,0.04996653273701668,-0.27593496441841125,0.04951971769332886,-0.27651575207710266,0.0499332994222641,0.0,0.0,0.0,0.0,0.0,0.0,0.018597425892949104,-0.04189854487776756,0.03264114260673523,-0.001007523969747126,-0.019425950944423676,-0.02874649688601494,-0.012083232402801514,0.026958109810948372,0.005494542885571718,-0.0020143005531281233,-0.008566571399569511,-0.012230186723172665,0.0,-0.0,0.0,-0.0,0.0,0.0,0.0,0.0,0.0,0.0,0.0,0.0,0.0,-0.0,0.0,-0.0,0.0,0.0,0.0,0.0,0.0,0.0,0.0,0.0,0.134965717792511,-0.15710830688476562,0.13928383588790894,-0.15407103300094604,0.13638877868652344,0.1497691422700882,0.13452383875846863,0.1492631733417511,0.134965717792511,-0.15710830688476562,0.13928383588790894,-0.15407103300094604,0.13638877868652344,0.1497691422700882,0.13452383875846863,0.1492631733417511,-0.0016772589879110456,-0.013852698728442192,0.019468417391180992,-0.017904143780469894,-0.0474177822470665,0.012228554114699364,-0.049882590770721436,0.04951764643192291,0.30000001192092896,0.30000001192092896,0.30000001192092896,0.30000001192092896,0.0,0.0,1.0,0.0,-0.0,1.0,-0.0,-0.9999998807907104,0.30000001192092896,0.30000001192092896,0.30000001192092896,0.30000001192092896
1.5333333333333332,0,0.031214391812682152,-0.022780364379286766,-0.008790720254182816,0.2810651361942291,1.0,0.07496929913759232,0.001878497190773487,0.004844965413212776,1,1,1,1,11.540433883666992,3.0091700553894043,2.6839656829833984,11.507943153381348,11.540433883666992,3.0091700553894043,2.6839656829833984,11.507943153381348,0,0,0,0,0,0.9999991655349731,0.08004213869571686,-0.31828418374061584,0.07877209782600403,-0.31753891706466675,0.28457266092300415,0.04951285198330879,0.2863706350326538,0.04995562136173248,-0.27567338943481445,0.04948199540376663,-0.2762611508369446,0.049949806183576584,0.0,0.0,0.0,0.0,0.0,0.0,0.01981554552912712,-0.042060233652591705,0.03300146013498306,-0.0005574398091994226,-0.01923886314034462,-0.029322002083063126,-0.01156719122081995,0.027087228372693062,0.005628978833556175,-0.0017892669420689344,-0.009228445589542389,-0.01232017483562231,0.0,-0.0,0.0,-0.0,0.0,0.0,0.0,0.0,0.0,0.0,0.0,0.0,0.0,-0.0,0.0,-0.0,0.0,0.0,0.0,0.0,0.0,0.0,0.0,0.0,0.134965717792511,-0.15710830688476562,0.13928383588790894,-0.15407103300094604,0.13638877868652344,0.1497691422700882,0.13452383875846863,0.1492631733417511,0.134965717792511,-0.15710830688476562,0.13928383588790894,-0.15407103300094604,0.13638877868652344,0.1497691422700882,0.13452383875846863,0.1492631733417511,-0.0016772589879110456,-0.013852698728442192,0.019468417391180992,-0.017904143780469894,-0.0474177822470665,0.012228554114699364,-0.049882590770721436,0.04951764643192291,0.30000001192092896,0.30000001192092896,0.30000001192092896,0.30000001192092896,0.0,0.0,1.0,0.0,-0.0,1.0,-0.0,-0.9999998807907104,0.30000001192092896,0.30000001192092896,0.30000001192092896,0.30000001192092896
1.55,0,0.03148492053151131,-0.02278299815952778,-0.011390198022127151,0.2810475826263428,1.0,0.07314412295818329,0.0019506150856614113,0.004751871339976788,1,1,1,1,11.735716819763184,2.9229516983032227,2.5439414978027344,11.551291465759277,11.735716819763184,2.9229516983032227,2.5439414978027344,11.551291465759277,0,0,0,0,0,0.9999991655349731,0.08004522323608398,-0.3182809054851532,0.07877662777900696,-0.31753435730934143,0.2848286032676697,0.049480486661195755,0.2866201400756836,0.04994317889213562,-0.2754017412662506,0.04944354668259621,-0.27600395679473877,0.04996591433882713,0.0,0.0,0.0,0.0,0.0,0.0,0.016888896003365517,-0.041323136538267136,0.03147190436720848,0.00017456430941820145,-0.01905791461467743,-0.028531955555081367,-0.010985721834003925,0.0282273106276989,0.005472246557474136,-0.002562199952080846,-0.010290450416505337,-0.011382758617401123,0.0,-0.0,0.0,-0.0,0.0,0.0,0.0,0.0,0.0,0.0,0.0,0.0,0.0,-0.0,0.0,-0.0,0.0,0.0,0.0,0.0,0.0,0.0,0.0,0.0,0.134965717792511,-0.15710830688476562,0.13928383588790894,-0.15407103300094604,0.13638877868652344,0.1497691422700882,0.13452383875846863,0.1492631733417511,0.134965717792511,-0.15710830688476562,0.13928383588790894,-0.15407103300094604,0.13638877868652344,0.1497691422700882,0.13452383875846863,0.1492631733417511,-0.0016772589879110456,-0.013852698728442192,0.019468417391180992,-0.017904143780469894,-0.0474177822470665,0.012228554114699364,-0.049882590770721436,0.04951764643192291,0.30000001192092896,0.30000001192092896,0.30000001192092896,0.30000001192092896,0.0,0.0,1.0,0.0,-0.0,1.0,-0.0,-0.9999998807907104,0.30000001192092896,0.30000001192092896,0.30000001192092896,0.30000001192092896
1.5666666666666667,0,0.03174212947487831,-0.022778404876589775,-0.009432516992092133,0.28103187680244446,1.0,0.07382258027791977,0.0017704619094729424,0.004651746712625027,1,1,1,1,11.684767723083496,2.871558666229248,2.5850651264190674,11.58752155303955,11.684767723083496,2.871558666229248,2.5850651264190674,11.58752155303955,0,0,0,0,0,0.9999991655349731,0.08004837483167648,-0.3182774484157562,0.07877995818853378,-0.31753093004226685,0.2850821018218994,0.04944721236824989,0.286860853433609,0.04993000254034996,-0.2751389443874359,0.04940367862582207,-0.27574923634529114,0.049981217831373215,0.0,0.0,0.0,0.0,0.0,0.0,0.017987851053476334,-0.04185282438993454,0.032930802553892136,-0.0012653295416384935,-0.01934211514890194,-0.029005540534853935,-0.011837145313620567,0.026348773390054703,0.0054265703074634075,-0.0019436265574768186,-0.008506492711603642,-0.01153741404414177,0.0,-0.0,0.0,-0.0,0.0,0.0,0.0,0.0,0.0,0.0,0.0,0.0,0.0,-0.0,0.0,-0.0,0.0,0.0,0.0,0.0,0.0,0.0,0.0,0.0,0.134965717792511,-0.15710830688476562,0.13928383588790894,-0.15407103300094604,0.13638877868652344,0.1497691422700882,0.13452383875846863,0.1492631733417511,0.134965717792511,-0.15710830688476562,0.13928383588790894,-0.15407103300094604,0.13638877868652344,0.1497691422700882,0.13452383875846863,0.1492631733417511,-0.0016772589879110456,-0.013852698728442192,0.019468417391180992,-0.017904143780469894,-0.0474177822470665,0.012228554114699364,-0.049882590770721436,0.04951764643192291,0.30000001192092896,0.30000001192092896,0.30000001192092896,0.30000001192092896,0.0,0.0,1.0,0.0,-0.0,1.0,-0.0,-0.9999998807907104,0.30000001192092896,0.30000001192092896,0.30000001192092896,0.30000001192092896
1.5833333333333333,0,0.03200060874223709,-0.022778568789362907,-0.00874345563352108,0.2810131907463074,1.0,0.07362103462219238,0.001783925574272871,0.004553844220936298,1,1,1,1,11.544394493103027,2.7952911853790283,2.5831429958343506,11.611494064331055,11.544394493103027,2.7952911853790283,2.5831429958343506,11.611494064331055,0,0,0,0,0,0.9999991655349731,0.08005036413669586,-0.31827521324157715,0.07878418266773224,-0.3175266683101654,0.2853374779224396,0.04941433668136597,0.28709888458251953,0.04991576820611954,-0.27487531304359436,0.049361519515514374,-0.2754945755004883,0.04999394714832306,0.0,0.0,0.0,0.0,0.0,0.0,0.017562884837388992,-0.041754186153411865,0.032575324177742004,-0.000657896394841373,-0.019200008362531662,-0.029139265418052673,-0.011318243108689785,0.02679072692990303,0.005374333821237087,-0.0019319007406011224,-0.009342781268060207,-0.011095927096903324,0.0,-0.0,0.0,-0.0,0.0,0.0,0.0,0.0,0.0,0.0,0.0,0.0,0.0,-0.0,0.0,-0.0,0.0,0.0,0.0,0.0,0.0,0.0,0.0,0.0,0.134965717792511,-0.15710830688476562,0.13928383588790894,-0.15407103300094604,0.13638877868652344,0.1497691422700882,0.13452383875846863,0.1492631733417511,0.134965717792511,-0.15710830688476562,0.13928383588790894,-0.15407103300094604,0.13638877868652344,0.1497691422700882,0.13452383875846863,0.1492631733417511,-0.0016772589879110456,-0.013852698728442192,0.019468417391180992,-0.017904143780469894,-0.0474177822470665,0.012228554114699364,-0.049882590770721436,0.04951764643192291,0.30000001192092896,0.30000001192092896,0.30000001192092896,0.30000001192092896,0.0,0.0,1.0,0.0,-0.0,1.0,-0.0,-0.9999998807907104,0.30000001192092896,0.30000001192092896,0.30000001192092896,0.30000001192092896
1.6,0,0.03226068243384361,-0.02277417667210102,-0.008273066021502018,0.2809995114803314,1.0,0.07332929968833923,0.001881732139736414,0.004457173869013786,1,1,1,1,11.662138938903809,2.717820882797241,2.5068795680999756,11.70192813873291,11.662138938903809,2.717820882797241,2.5068795680999756,11.70192813873291,0,0,0,0,0,0.9999991655349731,0.08005339652299881,-0.3182719945907593,0.07878772169351578,-0.31752312183380127,0.2855934798717499,0.04937814548611641,0.2873443365097046,0.04989967122673988,-0.2746111750602722,0.04931829869747162,-0.275238573551178,0.050005991011857986,0.0,0.0,0.0,0.0,0.0,0.0,0.017113788053393364,-0.04178018495440483,0.03278232365846634,-0.000974671624135226,-0.01924186572432518,-0.029191531240940094,-0.011320032179355621,0.026224564760923386,0.005265295971184969,-0.0018002367578446865,-0.008995400741696358,-0.010627470910549164,0.0,-0.0,0.0,-0.0,0.0,0.0,0.0,0.0,0.0,0.0,0.0,0.0,0.0,-0.0,0.0,-0.0,0.0,0.0,0.0,0.0,0.0,0.0,0.0,0.0,0.134965717792511,-0.15710830688476562,0.13928383588790894,-0.15407103300094604,0.13638877868652344,0.1497691422700882,0.13452383875846863,0.1492631733417511,0.134965717792511,-0.15710830688476562,0.13928383588790894,-0.15407103300094604,0.13638877868652344,0.1497691422700882,0.13452383875846863,0.1492631733417511,-0.0016772589879110456,-0.013852698728442192,0.019468417391180992,-0.017904143780469894,-0.0474177822470665,0.012228554114699364,-0.049882590770721436,0.04951764643192291,0.30000001192092896,0.30000001192092896,0.30000001192092896,0.30000001192092896,0.0,0.0,1.0,0.0,-0.0,1.0,-0.0,-0.9999998807907104,0.30000001192092896,0.30000001192092896,0.30000001192092896,0.30000001192092896
1.6166666666666667,0,0.03253208473324776,-0.0227680504322052,-0.0079962108284235,0.28098005056381226,1.0,0.07264306396245956,0.0019330806098878384,0.004361322149634361,1,1,1,1,11.845341682434082,2.716752052307129,2.407802104949951,11.712141036987305,11.845341682434082,2.716752052307129,2.407802104949951,11.712141036987305,0,0,0,0,0,0.9999991655349731,0.08005361258983612,-0.318271666765213,0.07879170030355453,-0.31751909852027893,0.28585323691368103,0.04933881014585495,0.28759336471557617,0.04988224431872368,-0.27433550357818604,0.04927348718047142,-0.2749798595905304,0.05001677945256233,0.0,0.0,0.0,0.0,0.0,0.0,0.017302650958299637,-0.041141390800476074,0.031907178461551666,3.6833807826042175e-05,-0.0189491119235754,-0.02859491854906082,-0.01054792944341898,0.027237748727202415,0.005510509479790926,-0.002201031194999814,-0.009209065698087215,-0.010818516835570335,0.0,-0.0,0.0,-0.0,0.0,0.0,0.0,0.0,0.0,0.0,0.0,0.0,0.0,-0.0,0.0,-0.0,0.0,0.0,0.0,0.0,0.0,0.0,0.0,0.0,0.134965717792511,-0.15710830688476562,0.13928383588790894,-0.15407103300094604,0.13638877868652344,0.1497691422700882,0.13452383875846863,0.1492631733417511,0.134965717792511,-0.15710830688476562,0.13928383588790894,-0.15407103300094604,0.13638877868652344,0.1497691422700882,0.13452383875846863,0.1492631733417511,-0.0016772589879110456,-0.013852698728442192,0.019468417391180992,-0.017904143780469894,-0.0474177822470665,0.012228554114699364,-0.049882590770721436,0.04951764643192291,0.30000001192092896,0.30000001192092896,0.30000001192092896,0.30000001192092896,0.0,0.0,1.0,0.0,-0.0,1.0,-0.0,-0.9999998807907104,0.30000001192092896,0.30000001192092896,0.30000001192092896,0.30000001192092896
1.6333333333333333,0,0.03280187025666237,-0.02276616171002388,-0.007340972777456045,0.28096285462379456,1.0,0.07334374636411667,0.0019534029997885227,0.004256776534020901,1,1,1,1,11.938214302062988,2.6683006286621094,2.4055325984954834,11.783126831054688,11.938214302062988,2.6683006286621094,2.4055325984954834,11.783126831054688,0,0,0,0,0,0.9999991655349731,0.08005686104297638,-0.3182682991027832,0.07879580557346344,-0.31751489639282227,0.2861160337924957,0.04929887875914574,0.2878437340259552,0.04986346513032913,-0.27406519651412964,0.049226369708776474,-0.27471923828125,0.050026245415210724,0.0,0.0,0.0,0.0,0.0,0.0,0.017352601513266563,-0.04155492037534714,0.03292535990476608,-0.0007631744374521077,-0.019096551463007927,-0.029276836663484573,-0.011045311577618122,0.026223046705126762,0.005292849615216255,-0.0018195934826508164,-0.009454989805817604,-0.010702264495193958,0.0,-0.0,0.0,-0.0,0.0,0.0,0.0,0.0,0.0,0.0,0.0,0.0,0.0,-0.0,0.0,-0.0,0.0,0.0,0.0,0.0,0.0,0.0,0.0,0.0,0.134965717792511,-0.15710830688476562,0.13928383588790894,-0.15407103300094604,0.13638877868652344,0.1497691422700882,0.13452383875846863,0.1492631733417511,0.134965717792511,-0.15710830688476562,0.13928383588790894,-0.15407103300094604,0.13638877868652344,0.1497691422700882,0.13452383875846863,0.1492631733417511,-0.0016772589879110456,-0.013852698728442192,0.019468417391180992,-0.017904143780469894,-0.0474177822470665,0.012228554114699364,-0.049882590770721436,0.04951764643192291,0.30000001192092896,0.30000001192092896,0.30000001192092896,0.30000001192092896,0.0,0.0,1.0,0.0,-0.0,1.0,-0.0,-0.9999998807907104,0.30000001192092896,0.30000001192092896,0.30000001192092896,0.30000001192092896
1.65,0,0.03305811062455177,-0.022661609575152397,-0.000566157337743789,0.280954509973526,1.0,0.07410352677106857,0.0017957738600671291,0.004220902454108,1,1,1,1,10.897104263305664,3.626710891723633,3.6346187591552734,10.69328784942627,10.897104263305664,3.626710891723633,3.6346187591552734,10.69328784942627,0,0,0,0,0,0.9999991655349731,0.08005833625793457,-0.31826677918434143,0.07879935204982758,-0.31751129031181335,0.2863757908344269,0.04925677552819252,0.2880980968475342,0.049843285232782364,-0.27382034063339233,0.0492599755525589,-0.2744597792625427,0.05003788322210312,0.0,0.0,0.0,0.0,0.0,0.0,0.017904838547110558,-0.04197126254439354,0.033586740493774414,-0.0007815214921720326,-0.018977347761392593,-0.029817799106240273,-0.011247681453824043,0.025844469666481018,0.0052546970546245575,-0.001540068187750876,-0.009586154483258724,-0.010719927959144115,0.0,-0.0,0.0,-0.0,0.0,0.0,0.0,0.0,0.0,0.0,0.0,0.0,0.0,-0.0,0.0,-0.0,0.0,0.0,0.0,0.0,0.0,0.0,0.0,0.0,0.134965717792511,-0.15710830688476562,0.13928383588790894,-0.15407103300094604,0.13638877868652344,0.1497691422700882,0.13452383875846863,0.1492631733417511,0.134965717792511,-0.15710830688476562,0.13928383588790894,-0.15407103300094604,0.13638877868652344,0.1497691422700882,0.13452383875846863,0.1492631733417511,-0.0016772589879110456,-0.013852698728442192,0.019468417391180992,-0.017904143780469894,-0.0474177822470665,0.012228554114699364,-0.049882590770721436,0.04951764643192291,0.30000001192092896,0.30000001192092896,0.30000001192092896,0.30000001192092896,0.0,0.0,1.0,0.0,-0.0,1.0,-0.0,-0.9999998807907104,0.30000001192092896,0.30000001192092896,0.30000001192092896,0.30000001192092896
1.6666666666666667,0,0.033319585025310516,-0.022539377212524414,0.0018210855778306723,0.28094011545181274,1.0,0.07872423529624939,0.0018350044265389442,0.0042145736515522,1,1,1,1,10.557836532592773,3.935116767883301,3.763524293899536,10.48188591003418,10.557836532592773,3.935116767883301,3.763524293899536,10.48188591003418,0,0,0,0,0,0.9999990463256836,0.08005782961845398,-0.31826725602149963,0.07879741489887238,-0.31751319766044617,0.28663599491119385,0.04921045899391174,0.28835228085517883,0.04982151463627815,-0.27357468008995056,0.049302373081445694,-0.2741970121860504,0.050047822296619415,0.0,0.0,0.0,0.0,0.0,0.0,0.021170485764741898,-0.043248966336250305,0.03707120567560196,-0.0010602480033412576,-0.020205184817314148,-0.030597662553191185,-0.012034776620566845,0.026904679834842682,0.006156385876238346,-0.00253208726644516,-0.009283026680350304,-0.012640939094126225,0.0,-0.0,0.0,-0.0,0.0,0.0,0.0,0.0,0.0,0.0,0.0,0.0,0.0,-0.0,0.0,-0.0,0.0,0.0,0.0,0.0,0.0,0.0,0.0,0.0,0.134965717792511,-0.15710830688476562,0.13928383588790894,-0.15407103300094604,0.13638877868652344,0.1497691422700882,0.13452383875846863,0.1492631733417511,0.134965717792511,-0.15710830688476562,0.13928383588790894,-0.15407103300094604,0.13638877868652344,0.1497691422700882,0.13452383875846863,0.1492631733417511,-0.0016772589879110456,-0.013852698728442192,0.019468417391180992,-0.017904143780469894,-0.0474177822470665,0.012228554114699364,-0.049882590770721436,0.04951764643192291,0.30000001192092896,0.30000001192092896,0.30000001192092896,0.30000001192092896,0.0,0.0,1.0,0.0,-0.0,1.0,-0.0,-0.9999998807907104,0.30000001192092896,0.30000001192092896,0.30000001192092896,0.30000001192092896
1.6833333333333333,0,0.03358545899391174,-0.02242179401218891,0.0019308335613459349,0.28092482686042786,1.0,0.07592412829399109,0.0018301219679415226,0.004206511192023754,1,1,1,1,10.461634635925293,4.057332992553711,3.8700897693634033,10.35209846496582,10.461634635925293,4.057332992553711,3.8700897693634033,10.35209846496582,0,0,0,0,0,0.9999990463256836,0.08005676418542862,-0.3182682991027832,0.07879605144262314,-0.31751441955566406,0.28689759969711304,0.049164142459630966,0.2886087894439697,0.049798525869846344,-0.27332738041877747,0.04934358224272728,-0.2739322781562805,0.05005576089024544,0.0,0.0,0.0,0.0,0.0,0.0,0.019990764558315277,-0.04236462712287903,0.0324922613799572,-0.0005156369297765195,-0.01952330768108368,-0.028179846704006195,-0.01245876308530569,0.029412610456347466,0.0054895696230232716,-0.002742806216701865,-0.009992655366659164,-0.013452540151774883,0.0,-0.0,0.0,-0.0,0.0,0.0,0.0,0.0,0.0,0.0,0.0,0.0,0.0,-0.0,0.0,-0.0,0.0,0.0,0.0,0.0,0.0,0.0,0.0,0.0,0.134965717792511,-0.15710830688476562,0.13928383588790894,-0.15407103300094604,0.13638877868652344,0.1497691422700882,0.13452383875846863,0.1492631733417511,0.134965717792511,-0.15710830688476562,0.13928383588790894,-0.15407103300094604,0.13638877868652344,0.1497691422700882,0.13452383875846863,0.1492631733417511,-0.0016772589879110456,-0.013852698728442192,0.019468417391180992,-0.017904143780469894,-0.0474177822470665,0.012228554114699364,-0.049882590770721436,0.04951764643192291,0.30000001192092896,0.30000001192092896,0.30000001192092896,0.30000001192092896,0.0,0.0,1.0,0.0,-0.0,1.0,-0.0,-0.9999998807907104,0.30000001192092896,0.30000001192092896,0.30000001192092896,0.30000001192092896
1.7,0,0.03385201841592789,-0.02230534516274929,0.001817740616388619,0.2809097468852997,1.0,0.07572853565216064,0.001541506964713335,0.004198396112769842,1,1,1,1,10.311452865600586,4.197141647338867,3.9964733123779297,10.227784156799316,10.311452865600586,4.197141647338867,3.9964733123779297,10.227784156799316,0,0,0,0,0,0.9999989867210388,0.08005524426698685,-0.3182699382305145,0.07879464328289032,-0.3175158202648163,0.28715959191322327,0.04911687225103378,0.2888660430908203,0.04977446794509888,-0.273080050945282,0.04938312619924545,-0.2736666202545166,0.050061505287885666,0.0,0.0,0.0,0.0,0.0,0.0,0.019468704238533974,-0.042330287396907806,0.032957132905721664,-0.0009268053690902889,-0.01974247209727764,-0.028115656226873398,-0.012326597236096859,0.02909129299223423,0.005713453516364098,-0.0030756054911762476,-0.009257537312805653,-0.013060890138149261,0.0,-0.0,0.0,-0.0,0.0,0.0,0.0,0.0,0.0,0.0,0.0,0.0,0.0,-0.0,0.0,-0.0,0.0,0.0,0.0,0.0,0.0,0.0,0.0,0.0,0.134965717792511,-0.15710830688476562,0.13928383588790894,-0.15407103300094604,0.13638877868652344,0.1497691422700882,0.13452383875846863,0.1492631733417511,0.134965717792511,-0.15710830688476562,0.13928383588790894,-0.15407103300094604,0.13638877868652344,0.1497691422700882,0.13452383875846863,0.1492631733417511,-0.0016772589879110456,-0.013852698728442192,0.019468417391180992,-0.017904143780469894,-0.0474177822470665,0.012228554114699364,-0.049882590770721436,0.04951764643192291,0.30000001192092896,0.30000001192092896,0.30000001192092896,0.30000001192092896,0.0,0.0,1.0,0.0,-0.0,1.0,-0.0,-0.9999998807907104,0.30000001192092896,0.30000001192092896,0.30000001192092896,0.30000001192092896
1.7166666666666666,0,0.03411043435335159,-0.022214846685528755,0.001506760367192328,0.2808917164802551,1.0,0.07591810822486877,0.0016279835253953934,0.004123244434595108,1,1,1,1,9.496199607849121,4.930084705352783,5.099640369415283,9.257657051086426,9.496199607849121,4.930084705352783,5.099640369415283,9.257657051086426,0,0,0,0,0,0.999998927116394,0.08005703240633011,-0.31826820969581604,0.07879645377397537,-0.31751400232315063,0.2874174118041992,0.04907095059752464,0.2891106903553009,0.0497862733900547,-0.2728423476219177,0.04941939190030098,-0.273402601480484,0.05006704479455948,0.0,0.0,0.0,0.0,0.0,0.0,0.01909826137125492,-0.04245205223560333,0.03282013162970543,-0.0008869005832821131,-0.019777243956923485,-0.028211375698447227,-0.012502048164606094,0.029416630044579506,0.005735328886657953,-0.003247546497732401,-0.009734933264553547,-0.013108070008456707,0.0,-0.0,0.0,-0.0,0.0,0.0,0.0,0.0,0.0,0.0,0.0,0.0,0.0,-0.0,0.0,-0.0,0.0,0.0,0.0,0.0,0.0,0.0,0.0,0.0,0.134965717792511,-0.15710830688476562,0.13928383588790894,-0.15407103300094604,0.13638877868652344,0.1497691422700882,0.13452383875846863,0.1492631733417511,0.134965717792511,-0.15710830688476562,0.13928383588790894,-0.15407103300094604,0.13638877868652344,0.1497691422700882,0.13452383875846863,0.1492631733417511,-0.0016772589879110456,-0.013852698728442192,0.019468417391180992,-0.017904143780469894,-0.0474177822470665,0.012228554114699364,-0.049882590770721436,0.04951764643192291,0.30000001192092896,0.30000001192092896,0.30000001192092896,0.30000001192092896,0.0,0.0,1.0,0.0,-0.0,1.0,-0.0,-0.9999998807907104,0.30000001192092896,0.30000001192092896,0.30000001192092896,0.30000001192092896
1.7333333333333334,0,0.034368846565485,-0.02212921343743801,0.0022332496009767056,0.2808740437030792,1.0,0.07522771507501602,0.0016477182507514954,0.004030084237456322,1,1,1,1,9.246393203735352,5.177143573760986,5.316166400909424,9.002674102783203,9.246393203735352,5.177143573760986,5.316166400909424,9.002674102783203,0,0,0,0,0,0.999998927116394,0.08005993068218231,-0.31826525926589966,0.07879887521266937,-0.3175113797187805,0.2876749336719513,0.049022797495126724,0.2893553078174591,0.0498100109398365,-0.27260828018188477,0.049454670399427414,-0.27313631772994995,0.050068702548742294,0.0,0.0,0.0,0.0,0.0,0.0,0.016707170754671097,-0.04265178367495537,0.03203549236059189,-0.0012880826834589243,-0.01996421441435814,-0.028098436072468758,-0.013161757029592991,0.02959432452917099,0.005034516099840403,-0.003321804804727435,-0.010290744714438915,-0.012391318567097187,0.0,-0.0,0.0,-0.0,0.0,0.0,0.0,0.0,0.0,0.0,0.0,0.0,0.0,-0.0,0.0,-0.0,0.0,0.0,0.0,0.0,0.0,0.0,0.0,0.0,0.134965717792511,-0.15710830688476562,0.13928383588790894,-0.15407103300094604,0.13638877868652344,0.1497691422700882,0.13452383875846863,0.1492631733417511,0.134965717792511,-0.15710830688476562,0.13928383588790894,-0.15407103300094604,0.13638877868652344,0.1497691422700882,0.13452383875846863,0.1492631733417511,-0.0016772589879110456,-0.013852698728442192,0.019468417391180992,-0.017904143780469894,-0.0474177822470665,0.012228554114699364,-0.049882590770721436,0.04951764643192291,0.30000001192092896,0.30000001192092896,0.30000001192092896,0.30000001192092896,0.0,0.0,1.0,0.0,-0.0,1.0,-0.0,-0.9999998807907104,0.30000001192092896,0.30000001192092896,0.30000001192092896,0.30000001192092896
1.75,0,0.034632232040166855,-0.022053612396121025,0.0011516268132254481,0.28085577487945557,1.0,0.07544202357530594,0.0016468544490635395,0.00393344322219491,1,1,1,1,9.14374828338623,5.256019115447998,5.3785786628723145,8.926032066345215,9.14374828338623,5.256019115447998,5.3785786628723145,8.926032066345215,0,0,0,0,0,0.999998927116394,0.08006256073713303,-0.31826263666152954,0.07880272716283798,-0.31750738620758057,0.28793343901634216,0.048974569886922836,0.2896026074886322,0.049833521246910095,-0.2723728120326996,0.04948883876204491,-0.2728669047355652,0.0500684417784214,0.0,0.0,0.0,0.0,0.0,0.0,0.01851942203938961,-0.04263567924499512,0.0326312892138958,-0.0008915790822356939,-0.01949852891266346,-0.02820693328976631,-0.012372185476124287,0.02925228700041771,0.0055950721725821495,-0.0029519121162593365,-0.009372314438223839,-0.012356485240161419,0.0,-0.0,0.0,-0.0,0.0,0.0,0.0,0.0,0.0,0.0,0.0,0.0,0.0,-0.0,0.0,-0.0,0.0,0.0,0.0,0.0,0.0,0.0,0.0,0.0,0.134965717792511,-0.15710830688476562,0.13928383588790894,-0.15407103300094604,0.13638877868652344,0.1497691422700882,0.13452383875846863,0.1492631733417511,0.134965717792511,-0.15710830688476562,0.13928383588790894,-0.15407103300094604,0.13638877868652344,0.1497691422700882,0.13452383875846863,0.1492631733417511,-0.0016772589879110456,-0.013852698728442192,0.019468417391180992,-0.017904143780469894,-0.0474177822470665,0.012228554114699364,-0.049882590770721436,0.04951764643192291,0.30000001192092896,0.30000001192092896,0.30000001192092896,0.30000001192092896,0.0,0.0,1.0,0.0,-0.0,1.0,-0.0,-0.9999998807907104,0.30000001192092896,0.30000001192092896,0.30000001192092896,0.30000001192092896
1.7666666666666666,0,0.034894928336143494,-0.02196764200925827,0.0020548964384943247,0.28083670139312744,1.0,0.07614760100841522,0.001657712273299694,0.0038408904802054167,1,1,1,1,8.874958038330078,5.639358043670654,5.758897304534912,8.51827335357666,8.874958038330078,5.639358043670654,5.758897304534912,8.51827335357666,0,0,0,0,0,0.9999988675117493,0.08006545156240463,-0.31825974583625793,0.0788082480430603,-0.31750163435935974,0.2881925702095032,0.048923466354608536,0.28984925150871277,0.04985536262392998,-0.27213460206985474,0.04952261596918106,-0.27259740233421326,0.05006799101829529,0.0,0.0,0.0,0.0,0.0,0.0,0.019122863188385963,-0.042881473898887634,0.03302999585866928,-0.0010272521758452058,-0.0195870753377676,-0.02855481021106243,-0.0125435097143054,0.029212050139904022,0.005593632813543081,-0.0028545702807605267,-0.009544729255139828,-0.012714674696326256,0.0,-0.0,0.0,-0.0,0.0,0.0,0.0,0.0,0.0,0.0,0.0,0.0,0.0,-0.0,0.0,-0.0,0.0,0.0,0.0,0.0,0.0,0.0,0.0,0.0,0.134965717792511,-0.15710830688476562,0.13928383588790894,-0.15407103300094604,0.13638877868652344,0.1497691422700882,0.13452383875846863,0.1492631733417511,0.134965717792511,-0.15710830688476562,0.13928383588790894,-0.15407103300094604,0.13638877868652344,0.1497691422700882,0.13452383875846863,0.1492631733417511,-0.0016772589879110456,-0.013852698728442192,0.019468417391180992,-0.017904143780469894,-0.0474177822470665,0.012228554114699364,-0.049882590770721436,0.04951764643192291,0.30000001192092896,0.30000001192092896,0.30000001192092896,0.30000001192092896,0.0,0.0,1.0,0.0,-0.0,1.0,-0.0,-0.9999998807907104,0.30000001192092896,0.30000001192092896,0.30000001192092896,0.30000001192092896
1.7833333333333332,0,0.03515487536787987,-0.021887999027967453,0.002965381136164069,0.28082072734832764,1.0,0.07538364082574844,0.0016420637257397175,0.0037491568364202976,1,1,1,1,8.625467300415039,5.819500923156738,5.9565019607543945,8.342257499694824,8.625467300415039,5.819500923156738,5.9565019607543945,8.342257499694824,0,0,0,0,0,0.9999988079071045,0.08006808161735535,-0.3182571232318878,0.07881090044975281,-0.31749898195266724,0.2884502708911896,0.0488721989095211,0.2900966703891754,0.049876317381858826,-0.27190083265304565,0.04955453425645828,-0.27232712507247925,0.05006518214941025,0.0,0.0,0.0,0.0,0.0,0.0,0.01850801147520542,-0.042643748223781586,0.03290674835443497,-0.0010625157738104463,-0.019327878952026367,-0.028383027762174606,-0.012324204668402672,0.028854764997959137,0.005579119082540274,-0.002917296253144741,-0.009231011383235455,-0.012213869020342827,0.0,-0.0,0.0,-0.0,0.0,0.0,0.0,0.0,0.0,0.0,0.0,0.0,0.0,-0.0,0.0,-0.0,0.0,0.0,0.0,0.0,0.0,0.0,0.0,0.0,0.134965717792511,-0.15710830688476562,0.13928383588790894,-0.15407103300094604,0.13638877868652344,0.1497691422700882,0.13452383875846863,0.1492631733417511,0.134965717792511,-0.15710830688476562,0.13928383588790894,-0.15407103300094604,0.13638877868652344,0.1497691422700882,0.13452383875846863,0.1492631733417511,-0.0016772589879110456,-0.013852698728442192,0.019468417391180992,-0.017904143780469894,-0.0474177822470665,0.012228554114699364,-0.049882590770721436,0.04951764643192291,0.30000001192092896,0.30000001192092896,0.30000001192092896,0.30000001192092896,0.0,0.0,1.0,0.0,-0.0,1.0,-0.0,-0.9999998807907104,0.30000001192092896,0.30000001192092896,0.30000001192092896,0.30000001192092896
1.8,0,0.03541146591305733,-0.021844662725925446,-0.002175770001485944,0.28080883622169495,1.0,0.07556252926588058,0.0016412660479545593,0.003705585841089487,1,1,1,1,9.369503021240234,5.2982940673828125,5.467296600341797,8.771988868713379,9.369503021240234,5.2982940673828125,5.467296600341797,8.771988868713379,0,0,0,0,0,0.9999988079071045,0.08006896823644638,-0.3182561695575714,0.07881230860948563,-0.31749746203422546,0.2886977195739746,0.04885149747133255,0.2903421223163605,0.049897175282239914,-0.2716667950153351,0.049587149173021317,-0.2720593810081482,0.050058867782354355,0.0,0.0,0.0,0.0,0.0,0.0,0.01897687278687954,-0.04249092563986778,0.03296028822660446,-0.000796136271674186,-0.019414883106946945,-0.028273316100239754,-0.011984785087406635,0.029244182631373405,0.005803115665912628,-0.003135252743959427,-0.009187215007841587,-0.012409452348947525,0.0,-0.0,0.0,-0.0,0.0,0.0,0.0,0.0,0.0,0.0,0.0,0.0,0.0,-0.0,0.0,-0.0,0.0,0.0,0.0,0.0,0.0,0.0,0.0,0.0,0.134965717792511,-0.15710830688476562,0.13928383588790894,-0.15407103300094604,0.13638877868652344,0.1497691422700882,0.13452383875846863,0.1492631733417511,0.134965717792511,-0.15710830688476562,0.13928383588790894,-0.15407103300094604,0.13638877868652344,0.1497691422700882,0.13452383875846863,0.1492631733417511,-0.0016772589879110456,-0.013852698728442192,0.019468417391180992,-0.017904143780469894,-0.0474177822470665,0.012228554114699364,-0.049882590770721436,0.04951764643192291,0.30000001192092896,0.30000001192092896,0.30000001192092896,0.30000001192092896,0.0,0.0,1.0,0.0,-0.0,1.0,-0.0,-0.9999998807907104,0.30000001192092896,0.30000001192092896,0.30000001192092896,0.30000001192092896
1.8166666666666667,0,0.03560920059680939,-0.021842123940587044,-0.002503789961338043,0.2808302342891693,1.0,0.06531298160552979,0.0012552309781312943,0.003783678635954857,1,1,1,1,9.518914222717285,4.6065144538879395,5.005545616149902,9.612984657287598,9.518914222717285,4.6065144538879395,5.005545616149902,9.612984657287598,0,0,0,0,0,0.9999988079071045,0.08006343990564346,-0.31826215982437134,0.07880700379610062,-0.31750309467315674,0.2888919413089752,0.0488923117518425,0.29056739807128906,0.04991687089204788,-0.2714477479457855,0.0496145524084568,-0.27181321382522583,0.05005529522895813,0.0,0.0,0.0,0.0,0.0,0.0,0.008005335927009583,-0.03828893601894379,0.03117886371910572,-0.002322827000170946,-0.018680362030863762,-0.02478734403848648,-0.011900088749825954,0.02313658967614174,0.005032156594097614,-0.0039043929427862167,-0.005401906091719866,-0.006936172489076853,0.0,-0.0,0.0,-0.0,0.0,0.0,0.0,0.0,0.0,0.0,0.0,0.0,0.0,-0.0,0.0,-0.0,0.0,0.0,0.0,0.0,0.0,0.0,0.0,0.0,0.134965717792511,-0.15710830688476562,0.13928383588790894,-0.15407103300094604,0.13638877868652344,0.1497691422700882,0.13452383875846863,0.1492631733417511,0.134965717792511,-0.15710830688476562,0.13928383588790894,-0.15407103300094604,0.13638877868652344,0.1497691422700882,0.13452383875846863,0.1492631733417511,-0.0016772589879110456,-0.013852698728442192,0.019468417391180992,-0.017904143780469894,-0.0474177822470665,0.012228554114699364,-0.049882590770721436,0.04951764643192291,0.30000001192092896,0.30000001192092896,0.30000001192092896,0.30000001192092896,0.0,0.0,1.0,0.0,-0.0,1.0,-0.0,-0.9999998807907104,0.30000001192092896,0.30000001192092896,0.30000001192092896,0.30000001192092896
1.8333333333333333,0,0.03581354394555092,-0.02184380032122135,-0.003090707352384925,0.28084811568260193,1.0,0.07122784852981567,0.0012726057320833206,0.003857618197798729,1,1,1,1,9.570463180541992,4.591627597808838,4.960787773132324,9.610952377319336,9.570463180541992,4.591627597808838,4.960787773132324,9.610952377319336,0,0,0,0,0,0.999998927116394,0.08005848526954651,-0.3182673156261444,0.07880253344774246,-0.3175077438354492,0.2890905737876892,0.048931460827589035,0.2907942533493042,0.0499357134103775,-0.2712276577949524,0.049641840159893036,-0.2715657949447632,0.05005113035440445,0.0,0.0,0.0,0.0,0.0,0.0,0.014963539317250252,-0.04053368419408798,0.031403135508298874,-0.0008391088922508061,-0.019032470881938934,-0.026933323591947556,-0.011403447017073631,0.02771208994090557,0.005556193646043539,-0.003475702367722988,-0.008707650937139988,-0.010735290125012398,0.0,-0.0,0.0,-0.0,0.0,0.0,0.0,0.0,0.0,0.0,0.0,0.0,0.0,-0.0,0.0,-0.0,0.0,0.0,0.0,0.0,0.0,0.0,0.0,0.0,0.134965717792511,-0.15710830688476562,0.13928383588790894,-0.15407103300094604,0.13638877868652344,0.1497691422700882,0.13452383875846863,0.1492631733417511,0.134965717792511,-0.15710830688476562,0.13928383588790894,-0.15407103300094604,0.13638877868652344,0.1497691422700882,0.13452383875846863,0.1492631733417511,-0.0016772589879110456,-0.013852698728442192,0.019468417391180992,-0.017904143780469894,-0.0474177822470665,0.012228554114699364,-0.049882590770721436,0.04951764643192291,0.30000001192092896,0.30000001192092896,0.30000001192092896,0.30000001192092896,0.0,0.0,1.0,0.0,-0.0,1.0,-0.0,-0.9999998807907104,0.30000001192092896,0.30000001192092896,0.30000001192092896,0.30000001192092896
1.8499999999999999,0,0.03602227568626404,-0.021851560100913048,-0.0034623693209141493,0.28086403012275696,1.0,0.07228714227676392,0.0021076747216284275,0.0039302874356508255,1,1,1,1,9.599885940551758,4.575314044952393,4.931919097900391,9.62834358215332,9.599885940551758,4.575314044952393,4.931919097900391,9.62834358215332,0,0,0,0,0,0.999998927116394,0.08005359768867493,-0.3182724416255951,0.07879775762557983,-0.3175126910209656,0.28929123282432556,0.04897027835249901,0.2910224199295044,0.049953605979681015,-0.2710058391094208,0.049668148159980774,-0.2713170647621155,0.05004554241895676,0.0,0.0,0.0,0.0,0.0,0.0,0.01595771126449108,-0.040866345167160034,0.0318416953086853,-0.0006712459726259112,-0.0190652497112751,-0.027488403022289276,-0.01158242765814066,0.02788754366338253,0.005618435330688953,-0.0033452981151640415,-0.00925492774695158,-0.0112696448341012,0.0,-0.0,0.0,-0.0,0.0,0.0,0.0,0.0,0.0,0.0,0.0,0.0,0.0,-0.0,0.0,-0.0,0.0,0.0,0.0,0.0,0.0,0.0,0.0,0.0,0.134965717792511,-0.15710830688476562,0.13928383588790894,-0.15407103300094604,0.13638877868652344,0.1497691422700882,0.13452383875846863,0.1492631733417511,0.134965717792511,-0.15710830688476562,0.13928383588790894,-0.15407103300094604,0.13638877868652344,0.1497691422700882,0.13452383875846863,0.1492631733417511,-0.0016772589879110456,-0.013852698728442192,0.019468417391180992,-0.017904143780469894,-0.0474177822470665,0.012228554114699364,-0.049882590770721436,0.04951764643192291,0.30000001192092896,0.30000001192092896,0.30000001192092896,0.30000001192092896,0.0,0.0,1.0,0.0,-0.0,1.0,-0.0,-0.9999998807907104,0.30000001192092896,0.30000001192092896,0.30000001192092896,0.30000001192092896
1.8666666666666667,0,0.03623441234230995,-0.021862925961613655,-0.003478158498182893,0.2808779180049896,1.0,0.07232513278722763,0.0016337856650352478,0.004002769012004137,1,1,1,1,9.631546974182129,4.540222644805908,4.911944389343262,9.64435863494873,9.631546974182129,4.540222644805908,4.911944389343262,9.64435863494873,0,0,0,0,0,0.999998927116394,0.08004866540431976,-0.3182777166366577,0.0787932500243187,-0.31751736998558044,0.28949326276779175,0.049008674919605255,0.2912510335445404,0.04997021704912186,-0.270782470703125,0.04969377443194389,-0.27106791734695435,0.05003884434700012,0.0,0.0,0.0,0.0,0.0,0.0,0.01591799221932888,-0.04106355831027031,0.03179164603352547,-0.000809691206086427,-0.01894533447921276,-0.02754366397857666,-0.011866741813719273,0.02775277942419052,0.005478073377162218,-0.0031691452022641897,-0.009187468327581882,-0.011264298111200333,0.0,-0.0,0.0,-0.0,0.0,0.0,0.0,0.0,0.0,0.0,0.0,0.0,0.0,-0.0,0.0,-0.0,0.0,0.0,0.0,0.0,0.0,0.0,0.0,0.0,0.134965717792511,-0.15710830688476562,0.13928383588790894,-0.15407103300094604,0.13638877868652344,0.1497691422700882,0.13452383875846863,0.1492631733417511,0.134965717792511,-0.15710830688476562,0.13928383588790894,-0.15407103300094604,0.13638877868652344,0.1497691422700882,0.13452383875846863,0.1492631733417511,-0.0016772589879110456,-0.013852698728442192,0.019468417391180992,-0.017904143780469894,-0.0474177822470665,0.012228554114699364,-0.049882590770721436,0.04951764643192291,0.30000001192092896,0.30000001192092896,0.30000001192092896,0.30000001192092896,0.0,0.0,1.0,0.0,-0.0,1.0,-0.0,-0.9999998807907104,0.30000001192092896,0.30000001192092896,0.30000001192092896,0.30000001192092896
1.8833333333333333,0,0.03645282983779907,-0.021874485537409782,-0.0035055617336183786,0.28088846802711487,1.0,0.07670105248689651,0.0016096001490950584,0.004078879486769438,1,1,1,1,9.61623477935791,4.604978084564209,4.936344146728516,9.588532447814941,9.61623477935791,4.604978084564209,4.936344146728516,9.588532447814941,0,0,0,0,0,0.9999989867210388,0.08004356920719147,-0.3182830512523651,0.07879021763801575,-0.3175205588340759,0.28969818353652954,0.049046605825424194,0.2914816439151764,0.04998641833662987,-0.2705514430999756,0.04971861094236374,-0.2708171308040619,0.0500309094786644,0.0,0.0,0.0,0.0,0.0,0.0,0.023864304646849632,-0.040669165551662445,0.034192685037851334,-0.0002844971604645252,-0.01973830908536911,-0.02887202613055706,-0.010061264969408512,0.02861201949417591,0.00597859313711524,-0.0031269309110939503,-0.009407036937773228,-0.014603427611291409,0.0,-0.0,0.0,-0.0,0.0,0.0,0.0,0.0,0.0,0.0,0.0,0.0,0.0,-0.0,0.0,-0.0,0.0,0.0,0.0,0.0,0.0,0.0,0.0,0.0,0.134965717792511,-0.15710830688476562,0.13928383588790894,-0.15407103300094604,0.13638877868652344,0.1497691422700882,0.13452383875846863,0.1492631733417511,0.134965717792511,-0.15710830688476562,0.13928383588790894,-0.15407103300094604,0.13638877868652344,0.1497691422700882,0.13452383875846863,0.1492631733417511,-0.0016772589879110456,-0.013852698728442192,0.019468417391180992,-0.017904143780469894,-0.0474177822470665,0.012228554114699364,-0.049882590770721436,0.04951764643192291,0.30000001192092896,0.30000001192092896,0.30000001192092896,0.30000001192092896,0.0,0.0,1.0,0.0,-0.0,1.0,-0.0,-0.9999998807907104,0.30000001192092896,0.30000001192092896,0.30000001192092896,0.30000001192092896
1.9,0,0.03667318820953369,-0.021908016875386238,-0.004750527441501617,0.28089970350265503,1.0,0.07353038340806961,0.001623980700969696,0.004147449973970652,1,1,1,1,9.653636932373047,4.37043571472168,4.7662200927734375,9.770416259765625,9.653636932373047,4.37043571472168,4.7662200927734375,9.770416259765625,0,0,0,0,0,0.9999990463256836,0.08003868162631989,-0.3182882070541382,0.07878763973712921,-0.3175233006477356,0.28990375995635986,0.04908480867743492,0.2917124629020691,0.050001781433820724,-0.2703259587287903,0.04974081739783287,-0.27056679129600525,0.050020765513181686,0.0,0.0,0.0,0.0,0.0,0.0,0.01856985315680504,-0.04101753979921341,0.032437555491924286,-0.000707693281583488,-0.01904473453760147,-0.02786797098815441,-0.011631254106760025,0.027863124385476112,0.005543740466237068,-0.0029838697519153357,-0.009045802056789398,-0.012422358617186546,0.0,-0.0,0.0,-0.0,0.0,0.0,0.0,0.0,0.0,0.0,0.0,0.0,0.0,-0.0,0.0,-0.0,0.0,0.0,0.0,0.0,0.0,0.0,0.0,0.0,0.134965717792511,-0.15710830688476562,0.13928383588790894,-0.15407103300094604,0.13638877868652344,0.1497691422700882,0.13452383875846863,0.1492631733417511,0.134965717792511,-0.15710830688476562,0.13928383588790894,-0.15407103300094604,0.13638877868652344,0.1497691422700882,0.13452383875846863,0.1492631733417511,-0.0016772589879110456,-0.013852698728442192,0.019468417391180992,-0.017904143780469894,-0.0474177822470665,0.012228554114699364,-0.049882590770721436,0.04951764643192291,0.30000001192092896,0.30000001192092896,0.30000001192092896,0.30000001192092896,0.0,0.0,1.0,0.0,-0.0,1.0,-0.0,-0.9999998807907104,0.30000001192092896,0.30000001192092896,0.30000001192092896,0.30000001192092896
1.9166666666666667,0,0.03689590469002724,-0.021935800090432167,-0.005408539902418852,0.28090623021125793,1.0,0.07396073639392853,0.0014376994222402573,0.004214438144117594,1,1,1,1,9.746707916259766,4.526001453399658,4.826323986053467,9.68944263458252,9.746707916259766,4.526001453399658,4.826323986053467,9.68944263458252,0,0,0,0,0,0.9999990463256836,0.08003353327512741,-0.31829357147216797,0.07878241688013077,-0.3175286650657654,0.2901110351085663,0.049120791256427765,0.2919412851333618,0.050014927983284,-0.2700994312763214,0.04976346716284752,-0.2703145444393158,0.05000968649983406,0.0,0.0,0.0,0.0,0.0,0.0,0.018592115491628647,-0.04136482998728752,0.03256448730826378,-0.0009285730193369091,-0.01908724196255207,-0.028100864961743355,-0.011784490197896957,0.027980422601103783,0.005706801079213619,-0.0030003334395587444,-0.009009834378957748,-0.01239596214145422,0.0,-0.0,0.0,-0.0,0.0,0.0,0.0,0.0,0.0,0.0,0.0,0.0,0.0,-0.0,0.0,-0.0,0.0,0.0,0.0,0.0,0.0,0.0,0.0,0.0,0.134965717792511,-0.15710830688476562,0.13928383588790894,-0.15407103300094604,0.13638877868652344,0.1497691422700882,0.13452383875846863,0.1492631733417511,0.134965717792511,-0.15710830688476562,0.13928383588790894,-0.15407103300094604,0.13638877868652344,0.1497691422700882,0.13452383875846863,0.1492631733417511,-0.0016772589879110456,-0.013852698728442192,0.019468417391180992,-0.017904143780469894,-0.0474177822470665,0.012228554114699364,-0.049882590770721436,0.04951764643192291,0.30000001192092896,0.30000001192092896,0.30000001192092896,0.30000001192092896,0.0,0.0,1.0,0.0,-0.0,1.0,-0.0,-0.9999998807907104,0.30000001192092896,0.30000001192092896,0.30000001192092896,0.30000001192092896
1.9333333333333333,0,0.03712446615099907,-0.021962285041809082,-0.008562054485082626,0.28091099858283997,1.0,0.07380916178226471,0.001658332534134388,0.0042876857332885265,1,1,1,1,9.793946266174316,4.576827526092529,4.915254592895508,9.607707023620605,9.793946266174316,4.576827526092529,4.915254592895508,9.607707023620605,0,0,0,0,0,0.9999990463256836,0.08002861589193344,-0.3182987570762634,0.07878022640943527,-0.3175309896469116,0.2903214991092682,0.049156975001096725,0.2921731770038605,0.05002724751830101,-0.2698661983013153,0.04978625103831291,-0.2700614333152771,0.04999750480055809,0.0,0.0,0.0,0.0,0.0,0.0,0.017972344532608986,-0.041442614048719406,0.03251086547970772,-0.0008959176484495401,-0.018916543573141098,-0.028157273307442665,-0.012092284858226776,0.02784867398440838,0.00563806714490056,-0.0030365295242518187,-0.009290705434978008,-0.012238171882927418,0.0,-0.0,0.0,-0.0,0.0,0.0,0.0,0.0,0.0,0.0,0.0,0.0,0.0,-0.0,0.0,-0.0,0.0,0.0,0.0,0.0,0.0,0.0,0.0,0.0,0.134965717792511,-0.15710830688476562,0.13928383588790894,-0.15407103300094604,0.13638877868652344,0.1497691422700882,0.13452383875846863,0.1492631733417511,0.134965717792511,-0.15710830688476562,0.13928383588790894,-0.15407103300094604,0.13638877868652344,0.1497691422700882,0.13452383875846863,0.1492631733417511,-0.0016772589879110456,-0.013852698728442192,0.019468417391180992,-0.017904143780469894,-0.0474177822470665,0.012228554114699364,-0.049882590770721436,0.04951764643192291,0.30000001192092896,0.30000001192092896,0.30000001192092896,0.30000001192092896,0.0,0.0,1.0,0.0,-0.0,1.0,-0.0,-0.9999998807907104,0.30000001192092896,0.30000001192092896,0.30000001192092896,0.30000001192092896
1.95,0,0.03734753280878067,-0.021993489935994148,-0.00530215771868825,0.2809191942214966,1.0,0.07413886487483978,0.0015726033598184586,0.004361141473054886,1,1,1,1,9.695779800415039,4.542561054229736,4.823256969451904,9.669334411621094,9.695779800415039,4.542561054229736,4.823256969451904,9.669334411621094,0,0,0,0,0,0.9999990463256836,0.08002324402332306,-0.3183043599128723,0.07877522706985474,-0.3175361752510071,0.2905306816101074,0.04919305443763733,0.29240405559539795,0.05003996193408966,-0.26963672041893005,0.04980648308992386,-0.26980915665626526,0.04998292773962021,0.0,0.0,0.0,0.0,0.0,0.0,0.015700746327638626,-0.04226592928171158,0.03156125918030739,-0.0018849821062758565,-0.01954459398984909,-0.027195004746317863,-0.014092412777245045,0.029355712234973907,0.005368492566049099,-0.0037379476707428694,-0.00872151181101799,-0.012775414623320103,0.0,-0.0,0.0,-0.0,0.0,0.0,0.0,0.0,0.0,0.0,0.0,0.0,0.0,-0.0,0.0,-0.0,0.0,0.0,0.0,0.0,0.0,0.0,0.0,0.0,0.134965717792511,-0.15710830688476562,0.13928383588790894,-0.15407103300094604,0.13638877868652344,0.1497691422700882,0.13452383875846863,0.1492631733417511,0.134965717792511,-0.15710830688476562,0.13928383588790894,-0.15407103300094604,0.13638877868652344,0.1497691422700882,0.13452383875846863,0.1492631733417511,-0.0016772589879110456,-0.013852698728442192,0.019468417391180992,-0.017904143780469894,-0.0474177822470665,0.012228554114699364,-0.049882590770721436,0.04951764643192291,0.30000001192092896,0.30000001192092896,0.30000001192092896,0.30000001192092896,0.0,0.0,1.0,0.0,-0.0,1.0,-0.0,-0.9999998807907104,0.30000001192092896,0.30000001192092896,0.30000001192092896,0.30000001192092896
1.9666666666666666,0,0.037573881447315216,-0.022023025900125504,-0.005228325724601746,0.28092652559280396,1.0,0.07310546934604645,0.0016028406098484993,0.0044320449233055115,1,1,1,1,9.689279556274414,4.558840751647949,4.84063720703125,9.637836456298828,9.689279556274414,4.558840751647949,4.84063720703125,9.637836456298828,0,0,0,0,0,0.9999990463256836,0.08001793920993805,-0.31830984354019165,0.0787709653377533,-0.3175404965877533,0.2907417416572571,0.04922773689031601,0.29263684153556824,0.05005093663930893,-0.26940640807151794,0.04982632026076317,-0.2695561945438385,0.0499676838517189,0.0,0.0,0.0,0.0,0.0,0.0,0.016991613432765007,-0.041343335062265396,0.031549252569675446,-0.0011520925909280777,-0.018925772979855537,-0.02753642201423645,-0.012365930713713169,0.028415653854608536,0.005419760011136532,-0.003209638176485896,-0.009236712008714676,-0.012163210660219193,0.0,-0.0,0.0,-0.0,0.0,0.0,0.0,0.0,0.0,0.0,0.0,0.0,0.0,-0.0,0.0,-0.0,0.0,0.0,0.0,0.0,0.0,0.0,0.0,0.0,0.134965717792511,-0.15710830688476562,0.13928383588790894,-0.15407103300094604,0.13638877868652344,0.1497691422700882,0.13452383875846863,0.1492631733417511,0.134965717792511,-0.15710830688476562,0.13928383588790894,-0.15407103300094604,0.13638877868652344,0.1497691422700882,0.13452383875846863,0.1492631733417511,-0.0016772589879110456,-0.013852698728442192,0.019468417391180992,-0.017904143780469894,-0.0474177822470665,0.012228554114699364,-0.049882590770721436,0.04951764643192291,0.30000001192092896,0.30000001192092896,0.30000001192092896,0.30000001192092896,0.0,0.0,1.0,0.0,-0.0,1.0,-0.0,-0.9999998807907104,0.30000001192092896,0.30000001192092896,0.30000001192092896,0.30000001192092896
1.9833333333333334,0,0.037801001220941544,-0.022050270810723305,-0.006770821753889322,0.280929833650589,1.0,0.07379051297903061,0.0015537585131824017,0.004502204712480307,1,1,1,1,9.788228988647461,4.550759792327881,4.774153709411621,9.705387115478516,9.788228988647461,4.550759792327881,4.774153709411621,9.705387115478516,0,0,0,0,0,0.9999990463256836,0.08001354336738586,-0.31831449270248413,0.07876679301261902,-0.3175448179244995,0.29095369577407837,0.04926060140132904,0.2928663194179535,0.050059281289577484,-0.26917630434036255,0.04984581843018532,-0.26930293440818787,0.049951858818531036,0.0,0.0,0.0,0.0,0.0,0.0,0.01724262535572052,-0.04163395240902901,0.03216343745589256,-0.0012468139175325632,-0.019124194979667664,-0.027866022661328316,-0.012476297095417976,0.02839801087975502,0.005443319212645292,-0.0032613433431833982,-0.009139273315668106,-0.012253883294761181,0.0,-0.0,0.0,-0.0,0.0,0.0,0.0,0.0,0.0,0.0,0.0,0.0,0.0,-0.0,0.0,-0.0,0.0,0.0,0.0,0.0,0.0,0.0,0.0,0.0,0.134965717792511,-0.15710830688476562,0.13928383588790894,-0.15407103300094604,0.13638877868652344,0.1497691422700882,0.13452383875846863,0.1492631733417511,0.134965717792511,-0.15710830688476562,0.13928383588790894,-0.15407103300094604,0.13638877868652344,0.1497691422700882,0.13452383875846863,0.1492631733417511,-0.0016772589879110456,-0.013852698728442192,0.019468417391180992,-0.017904143780469894,-0.0474177822470665,0.012228554114699364,-0.049882590770721436,0.04951764643192291,0.30000001192092896,0.30000001192092896,0.30000001192092896,0.30000001192092896,0.0,0.0,1.0,0.0,-0.0,1.0,-0.0,-0.9999998807907104,0.30000001192092896,0.30000001192092896,0.30000001192092896,0.30000001192092896
2.0,0,0.03802888095378876,-0.022075265645980835,-0.009563242085278034,0.2809379994869232,1.0,0.07409446686506271,0.001650043297559023,0.004579134285449982,1,1,1,1,9.502103805541992,4.810700416564941,5.252254486083984,9.545797348022461,9.502103805541992,4.810700416564941,5.252254486083984,9.545797348022461,0,0,0,0,0,0.9999990463256836,0.08000770211219788,-0.31832051277160645,0.07876194268465042,-0.3175497055053711,0.2911672294139862,0.04929398000240326,0.2931021451950073,0.050068002194166183,-0.2689394950866699,0.049863144755363464,-0.26905056834220886,0.04993332549929619,0.0,0.0,0.0,0.0,0.0,0.0,0.017371371388435364,-0.041806843131780624,0.03252919018268585,-0.0012015685206279159,-0.018979262560606003,-0.028308819979429245,-0.012568032369017601,0.028043948113918304,0.005509003531187773,-0.0031269926112145185,-0.00934267695993185,-0.012140356004238129,0.0,-0.0,0.0,-0.0,0.0,0.0,0.0,0.0,0.0,0.0,0.0,0.0,0.0,-0.0,0.0,-0.0,0.0,0.0,0.0,0.0,0.0,0.0,0.0,0.0,0.134965717792511,-0.15710830688476562,0.13928383588790894,-0.15407103300094604,0.13638877868652344,0.1497691422700882,0.13452383875846863,0.1492631733417511,0.134965717792511,-0.15710830688476562,0.13928383588790894,-0.15407103300094604,0.13638877868652344,0.1497691422700882,0.13452383875846863,0.1492631733417511,-0.0016772589879110456,-0.013852698728442192,0.019468417391180992,-0.017904143780469894,-0.0474177822470665,0.012228554114699364,-0.049882590770721436,0.04951764643192291,0.30000001192092896,0.30000001192092896,0.30000001192092896,0.30000001192092896,0.0,0.0,1.0,0.0,-0.0,1.0,-0.0,-0.9999998807907104,0.30000001192092896,0.30000001192092896,0.30000001192092896,0.30000001192092896
2.0166666666666666,0,0.038256581872701645,-0.022108882665634155,-0.005925290752202272,0.2809275984764099,1.0,0.07493383437395096,0.0016004848293960094,0.004648393485695124,1,1,1,1,9.63461971282959,4.7431640625,4.8706254959106445,9.545665740966797,9.63461971282959,4.7431640625,4.8706254959106445,9.545665740966797,0,0,0,0,0,0.9999990463256836,0.08000296354293823,-0.31832534074783325,0.07875815033912659,-0.31755363941192627,0.29138052463531494,0.04932628944516182,0.29331713914871216,0.05007554963231087,-0.26870715618133545,0.049880173057317734,-0.2687963843345642,0.04991420358419418,0.0,0.0,0.0,0.0,0.0,0.0,0.017777355387806892,-0.04206634312868118,0.0326659120619297,-0.0011738635366782546,-0.01929708942770958,-0.028188113123178482,-0.013063131831586361,0.028796739876270294,0.0055795288644731045,-0.0033786394633352757,-0.009332213550806046,-0.012827564962208271,0.0,-0.0,0.0,-0.0,0.0,0.0,0.0,0.0,0.0,0.0,0.0,0.0,0.0,-0.0,0.0,-0.0,0.0,0.0,0.0,0.0,0.0,0.0,0.0,0.0,0.134965717792511,-0.15710830688476562,0.13928383588790894,-0.15407103300094604,0.13638877868652344,0.1497691422700882,0.13452383875846863,0.1492631733417511,0.134965717792511,-0.15710830688476562,0.13928383588790894,-0.15407103300094604,0.13638877868652344,0.1497691422700882,0.13452383875846863,0.1492631733417511,-0.0016772589879110456,-0.013852698728442192,0.019468417391180992,-0.017904143780469894,-0.0474177822470665,0.012228554114699364,-0.049882590770721436,0.04951764643192291,0.30000001192092896,0.30000001192092896,0.30000001192092896,0.30000001192092896,0.0,0.0,1.0,0.0,-0.0,1.0,-0.0,-0.9999998807907104,0.30000001192092896,0.30000001192092896,0.30000001192092896,0.30000001192092896
2.033333333333333,0,0.038486503064632416,-0.02214338816702366,-0.005792061798274517,0.28093278408050537,1.0,0.0732928141951561,0.001597043126821518,0.00473117595538497,1,1,1,1,9.759271621704102,4.534708499908447,4.760048866271973,9.680390357971191,9.759271621704102,4.534708499908447,4.760048866271973,9.680390357971191,0,0,0,0,0,0.9999991655349731,0.07999765127897263,-0.31833091378211975,0.07875366508960724,-0.31755825877189636,0.2915951907634735,0.04935743287205696,0.2935506999492645,0.05008185654878616,-0.2684728503227234,0.04989608749747276,-0.2685425579547882,0.049893442541360855,0.0,0.0,0.0,0.0,0.0,0.0,0.01730983518064022,-0.04143265262246132,0.03243105858564377,-0.001218322548083961,-0.01870514079928398,-0.02797762118279934,-0.012124857865273952,0.027679191902279854,0.005642279051244259,-0.0031239010859280825,-0.008715175092220306,-0.011787950061261654,0.0,-0.0,0.0,-0.0,0.0,0.0,0.0,0.0,0.0,0.0,0.0,0.0,0.0,-0.0,0.0,-0.0,0.0,0.0,0.0,0.0,0.0,0.0,0.0,0.0,0.134965717792511,-0.15710830688476562,0.13928383588790894,-0.15407103300094604,0.13638877868652344,0.1497691422700882,0.13452383875846863,0.1492631733417511,0.134965717792511,-0.15710830688476562,0.13928383588790894,-0.15407103300094604,0.13638877868652344,0.1497691422700882,0.13452383875846863,0.1492631733417511,-0.0016772589879110456,-0.013852698728442192,0.019468417391180992,-0.017904143780469894,-0.0474177822470665,0.012228554114699364,-0.049882590770721436,0.04951764643192291,0.30000001192092896,0.30000001192092896,0.30000001192092896,0.30000001192092896,0.0,0.0,1.0,0.0,-0.0,1.0,-0.0,-0.9999998807907104,0.30000001192092896,0.30000001192092896,0.30000001192092896,0.30000001192092896
2.05,0,0.03872166574001312,-0.022191394120454788,-0.0063933865167200565,0.28093576431274414,1.0,0.07375179976224899,0.0015600458718836308,0.004802201874554157,1,1,1,1,9.877416610717773,4.420332908630371,4.664684772491455,9.773397445678711,9.877416610717773,4.420332908630371,4.664684772491455,9.773397445678711,0,0,0,0,0,0.9999991655349731,0.07999272644519806,-0.31833598017692566,0.07875074446201324,-0.3175612986087799,0.29181212186813354,0.04938816279172897,0.2937854826450348,0.05008669197559357,-0.26823729276657104,0.04990897700190544,-0.2682839334011078,0.04987091198563576,0.0,0.0,0.0,0.0,0.0,0.0,0.0172144565731287,-0.04165017977356911,0.03230292722582817,-0.0009936202550306916,-0.01872568391263485,-0.02830815687775612,-0.012324514798820019,0.02806805819272995,0.005422953516244888,-0.003114066319540143,-0.009504244662821293,-0.011943113058805466,0.0,-0.0,0.0,-0.0,0.0,0.0,0.0,0.0,0.0,0.0,0.0,0.0,0.0,-0.0,0.0,-0.0,0.0,0.0,0.0,0.0,0.0,0.0,0.0,0.0,0.134965717792511,-0.15710830688476562,0.13928383588790894,-0.15407103300094604,0.13638877868652344,0.1497691422700882,0.13452383875846863,0.1492631733417511,0.134965717792511,-0.15710830688476562,0.13928383588790894,-0.15407103300094604,0.13638877868652344,0.1497691422700882,0.13452383875846863,0.1492631733417511,-0.0016772589879110456,-0.013852698728442192,0.019468417391180992,-0.017904143780469894,-0.0474177822470665,0.012228554114699364,-0.049882590770721436,0.04951764643192291,0.30000001192092896,0.30000001192092896,0.30000001192092896,0.30000001192092896,0.0,0.0,1.0,0.0,-0.0,1.0,-0.0,-0.9999998807907104,0.30000001192092896,0.30000001192092896,0.30000001192092896,0.30000001192092896
2.0666666666666664,0,0.03896484524011612,-0.02223275788128376,-0.0064507825300097466,0.2809351980686188,1.0,0.07448296248912811,0.0017662565223872662,0.004884634166955948,1,1,1,1,9.883617401123047,4.389718532562256,4.623410224914551,9.7764892578125,9.883617401123047,4.389718532562256,4.623410224914551,9.7764892578125,0,0,0,0,0,0.9999991655349731,0.0799870640039444,-0.31834182143211365,0.07874826341867447,-0.31756386160850525,0.292032390832901,0.04941890388727188,0.29402410984039307,0.05009136348962784,-0.2679934799671173,0.049923621118068695,-0.26802194118499756,0.04984727501869202,0.0,0.0,0.0,0.0,0.0,0.0,0.017746377736330032,-0.04194088652729988,0.03272941708564758,-0.0009682310628704727,-0.018809529021382332,-0.028689861297607422,-0.012318538501858711,0.02813391014933586,0.005638647358864546,-0.0030960149597376585,-0.00967899989336729,-0.012097745202481747,0.0,-0.0,0.0,-0.0,0.0,0.0,0.0,0.0,0.0,0.0,0.0,0.0,0.0,-0.0,0.0,-0.0,0.0,0.0,0.0,0.0,0.0,0.0,0.0,0.0,0.134965717792511,-0.15710830688476562,0.13928383588790894,-0.15407103300094604,0.13638877868652344,0.1497691422700882,0.13452383875846863,0.1492631733417511,0.134965717792511,-0.15710830688476562,0.13928383588790894,-0.15407103300094604,0.13638877868652344,0.1497691422700882,0.13452383875846863,0.1492631733417511,-0.0016772589879110456,-0.013852698728442192,0.019468417391180992,-0.017904143780469894,-0.0474177822470665,0.012228554114699364,-0.049882590770721436,0.04951764643192291,0.30000001192092896,0.30000001192092896,0.30000001192092896,0.30000001192092896,0.0,0.0,1.0,0.0,-0.0,1.0,-0.0,-0.9999998807907104,0.30000001192092896,0.30000001192092896,0.30000001192092896,0.30000001192092896
2.0833333333333335,0,0.03920312225818634,-0.022273318842053413,-0.006149571854621172,0.28093671798706055,1.0,0.07369955629110336,0.0016626212745904922,0.00495661236345768,1,1,1,1,9.854447364807129,4.4804582595825195,4.688156604766846,9.720237731933594,9.854447364807129,4.4804582595825195,4.688156604766846,9.720237731933594,0,0,0,0,0,0.9999991655349731,0.07998134940862656,-0.31834784150123596,0.07874240726232529,-0.3175698220729828,0.2922525107860565,0.04944784194231033,0.2942613959312439,0.05009423568844795,-0.26775431632995605,0.04993566498160362,-0.2677598297595978,0.049821920692920685,0.0,0.0,0.0,0.0,0.0,0.0,0.016815965995192528,-0.04175867512822151,0.032090529799461365,-0.0010889549739658833,-0.0188298299908638,-0.028216104954481125,-0.012513069435954094,0.028230752795934677,0.005360045004636049,-0.003167825983837247,-0.009498410858213902,-0.011866945773363113,0.0,-0.0,0.0,-0.0,0.0,0.0,0.0,0.0,0.0,0.0,0.0,0.0,0.0,-0.0,0.0,-0.0,0.0,0.0,0.0,0.0,0.0,0.0,0.0,0.0,0.134965717792511,-0.15710830688476562,0.13928383588790894,-0.15407103300094604,0.13638877868652344,0.1497691422700882,0.13452383875846863,0.1492631733417511,0.134965717792511,-0.15710830688476562,0.13928383588790894,-0.15407103300094604,0.13638877868652344,0.1497691422700882,0.13452383875846863,0.1492631733417511,-0.0016772589879110456,-0.013852698728442192,0.019468417391180992,-0.017904143780469894,-0.0474177822470665,0.012228554114699364,-0.049882590770721436,0.04951764643192291,0.30000001192092896,0.30000001192092896,0.30000001192092896,0.30000001192092896,0.0,0.0,1.0,0.0,-0.0,1.0,-0.0,-0.9999998807907104,0.30000001192092896,0.30000001192092896,0.30000001192092896,0.30000001192092896
2.1,0,0.03944326564669609,-0.02231246419250965,-0.006773548666387796,0.28093820810317993,1.0,0.07431923598051071,0.0016209585592150688,0.0050298068672418594,1,1,1,1,9.878665924072266,4.456092357635498,4.673748970031738,9.709861755371094,9.878665924072266,4.456092357635498,4.673748970031738,9.709861755371094,0,0,0,0,0,0.9999991655349731,0.07997650653123856,-0.3183527886867523,0.07873724400997162,-0.31757500767707825,0.29247167706489563,0.04947669804096222,0.29450029134750366,0.05009598657488823,-0.2675146460533142,0.04994778707623482,-0.2674967646598816,0.04979534447193146,0.0,0.0,0.0,0.0,0.0,0.0,0.017693255096673965,-0.04182557389140129,0.03211178258061409,-0.0010417929152026772,-0.018890809267759323,-0.028288494795560837,-0.012693521566689014,0.02858654223382473,0.005345329642295837,-0.0031832000240683556,-0.009819887578487396,-0.012574361637234688,0.0,-0.0,0.0,-0.0,0.0,0.0,0.0,0.0,0.0,0.0,0.0,0.0,0.0,-0.0,0.0,-0.0,0.0,0.0,0.0,0.0,0.0,0.0,0.0,0.0,0.134965717792511,-0.15710830688476562,0.13928383588790894,-0.15407103300094604,0.13638877868652344,0.1497691422700882,0.13452383875846863,0.1492631733417511,0.134965717792511,-0.15710830688476562,0.13928383588790894,-0.15407103300094604,0.13638877868652344,0.1497691422700882,0.13452383875846863,0.1492631733417511,-0.0016772589879110456,-0.013852698728442192,0.019468417391180992,-0.017904143780469894,-0.0474177822470665,0.012228554114699364,-0.049882590770721436,0.04951764643192291,0.30000001192092896,0.30000001192092896,0.30000001192092896,0.30000001192092896,0.0,0.0,1.0,0.0,-0.0,1.0,-0.0,-0.9999998807907104,0.30000001192092896,0.30000001192092896,0.30000001192092896,0.30000001192092896
2.1166666666666667,0,0.03968214988708496,-0.022352105006575584,-0.006927843205630779,0.2809393107891083,1.0,0.07424008101224899,0.0016635283827781677,0.005104078445583582,1,1,1,1,9.879766464233398,4.49565315246582,4.661532402038574,9.711050987243652,9.879766464233398,4.49565315246582,4.661532402038574,9.711050987243652,0,0,0,0,0,0.9999991655349731,0.07997197657823563,-0.3183574974536896,0.07873161882162094,-0.31758081912994385,0.292691171169281,0.04950426518917084,0.29473793506622314,0.05009596794843674,-0.2672745883464813,0.049957845360040665,-0.26723378896713257,0.04976740851998329,0.0,0.0,0.0,0.0,0.0,0.0,0.017596805468201637,-0.04182016849517822,0.03230499476194382,-0.0011833076132461429,-0.018984707072377205,-0.028222428634762764,-0.012635905295610428,0.02845320664346218,0.00551723875105381,-0.0032789309043437243,-0.009299566969275475,-0.01241585984826088,0.0,-0.0,0.0,-0.0,0.0,0.0,0.0,0.0,0.0,0.0,0.0,0.0,0.0,-0.0,0.0,-0.0,0.0,0.0,0.0,0.0,0.0,0.0,0.0,0.0,0.134965717792511,-0.15710830688476562,0.13928383588790894,-0.15407103300094604,0.13638877868652344,0.1497691422700882,0.13452383875846863,0.1492631733417511,0.134965717792511,-0.15710830688476562,0.13928383588790894,-0.15407103300094604,0.13638877868652344,0.1497691422700882,0.13452383875846863,0.1492631733417511,-0.0016772589879110456,-0.013852698728442192,0.019468417391180992,-0.017904143780469894,-0.0474177822470665,0.012228554114699364,-0.049882590770721436,0.04951764643192291,0.30000001192092896,0.30000001192092896,0.30000001192092896,0.30000001192092896,0.0,0.0,1.0,0.0,-0.0,1.0,-0.0,-0.9999998807907104,0.30000001192092896,0.30000001192092896,0.30000001192092896,0.30000001192092896
2.1333333333333333,0,0.03992317616939545,-0.02239115908741951,-0.009181693196296692,0.28093814849853516,1.0,0.07408525049686432,0.0016578729264438152,0.0051788464188575745,1,1,1,1,10.061086654663086,4.474608421325684,4.6476640701293945,9.726354598999023,10.061086654663086,4.474608421325684,4.6476640701293945,9.726354598999023,0,0,0,0,0,0.9999991655349731,0.07996758073568344,-0.3183619976043701,0.07872641086578369,-0.31758612394332886,0.29291200637817383,0.049530256539583206,0.2949751019477844,0.05009464919567108,-0.26703375577926636,0.049967020750045776,-0.2669696509838104,0.04973810538649559,0.0,0.0,0.0,0.0,0.0,0.0,0.017091354355216026,-0.04192143678665161,0.03194776177406311,-0.0011955912923440337,-0.018879052251577377,-0.02817818708717823,-0.012874895706772804,0.028599297627806664,0.0053867157548666,-0.003286773106083274,-0.009540551342070103,-0.012331304140388966,0.0,-0.0,0.0,-0.0,0.0,0.0,0.0,0.0,0.0,0.0,0.0,0.0,0.0,-0.0,0.0,-0.0,0.0,0.0,0.0,0.0,0.0,0.0,0.0,0.0,0.134965717792511,-0.15710830688476562,0.13928383588790894,-0.15407103300094604,0.13638877868652344,0.1497691422700882,0.13452383875846863,0.1492631733417511,0.134965717792511,-0.15710830688476562,0.13928383588790894,-0.15407103300094604,0.13638877868652344,0.1497691422700882,0.13452383875846863,0.1492631733417511,-0.0016772589879110456,-0.013852698728442192,0.019468417391180992,-0.017904143780469894,-0.0474177822470665,0.012228554114699364,-0.049882590770721436,0.04951764643192291,0.30000001192092896,0.30000001192092896,0.30000001192092896,0.30000001192092896,0.0,0.0,1.0,0.0,-0.0,1.0,-0.0,-0.9999998807907104,0.30000001192092896,0.30000001192092896,0.30000001192092896,0.30000001192092896
2.15,0,0.04016246646642685,-0.022434521466493607,-0.007339823991060257,0.2809399962425232,1.0,0.0748300701379776,0.0016483524814248085,0.005260840058326721,1,1,1,1,9.919899940490723,4.439639568328857,4.605133056640625,9.747313499450684,9.919899940490723,4.439639568328857,4.605133056640625,9.747313499450684,0,0,0,0,0,0.9999991655349731,0.07996193319559097,-0.3183678388595581,0.07872053235769272,-0.3175920248031616,0.2931326925754547,0.04955679923295975,0.2952136695384979,0.050093259662389755,-0.26679182052612305,0.04997489973902702,-0.2667063772678375,0.04970689117908478,0.0,0.0,0.0,0.0,0.0,0.0,0.017928723245859146,-0.04198936000466347,0.032429393380880356,-0.0014803250087425113,-0.019179770722985268,-0.028062600642442703,-0.013068965636193752,0.02899283543229103,0.005719841457903385,-0.003770763985812664,-0.008721685037016869,-0.013091168366372585,0.0,-0.0,0.0,-0.0,0.0,0.0,0.0,0.0,0.0,0.0,0.0,0.0,0.0,-0.0,0.0,-0.0,0.0,0.0,0.0,0.0,0.0,0.0,0.0,0.0,0.134965717792511,-0.15710830688476562,0.13928383588790894,-0.15407103300094604,0.13638877868652344,0.1497691422700882,0.13452383875846863,0.1492631733417511,0.134965717792511,-0.15710830688476562,0.13928383588790894,-0.15407103300094604,0.13638877868652344,0.1497691422700882,0.13452383875846863,0.1492631733417511,-0.0016772589879110456,-0.013852698728442192,0.019468417391180992,-0.017904143780469894,-0.0474177822470665,0.012228554114699364,-0.049882590770721436,0.04951764643192291,0.30000001192092896,0.30000001192092896,0.30000001192092896,0.30000001192092896,0.0,0.0,1.0,0.0,-0.0,1.0,-0.0,-0.9999998807907104,0.30000001192092896,0.30000001192092896,0.30000001192092896,0.30000001192092896
2.1666666666666665,0,0.04040432721376419,-0.02247738093137741,-0.006759748328477144,0.28094038367271423,1.0,0.07348447293043137,0.001665978692471981,0.005341979209333658,1,1,1,1,9.960919380187988,4.439506530761719,4.575658321380615,9.759774208068848,9.960919380187988,4.439506530761719,4.575658321380615,9.759774208068848,0,0,0,0,0,0.9999991655349731,0.07995732873678207,-0.3183726668357849,0.07871505618095398,-0.3175976276397705,0.29335471987724304,0.04958099126815796,0.29545310139656067,0.050089914351701736,-0.2665490508079529,0.0499819740653038,-0.266441285610199,0.049674857407808304,0.0,0.0,0.0,0.0,0.0,0.0,0.01686622016131878,-0.041661977767944336,0.031788554042577744,-0.0011644739424809813,-0.018671030178666115,-0.027997996658086777,-0.012572766281664371,0.028393086045980453,0.005476430058479309,-0.0032583412248641253,-0.009321176446974277,-0.01198667474091053,0.0,-0.0,0.0,-0.0,0.0,0.0,0.0,0.0,0.0,0.0,0.0,0.0,0.0,-0.0,0.0,-0.0,0.0,0.0,0.0,0.0,0.0,0.0,0.0,0.0,0.134965717792511,-0.15710830688476562,0.13928383588790894,-0.15407103300094604,0.13638877868652344,0.1497691422700882,0.13452383875846863,0.1492631733417511,0.134965717792511,-0.15710830688476562,0.13928383588790894,-0.15407103300094604,0.13638877868652344,0.1497691422700882,0.13452383875846863,0.1492631733417511,-0.0016772589879110456,-0.013852698728442192,0.019468417391180992,-0.017904143780469894,-0.0474177822470665,0.012228554114699364,-0.049882590770721436,0.04951764643192291,0.30000001192092896,0.30000001192092896,0.30000001192092896,0.30000001192092896,0.0,0.0,1.0,0.0,-0.0,1.0,-0.0,-0.9999998807907104,0.30000001192092896,0.30000001192092896,0.30000001192092896,0.30000001192092896
2.183333333333333,0,0.040647245943546295,-0.022526873275637627,-0.008678351528942585,0.28094103932380676,1.0,0.0740707740187645,0.0016495566815137863,0.005420961882919073,1,1,1,1,10.114236831665039,4.287938594818115,4.374136924743652,9.91893196105957,10.114236831665039,4.287938594818115,4.374136924743652,9.91893196105957,0,0,0,0,0,0.9999991655349731,0.07995247840881348,-0.3183777332305908,0.07871058583259583,-0.3176022171974182,0.2935774028301239,0.04960482940077782,0.29569298028945923,0.05008520185947418,-0.266306072473526,0.049987342208623886,-0.2661771774291992,0.04964092746376991,0.0,0.0,0.0,0.0,0.0,0.0,0.0171393770724535,-0.041944462805986404,0.032192740589380264,-0.0010805949568748474,-0.01865065097808838,-0.028428781777620316,-0.012696517631411552,0.028310200199484825,0.005320882424712181,-0.0031330925412476063,-0.009678773581981659,-0.012055072002112865,0.0,-0.0,0.0,-0.0,0.0,0.0,0.0,0.0,0.0,0.0,0.0,0.0,0.0,-0.0,0.0,-0.0,0.0,0.0,0.0,0.0,0.0,0.0,0.0,0.0,0.134965717792511,-0.15710830688476562,0.13928383588790894,-0.15407103300094604,0.13638877868652344,0.1497691422700882,0.13452383875846863,0.1492631733417511,0.134965717792511,-0.15710830688476562,0.13928383588790894,-0.15407103300094604,0.13638877868652344,0.1497691422700882,0.13452383875846863,0.1492631733417511,-0.0016772589879110456,-0.013852698728442192,0.019468417391180992,-0.017904143780469894,-0.0474177822470665,0.012228554114699364,-0.049882590770721436,0.04951764643192291,0.30000001192092896,0.30000001192092896,0.30000001192092896,0.30000001192092896,0.0,0.0,1.0,0.0,-0.0,1.0,-0.0,-0.9999998807907104,0.30000001192092896,0.30000001192092896,0.30000001192092896,0.30000001192092896
2.2,0,0.04088670387864113,-0.022551173344254494,-0.008177689276635647,0.2809418737888336,1.0,0.07252473384141922,0.0017115511000156403,0.005477624945342541,1,1,1,1,10.704895973205566,3.654698133468628,3.801286220550537,10.537087440490723,10.704895973205566,3.654698133468628,3.801286220550537,10.537087440490723,0,0,0,0,0,0.9999991655349731,0.07994857430458069,-0.3183816373348236,0.07870712876319885,-0.3176057040691376,0.29380089044570923,0.04962880164384842,0.2959316372871399,0.05007944256067276,-0.26606130599975586,0.049992796033620834,-0.2659239172935486,0.04964151605963707,0.0,0.0,0.0,0.0,0.0,0.0,0.015454456210136414,-0.04114491119980812,0.03152840584516525,-0.0011110370978713036,-0.018077639862895012,-0.028030645102262497,-0.013138843700289726,0.02775026299059391,0.005361110903322697,-0.003446439979597926,-0.010003331117331982,-0.011700739152729511,0.0,-0.0,0.0,-0.0,0.0,0.0,0.0,0.0,0.0,0.0,0.0,0.0,0.0,-0.0,0.0,-0.0,0.0,0.0,0.0,0.0,0.0,0.0,0.0,0.0,0.134965717792511,-0.15710830688476562,0.13928383588790894,-0.15407103300094604,0.13638877868652344,0.1497691422700882,0.13452383875846863,0.1492631733417511,0.134965717792511,-0.15710830688476562,0.13928383588790894,-0.15407103300094604,0.13638877868652344,0.1497691422700882,0.13452383875846863,0.1492631733417511,-0.0016772589879110456,-0.013852698728442192,0.019468417391180992,-0.017904143780469894,-0.0474177822470665,0.012228554114699364,-0.049882590770721436,0.04951764643192291,0.30000001192092896,0.30000001192092896,0.30000001192092896,0.30000001192092896,0.0,0.0,1.0,0.0,-0.0,1.0,-0.0,-0.9999998807907104,0.30000001192092896,0.30000001192092896,0.30000001192092896,0.30000001192092896
2.216666666666667,0,0.04110109433531761,-0.022524168714880943,-0.006029499229043722,0.28095224499702454,1.0,0.06988999992609024,0.0014646765775978565,0.00552316615357995,1,1,1,1,10.63998794555664,3.538550853729248,3.84677791595459,10.719545364379883,10.63998794555664,3.538550853729248,3.84677791595459,10.719545364379883,0,0,0,0,0,0.9999991655349731,0.07994581013917923,-0.3183845579624176,0.07870583981275558,-0.31760716438293457,0.29401788115501404,0.04965033009648323,0.29616156220436096,0.050072114914655685,-0.2658185660839081,0.04999682307243347,-0.2657017111778259,0.04967271909117699,0.0,0.0,0.0,0.0,0.0,0.0,0.013307434506714344,-0.040223509073257446,0.028951771557331085,-0.0017821704968810081,-0.01891741156578064,-0.026606321334838867,-0.012494985945522785,0.0285382941365242,0.004666396416723728,-0.0037979602348059416,-0.008030378259718418,-0.010545199736952782,0.0,-0.0,0.0,-0.0,0.0,0.0,0.0,0.0,0.0,0.0,0.0,0.0,0.0,-0.0,0.0,-0.0,0.0,0.0,0.0,0.0,0.0,0.0,0.0,0.0,0.134965717792511,-0.15710830688476562,0.13928383588790894,-0.15407103300094604,0.13638877868652344,0.1497691422700882,0.13452383875846863,0.1492631733417511,0.134965717792511,-0.15710830688476562,0.13928383588790894,-0.15407103300094604,0.13638877868652344,0.1497691422700882,0.13452383875846863,0.1492631733417511,-0.0016772589879110456,-0.013852698728442192,0.019468417391180992,-0.017904143780469894,-0.0474177822470665,0.012228554114699364,-0.049882590770721436,0.04951764643192291,0.30000001192092896,0.30000001192092896,0.30000001192092896,0.30000001192092896,0.0,0.0,1.0,0.0,-0.0,1.0,-0.0,-0.9999998807907104,0.30000001192092896,0.30000001192092896,0.30000001192092896,0.30000001192092896
2.2333333333333334,0,0.04131828621029854,-0.022504301741719246,-0.006561778951436281,0.28096163272857666,1.0,0.07316718250513077,0.0015986897051334381,0.005561051890254021,1,1,1,1,10.787077903747559,3.385760545730591,3.6711058616638184,10.84986400604248,10.787077903747559,3.385760545730591,3.6711058616638184,10.84986400604248,0,0,0,0,0,0.9999991655349731,0.07994271069765091,-0.31838762760162354,0.07870271801948547,-0.31761035323143005,0.29423561692237854,0.04967132955789566,0.2963923513889313,0.05006420984864235,-0.2655790448188782,0.049999311566352844,-0.2654772698879242,0.04970195144414902,0.0,0.0,0.0,0.0,0.0,0.0,0.016887176781892776,-0.04131188243627548,0.0312698595225811,-0.00046808409388177097,-0.01895635388791561,-0.028179064393043518,-0.012337061576545238,0.028408154845237732,0.005195112433284521,-0.0031098010949790478,-0.009520217776298523,-0.01198502629995346,0.0,-0.0,0.0,-0.0,0.0,0.0,0.0,0.0,0.0,0.0,0.0,0.0,0.0,-0.0,0.0,-0.0,0.0,0.0,0.0,0.0,0.0,0.0,0.0,0.0,0.134965717792511,-0.15710830688476562,0.13928383588790894,-0.15407103300094604,0.13638877868652344,0.1497691422700882,0.13452383875846863,0.1492631733417511,0.134965717792511,-0.15710830688476562,0.13928383588790894,-0.15407103300094604,0.13638877868652344,0.1497691422700882,0.13452383875846863,0.1492631733417511,-0.0016772589879110456,-0.013852698728442192,0.019468417391180992,-0.017904143780469894,-0.0474177822470665,0.012228554114699364,-0.049882590770721436,0.04951764643192291,0.30000001192092896,0.30000001192092896,0.30000001192092896,0.30000001192092896,0.0,0.0,1.0,0.0,-0.0,1.0,-0.0,-0.9999998807907104,0.30000001192092896,0.30000001192092896,0.30000001192092896,0.30000001192092896
2.25,0,0.041537344455718994,-0.02249203249812126,-0.009301058016717434,0.2809673845767975,1.0,0.07233497500419617,0.0017730561085045338,0.005601563956588507,1,1,1,1,11.047219276428223,3.2078487873077393,3.5064351558685303,11.026473999023438,11.047219276428223,3.2078487873077393,3.5064351558685303,11.026473999023438,0,0,0,0,0,0.9999991655349731,0.0799393504858017,-0.31839102506637573,0.07869977504014969,-0.317613422870636,0.2944534122943878,0.04969305172562599,0.29662024974823,0.05005466938018799,-0.26533812284469604,0.050000596791505814,-0.2652527093887329,0.04972977936267853,0.0,0.0,0.0,0.0,0.0,0.0,0.01631888560950756,-0.04103953391313553,0.03114875592291355,-0.0008699216414242983,-0.018956832587718964,-0.02778121456503868,-0.012156395241618156,0.02801496721804142,0.005333269946277142,-0.0032341235782951117,-0.008648118004202843,-0.011546868830919266,0.0,-0.0,0.0,-0.0,0.0,0.0,0.0,0.0,0.0,0.0,0.0,0.0,0.0,-0.0,0.0,-0.0,0.0,0.0,0.0,0.0,0.0,0.0,0.0,0.0,0.134965717792511,-0.15710830688476562,0.13928383588790894,-0.15407103300094604,0.13638877868652344,0.1497691422700882,0.13452383875846863,0.1492631733417511,0.134965717792511,-0.15710830688476562,0.13928383588790894,-0.15407103300094604,0.13638877868652344,0.1497691422700882,0.13452383875846863,0.1492631733417511,-0.0016772589879110456,-0.013852698728442192,0.019468417391180992,-0.017904143780469894,-0.0474177822470665,0.012228554114699364,-0.049882590770721436,0.04951764643192291,0.30000001192092896,0.30000001192092896,0.30000001192092896,0.30000001192092896,0.0,0.0,1.0,0.0,-0.0,1.0,-0.0,-0.9999998807907104,0.30000001192092896,0.30000001192092896,0.30000001192092896,0.30000001192092896
2.2666666666666666,0,0.04175857454538345,-0.022481288760900497,-0.007589287590235472,0.2809732258319855,1.0,0.07198360562324524,0.001556971576064825,0.00564088998362422,1,1,1,1,11.190484046936035,3.120553731918335,3.3388538360595703,11.179369926452637,11.190484046936035,3.120553731918335,3.3388538360595703,11.179369926452637,0,0,0,0,0,0.9999991655349731,0.07993760704994202,-0.3183927834033966,0.07869604229927063,-0.3176172971725464,0.29467105865478516,0.049711424857378006,0.2968505918979645,0.05004376545548439,-0.2650960385799408,0.050000593066215515,-0.2650267779827118,0.04975711926817894,0.0,0.0,0.0,0.0,0.0,0.0,0.01645122654736042,-0.0407131053507328,0.03143880516290665,-0.0010352033423259854,-0.018827682361006737,-0.027884673327207565,-0.012034258805215359,0.027307014912366867,0.005503642838448286,-0.003231929847970605,-0.008325807750225067,-0.011462206952273846,0.0,-0.0,0.0,-0.0,0.0,0.0,0.0,0.0,0.0,0.0,0.0,0.0,0.0,-0.0,0.0,-0.0,0.0,0.0,0.0,0.0,0.0,0.0,0.0,0.0,0.134965717792511,-0.15710830688476562,0.13928383588790894,-0.15407103300094604,0.13638877868652344,0.1497691422700882,0.13452383875846863,0.1492631733417511,0.134965717792511,-0.15710830688476562,0.13928383588790894,-0.15407103300094604,0.13638877868652344,0.1497691422700882,0.13452383875846863,0.1492631733417511,-0.0016772589879110456,-0.013852698728442192,0.019468417391180992,-0.017904143780469894,-0.0474177822470665,0.012228554114699364,-0.049882590770721436,0.04951764643192291,0.30000001192092896,0.30000001192092896,0.30000001192092896,0.30000001192092896,0.0,0.0,1.0,0.0,-0.0,1.0,-0.0,-0.9999998807907104,0.30000001192092896,0.30000001192092896,0.30000001192092896,0.30000001192092896
2.283333333333333,0,0.04198281839489937,-0.022473014891147614,-0.007830997928977013,0.2809561491012573,1.0,0.07234106212854385,0.0016513695009052753,0.005678812973201275,1,1,1,1,11.2953519821167,2.968806743621826,3.189728021621704,11.313390731811523,11.2953519821167,2.968806743621826,3.189728021621704,11.313390731811523,0,0,0,0,0,0.9999991655349731,0.0799347460269928,-0.3183955252170563,0.0786929726600647,-0.3176206052303314,0.29489201307296753,0.04972954839468002,0.2970820665359497,0.05003175139427185,-0.26485246419906616,0.04999964311718941,-0.2648005485534668,0.04978370666503906,0.0,0.0,0.0,0.0,0.0,0.0,0.017705867066979408,-0.040472280234098434,0.03126974776387215,-0.00048817970673553646,-0.018374456092715263,-0.027951285243034363,-0.012237366288900375,0.027598703280091286,0.005201381631195545,-0.0029778804164379835,-0.009289887733757496,-0.012293489649891853,0.0,-0.0,0.0,-0.0,0.0,0.0,0.0,0.0,0.0,0.0,0.0,0.0,0.0,-0.0,0.0,-0.0,0.0,0.0,0.0,0.0,0.0,0.0,0.0,0.0,0.134965717792511,-0.15710830688476562,0.13928383588790894,-0.15407103300094604,0.13638877868652344,0.1497691422700882,0.13452383875846863,0.1492631733417511,0.134965717792511,-0.15710830688476562,0.13928383588790894,-0.15407103300094604,0.13638877868652344,0.1497691422700882,0.13452383875846863,0.1492631733417511,-0.0016772589879110456,-0.013852698728442192,0.019468417391180992,-0.017904143780469894,-0.0474177822470665,0.012228554114699364,-0.049882590770721436,0.04951764643192291,0.30000001192092896,0.30000001192092896,0.30000001192092896,0.30000001192092896,0.0,0.0,1.0,0.0,-0.0,1.0,-0.0,-0.9999998807907104,0.30000001192092896,0.30000001192092896,0.30000001192092896,0.30000001192092896
2.3,0,0.04220966994762421,-0.02247156947851181,-0.009055680595338345,0.28093859553337097,1.0,0.07297460734844208,0.0017314665019512177,0.005717726424336433,1,1,1,1,11.424759864807129,2.8062026500701904,3.0248141288757324,11.464120864868164,11.424759864807129,2.8062026500701904,3.0248141288757324,11.464120864868164,0,0,0,0,0,0.9999991655349731,0.07993150502443314,-0.3183988332748413,0.07868991792201996,-0.3176235854625702,0.295114129781723,0.04974832013249397,0.2973140776157379,0.050019338726997375,-0.2646067440509796,0.049997106194496155,-0.2645736336708069,0.049808356910943985,0.0,0.0,0.0,0.0,0.0,0.0,0.017279556021094322,-0.0413556843996048,0.03146149963140488,-0.0008693912532180548,-0.01873300038278103,-0.02833886630833149,-0.012233743444085121,0.027758659794926643,0.005140731111168861,-0.002789159305393696,-0.008917146362364292,-0.01174260675907135,0.0,-0.0,0.0,-0.0,0.0,0.0,0.0,0.0,0.0,0.0,0.0,0.0,0.0,-0.0,0.0,-0.0,0.0,0.0,0.0,0.0,0.0,0.0,0.0,0.0,0.134965717792511,-0.15710830688476562,0.13928383588790894,-0.15407103300094604,0.13638877868652344,0.1497691422700882,0.13452383875846863,0.1492631733417511,0.134965717792511,-0.15710830688476562,0.13928383588790894,-0.15407103300094604,0.13638877868652344,0.1497691422700882,0.13452383875846863,0.1492631733417511,-0.0016772589879110456,-0.013852698728442192,0.019468417391180992,-0.017904143780469894,-0.0474177822470665,0.012228554114699364,-0.049882590770721436,0.04951764643192291,0.30000001192092896,0.30000001192092896,0.30000001192092896,0.30000001192092896,0.0,0.0,1.0,0.0,-0.0,1.0,-0.0,-0.9999998807907104,0.30000001192092896,0.30000001192092896,0.30000001192092896,0.30000001192092896
2.3166666666666664,0,0.042437367141246796,-0.022468220442533493,-0.00744209997355938,0.28092145919799805,1.0,0.0726923942565918,0.0017209616489708424,0.005751697346568108,1,1,1,1,11.384525299072266,2.74531626701355,2.9583828449249268,11.554231643676758,11.384525299072266,2.74531626701355,2.9583828449249268,11.554231643676758,0,0,0,0,0,0.9999991655349731,0.07992888242006302,-0.31840136647224426,0.07868679612874985,-0.31762686371803284,0.29533645510673523,0.049765389412641525,0.29753974080085754,0.05000467225909233,-0.26436087489128113,0.049993496388196945,-0.26434600353240967,0.0498325414955616,0.0,0.0,0.0,0.0,0.0,0.0,0.01733899489045143,-0.04113835468888283,0.03158431500196457,-0.00102348776999861,-0.018636422231793404,-0.0284420195966959,-0.01219696830958128,0.027198001742362976,0.0050116050988435745,-0.002639076439663768,-0.008896827697753906,-0.011686122044920921,0.0,-0.0,0.0,-0.0,0.0,0.0,0.0,0.0,0.0,0.0,0.0,0.0,0.0,-0.0,0.0,-0.0,0.0,0.0,0.0,0.0,0.0,0.0,0.0,0.0,0.134965717792511,-0.15710830688476562,0.13928383588790894,-0.15407103300094604,0.13638877868652344,0.1497691422700882,0.13452383875846863,0.1492631733417511,0.134965717792511,-0.15710830688476562,0.13928383588790894,-0.15407103300094604,0.13638877868652344,0.1497691422700882,0.13452383875846863,0.1492631733417511,-0.0016772589879110456,-0.013852698728442192,0.019468417391180992,-0.017904143780469894,-0.0474177822470665,0.012228554114699364,-0.049882590770721436,0.04951764643192291,0.30000001192092896,0.30000001192092896,0.30000001192092896,0.30000001192092896,0.0,0.0,1.0,0.0,-0.0,1.0,-0.0,-0.9999998807907104,0.30000001192092896,0.30000001192092896,0.30000001192092896,0.30000001192092896
2.3333333333333335,0,0.042668186128139496,-0.022466301918029785,-0.00779205234721303,0.28091031312942505,1.0,0.07317797839641571,0.0016748476773500443,0.005789002403616905,1,1,1,1,11.64520263671875,2.520498514175415,2.7610838413238525,11.75080680847168,11.64520263671875,2.520498514175415,2.7610838413238525,11.75080680847168,0,0,0,0,0,0.9999991655349731,0.07992631942033768,-0.3184039294719696,0.0786840170621872,-0.31762978434562683,0.29556000232696533,0.04978053271770477,0.29777634143829346,0.049989521503448486,-0.26411303877830505,0.049988821148872375,-0.26411789655685425,0.04985586553812027,0.0,0.0,0.0,0.0,0.0,0.0,0.01766156777739525,-0.04128359258174896,0.03149408847093582,-0.000900650629773736,-0.018779469653964043,-0.028483737260103226,-0.01227548997849226,0.027705298736691475,0.004848239477723837,-0.0025925475638359785,-0.009479589760303497,-0.011987877078354359,0.0,-0.0,0.0,-0.0,0.0,0.0,0.0,0.0,0.0,0.0,0.0,0.0,0.0,-0.0,0.0,-0.0,0.0,0.0,0.0,0.0,0.0,0.0,0.0,0.0,0.134965717792511,-0.15710830688476562,0.13928383588790894,-0.15407103300094604,0.13638877868652344,0.1497691422700882,0.13452383875846863,0.1492631733417511,0.134965717792511,-0.15710830688476562,0.13928383588790894,-0.15407103300094604,0.13638877868652344,0.1497691422700882,0.13452383875846863,0.1492631733417511,-0.0016772589879110456,-0.013852698728442192,0.019468417391180992,-0.017904143780469894,-0.0474177822470665,0.012228554114699364,-0.049882590770721436,0.04951764643192291,0.30000001192092896,0.30000001192092896,0.30000001192092896,0.30000001192092896,0.0,0.0,1.0,0.0,-0.0,1.0,-0.0,-0.9999998807907104,0.30000001192092896,0.30000001192092896,0.30000001192092896,0.30000001192092896
2.35,0,0.04289820045232773,-0.02247113734483719,-0.008475497364997864,0.28091344237327576,1.0,0.0724560096859932,0.0017242436297237873,0.005825643893331289,1,1,1,1,11.895999908447266,2.2516138553619385,2.4575345516204834,12.041362762451172,11.895999908447266,2.2516138553619385,2.4575345516204834,12.041362762451172,0,0,0,0,0,0.9999991655349731,0.0799238309264183,-0.3184063732624054,0.07868216186761856,-0.31763172149658203,0.2957827150821686,0.049795281141996384,0.29801106452941895,0.04997324198484421,-0.2638654410839081,0.04998200759291649,-0.2638906240463257,0.04987800866365433,0.0,0.0,0.0,0.0,0.0,0.0,0.016789518296718597,-0.04119565710425377,0.03127383440732956,-0.0010928614065051079,-0.01873200759291649,-0.028199607506394386,-0.01231296081095934,0.027452485635876656,0.004774973262101412,-0.002676140982657671,-0.00884904433041811,-0.011490621604025364,0.0,-0.0,0.0,-0.0,0.0,0.0,0.0,0.0,0.0,0.0,0.0,0.0,0.0,-0.0,0.0,-0.0,0.0,0.0,0.0,0.0,0.0,0.0,0.0,0.0,0.134965717792511,-0.15710830688476562,0.13928383588790894,-0.15407103300094604,0.13638877868652344,0.1497691422700882,0.13452383875846863,0.1492631733417511,0.134965717792511,-0.15710830688476562,0.13928383588790894,-0.15407103300094604,0.13638877868652344,0.1497691422700882,0.13452383875846863,0.1492631733417511,-0.0016772589879110456,-0.013852698728442192,0.019468417391180992,-0.017904143780469894,-0.0474177822470665,0.012228554114699364,-0.049882590770721436,0.04951764643192291,0.30000001192092896,0.30000001192092896,0.30000001192092896,0.30000001192092896,0.0,0.0,1.0,0.0,-0.0,1.0,-0.0,-0.9999998807907104,0.30000001192092896,0.30000001192092896,0.30000001192092896,0.30000001192092896
2.3666666666666667,0,0.04312968626618385,-0.02246110886335373,-0.010119682177901268,0.28091827034950256,1.0,0.07234752178192139,0.0016892715357244015,0.005873125046491623,1,1,1,1,12.08525562286377,2.2911813259124756,2.397893190383911,12.042750358581543,12.08525562286377,2.2911813259124756,2.397893190383911,12.042750358581543,0,0,0,0,0,0.9999991655349731,0.07992124557495117,-0.3184089958667755,0.0786815732717514,-0.31763240694999695,0.296006977558136,0.04980728402733803,0.29824522137641907,0.04995505511760712,-0.26361051201820374,0.04997568577528,-0.2636626362800598,0.0499001182615757,0.0,0.0,0.0,0.0,0.0,0.0,0.01642196625471115,-0.04124576598405838,0.03089596889913082,-0.0009693733300082386,-0.018673064187169075,-0.02814762108027935,-0.012598893605172634,0.02756521664559841,0.004727046471089125,-0.002673316979780793,-0.00922729168087244,-0.011558122001588345,0.0,-0.0,0.0,-0.0,0.0,0.0,0.0,0.0,0.0,0.0,0.0,0.0,0.0,-0.0,0.0,-0.0,0.0,0.0,0.0,0.0,0.0,0.0,0.0,0.0,0.134965717792511,-0.15710830688476562,0.13928383588790894,-0.15407103300094604,0.13638877868652344,0.1497691422700882,0.13452383875846863,0.1492631733417511,0.134965717792511,-0.15710830688476562,0.13928383588790894,-0.15407103300094604,0.13638877868652344,0.1497691422700882,0.13452383875846863,0.1492631733417511,-0.0016772589879110456,-0.013852698728442192,0.019468417391180992,-0.017904143780469894,-0.0474177822470665,0.012228554114699364,-0.049882590770721436,0.04951764643192291,0.30000001192092896,0.30000001192092896,0.30000001192092896,0.30000001192092896,0.0,0.0,1.0,0.0,-0.0,1.0,-0.0,-0.9999998807907104,0.30000001192092896,0.30000001192092896,0.30000001192092896,0.30000001192092896
2.3833333333333333,0,0.04336504638195038,-0.022463802248239517,-0.008569098077714443,0.2809220254421234,1.0,0.07329217344522476,0.0017573698423802853,0.0059042577631771564,1,1,1,1,12.07323169708252,2.224857807159424,2.3828184604644775,12.096207618713379,12.07323169708252,2.224857807159424,2.3828184604644775,12.096207618713379,0,0,0,0,0,0.9999991655349731,0.07991854101419449,-0.31841161847114563,0.07867791503667831,-0.3176361620426178,0.29623302817344666,0.049820974469184875,0.2984755039215088,0.04993573948740959,-0.26335999369621277,0.04996712878346443,-0.26343125104904175,0.04991980642080307,0.0,0.0,0.0,0.0,0.0,0.0,0.017390957102179527,-0.041462235152721405,0.03185855969786644,-0.0010039476910606027,-0.018649054691195488,-0.028923001140356064,-0.012331036850810051,0.02728538028895855,0.004945211112499237,-0.002648832043632865,-0.009219386614859104,-0.011698818765580654,0.0,-0.0,0.0,-0.0,0.0,0.0,0.0,0.0,0.0,0.0,0.0,0.0,0.0,-0.0,0.0,-0.0,0.0,0.0,0.0,0.0,0.0,0.0,0.0,0.0,0.134965717792511,-0.15710830688476562,0.13928383588790894,-0.15407103300094604,0.13638877868652344,0.1497691422700882,0.13452383875846863,0.1492631733417511,0.134965717792511,-0.15710830688476562,0.13928383588790894,-0.15407103300094604,0.13638877868652344,0.1497691422700882,0.13452383875846863,0.1492631733417511,-0.0016772589879110456,-0.013852698728442192,0.019468417391180992,-0.017904143780469894,-0.0474177822470665,0.012228554114699364,-0.049882590770721436,0.04951764643192291,0.30000001192092896,0.30000001192092896,0.30000001192092896,0.30000001192092896,0.0,0.0,1.0,0.0,-0.0,1.0,-0.0,-0.9999998807907104,0.30000001192092896,0.30000001192092896,0.30000001192092896,0.30000001192092896
2.4,0,0.04360480234026909,-0.022466914728283882,-0.009090660139918327,0.2809296250343323,1.0,0.07282167673110962,0.0017933747731149197,0.005935865920037031,1,1,1,1,12.261358261108398,2.0708084106445312,2.1456451416015625,12.275701522827148,12.261358261108398,2.0708084106445312,2.1456451416015625,12.275701522827148,0,0,0,0,0,0.9999991655349731,0.07991667836904526,-0.3184134066104889,0.07867556810379028,-0.3176386058330536,0.2964623272418976,0.04983219504356384,0.2987152338027954,0.04991559684276581,-0.26310643553733826,0.04995736479759216,-0.26319950819015503,0.04993918910622597,0.0,0.0,0.0,0.0,0.0,0.0,0.01666548103094101,-0.041369881480932236,0.031165506690740585,-0.0008152847294695675,-0.01861986145377159,-0.028462419286370277,-0.012503801845014095,0.027749208733439445,0.004851507488638163,-0.0026557566598057747,-0.009691818617284298,-0.011582041159272194,0.0,-0.0,0.0,-0.0,0.0,0.0,0.0,0.0,0.0,0.0,0.0,0.0,0.0,-0.0,0.0,-0.0,0.0,0.0,0.0,0.0,0.0,0.0,0.0,0.0,0.134965717792511,-0.15710830688476562,0.13928383588790894,-0.15407103300094604,0.13638877868652344,0.1497691422700882,0.13452383875846863,0.1492631733417511,0.134965717792511,-0.15710830688476562,0.13928383588790894,-0.15407103300094604,0.13638877868652344,0.1497691422700882,0.13452383875846863,0.1492631733417511,-0.0016772589879110456,-0.013852698728442192,0.019468417391180992,-0.017904143780469894,-0.0474177822470665,0.012228554114699364,-0.049882590770721436,0.04951764643192291,0.30000001192092896,0.30000001192092896,0.30000001192092896,0.30000001192092896,0.0,0.0,1.0,0.0,-0.0,1.0,-0.0,-0.9999998807907104,0.30000001192092896,0.30000001192092896,0.30000001192092896,0.30000001192092896
2.4166666666666665,0,0.04384108632802963,-0.022468795999884605,-0.009405292570590973,0.27872371673583984,1.0,0.07297404110431671,0.0017096302472054958,0.005969446152448654,1,1,1,1,12.394227027893066,1.9247809648513794,2.014554262161255,12.418241500854492,12.394227027893066,1.9247809648513794,2.014554262161255,12.418241500854492,0,0,0,0,0,0.9999991655349731,0.079914391040802,-0.31841570138931274,0.0786728709936142,-0.3176414370536804,0.29669031500816345,0.04984207823872566,0.29895225167274475,0.049894336611032486,-0.2628534138202667,0.04994616657495499,-0.2629685401916504,0.049957580864429474,0.0,0.0,0.0,0.0,0.0,0.0,0.017139313742518425,-0.041374195367097855,0.03162107989192009,-0.0010597818763926625,-0.018701734021306038,-0.028607629239559174,-0.012439798563718796,0.027333375066518784,0.004760943353176117,-0.0025977627374231815,-0.009143154136836529,-0.011644253507256508,0.0,-0.0,0.0,-0.0,0.0,0.0,0.0,0.0,0.0,0.0,0.0,0.0,0.0,-0.0,0.0,-0.0,0.0,0.0,0.0,0.0,0.0,0.0,0.0,0.0,0.134965717792511,-0.15710830688476562,0.13928383588790894,-0.15407103300094604,0.13638877868652344,0.1497691422700882,0.13452383875846863,0.1492631733417511,0.134965717792511,-0.15710830688476562,0.13928383588790894,-0.15407103300094604,0.13638877868652344,0.1497691422700882,0.13452383875846863,0.1492631733417511,-0.0016772589879110456,-0.013852698728442192,0.019468417391180992,-0.017904143780469894,-0.0474177822470665,0.012228554114699364,-0.049882590770721436,0.04951764643192291,0.30000001192092896,0.30000001192092896,0.30000001192092896,0.30000001192092896,0.0,0.0,1.0,0.0,-0.0,1.0,-0.0,-0.9999998807907104,0.30000001192092896,0.30000001192092896,0.30000001192092896,0.30000001192092896
2.433333333333333,0,0.044075146317481995,-0.02246910333633423,-0.010082495398819447,0.2787160873413086,1.0,0.07268451899290085,0.0017067505978047848,0.0060054282657802105,1,1,1,1,12.58687686920166,1.7764874696731567,1.8605971336364746,12.579968452453613,12.58687686920166,1.7764874696731567,1.8605971336364746,12.579968452453613,0,0,0,0,0,0.9999991655349731,0.07991234958171844,-0.31841760873794556,0.07866967469453812,-0.31764477491378784,0.2969176173210144,0.04985032230615616,0.2991884648799896,0.04987192153930664,-0.262600839138031,0.04993360489606857,-0.26273781061172485,0.049974896013736725,0.0,0.0,0.0,0.0,0.0,0.0,0.017103208228945732,-0.04122273996472359,0.03148730471730232,-0.0010333304526284337,-0.01864791102707386,-0.028518272563815117,-0.012248560786247253,0.027304403483867645,0.004756483249366283,-0.0026317827869206667,-0.008932381868362427,-0.011521933600306511,0.0,-0.0,0.0,-0.0,0.0,0.0,0.0,0.0,0.0,0.0,0.0,0.0,0.0,-0.0,0.0,-0.0,0.0,0.0,0.0,0.0,0.0,0.0,0.0,0.0,0.134965717792511,-0.15710830688476562,0.13928383588790894,-0.15407103300094604,0.13638877868652344,0.1497691422700882,0.13452383875846863,0.1492631733417511,0.134965717792511,-0.15710830688476562,0.13928383588790894,-0.15407103300094604,0.13638877868652344,0.1497691422700882,0.13452383875846863,0.1492631733417511,-0.0016772589879110456,-0.013852698728442192,0.019468417391180992,-0.017904143780469894,-0.0474177822470665,0.012228554114699364,-0.049882590770721436,0.04951764643192291,0.30000001192092896,0.30000001192092896,0.30000001192092896,0.30000001192092896,0.0,0.0,1.0,0.0,-0.0,1.0,-0.0,-0.9999998807907104,0.30000001192092896,0.30000001192092896,0.30000001192092896,0.30000001192092896
2.45,0,0.04430825263261795,-0.022472333163022995,-0.012477048672735691,0.2787083387374878,1.0,0.0725594237446785,0.001723188441246748,0.0060446918942034245,1,1,1,1,12.84115219116211,1.618056058883667,1.6556581258773804,12.757822036743164,12.84115219116211,1.618056058883667,1.6556581258773804,12.757822036743164,0,0,0,0,0,0.9999991655349731,0.07990993559360504,-0.31842005252838135,0.07866647094488144,-0.3176480829715729,0.2971435785293579,0.04985831305384636,0.2994228005409241,0.049848660826683044,-0.2623482942581177,0.04991990327835083,-0.2625074088573456,0.049990978091955185,0.0,0.0,0.0,0.0,0.0,0.0,0.01656864956021309,-0.041315872222185135,0.03124942258000374,-0.0010588724398985505,-0.018552033230662346,-0.028596019372344017,-0.012439513579010963,0.02732616290450096,0.004660229664295912,-0.0026478590443730354,-0.009164005517959595,-0.011385178193449974,0.0,-0.0,0.0,-0.0,0.0,0.0,0.0,0.0,0.0,0.0,0.0,0.0,0.0,-0.0,0.0,-0.0,0.0,0.0,0.0,0.0,0.0,0.0,0.0,0.0,0.134965717792511,-0.15710830688476562,0.13928383588790894,-0.15407103300094604,0.13638877868652344,0.1497691422700882,0.13452383875846863,0.1492631733417511,0.134965717792511,-0.15710830688476562,0.13928383588790894,-0.15407103300094604,0.13638877868652344,0.1497691422700882,0.13452383875846863,0.1492631733417511,-0.0016772589879110456,-0.013852698728442192,0.019468417391180992,-0.017904143780469894,-0.0474177822470665,0.012228554114699364,-0.049882590770721436,0.04951764643192291,0.30000001192092896,0.30000001192092896,0.30000001192092896,0.30000001192092896,0.0,0.0,1.0,0.0,-0.0,1.0,-0.0,-0.9999998807907104,0.30000001192092896,0.30000001192092896,0.30000001192092896,0.30000001192092896
2.466666666666667,0,0.04453977942466736,-0.022477177903056145,-0.007906262762844563,0.27870047092437744,1.0,0.07232223451137543,0.0017397631891071796,0.006076997146010399,1,1,1,1,12.708532333374023,1.5603104829788208,1.6560306549072266,12.794947624206543,12.708532333374023,1.5603104829788208,1.6560306549072266,12.794947624206543,0,0,0,0,0,0.9999991655349731,0.07990712672472,-0.31842270493507385,0.07866336405277252,-0.31765133142471313,0.2973672151565552,0.049867160618305206,0.2996468245983124,0.04982447251677513,-0.262096107006073,0.049903981387615204,-0.26227718591690063,0.05000608041882515,0.0,0.0,0.0,0.0,0.0,0.0,0.01680411957204342,-0.041163526475429535,0.03140775114297867,-0.0010258547263219953,-0.01827307417988777,-0.02886083349585533,-0.01227659173309803,0.02670188993215561,0.0047846301458776,-0.00246263830922544,-0.009007030166685581,-0.011204884387552738,0.0,-0.0,0.0,-0.0,0.0,0.0,0.0,0.0,0.0,0.0,0.0,0.0,0.0,-0.0,0.0,-0.0,0.0,0.0,0.0,0.0,0.0,0.0,0.0,0.0,0.134965717792511,-0.15710830688476562,0.13928383588790894,-0.15407103300094604,0.13638877868652344,0.1497691422700882,0.13452383875846863,0.1492631733417511,0.134965717792511,-0.15710830688476562,0.13928383588790894,-0.15407103300094604,0.13638877868652344,0.1497691422700882,0.13452383875846863,0.1492631733417511,-0.0016772589879110456,-0.013852698728442192,0.019468417391180992,-0.017904143780469894,-0.0474177822470665,0.012228554114699364,-0.049882590770721436,0.04951764643192291,0.30000001192092896,0.30000001192092896,0.30000001192092896,0.30000001192092896,0.0,0.0,1.0,0.0,-0.0,1.0,-0.0,-0.9999998807907104,0.30000001192092896,0.30000001192092896,0.30000001192092896,0.30000001192092896
2.4833333333333334,0,0.044779546558856964,-0.0224674753844738,-0.009981839917600155,0.2786914110183716,1.0,0.06990369409322739,0.001753261312842369,0.0061171590350568295,1,1,1,1,12.7294921875,1.581394076347351,1.679915189743042,12.825101852416992,12.7294921875,1.581394076347351,1.679915189743042,12.825101852416992,0,0,0,0,0,0.9999991655349731,0.07990352064371109,-0.318426251411438,0.07865987718105316,-0.31765496730804443,0.29759839177131653,0.0498710535466671,0.2998848259449005,0.04979848116636276,-0.2618430554866791,0.04989604279398918,-0.26204320788383484,0.05002037063241005,0.0,0.0,0.0,0.0,0.0,0.0,0.015020590275526047,-0.03971509635448456,0.030729196965694427,-0.0013027491513639688,-0.017764220014214516,-0.02811148390173912,-0.011998255737125874,0.02579401060938835,0.004746146034449339,-0.002943561878055334,-0.00922788493335247,-0.010304460301995277,0.0,-0.0,0.0,-0.0,0.0,0.0,0.0,0.0,0.0,0.0,0.0,0.0,0.0,-0.0,0.0,-0.0,0.0,0.0,0.0,0.0,0.0,0.0,0.0,0.0,0.134965717792511,-0.15710830688476562,0.13928383588790894,-0.15407103300094604,0.13638877868652344,0.1497691422700882,0.13452383875846863,0.1492631733417511,0.134965717792511,-0.15710830688476562,0.13928383588790894,-0.15407103300094604,0.13638877868652344,0.1497691422700882,0.13452383875846863,0.1492631733417511,-0.0016772589879110456,-0.013852698728442192,0.019468417391180992,-0.017904143780469894,-0.0474177822470665,0.012228554114699364,-0.049882590770721436,0.04951764643192291,0.30000001192092896,0.30000001192092896,0.30000001192092896,0.30000001192092896,0.0,0.0,1.0,0.0,-0.0,1.0,-0.0,-0.9999998807907104,0.30000001192092896,0.30000001192092896,0.30000001192092896,0.30000001192092896
2.5,0,0.04502790421247482,-0.022458460181951523,-0.010472950525581837,0.27867966890335083,1.0,0.07468688488006592,0.0018638153560459614,0.006163426209241152,1,1,1,1,12.867266654968262,1.5067380666732788,1.4496921300888062,12.935800552368164,12.867266654968262,1.5067380666732788,1.4496921300888062,12.935800552368164,0,0,0,0,0,0.9999991655349731,0.07990109920501709,-0.3184286653995514,0.0786566510796547,-0.3176582455635071,0.2978343963623047,0.0498751737177372,0.30012813210487366,0.04977133870124817,-0.2615862786769867,0.04989399388432503,-0.26180705428123474,0.05003367364406586,0.0,0.0,0.0,0.0,0.0,0.0,0.018322883173823357,-0.04196833446621895,0.031558092683553696,-0.0001714630052447319,-0.01851050555706024,-0.029670363292098045,-0.012731914408504963,0.02815624326467514,0.0047074793837964535,-0.00221774959936738,-0.01126319169998169,-0.012382864952087402,0.0,-0.0,0.0,-0.0,0.0,0.0,0.0,0.0,0.0,0.0,0.0,0.0,0.0,-0.0,0.0,-0.0,0.0,0.0,0.0,0.0,0.0,0.0,0.0,0.0,0.134965717792511,-0.15710830688476562,0.13928383588790894,-0.15407103300094604,0.13638877868652344,0.1497691422700882,0.13452383875846863,0.1492631733417511,0.134965717792511,-0.15710830688476562,0.13928383588790894,-0.15407103300094604,0.13638877868652344,0.1497691422700882,0.13452383875846863,0.1492631733417511,-0.0016772589879110456,-0.013852698728442192,0.019468417391180992,-0.017904143780469894,-0.0474177822470665,0.012228554114699364,-0.049882590770721436,0.04951764643192291,0.30000001192092896,0.30000001192092896,0.30000001192092896,0.30000001192092896,0.0,0.0,1.0,0.0,-0.0,1.0,-0.0,-0.9999998807907104,0.30000001192092896,0.30000001192092896,0.30000001192092896,0.30000001192092896
2.5166666666666666,0,0.045273445546627045,-0.022445132955908775,-0.010886259377002716,0.2786710560321808,1.0,0.0731460303068161,0.0020448071882128716,0.006214550696313381,1,1,1,1,12.921674728393555,1.3661162853240967,1.2315385341644287,13.105238914489746,12.921674728393555,1.3661162853240967,1.2315385341644287,13.105238914489746,0,0,0,0,0,0.9999991655349731,0.0798974558711052,-0.3184323012828827,0.07865986227989197,-0.3176550567150116,0.29807013273239136,0.04987889528274536,0.30036500096321106,0.04974346607923508,-0.261324018239975,0.04989015311002731,-0.26157480478286743,0.05004573613405228,0.0,0.0,0.0,0.0,0.0,0.0,0.01741994358599186,-0.04156975448131561,0.0313938669860363,-0.0009481419692747295,-0.018490202724933624,-0.028935518115758896,-0.012646841816604137,0.027232976630330086,0.004597007762640715,-0.002335216384381056,-0.009380483999848366,-0.011707304045557976,0.0,-0.0,0.0,-0.0,0.0,0.0,0.0,0.0,0.0,0.0,0.0,0.0,0.0,-0.0,0.0,-0.0,0.0,0.0,0.0,0.0,0.0,0.0,0.0,0.0,0.134965717792511,-0.15710830688476562,0.13928383588790894,-0.15407103300094604,0.13638877868652344,0.1497691422700882,0.13452383875846863,0.1492631733417511,0.134965717792511,-0.15710830688476562,0.13928383588790894,-0.15407103300094604,0.13638877868652344,0.1497691422700882,0.13452383875846863,0.1492631733417511,-0.0016772589879110456,-0.013852698728442192,0.019468417391180992,-0.017904143780469894,-0.0474177822470665,0.012228554114699364,-0.049882590770721436,0.04951764643192291,0.30000001192092896,0.30000001192092896,0.30000001192092896,0.30000001192092896,0.0,0.0,1.0,0.0,-0.0,1.0,-0.0,-0.9999998807907104,0.30000001192092896,0.30000001192092896,0.30000001192092896,0.30000001192092896
2.533333333333333,0,0.04551949352025986,-0.022420907393097878,-0.009725731797516346,0.27865803241729736,1.0,0.07202122360467911,0.0016296207904815674,0.006267186254262924,1,1,1,1,13.055712699890137,1.2575570344924927,1.251126766204834,13.06586742401123,13.055712699890137,1.2575570344924927,1.251126766204834,13.06586742401123,0,0,0,0,0,0.9999990463256836,0.07989513874053955,-0.3184347152709961,0.07865981757640839,-0.3176552653312683,0.29830408096313477,0.049878764897584915,0.30061012506484985,0.049714330583810806,-0.26106107234954834,0.049886323511600494,-0.2613380253314972,0.05005752667784691,0.0,0.0,0.0,0.0,0.0,0.0,0.01612212136387825,-0.04100582003593445,0.030377641320228577,-0.0005435733473859727,-0.018366670235991478,-0.028276829048991203,-0.012483227998018265,0.02774672955274582,0.0045918351970613,-0.0027534496039152145,-0.009953932836651802,-0.011497266590595245,0.0,-0.0,0.0,-0.0,0.0,0.0,0.0,0.0,0.0,0.0,0.0,0.0,0.0,-0.0,0.0,-0.0,0.0,0.0,0.0,0.0,0.0,0.0,0.0,0.0,0.134965717792511,-0.15710830688476562,0.13928383588790894,-0.15407103300094604,0.13638877868652344,0.1497691422700882,0.13452383875846863,0.1492631733417511,0.134965717792511,-0.15710830688476562,0.13928383588790894,-0.15407103300094604,0.13638877868652344,0.1497691422700882,0.13452383875846863,0.1492631733417511,-0.0016772589879110456,-0.013852698728442192,0.019468417391180992,-0.017904143780469894,-0.0474177822470665,0.012228554114699364,-0.049882590770721436,0.04951764643192291,0.30000001192092896,0.30000001192092896,0.30000001192092896,0.30000001192092896,0.0,0.0,1.0,0.0,-0.0,1.0,-0.0,-0.9999998807907104,0.30000001192092896,0.30000001192092896,0.30000001192092896,0.30000001192092896
2.55,0,0.04575782269239426,-0.022384855896234512,-0.010259163565933704,0.27863654494285583,1.0,0.07446542382240295,0.0017338977195322514,0.0063032349571585655,1,1,1,1,13.123917579650879,1.3518805503845215,1.8605456352233887,12.636289596557617,13.123917579650879,1.3518805503845215,1.8605456352233887,12.636289596557617,0,0,0,0,0,0.9999990463256836,0.07989464700222015,-0.31843501329421997,0.0786605030298233,-0.31765466928482056,0.2985224425792694,0.04987899214029312,0.30083125829696655,0.049683038145303726,-0.2607952058315277,0.04988087713718414,-0.2611008286476135,0.0500686913728714,0.0,0.0,0.0,0.0,0.0,0.0,0.020053116604685783,-0.041568972170352936,0.032619260251522064,-0.0013317923294380307,-0.01894763670861721,-0.028953058645129204,-0.011864003725349903,0.027516594156622887,0.005070733837783337,-0.0025751828216016293,-0.007911162450909615,-0.01261196844279766,0.0,-0.0,0.0,-0.0,0.0,0.0,0.0,0.0,0.0,0.0,0.0,0.0,0.0,-0.0,0.0,-0.0,0.0,0.0,0.0,0.0,0.0,0.0,0.0,0.0,0.134965717792511,-0.15710830688476562,0.13928383588790894,-0.15407103300094604,0.13638877868652344,0.1497691422700882,0.13452383875846863,0.1492631733417511,0.134965717792511,-0.15710830688476562,0.13928383588790894,-0.15407103300094604,0.13638877868652344,0.1497691422700882,0.13452383875846863,0.1492631733417511,-0.0016772589879110456,-0.013852698728442192,0.019468417391180992,-0.017904143780469894,-0.0474177822470665,0.012228554114699364,-0.049882590770721436,0.04951764643192291,0.30000001192092896,0.30000001192092896,0.30000001192092896,0.30000001192092896,0.0,0.0,1.0,0.0,-0.0,1.0,-0.0,-0.9999998807907104,0.30000001192092896,0.30000001192092896,0.30000001192092896,0.30000001192092896
2.5666666666666664,0,0.04599655792117119,-0.022366836667060852,-0.012553129345178604,0.27862420678138733,1.0,0.07391427457332611,0.0017748363316059113,0.006335643120110035,1,1,1,1,13.255831718444824,1.38947594165802,1.8477320671081543,12.680963516235352,13.255831718444824,1.38947594165802,1.8477320671081543,12.680963516235352,0,0,0,0,0,0.9999990463256836,0.07989183813333511,-0.3184375762939453,0.07865872234106064,-0.31765642762184143,0.2987488806247711,0.04989016056060791,0.3010447323322296,0.04965251311659813,-0.26053401827812195,0.049873314797878265,-0.26086190342903137,0.05007757991552353,0.0,0.0,0.0,0.0,0.0,0.0,0.019465774297714233,-0.04135620966553688,0.03153764829039574,-0.0012731982860714197,-0.01900399476289749,-0.02882981300354004,-0.011158459819853306,0.02862856723368168,0.005019072443246841,-0.0031578990165144205,-0.007474598009139299,-0.012262707576155663,0.0,-0.0,0.0,-0.0,0.0,0.0,0.0,0.0,0.0,0.0,0.0,0.0,0.0,-0.0,0.0,-0.0,0.0,0.0,0.0,0.0,0.0,0.0,0.0,0.0,0.134965717792511,-0.15710830688476562,0.13928383588790894,-0.15407103300094604,0.13638877868652344,0.1497691422700882,0.13452383875846863,0.1492631733417511,0.134965717792511,-0.15710830688476562,0.13928383588790894,-0.15407103300094604,0.13638877868652344,0.1497691422700882,0.13452383875846863,0.1492631733417511,-0.0016772589879110456,-0.013852698728442192,0.019468417391180992,-0.017904143780469894,-0.0474177822470665,0.012228554114699364,-0.049882590770721436,0.04951764643192291,0.30000001192092896,0.30000001192092896,0.30000001192092896,0.30000001192092896,0.0,0.0,1.0,0.0,-0.0,1.0,-0.0,-0.9999998807907104,0.30000001192092896,0.30000001192092896,0.30000001192092896,0.30000001192092896
2.5833333333333335,0,0.046230338513851166,-0.022382138296961784,-0.010142767801880836,0.2809140980243683,1.0,0.07331642508506775,0.001643274910748005,0.006294029299169779,1,1,1,1,12.131102561950684,2.1571428775787354,2.7066497802734375,11.7855863571167,12.131102561950684,2.1571428775787354,2.7066497802734375,11.7855863571167,0,0,0,0,0,0.9999990463256836,0.07989408820867538,-0.3184353709220886,0.07865893840789795,-0.3176560699939728,0.298974871635437,0.04990439489483833,0.30127236247062683,0.04968423396348953,-0.26027849316596985,0.04986647143959999,-0.26062703132629395,0.05008590966463089,0.0,0.0,0.0,0.0,0.0,0.0,0.01899506337940693,-0.041020095348358154,0.030130859464406967,-0.0007317991694435477,-0.01874394528567791,-0.028726326301693916,-0.011726653203368187,0.02897779829800129,0.003958335146307945,-0.002625099616125226,-0.009212161414325237,-0.012737521901726723,0.0,-0.0,0.0,-0.0,0.0,0.0,0.0,0.0,0.0,0.0,0.0,0.0,0.0,-0.0,0.0,-0.0,0.0,0.0,0.0,0.0,0.0,0.0,0.0,0.0,0.134965717792511,-0.15710830688476562,0.13928383588790894,-0.15407103300094604,0.13638877868652344,0.1497691422700882,0.13452383875846863,0.1492631733417511,0.134965717792511,-0.15710830688476562,0.13928383588790894,-0.15407103300094604,0.13638877868652344,0.1497691422700882,0.13452383875846863,0.1492631733417511,-0.0016772589879110456,-0.013852698728442192,0.019468417391180992,-0.017904143780469894,-0.0474177822470665,0.012228554114699364,-0.049882590770721436,0.04951764643192291,0.30000001192092896,0.30000001192092896,0.30000001192092896,0.30000001192092896,0.0,0.0,1.0,0.0,-0.0,1.0,-0.0,-0.9999998807907104,0.30000001192092896,0.30000001192092896,0.30000001192092896,0.30000001192092896
2.6,0,0.046472448855638504,-0.022399865090847015,-0.011236624792218208,0.28091007471084595,1.0,0.07395603507757187,0.001671383623033762,0.00626382976770401,1,1,1,1,12.250082015991211,2.051340103149414,2.556467294692993,11.888038635253906,12.250082015991211,2.051340103149414,2.556467294692993,11.888038635253906,0,0,0,0,0,0.9999990463256836,0.07989532500505447,-0.3184341788291931,0.07865879684686661,-0.3176560699939728,0.2992025911808014,0.04991795867681503,0.3015093505382538,0.04971428960561752,-0.26001766324043274,0.04985928162932396,-0.26038479804992676,0.05009150132536888,0.0,0.0,0.0,0.0,0.0,0.0,0.01829713210463524,-0.04106849804520607,0.029815232381224632,-4.511978477239609e-05,-0.018890894949436188,-0.028615323826670647,-0.012616105377674103,0.029831059277057648,0.00443563237786293,-0.0030831973999738693,-0.011316314339637756,-0.01330932229757309,0.0,-0.0,0.0,-0.0,0.0,0.0,0.0,0.0,0.0,0.0,0.0,0.0,0.0,-0.0,0.0,-0.0,0.0,0.0,0.0,0.0,0.0,0.0,0.0,0.0,0.134965717792511,-0.15710830688476562,0.13928383588790894,-0.15407103300094604,0.13638877868652344,0.1497691422700882,0.13452383875846863,0.1492631733417511,0.134965717792511,-0.15710830688476562,0.13928383588790894,-0.15407103300094604,0.13638877868652344,0.1497691422700882,0.13452383875846863,0.1492631733417511,-0.0016772589879110456,-0.013852698728442192,0.019468417391180992,-0.017904143780469894,-0.0474177822470665,0.012228554114699364,-0.049882590770721436,0.04951764643192291,0.30000001192092896,0.30000001192092896,0.30000001192092896,0.30000001192092896,0.0,0.0,1.0,0.0,-0.0,1.0,-0.0,-0.9999998807907104,0.30000001192092896,0.30000001192092896,0.30000001192092896,0.30000001192092896
2.6166666666666667,0,0.04671139270067215,-0.022419283166527748,-0.011521789245307446,0.2809060215950012,1.0,0.07364122569561005,0.0016827723011374474,0.006238032132387161,1,1,1,1,12.193405151367188,2.0586023330688477,2.5821938514709473,11.860383033752441,12.193405151367188,2.0586023330688477,2.5821938514709473,11.860383033752441,0,0,0,0,0,0.9999990463256836,0.0798959955573082,-0.3184335231781006,0.0786590501666069,-0.3176557123661041,0.2994285523891449,0.049930572509765625,0.30174311995506287,0.04974273219704628,-0.25975868105888367,0.049850597977638245,-0.26014429330825806,0.050095926970243454,0.0,0.0,0.0,0.0,0.0,0.0,0.017682457342743874,-0.04139842465519905,0.030654363334178925,-0.001290247542783618,-0.01910727098584175,-0.02860582433640957,-0.012692547403275967,0.028809119015932083,0.004557114560157061,-0.0030415882356464863,-0.009597072377800941,-0.012593944557011127,0.0,-0.0,0.0,-0.0,0.0,0.0,0.0,0.0,0.0,0.0,0.0,0.0,0.0,-0.0,0.0,-0.0,0.0,0.0,0.0,0.0,0.0,0.0,0.0,0.0,0.134965717792511,-0.15710830688476562,0.13928383588790894,-0.15407103300094604,0.13638877868652344,0.1497691422700882,0.13452383875846863,0.1492631733417511,0.134965717792511,-0.15710830688476562,0.13928383588790894,-0.15407103300094604,0.13638877868652344,0.1497691422700882,0.13452383875846863,0.1492631733417511,-0.0016772589879110456,-0.013852698728442192,0.019468417391180992,-0.017904143780469894,-0.0474177822470665,0.012228554114699364,-0.049882590770721436,0.04951764643192291,0.30000001192092896,0.30000001192092896,0.30000001192092896,0.30000001192092896,0.0,0.0,1.0,0.0,-0.0,1.0,-0.0,-0.9999998807907104,0.30000001192092896,0.30000001192092896,0.30000001192092896,0.30000001192092896
2.6333333333333333,0,0.04695188254117966,-0.022460315376520157,-0.013210618868470192,0.27858519554138184,1.0,0.0721859335899353,0.0015943972393870354,0.00619527930393815,1,1,1,1,12.474020957946777,1.867659091949463,2.3543968200683594,12.060210227966309,12.474020957946777,1.867659091949463,2.3543968200683594,12.060210227966309,0,0,0,0,0,0.9999991655349731,0.07989707589149475,-0.3184325397014618,0.078664630651474,-0.3176500201225281,0.29965853691101074,0.04994216188788414,0.30197611451148987,0.049770355224609375,-0.2595089077949524,0.04983890429139137,-0.25990521907806396,0.05009877681732178,0.0,0.0,0.0,0.0,0.0,0.0,0.01687745936214924,-0.040716011077165604,0.03065641038119793,-0.0016407136572524905,-0.01837778277695179,-0.028523245826363564,-0.012967871502041817,0.027297718450427055,0.004667554050683975,-0.002993472618982196,-0.009260824881494045,-0.012020803987979889,0.0,-0.0,0.0,-0.0,0.0,0.0,0.0,0.0,0.0,0.0,0.0,0.0,0.0,-0.0,0.0,-0.0,0.0,0.0,0.0,0.0,0.0,0.0,0.0,0.0,0.134965717792511,-0.15710830688476562,0.13928383588790894,-0.15407103300094604,0.13638877868652344,0.1497691422700882,0.13452383875846863,0.1492631733417511,0.134965717792511,-0.15710830688476562,0.13928383588790894,-0.15407103300094604,0.13638877868652344,0.1497691422700882,0.13452383875846863,0.1492631733417511,-0.0016772589879110456,-0.013852698728442192,0.019468417391180992,-0.017904143780469894,-0.0474177822470665,0.012228554114699364,-0.049882590770721436,0.04951764643192291,0.30000001192092896,0.30000001192092896,0.30000001192092896,0.30000001192092896,0.0,0.0,1.0,0.0,-0.0,1.0,-0.0,-0.9999998807907104,0.30000001192092896,0.30000001192092896,0.30000001192092896,0.30000001192092896
2.65,0,0.047192513942718506,-0.02250577136874199,-0.014392648823559284,0.2785777747631073,1.0,0.07429339736700058,0.0016883742064237595,0.006152481772005558,1,1,1,1,12.527215957641602,1.8130600452423096,2.2957773208618164,12.10274600982666,12.527215957641602,1.8130600452423096,2.2957773208618164,12.10274600982666,0,0,0,0,0,0.9999991655349731,0.07989870011806488,-0.3184310793876648,0.07866531610488892,-0.31764930486679077,0.29988789558410645,0.04995236173272133,0.3022103011608124,0.04979659989476204,-0.259265273809433,0.04982782155275345,-0.25966259837150574,0.05010027438402176,0.0,0.0,0.0,0.0,0.0,0.0,0.018386876210570335,-0.042051803320646286,0.03061603382229805,-0.0011123097501695156,-0.018786201253533363,-0.028758343309164047,-0.013297614641487598,0.02880759723484516,0.004721189849078655,-0.0026126825250685215,-0.009577170945703983,-0.012922567315399647,0.0,-0.0,0.0,-0.0,0.0,0.0,0.0,0.0,0.0,0.0,0.0,0.0,0.0,-0.0,0.0,-0.0,0.0,0.0,0.0,0.0,0.0,0.0,0.0,0.0,0.134965717792511,-0.15710830688476562,0.13928383588790894,-0.15407103300094604,0.13638877868652344,0.1497691422700882,0.13452383875846863,0.1492631733417511,0.134965717792511,-0.15710830688476562,0.13928383588790894,-0.15407103300094604,0.13638877868652344,0.1497691422700882,0.13452383875846863,0.1492631733417511,-0.0016772589879110456,-0.013852698728442192,0.019468417391180992,-0.017904143780469894,-0.0474177822470665,0.012228554114699364,-0.049882590770721436,0.04951764643192291,0.30000001192092896,0.30000001192092896,0.30000001192092896,0.30000001192092896,0.0,0.0,1.0,0.0,-0.0,1.0,-0.0,-0.9999998807907104,0.30000001192092896,0.30000001192092896,0.30000001192092896,0.30000001192092896
2.6666666666666665,0,0.047430370002985,-0.022552356123924255,-0.014662778936326504,0.27857089042663574,1.0,0.07307053357362747,0.0018334044143557549,0.006115269847214222,1,1,1,1,12.567588806152344,1.7669035196304321,2.266040802001953,12.142602920532227,12.567588806152344,1.7669035196304321,2.266040802001953,12.142602920532227,0,0,0,0,0,0.9999991655349731,0.0799001008272171,-0.3184296190738678,0.07866573333740234,-0.31764882802963257,0.3001154363155365,0.049961622804403305,0.30244410037994385,0.0498218797147274,-0.25902247428894043,0.0498150996863842,-0.2594207525253296,0.05010068789124489,0.0,0.0,0.0,0.0,0.0,0.0,0.017210569232702255,-0.041898272931575775,0.031128855422139168,-0.0016641266411170363,-0.018620282411575317,-0.028580699115991592,-0.013129903934895992,0.027378706261515617,0.0048218159936368465,-0.002539219567552209,-0.007991609163582325,-0.01169342640787363,0.0,-0.0,0.0,-0.0,0.0,0.0,0.0,0.0,0.0,0.0,0.0,0.0,0.0,-0.0,0.0,-0.0,0.0,0.0,0.0,0.0,0.0,0.0,0.0,0.0,0.134965717792511,-0.15710830688476562,0.13928383588790894,-0.15407103300094604,0.13638877868652344,0.1497691422700882,0.13452383875846863,0.1492631733417511,0.134965717792511,-0.15710830688476562,0.13928383588790894,-0.15407103300094604,0.13638877868652344,0.1497691422700882,0.13452383875846863,0.1492631733417511,-0.0016772589879110456,-0.013852698728442192,0.019468417391180992,-0.017904143780469894,-0.0474177822470665,0.012228554114699364,-0.049882590770721436,0.04951764643192291,0.30000001192092896,0.30000001192092896,0.30000001192092896,0.30000001192092896,0.0,0.0,1.0,0.0,-0.0,1.0,-0.0,-0.9999998807907104,0.30000001192092896,0.30000001192092896,0.30000001192092896,0.30000001192092896
2.683333333333333,0,0.047666147351264954,-0.02259906940162182,-0.014911097474396229,0.2785644829273224,1.0,0.07360546290874481,0.0016170097514986992,0.006082145031541586,1,1,1,1,12.60450267791748,1.7217533588409424,2.230560302734375,12.180922508239746,12.60450267791748,1.7217533588409424,2.230560302734375,12.180922508239746,0,0,0,0,0,0.9999991655349731,0.0799010768532753,-0.31842875480651855,0.07866610586643219,-0.3176485300064087,0.3003416657447815,0.04996955394744873,0.3026773929595947,0.04984617233276367,-0.2587803602218628,0.04980117455124855,-0.2591794431209564,0.05010024085640907,0.0,0.0,0.0,0.0,0.0,0.0,0.017644913867115974,-0.04183373600244522,0.03131570294499397,-0.001533782808110118,-0.018776383250951767,-0.02885715663433075,-0.013048475608229637,0.02767295390367508,0.004832173697650433,-0.002679225290194154,-0.008635062724351883,-0.012120169587433338,0.0,-0.0,0.0,-0.0,0.0,0.0,0.0,0.0,0.0,0.0,0.0,0.0,0.0,-0.0,0.0,-0.0,0.0,0.0,0.0,0.0,0.0,0.0,0.0,0.0,0.134965717792511,-0.15710830688476562,0.13928383588790894,-0.15407103300094604,0.13638877868652344,0.1497691422700882,0.13452383875846863,0.1492631733417511,0.134965717792511,-0.15710830688476562,0.13928383588790894,-0.15407103300094604,0.13638877868652344,0.1497691422700882,0.13452383875846863,0.1492631733417511,-0.0016772589879110456,-0.013852698728442192,0.019468417391180992,-0.017904143780469894,-0.0474177822470665,0.012228554114699364,-0.049882590770721436,0.04951764643192291,0.30000001192092896,0.30000001192092896,0.30000001192092896,0.30000001192092896,0.0,0.0,1.0,0.0,-0.0,1.0,-0.0,-0.9999998807907104,0.30000001192092896,0.30000001192092896,0.30000001192092896,0.30000001192092896
2.7,0,0.047920554876327515,-0.02265107072889805,-0.014232298359274864,0.2808939814567566,1.0,0.07368966192007065,0.0018509933724999428,0.0060287355445325375,1,1,1,1,12.345598220825195,2.245168924331665,2.515186071395874,11.97277545928955,12.345598220825195,2.245168924331665,2.515186071395874,11.97277545928955,0,0,0,0,0,0.9999991655349731,0.07990210503339767,-0.318427711725235,0.07866709679365158,-0.31764742732048035,0.3005825877189636,0.049974773079156876,0.3029194176197052,0.04986979812383652,-0.2585321366786957,0.04978611692786217,-0.2589323818683624,0.05009893700480461,0.0,0.0,0.0,0.0,0.0,0.0,0.017964612692594528,-0.041605208069086075,0.03140740469098091,-0.0015454558888450265,-0.018903013318777084,-0.028835143893957138,-0.01285328809171915,0.027795901522040367,0.004900098312646151,-0.0028804736211895943,-0.008719130419194698,-0.012356857769191265,0.0,-0.0,0.0,-0.0,0.0,0.0,0.0,0.0,0.0,0.0,0.0,0.0,0.0,-0.0,0.0,-0.0,0.0,0.0,0.0,0.0,0.0,0.0,0.0,0.0,0.134965717792511,-0.15710830688476562,0.13928383588790894,-0.15407103300094604,0.13638877868652344,0.1497691422700882,0.13452383875846863,0.1492631733417511,0.134965717792511,-0.15710830688476562,0.13928383588790894,-0.15407103300094604,0.13638877868652344,0.1497691422700882,0.13452383875846863,0.1492631733417511,-0.0016772589879110456,-0.013852698728442192,0.019468417391180992,-0.017904143780469894,-0.0474177822470665,0.012228554114699364,-0.049882590770721436,0.04951764643192291,0.30000001192092896,0.30000001192092896,0.30000001192092896,0.30000001192092896,0.0,0.0,1.0,0.0,-0.0,1.0,-0.0,-0.9999998807907104,0.30000001192092896,0.30000001192092896,0.30000001192092896,0.30000001192092896
2.716666666666667,0,0.04816922917962074,-0.022700054571032524,-0.012868788093328476,0.2808743715286255,1.0,0.07715655118227005,0.001784658059477806,0.005962249357253313,1,1,1,1,12.260724067687988,2.125701904296875,2.6703152656555176,11.929361343383789,12.260724067687988,2.125701904296875,2.6703152656555176,11.929361343383789,0,0,0,0,0,0.9999991655349731,0.0799015536904335,-0.31842800974845886,0.07866805791854858,-0.31764641404151917,0.30082735419273376,0.049982618540525436,0.3031427264213562,0.049891967326402664,-0.25828662514686584,0.049769315868616104,-0.2586844563484192,0.05009482800960541,0.0,0.0,0.0,0.0,0.0,0.0,0.0201011523604393,-0.04301053285598755,0.03199225664138794,-0.0009612838621251285,-0.019246727228164673,-0.03007625974714756,-0.01342084165662527,0.02971670776605606,0.0052036382257938385,-0.0028374569956213236,-0.010540462099015713,-0.013794656842947006,0.0,-0.0,0.0,-0.0,0.0,0.0,0.0,0.0,0.0,0.0,0.0,0.0,0.0,-0.0,0.0,-0.0,0.0,0.0,0.0,0.0,0.0,0.0,0.0,0.0,0.134965717792511,-0.15710830688476562,0.13928383588790894,-0.15407103300094604,0.13638877868652344,0.1497691422700882,0.13452383875846863,0.1492631733417511,0.134965717792511,-0.15710830688476562,0.13928383588790894,-0.15407103300094604,0.13638877868652344,0.1497691422700882,0.13452383875846863,0.1492631733417511,-0.0016772589879110456,-0.013852698728442192,0.019468417391180992,-0.017904143780469894,-0.0474177822470665,0.012228554114699364,-0.049882590770721436,0.04951764643192291,0.30000001192092896,0.30000001192092896,0.30000001192092896,0.30000001192092896,0.0,0.0,1.0,0.0,-0.0,1.0,-0.0,-0.9999998807907104,0.30000001192092896,0.30000001192092896,0.30000001192092896,0.30000001192092896
2.7333333333333334,0,0.04841633886098862,-0.02273280918598175,-0.012237254530191422,0.2808672785758972,1.0,0.08447995781898499,0.0016945572569966316,0.005921012256294489,1,1,1,1,12.202071189880371,2.110706090927124,2.638882875442505,11.793318748474121,12.202071189880371,2.110706090927124,2.638882875442505,11.793318748474121,0,0,0,0,0,0.9999991655349731,0.07990105450153351,-0.31842854619026184,0.07867507636547089,-0.3176393508911133,0.3010728061199188,0.049987759441137314,0.303378164768219,0.049913112074136734,-0.25803881883621216,0.049753040075302124,-0.2584419846534729,0.05009135976433754,0.0,0.0,0.0,0.0,0.0,0.0,0.027670782059431076,-0.0450972281396389,0.037430085241794586,-0.0002193804830312729,-0.016494665294885635,-0.03362612798810005,-0.013183443807065487,0.029266992583870888,0.004624533466994762,-0.0015906949993222952,-0.013558457605540752,-0.01718931831419468,0.0,-0.0,0.0,-0.0,0.0,0.0,0.0,0.0,0.0,0.0,0.0,0.0,0.0,-0.0,0.0,-0.0,0.0,0.0,0.0,0.0,0.0,0.0,0.0,0.0,0.134965717792511,-0.15710830688476562,0.13928383588790894,-0.15407103300094604,0.13638877868652344,0.1497691422700882,0.13452383875846863,0.1492631733417511,0.134965717792511,-0.15710830688476562,0.13928383588790894,-0.15407103300094604,0.13638877868652344,0.1497691422700882,0.13452383875846863,0.1492631733417511,-0.0016772589879110456,-0.013852698728442192,0.019468417391180992,-0.017904143780469894,-0.0474177822470665,0.012228554114699364,-0.049882590770721436,0.04951764643192291,0.30000001192092896,0.30000001192092896,0.30000001192092896,0.30000001192092896,0.0,0.0,1.0,0.0,-0.0,1.0,-0.0,-0.9999998807907104,0.30000001192092896,0.30000001192092896,0.30000001192092896,0.30000001192092896
2.75,0,0.048670411109924316,-0.022780057042837143,-0.013037767261266708,0.28085556626319885,1.0,0.07697901129722595,0.0014928695745766163,0.005852582864463329,1,1,1,1,12.280962944030762,2.147653818130493,2.5337624549865723,11.775965690612793,12.280962944030762,2.147653818130493,2.5337624549865723,11.775965690612793,0,0,0,0,0,0.9999991655349731,0.07990280538797379,-0.3184266984462738,0.07867522537708282,-0.3176390528678894,0.3013205826282501,0.04998941347002983,0.3036155700683594,0.04993324354290962,-0.2577904760837555,0.04973417893052101,-0.25818967819213867,0.050084639340639114,0.0,0.0,0.0,0.0,0.0,0.0,0.018827928230166435,-0.042986538261175156,0.031584206968545914,-0.00037207824061624706,-0.018868986517190933,-0.03062657080590725,-0.013999954797327518,0.029367294162511826,0.004098440520465374,-0.0024123857729136944,-0.012931852601468563,-0.013543360866606236,0.0,-0.0,0.0,-0.0,0.0,0.0,0.0,0.0,0.0,0.0,0.0,0.0,0.0,-0.0,0.0,-0.0,0.0,0.0,0.0,0.0,0.0,0.0,0.0,0.0,0.134965717792511,-0.15710830688476562,0.13928383588790894,-0.15407103300094604,0.13638877868652344,0.1497691422700882,0.13452383875846863,0.1492631733417511,0.134965717792511,-0.15710830688476562,0.13928383588790894,-0.15407103300094604,0.13638877868652344,0.1497691422700882,0.13452383875846863,0.1492631733417511,-0.0016772589879110456,-0.013852698728442192,0.019468417391180992,-0.017904143780469894,-0.0474177822470665,0.012228554114699364,-0.049882590770721436,0.04951764643192291,0.30000001192092896,0.30000001192092896,0.30000001192092896,0.30000001192092896,0.0,0.0,1.0,0.0,-0.0,1.0,-0.0,-0.9999998807907104,0.30000001192092896,0.30000001192092896,0.30000001192092896,0.30000001192092896
2.7666666666666666,0,0.04892067238688469,-0.022826658561825752,-0.01334945298731327,0.28084638714790344,1.0,0.07405819743871689,0.0009970394894480705,0.0057936375960707664,1,1,1,1,12.301495552062988,2.111480951309204,2.519021987915039,11.836172103881836,12.301495552062988,2.111480951309204,2.519021987915039,11.836172103881836,0,0,0,0,0,0.9999991655349731,0.07990263402462006,-0.3184266984462738,0.07867617160081863,-0.3176380693912506,0.3015667498111725,0.04999152570962906,0.3038519024848938,0.04995179548859596,-0.2575436234474182,0.04971322789788246,-0.2579391300678253,0.05007704347372055,0.0,0.0,0.0,0.0,0.0,0.0,0.01787053793668747,-0.04215436801314354,0.03135735169053078,-0.0018719421932473779,-0.018729042261838913,-0.029074793681502342,-0.01318307127803564,0.02782670222222805,0.0044691734947264194,-0.0026042128447443247,-0.008960297331213951,-0.01225563045591116,0.0,-0.0,0.0,-0.0,0.0,0.0,0.0,0.0,0.0,0.0,0.0,0.0,0.0,-0.0,0.0,-0.0,0.0,0.0,0.0,0.0,0.0,0.0,0.0,0.0,0.134965717792511,-0.15710830688476562,0.13928383588790894,-0.15407103300094604,0.13638877868652344,0.1497691422700882,0.13452383875846863,0.1492631733417511,0.134965717792511,-0.15710830688476562,0.13928383588790894,-0.15407103300094604,0.13638877868652344,0.1497691422700882,0.13452383875846863,0.1492631733417511,-0.0016772589879110456,-0.013852698728442192,0.019468417391180992,-0.017904143780469894,-0.0474177822470665,0.012228554114699364,-0.049882590770721436,0.04951764643192291,0.30000001192092896,0.30000001192092896,0.30000001192092896,0.30000001192092896,0.0,0.0,1.0,0.0,-0.0,1.0,-0.0,-0.9999998807907104,0.30000001192092896,0.30000001192092896,0.30000001192092896,0.30000001192092896
2.783333333333333,0,0.049179840832948685,-0.022875893861055374,-0.015286172740161419,0.28083592653274536,1.0,0.07351068407297134,0.0015068170614540577,0.005731247365474701,1,1,1,1,12.418951034545898,2.1444709300994873,2.500821352005005,11.80713939666748,12.418951034545898,2.1444709300994873,2.500821352005005,11.80713939666748,0,0,0,0,0,0.9999991655349731,0.07990169525146484,-0.3184276521205902,0.07867902517318726,-0.317635178565979,0.3018188178539276,0.04999095946550369,0.3040938973426819,0.04996892809867859,-0.25729334354400635,0.049692392349243164,-0.2576885223388672,0.05006885901093483,0.0,0.0,0.0,0.0,0.0,0.0,0.015934927389025688,-0.04245089367032051,0.031273871660232544,-0.0017082176636904478,-0.018405694514513016,-0.029339462518692017,-0.01342735905200243,0.027354229241609573,0.0044965907000005245,-0.002427265513688326,-0.009491355158388615,-0.01106926891952753,0.0,-0.0,0.0,-0.0,0.0,0.0,0.0,0.0,0.0,0.0,0.0,0.0,0.0,-0.0,0.0,-0.0,0.0,0.0,0.0,0.0,0.0,0.0,0.0,0.0,0.134965717792511,-0.15710830688476562,0.13928383588790894,-0.15407103300094604,0.13638877868652344,0.1497691422700882,0.13452383875846863,0.1492631733417511,0.134965717792511,-0.15710830688476562,0.13928383588790894,-0.15407103300094604,0.13638877868652344,0.1497691422700882,0.13452383875846863,0.1492631733417511,-0.0016772589879110456,-0.013852698728442192,0.019468417391180992,-0.017904143780469894,-0.0474177822470665,0.012228554114699364,-0.049882590770721436,0.04951764643192291,0.30000001192092896,0.30000001192092896,0.30000001192092896,0.30000001192092896,0.0,0.0,1.0,0.0,-0.0,1.0,-0.0,-0.9999998807907104,0.30000001192092896,0.30000001192092896,0.30000001192092896,0.30000001192092896
2.8,0,0.049429818987846375,-0.022928189486265182,-0.011895096860826015,0.280825138092041,1.0,0.07200464606285095,0.0017638145945966244,0.005672577768564224,1,1,1,1,12.301590919494629,2.124450445175171,2.557565212249756,11.835037231445312,12.301590919494629,2.124450445175171,2.557565212249756,11.835037231445312,0,0,0,0,0,0.9999991655349731,0.07990169525146484,-0.3184274733066559,0.0786794126033783,-0.3176346719264984,0.30206868052482605,0.049991920590400696,0.30432847142219543,0.04998631402850151,-0.25704607367515564,0.04966927692294121,-0.25743547081947327,0.0500585213303566,0.0,0.0,0.0,0.0,0.0,0.0,0.011495000682771206,-0.04249028116464615,0.029418030753731728,-0.0019944317173212767,-0.01845601573586464,-0.02875557355582714,-0.014339298009872437,0.027909940108656883,0.004770378582179546,-0.003225766820833087,-0.009755074046552181,-0.009864089079201221,0.0,-0.0,0.0,-0.0,0.0,0.0,0.0,0.0,0.0,0.0,0.0,0.0,0.0,-0.0,0.0,-0.0,0.0,0.0,0.0,0.0,0.0,0.0,0.0,0.0,0.134965717792511,-0.15710830688476562,0.13928383588790894,-0.15407103300094604,0.13638877868652344,0.1497691422700882,0.13452383875846863,0.1492631733417511,0.134965717792511,-0.15710830688476562,0.13928383588790894,-0.15407103300094604,0.13638877868652344,0.1497691422700882,0.13452383875846863,0.1492631733417511,-0.0016772589879110456,-0.013852698728442192,0.019468417391180992,-0.017904143780469894,-0.0474177822470665,0.012228554114699364,-0.049882590770721436,0.04951764643192291,0.30000001192092896,0.30000001192092896,0.30000001192092896,0.30000001192092896,0.0,0.0,1.0,0.0,-0.0,1.0,-0.0,-0.9999998807907104,0.30000001192092896,0.30000001192092896,0.30000001192092896,0.30000001192092896
2.8166666666666664,0,0.04969488084316254,-0.022977249696850777,-0.01333598606288433,0.28081291913986206,1.0,0.07203709334135056,0.0018732077442109585,0.00562078133225441,1,1,1,1,12.421656608581543,2.1104865074157715,2.6429874897003174,11.706636428833008,12.421656608581543,2.1104865074157715,2.6429874897003174,11.706636428833008,0,0,0,0,0,0.9999991655349731,0.07990214228630066,-0.3184269964694977,0.07868992537260056,-0.3176242411136627,0.30232489109039307,0.04998984560370445,0.30457305908203125,0.0500020869076252,-0.25679028034210205,0.04964738339185715,-0.2571822702884674,0.05004870146512985,0.0,0.0,0.0,0.0,0.0,0.0,0.014961397275328636,-0.041820228099823,0.030407002195715904,-0.0019329733913764358,-0.01865440234541893,-0.02836667187511921,-0.012833764776587486,0.027610009536147118,0.004752717912197113,-0.0029657469131052494,-0.008259596303105354,-0.010438765399158001,0.0,-0.0,0.0,-0.0,0.0,0.0,0.0,0.0,0.0,0.0,0.0,0.0,0.0,-0.0,0.0,-0.0,0.0,0.0,0.0,0.0,0.0,0.0,0.0,0.0,0.134965717792511,-0.15710830688476562,0.13928383588790894,-0.15407103300094604,0.13638877868652344,0.1497691422700882,0.13452383875846863,0.1492631733417511,0.134965717792511,-0.15710830688476562,0.13928383588790894,-0.15407103300094604,0.13638877868652344,0.1497691422700882,0.13452383875846863,0.1492631733417511,-0.0016772589879110456,-0.013852698728442192,0.019468417391180992,-0.017904143780469894,-0.0474177822470665,0.012228554114699364,-0.049882590770721436,0.04951764643192291,0.30000001192092896,0.30000001192092896,0.30000001192092896,0.30000001192092896,0.0,0.0,1.0,0.0,-0.0,1.0,-0.0,-0.9999998807907104,0.30000001192092896,0.30000001192092896,0.30000001192092896,0.30000001192092896
2.8333333333333335,0,0.04994847625494003,-0.023025820031762123,-0.011264524422585964,0.2808024287223816,1.0,0.07522361725568771,0.0017839735373854637,0.005562358070164919,1,1,1,1,12.232059478759766,2.2025146484375,2.7698910236358643,11.652118682861328,12.232059478759766,2.2025146484375,2.7698910236358643,11.652118682861328,0,0,0,0,0,0.9999991655349731,0.07990327477455139,-0.3184257745742798,0.07869207859039307,-0.31762203574180603,0.3025774359703064,0.049986209720373154,0.30481135845184326,0.0500166155397892,-0.25654006004333496,0.04962135851383209,-0.2569289803504944,0.05003610625863075,0.0,0.0,0.0,0.0,0.0,0.0,0.019357409328222275,-0.04208848252892494,0.032267164438962936,-0.001559693948365748,-0.019057804718613625,-0.029957566410303116,-0.01231958158314228,0.02798771858215332,0.004760674200952053,-0.0026455025654286146,-0.009288604371249676,-0.01253633014857769,0.0,-0.0,0.0,-0.0,0.0,0.0,0.0,0.0,0.0,0.0,0.0,0.0,0.0,-0.0,0.0,-0.0,0.0,0.0,0.0,0.0,0.0,0.0,0.0,0.0,0.134965717792511,-0.15710830688476562,0.13928383588790894,-0.15407103300094604,0.13638877868652344,0.1497691422700882,0.13452383875846863,0.1492631733417511,0.134965717792511,-0.15710830688476562,0.13928383588790894,-0.15407103300094604,0.13638877868652344,0.1497691422700882,0.13452383875846863,0.1492631733417511,-0.0016772589879110456,-0.013852698728442192,0.019468417391180992,-0.017904143780469894,-0.0474177822470665,0.012228554114699364,-0.049882590770721436,0.04951764643192291,0.30000001192092896,0.30000001192092896,0.30000001192092896,0.30000001192092896,0.0,0.0,1.0,0.0,-0.0,1.0,-0.0,-0.9999998807907104,0.30000001192092896,0.30000001192092896,0.30000001192092896,0.30000001192092896
2.85,0,0.05020533502101898,-0.023073801770806313,-0.011298556812107563,0.2807932496070862,1.0,0.07471203058958054,0.0019109947606921196,0.005506316665560007,1,1,1,1,12.207832336425781,2.286466121673584,2.787341833114624,11.583138465881348,12.207832336425781,2.286466121673584,2.787341833114624,11.583138465881348,0,0,0,0,0,0.9999991655349731,0.07990290224552155,-0.3184260427951813,0.07869387418031693,-0.31762009859085083,0.3028317987918854,0.04998144134879112,0.3050537705421448,0.05002951994538307,-0.25628799200057983,0.04959491267800331,-0.25667500495910645,0.050022464245557785,0.0,0.0,0.0,0.0,0.0,0.0,0.019390197470784187,-0.04170549660921097,0.03150494769215584,-0.0013213522033765912,-0.018866244703531265,-0.029574157670140266,-0.012000838294625282,0.028521651402115822,0.004758027382194996,-0.002877075457945466,-0.00959754642099142,-0.012694565579295158,0.0,-0.0,0.0,-0.0,0.0,0.0,0.0,0.0,0.0,0.0,0.0,0.0,0.0,-0.0,0.0,-0.0,0.0,0.0,0.0,0.0,0.0,0.0,0.0,0.0,0.134965717792511,-0.15710830688476562,0.13928383588790894,-0.15407103300094604,0.13638877868652344,0.1497691422700882,0.13452383875846863,0.1492631733417511,0.134965717792511,-0.15710830688476562,0.13928383588790894,-0.15407103300094604,0.13638877868652344,0.1497691422700882,0.13452383875846863,0.1492631733417511,-0.0016772589879110456,-0.013852698728442192,0.019468417391180992,-0.017904143780469894,-0.0474177822470665,0.012228554114699364,-0.049882590770721436,0.04951764643192291,0.30000001192092896,0.30000001192092896,0.30000001192092896,0.30000001192092896,0.0,0.0,1.0,0.0,-0.0,1.0,-0.0,-0.9999998807907104,0.30000001192092896,0.30000001192092896,0.30000001192092896,0.30000001192092896
2.8666666666666667,0,0.05043209344148636,-0.02310384064912796,-0.00996924564242363,0.28079819679260254,1.0,0.07451066374778748,0.0015099812299013138,0.005460564512759447,1,1,1,1,12.334959030151367,2.1730473041534424,2.528388261795044,11.624717712402344,12.334959030151367,2.1730473041534424,2.528388261795044,11.624717712402344,0,0,0,0,0,0.9999992251396179,0.07990310341119766,-0.31842583417892456,0.07869572192430496,-0.3176182508468628,0.3030766248703003,0.049972228705883026,0.30528712272644043,0.05004129931330681,-0.2560473680496216,0.04956566169857979,-0.25642573833465576,0.05000787973403931,0.0,0.0,0.0,0.0,0.0,0.0,0.020157959312200546,-0.041404131799936295,0.03217679262161255,-0.0011948220198974013,-0.018727824091911316,-0.02968989498913288,-0.011472544632852077,0.02764921449124813,0.004872384015470743,-0.0026381483767181635,-0.008958674035966396,-0.012455640360713005,0.0,-0.0,0.0,-0.0,0.0,0.0,0.0,0.0,0.0,0.0,0.0,0.0,0.0,-0.0,0.0,-0.0,0.0,0.0,0.0,0.0,0.0,0.0,0.0,0.0,0.134965717792511,-0.15710830688476562,0.13928383588790894,-0.15407103300094604,0.13638877868652344,0.1497691422700882,0.13452383875846863,0.1492631733417511,0.134965717792511,-0.15710830688476562,0.13928383588790894,-0.15407103300094604,0.13638877868652344,0.1497691422700882,0.13452383875846863,0.1492631733417511,-0.0016772589879110456,-0.013852698728442192,0.019468417391180992,-0.017904143780469894,-0.0474177822470665,0.012228554114699364,-0.049882590770721436,0.04951764643192291,0.30000001192092896,0.30000001192092896,0.30000001192092896,0.30000001192092896,0.0,0.0,1.0,0.0,-0.0,1.0,-0.0,-0.9999998807907104,0.30000001192092896,0.30000001192092896,0.30000001192092896,0.30000001192092896
2.8833333333333333,0,0.050687626004219055,-0.023148775100708008,-0.01413578912615776,0.2807852327823639,1.0,0.07576106488704681,0.001737035345286131,0.0054155574180185795,1,1,1,1,12.24800968170166,2.320242404937744,2.7508575916290283,11.587247848510742,12.24800968170166,2.320242404937744,2.7508575916290283,11.587247848510742,0,0,0,0,0,0.9999992251396179,0.07990014553070068,-0.3184286653995514,0.07869843393564224,-0.3176155388355255,0.3033320903778076,0.04996839165687561,0.30552414059638977,0.05005176365375519,-0.25579580664634705,0.049538202583789825,-0.25617164373397827,0.049991805106401443,0.0,0.0,0.0,0.0,0.0,0.0,0.021356161683797836,-0.04216959327459335,0.03168833255767822,-0.0014051995240151882,-0.018863627687096596,-0.029540324583649635,-0.011784004978835583,0.029089802876114845,0.0045099868439137936,-0.002656087512150407,-0.008798249997198582,-0.013450049795210361,0.0,-0.0,0.0,-0.0,0.0,0.0,0.0,0.0,0.0,0.0,0.0,0.0,0.0,-0.0,0.0,-0.0,0.0,0.0,0.0,0.0,0.0,0.0,0.0,0.0,0.134965717792511,-0.15710830688476562,0.13928383588790894,-0.15407103300094604,0.13638877868652344,0.1497691422700882,0.13452383875846863,0.1492631733417511,0.134965717792511,-0.15710830688476562,0.13928383588790894,-0.15407103300094604,0.13638877868652344,0.1497691422700882,0.13452383875846863,0.1492631733417511,-0.0016772589879110456,-0.013852698728442192,0.019468417391180992,-0.017904143780469894,-0.0474177822470665,0.012228554114699364,-0.049882590770721436,0.04951764643192291,0.30000001192092896,0.30000001192092896,0.30000001192092896,0.30000001192092896,0.0,0.0,1.0,0.0,-0.0,1.0,-0.0,-0.9999998807907104,0.30000001192092896,0.30000001192092896,0.30000001192092896,0.30000001192092896
2.9,0,0.05093676969408989,-0.023199083283543587,-0.00854813028126955,0.2807769775390625,1.0,0.07560330629348755,0.0017167329788208008,0.005351898726075888,1,1,1,1,12.178886413574219,2.33052659034729,2.6983249187469482,11.756925582885742,12.178886413574219,2.33052659034729,2.6983249187469482,11.756925582885742,0,0,0,0,0,0.9999992251396179,0.07990100979804993,-0.3184276521205902,0.07869686186313629,-0.3176170587539673,0.3035871386528015,0.04995984211564064,0.30576178431510925,0.05006125196814537,-0.2555505037307739,0.04950593784451485,-0.25591611862182617,0.04997321218252182,0.0,0.0,0.0,0.0,0.0,0.0,0.018722781911492348,-0.04255124181509018,0.03189689666032791,-0.0015709568979218602,-0.018917279317975044,-0.03000546619296074,-0.013049338012933731,0.028521476313471794,0.004613739438354969,-0.002637183526530862,-0.010136808268725872,-0.012723274528980255,0.0,-0.0,0.0,-0.0,0.0,0.0,0.0,0.0,0.0,0.0,0.0,0.0,0.0,-0.0,0.0,-0.0,0.0,0.0,0.0,0.0,0.0,0.0,0.0,0.0,0.134965717792511,-0.15710830688476562,0.13928383588790894,-0.15407103300094604,0.13638877868652344,0.1497691422700882,0.13452383875846863,0.1492631733417511,0.134965717792511,-0.15710830688476562,0.13928383588790894,-0.15407103300094604,0.13638877868652344,0.1497691422700882,0.13452383875846863,0.1492631733417511,-0.0016772589879110456,-0.013852698728442192,0.019468417391180992,-0.017904143780469894,-0.0474177822470665,0.012228554114699364,-0.049882590770721436,0.04951764643192291,0.30000001192092896,0.30000001192092896,0.30000001192092896,0.30000001192092896,0.0,0.0,1.0,0.0,-0.0,1.0,-0.0,-0.9999998807907104,0.30000001192092896,0.30000001192092896,0.30000001192092896,0.30000001192092896
2.9166666666666665,0,0.05120251327753067,-0.02324007637798786,-0.014822413213551044,0.2807628810405731,1.0,0.07375345379114151,0.001764026004821062,0.0053043910302221775,1,1,1,1,12.26366901397705,2.336066961288452,2.5332796573638916,11.648350715637207,12.26366901397705,2.336066961288452,2.5332796573638916,11.648350715637207,0,0,0,0,0,0.9999992847442627,0.07990045845508575,-0.3184281289577484,0.07870059460401535,-0.31761324405670166,0.30384862422943115,0.04994921758770943,0.3060081899166107,0.05006973445415497,-0.2552850544452667,0.04947414621710777,-0.25565317273139954,0.049954067915678024,0.0,0.0,0.0,0.0,0.0,0.0,0.016792116686701775,-0.04154687747359276,0.03058014065027237,-0.0009522453765384853,-0.01844020001590252,-0.02882661111652851,-0.012288851663470268,0.02970578335225582,0.004541229456663132,-0.0035726414062082767,-0.01050135400146246,-0.012135621160268784,0.0,-0.0,0.0,-0.0,0.0,0.0,0.0,0.0,0.0,0.0,0.0,0.0,0.0,-0.0,0.0,-0.0,0.0,0.0,0.0,0.0,0.0,0.0,0.0,0.0,0.134965717792511,-0.15710830688476562,0.13928383588790894,-0.15407103300094604,0.13638877868652344,0.1497691422700882,0.13452383875846863,0.1492631733417511,0.134965717792511,-0.15710830688476562,0.13928383588790894,-0.15407103300094604,0.13638877868652344,0.1497691422700882,0.13452383875846863,0.1492631733417511,-0.0016772589879110456,-0.013852698728442192,0.019468417391180992,-0.017904143780469894,-0.0474177822470665,0.012228554114699364,-0.049882590770721436,0.04951764643192291,0.30000001192092896,0.30000001192092896,0.30000001192092896,0.30000001192092896,0.0,0.0,1.0,0.0,-0.0,1.0,-0.0,-0.9999998807907104,0.30000001192092896,0.30000001192092896,0.30000001192092896,0.30000001192092896
2.933333333333333,0,0.05145759880542755,-0.023283734917640686,-0.014017709530889988,0.28075361251831055,1.0,0.07428233325481415,0.0016681654378771782,0.005254549905657768,1,1,1,1,12.108529090881348,2.247195243835449,2.5083658695220947,11.62637710571289,12.108529090881348,2.247195243835449,2.5083658695220947,11.62637710571289,0,0,0,0,0,0.9999992847442627,0.07990258932113647,-0.31842586398124695,0.07870525866746902,-0.3176085352897644,0.3041055202484131,0.04993770271539688,0.3062501549720764,0.05007748678326607,-0.25502386689186096,0.04944030940532684,-0.2553993761539459,0.04993349313735962,0.0,0.0,0.0,0.0,0.0,0.0,0.01764139160513878,-0.042359691113233566,0.031063927337527275,-0.0020718725863844156,-0.01844828762114048,-0.029222041368484497,-0.013400864787399769,0.028237752616405487,0.004474378656595945,-0.0027018324472010136,-0.009479304775595665,-0.012435643933713436,0.0,-0.0,0.0,-0.0,0.0,0.0,0.0,0.0,0.0,0.0,0.0,0.0,0.0,-0.0,0.0,-0.0,0.0,0.0,0.0,0.0,0.0,0.0,0.0,0.0,0.134965717792511,-0.15710830688476562,0.13928383588790894,-0.15407103300094604,0.13638877868652344,0.1497691422700882,0.13452383875846863,0.1492631733417511,0.134965717792511,-0.15710830688476562,0.13928383588790894,-0.15407103300094604,0.13638877868652344,0.1497691422700882,0.13452383875846863,0.1492631733417511,-0.0016772589879110456,-0.013852698728442192,0.019468417391180992,-0.017904143780469894,-0.0474177822470665,0.012228554114699364,-0.049882590770721436,0.04951764643192291,0.30000001192092896,0.30000001192092896,0.30000001192092896,0.30000001192092896,0.0,0.0,1.0,0.0,-0.0,1.0,-0.0,-0.9999998807907104,0.30000001192092896,0.30000001192092896,0.30000001192092896,0.30000001192092896
2.95,0,0.051715537905693054,-0.023336874321103096,-0.012675835750997066,0.28074347972869873,1.0,0.0747251883149147,0.001726868562400341,0.005186273250728846,1,1,1,1,12.35877513885498,2.3228232860565186,2.638920783996582,11.6923189163208,12.35877513885498,2.3228232860565186,2.638920783996582,11.6923189163208,0,0,0,0,0,0.9999992847442627,0.07990173250436783,-0.31842660903930664,0.07870683073997498,-0.31760692596435547,0.3043656349182129,0.0499248243868351,0.30649256706237793,0.05008239299058914,-0.25477585196495056,0.049405746161937714,-0.2551393508911133,0.04991108551621437,0.0,0.0,0.0,0.0,0.0,0.0,0.01710963249206543,-0.042875975370407104,0.03097517229616642,-0.001762626226991415,-0.018404647707939148,-0.02943923883140087,-0.01395691093057394,0.02846365049481392,0.004222067538648844,-0.00248413416557014,-0.010142570361495018,-0.012367455288767815,0.0,-0.0,0.0,-0.0,0.0,0.0,0.0,0.0,0.0,0.0,0.0,0.0,0.0,-0.0,0.0,-0.0,0.0,0.0,0.0,0.0,0.0,0.0,0.0,0.0,0.134965717792511,-0.15710830688476562,0.13928383588790894,-0.15407103300094604,0.13638877868652344,0.1497691422700882,0.13452383875846863,0.1492631733417511,0.134965717792511,-0.15710830688476562,0.13928383588790894,-0.15407103300094604,0.13638877868652344,0.1497691422700882,0.13452383875846863,0.1492631733417511,-0.0016772589879110456,-0.013852698728442192,0.019468417391180992,-0.017904143780469894,-0.0474177822470665,0.012228554114699364,-0.049882590770721436,0.04951764643192291,0.30000001192092896,0.30000001192092896,0.30000001192092896,0.30000001192092896,0.0,0.0,1.0,0.0,-0.0,1.0,-0.0,-0.9999998807907104,0.30000001192092896,0.30000001192092896,0.30000001192092896,0.30000001192092896
2.966666666666667,0,0.051976390182971954,-0.023361846804618835,-0.014647345058619976,0.28073543310165405,1.0,0.07472766935825348,0.0018208934925496578,0.00515723368152976,1,1,1,1,11.78213882446289,2.7525124549865723,3.0078697204589844,11.217814445495605,11.78213882446289,2.7525124549865723,3.0078697204589844,11.217814445495605,0,0,0,0,0,0.9999992847442627,0.07990418374538422,-0.318424254655838,0.07871510088443756,-0.3175986409187317,0.30462536215782166,0.04990842565894127,0.3067421019077301,0.05008704215288162,-0.2545073330402374,0.049373701214790344,-0.25488248467445374,0.04988989606499672,0.0,0.0,0.0,0.0,0.0,0.0,0.01713912934064865,-0.04239770025014877,0.032436616718769073,-0.0019223405979573727,-0.018521243706345558,-0.02999938279390335,-0.01320057176053524,0.027513820677995682,0.004608612973242998,-0.00288033508695662,-0.009710371494293213,-0.011789332143962383,0.0,-0.0,0.0,-0.0,0.0,0.0,0.0,0.0,0.0,0.0,0.0,0.0,0.0,-0.0,0.0,-0.0,0.0,0.0,0.0,0.0,0.0,0.0,0.0,0.0,0.134965717792511,-0.15710830688476562,0.13928383588790894,-0.15407103300094604,0.13638877868652344,0.1497691422700882,0.13452383875846863,0.1492631733417511,0.134965717792511,-0.15710830688476562,0.13928383588790894,-0.15407103300094604,0.13638877868652344,0.1497691422700882,0.13452383875846863,0.1492631733417511,-0.0016772589879110456,-0.013852698728442192,0.019468417391180992,-0.017904143780469894,-0.0474177822470665,0.012228554114699364,-0.049882590770721436,0.04951764643192291,0.30000001192092896,0.30000001192092896,0.30000001192092896,0.30000001192092896,0.0,0.0,1.0,0.0,-0.0,1.0,-0.0,-0.9999998807907104,0.30000001192092896,0.30000001192092896,0.30000001192092896,0.30000001192092896
2.9833333333333334,0,0.05221458524465561,-0.023400606587529182,-0.012798221781849861,0.28073805570602417,1.0,0.07577526569366455,0.0016054925508797169,0.005112173035740852,1,1,1,1,12.485588073730469,2.1697678565979004,2.4215102195739746,11.731901168823242,12.485588073730469,2.1697678565979004,2.4215102195739746,11.731901168823242,0,0,0,0,0,0.9999992847442627,0.07990318536758423,-0.31842514872550964,0.07871509343385696,-0.3175986111164093,0.3048788011074066,0.04989289864897728,0.3069826662540436,0.05009087175130844,-0.2542627453804016,0.04933646321296692,-0.25462931394577026,0.04986531287431717,0.0,0.0,0.0,0.0,0.0,0.0,0.019647248089313507,-0.04278155043721199,0.03164329007267952,-0.0015273450408130884,-0.018544113263487816,-0.029812799766659737,-0.01329181157052517,0.02872645854949951,0.004694811068475246,-0.0025362386368215084,-0.00926482304930687,-0.013156936503946781,0.0,-0.0,0.0,-0.0,0.0,0.0,0.0,0.0,0.0,0.0,0.0,0.0,0.0,-0.0,0.0,-0.0,0.0,0.0,0.0,0.0,0.0,0.0,0.0,0.0,0.134965717792511,-0.15710830688476562,0.13928383588790894,-0.15407103300094604,0.13638877868652344,0.1497691422700882,0.13452383875846863,0.1492631733417511,0.134965717792511,-0.15710830688476562,0.13928383588790894,-0.15407103300094604,0.13638877868652344,0.1497691422700882,0.13452383875846863,0.1492631733417511,-0.0016772589879110456,-0.013852698728442192,0.019468417391180992,-0.017904143780469894,-0.0474177822470665,0.012228554114699364,-0.049882590770721436,0.04951764643192291,0.30000001192092896,0.30000001192092896,0.30000001192092896,0.30000001192092896,0.0,0.0,1.0,0.0,-0.0,1.0,-0.0,-0.9999998807907104,0.30000001192092896,0.30000001192092896,0.30000001192092896,0.30000001192092896
3.0,0,0.052472073584795,-0.02344351075589657,-0.013695836998522282,0.28072577714920044,1.0,0.07365959137678146,0.001745058223605156,0.005059218965470791,1,1,1,1,12.137730598449707,2.490936040878296,2.8182506561279297,11.482431411743164,12.137730598449707,2.490936040878296,2.8182506561279297,11.482431411743164,0,0,0,0,0,0.9999992847442627,0.07990135252475739,-0.3184267282485962,0.0787167102098465,-0.3175969421863556,0.30513995885849,0.049878429621458054,0.30722400546073914,0.05009356886148453,-0.2540040910243988,0.04929675906896591,-0.2543662488460541,0.04983854293823242,0.0,0.0,0.0,0.0,0.0,0.0,0.018426373600959778,-0.04178974777460098,0.030972205102443695,-0.001910434104502201,-0.018573570996522903,-0.029026297852396965,-0.012028028257191181,0.028362959623336792,0.004422469530254602,-0.0029024232644587755,-0.008143680170178413,-0.012081281282007694,0.0,-0.0,0.0,-0.0,0.0,0.0,0.0,0.0,0.0,0.0,0.0,0.0,0.0,-0.0,0.0,-0.0,0.0,0.0,0.0,0.0,0.0,0.0,0.0,0.0,0.134965717792511,-0.15710830688476562,0.13928383588790894,-0.15407103300094604,0.13638877868652344,0.1497691422700882,0.13452383875846863,0.1492631733417511,0.134965717792511,-0.15710830688476562,0.13928383588790894,-0.15407103300094604,0.13638877868652344,0.1497691422700882,0.13452383875846863,0.1492631733417511,-0.0016772589879110456,-0.013852698728442192,0.019468417391180992,-0.017904143780469894,-0.0474177822470665,0.012228554114699364,-0.049882590770721436,0.04951764643192291,0.30000001192092896,0.30000001192092896,0.30000001192092896,0.30000001192092896,0.0,0.0,1.0,0.0,-0.0,1.0,-0.0,-0.9999998807907104,0.30000001192092896,0.30000001192092896,0.30000001192092896,0.30000001192092896
3.0166666666666666,0,0.052738092839717865,-0.02348991483449936,-0.01668129675090313,0.28071296215057373,1.0,0.07621888071298599,0.0017463937401771545,0.005001704208552837,1,1,1,1,12.17782211303711,2.4012858867645264,2.594074249267578,11.490594863891602,12.17782211303711,2.4012858867645264,2.594074249267578,11.490594863891602,0,0,0,0,0,0.9999992847442627,0.07990347594022751,-0.3184245228767395,0.07871989160776138,-0.3175937533378601,0.3054061233997345,0.04985825717449188,0.3074728548526764,0.050093911588191986,-0.2537376880645752,0.04925589635968208,-0.2540988028049469,0.049810074269771576,0.0,0.0,0.0,0.0,0.0,0.0,0.019420670345425606,-0.042565133422613144,0.032059162855148315,-0.000993620720691979,-0.01858443394303322,-0.03050190396606922,-0.01253419928252697,0.02902931533753872,0.004925988614559174,-0.0029015380423516035,-0.010782800614833832,-0.012925912626087666,0.0,-0.0,0.0,-0.0,0.0,0.0,0.0,0.0,0.0,0.0,0.0,0.0,0.0,-0.0,0.0,-0.0,0.0,0.0,0.0,0.0,0.0,0.0,0.0,0.0,0.134965717792511,-0.15710830688476562,0.13928383588790894,-0.15407103300094604,0.13638877868652344,0.1497691422700882,0.13452383875846863,0.1492631733417511,0.134965717792511,-0.15710830688476562,0.13928383588790894,-0.15407103300094604,0.13638877868652344,0.1497691422700882,0.13452383875846863,0.1492631733417511,-0.0016772589879110456,-0.013852698728442192,0.019468417391180992,-0.017904143780469894,-0.0474177822470665,0.012228554114699364,-0.049882590770721436,0.04951764643192291,0.30000001192092896,0.30000001192092896,0.30000001192092896,0.30000001192092896,0.0,0.0,1.0,0.0,-0.0,1.0,-0.0,-0.9999998807907104,0.30000001192092896,0.30000001192092896,0.30000001192092896,0.30000001192092896
3.033333333333333,0,0.05300353467464447,-0.02355222776532173,-0.016050007194280624,0.2807004153728485,1.0,0.07534845173358917,0.001895279623568058,0.004930740222334862,1,1,1,1,12.215601921081543,2.3869614601135254,2.575392484664917,11.552201271057129,12.215601921081543,2.3869614601135254,2.575392484664917,11.552201271057129,0,0,0,0,0,0.9999992847442627,0.07990382611751556,-0.3184240162372589,0.07872121781110764,-0.3175922930240631,0.3056722581386566,0.04983842745423317,0.307719349861145,0.05009297654032707,-0.25348496437072754,0.04921357333660126,-0.25383260846138,0.04978015273809433,0.0,0.0,0.0,0.0,0.0,0.0,0.01814810000360012,-0.04280276969075203,0.03119690902531147,-0.0017172407824546099,-0.018361859023571014,-0.029874011874198914,-0.013696183450520039,0.028644142672419548,0.004549260716885328,-0.002728091087192297,-0.01038229651749134,-0.012889751233160496,0.0,-0.0,0.0,-0.0,0.0,0.0,0.0,0.0,0.0,0.0,0.0,0.0,0.0,-0.0,0.0,-0.0,0.0,0.0,0.0,0.0,0.0,0.0,0.0,0.0,0.134965717792511,-0.15710830688476562,0.13928383588790894,-0.15407103300094604,0.13638877868652344,0.1497691422700882,0.13452383875846863,0.1492631733417511,0.134965717792511,-0.15710830688476562,0.13928383588790894,-0.15407103300094604,0.13638877868652344,0.1497691422700882,0.13452383875846863,0.1492631733417511,-0.0016772589879110456,-0.013852698728442192,0.019468417391180992,-0.017904143780469894,-0.0474177822470665,0.012228554114699364,-0.049882590770721436,0.04951764643192291,0.30000001192092896,0.30000001192092896,0.30000001192092896,0.30000001192092896,0.0,0.0,1.0,0.0,-0.0,1.0,-0.0,-0.9999998807907104,0.30000001192092896,0.30000001192092896,0.30000001192092896,0.30000001192092896
3.05,0,0.053283050656318665,-0.023608382791280746,-0.013349548913538456,0.2806856036186218,1.0,0.07563292980194092,0.0017411350272595882,0.0048733060248196125,1,1,1,1,12.17785930633545,2.5040783882141113,2.8711254596710205,11.312763214111328,12.17785930633545,2.5040783882141113,2.8711254596710205,11.312763214111328,0,0,0,0,0,0.9999992847442627,0.0799049437046051,-0.3184228837490082,0.07873006165027618,-0.31758344173431396,0.30594420433044434,0.04981619119644165,0.307975172996521,0.05009148269891739,-0.25322067737579346,0.049172621220350266,-0.2535650134086609,0.049750104546546936,0.0,0.0,0.0,0.0,0.0,0.0,0.017566096037626266,-0.04331115260720253,0.03196529299020767,-0.0017781862989068031,-0.01807105913758278,-0.030572889372706413,-0.013846076093614101,0.027800023555755615,0.00432178657501936,-0.002239203779026866,-0.0107734901830554,-0.01205794420093298,0.0,-0.0,0.0,-0.0,0.0,0.0,0.0,0.0,0.0,0.0,0.0,0.0,0.0,-0.0,0.0,-0.0,0.0,0.0,0.0,0.0,0.0,0.0,0.0,0.0,0.134965717792511,-0.15710830688476562,0.13928383588790894,-0.15407103300094604,0.13638877868652344,0.1497691422700882,0.13452383875846863,0.1492631733417511,0.134965717792511,-0.15710830688476562,0.13928383588790894,-0.15407103300094604,0.13638877868652344,0.1497691422700882,0.13452383875846863,0.1492631733417511,-0.0016772589879110456,-0.013852698728442192,0.019468417391180992,-0.017904143780469894,-0.0474177822470665,0.012228554114699364,-0.049882590770721436,0.04951764643192291,0.30000001192092896,0.30000001192092896,0.30000001192092896,0.30000001192092896,0.0,0.0,1.0,0.0,-0.0,1.0,-0.0,-0.9999998807907104,0.30000001192092896,0.30000001192092896,0.30000001192092896,0.30000001192092896
3.0666666666666664,0,0.05354215204715729,-0.023665109649300575,-0.014902155846357346,0.2806795835494995,1.0,0.07688405364751816,0.0017215553671121597,0.004801859147846699,1,1,1,1,12.12767219543457,2.514807939529419,2.753810167312622,11.365863800048828,12.12767219543457,2.514807939529419,2.753810167312622,11.365863800048828,0,0,0,0,0,0.9999992847442627,0.07990732789039612,-0.31842026114463806,0.07872722297906876,-0.3175862431526184,0.30621033906936646,0.04979108273983002,0.3082253038883209,0.050088755786418915,-0.2529650926589966,0.04912596940994263,-0.2532990574836731,0.049716439098119736,0.0,0.0,0.0,0.0,0.0,0.0,0.02023778110742569,-0.043110866099596024,0.03314601257443428,-0.001632873434573412,-0.018557656556367874,-0.031149137765169144,-0.012918883003294468,0.027765603736042976,0.004308766219764948,-0.002060491591691971,-0.010156536474823952,-0.012777741067111492,0.0,-0.0,0.0,-0.0,0.0,0.0,0.0,0.0,0.0,0.0,0.0,0.0,0.0,-0.0,0.0,-0.0,0.0,0.0,0.0,0.0,0.0,0.0,0.0,0.0,0.134965717792511,-0.15710830688476562,0.13928383588790894,-0.15407103300094604,0.13638877868652344,0.1497691422700882,0.13452383875846863,0.1492631733417511,0.134965717792511,-0.15710830688476562,0.13928383588790894,-0.15407103300094604,0.13638877868652344,0.1497691422700882,0.13452383875846863,0.1492631733417511,-0.0016772589879110456,-0.013852698728442192,0.019468417391180992,-0.017904143780469894,-0.0474177822470665,0.012228554114699364,-0.049882590770721436,0.04951764643192291,0.30000001192092896,0.30000001192092896,0.30000001192092896,0.30000001192092896,0.0,0.0,1.0,0.0,-0.0,1.0,-0.0,-0.9999998807907104,0.30000001192092896,0.30000001192092896,0.30000001192092896,0.30000001192092896
3.0833333333333335,0,0.05380677431821823,-0.02370966039597988,-0.012574050575494766,0.2806682884693146,1.0,0.07376808673143387,0.0017138947732746601,0.004747843369841576,1,1,1,1,11.862969398498535,2.7502241134643555,2.995730400085449,11.179831504821777,11.862969398498535,2.7502241134643555,2.995730400085449,11.179831504821777,0,0,0,0,0,0.9999992847442627,0.0799064189195633,-0.31842103600502014,0.07873210310935974,-0.31758132576942444,0.3064776659011841,0.049768220633268356,0.30847349762916565,0.05008532851934433,-0.2527041733264923,0.04908076301217079,-0.25303468108177185,0.04968239367008209,0.0,0.0,0.0,0.0,0.0,0.0,0.01671084575355053,-0.04261285811662674,0.030404385179281235,-0.0021609035320580006,-0.018078388646245003,-0.02908681333065033,-0.01362649817019701,0.02842557616531849,0.004193952772766352,-0.0028031733818352222,-0.009041568264365196,-0.011990147642791271,0.0,-0.0,0.0,-0.0,0.0,0.0,0.0,0.0,0.0,0.0,0.0,0.0,0.0,-0.0,0.0,-0.0,0.0,0.0,0.0,0.0,0.0,0.0,0.0,0.0,0.134965717792511,-0.15710830688476562,0.13928383588790894,-0.15407103300094604,0.13638877868652344,0.1497691422700882,0.13452383875846863,0.1492631733417511,0.134965717792511,-0.15710830688476562,0.13928383588790894,-0.15407103300094604,0.13638877868652344,0.1497691422700882,0.13452383875846863,0.1492631733417511,-0.0016772589879110456,-0.013852698728442192,0.019468417391180992,-0.017904143780469894,-0.0474177822470665,0.012228554114699364,-0.049882590770721436,0.04951764643192291,0.30000001192092896,0.30000001192092896,0.30000001192092896,0.30000001192092896,0.0,0.0,1.0,0.0,-0.0,1.0,-0.0,-0.9999998807907104,0.30000001192092896,0.30000001192092896,0.30000001192092896,0.30000001192092896
3.1,0,0.05407031625509262,-0.02376342937350273,-0.015982193872332573,0.2806597650051117,1.0,0.0759178102016449,0.0016782265156507492,0.004667805973440409,1,1,1,1,12.291398048400879,2.4852559566497803,2.6069159507751465,11.45697021484375,12.291398048400879,2.4852559566497803,2.6069159507751465,11.45697021484375,0,0,0,0,0,0.9999993443489075,0.07990912348031998,-0.3184181749820709,0.0787319764494896,-0.3175814151763916,0.30674752593040466,0.04973968490958214,0.30872517824172974,0.05007869750261307,-0.25244924426078796,0.04903167858719826,-0.2527587413787842,0.049646295607089996,0.0,0.0,0.0,0.0,0.0,0.0,0.01870708540081978,-0.04283251613378525,0.032117221504449844,-0.0014773019356653094,-0.01846754364669323,-0.030411291867494583,-0.012781956233084202,0.028744732961058617,0.004662973340600729,-0.0027944380417466164,-0.010312885046005249,-0.012401380576193333,0.0,-0.0,0.0,-0.0,0.0,0.0,0.0,0.0,0.0,0.0,0.0,0.0,0.0,-0.0,0.0,-0.0,0.0,0.0,0.0,0.0,0.0,0.0,0.0,0.0,0.134965717792511,-0.15710830688476562,0.13928383588790894,-0.15407103300094604,0.13638877868652344,0.1497691422700882,0.13452383875846863,0.1492631733417511,0.134965717792511,-0.15710830688476562,0.13928383588790894,-0.15407103300094604,0.13638877868652344,0.1497691422700882,0.13452383875846863,0.1492631733417511,-0.0016772589879110456,-0.013852698728442192,0.019468417391180992,-0.017904143780469894,-0.0474177822470665,0.012228554114699364,-0.049882590770721436,0.04951764643192291,0.30000001192092896,0.30000001192092896,0.30000001192092896,0.30000001192092896,0.0,0.0,1.0,0.0,-0.0,1.0,-0.0,-0.9999998807907104,0.30000001192092896,0.30000001192092896,0.30000001192092896,0.30000001192092896
3.1166666666666667,0,0.05433262512087822,-0.023819493129849434,-0.01537339761853218,0.28065118193626404,1.0,0.07473821192979813,0.001842639409005642,0.004603630397468805,1,1,1,1,12.02850341796875,2.6142570972442627,2.647711992263794,11.404500007629395,12.02850341796875,2.6142570972442627,2.647711992263794,11.404500007629395,0,0,0,0,0,0.9999993443489075,0.07991018891334534,-0.31841692328453064,0.0787331685423851,-0.3175802230834961,0.3070138394832611,0.049713730812072754,0.30897438526153564,0.050071366131305695,-0.25219494104385376,0.048982709646224976,-0.25248947739601135,0.04960810765624046,0.0,0.0,0.0,0.0,0.0,0.0,0.017306935042142868,-0.042699579149484634,0.030990827828645706,-0.0017716111615300179,-0.01816951297223568,-0.029706303030252457,-0.01344875805079937,0.02870769612491131,0.0045850216411054134,-0.003112385980784893,-0.009925488382577896,-0.012354127131402493,0.0,-0.0,0.0,-0.0,0.0,0.0,0.0,0.0,0.0,0.0,0.0,0.0,0.0,-0.0,0.0,-0.0,0.0,0.0,0.0,0.0,0.0,0.0,0.0,0.0,0.134965717792511,-0.15710830688476562,0.13928383588790894,-0.15407103300094604,0.13638877868652344,0.1497691422700882,0.13452383875846863,0.1492631733417511,0.134965717792511,-0.15710830688476562,0.13928383588790894,-0.15407103300094604,0.13638877868652344,0.1497691422700882,0.13452383875846863,0.1492631733417511,-0.0016772589879110456,-0.013852698728442192,0.019468417391180992,-0.017904143780469894,-0.0474177822470665,0.012228554114699364,-0.049882590770721436,0.04951764643192291,0.30000001192092896,0.30000001192092896,0.30000001192092896,0.30000001192092896,0.0,0.0,1.0,0.0,-0.0,1.0,-0.0,-0.9999998807907104,0.30000001192092896,0.30000001192092896,0.30000001192092896,0.30000001192092896
3.1333333333333333,0,0.05460762977600098,-0.023869162425398827,-0.016447409987449646,0.28063729405403137,1.0,0.074393130838871,0.0017728586681187153,0.004537295084446669,1,1,1,1,12.240517616271973,2.6769824028015137,2.549555540084839,11.311410903930664,12.240517616271973,2.6769824028015137,2.549555540084839,11.311410903930664,0,0,0,0,0,0.9999993443489075,0.07991109788417816,-0.31841588020324707,0.07873570919036865,-0.31757763028144836,0.30728861689567566,0.049681708216667175,0.30922991037368774,0.050062619149684906,-0.25192928314208984,0.048932451754808426,-0.2522149682044983,0.049568839371204376,0.0,0.0,0.0,0.0,0.0,0.0,0.015573621727526188,-0.04233608394861221,0.03014397621154785,-0.0010260936105623841,-0.018299126997590065,-0.029196834191679955,-0.013213853351771832,0.030235104262828827,0.004647445399314165,-0.0038724513724446297,-0.011326833628118038,-0.012197194620966911,0.0,-0.0,0.0,-0.0,0.0,0.0,0.0,0.0,0.0,0.0,0.0,0.0,0.0,-0.0,0.0,-0.0,0.0,0.0,0.0,0.0,0.0,0.0,0.0,0.0,0.134965717792511,-0.15710830688476562,0.13928383588790894,-0.15407103300094604,0.13638877868652344,0.1497691422700882,0.13452383875846863,0.1492631733417511,0.134965717792511,-0.15710830688476562,0.13928383588790894,-0.15407103300094604,0.13638877868652344,0.1497691422700882,0.13452383875846863,0.1492631733417511,-0.0016772589879110456,-0.013852698728442192,0.019468417391180992,-0.017904143780469894,-0.0474177822470665,0.012228554114699364,-0.049882590770721436,0.04951764643192291,0.30000001192092896,0.30000001192092896,0.30000001192092896,0.30000001192092896,0.0,0.0,1.0,0.0,-0.0,1.0,-0.0,-0.9999998807907104,0.30000001192092896,0.30000001192092896,0.30000001192092896,0.30000001192092896
3.15,0,0.054871831089258194,-0.023922313004732132,-0.015079219825565815,0.2806282937526703,1.0,0.07616135478019714,0.001775309443473816,0.004472237545996904,1,1,1,1,12.091524124145508,2.6600255966186523,2.6342179775238037,11.327224731445312,12.091524124145508,2.6600255966186523,2.6342179775238037,11.327224731445312,0,0,0,0,0,0.9999993443489075,0.07991135120391846,-0.31841549277305603,0.07873759418725967,-0.31757572293281555,0.3075590431690216,0.04965244606137276,0.3094806671142578,0.05005320906639099,-0.2516714632511139,0.0488802008330822,-0.2519451379776001,0.04952767491340637,0.0,0.0,0.0,0.0,0.0,0.0,0.019197072833776474,-0.043138839304447174,0.03245514631271362,-0.0018180779879912734,-0.018119201064109802,-0.03045145608484745,-0.013257019221782684,0.02822095714509487,0.0048282565549016,-0.002716031624004245,-0.009681733325123787,-0.012736967764794827,0.0,-0.0,0.0,-0.0,0.0,0.0,0.0,0.0,0.0,0.0,0.0,0.0,0.0,-0.0,0.0,-0.0,0.0,0.0,0.0,0.0,0.0,0.0,0.0,0.0,0.134965717792511,-0.15710830688476562,0.13928383588790894,-0.15407103300094604,0.13638877868652344,0.1497691422700882,0.13452383875846863,0.1492631733417511,0.134965717792511,-0.15710830688476562,0.13928383588790894,-0.15407103300094604,0.13638877868652344,0.1497691422700882,0.13452383875846863,0.1492631733417511,-0.0016772589879110456,-0.013852698728442192,0.019468417391180992,-0.017904143780469894,-0.0474177822470665,0.012228554114699364,-0.049882590770721436,0.04951764643192291,0.30000001192092896,0.30000001192092896,0.30000001192092896,0.30000001192092896,0.0,0.0,1.0,0.0,-0.0,1.0,-0.0,-0.9999998807907104,0.30000001192092896,0.30000001192092896,0.30000001192092896,0.30000001192092896
3.1666666666666665,0,0.055142708122730255,-0.023978009819984436,-0.015914134681224823,0.28061574697494507,1.0,0.07528160512447357,0.0017278743907809258,0.0044053965248167515,1,1,1,1,12.125779151916504,2.63039493560791,2.662623882293701,11.321476936340332,12.125779151916504,2.63039493560791,2.662623882293701,11.321476936340332,0,0,0,0,0,0.9999993443489075,0.07991201430559158,-0.318414568901062,0.07873957604169846,-0.3175737261772156,0.3078334629535675,0.04962003603577614,0.30973342061042786,0.05004154518246651,-0.2514113783836365,0.04882613942027092,-0.25167316198349,0.049485091120004654,0.0,0.0,0.0,0.0,0.0,0.0,0.017303885892033577,-0.043149612843990326,0.03182929754257202,-0.0019641423132270575,-0.01812109164893627,-0.030077431350946426,-0.013734485022723675,0.028156574815511703,0.004458733834326267,-0.002675033872947097,-0.010051297955214977,-0.012104766443371773,0.0,-0.0,0.0,-0.0,0.0,0.0,0.0,0.0,0.0,0.0,0.0,0.0,0.0,-0.0,0.0,-0.0,0.0,0.0,0.0,0.0,0.0,0.0,0.0,0.0,0.134965717792511,-0.15710830688476562,0.13928383588790894,-0.15407103300094604,0.13638877868652344,0.1497691422700882,0.13452383875846863,0.1492631733417511,0.134965717792511,-0.15710830688476562,0.13928383588790894,-0.15407103300094604,0.13638877868652344,0.1497691422700882,0.13452383875846863,0.1492631733417511,-0.0016772589879110456,-0.013852698728442192,0.019468417391180992,-0.017904143780469894,-0.0474177822470665,0.012228554114699364,-0.049882590770721436,0.04951764643192291,0.30000001192092896,0.30000001192092896,0.30000001192092896,0.30000001192092896,0.0,0.0,1.0,0.0,-0.0,1.0,-0.0,-0.9999998807907104,0.30000001192092896,0.30000001192092896,0.30000001192092896,0.30000001192092896
3.183333333333333,0,0.05541050806641579,-0.024030927568674088,-0.01552699413150549,0.2806093692779541,1.0,0.07618642598390579,0.0017442144453525543,0.00434077437967062,1,1,1,1,12.042285919189453,2.5855712890625,2.712334156036377,11.287522315979004,12.042285919189453,2.5855712890625,2.712334156036377,11.287522315979004,0,0,0,0,0,0.9999993443489075,0.07991427928209305,-0.3184121549129486,0.07874202728271484,-0.3175712823867798,0.30810752511024475,0.04958554729819298,0.30999067425727844,0.05003008991479874,-0.2511514723300934,0.04877148196101189,-0.2514013648033142,0.049440622329711914,0.0,0.0,0.0,0.0,0.0,0.0,0.018256235867738724,-0.043436937034130096,0.032752711325883865,-0.0017140924464911222,-0.017826799303293228,-0.031105587258934975,-0.013548782095313072,0.0274567361921072,0.004522291012108326,-0.002171049825847149,-0.010823484510183334,-0.011980367824435234,0.0,-0.0,0.0,-0.0,0.0,0.0,0.0,0.0,0.0,0.0,0.0,0.0,0.0,-0.0,0.0,-0.0,0.0,0.0,0.0,0.0,0.0,0.0,0.0,0.0,0.134965717792511,-0.15710830688476562,0.13928383588790894,-0.15407103300094604,0.13638877868652344,0.1497691422700882,0.13452383875846863,0.1492631733417511,0.134965717792511,-0.15710830688476562,0.13928383588790894,-0.15407103300094604,0.13638877868652344,0.1497691422700882,0.13452383875846863,0.1492631733417511,-0.0016772589879110456,-0.013852698728442192,0.019468417391180992,-0.017904143780469894,-0.0474177822470665,0.012228554114699364,-0.049882590770721436,0.04951764643192291,0.30000001192092896,0.30000001192092896,0.30000001192092896,0.30000001192092896,0.0,0.0,1.0,0.0,-0.0,1.0,-0.0,-0.9999998807907104,0.30000001192092896,0.30000001192092896,0.30000001192092896,0.30000001192092896
3.2,0,0.055675946176052094,-0.02407299354672432,-0.013964498415589333,0.2805987596511841,1.0,0.07479075342416763,0.0017511546611785889,0.0042855991050601006,1,1,1,1,11.725761413574219,2.973900079727173,2.9991002082824707,10.869757652282715,11.725761413574219,2.973900079727173,2.9991002082824707,10.869757652282715,0,0,0,0,0,0.9999994039535522,0.07991497218608856,-0.31841138005256653,0.07874708622694016,-0.3175661563873291,0.3083813190460205,0.04954897239804268,0.31024169921875,0.05001591518521309,-0.25088733434677124,0.04871540889143944,-0.25113195180892944,0.049396708607673645,0.0,0.0,0.0,0.0,0.0,0.0,0.01804337091743946,-0.042892735451459885,0.032113466411828995,-0.0021653820294886827,-0.0180096086114645,-0.02988647297024727,-0.013395177200436592,0.02740967459976673,0.004526997450739145,-0.002474490785971284,-0.00862510222941637,-0.011960996314883232,0.0,-0.0,0.0,-0.0,0.0,0.0,0.0,0.0,0.0,0.0,0.0,0.0,0.0,-0.0,0.0,-0.0,0.0,0.0,0.0,0.0,0.0,0.0,0.0,0.0,0.134965717792511,-0.15710830688476562,0.13928383588790894,-0.15407103300094604,0.13638877868652344,0.1497691422700882,0.13452383875846863,0.1492631733417511,0.134965717792511,-0.15710830688476562,0.13928383588790894,-0.15407103300094604,0.13638877868652344,0.1497691422700882,0.13452383875846863,0.1492631733417511,-0.0016772589879110456,-0.013852698728442192,0.019468417391180992,-0.017904143780469894,-0.0474177822470665,0.012228554114699364,-0.049882590770721436,0.04951764643192291,0.30000001192092896,0.30000001192092896,0.30000001192092896,0.30000001192092896,0.0,0.0,1.0,0.0,-0.0,1.0,-0.0,-0.9999998807907104,0.30000001192092896,0.30000001192092896,0.30000001192092896,0.30000001192092896
3.216666666666667,0,0.05594739317893982,-0.024096934124827385,-0.0039480989798903465,0.280590295791626,1.0,0.07614681124687195,0.0017408309504389763,0.00422674510627985,1,1,1,1,11.560464859008789,3.3570828437805176,4.190797805786133,10.535787582397461,11.560464859008789,3.3570828437805176,4.190797805786133,10.535787582397461,0,0,0,0,0,0.9999993443489075,0.0799165591597557,-0.3184095621109009,0.07874643057584763,-0.31756678223609924,0.3086584210395813,0.04950935021042824,0.31050220131874084,0.05000101402401924,-0.25063595175743103,0.0486854687333107,-0.25085386633872986,0.04935078322887421,0.0,0.0,0.0,0.0,0.0,0.0,0.018117696046829224,-0.04325544461607933,0.03204901143908501,-0.001717061037197709,-0.01818888448178768,-0.030782660469412804,-0.01335942279547453,0.028541993349790573,0.004358100239187479,-0.002633776981383562,-0.010946626774966717,-0.01231583021581173,0.0,-0.0,0.0,-0.0,0.0,0.0,0.0,0.0,0.0,0.0,0.0,0.0,0.0,-0.0,0.0,-0.0,0.0,0.0,0.0,0.0,0.0,0.0,0.0,0.0,0.134965717792511,-0.15710830688476562,0.13928383588790894,-0.15407103300094604,0.13638877868652344,0.1497691422700882,0.13452383875846863,0.1492631733417511,0.134965717792511,-0.15710830688476562,0.13928383588790894,-0.15407103300094604,0.13638877868652344,0.1497691422700882,0.13452383875846863,0.1492631733417511,-0.0016772589879110456,-0.013852698728442192,0.019468417391180992,-0.017904143780469894,-0.0474177822470665,0.012228554114699364,-0.049882590770721436,0.04951764643192291,0.30000001192092896,0.30000001192092896,0.30000001192092896,0.30000001192092896,0.0,0.0,1.0,0.0,-0.0,1.0,-0.0,-0.9999998807907104,0.30000001192092896,0.30000001192092896,0.30000001192092896,0.30000001192092896
3.2333333333333334,0,0.056205399334430695,-0.02404077537357807,-0.002777248155325651,0.2805884778499603,1.0,0.07808775454759598,0.001744561828672886,0.0042423042468726635,1,1,1,1,10.673856735229492,3.968350887298584,4.300896167755127,9.818254470825195,10.673856735229492,3.968350887298584,4.300896167755127,9.818254470825195,0,0,0,0,0,0.9999993443489075,0.07991496473550797,-0.3184112310409546,0.0787443146109581,-0.3175688683986664,0.30892863869667053,0.049470655620098114,0.310762882232666,0.04998574033379555,-0.2504003047943115,0.048711154609918594,-0.25057920813560486,0.049304332584142685,0.0,0.0,0.0,0.0,0.0,0.0,0.019871866330504417,-0.04395516961812973,0.03401246666908264,-0.0021002234425395727,-0.018475070595741272,-0.030792172998189926,-0.013371721841394901,0.029040299355983734,0.004638885147869587,-0.0032759595196694136,-0.009942845441401005,-0.012913220562040806,0.0,-0.0,0.0,-0.0,0.0,0.0,0.0,0.0,0.0,0.0,0.0,0.0,0.0,-0.0,0.0,-0.0,0.0,0.0,0.0,0.0,0.0,0.0,0.0,0.0,0.134965717792511,-0.15710830688476562,0.13928383588790894,-0.15407103300094604,0.13638877868652344,0.1497691422700882,0.13452383875846863,0.1492631733417511,0.134965717792511,-0.15710830688476562,0.13928383588790894,-0.15407103300094604,0.13638877868652344,0.1497691422700882,0.13452383875846863,0.1492631733417511,-0.0016772589879110456,-0.013852698728442192,0.019468417391180992,-0.017904143780469894,-0.0474177822470665,0.012228554114699364,-0.049882590770721436,0.04951764643192291,0.30000001192092896,0.30000001192092896,0.30000001192092896,0.30000001192092896,0.0,0.0,1.0,0.0,-0.0,1.0,-0.0,-0.9999998807907104,0.30000001192092896,0.30000001192092896,0.30000001192092896,0.30000001192092896
3.25,0,0.05647473782300949,-0.02398315817117691,-0.0013025340158492327,0.2805796265602112,1.0,0.07831698656082153,0.0016450714319944382,0.004258143715560436,1,1,1,1,10.411470413208008,4.235902786254883,4.534700870513916,9.536052703857422,10.411470413208008,4.235902786254883,4.534700870513916,9.536052703857422,0,0,0,0,0,0.9999993443489075,0.07991261780261993,-0.3184136748313904,0.07874145358800888,-0.3175716996192932,0.30920299887657166,0.04942883178591728,0.3110259771347046,0.049967508763074875,-0.25016072392463684,0.048737119883298874,-0.25030019879341125,0.04925539717078209,0.0,0.0,0.0,0.0,0.0,0.0,0.01949921064078808,-0.04372801631689072,0.033464279025793076,-0.0016259895637631416,-0.018728043884038925,-0.0301840640604496,-0.013721095398068428,0.030355196446180344,0.005254613701254129,-0.003970985300838947,-0.010971441864967346,-0.013543062843382359,0.0,-0.0,0.0,-0.0,0.0,0.0,0.0,0.0,0.0,0.0,0.0,0.0,0.0,-0.0,0.0,-0.0,0.0,0.0,0.0,0.0,0.0,0.0,0.0,0.0,0.134965717792511,-0.15710830688476562,0.13928383588790894,-0.15407103300094604,0.13638877868652344,0.1497691422700882,0.13452383875846863,0.1492631733417511,0.134965717792511,-0.15710830688476562,0.13928383588790894,-0.15407103300094604,0.13638877868652344,0.1497691422700882,0.13452383875846863,0.1492631733417511,-0.0016772589879110456,-0.013852698728442192,0.019468417391180992,-0.017904143780469894,-0.0474177822470665,0.012228554114699364,-0.049882590770721436,0.04951764643192291,0.30000001192092896,0.30000001192092896,0.30000001192092896,0.30000001192092896,0.0,0.0,1.0,0.0,-0.0,1.0,-0.0,-0.9999998807907104,0.30000001192092896,0.30000001192092896,0.30000001192092896,0.30000001192092896
3.2666666666666666,0,0.05674752965569496,-0.02393149584531784,-0.0025203987024724483,0.28057733178138733,1.0,0.07772397249937057,0.0015682755038142204,0.004275935236364603,1,1,1,1,10.260385513305664,4.387486934661865,4.651602268218994,9.410482406616211,10.260385513305664,4.387486934661865,4.651602268218994,9.410482406616211,0,0,0,0,0,0.9999993443489075,0.07990973442792892,-0.31841665506362915,0.07873892039060593,-0.317574143409729,0.3094780743122101,0.049386728554964066,0.3112984299659729,0.049950309097766876,-0.24991987645626068,0.048761967569589615,-0.25001996755599976,0.04920376464724541,0.0,0.0,0.0,0.0,0.0,0.0,0.019308971241116524,-0.04346117749810219,0.032031964510679245,-0.001595085021108389,-0.018509311601519585,-0.02934311516582966,-0.014108449220657349,0.031276457011699677,0.004701876547187567,-0.004045530222356319,-0.01144850067794323,-0.01415253710001707,0.0,-0.0,0.0,-0.0,0.0,0.0,0.0,0.0,0.0,0.0,0.0,0.0,0.0,-0.0,0.0,-0.0,0.0,0.0,0.0,0.0,0.0,0.0,0.0,0.0,0.134965717792511,-0.15710830688476562,0.13928383588790894,-0.15407103300094604,0.13638877868652344,0.1497691422700882,0.13452383875846863,0.1492631733417511,0.134965717792511,-0.15710830688476562,0.13928383588790894,-0.15407103300094604,0.13638877868652344,0.1497691422700882,0.13452383875846863,0.1492631733417511,-0.0016772589879110456,-0.013852698728442192,0.019468417391180992,-0.017904143780469894,-0.0474177822470665,0.012228554114699364,-0.049882590770721436,0.04951764643192291,0.30000001192092896,0.30000001192092896,0.30000001192092896,0.30000001192092896,0.0,0.0,1.0,0.0,-0.0,1.0,-0.0,-0.9999998807907104,0.30000001192092896,0.30000001192092896,0.30000001192092896,0.30000001192092896
3.283333333333333,0,0.057017866522073746,-0.023878879845142365,-0.0024643386714160442,0.2805722951889038,1.0,0.0765550509095192,0.0014837062917649746,0.004291489254683256,1,1,1,1,10.101336479187012,4.614572048187256,4.907907962799072,9.155599594116211,10.101336479187012,4.614572048187256,4.907907962799072,9.155599594116211,0,0,0,0,0,0.9999992847442627,0.0799071341753006,-0.31841936707496643,0.07873688638210297,-0.31757622957229614,0.30975303053855896,0.049343083053827286,0.31156593561172485,0.04993116855621338,-0.24968047440052032,0.04878510162234306,-0.24974049627780914,0.049150750041007996,0.0,0.0,0.0,0.0,0.0,0.0,0.01778375171124935,-0.043332938104867935,0.03167432174086571,-0.0019715705420821905,-0.018558166921138763,-0.028680184856057167,-0.014452575705945492,0.0308829415589571,0.0048154015094041824,-0.004254123196005821,-0.010299613699316978,-0.013511518947780132,0.0,-0.0,0.0,-0.0,0.0,0.0,0.0,0.0,0.0,0.0,0.0,0.0,0.0,-0.0,0.0,-0.0,0.0,0.0,0.0,0.0,0.0,0.0,0.0,0.0,0.134965717792511,-0.15710830688476562,0.13928383588790894,-0.15407103300094604,0.13638877868652344,0.1497691422700882,0.13452383875846863,0.1492631733417511,0.134965717792511,-0.15710830688476562,0.13928383588790894,-0.15407103300094604,0.13638877868652344,0.1497691422700882,0.13452383875846863,0.1492631733417511,-0.0016772589879110456,-0.013852698728442192,0.019468417391180992,-0.017904143780469894,-0.0474177822470665,0.012228554114699364,-0.049882590770721436,0.04951764643192291,0.30000001192092896,0.30000001192092896,0.30000001192092896,0.30000001192092896,0.0,0.0,1.0,0.0,-0.0,1.0,-0.0,-0.9999998807907104,0.30000001192092896,0.30000001192092896,0.30000001192092896,0.30000001192092896
3.3,0,0.05729151517152786,-0.023827482014894485,-0.001934356871061027,0.2805640399456024,1.0,0.07641482353210449,0.0015458730049431324,0.004311219789087772,1,1,1,1,9.948295593261719,4.802186489105225,5.061551094055176,8.97464656829834,9.948295593261719,4.802186489105225,5.061551094055176,8.97464656829834,0,0,0,0,0,0.9999992847442627,0.07990481704473495,-0.3184218108654022,0.07873405516147614,-0.3175789713859558,0.31002891063690186,0.04929659515619278,0.3118329346179962,0.049908921122550964,-0.24943971633911133,0.04880746454000473,-0.24945922195911407,0.04909657686948776,0.0,0.0,0.0,0.0,0.0,0.0,0.017142854630947113,-0.043474603444337845,0.03149276599287987,-0.0019995525944978,-0.018349556252360344,-0.028996801003813744,-0.014489620923995972,0.030732715502381325,0.004626162350177765,-0.004078785423189402,-0.01079501397907734,-0.013151978142559528,0.0,-0.0,0.0,-0.0,0.0,0.0,0.0,0.0,0.0,0.0,0.0,0.0,0.0,-0.0,0.0,-0.0,0.0,0.0,0.0,0.0,0.0,0.0,0.0,0.0,0.134965717792511,-0.15710830688476562,0.13928383588790894,-0.15407103300094604,0.13638877868652344,0.1497691422700882,0.13452383875846863,0.1492631733417511,0.134965717792511,-0.15710830688476562,0.13928383588790894,-0.15407103300094604,0.13638877868652344,0.1497691422700882,0.13452383875846863,0.1492631733417511,-0.0016772589879110456,-0.013852698728442192,0.019468417391180992,-0.017904143780469894,-0.0474177822470665,0.012228554114699364,-0.049882590770721436,0.04951764643192291,0.30000001192092896,0.30000001192092896,0.30000001192092896,0.30000001192092896,0.0,0.0,1.0,0.0,-0.0,1.0,-0.0,-0.9999998807907104,0.30000001192092896,0.30000001192092896,0.30000001192092896,0.30000001192092896
3.3166666666666664,0,0.05756734311580658,-0.02377963252365589,-0.001617482048459351,0.2805558443069458,1.0,0.07617746293544769,0.0016609523445367813,0.00433086883276701,1,1,1,1,9.758581161499023,4.993405342102051,5.259961128234863,8.778763771057129,9.758581161499023,4.993405342102051,5.259961128234863,8.778763771057129,0,0,0,0,0,0.9999992847442627,0.07990217953920364,-0.3184245526790619,0.07873128354549408,-0.3175817131996155,0.31030529737472534,0.04924909025430679,0.3121016025543213,0.04988590627908707,-0.24919819831848145,0.048828572034835815,-0.24917657673358917,0.04903976991772652,0.0,0.0,0.0,0.0,0.0,0.0,0.016961460933089256,-0.04369835555553436,0.031373921781778336,-0.0016400761669501662,-0.01775289513170719,-0.029392622411251068,-0.014424429275095463,0.03024917282164097,0.004491103813052177,-0.003557702526450157,-0.0112281683832407,-0.012557431124150753,0.0,-0.0,0.0,-0.0,0.0,0.0,0.0,0.0,0.0,0.0,0.0,0.0,0.0,-0.0,0.0,-0.0,0.0,0.0,0.0,0.0,0.0,0.0,0.0,0.0,0.134965717792511,-0.15710830688476562,0.13928383588790894,-0.15407103300094604,0.13638877868652344,0.1497691422700882,0.13452383875846863,0.1492631733417511,0.134965717792511,-0.15710830688476562,0.13928383588790894,-0.15407103300094604,0.13638877868652344,0.1497691422700882,0.13452383875846863,0.1492631733417511,-0.0016772589879110456,-0.013852698728442192,0.019468417391180992,-0.017904143780469894,-0.0474177822470665,0.012228554114699364,-0.049882590770721436,0.04951764643192291,0.30000001192092896,0.30000001192092896,0.30000001192092896,0.30000001192092896,0.0,0.0,1.0,0.0,-0.0,1.0,-0.0,-0.9999998807907104,0.30000001192092896,0.30000001192092896,0.30000001192092896,0.30000001192092896
3.3333333333333335,0,0.05784006044268608,-0.023733386769890785,-0.0005229429225437343,0.28055045008659363,1.0,0.07574249058961868,0.0016212454065680504,0.0043505229987204075,1,1,1,1,9.550971984863281,5.10984992980957,5.426431655883789,8.72105598449707,9.550971984863281,5.10984992980957,5.426431655883789,8.72105598449707,0,0,0,0,0,0.9999992847442627,0.07989948987960815,-0.31842732429504395,0.07872984558343887,-0.3175831735134125,0.31058061122894287,0.04920027777552605,0.31236985325813293,0.04986152797937393,-0.248959019780159,0.04884759336709976,-0.24889905750751495,0.048982951790094376,0.0,0.0,0.0,0.0,0.0,0.0,0.016663940623402596,-0.043596260249614716,0.031299445778131485,-0.0015677117044106126,-0.01760750822722912,-0.029174378141760826,-0.014358865097165108,0.03012285940349102,0.004523355048149824,-0.0035827485844492912,-0.010835610330104828,-0.012290279380977154,0.0,-0.0,0.0,-0.0,0.0,0.0,0.0,0.0,0.0,0.0,0.0,0.0,0.0,-0.0,0.0,-0.0,0.0,0.0,0.0,0.0,0.0,0.0,0.0,0.0,0.134965717792511,-0.15710830688476562,0.13928383588790894,-0.15407103300094604,0.13638877868652344,0.1497691422700882,0.13452383875846863,0.1492631733417511,0.134965717792511,-0.15710830688476562,0.13928383588790894,-0.15407103300094604,0.13638877868652344,0.1497691422700882,0.13452383875846863,0.1492631733417511,-0.0016772589879110456,-0.013852698728442192,0.019468417391180992,-0.017904143780469894,-0.0474177822470665,0.012228554114699364,-0.049882590770721436,0.04951764643192291,0.30000001192092896,0.30000001192092896,0.30000001192092896,0.30000001192092896,0.0,0.0,1.0,0.0,-0.0,1.0,-0.0,-0.9999998807907104,0.30000001192092896,0.30000001192092896,0.30000001192092896,0.30000001192092896
3.35,0,0.05806182324886322,-0.023629866540431976,-0.0031251756008714437,0.2805674076080322,1.0,0.07551364600658417,0.001319891307502985,0.00438157981261611,1,1,1,1,11.116728782653809,3.292167901992798,3.5861244201660156,10.811856269836426,11.116728782653809,3.292167901992798,3.5861244201660156,10.811856269836426,0,0,0,0,0,0.9999992847442627,0.07989561557769775,-0.3184313178062439,0.0787295401096344,-0.3175835609436035,0.3108213543891907,0.049188751727342606,0.3126184642314911,0.049838706851005554,-0.24872706830501556,0.04886843264102936,-0.2486831694841385,0.049025051295757294,0.0,0.0,0.0,0.0,0.0,0.0,0.01678704284131527,-0.04301066696643829,0.030253149569034576,-0.001670956495217979,-0.018137890845537186,-0.02864604815840721,-0.014161014929413795,0.031428638845682144,0.0043520620092749596,-0.0042006452567875385,-0.010663563385605812,-0.012820830568671227,0.0,-0.0,0.0,-0.0,0.0,0.0,0.0,0.0,0.0,0.0,0.0,0.0,0.0,-0.0,0.0,-0.0,0.0,0.0,0.0,0.0,0.0,0.0,0.0,0.0,0.134965717792511,-0.15710830688476562,0.13928383588790894,-0.15407103300094604,0.13638877868652344,0.1497691422700882,0.13452383875846863,0.1492631733417511,0.134965717792511,-0.15710830688476562,0.13928383588790894,-0.15407103300094604,0.13638877868652344,0.1497691422700882,0.13452383875846863,0.1492631733417511,-0.0016772589879110456,-0.013852698728442192,0.019468417391180992,-0.017904143780469894,-0.0474177822470665,0.012228554114699364,-0.049882590770721436,0.04951764643192291,0.30000001192092896,0.30000001192092896,0.30000001192092896,0.30000001192092896,0.0,0.0,1.0,0.0,-0.0,1.0,-0.0,-0.9999998807907104,0.30000001192092896,0.30000001192092896,0.30000001192092896,0.30000001192092896
3.3666666666666667,0,0.05824024975299835,-0.023560240864753723,-0.0017304298235103488,0.28059786558151245,1.0,0.06543935090303421,0.0010183132253587246,0.0045106555335223675,1,1,1,1,11.11595344543457,2.819896697998047,3.244783878326416,11.430940628051758,11.11595344543457,2.819896697998047,3.244783878326416,11.430940628051758,0,0,0,0,0,0.9999992847442627,0.07988773286342621,-0.31843945384025574,0.07872558385133743,-0.31758761405944824,0.31102636456489563,0.04922180622816086,0.31284046173095703,0.04981707036495209,-0.2485005259513855,0.04888499528169632,-0.24848636984825134,0.04906764253973961,0.0,0.0,0.0,0.0,0.0,0.0,0.00895814597606659,-0.03890702873468399,0.02790776826441288,-0.0028387082275003195,-0.018004918470978737,-0.024584177881479263,-0.012903374619781971,0.026034150272607803,0.003729763440787792,-0.004369609523564577,-0.004992426838725805,-0.008404714986681938,0.0,-0.0,0.0,-0.0,0.0,0.0,0.0,0.0,0.0,0.0,0.0,0.0,0.0,-0.0,0.0,-0.0,0.0,0.0,0.0,0.0,0.0,0.0,0.0,0.0,0.134965717792511,-0.15710830688476562,0.13928383588790894,-0.15407103300094604,0.13638877868652344,0.1497691422700882,0.13452383875846863,0.1492631733417511,0.134965717792511,-0.15710830688476562,0.13928383588790894,-0.15407103300094604,0.13638877868652344,0.1497691422700882,0.13452383875846863,0.1492631733417511,-0.0016772589879110456,-0.013852698728442192,0.019468417391180992,-0.017904143780469894,-0.0474177822470665,0.012228554114699364,-0.049882590770721436,0.04951764643192291,0.30000001192092896,0.30000001192092896,0.30000001192092896,0.30000001192092896,0.0,0.0,1.0,0.0,-0.0,1.0,-0.0,-0.9999998807907104,0.30000001192092896,0.30000001192092896,0.30000001192092896,0.30000001192092896
3.3833333333333333,0,0.05842304602265358,-0.02350001037120819,-0.004329310730099678,0.2806283235549927,1.0,0.0675269290804863,0.0010378416627645493,0.004633952397853136,1,1,1,1,11.523892402648926,2.5599865913391113,3.0068159103393555,11.71352481842041,11.523892402648926,2.5599865913391113,3.0068159103393555,11.71352481842041,0,0,0,0,0,0.9999992847442627,0.07988011837005615,-0.31844717264175415,0.078718401491642,-0.3175950348377228,0.31123167276382446,0.049254197627305984,0.31306561827659607,0.049793340265750885,-0.24827782809734344,0.04890061542391777,-0.24828828871250153,0.049109410494565964,0.0,0.0,0.0,0.0,0.0,0.0,0.011522405780851841,-0.039074428379535675,0.027924396097660065,-0.001143979374319315,-0.018029941245913506,-0.025854848325252533,-0.011916899122297764,0.028071584179997444,0.004235636442899704,-0.004401572979986668,-0.00805470161139965,-0.009667343460023403,0.0,-0.0,0.0,-0.0,0.0,0.0,0.0,0.0,0.0,0.0,0.0,0.0,0.0,-0.0,0.0,-0.0,0.0,0.0,0.0,0.0,0.0,0.0,0.0,0.0,0.134965717792511,-0.15710830688476562,0.13928383588790894,-0.15407103300094604,0.13638877868652344,0.1497691422700882,0.13452383875846863,0.1492631733417511,0.134965717792511,-0.15710830688476562,0.13928383588790894,-0.15407103300094604,0.13638877868652344,0.1497691422700882,0.13452383875846863,0.1492631733417511,-0.0016772589879110456,-0.013852698728442192,0.019468417391180992,-0.017904143780469894,-0.0474177822470665,0.012228554114699364,-0.049882590770721436,0.04951764643192291,0.30000001192092896,0.30000001192092896,0.30000001192092896,0.30000001192092896,0.0,0.0,1.0,0.0,-0.0,1.0,-0.0,-0.9999998807907104,0.30000001192092896,0.30000001192092896,0.30000001192092896,0.30000001192092896
3.4,0,0.0586095005273819,-0.02344493567943573,-0.004531077109277248,0.28065410256385803,1.0,0.06926541030406952,0.0019298898987472057,0.004746285732835531,1,1,1,1,11.67946720123291,2.4143128395080566,2.8320698738098145,11.878003120422363,11.67946720123291,2.4143128395080566,2.8320698738098145,11.878003120422363,0,0,0,0,0,0.9999993443489075,0.07987340539693832,-0.3184540271759033,0.07871165871620178,-0.3176019489765167,0.31143873929977417,0.04928554221987724,0.3132886588573456,0.04976939037442207,-0.2480534166097641,0.04891505837440491,-0.24808979034423828,0.04915037006139755,0.0,0.0,0.0,0.0,0.0,0.0,0.012833651155233383,-0.03968072310090065,0.028816908597946167,-0.0009288994478993118,-0.01808968558907509,-0.026862896978855133,-0.01233275793492794,0.028246454894542694,0.004477642010897398,-0.004253651946783066,-0.009016476571559906,-0.010435830801725388,0.0,-0.0,0.0,-0.0,0.0,0.0,0.0,0.0,0.0,0.0,0.0,0.0,0.0,-0.0,0.0,-0.0,0.0,0.0,0.0,0.0,0.0,0.0,0.0,0.0,0.134965717792511,-0.15710830688476562,0.13928383588790894,-0.15407103300094604,0.13638877868652344,0.1497691422700882,0.13452383875846863,0.1492631733417511,0.134965717792511,-0.15710830688476562,0.13928383588790894,-0.15407103300094604,0.13638877868652344,0.1497691422700882,0.13452383875846863,0.1492631733417511,-0.0016772589879110456,-0.013852698728442192,0.019468417391180992,-0.017904143780469894,-0.0474177822470665,0.012228554114699364,-0.049882590770721436,0.04951764643192291,0.30000001192092896,0.30000001192092896,0.30000001192092896,0.30000001192092896,0.0,0.0,1.0,0.0,-0.0,1.0,-0.0,-0.9999998807907104,0.30000001192092896,0.30000001192092896,0.30000001192092896,0.30000001192092896
3.4166666666666665,0,0.058802247047424316,-0.023387514054775238,-0.0019671821501106024,0.2806738317012787,1.0,0.06910808384418488,0.0017122258432209492,0.004862857051193714,1,1,1,1,11.723835945129395,2.3633556365966797,2.7726755142211914,11.969415664672852,11.723835945129395,2.3633556365966797,2.7726755142211914,11.969415664672852,0,0,0,0,0,0.9999993443489075,0.07986467331647873,-0.31846287846565247,0.07871385663747787,-0.3176000118255615,0.3116464614868164,0.04931657016277313,0.3135087788105011,0.04974394664168358,-0.24782277643680573,0.04892992228269577,-0.24789480865001678,0.04919160157442093,0.0,0.0,0.0,0.0,0.0,0.0,0.012922774069011211,-0.03990777209401131,0.028649212792515755,-0.0009447128395549953,-0.01780250295996666,-0.02682533673942089,-0.012542578391730785,0.028020711615681648,0.004252788610756397,-0.0038497408386319876,-0.008762424811720848,-0.010292626917362213,0.0,-0.0,0.0,-0.0,0.0,0.0,0.0,0.0,0.0,0.0,0.0,0.0,0.0,-0.0,0.0,-0.0,0.0,0.0,0.0,0.0,0.0,0.0,0.0,0.0,0.134965717792511,-0.15710830688476562,0.13928383588790894,-0.15407103300094604,0.13638877868652344,0.1497691422700882,0.13452383875846863,0.1492631733417511,0.134965717792511,-0.15710830688476562,0.13928383588790894,-0.15407103300094604,0.13638877868652344,0.1497691422700882,0.13452383875846863,0.1492631733417511,-0.0016772589879110456,-0.013852698728442192,0.019468417391180992,-0.017904143780469894,-0.0474177822470665,0.012228554114699364,-0.049882590770721436,0.04951764643192291,0.30000001192092896,0.30000001192092896,0.30000001192092896,0.30000001192092896,0.0,0.0,1.0,0.0,-0.0,1.0,-0.0,-0.9999998807907104,0.30000001192092896,0.30000001192092896,0.30000001192092896,0.30000001192092896
3.433333333333333,0,0.059006113559007645,-0.02333788573741913,-0.00487204734236002,0.28069114685058594,1.0,0.07388726621866226,0.0016857227310538292,0.004978226963430643,1,1,1,1,11.839844703674316,2.265002727508545,2.4665653705596924,12.148079872131348,11.839844703674316,2.265002727508545,2.4665653705596924,12.148079872131348,0,0,0,0,0,0.9999994039535522,0.07985852658748627,-0.3184691071510315,0.07870451360940933,-0.31760942935943604,0.3118593990802765,0.049346283078193665,0.313738614320755,0.04971696063876152,-0.24758194386959076,0.04894324019551277,-0.24769042432308197,0.04923194646835327,0.0,0.0,0.0,0.0,0.0,0.0,0.021934881806373596,-0.03990121930837631,0.03201333060860634,-0.00044597216765396297,-0.018351610749959946,-0.029307449236512184,-0.010304016061127186,0.027807746082544327,0.004174618050456047,-0.002751273335888982,-0.009362795390188694,-0.01316127274185419,0.0,-0.0,0.0,-0.0,0.0,0.0,0.0,0.0,0.0,0.0,0.0,0.0,0.0,-0.0,0.0,-0.0,0.0,0.0,0.0,0.0,0.0,0.0,0.0,0.0,0.134965717792511,-0.15710830688476562,0.13928383588790894,-0.15407103300094604,0.13638877868652344,0.1497691422700882,0.13452383875846863,0.1492631733417511,0.134965717792511,-0.15710830688476562,0.13928383588790894,-0.15407103300094604,0.13638877868652344,0.1497691422700882,0.13452383875846863,0.1492631733417511,-0.0016772589879110456,-0.013852698728442192,0.019468417391180992,-0.017904143780469894,-0.0474177822470665,0.012228554114699364,-0.049882590770721436,0.04951764643192291,0.30000001192092896,0.30000001192092896,0.30000001192092896,0.30000001192092896,0.0,0.0,1.0,0.0,-0.0,1.0,-0.0,-0.9999998807907104,0.30000001192092896,0.30000001192092896,0.30000001192092896,0.30000001192092896
3.4499999999999997,0,0.05920926481485367,-0.023290473967790604,-0.00692242756485939,0.28070420026779175,1.0,0.07132768630981445,0.0016937833279371262,0.005091514904052019,1,1,1,1,12.187562942504883,2.0080957412719727,2.3773672580718994,12.355661392211914,12.187562942504883,2.0080957412719727,2.3773672580718994,12.355661392211914,0,0,0,0,0,0.9999994039535522,0.07985097914934158,-0.31847667694091797,0.07869689911603928,-0.31761717796325684,0.3120710849761963,0.04937683418393135,0.31396248936653137,0.0496886670589447,-0.24733994901180267,0.048954375088214874,-0.24748794734477997,0.049271129071712494,0.0,0.0,0.0,0.0,0.0,0.0,0.018622176721692085,-0.03955353423953056,0.029546383768320084,-0.0008403005194850266,-0.018244989216327667,-0.027346616610884666,-0.011614084243774414,0.028688104823231697,0.003977111540734768,-0.0035145196598023176,-0.008317972533404827,-0.012911507859826088,0.0,-0.0,0.0,-0.0,0.0,0.0,0.0,0.0,0.0,0.0,0.0,0.0,0.0,-0.0,0.0,-0.0,0.0,0.0,0.0,0.0,0.0,0.0,0.0,0.0,0.134965717792511,-0.15710830688476562,0.13928383588790894,-0.15407103300094604,0.13638877868652344,0.1497691422700882,0.13452383875846863,0.1492631733417511,0.134965717792511,-0.15710830688476562,0.13928383588790894,-0.15407103300094604,0.13638877868652344,0.1497691422700882,0.13452383875846863,0.1492631733417511,-0.0016772589879110456,-0.013852698728442192,0.019468417391180992,-0.017904143780469894,-0.0474177822470665,0.012228554114699364,-0.049882590770721436,0.04951764643192291,0.30000001192092896,0.30000001192092896,0.30000001192092896,0.30000001192092896,0.0,0.0,1.0,0.0,-0.0,1.0,-0.0,-0.9999998807907104,0.30000001192092896,0.30000001192092896,0.30000001192092896,0.30000001192092896
3.466666666666667,0,0.05941617861390114,-0.023246362805366516,-0.0042902329005301,0.27881306409835815,1.0,0.0716133713722229,0.0015046503394842148,0.005202173721045256,1,1,1,1,12.32003116607666,1.7952367067337036,2.1995656490325928,12.539039611816406,12.32003116607666,1.7952367067337036,2.1995656490325928,12.539039611816406,0,0,0,0,0,0.9999994039535522,0.07984475046396255,-0.31848302483558655,0.07869141548871994,-0.3176227807998657,0.3122848570346832,0.04940519854426384,0.3141873776912689,0.049659013748168945,-0.24709665775299072,0.0489644855260849,-0.2472858726978302,0.04931009188294411,0.0,0.0,0.0,0.0,0.0,0.0,0.01789918914437294,-0.039843473583459854,0.029588375240564346,-0.000984643236733973,-0.018232198432087898,-0.02756066620349884,-0.012057112529873848,0.028882604092359543,0.004240823909640312,-0.0037830888759344816,-0.008693257346749306,-0.012833507731556892,0.0,-0.0,0.0,-0.0,0.0,0.0,0.0,0.0,0.0,0.0,0.0,0.0,0.0,-0.0,0.0,-0.0,0.0,0.0,0.0,0.0,0.0,0.0,0.0,0.0,0.134965717792511,-0.15710830688476562,0.13928383588790894,-0.15407103300094604,0.13638877868652344,0.1497691422700882,0.13452383875846863,0.1492631733417511,0.134965717792511,-0.15710830688476562,0.13928383588790894,-0.15407103300094604,0.13638877868652344,0.1497691422700882,0.13452383875846863,0.1492631733417511,-0.0016772589879110456,-0.013852698728442192,0.019468417391180992,-0.017904143780469894,-0.0474177822470665,0.012228554114699364,-0.049882590770721436,0.04951764643192291,0.30000001192092896,0.30000001192092896,0.30000001192092896,0.30000001192092896,0.0,0.0,1.0,0.0,-0.0,1.0,-0.0,-0.9999998807907104,0.30000001192092896,0.30000001192092896,0.30000001192092896,0.30000001192092896
3.4833333333333334,0,0.05962804704904556,-0.023212766274809837,-0.005224134307354689,0.2788121998310089,1.0,0.07167897373437881,0.0016992539167404175,0.005307311657816172,1,1,1,1,12.381600379943848,1.6593788862228394,1.9794048070907593,12.616461753845215,12.381600379943848,1.6593788862228394,1.9794048070907593,12.616461753845215,0,0,0,0,0,0.9999994039535522,0.07983849942684174,-0.3184892535209656,0.07868701219558716,-0.3176274597644806,0.31250011920928955,0.04943414404988289,0.3144093453884125,0.049627937376499176,-0.2468550205230713,0.04897444695234299,-0.24708345532417297,0.049348242580890656,0.0,0.0,0.0,0.0,0.0,0.0,0.01886812038719654,-0.0399913527071476,0.030141247436404228,-0.0008744432125240564,-0.01775115728378296,-0.028530828654766083,-0.011237911880016327,0.02772556245326996,0.0038512698374688625,-0.0027921926230192184,-0.008985321968793869,-0.012075906619429588,0.0,-0.0,0.0,-0.0,0.0,0.0,0.0,0.0,0.0,0.0,0.0,0.0,0.0,-0.0,0.0,-0.0,0.0,0.0,0.0,0.0,0.0,0.0,0.0,0.0,0.134965717792511,-0.15710830688476562,0.13928383588790894,-0.15407103300094604,0.13638877868652344,0.1497691422700882,0.13452383875846863,0.1492631733417511,0.134965717792511,-0.15710830688476562,0.13928383588790894,-0.15407103300094604,0.13638877868652344,0.1497691422700882,0.13452383875846863,0.1492631733417511,-0.0016772589879110456,-0.013852698728442192,0.019468417391180992,-0.017904143780469894,-0.0474177822470665,0.012228554114699364,-0.049882590770721436,0.04951764643192291,0.30000001192092896,0.30000001192092896,0.30000001192092896,0.30000001192092896,0.0,0.0,1.0,0.0,-0.0,1.0,-0.0,-0.9999998807907104,0.30000001192092896,0.30000001192092896,0.30000001192092896,0.30000001192092896
3.5,0,0.05984269827604294,-0.023184759542346,-0.008283527567982674,0.2788091003894806,1.0,0.0706639513373375,0.0016631265170872211,0.00541083887219429,1,1,1,1,12.763450622558594,1.3496458530426025,1.7040857076644897,12.976090431213379,12.763450622558594,1.3496458530426025,1.7040857076644897,12.976090431213379,0,0,0,0,0,0.9999994039535522,0.07983165234327316,-0.31849604845046997,0.07867980748414993,-0.31763479113578796,0.3127155303955078,0.04946180805563927,0.3146381378173828,0.04959545284509659,-0.2466154396533966,0.04898301512002945,-0.24688038229942322,0.049386002123355865,0.0,0.0,0.0,0.0,0.0,0.0,0.015999827533960342,-0.04039708524942398,0.028962383046746254,-0.0017606178298592567,-0.01806413196027279,-0.027946388348937035,-0.012196922674775124,0.028071513399481773,0.0030332221649587154,-0.0028662036638706923,-0.008654601871967316,-0.011276081204414368,0.0,-0.0,0.0,-0.0,0.0,0.0,0.0,0.0,0.0,0.0,0.0,0.0,0.0,-0.0,0.0,-0.0,0.0,0.0,0.0,0.0,0.0,0.0,0.0,0.0,0.134965717792511,-0.15710830688476562,0.13928383588790894,-0.15407103300094604,0.13638877868652344,0.1497691422700882,0.13452383875846863,0.1492631733417511,0.134965717792511,-0.15710830688476562,0.13928383588790894,-0.15407103300094604,0.13638877868652344,0.1497691422700882,0.13452383875846863,0.1492631733417511,-0.0016772589879110456,-0.013852698728442192,0.019468417391180992,-0.017904143780469894,-0.0474177822470665,0.012228554114699364,-0.049882590770721436,0.04951764643192291,0.30000001192092896,0.30000001192092896,0.30000001192092896,0.30000001192092896,0.0,0.0,1.0,0.0,-0.0,1.0,-0.0,-0.9999998807907104,0.30000001192092896,0.30000001192092896,0.30000001192092896,0.30000001192092896
3.5166666666666666,0,0.060059115290641785,-0.023165777325630188,-0.007204645778983831,0.2788090705871582,1.0,0.07238299399614334,0.001702179666608572,0.005511953961104155,1,1,1,1,12.861799240112305,1.281614899635315,1.330866813659668,13.407333374023438,12.861799240112305,1.281614899635315,1.330866813659668,13.407333374023438,0,0,0,0,0,0.9999994039535522,0.07982543110847473,-0.3185023367404938,0.07868289947509766,-0.31763187050819397,0.3129326105117798,0.04948880150914192,0.31485715508461,0.04956214874982834,-0.24637149274349213,0.048990145325660706,-0.24668200314044952,0.049420908093452454,0.0,0.0,0.0,0.0,0.0,0.0,0.018696576356887817,-0.040582094341516495,0.030177123844623566,-0.0011401381343603134,-0.01766958273947239,-0.02935379184782505,-0.011515157297253609,0.027840621769428253,0.003156001679599285,-0.0023480416275560856,-0.009620971977710724,-0.011885938234627247,0.0,-0.0,0.0,-0.0,0.0,0.0,0.0,0.0,0.0,0.0,0.0,0.0,0.0,-0.0,0.0,-0.0,0.0,0.0,0.0,0.0,0.0,0.0,0.0,0.0,0.134965717792511,-0.15710830688476562,0.13928383588790894,-0.15407103300094604,0.13638877868652344,0.1497691422700882,0.13452383875846863,0.1492631733417511,0.134965717792511,-0.15710830688476562,0.13928383588790894,-0.15407103300094604,0.13638877868652344,0.1497691422700882,0.13452383875846863,0.1492631733417511,-0.0016772589879110456,-0.013852698728442192,0.019468417391180992,-0.017904143780469894,-0.0474177822470665,0.012228554114699364,-0.049882590770721436,0.04951764643192291,0.30000001192092896,0.30000001192092896,0.30000001192092896,0.30000001192092896,0.0,0.0,1.0,0.0,-0.0,1.0,-0.0,-0.9999998807907104,0.30000001192092896,0.30000001192092896,0.30000001192092896,0.30000001192092896
3.533333333333333,0,0.06027219071984291,-0.02312922291457653,-0.008465632796287537,0.27880939841270447,1.0,0.06956624984741211,0.0017296476289629936,0.005607088096439838,1,1,1,1,13.060964584350586,1.083000659942627,1.5701100826263428,13.130902290344238,13.060964584350586,1.083000659942627,1.5701100826263428,13.130902290344238,0,0,0,0,0,0.9999993443489075,0.07981947064399719,-0.318508118391037,0.078682541847229,-0.3176323175430298,0.31314894556999207,0.04951496422290802,0.3150654435157776,0.049526944756507874,-0.24612492322921753,0.04899716004729271,-0.24648058414459229,0.04945661500096321,0.0,0.0,0.0,0.0,0.0,0.0,0.013605371117591858,-0.039710648357868195,0.025959748774766922,-0.00027422141283750534,-0.017276542261242867,-0.026847807690501213,-0.013678289949893951,0.02984858863055706,0.0026045970153063536,-0.0035016373731195927,-0.011774233542382717,-0.012183704413473606,0.0,-0.0,0.0,-0.0,0.0,0.0,0.0,0.0,0.0,0.0,0.0,0.0,0.0,-0.0,0.0,-0.0,0.0,0.0,0.0,0.0,0.0,0.0,0.0,0.0,0.134965717792511,-0.15710830688476562,0.13928383588790894,-0.15407103300094604,0.13638877868652344,0.1497691422700882,0.13452383875846863,0.1492631733417511,0.134965717792511,-0.15710830688476562,0.13928383588790894,-0.15407103300094604,0.13638877868652344,0.1497691422700882,0.13452383875846863,0.1492631733417511,-0.0016772589879110456,-0.013852698728442192,0.019468417391180992,-0.017904143780469894,-0.0474177822470665,0.012228554114699364,-0.049882590770721436,0.04951764643192291,0.30000001192092896,0.30000001192092896,0.30000001192092896,0.30000001192092896,0.0,0.0,1.0,0.0,-0.0,1.0,-0.0,-0.9999998807907104,0.30000001192092896,0.30000001192092896,0.30000001192092896,0.30000001192092896
3.55,0,0.060483142733573914,-0.02309957891702652,-0.009161381982266903,0.27881038188934326,1.0,0.07183244824409485,0.0015897485427558422,0.0056940708309412,1,1,1,1,13.160728454589844,0.9687402844429016,1.2990140914916992,13.377330780029297,13.160728454589844,0.9687402844429016,1.2990140914916992,13.377330780029297,0,0,0,0,0,0.9999993443489075,0.07981409132480621,-0.31851324439048767,0.0786762684583664,-0.31763872504234314,0.31336426734924316,0.049539778381586075,0.3152715861797333,0.049489930272102356,-0.2458866685628891,0.049002304673194885,-0.24627861380577087,0.04949108883738518,0.0,0.0,0.0,0.0,0.0,0.0,0.01842544972896576,-0.04043547436594963,0.030422905460000038,-0.002105061197653413,-0.018222274258732796,-0.02845056913793087,-0.011640590615570545,0.02757243998348713,0.003714590100571513,-0.002921557053923607,-0.007349354214966297,-0.01190864946693182,0.0,-0.0,0.0,-0.0,0.0,0.0,0.0,0.0,0.0,0.0,0.0,0.0,0.0,-0.0,0.0,-0.0,0.0,0.0,0.0,0.0,0.0,0.0,0.0,0.0,0.134965717792511,-0.15710830688476562,0.13928383588790894,-0.15407103300094604,0.13638877868652344,0.1497691422700882,0.13452383875846863,0.1492631733417511,0.134965717792511,-0.15710830688476562,0.13928383588790894,-0.15407103300094604,0.13638877868652344,0.1497691422700882,0.13452383875846863,0.1492631733417511,-0.0016772589879110456,-0.013852698728442192,0.019468417391180992,-0.017904143780469894,-0.0474177822470665,0.012228554114699364,-0.049882590770721436,0.04951764643192291,0.30000001192092896,0.30000001192092896,0.30000001192092896,0.30000001192092896,0.0,0.0,1.0,0.0,-0.0,1.0,-0.0,-0.9999998807907104,0.30000001192092896,0.30000001192092896,0.30000001192092896,0.30000001192092896
3.5666666666666664,0,0.060695961117744446,-0.023073362186551094,-0.009721750393509865,0.27881085872650146,1.0,0.07201862335205078,0.0017016790807247162,0.005781838670372963,1,1,1,1,13.320535659790039,0.8132725954055786,1.135603666305542,13.532235145568848,13.320535659790039,0.8132725954055786,1.135603666305542,13.532235145568848,0,0,0,0,0,0.9999993443489075,0.07980883866548538,-0.31851837038993835,0.07867049425840378,-0.31764474511146545,0.3135802745819092,0.04956432804465294,0.3154763877391815,0.049451734870672226,-0.24564619362354279,0.04900630563497543,-0.24607661366462708,0.04952404648065567,0.0,0.0,0.0,0.0,0.0,0.0,0.018827933818101883,-0.039978474378585815,0.029342683032155037,-0.000990739674307406,-0.01801055297255516,-0.02850898541510105,-0.011379266157746315,0.02895168773829937,0.003441035281866789,-0.0031997859477996826,-0.009175303392112255,-0.012682332657277584,0.0,-0.0,0.0,-0.0,0.0,0.0,0.0,0.0,0.0,0.0,0.0,0.0,0.0,-0.0,0.0,-0.0,0.0,0.0,0.0,0.0,0.0,0.0,0.0,0.0,0.134965717792511,-0.15710830688476562,0.13928383588790894,-0.15407103300094604,0.13638877868652344,0.1497691422700882,0.13452383875846863,0.1492631733417511,0.134965717792511,-0.15710830688476562,0.13928383588790894,-0.15407103300094604,0.13638877868652344,0.1497691422700882,0.13452383875846863,0.1492631733417511,-0.0016772589879110456,-0.013852698728442192,0.019468417391180992,-0.017904143780469894,-0.0474177822470665,0.012228554114699364,-0.049882590770721436,0.04951764643192291,0.30000001192092896,0.30000001192092896,0.30000001192092896,0.30000001192092896,0.0,0.0,1.0,0.0,-0.0,1.0,-0.0,-0.9999998807907104,0.30000001192092896,0.30000001192092896,0.30000001192092896,0.30000001192092896
3.5833333333333335,0,0.06090865284204483,-0.023047300055623055,-0.009969850070774555,0.2788113057613373,1.0,0.07099980115890503,0.0017015719786286354,0.005864453036338091,1,1,1,1,13.47649097442627,0.6559449434280396,0.9827631115913391,13.716744422912598,13.47649097442627,0.6559449434280396,0.9827631115913391,13.716744422912598,0,0,0,0,0,0.9999993443489075,0.07980352640151978,-0.3185232877731323,0.07866287231445312,-0.31765246391296387,0.3137960433959961,0.04958781227469444,0.3156776428222656,0.04941181465983391,-0.24540738761425018,0.04900900274515152,-0.2458745837211609,0.049556925892829895,0.0,0.0,0.0,0.0,0.0,0.0,0.0168523658066988,-0.039814844727516174,0.02797750197350979,-0.001100908499211073,-0.01801348850131035,-0.027765631675720215,-0.012049497105181217,0.029590994119644165,0.003180461935698986,-0.00359161919914186,-0.009560640901327133,-0.012535572052001953,0.0,-0.0,0.0,-0.0,0.0,0.0,0.0,0.0,0.0,0.0,0.0,0.0,0.0,-0.0,0.0,-0.0,0.0,0.0,0.0,0.0,0.0,0.0,0.0,0.0,0.134965717792511,-0.15710830688476562,0.13928383588790894,-0.15407103300094604,0.13638877868652344,0.1497691422700882,0.13452383875846863,0.1492631733417511,0.134965717792511,-0.15710830688476562,0.13928383588790894,-0.15407103300094604,0.13638877868652344,0.1497691422700882,0.13452383875846863,0.1492631733417511,-0.0016772589879110456,-0.013852698728442192,0.019468417391180992,-0.017904143780469894,-0.0474177822470665,0.012228554114699364,-0.049882590770721436,0.04951764643192291,0.30000001192092896,0.30000001192092896,0.30000001192092896,0.30000001192092896,0.0,0.0,1.0,0.0,-0.0,1.0,-0.0,-0.9999998807907104,0.30000001192092896,0.30000001192092896,0.30000001192092896,0.30000001192092896
3.6,0,0.06112102419137955,-0.02301938086748123,-0.011163435876369476,0.2788124978542328,1.0,0.07036374509334564,0.0016131154261529446,0.005944801494479179,1,1,1,1,13.658222198486328,0.5226311683654785,0.9496471881866455,13.79796314239502,13.658222198486328,0.5226311683654785,0.9496471881866455,13.79796314239502,0,0,0,0,0,0.9999992847442627,0.07979544997215271,-0.3185310661792755,0.07865695655345917,-0.31765860319137573,0.31401148438453674,0.049609679728746414,0.3158739507198334,0.049370333552360535,-0.24516606330871582,0.049010735005140305,-0.2456740140914917,0.04958834871649742,0.0,0.0,0.0,0.0,0.0,0.0,0.01767311617732048,-0.039263978600502014,0.028195200487971306,-0.0006982766790315509,-0.017683152109384537,-0.02735075168311596,-0.011227723211050034,0.029415452852845192,0.0036272811703383923,-0.003737542312592268,-0.00840170867741108,-0.012320604175329208,0.0,-0.0,0.0,-0.0,0.0,0.0,0.0,0.0,0.0,0.0,0.0,0.0,0.0,-0.0,0.0,-0.0,0.0,0.0,0.0,0.0,0.0,0.0,0.0,0.0,0.134965717792511,-0.15710830688476562,0.13928383588790894,-0.15407103300094604,0.13638877868652344,0.1497691422700882,0.13452383875846863,0.1492631733417511,0.134965717792511,-0.15710830688476562,0.13928383588790894,-0.15407103300094604,0.13638877868652344,0.1497691422700882,0.13452383875846863,0.1492631733417511,-0.0016772589879110456,-0.013852698728442192,0.019468417391180992,-0.017904143780469894,-0.0474177822470665,0.012228554114699364,-0.049882590770721436,0.04951764643192291,0.30000001192092896,0.30000001192092896,0.30000001192092896,0.30000001192092896,0.0,0.0,1.0,0.0,-0.0,1.0,-0.0,-0.9999998807907104,0.30000001192092896,0.30000001192092896,0.30000001192092896,0.30000001192092896
3.6166666666666667,0,0.06133347749710083,-0.022993188351392746,-0.01141401007771492,0.27881523966789246,1.0,0.07247781753540039,0.0016609756276011467,0.006027077324688435,1,1,1,1,13.76749038696289,0.38844484090805054,0.7835471034049988,13.908616065979004,13.76749038696289,0.38844484090805054,0.7835471034049988,13.908616065979004,0,0,0,0,0,0.9999992847442627,0.07978953421115875,-0.318536639213562,0.07865265756845474,-0.31766313314437866,0.3142282962799072,0.04963253438472748,0.3160664737224579,0.04932732880115509,-0.24492481350898743,0.049012117087841034,-0.24547412991523743,0.04961848258972168,0.0,0.0,0.0,0.0,0.0,0.0,0.018128134310245514,-0.04010021686553955,0.028137950226664543,-0.001245494233444333,-0.01832333579659462,-0.02777748368680477,-0.012350601144134998,0.030829422175884247,0.003271985799074173,-0.0040151155553758144,-0.009776996448636055,-0.013796420767903328,0.0,-0.0,0.0,-0.0,0.0,0.0,0.0,0.0,0.0,0.0,0.0,0.0,0.0,-0.0,0.0,-0.0,0.0,0.0,0.0,0.0,0.0,0.0,0.0,0.0,0.134965717792511,-0.15710830688476562,0.13928383588790894,-0.15407103300094604,0.13638877868652344,0.1497691422700882,0.13452383875846863,0.1492631733417511,0.134965717792511,-0.15710830688476562,0.13928383588790894,-0.15407103300094604,0.13638877868652344,0.1497691422700882,0.13452383875846863,0.1492631733417511,-0.0016772589879110456,-0.013852698728442192,0.019468417391180992,-0.017904143780469894,-0.0474177822470665,0.012228554114699364,-0.049882590770721436,0.04951764643192291,0.30000001192092896,0.30000001192092896,0.30000001192092896,0.30000001192092896,0.0,0.0,1.0,0.0,-0.0,1.0,-0.0,-0.9999998807907104,0.30000001192092896,0.30000001192092896,0.30000001192092896,0.30000001192092896
3.6333333333333333,0,0.0615449920296669,-0.022963186725974083,-0.011583935469388962,0.2788187861442566,1.0,0.07059308886528015,0.0016941530629992485,0.006101309321820736,1,1,1,1,13.862350463867188,0.24424844980239868,0.56937575340271,14.094979286193848,13.862350463867188,0.24424844980239868,0.56937575340271,14.094979286193848,0,0,0,0,0,0.9999992847442627,0.0797857940196991,-0.31853991746902466,0.07864563912153244,-0.31767016649246216,0.3144463896751404,0.04965246096253395,0.3162608742713928,0.049283381551504135,-0.24468569457530975,0.04901166632771492,-0.24527330696582794,0.04964834824204445,0.0,0.0,0.0,0.0,0.0,0.0,0.016722699627280235,-0.03954102843999863,0.02732189930975437,-0.0014687887160107493,-0.018350427970290184,-0.026715222746133804,-0.012273354455828667,0.030410002917051315,0.003053360851481557,-0.003971243742853403,-0.008431807160377502,-0.013021692633628845,0.0,-0.0,0.0,-0.0,0.0,0.0,0.0,0.0,0.0,0.0,0.0,0.0,0.0,-0.0,0.0,-0.0,0.0,0.0,0.0,0.0,0.0,0.0,0.0,0.0,0.134965717792511,-0.15710830688476562,0.13928383588790894,-0.15407103300094604,0.13638877868652344,0.1497691422700882,0.13452383875846863,0.1492631733417511,0.134965717792511,-0.15710830688476562,0.13928383588790894,-0.15407103300094604,0.13638877868652344,0.1497691422700882,0.13452383875846863,0.1492631733417511,-0.0016772589879110456,-0.013852698728442192,0.019468417391180992,-0.017904143780469894,-0.0474177822470665,0.012228554114699364,-0.049882590770721436,0.04951764643192291,0.30000001192092896,0.30000001192092896,0.30000001192092896,0.30000001192092896,0.0,0.0,1.0,0.0,-0.0,1.0,-0.0,-0.9999998807907104,0.30000001192092896,0.30000001192092896,0.30000001192092896,0.30000001192092896
3.65,0,0.06175999343395233,-0.022937117144465446,-0.010141905397176743,0.2788203954696655,1.0,0.0717240571975708,0.0015403283759951591,0.00617594737559557,1,1,1,1,14.090714454650879,0.0,0.5000537633895874,14.246063232421875,14.090714454650879,0.0,0.5000537633895874,14.246063232421875,0,0,0,0,0,0.9999992847442627,0.07978092133998871,-0.31854447722435,0.0786399096250534,-0.3176760971546173,0.3146645128726959,0.04967234283685684,0.3164530098438263,0.049237869679927826,-0.2444431036710739,0.049009665846824646,-0.24507272243499756,0.049677472561597824,0.0,0.0,0.0,0.0,0.0,0.0,0.018033534288406372,-0.0398046039044857,0.027744777500629425,-0.000987845123745501,-0.01820528693497181,-0.027189072221517563,-0.01198834553360939,0.031015245243906975,0.0034373539965599775,-0.004050889052450657,-0.008803989738225937,-0.013486938551068306,0.0,-0.0,0.0,-0.0,0.0,0.0,0.0,0.0,0.0,0.0,0.0,0.0,0.0,-0.0,0.0,-0.0,0.0,0.0,0.0,0.0,0.0,0.0,0.0,0.0,0.134965717792511,-0.15710830688476562,0.13928383588790894,-0.15407103300094604,0.13638877868652344,0.1497691422700882,0.13452383875846863,0.1492631733417511,0.134965717792511,-0.15710830688476562,0.13928383588790894,-0.15407103300094604,0.13638877868652344,0.1497691422700882,0.13452383875846863,0.1492631733417511,-0.0016772589879110456,-0.013852698728442192,0.019468417391180992,-0.017904143780469894,-0.0474177822470665,0.012228554114699364,-0.049882590770721436,0.04951764643192291,0.30000001192092896,0.30000001192092896,0.30000001192092896,0.30000001192092896,0.0,0.0,1.0,0.0,-0.0,1.0,-0.0,-0.9999998807907104,0.30000001192092896,0.30000001192092896,0.30000001192092896,0.30000001192092896
3.6666666666666665,0,0.061983488500118256,-0.022911932319402695,-0.01025459449738264,0.27881982922554016,1.0,0.06951064616441727,0.0017613926902413368,0.006268892902880907,1,1,1,1,14.278338432312012,0.0,0.18017324805259705,14.33264446258545,14.278338432312012,0.0,0.18017324805259705,14.33264446258545,0,0,0,0,0,0.9999992847442627,0.07977540045976639,-0.31854957342147827,0.07863998413085938,-0.3176760673522949,0.314887136220932,0.04969301074743271,0.3166516423225403,0.04918906092643738,-0.24418868124485016,0.049009084701538086,-0.24487224221229553,0.04970527067780495,0.0,0.0,0.0,0.0,0.0,0.0,0.016244923695921898,-0.03918822109699249,0.02736809104681015,-0.0013092888984829187,-0.017963852733373642,-0.026954803615808487,-0.011621472425758839,0.029374247416853905,0.003160154679790139,-0.0036462550051510334,-0.008337609469890594,-0.011892233043909073,0.0,-0.0,0.0,-0.0,0.0,0.0,0.0,0.0,0.0,0.0,0.0,0.0,0.0,-0.0,0.0,-0.0,0.0,0.0,0.0,0.0,0.0,0.0,0.0,0.0,0.134965717792511,-0.15710830688476562,0.13928383588790894,-0.15407103300094604,0.13638877868652344,0.1497691422700882,0.13452383875846863,0.1492631733417511,0.134965717792511,-0.15710830688476562,0.13928383588790894,-0.15407103300094604,0.13638877868652344,0.1497691422700882,0.13452383875846863,0.1492631733417511,-0.0016772589879110456,-0.013852698728442192,0.019468417391180992,-0.017904143780469894,-0.0474177822470665,0.012228554114699364,-0.049882590770721436,0.04951764643192291,0.30000001192092896,0.30000001192092896,0.30000001192092896,0.30000001192092896,0.0,0.0,1.0,0.0,-0.0,1.0,-0.0,-0.9999998807907104,0.30000001192092896,0.30000001192092896,0.30000001192092896,0.30000001192092896
3.683333333333333,0,0.06221207231283188,-0.02289312519133091,-0.01195774506777525,0.2788126766681671,1.0,0.06788243353366852,0.0016918759793043137,0.00634511886164546,1,1,1,1,14.348237991333008,0.0,0.05914347991347313,14.669986724853516,14.348237991333008,0.0,0.05914347991347313,14.669986724853516,0,0,0,0,0,0.9999992847442627,0.07977135479450226,-0.3185533583164215,0.07863295078277588,-0.31768324971199036,0.31510984897613525,0.04971028491854668,0.3168698847293854,0.049147721379995346,-0.24393072724342346,0.049003247171640396,-0.24466463923454285,0.04973404482007027,0.0,0.0,0.0,0.0,0.0,0.0,0.01364082470536232,-0.03877507150173187,0.0272317286580801,-0.0008482367848046124,-0.017467590048909187,-0.02663564868271351,-0.011683017015457153,0.028554778546094894,0.002600873587653041,-0.003312180982902646,-0.009075240232050419,-0.010470069013535976,0.0,-0.0,0.0,-0.0,0.0,0.0,0.0,0.0,0.0,0.0,0.0,0.0,0.0,-0.0,0.0,-0.0,0.0,0.0,0.0,0.0,0.0,0.0,0.0,0.0,0.134965717792511,-0.15710830688476562,0.13928383588790894,-0.15407103300094604,0.13638877868652344,0.1497691422700882,0.13452383875846863,0.1492631733417511,0.134965717792511,-0.15710830688476562,0.13928383588790894,-0.15407103300094604,0.13638877868652344,0.1497691422700882,0.13452383875846863,0.1492631733417511,-0.0016772589879110456,-0.013852698728442192,0.019468417391180992,-0.017904143780469894,-0.0474177822470665,0.012228554114699364,-0.049882590770721436,0.04951764643192291,0.30000001192092896,0.30000001192092896,0.30000001192092896,0.30000001192092896,0.0,0.0,1.0,0.0,-0.0,1.0,-0.0,-0.9999998807907104,0.30000001192092896,0.30000001192092896,0.30000001192092896,0.30000001192092896
3.6999999999999997,0,0.06243758648633957,-0.022872984409332275,-0.009978710673749447,0.2788069546222687,1.0,0.0704856663942337,0.001861239317804575,0.006423123646527529,1,1,1,1,14.40447998046875,0.0,0.0,14.815801620483398,14.40447998046875,0.0,0.0,14.815801620483398,0,0,0,0,0,0.9999992251396179,0.07976681739091873,-0.31855762004852295,0.07862327247858047,-0.3176930844783783,0.31533217430114746,0.04972736909985542,0.3170860707759857,0.049109622836112976,-0.24367038905620575,0.0489952489733696,-0.2444567084312439,0.049761898815631866,0.0,0.0,0.0,0.0,0.0,0.0,0.015730472281575203,-0.03968288376927376,0.028763404116034508,-0.0008110271883197129,-0.017659926787018776,-0.027862662449479103,-0.012582072988152504,0.028571289032697678,0.002557914238423109,-0.0030538763385266066,-0.010078349150717258,-0.011738344095647335,0.0,-0.0,0.0,-0.0,0.0,0.0,0.0,0.0,0.0,0.0,0.0,0.0,0.0,-0.0,0.0,-0.0,0.0,0.0,0.0,0.0,0.0,0.0,0.0,0.0,0.134965717792511,-0.15710830688476562,0.13928383588790894,-0.15407103300094604,0.13638877868652344,0.1497691422700882,0.13452383875846863,0.1492631733417511,0.134965717792511,-0.15710830688476562,0.13928383588790894,-0.15407103300094604,0.13638877868652344,0.1497691422700882,0.13452383875846863,0.1492631733417511,-0.0016772589879110456,-0.013852698728442192,0.019468417391180992,-0.017904143780469894,-0.0474177822470665,0.012228554114699364,-0.049882590770721436,0.04951764643192291,0.30000001192092896,0.30000001192092896,0.30000001192092896,0.30000001192092896,0.0,0.0,1.0,0.0,-0.0,1.0,-0.0,-0.9999998807907104,0.30000001192092896,0.30000001192092896,0.30000001192092896,0.30000001192092896
3.716666666666667,0,0.06266408413648605,-0.022856105118989944,-0.011634518392384052,0.2788018584251404,1.0,0.07147906720638275,0.001961458008736372,0.006494768895208836,1,1,1,1,14.43997859954834,0.0,0.0,14.820710182189941,14.43997859954834,0.0,0.0,14.820710182189941,0,0,0,0,0,0.9999992251396179,0.07976322621107101,-0.31856101751327515,0.0786154568195343,-0.3177010416984558,0.3155558407306671,0.04974365234375,0.31730377674102783,0.0490790531039238,-0.2434093952178955,0.04898554086685181,-0.24424640834331512,0.04978858307003975,0.0,0.0,0.0,0.0,0.0,0.0,0.014404569752514362,-0.04115603491663933,0.02862078882753849,-0.0012835587840527296,-0.01765141636133194,-0.027537690475583076,-0.01486087217926979,0.028831755742430687,0.002153689507395029,-0.002708953572437167,-0.01065674889832735,-0.011814987286925316,0.0,-0.0,0.0,-0.0,0.0,0.0,0.0,0.0,0.0,0.0,0.0,0.0,0.0,-0.0,0.0,-0.0,0.0,0.0,0.0,0.0,0.0,0.0,0.0,0.0,0.134965717792511,-0.15710830688476562,0.13928383588790894,-0.15407103300094604,0.13638877868652344,0.1497691422700882,0.13452383875846863,0.1492631733417511,0.134965717792511,-0.15710830688476562,0.13928383588790894,-0.15407103300094604,0.13638877868652344,0.1497691422700882,0.13452383875846863,0.1492631733417511,-0.0016772589879110456,-0.013852698728442192,0.019468417391180992,-0.017904143780469894,-0.0474177822470665,0.012228554114699364,-0.049882590770721436,0.04951764643192291,0.30000001192092896,0.30000001192092896,0.30000001192092896,0.30000001192092896,0.0,0.0,1.0,0.0,-0.0,1.0,-0.0,-0.9999998807907104,0.30000001192092896,0.30000001192092896,0.30000001192092896,0.30000001192092896
3.7333333333333334,0,0.06288716197013855,-0.02285940572619438,-0.019760677590966225,0.27879875898361206,1.0,0.0758218765258789,0.0017699445597827435,0.006501840427517891,1,1,1,1,13.61746883392334,0.0,0.13795551657676697,13.654189109802246,13.61746883392334,0.0,0.13795551657676697,13.654189109802246,0,0,0,0,0,0.9999992251396179,0.07976086437702179,-0.31856316328048706,0.07860979437828064,-0.3177066147327423,0.315775990486145,0.04975949972867966,0.3175206482410431,0.049082398414611816,-0.24316135048866272,0.0489787720143795,-0.24404136836528778,0.04981522634625435,0.0,0.0,0.0,0.0,0.0,0.0,0.01762731373310089,-0.04314827173948288,0.031073428690433502,-0.002064578467980027,-0.018502743914723396,-0.02899496629834175,-0.016873227432370186,0.028625963255763054,0.0024450074415653944,-0.0022549808491021395,-0.010900572873651981,-0.013767503201961517,0.0,-0.0,0.0,-0.0,0.0,0.0,0.0,0.0,0.0,0.0,0.0,0.0,0.0,-0.0,0.0,-0.0,0.0,0.0,0.0,0.0,0.0,0.0,0.0,0.0,0.134965717792511,-0.15710830688476562,0.13928383588790894,-0.15407103300094604,0.13638877868652344,0.1497691422700882,0.13452383875846863,0.1492631733417511,0.134965717792511,-0.15710830688476562,0.13928383588790894,-0.15407103300094604,0.13638877868652344,0.1497691422700882,0.13452383875846863,0.1492631733417511,-0.0016772589879110456,-0.013852698728442192,0.019468417391180992,-0.017904143780469894,-0.0474177822470665,0.012228554114699364,-0.049882590770721436,0.04951764643192291,0.30000001192092896,0.30000001192092896,0.30000001192092896,0.30000001192092896,0.0,0.0,1.0,0.0,-0.0,1.0,-0.0,-0.9999998807907104,0.30000001192092896,0.30000001192092896,0.30000001192092896,0.30000001192092896
3.75,0,0.06311234831809998,-0.022899014875292778,-0.010315348394215107,0.27880430221557617,1.0,0.07355283945798874,0.00160604203119874,0.006450044456869364,1,1,1,1,13.692630767822266,0.0,1.132899522781372,13.379244804382324,13.692630767822266,0.0,1.132899522781372,13.379244804382324,0,0,0,0,0,0.9999992251396179,0.07975742220878601,-0.3185667395591736,0.07862588763237,-0.31769031286239624,0.315998375415802,0.049776121973991394,0.3177283704280853,0.04911833256483078,-0.24292589724063873,0.04897347837686539,-0.2438436597585678,0.04983561486005783,0.0,0.0,0.0,0.0,0.0,0.0,0.019325770437717438,-0.041178662329912186,0.032066747546195984,-0.0026335911825299263,-0.018854953348636627,-0.02856096439063549,-0.01371436845511198,0.026631027460098267,0.0043334392830729485,-0.0025075653102248907,-0.007182999048382044,-0.012666675262153149,0.0,-0.0,0.0,-0.0,0.0,0.0,0.0,0.0,0.0,0.0,0.0,0.0,0.0,-0.0,0.0,-0.0,0.0,0.0,0.0,0.0,0.0,0.0,0.0,0.0,0.134965717792511,-0.15710830688476562,0.13928383588790894,-0.15407103300094604,0.13638877868652344,0.1497691422700882,0.13452383875846863,0.1492631733417511,0.134965717792511,-0.15710830688476562,0.13928383588790894,-0.15407103300094604,0.13638877868652344,0.1497691422700882,0.13452383875846863,0.1492631733417511,-0.0016772589879110456,-0.013852698728442192,0.019468417391180992,-0.017904143780469894,-0.0474177822470665,0.012228554114699364,-0.049882590770721436,0.04951764643192291,0.30000001192092896,0.30000001192092896,0.30000001192092896,0.30000001192092896,0.0,0.0,1.0,0.0,-0.0,1.0,-0.0,-0.9999998807907104,0.30000001192092896,0.30000001192092896,0.30000001192092896,0.30000001192092896
3.7666666666666666,0,0.06335572898387909,-0.02294415608048439,-0.016064897179603577,0.2788011431694031,1.0,0.06369204819202423,0.001592832151800394,0.0064031099900603294,1,1,1,1,13.698630332946777,0.4801067113876343,0.5753007531166077,13.720629692077637,13.698630332946777,0.4801067113876343,0.5753007531166077,13.720629692077637,0,0,0,0,0,0.9999992251396179,0.0797613114118576,-0.31856295466423035,0.0786343663930893,-0.3176816701889038,0.3162323236465454,0.04979380965232849,0.3179604113101959,0.0491635799407959,-0.24267137050628662,0.048965636640787125,-0.2436278909444809,0.04985560476779938,0.0,0.0,0.0,0.0,0.0,0.0,0.01209385134279728,-0.03644641488790512,0.027392150834202766,-0.0050626215524971485,-0.02164563350379467,-0.02394755370914936,-0.008673236705362797,0.024471556767821312,0.005266505293548107,-0.004368493799120188,0.0017367949476465583,-0.0063385674729943275,0.0,-0.0,0.0,-0.0,0.0,0.0,0.0,0.0,0.0,0.0,0.0,0.0,0.0,-0.0,0.0,-0.0,0.0,0.0,0.0,0.0,0.0,0.0,0.0,0.0,0.134965717792511,-0.15710830688476562,0.13928383588790894,-0.15407103300094604,0.13638877868652344,0.1497691422700882,0.13452383875846863,0.1492631733417511,0.134965717792511,-0.15710830688476562,0.13928383588790894,-0.15407103300094604,0.13638877868652344,0.1497691422700882,0.13452383875846863,0.1492631733417511,-0.0016772589879110456,-0.013852698728442192,0.019468417391180992,-0.017904143780469894,-0.0474177822470665,0.012228554114699364,-0.049882590770721436,0.04951764643192291,0.30000001192092896,0.30000001192092896,0.30000001192092896,0.30000001192092896,0.0,0.0,1.0,0.0,-0.0,1.0,-0.0,-0.9999998807907104,0.30000001192092896,0.30000001192092896,0.30000001192092896,0.30000001192092896
3.783333333333333,0,0.06358504295349121,-0.022982316091656685,-0.016203196719288826,0.27880191802978516,1.0,0.07199422270059586,0.0018154755234718323,0.006347609683871269,1,1,1,1,13.456256866455078,0.5950823426246643,0.6519478559494019,13.673043251037598,13.456256866455078,0.5950823426246643,0.6519478559494019,13.673043251037598,0,0,0,0,0,0.9999992251396179,0.0797620564699173,-0.318562388420105,0.07863830029964447,-0.3176776170730591,0.31645816564559937,0.04980911687016487,0.3181893527507782,0.04920971393585205,-0.24243684113025665,0.048955287784338,-0.24341724812984467,0.049877796322107315,0.0,0.0,0.0,0.0,0.0,0.0,0.019507436081767082,-0.03985526040196419,0.028557337820529938,-0.0017726277001202106,-0.01907999999821186,-0.027621712535619736,-0.011465921066701412,0.029582500457763672,0.004243337549269199,-0.0035714213736355305,-0.0075897169299423695,-0.013174246996641159,0.0,-0.0,0.0,-0.0,0.0,0.0,0.0,0.0,0.0,0.0,0.0,0.0,0.0,-0.0,0.0,-0.0,0.0,0.0,0.0,0.0,0.0,0.0,0.0,0.0,0.134965717792511,-0.15710830688476562,0.13928383588790894,-0.15407103300094604,0.13638877868652344,0.1497691422700882,0.13452383875846863,0.1492631733417511,0.134965717792511,-0.15710830688476562,0.13928383588790894,-0.15407103300094604,0.13638877868652344,0.1497691422700882,0.13452383875846863,0.1492631733417511,-0.0016772589879110456,-0.013852698728442192,0.019468417391180992,-0.017904143780469894,-0.0474177822470665,0.012228554114699364,-0.049882590770721436,0.04951764643192291,0.30000001192092896,0.30000001192092896,0.30000001192092896,0.30000001192092896,0.0,0.0,1.0,0.0,-0.0,1.0,-0.0,-0.9999998807907104,0.30000001192092896,0.30000001192092896,0.30000001192092896,0.30000001192092896
3.8,0,0.06380929052829742,-0.0230209119617939,-0.01713702455163002,0.2788074314594269,1.0,0.07143507897853851,0.0024618911556899548,0.006288439501076937,1,1,1,1,13.324870109558105,0.7606827616691589,0.6971002221107483,13.680258750915527,13.324870109558105,0.7606827616691589,0.6971002221107483,13.680258750915527,0,0,0,0,0,0.9999992847442627,0.07976505905389786,-0.31855952739715576,0.07864444702863693,-0.3176712393760681,0.3166849911212921,0.04982201009988785,0.3184167146682739,0.049253761768341064,-0.24220100045204163,0.04894411191344261,-0.24320724606513977,0.04989604651927948,0.0,0.0,0.0,0.0,0.0,0.0,0.01704680360853672,-0.03984495624899864,0.02945934236049652,-0.002414123620837927,-0.0196839552372694,-0.027946192771196365,-0.011098209768533707,0.029024185612797737,0.0037118562031537294,-0.00400424562394619,-0.0071692438796162605,-0.011655241250991821,0.0,-0.0,0.0,-0.0,0.0,0.0,0.0,0.0,0.0,0.0,0.0,0.0,0.0,-0.0,0.0,-0.0,0.0,0.0,0.0,0.0,0.0,0.0,0.0,0.0,0.134965717792511,-0.15710830688476562,0.13928383588790894,-0.15407103300094604,0.13638877868652344,0.1497691422700882,0.13452383875846863,0.1492631733417511,0.134965717792511,-0.15710830688476562,0.13928383588790894,-0.15407103300094604,0.13638877868652344,0.1497691422700882,0.13452383875846863,0.1492631733417511,-0.0016772589879110456,-0.013852698728442192,0.019468417391180992,-0.017904143780469894,-0.0474177822470665,0.012228554114699364,-0.049882590770721436,0.04951764643192291,0.30000001192092896,0.30000001192092896,0.30000001192092896,0.30000001192092896,0.0,0.0,1.0,0.0,-0.0,1.0,-0.0,-0.9999998807907104,0.30000001192092896,0.30000001192092896,0.30000001192092896,0.30000001192092896
3.8166666666666664,0,0.06402622163295746,-0.023061301559209824,-0.014517697505652905,0.2788139879703522,1.0,0.07405820488929749,0.0016880333423614502,0.006218341179192066,1,1,1,1,13.38341999053955,0.787663459777832,0.7551743388175964,13.975203514099121,13.38341999053955,0.787663459777832,0.7551743388175964,13.975203514099121,0,0,0,0,0,0.9999992847442627,0.07976794987916946,-0.3185565769672394,0.07864715158939362,-0.3176683783531189,0.3169058859348297,0.04983297362923622,0.31863534450531006,0.049296773970127106,-0.24197901785373688,0.048930712044239044,-0.24299927055835724,0.04991414397954941,0.0,0.0,0.0,0.0,0.0,0.0,0.019683925434947014,-0.04079793393611908,0.029075339436531067,-0.00218936032615602,-0.019752945750951767,-0.028917524963617325,-0.012460661120712757,0.029996125027537346,0.0028115692548453808,-0.0031825413461774588,-0.00934849213808775,-0.013987654820084572,0.0,-0.0,0.0,-0.0,0.0,0.0,0.0,0.0,0.0,0.0,0.0,0.0,0.0,-0.0,0.0,-0.0,0.0,0.0,0.0,0.0,0.0,0.0,0.0,0.0,0.134965717792511,-0.15710830688476562,0.13928383588790894,-0.15407103300094604,0.13638877868652344,0.1497691422700882,0.13452383875846863,0.1492631733417511,0.134965717792511,-0.15710830688476562,0.13928383588790894,-0.15407103300094604,0.13638877868652344,0.1497691422700882,0.13452383875846863,0.1492631733417511,-0.0016772589879110456,-0.013852698728442192,0.019468417391180992,-0.017904143780469894,-0.0474177822470665,0.012228554114699364,-0.049882590770721436,0.04951764643192291,0.30000001192092896,0.30000001192092896,0.30000001192092896,0.30000001192092896,0.0,0.0,1.0,0.0,-0.0,1.0,-0.0,-0.9999998807907104,0.30000001192092896,0.30000001192092896,0.30000001192092896,0.30000001192092896
3.8333333333333335,0,0.06424340605735779,-0.023091081529855728,-0.020966192707419395,0.2788145840167999,1.0,0.07990272343158722,0.0017011584714055061,0.00613692682236433,1,1,1,1,13.505758285522461,0.6135744452476501,0.6741653084754944,13.171695709228516,13.505758285522461,0.6135744452476501,0.6741653084754944,13.171695709228516,0,0,0,0,0,0.9999992847442627,0.07977192103862762,-0.3185526728630066,0.0786481574177742,-0.31766757369041443,0.31712666153907776,0.04984424263238907,0.3188531696796417,0.04933963716030121,-0.24175432324409485,0.04891679435968399,-0.24272297322750092,0.049921050667762756,0.0,0.0,0.0,0.0,0.0,0.0,0.027309315279126167,-0.041596949100494385,0.031287651509046555,-0.001542826765216887,-0.019809555262327194,-0.030333789065480232,-0.013177567161619663,0.031028028577566147,0.0022817167919129133,-0.0022880742326378822,-0.01129252091050148,-0.018442772328853607,0.0,-0.0,0.0,-0.0,0.0,0.0,0.0,0.0,0.0,0.0,0.0,0.0,0.0,-0.0,0.0,-0.0,0.0,0.0,0.0,0.0,0.0,0.0,0.0,0.0,0.134965717792511,-0.15710830688476562,0.13928383588790894,-0.15407103300094604,0.13638877868652344,0.1497691422700882,0.13452383875846863,0.1492631733417511,0.134965717792511,-0.15710830688476562,0.13928383588790894,-0.15407103300094604,0.13638877868652344,0.1497691422700882,0.13452383875846863,0.1492631733417511,-0.0016772589879110456,-0.013852698728442192,0.019468417391180992,-0.017904143780469894,-0.0474177822470665,0.012228554114699364,-0.049882590770721436,0.04951764643192291,0.30000001192092896,0.30000001192092896,0.30000001192092896,0.30000001192092896,0.0,0.0,1.0,0.0,-0.0,1.0,-0.0,-0.9999998807907104,0.30000001192092896,0.30000001192092896,0.30000001192092896,0.30000001192092896
3.85,0,0.06447277218103409,-0.023132478818297386,-0.016859151422977448,0.27881643176078796,1.0,0.07428298890590668,0.0016221990808844566,0.006064887624233961,1,1,1,1,13.773122787475586,0.46481630206108093,0.9877375960350037,13.4710054397583,13.773122787475586,0.46481630206108093,0.9877375960350037,13.4710054397583,0,0,0,0,0,0.9999992847442627,0.07977432757616043,-0.3185502588748932,0.07865814119577408,-0.3176572918891907,0.3173529803752899,0.049855172634124756,0.31907379627227783,0.049379847943782806,-0.24150735139846802,0.04889891296625137,-0.24251282215118408,0.04994599521160126,0.0,0.0,0.0,0.0,0.0,0.0,0.02115466631948948,-0.04157052934169769,0.030458172783255577,-0.003094289917498827,-0.01890731044113636,-0.029357824474573135,-0.012201757170259953,0.028222251683473587,0.0036482822615653276,-0.002378844888880849,-0.007026276551187038,-0.01311388611793518,0.0,-0.0,0.0,-0.0,0.0,0.0,0.0,0.0,0.0,0.0,0.0,0.0,0.0,-0.0,0.0,-0.0,0.0,0.0,0.0,0.0,0.0,0.0,0.0,0.0,0.134965717792511,-0.15710830688476562,0.13928383588790894,-0.15407103300094604,0.13638877868652344,0.1497691422700882,0.13452383875846863,0.1492631733417511,0.134965717792511,-0.15710830688476562,0.13928383588790894,-0.15407103300094604,0.13638877868652344,0.1497691422700882,0.13452383875846863,0.1492631733417511,-0.0016772589879110456,-0.013852698728442192,0.019468417391180992,-0.017904143780469894,-0.0474177822470665,0.012228554114699364,-0.049882590770721436,0.04951764643192291,0.30000001192092896,0.30000001192092896,0.30000001192092896,0.30000001192092896,0.0,0.0,1.0,0.0,-0.0,1.0,-0.0,-0.9999998807907104,0.30000001192092896,0.30000001192092896,0.30000001192092896,0.30000001192092896
3.8666666666666667,0,0.06469807028770447,-0.023172440007328987,-0.020749151706695557,0.27882397174835205,1.0,0.07623524218797684,0.0012750462628901005,0.0059960330836474895,1,1,1,1,13.605921745300293,0.5809535384178162,0.6341850757598877,13.561513900756836,13.605921745300293,0.5809535384178162,0.6341850757598877,13.561513900756836,0,0,0,0,0,0.9999992847442627,0.079774409532547,-0.31855010986328125,0.07865538448095322,-0.3176600933074951,0.31758221983909607,0.049868158996105194,0.31929343938827515,0.0494186207652092,-0.24128897488117218,0.04888457432389259,-0.2422991842031479,0.04996408149600029,0.0,0.0,0.0,0.0,0.0,0.0,0.020833773538470268,-0.042267631739377975,0.03036479838192463,-0.0020558740943670273,-0.018843891099095345,-0.029859758913517,-0.014219376258552074,0.029579095542430878,0.0030491503421217203,-0.002675954718142748,-0.010221531614661217,-0.014839718118309975,0.0,-0.0,0.0,-0.0,0.0,0.0,0.0,0.0,0.0,0.0,0.0,0.0,0.0,-0.0,0.0,-0.0,0.0,0.0,0.0,0.0,0.0,0.0,0.0,0.0,0.134965717792511,-0.15710830688476562,0.13928383588790894,-0.15407103300094604,0.13638877868652344,0.1497691422700882,0.13452383875846863,0.1492631733417511,0.134965717792511,-0.15710830688476562,0.13928383588790894,-0.15407103300094604,0.13638877868652344,0.1497691422700882,0.13452383875846863,0.1492631733417511,-0.0016772589879110456,-0.013852698728442192,0.019468417391180992,-0.017904143780469894,-0.0474177822470665,0.012228554114699364,-0.049882590770721436,0.04951764643192291,0.30000001192092896,0.30000001192092896,0.30000001192092896,0.30000001192092896,0.0,0.0,1.0,0.0,-0.0,1.0,-0.0,-0.9999998807907104,0.30000001192092896,0.30000001192092896,0.30000001192092896,0.30000001192092896
3.8833333333333333,0,0.06492724269628525,-0.02322026900947094,-0.01752229407429695,0.278828889131546,1.0,0.07234181463718414,0.0016939621418714523,0.005922315642237663,1,1,1,1,13.422320365905762,0.682466447353363,0.7383750677108765,13.539142608642578,13.422320365905762,0.682466447353363,0.7383750677108765,13.539142608642578,0,0,0,0,0,0.9999993443489075,0.07977713644504547,-0.31854748725891113,0.07866226136684418,-0.3176529109477997,0.3178122639656067,0.0498739518225193,0.3195244073867798,0.0494571179151535,-0.24104757606983185,0.048865605145692825,-0.242086723446846,0.049976907670497894,0.0,0.0,0.0,0.0,0.0,0.0,0.018229002133011818,-0.040607012808322906,0.029969753697514534,-0.0030911690555512905,-0.01927063800394535,-0.028119400143623352,-0.01215926930308342,0.02851586602628231,0.003276135539636016,-0.0031142011284828186,-0.006992364767938852,-0.012328267097473145,0.0,-0.0,0.0,-0.0,0.0,0.0,0.0,0.0,0.0,0.0,0.0,0.0,0.0,-0.0,0.0,-0.0,0.0,0.0,0.0,0.0,0.0,0.0,0.0,0.0,0.134965717792511,-0.15710830688476562,0.13928383588790894,-0.15407103300094604,0.13638877868652344,0.1497691422700882,0.13452383875846863,0.1492631733417511,0.134965717792511,-0.15710830688476562,0.13928383588790894,-0.15407103300094604,0.13638877868652344,0.1497691422700882,0.13452383875846863,0.1492631733417511,-0.0016772589879110456,-0.013852698728442192,0.019468417391180992,-0.017904143780469894,-0.0474177822470665,0.012228554114699364,-0.049882590770721436,0.04951764643192291,0.30000001192092896,0.30000001192092896,0.30000001192092896,0.30000001192092896,0.0,0.0,1.0,0.0,-0.0,1.0,-0.0,-0.9999998807907104,0.30000001192092896,0.30000001192092896,0.30000001192092896,0.30000001192092896
3.9,0,0.06516281515359879,-0.023268239572644234,-0.013276692479848862,0.2788347899913788,1.0,0.07191253453493118,0.0015358240343630314,0.005878053139895201,1,1,1,1,13.349153518676758,0.8117103576660156,0.48665934801101685,14.047204971313477,13.349153518676758,0.8117103576660156,0.48665934801101685,14.047204971313477,0,0,0,0,0,0.9999993443489075,0.07977836579084396,-0.3185465335845947,0.07868197560310364,-0.31763312220573425,0.31804558634757996,0.04988120496273041,0.31975507736206055,0.04949325695633888,-0.2408064305782318,0.0488484688103199,-0.24187862873077393,0.049989618360996246,0.0,0.0,0.0,0.0,0.0,0.0,0.013564137741923332,-0.041479095816612244,0.026819931343197823,-0.002056627534329891,-0.01892569102346897,-0.027946380898356438,-0.014394345693290234,0.030564354732632637,0.0022437837906181812,-0.0033859731629490852,-0.010273202322423458,-0.011864894069731236,0.0,-0.0,0.0,-0.0,0.0,0.0,0.0,0.0,0.0,0.0,0.0,0.0,0.0,-0.0,0.0,-0.0,0.0,0.0,0.0,0.0,0.0,0.0,0.0,0.0,0.134965717792511,-0.15710830688476562,0.13928383588790894,-0.15407103300094604,0.13638877868652344,0.1497691422700882,0.13452383875846863,0.1492631733417511,0.134965717792511,-0.15710830688476562,0.13928383588790894,-0.15407103300094604,0.13638877868652344,0.1497691422700882,0.13452383875846863,0.1492631733417511,-0.0016772589879110456,-0.013852698728442192,0.019468417391180992,-0.017904143780469894,-0.0474177822470665,0.012228554114699364,-0.049882590770721436,0.04951764643192291,0.30000001192092896,0.30000001192092896,0.30000001192092896,0.30000001192092896,0.0,0.0,1.0,0.0,-0.0,1.0,-0.0,-0.9999998807907104,0.30000001192092896,0.30000001192092896,0.30000001192092896,0.30000001192092896
3.9166666666666665,0,0.06539364159107208,-0.023316970095038414,-0.01641327701508999,0.27883440256118774,1.0,0.07277268171310425,0.0018192320130765438,0.0057924366556108,1,1,1,1,13.620892524719238,0.653779149055481,0.7036166787147522,13.733760833740234,13.620892524719238,0.653779149055481,0.7036166787147522,13.733760833740234,0,0,0,0,0,0.9999993443489075,0.07978153973817825,-0.3185432553291321,0.07867845147848129,-0.3176363706588745,0.3182733952999115,0.04988618567585945,0.31998273730278015,0.04953021928668022,-0.24056752026081085,0.04882730916142464,-0.2416553944349289,0.050002098083496094,0.0,0.0,0.0,0.0,0.0,0.0,0.015368452295660973,-0.040545664727687836,0.026592152193188667,-0.0009847168112173676,-0.019214659929275513,-0.027364639565348625,-0.01439414918422699,0.03191616013646126,0.002457699505612254,-0.004210633225739002,-0.011810590513050556,-0.014159496873617172,0.0,-0.0,0.0,-0.0,0.0,0.0,0.0,0.0,0.0,0.0,0.0,0.0,0.0,-0.0,0.0,-0.0,0.0,0.0,0.0,0.0,0.0,0.0,0.0,0.0,0.134965717792511,-0.15710830688476562,0.13928383588790894,-0.15407103300094604,0.13638877868652344,0.1497691422700882,0.13452383875846863,0.1492631733417511,0.134965717792511,-0.15710830688476562,0.13928383588790894,-0.15407103300094604,0.13638877868652344,0.1497691422700882,0.13452383875846863,0.1492631733417511,-0.0016772589879110456,-0.013852698728442192,0.019468417391180992,-0.017904143780469894,-0.0474177822470665,0.012228554114699364,-0.049882590770721436,0.04951764643192291,0.30000001192092896,0.30000001192092896,0.30000001192092896,0.30000001192092896,0.0,0.0,1.0,0.0,-0.0,1.0,-0.0,-0.9999998807907104,0.30000001192092896,0.30000001192092896,0.30000001192092896,0.30000001192092896
3.933333333333333,0,0.06562671065330505,-0.023353228345513344,-0.018363283947110176,0.2788369953632355,1.0,0.07217176258563995,0.0016925521194934845,0.005724100861698389,1,1,1,1,13.653453826904297,0.6498631834983826,0.7995460033416748,13.517377853393555,13.653453826904297,0.6498631834983826,0.7995460033416748,13.517377853393555,0,0,0,0,0,0.9999993443489075,0.07978478074073792,-0.31854012608528137,0.07868839800357819,-0.3176262080669403,0.3185040354728699,0.04989035427570343,0.3202103078365326,0.049566179513931274,-0.24032805860042572,0.048806801438331604,-0.24144315719604492,0.05001567676663399,0.0,0.0,0.0,0.0,0.0,0.0,0.014965773560106754,-0.04137148708105087,0.02927347831428051,-0.002542909700423479,-0.0186246819794178,-0.028368379920721054,-0.014210316352546215,0.028428202494978905,0.0035785818472504616,-0.003474741242825985,-0.008992130868136883,-0.011929277330636978,0.0,-0.0,0.0,-0.0,0.0,0.0,0.0,0.0,0.0,0.0,0.0,0.0,0.0,-0.0,0.0,-0.0,0.0,0.0,0.0,0.0,0.0,0.0,0.0,0.0,0.134965717792511,-0.15710830688476562,0.13928383588790894,-0.15407103300094604,0.13638877868652344,0.1497691422700882,0.13452383875846863,0.1492631733417511,0.134965717792511,-0.15710830688476562,0.13928383588790894,-0.15407103300094604,0.13638877868652344,0.1497691422700882,0.13452383875846863,0.1492631733417511,-0.0016772589879110456,-0.013852698728442192,0.019468417391180992,-0.017904143780469894,-0.0474177822470665,0.012228554114699364,-0.049882590770721436,0.04951764643192291,0.30000001192092896,0.30000001192092896,0.30000001192092896,0.30000001192092896,0.0,0.0,1.0,0.0,-0.0,1.0,-0.0,-0.9999998807907104,0.30000001192092896,0.30000001192092896,0.30000001192092896,0.30000001192092896
3.9499999999999997,0,0.06586380302906036,-0.023419329896569252,-0.016297807916998863,0.2788386940956116,1.0,0.07584937661886215,0.0016472828574478626,0.0056388285011053085,1,1,1,1,13.60874080657959,0.6653372645378113,0.2878950834274292,14.406597137451172,13.60874080657959,0.6653372645378113,0.2878950834274292,14.406597137451172,0,0,0,0,0,0.9999993443489075,0.07978831231594086,-0.31853654980659485,0.07869041711091995,-0.3176240026950836,0.31873610615730286,0.04989511892199516,0.3204403817653656,0.04959990456700325,-0.24010029435157776,0.048783790320158005,-0.2412225604057312,0.050022803246974945,0.0,0.0,0.0,0.0,0.0,0.0,0.022362375631928444,-0.04199287295341492,0.03236502781510353,-0.003418703330680728,-0.019359206780791283,-0.030311783775687218,-0.012104827910661697,0.02746536210179329,0.0036139669828116894,-0.0022886137012392282,-0.006133830640465021,-0.013419724069535732,0.0,-0.0,0.0,-0.0,0.0,0.0,0.0,0.0,0.0,0.0,0.0,0.0,0.0,-0.0,0.0,-0.0,0.0,0.0,0.0,0.0,0.0,0.0,0.0,0.0,0.134965717792511,-0.15710830688476562,0.13928383588790894,-0.15407103300094604,0.13638877868652344,0.1497691422700882,0.13452383875846863,0.1492631733417511,0.134965717792511,-0.15710830688476562,0.13928383588790894,-0.15407103300094604,0.13638877868652344,0.1497691422700882,0.13452383875846863,0.1492631733417511,-0.0016772589879110456,-0.013852698728442192,0.019468417391180992,-0.017904143780469894,-0.0474177822470665,0.012228554114699364,-0.049882590770721436,0.04951764643192291,0.30000001192092896,0.30000001192092896,0.30000001192092896,0.30000001192092896,0.0,0.0,1.0,0.0,-0.0,1.0,-0.0,-0.9999998807907104,0.30000001192092896,0.30000001192092896,0.30000001192092896,0.30000001192092896
3.966666666666667,0,0.06609441339969635,-0.023457489907741547,-0.018523981794714928,0.27884337306022644,1.0,0.07365630567073822,0.001764307264238596,0.005572797730565071,1,1,1,1,13.478586196899414,0.7735278010368347,0.6628623604774475,13.604508399963379,13.478586196899414,0.7735278010368347,0.6628623604774475,13.604508399963379,0,0,0,0,0,0.9999994039535522,0.079788438975811,-0.3185363709926605,0.07869540899991989,-0.3176189959049225,0.3189673125743866,0.04989916458725929,0.3206652104854584,0.04963196441531181,-0.23986026644706726,0.048761267215013504,-0.2410067468881607,0.0500371977686882,0.0,0.0,0.0,0.0,0.0,0.0,0.017873017117381096,-0.04082842543721199,0.02816084399819374,-0.0006145545630715787,-0.01839720644056797,-0.028523245826363564,-0.013646340928971767,0.030869608744978905,0.003457364160567522,-0.0038998196832835674,-0.011194678954780102,-0.014204392209649086,0.0,-0.0,0.0,-0.0,0.0,0.0,0.0,0.0,0.0,0.0,0.0,0.0,0.0,-0.0,0.0,-0.0,0.0,0.0,0.0,0.0,0.0,0.0,0.0,0.0,0.134965717792511,-0.15710830688476562,0.13928383588790894,-0.15407103300094604,0.13638877868652344,0.1497691422700882,0.13452383875846863,0.1492631733417511,0.134965717792511,-0.15710830688476562,0.13928383588790894,-0.15407103300094604,0.13638877868652344,0.1497691422700882,0.13452383875846863,0.1492631733417511,-0.0016772589879110456,-0.013852698728442192,0.019468417391180992,-0.017904143780469894,-0.0474177822470665,0.012228554114699364,-0.049882590770721436,0.04951764643192291,0.30000001192092896,0.30000001192092896,0.30000001192092896,0.30000001192092896,0.0,0.0,1.0,0.0,-0.0,1.0,-0.0,-0.9999998807907104,0.30000001192092896,0.30000001192092896,0.30000001192092896,0.30000001192092896
3.9833333333333334,0,0.06631866097450256,-0.023502998054027557,-0.01775762066245079,0.27885109186172485,1.0,0.07333625853061676,0.0015809056349098682,0.0054741851054131985,1,1,1,1,13.522085189819336,0.8379535675048828,0.6976632475852966,13.773587226867676,13.522085189819336,0.8379535675048828,0.6976632475852966,13.773587226867676,0,0,0,0,0,0.9999994039535522,0.07979320734739304,-0.31853166222572327,0.07869438827037811,-0.3176197111606598,0.3191974461078644,0.04989664629101753,0.3208942711353302,0.04966413974761963,-0.2396346628665924,0.04873330518603325,-0.2407892793416977,0.05004694312810898,0.0,0.0,0.0,0.0,0.0,0.0,0.020690523087978363,-0.04129112884402275,0.03056490235030651,-0.0029058970976620913,-0.01906724087893963,-0.02857797034084797,-0.011643572710454464,0.02806868776679039,0.0036497570108622313,-0.002469738945364952,-0.005065734963864088,-0.012398733757436275,0.0,-0.0,0.0,-0.0,0.0,0.0,0.0,0.0,0.0,0.0,0.0,0.0,0.0,-0.0,0.0,-0.0,0.0,0.0,0.0,0.0,0.0,0.0,0.0,0.0,0.134965717792511,-0.15710830688476562,0.13928383588790894,-0.15407103300094604,0.13638877868652344,0.1497691422700882,0.13452383875846863,0.1492631733417511,0.134965717792511,-0.15710830688476562,0.13928383588790894,-0.15407103300094604,0.13638877868652344,0.1497691422700882,0.13452383875846863,0.1492631733417511,-0.0016772589879110456,-0.013852698728442192,0.019468417391180992,-0.017904143780469894,-0.0474177822470665,0.012228554114699364,-0.049882590770721436,0.04951764643192291,0.30000001192092896,0.30000001192092896,0.30000001192092896,0.30000001192092896,0.0,0.0,1.0,0.0,-0.0,1.0,-0.0,-0.9999998807907104,0.30000001192092896,0.30000001192092896,0.30000001192092896,0.30000001192092896
4.0,0,0.06656180322170258,-0.023461144417524338,-0.004707994870841503,0.27885034680366516,1.0,0.07524041086435318,0.0015667146071791649,0.005475184880197048,1,1,1,1,12.653976440429688,1.3475735187530518,1.582018256187439,12.908202171325684,12.653976440429688,1.3475735187530518,1.582018256187439,12.908202171325684,0,0,0,0,0,0.9999994039535522,0.07979226112365723,-0.3185328543186188,0.07870245724916458,-0.31761130690574646,0.3194398880004883,0.049896761775016785,0.32114294171333313,0.04969637095928192,-0.239400252699852,0.04878705367445946,-0.2405625879764557,0.05005502328276634,0.0,0.0,0.0,0.0,0.0,0.0,0.020610446110367775,-0.04144010692834854,0.030338391661643982,-0.0016134544275701046,-0.01814442314207554,-0.030562449246644974,-0.012037983164191246,0.02954859659075737,0.003556294133886695,-0.003250923240557313,-0.010293961502611637,-0.013620872981846333,0.0,-0.0,0.0,-0.0,0.0,0.0,0.0,0.0,0.0,0.0,0.0,0.0,0.0,-0.0,0.0,-0.0,0.0,0.0,0.0,0.0,0.0,0.0,0.0,0.0,0.134965717792511,-0.15710830688476562,0.13928383588790894,-0.15407103300094604,0.13638877868652344,0.1497691422700882,0.13452383875846863,0.1492631733417511,0.134965717792511,-0.15710830688476562,0.13928383588790894,-0.15407103300094604,0.13638877868652344,0.1497691422700882,0.13452383875846863,0.1492631733417511,-0.0016772589879110456,-0.013852698728442192,0.019468417391180992,-0.017904143780469894,-0.0474177822470665,0.012228554114699364,-0.049882590770721436,0.04951764643192291,0.30000001192092896,0.30000001192092896,0.30000001192092896,0.30000001192092896,0.0,0.0,1.0,0.0,-0.0,1.0,-0.0,-0.9999998807907104,0.30000001192092896,0.30000001192092896,0.30000001192092896,0.30000001192092896
4.016666666666667,0,0.06680302321910858,-0.023420926183462143,-0.001754056429490447,0.2788451015949249,1.0,0.08138247579336166,0.001788006629794836,0.005491568241268396,1,1,1,1,12.58114242553711,1.4944175481796265,1.9243078231811523,12.516630172729492,12.58114242553711,1.4944175481796265,1.9243078231811523,12.516630172729492,0,0,0,0,0,0.9999994039535522,0.07979078590869904,-0.3185345232486725,0.07870495319366455,-0.31760868430137634,0.31967610120773315,0.04990695044398308,0.3213810622692108,0.04972837120294571,-0.23916637897491455,0.048836857080459595,-0.2403339445590973,0.05006517842411995,0.0,0.0,0.0,0.0,0.0,0.0,0.01999705843627453,-0.04413222149014473,0.030640238896012306,-0.00021960539743304253,-0.019739875569939613,-0.030489062890410423,-0.01669147051870823,0.03420842066407204,0.00354759581387043,-0.004456645343452692,-0.015474322251975536,-0.01722589321434498,0.0,-0.0,0.0,-0.0,0.0,0.0,0.0,0.0,0.0,0.0,0.0,0.0,0.0,-0.0,0.0,-0.0,0.0,0.0,0.0,0.0,0.0,0.0,0.0,0.0,0.134965717792511,-0.15710830688476562,0.13928383588790894,-0.15407103300094604,0.13638877868652344,0.1497691422700882,0.13452383875846863,0.1492631733417511,0.134965717792511,-0.15710830688476562,0.13928383588790894,-0.15407103300094604,0.13638877868652344,0.1497691422700882,0.13452383875846863,0.1492631733417511,-0.0016772589879110456,-0.013852698728442192,0.019468417391180992,-0.017904143780469894,-0.0474177822470665,0.012228554114699364,-0.049882590770721436,0.04951764643192291,0.30000001192092896,0.30000001192092896,0.30000001192092896,0.30000001192092896,0.0,0.0,1.0,0.0,-0.0,1.0,-0.0,-0.9999998807907104,0.30000001192092896,0.30000001192092896,0.30000001192092896,0.30000001192092896
4.033333333333333,0,0.06703421473503113,-0.023373128846287727,0.005733887664973736,0.2788325250148773,1.0,0.0712117999792099,0.001434811856597662,0.005501633509993553,1,1,1,1,12.42095947265625,1.9524378776550293,2.4222567081451416,12.583592414855957,12.42095947265625,1.9524378776550293,2.4222567081451416,12.583592414855957,0,0,0,0,0,0.9999993443489075,0.07979294657707214,-0.3185325860977173,0.0787038505077362,-0.3176095485687256,0.3198974132537842,0.0499153807759285,0.3216167986392975,0.04975592717528343,-0.23893719911575317,0.04888138175010681,-0.24011123180389404,0.05007405951619148,0.0,0.0,0.0,0.0,0.0,0.0,0.01661415584385395,-0.04064168035984039,0.028835177421569824,-0.0021689238492399454,-0.01821201853454113,-0.026883531361818314,-0.013068912550807,0.029178308323025703,0.003840276738628745,-0.00412717554718256,-0.007043132558465004,-0.01221530232578516,0.0,-0.0,0.0,-0.0,0.0,0.0,0.0,0.0,0.0,0.0,0.0,0.0,0.0,-0.0,0.0,-0.0,0.0,0.0,0.0,0.0,0.0,0.0,0.0,0.0,0.134965717792511,-0.15710830688476562,0.13928383588790894,-0.15407103300094604,0.13638877868652344,0.1497691422700882,0.13452383875846863,0.1492631733417511,0.134965717792511,-0.15710830688476562,0.13928383588790894,-0.15407103300094604,0.13638877868652344,0.1497691422700882,0.13452383875846863,0.1492631733417511,-0.0016772589879110456,-0.013852698728442192,0.019468417391180992,-0.017904143780469894,-0.0474177822470665,0.012228554114699364,-0.049882590770721436,0.04951764643192291,0.30000001192092896,0.30000001192092896,0.30000001192092896,0.30000001192092896,0.0,0.0,1.0,0.0,-0.0,1.0,-0.0,-0.9999998807907104,0.30000001192092896,0.30000001192092896,0.30000001192092896,0.30000001192092896
4.05,0,0.06728003919124603,-0.023338882252573967,-0.0024153392296284437,0.27881765365600586,1.0,0.07273811101913452,0.0009224689565598965,0.005488802213221788,1,1,1,1,12.641938209533691,1.7381547689437866,2.358490228652954,12.705121994018555,12.641938209533691,1.7381547689437866,2.358490228652954,12.705121994018555,0,0,0,0,0,0.9999993443489075,0.07979126274585724,-0.3185344338417053,0.07871483266353607,-0.3175986111164093,0.320128858089447,0.04992908239364624,0.32185685634613037,0.049785733222961426,-0.23870059847831726,0.048926278948783875,-0.2398318350315094,0.05007752776145935,0.0,0.0,0.0,0.0,0.0,0.0,0.016769040375947952,-0.04082908853888512,0.0270682480186224,-0.00022928602993488312,-0.01843099109828472,-0.027515746653079987,-0.01378802489489317,0.03128685802221298,0.002808348275721073,-0.004067753441631794,-0.01135545875877142,-0.013809447176754475,0.0,-0.0,0.0,-0.0,0.0,0.0,0.0,0.0,0.0,0.0,0.0,0.0,0.0,-0.0,0.0,-0.0,0.0,0.0,0.0,0.0,0.0,0.0,0.0,0.0,0.134965717792511,-0.15710830688476562,0.13928383588790894,-0.15407103300094604,0.13638877868652344,0.1497691422700882,0.13452383875846863,0.1492631733417511,0.134965717792511,-0.15710830688476562,0.13928383588790894,-0.15407103300094604,0.13638877868652344,0.1497691422700882,0.13452383875846863,0.1492631733417511,-0.0016772589879110456,-0.013852698728442192,0.019468417391180992,-0.017904143780469894,-0.0474177822470665,0.012228554114699364,-0.049882590770721436,0.04951764643192291,0.30000001192092896,0.30000001192092896,0.30000001192092896,0.30000001192092896,0.0,0.0,1.0,0.0,-0.0,1.0,-0.0,-0.9999998807907104,0.30000001192092896,0.30000001192092896,0.30000001192092896,0.30000001192092896
4.066666666666666,0,0.06751970201730728,-0.02331017330288887,-0.0037800543941557407,0.2805464565753937,1.0,0.07411707937717438,0.0018514539115130901,0.005481485277414322,1,1,1,1,12.237825393676758,2.0122694969177246,2.5710105895996094,11.931662559509277,12.237825393676758,2.0122694969177246,2.5710105895996094,11.931662559509277,0,0,0,0,0,0.9999993443489075,0.07979181408882141,-0.3185339868068695,0.0787106305360794,-0.31760266423225403,0.32036077976226807,0.04993930086493492,0.3220981955528259,0.04981173947453499,-0.2384766936302185,0.0489705428481102,-0.2395978569984436,0.05008237436413765,0.0,0.0,0.0,0.0,0.0,0.0,0.018236834555864334,-0.04160034656524658,0.02949410304427147,-0.0017381213838234544,-0.018436547368764877,-0.02799871936440468,-0.013335542753338814,0.030818132683634758,0.004498708061873913,-0.004383561667054892,-0.009042475372552872,-0.013586711138486862,0.0,-0.0,0.0,-0.0,0.0,0.0,0.0,0.0,0.0,0.0,0.0,0.0,0.0,-0.0,0.0,-0.0,0.0,0.0,0.0,0.0,0.0,0.0,0.0,0.0,0.134965717792511,-0.15710830688476562,0.13928383588790894,-0.15407103300094604,0.13638877868652344,0.1497691422700882,0.13452383875846863,0.1492631733417511,0.134965717792511,-0.15710830688476562,0.13928383588790894,-0.15407103300094604,0.13638877868652344,0.1497691422700882,0.13452383875846863,0.1492631733417511,-0.0016772589879110456,-0.013852698728442192,0.019468417391180992,-0.017904143780469894,-0.0474177822470665,0.012228554114699364,-0.049882590770721436,0.04951764643192291,0.30000001192092896,0.30000001192092896,0.30000001192092896,0.30000001192092896,0.0,0.0,1.0,0.0,-0.0,1.0,-0.0,-0.9999998807907104,0.30000001192092896,0.30000001192092896,0.30000001192092896,0.30000001192092896
4.083333333333333,0,0.06774967908859253,-0.023274850100278854,-0.0026493605691939592,0.28055113554000854,1.0,0.07097209244966507,0.0014183125458657742,0.005477124359458685,1,1,1,1,12.121580123901367,2.1550562381744385,2.4830477237701416,11.793092727661133,12.121580123901367,2.1550562381744385,2.4830477237701416,11.793092727661133,0,0,0,0,0,0.9999993443489075,0.07979203760623932,-0.31853392720222473,0.07870940119028091,-0.31760373711586,0.3205891251564026,0.04994769021868706,0.32233479619026184,0.049837637692689896,-0.23826035857200623,0.04901374503970146,-0.23936940729618073,0.05008603632450104,0.0,0.0,0.0,0.0,0.0,0.0,0.012905985116958618,-0.041466232389211655,0.02717244066298008,-0.0018174726283177733,-0.017921267077326775,-0.02647358924150467,-0.014350083656609058,0.03073381446301937,0.003916529472917318,-0.004677323624491692,-0.008392983116209507,-0.01136688981205225,0.0,-0.0,0.0,-0.0,0.0,0.0,0.0,0.0,0.0,0.0,0.0,0.0,0.0,-0.0,0.0,-0.0,0.0,0.0,0.0,0.0,0.0,0.0,0.0,0.0,0.134965717792511,-0.15710830688476562,0.13928383588790894,-0.15407103300094604,0.13638877868652344,0.1497691422700882,0.13452383875846863,0.1492631733417511,0.134965717792511,-0.15710830688476562,0.13928383588790894,-0.15407103300094604,0.13638877868652344,0.1497691422700882,0.13452383875846863,0.1492631733417511,-0.0016772589879110456,-0.013852698728442192,0.019468417391180992,-0.017904143780469894,-0.0474177822470665,0.012228554114699364,-0.049882590770721436,0.04951764643192291,0.30000001192092896,0.30000001192092896,0.30000001192092896,0.30000001192092896,0.0,0.0,1.0,0.0,-0.0,1.0,-0.0,-0.9999998807907104,0.30000001192092896,0.30000001192092896,0.30000001192092896,0.30000001192092896
4.1,0,0.06800367683172226,-0.023257721215486526,-0.0016752780647948384,0.2805449366569519,1.0,0.06309761106967926,0.001637069508433342,0.005464826710522175,1,1,1,1,12.06615924835205,2.2824513912200928,2.9408860206604004,11.574762344360352,12.06615924835205,2.2824513912200928,2.9408860206604004,11.574762344360352,0,0,0,0,0,0.9999992847442627,0.07979239523410797,-0.3185337781906128,0.07871753722429276,-0.31759536266326904,0.3208222985267639,0.04995545372366905,0.3225777745246887,0.04986216500401497,-0.23803016543388367,0.04905875399708748,-0.239131361246109,0.05008847266435623,0.0,0.0,0.0,0.0,0.0,0.0,0.007312273606657982,-0.037413090467453,0.022839056327939034,-0.0032323412597179413,-0.020371204242110252,-0.022682687267661095,-0.013300793245434761,0.027702106162905693,0.0038179107941687107,-0.005103186704218388,-0.004113032482564449,-0.00804272573441267,0.0,-0.0,0.0,-0.0,0.0,0.0,0.0,0.0,0.0,0.0,0.0,0.0,0.0,-0.0,0.0,-0.0,0.0,0.0,0.0,0.0,0.0,0.0,0.0,0.0,0.134965717792511,-0.15710830688476562,0.13928383588790894,-0.15407103300094604,0.13638877868652344,0.1497691422700882,0.13452383875846863,0.1492631733417511,0.134965717792511,-0.15710830688476562,0.13928383588790894,-0.15407103300094604,0.13638877868652344,0.1497691422700882,0.13452383875846863,0.1492631733417511,-0.0016772589879110456,-0.013852698728442192,0.019468417391180992,-0.017904143780469894,-0.0474177822470665,0.012228554114699364,-0.049882590770721436,0.04951764643192291,0.30000001192092896,0.30000001192092896,0.30000001192092896,0.30000001192092896,0.0,0.0,1.0,0.0,-0.0,1.0,-0.0,-0.9999998807907104,0.30000001192092896,0.30000001192092896,0.30000001192092896,0.30000001192092896
4.116666666666666,0,0.06823469698429108,-0.023216400295495987,-0.0028516279999166727,0.2805510461330414,1.0,0.07290492206811905,0.0015936880372464657,0.0054736025631427765,1,1,1,1,11.825302124023438,2.430835485458374,2.8055484294891357,11.465123176574707,11.825302124023438,2.430835485458374,2.8055484294891357,11.465123176574707,0,0,0,0,0,0.9999992847442627,0.07979066669940948,-0.3185356855392456,0.07871647924184799,-0.31759634613990784,0.32105231285095215,0.049961503595113754,0.32281744480133057,0.04988648369908333,-0.23780697584152222,0.04909968376159668,-0.2389022558927536,0.05008953809738159,0.0,0.0,0.0,0.0,0.0,0.0,0.019246496260166168,-0.04098857194185257,0.030716976150870323,-0.00264481408521533,-0.017992086708545685,-0.027458231896162033,-0.012463384307920933,0.02898568846285343,0.004962025210261345,-0.0043115029111504555,-0.005945057608187199,-0.012742791324853897,0.0,-0.0,0.0,-0.0,0.0,0.0,0.0,0.0,0.0,0.0,0.0,0.0,0.0,-0.0,0.0,-0.0,0.0,0.0,0.0,0.0,0.0,0.0,0.0,0.0,0.134965717792511,-0.15710830688476562,0.13928383588790894,-0.15407103300094604,0.13638877868652344,0.1497691422700882,0.13452383875846863,0.1492631733417511,0.134965717792511,-0.15710830688476562,0.13928383588790894,-0.15407103300094604,0.13638877868652344,0.1497691422700882,0.13452383875846863,0.1492631733417511,-0.0016772589879110456,-0.013852698728442192,0.019468417391180992,-0.017904143780469894,-0.0474177822470665,0.012228554114699364,-0.049882590770721436,0.04951764643192291,0.30000001192092896,0.30000001192092896,0.30000001192092896,0.30000001192092896,0.0,0.0,1.0,0.0,-0.0,1.0,-0.0,-0.9999998807907104,0.30000001192092896,0.30000001192092896,0.30000001192092896,0.30000001192092896
4.133333333333333,0,0.06848238408565521,-0.02320447377860546,-0.003743076464161277,0.28054678440093994,1.0,0.0652744248509407,0.0024650264531373978,0.005460632964968681,1,1,1,1,11.831287384033203,2.5486717224121094,3.001784563064575,11.459538459777832,11.831287384033203,2.5486717224121094,3.001784563064575,11.459538459777832,0,0,0,0,0,0.9999992847442627,0.07979129254817963,-0.3185351490974426,0.07871945202350616,-0.31759312748908997,0.32128700613975525,0.04996611922979355,0.3230575621128082,0.049907103180885315,-0.23758502304553986,0.04914003238081932,-0.23866522312164307,0.050088994204998016,0.0,0.0,0.0,0.0,0.0,0.0,0.008660906925797462,-0.0384642519056797,0.02356826514005661,-0.002730747452005744,-0.019592806696891785,-0.023522209376096725,-0.013884353451430798,0.029133152216672897,0.0038251811638474464,-0.005202071275562048,-0.005861302837729454,-0.009411890991032124,0.0,-0.0,0.0,-0.0,0.0,0.0,0.0,0.0,0.0,0.0,0.0,0.0,0.0,-0.0,0.0,-0.0,0.0,0.0,0.0,0.0,0.0,0.0,0.0,0.0,0.134965717792511,-0.15710830688476562,0.13928383588790894,-0.15407103300094604,0.13638877868652344,0.1497691422700882,0.13452383875846863,0.1492631733417511,0.134965717792511,-0.15710830688476562,0.13928383588790894,-0.15407103300094604,0.13638877868652344,0.1497691422700882,0.13452383875846863,0.1492631733417511,-0.0016772589879110456,-0.013852698728442192,0.019468417391180992,-0.017904143780469894,-0.0474177822470665,0.012228554114699364,-0.049882590770721436,0.04951764643192291,0.30000001192092896,0.30000001192092896,0.30000001192092896,0.30000001192092896,0.0,0.0,1.0,0.0,-0.0,1.0,-0.0,-0.9999998807907104,0.30000001192092896,0.30000001192092896,0.30000001192092896,0.30000001192092896
4.15,0,0.0687142014503479,-0.02317492663860321,-0.002770460909232497,0.2805512845516205,1.0,0.07537496834993362,0.0016565993428230286,0.005465357564389706,1,1,1,1,11.735612869262695,2.6504886150360107,2.9594948291778564,11.350850105285645,11.735612869262695,2.6504886150360107,2.9594948291778564,11.350850105285645,0,0,0,0,0,0.9999992847442627,0.07979083061218262,-0.31853577494621277,0.07871808856725693,-0.317594438791275,0.3215170204639435,0.04996960610151291,0.3232952952384949,0.04992866516113281,-0.2373691350221634,0.04917939752340317,-0.23843266069889069,0.050087690353393555,0.0,0.0,0.0,0.0,0.0,0.0,0.02107841894030571,-0.04192192852497101,0.03104139119386673,-0.001868808758445084,-0.01801171898841858,-0.02866113744676113,-0.01320486981421709,0.029738187789916992,0.004596984013915062,-0.0037543487269431353,-0.0083055030554533,-0.014274376444518566,0.0,-0.0,0.0,-0.0,0.0,0.0,0.0,0.0,0.0,0.0,0.0,0.0,0.0,-0.0,0.0,-0.0,0.0,0.0,0.0,0.0,0.0,0.0,0.0,0.0,0.134965717792511,-0.15710830688476562,0.13928383588790894,-0.15407103300094604,0.13638877868652344,0.1497691422700882,0.13452383875846863,0.1492631733417511,0.134965717792511,-0.15710830688476562,0.13928383588790894,-0.15407103300094604,0.13638877868652344,0.1497691422700882,0.13452383875846863,0.1492631733417511,-0.0016772589879110456,-0.013852698728442192,0.019468417391180992,-0.017904143780469894,-0.0474177822470665,0.012228554114699364,-0.049882590770721436,0.04951764643192291,0.30000001192092896,0.30000001192092896,0.30000001192092896,0.30000001192092896,0.0,0.0,1.0,0.0,-0.0,1.0,-0.0,-0.9999998807907104,0.30000001192092896,0.30000001192092896,0.30000001192092896,0.30000001192092896
4.166666666666667,0,0.06896177679300308,-0.02315441705286503,-0.006277024280279875,0.2805454134941101,1.0,0.07001824676990509,0.002265817951411009,0.00546624232083559,1,1,1,1,11.622435569763184,3.0142765045166016,3.3732495307922363,11.066911697387695,11.622435569763184,3.0142765045166016,3.3732495307922363,11.066911697387695,0,0,0,0,0,0.9999992847442627,0.07979212701320648,-0.3185347020626068,0.07872280478477478,-0.3175896108150482,0.32174453139305115,0.04997004196047783,0.3235339820384979,0.04994692653417587,-0.2371421903371811,0.04921891912817955,-0.23819388449192047,0.050084881484508514,0.0,0.0,0.0,0.0,0.0,0.0,0.018200650811195374,-0.03929116576910019,0.02831781655550003,-0.002463321899995208,-0.019555972889065742,-0.026337334886193275,-0.01219118107110262,0.02802642621099949,0.0039528473280370235,-0.003826593281701207,-0.005809170193970203,-0.012054769322276115,0.0,-0.0,0.0,-0.0,0.0,0.0,0.0,0.0,0.0,0.0,0.0,0.0,0.0,-0.0,0.0,-0.0,0.0,0.0,0.0,0.0,0.0,0.0,0.0,0.0,0.134965717792511,-0.15710830688476562,0.13928383588790894,-0.15407103300094604,0.13638877868652344,0.1497691422700882,0.13452383875846863,0.1492631733417511,0.134965717792511,-0.15710830688476562,0.13928383588790894,-0.15407103300094604,0.13638877868652344,0.1497691422700882,0.13452383875846863,0.1492631733417511,-0.0016772589879110456,-0.013852698728442192,0.019468417391180992,-0.017904143780469894,-0.0474177822470665,0.012228554114699364,-0.049882590770721436,0.04951764643192291,0.30000001192092896,0.30000001192092896,0.30000001192092896,0.30000001192092896,0.0,0.0,1.0,0.0,-0.0,1.0,-0.0,-0.9999998807907104,0.30000001192092896,0.30000001192092896,0.30000001192092896,0.30000001192092896
4.183333333333334,0,0.0691964328289032,-0.02312852069735527,0.0037695057690143585,0.28054317831993103,1.0,0.07633852958679199,0.0015412848442792892,0.005471754353493452,1,1,1,1,11.401338577270508,3.0209567546844482,3.4270472526550293,11.370049476623535,11.401338577270508,3.0209567546844482,3.4270472526550293,11.370049476623535,0,0,0,0,0,0.9999992251396179,0.0797915905714035,-0.31853532791137695,0.07872138917446136,-0.3175908923149109,0.32197752594947815,0.04997227340936661,0.32376688718795776,0.04996616020798683,-0.2369246482849121,0.0492553785443306,-0.23796027898788452,0.05008099600672722,0.0,0.0,0.0,0.0,0.0,0.0,0.02050170674920082,-0.043016474694013596,0.03154347091913223,-0.0019671123009175062,-0.01712201163172722,-0.030576065182685852,-0.014039293862879276,0.028450140729546547,0.003981690388172865,-0.0026224127504974604,-0.010729721747338772,-0.013621467165648937,0.0,-0.0,0.0,-0.0,0.0,0.0,0.0,0.0,0.0,0.0,0.0,0.0,0.0,-0.0,0.0,-0.0,0.0,0.0,0.0,0.0,0.0,0.0,0.0,0.0,0.134965717792511,-0.15710830688476562,0.13928383588790894,-0.15407103300094604,0.13638877868652344,0.1497691422700882,0.13452383875846863,0.1492631733417511,0.134965717792511,-0.15710830688476562,0.13928383588790894,-0.15407103300094604,0.13638877868652344,0.1497691422700882,0.13452383875846863,0.1492631733417511,-0.0016772589879110456,-0.013852698728442192,0.019468417391180992,-0.017904143780469894,-0.0474177822470665,0.012228554114699364,-0.049882590770721436,0.04951764643192291,0.30000001192092896,0.30000001192092896,0.30000001192092896,0.30000001192092896,0.0,0.0,1.0,0.0,-0.0,1.0,-0.0,-0.9999998807907104,0.30000001192092896,0.30000001192092896,0.30000001192092896,0.30000001192092896
4.2,0,0.06943221390247345,-0.023093344643712044,-0.00649979617446661,0.2805473804473877,1.0,0.07745827734470367,0.0020112991333007812,0.0054715401493012905,1,1,1,1,11.45602798461914,2.846935272216797,3.1558473110198975,10.388090133666992,11.45602798461914,2.846935272216797,3.1558473110198975,10.388090133666992,0,0,0,0,0,0.9999992847442627,0.07979083806276321,-0.31853631138801575,0.0787244588136673,-0.3175880014896393,0.3222104609012604,0.049972694367170334,0.32401150465011597,0.049986157566308975,-0.2367064505815506,0.04929210990667343,-0.23766788840293884,0.050066057592630386,0.0,0.0,0.0,0.0,0.0,0.0,0.023659583181142807,-0.042301155626773834,0.030783651396632195,-0.0003156573511660099,-0.017976470291614532,-0.02920619212090969,-0.013426857069134712,0.031010013073682785,0.003477157559245825,-0.0032129352912306786,-0.010413100011646748,-0.01593692973256111,0.0,-0.0,0.0,-0.0,0.0,0.0,0.0,0.0,0.0,0.0,0.0,0.0,0.0,-0.0,0.0,-0.0,0.0,0.0,0.0,0.0,0.0,0.0,0.0,0.0,0.134965717792511,-0.15710830688476562,0.13928383588790894,-0.15407103300094604,0.13638877868652344,0.1497691422700882,0.13452383875846863,0.1492631733417511,0.134965717792511,-0.15710830688476562,0.13928383588790894,-0.15407103300094604,0.13638877868652344,0.1497691422700882,0.13452383875846863,0.1492631733417511,-0.0016772589879110456,-0.013852698728442192,0.019468417391180992,-0.017904143780469894,-0.0474177822470665,0.012228554114699364,-0.049882590770721436,0.04951764643192291,0.30000001192092896,0.30000001192092896,0.30000001192092896,0.30000001192092896,0.0,0.0,1.0,0.0,-0.0,1.0,-0.0,-0.9999998807907104,0.30000001192092896,0.30000001192092896,0.30000001192092896,0.30000001192092896
4.216666666666667,0,0.06967270374298096,-0.023077936843037605,-0.007194515783339739,0.2805531919002533,1.0,0.07049144804477692,0.0015083919279277325,0.0054668160155415535,1,1,1,1,11.470588684082031,3.0719919204711914,3.332935094833374,11.135414123535156,11.470588684082031,3.0719919204711914,3.332935094833374,11.135414123535156,0,0,0,0,0,0.9999992847442627,0.07979097217321396,-0.3185362219810486,0.07872381061315536,-0.3175886273384094,0.32244423031806946,0.04997071251273155,0.32425734400749207,0.0499996617436409,-0.2364869862794876,0.04932746663689613,-0.23743034899234772,0.050068601965904236,0.0,0.0,0.0,0.0,0.0,0.0,0.014477326534688473,-0.04056708142161369,0.027750689536333084,-0.0036887964233756065,-0.01902928203344345,-0.02606853097677231,-0.01325639896094799,0.03000243753194809,0.004230543505400419,-0.0049720886163413525,-0.006117791868746281,-0.011508655734360218,0.0,-0.0,0.0,-0.0,0.0,0.0,0.0,0.0,0.0,0.0,0.0,0.0,0.0,-0.0,0.0,-0.0,0.0,0.0,0.0,0.0,0.0,0.0,0.0,0.0,0.134965717792511,-0.15710830688476562,0.13928383588790894,-0.15407103300094604,0.13638877868652344,0.1497691422700882,0.13452383875846863,0.1492631733417511,0.134965717792511,-0.15710830688476562,0.13928383588790894,-0.15407103300094604,0.13638877868652344,0.1497691422700882,0.13452383875846863,0.1492631733417511,-0.0016772589879110456,-0.013852698728442192,0.019468417391180992,-0.017904143780469894,-0.0474177822470665,0.012228554114699364,-0.049882590770721436,0.04951764643192291,0.30000001192092896,0.30000001192092896,0.30000001192092896,0.30000001192092896,0.0,0.0,1.0,0.0,-0.0,1.0,-0.0,-0.9999998807907104,0.30000001192092896,0.30000001192092896,0.30000001192092896,0.30000001192092896
4.233333333333333,0,0.06991458684206009,-0.023061703890562057,-0.003645273856818676,0.2805477976799011,1.0,0.07752206176519394,0.0013936180621385574,0.00546835083514452,1,1,1,1,11.226153373718262,3.0794267654418945,3.516984701156616,10.917731285095215,11.226153373718262,3.0794267654418945,3.516984701156616,10.917731285095215,0,0,0,0,0,0.9999992251396179,0.07978934794664383,-0.31853798031806946,0.07872188091278076,-0.3175904154777527,0.3226863443851471,0.04996794834733009,0.3244926631450653,0.0500151664018631,-0.23626941442489624,0.0493619404733181,-0.23719267547130585,0.050061047077178955,0.0,0.0,0.0,0.0,0.0,0.0,0.02031712606549263,-0.04270298033952713,0.030543185770511627,-0.001615258865058422,-0.017710819840431213,-0.029804307967424393,-0.015601325780153275,0.031037651002407074,0.003390186233446002,-0.003886709688231349,-0.012397845275700092,-0.01577438972890377,0.0,-0.0,0.0,-0.0,0.0,0.0,0.0,0.0,0.0,0.0,0.0,0.0,0.0,-0.0,0.0,-0.0,0.0,0.0,0.0,0.0,0.0,0.0,0.0,0.0,0.134965717792511,-0.15710830688476562,0.13928383588790894,-0.15407103300094604,0.13638877868652344,0.1497691422700882,0.13452383875846863,0.1492631733417511,0.134965717792511,-0.15710830688476562,0.13928383588790894,-0.15407103300094604,0.13638877868652344,0.1497691422700882,0.13452383875846863,0.1492631733417511,-0.0016772589879110456,-0.013852698728442192,0.019468417391180992,-0.017904143780469894,-0.0474177822470665,0.012228554114699364,-0.049882590770721436,0.04951764643192291,0.30000001192092896,0.30000001192092896,0.30000001192092896,0.30000001192092896,0.0,0.0,1.0,0.0,-0.0,1.0,-0.0,-0.9999998807907104,0.30000001192092896,0.30000001192092896,0.30000001192092896,0.30000001192092896
4.25,0,0.07016566395759583,-0.023050768300890923,-0.005437557119876146,0.28055423498153687,1.0,0.07586563378572464,0.001980310305953026,0.005468746181577444,1,1,1,1,11.270896911621094,3.2681884765625,3.3753278255462646,10.976228713989258,11.270896911621094,3.2681884765625,3.3753278255462646,10.976228713989258,0,0,0,0,0,0.9999992251396179,0.07978754490613937,-0.3185400068759918,0.07872121781110764,-0.31759113073349,0.3229323625564575,0.049965258687734604,0.32474926114082336,0.050030115991830826,-0.23604735732078552,0.049395836889743805,-0.23693563044071198,0.05005059018731117,0.0,0.0,0.0,0.0,0.0,0.0,0.017941914498806,-0.04278576746582985,0.02978624403476715,-0.0013260293053463101,-0.01752062328159809,-0.02939625456929207,-0.014315713196992874,0.031217427924275398,0.004160427488386631,-0.004258096218109131,-0.011608685366809368,-0.013903230428695679,0.0,-0.0,0.0,-0.0,0.0,0.0,0.0,0.0,0.0,0.0,0.0,0.0,0.0,-0.0,0.0,-0.0,0.0,0.0,0.0,0.0,0.0,0.0,0.0,0.0,0.134965717792511,-0.15710830688476562,0.13928383588790894,-0.15407103300094604,0.13638877868652344,0.1497691422700882,0.13452383875846863,0.1492631733417511,0.134965717792511,-0.15710830688476562,0.13928383588790894,-0.15407103300094604,0.13638877868652344,0.1497691422700882,0.13452383875846863,0.1492631733417511,-0.0016772589879110456,-0.013852698728442192,0.019468417391180992,-0.017904143780469894,-0.0474177822470665,0.012228554114699364,-0.049882590770721436,0.04951764643192291,0.30000001192092896,0.30000001192092896,0.30000001192092896,0.30000001192092896,0.0,0.0,1.0,0.0,-0.0,1.0,-0.0,-0.9999998807907104,0.30000001192092896,0.30000001192092896,0.30000001192092896,0.30000001192092896
4.266666666666667,0,0.07041681557893753,-0.02303718402981758,-0.007632122840732336,0.28055039048194885,1.0,0.07598856091499329,0.0014433637261390686,0.005459644366055727,1,1,1,1,11.207332611083984,3.251889944076538,3.5236332416534424,10.828123092651367,11.207332611083984,3.251889944076538,3.5236332416534424,10.828123092651367,0,0,0,0,0,0.9999991655349731,0.07978634536266327,-0.3185412585735321,0.07872048020362854,-0.3175917863845825,0.3231787383556366,0.049960531294345856,0.324995219707489,0.05004289746284485,-0.23582583665847778,0.04942939057946205,-0.23667842149734497,0.050039343535900116,0.0,0.0,0.0,0.0,0.0,0.0,0.016536040231585503,-0.04343457892537117,0.028675206005573273,-0.0017332114512100816,-0.018151458352804184,-0.028566084802150726,-0.015990125015378,0.03209536150097847,0.003355763852596283,-0.004127697087824345,-0.011351612396538258,-0.014161041006445885,0.0,-0.0,0.0,-0.0,0.0,0.0,0.0,0.0,0.0,0.0,0.0,0.0,0.0,-0.0,0.0,-0.0,0.0,0.0,0.0,0.0,0.0,0.0,0.0,0.0,0.134965717792511,-0.15710830688476562,0.13928383588790894,-0.15407103300094604,0.13638877868652344,0.1497691422700882,0.13452383875846863,0.1492631733417511,0.134965717792511,-0.15710830688476562,0.13928383588790894,-0.15407103300094604,0.13638877868652344,0.1497691422700882,0.13452383875846863,0.1492631733417511,-0.0016772589879110456,-0.013852698728442192,0.019468417391180992,-0.017904143780469894,-0.0474177822470665,0.012228554114699364,-0.049882590770721436,0.04951764643192291,0.30000001192092896,0.30000001192092896,0.30000001192092896,0.30000001192092896,0.0,0.0,1.0,0.0,-0.0,1.0,-0.0,-0.9999998807907104,0.30000001192092896,0.30000001192092896,0.30000001192092896,0.30000001192092896
4.283333333333333,0,0.07065469026565552,-0.0230107381939888,-0.005784263368695974,0.2805475890636444,1.0,0.07832182943820953,0.0013591181486845016,0.005456871818751097,1,1,1,1,10.834846496582031,3.764155149459839,3.887016773223877,10.219100952148438,10.834846496582031,3.764155149459839,3.887016773223877,10.219100952148438,0,0,0,0,0,0.9999991655349731,0.07978620380163193,-0.31854143738746643,0.0787186548113823,-0.31759342551231384,0.32342100143432617,0.04995187744498253,0.3252319395542145,0.05005384609103203,-0.2356107234954834,0.04946061223745346,-0.2364276647567749,0.05002798140048981,0.0,0.0,0.0,0.0,0.0,0.0,0.022108465433120728,-0.043489228934049606,0.03166506811976433,-0.0018168491078540683,-0.01799415983259678,-0.03017888404428959,-0.014830072410404682,0.0303480327129364,0.003956492058932781,-0.0032278464641422033,-0.010371644049882889,-0.015462876297533512,0.0,-0.0,0.0,-0.0,0.0,0.0,0.0,0.0,0.0,0.0,0.0,0.0,0.0,-0.0,0.0,-0.0,0.0,0.0,0.0,0.0,0.0,0.0,0.0,0.0,0.134965717792511,-0.15710830688476562,0.13928383588790894,-0.15407103300094604,0.13638877868652344,0.1497691422700882,0.13452383875846863,0.1492631733417511,0.134965717792511,-0.15710830688476562,0.13928383588790894,-0.15407103300094604,0.13638877868652344,0.1497691422700882,0.13452383875846863,0.1492631733417511,-0.0016772589879110456,-0.013852698728442192,0.019468417391180992,-0.017904143780469894,-0.0474177822470665,0.012228554114699364,-0.049882590770721436,0.04951764643192291,0.30000001192092896,0.30000001192092896,0.30000001192092896,0.30000001192092896,0.0,0.0,1.0,0.0,-0.0,1.0,-0.0,-0.9999998807907104,0.30000001192092896,0.30000001192092896,0.30000001192092896,0.30000001192092896
4.3,0,0.07090828567743301,-0.02298911102116108,-0.006049701943993568,0.28053632378578186,1.0,0.07303847372531891,0.001470150426030159,0.005451615434139967,1,1,1,1,10.863072395324707,3.772188663482666,4.0310163497924805,10.312796592712402,10.863072395324707,3.772188663482666,4.0310163497924805,10.312796592712402,0,0,0,0,0,0.9999991655349731,0.07978527247905731,-0.3185424208641052,0.0787227600812912,-0.31758958101272583,0.3236682415008545,0.049944356083869934,0.32547232508659363,0.05006391927599907,-0.23538288474082947,0.049493346363306046,-0.2361682504415512,0.0500146709382534,0.0,0.0,0.0,0.0,0.0,0.0,0.01488263439387083,-0.04253466799855232,0.028998248279094696,-0.0016747073968872428,-0.01690656691789627,-0.029006129130721092,-0.014367463998496532,0.029334519058465958,0.0036586683709174395,-0.003668687306344509,-0.0103917820379138,-0.011457075364887714,0.0,-0.0,0.0,-0.0,0.0,0.0,0.0,0.0,0.0,0.0,0.0,0.0,0.0,-0.0,0.0,-0.0,0.0,0.0,0.0,0.0,0.0,0.0,0.0,0.0,0.134965717792511,-0.15710830688476562,0.13928383588790894,-0.15407103300094604,0.13638877868652344,0.1497691422700882,0.13452383875846863,0.1492631733417511,0.134965717792511,-0.15710830688476562,0.13928383588790894,-0.15407103300094604,0.13638877868652344,0.1497691422700882,0.13452383875846863,0.1492631733417511,-0.0016772589879110456,-0.013852698728442192,0.019468417391180992,-0.017904143780469894,-0.0474177822470665,0.012228554114699364,-0.049882590770721436,0.04951764643192291,0.30000001192092896,0.30000001192092896,0.30000001192092896,0.30000001192092896,0.0,0.0,1.0,0.0,-0.0,1.0,-0.0,-0.9999998807907104,0.30000001192092896,0.30000001192092896,0.30000001192092896,0.30000001192092896
4.316666666666666,0,0.07115042954683304,-0.022966891527175903,-0.0003484741027932614,0.280539870262146,1.0,0.07546230405569077,0.0013728616759181023,0.005441940389573574,1,1,1,1,10.891266822814941,3.706857442855835,4.013638496398926,10.327603340148926,10.891266822814941,3.706857442855835,4.013638496398926,10.327603340148926,0,0,0,0,0,0.9999991655349731,0.07978343218564987,-0.31854432821273804,0.07872112840414047,-0.31759113073349,0.32391124963760376,0.04993688687682152,0.32571941614151,0.05007599666714668,-0.23516374826431274,0.049522724002599716,-0.2359103262424469,0.04999902471899986,0.0,0.0,0.0,0.0,0.0,0.0,0.017558811232447624,-0.042992230504751205,0.029381541535258293,-0.0014205705374479294,-0.017638206481933594,-0.029076339676976204,-0.015055579133331776,0.0308977160602808,0.003912392538040876,-0.0039066229946911335,-0.010755638591945171,-0.013729231432080269,0.0,-0.0,0.0,-0.0,0.0,0.0,0.0,0.0,0.0,0.0,0.0,0.0,0.0,-0.0,0.0,-0.0,0.0,0.0,0.0,0.0,0.0,0.0,0.0,0.0,0.134965717792511,-0.15710830688476562,0.13928383588790894,-0.15407103300094604,0.13638877868652344,0.1497691422700882,0.13452383875846863,0.1492631733417511,0.134965717792511,-0.15710830688476562,0.13928383588790894,-0.15407103300094604,0.13638877868652344,0.1497691422700882,0.13452383875846863,0.1492631733417511,-0.0016772589879110456,-0.013852698728442192,0.019468417391180992,-0.017904143780469894,-0.0474177822470665,0.012228554114699364,-0.049882590770721436,0.04951764643192291,0.30000001192092896,0.30000001192092896,0.30000001192092896,0.30000001192092896,0.0,0.0,1.0,0.0,-0.0,1.0,-0.0,-0.9999998807907104,0.30000001192092896,0.30000001192092896,0.30000001192092896,0.30000001192092896
4.333333333333333,0,0.07140056043863297,-0.0229434035718441,-0.004034967627376318,0.28052985668182373,1.0,0.06992396712303162,0.0016605430282652378,0.0054346248507499695,1,1,1,1,10.709878921508789,3.654822826385498,4.067991733551025,10.258172035217285,10.709878921508789,3.654822826385498,4.067991733551025,10.258172035217285,0,0,0,0,0,0.9999991655349731,0.07978218793869019,-0.31854572892189026,0.0787215381860733,-0.3175906836986542,0.3241603970527649,0.04992423951625824,0.3259589374065399,0.050080735236406326,-0.23494191467761993,0.04955233633518219,-0.23564980924129486,0.04998257756233215,0.0,0.0,0.0,0.0,0.0,0.0,0.014218976721167564,-0.04028024896979332,0.028529014438390732,-0.0020203725434839725,-0.01690440997481346,-0.027377767488360405,-0.012945611961185932,0.02854563668370247,0.00437160674482584,-0.004806890152394772,-0.0083154970780015,-0.010843846015632153,0.0,-0.0,0.0,-0.0,0.0,0.0,0.0,0.0,0.0,0.0,0.0,0.0,0.0,-0.0,0.0,-0.0,0.0,0.0,0.0,0.0,0.0,0.0,0.0,0.0,0.134965717792511,-0.15710830688476562,0.13928383588790894,-0.15407103300094604,0.13638877868652344,0.1497691422700882,0.13452383875846863,0.1492631733417511,0.134965717792511,-0.15710830688476562,0.13928383588790894,-0.15407103300094604,0.13638877868652344,0.1497691422700882,0.13452383875846863,0.1492631733417511,-0.0016772589879110456,-0.013852698728442192,0.019468417391180992,-0.017904143780469894,-0.0474177822470665,0.012228554114699364,-0.049882590770721436,0.04951764643192291,0.30000001192092896,0.30000001192092896,0.30000001192092896,0.30000001192092896,0.0,0.0,1.0,0.0,-0.0,1.0,-0.0,-0.9999998807907104,0.30000001192092896,0.30000001192092896,0.30000001192092896,0.30000001192092896
4.35,0,0.07165578007698059,-0.022931238636374474,-0.00601237453520298,0.2805296778678894,1.0,0.07572727650403976,0.0015447256155312061,0.005428217351436615,1,1,1,1,10.659246444702148,3.8348522186279297,3.943467140197754,10.338994026184082,10.659246444702148,3.8348522186279297,3.943467140197754,10.338994026184082,0,0,0,0,0,0.9999991655349731,0.07978088408708572,-0.3185470700263977,0.0787201076745987,-0.3175921142101288,0.3244120180606842,0.04991256073117256,0.32621297240257263,0.05008742958307266,-0.23471777141094208,0.04958046227693558,-0.235386922955513,0.049964308738708496,0.0,0.0,0.0,0.0,0.0,0.0,0.016242219135165215,-0.043060000985860825,0.028345678001642227,-0.000955513387452811,-0.017663756385445595,-0.029016688466072083,-0.01508388388901949,0.032387565821409225,0.003669812111184001,-0.004342491272836924,-0.012680173851549625,-0.013736464083194733,0.0,-0.0,0.0,-0.0,0.0,0.0,0.0,0.0,0.0,0.0,0.0,0.0,0.0,-0.0,0.0,-0.0,0.0,0.0,0.0,0.0,0.0,0.0,0.0,0.0,0.134965717792511,-0.15710830688476562,0.13928383588790894,-0.15407103300094604,0.13638877868652344,0.1497691422700882,0.13452383875846863,0.1492631733417511,0.134965717792511,-0.15710830688476562,0.13928383588790894,-0.15407103300094604,0.13638877868652344,0.1497691422700882,0.13452383875846863,0.1492631733417511,-0.0016772589879110456,-0.013852698728442192,0.019468417391180992,-0.017904143780469894,-0.0474177822470665,0.012228554114699364,-0.049882590770721436,0.04951764643192291,0.30000001192092896,0.30000001192092896,0.30000001192092896,0.30000001192092896,0.0,0.0,1.0,0.0,-0.0,1.0,-0.0,-0.9999998807907104,0.30000001192092896,0.30000001192092896,0.30000001192092896,0.30000001192092896
4.366666666666666,0,0.07191076874732971,-0.02291937544941902,-0.009433029219508171,0.28051894903182983,1.0,0.07633665204048157,0.0019933097064495087,0.005418842658400536,1,1,1,1,10.438448905944824,3.8877222537994385,4.179762363433838,9.848292350769043,10.438448905944824,3.8877222537994385,4.179762363433838,9.848292350769043,0,0,0,0,0,0.9999990463256836,0.07977967709302902,-0.318548321723938,0.07871900498867035,-0.31759321689605713,0.32466381788253784,0.04989912360906601,0.32645535469055176,0.05009303614497185,-0.2344936579465866,0.04960758611559868,-0.23512564599514008,0.0499451607465744,0.0,0.0,0.0,0.0,0.0,0.0,0.018927335739135742,-0.042890310287475586,0.02988731861114502,-0.0015770179452374578,-0.017999116331338882,-0.029060833156108856,-0.014949082396924496,0.03129417821764946,0.004056342411786318,-0.004276213701814413,-0.010622676461935043,-0.014657462947070599,0.0,-0.0,0.0,-0.0,0.0,0.0,0.0,0.0,0.0,0.0,0.0,0.0,0.0,-0.0,0.0,-0.0,0.0,0.0,0.0,0.0,0.0,0.0,0.0,0.0,0.134965717792511,-0.15710830688476562,0.13928383588790894,-0.15407103300094604,0.13638877868652344,0.1497691422700882,0.13452383875846863,0.1492631733417511,0.134965717792511,-0.15710830688476562,0.13928383588790894,-0.15407103300094604,0.13638877868652344,0.1497691422700882,0.13452383875846863,0.1492631733417511,-0.0016772589879110456,-0.013852698728442192,0.019468417391180992,-0.017904143780469894,-0.0474177822470665,0.012228554114699364,-0.049882590770721436,0.04951764643192291,0.30000001192092896,0.30000001192092896,0.30000001192092896,0.30000001192092896,0.0,0.0,1.0,0.0,-0.0,1.0,-0.0,-0.9999998807907104,0.30000001192092896,0.30000001192092896,0.30000001192092896,0.30000001192092896
4.383333333333333,0,0.07215246558189392,-0.022896716371178627,-0.002134689362719655,0.2805139124393463,1.0,0.07739514112472534,0.0013134554028511047,0.0054251509718596935,1,1,1,1,10.206228256225586,4.172819137573242,4.562987804412842,9.484589576721191,10.206228256225586,4.172819137573242,4.562987804412842,9.484589576721191,0,0,0,0,0,0.9999990463256836,0.07977823913097382,-0.3185498118400574,0.07871654629707336,-0.3175954222679138,0.3249109387397766,0.0498846098780632,0.3266909718513489,0.05009733512997627,-0.23427560925483704,0.04963286966085434,-0.23490199446678162,0.04992392286658287,0.0,0.0,0.0,0.0,0.0,0.0,0.01958981528878212,-0.043537016957998276,0.031115341931581497,-0.0022682056296616793,-0.017628442496061325,-0.02997358702123165,-0.014605541713535786,0.03110690228641033,0.004153379704803228,-0.004077374003827572,-0.01053315494209528,-0.014230371452867985,0.0,-0.0,0.0,-0.0,0.0,0.0,0.0,0.0,0.0,0.0,0.0,0.0,0.0,-0.0,0.0,-0.0,0.0,0.0,0.0,0.0,0.0,0.0,0.0,0.0,0.134965717792511,-0.15710830688476562,0.13928383588790894,-0.15407103300094604,0.13638877868652344,0.1497691422700882,0.13452383875846863,0.1492631733417511,0.134965717792511,-0.15710830688476562,0.13928383588790894,-0.15407103300094604,0.13638877868652344,0.1497691422700882,0.13452383875846863,0.1492631733417511,-0.0016772589879110456,-0.013852698728442192,0.019468417391180992,-0.017904143780469894,-0.0474177822470665,0.012228554114699364,-0.049882590770721436,0.04951764643192291,0.30000001192092896,0.30000001192092896,0.30000001192092896,0.30000001192092896,0.0,0.0,1.0,0.0,-0.0,1.0,-0.0,-0.9999998807907104,0.30000001192092896,0.30000001192092896,0.30000001192092896,0.30000001192092896
4.4,0,0.0724061131477356,-0.022880882024765015,-0.004300749860703945,0.2805047333240509,1.0,0.0760381668806076,0.0015089199878275394,0.005414850544184446,1,1,1,1,10.182875633239746,4.332231521606445,4.529139995574951,9.757681846618652,10.182875633239746,4.332231521606445,4.529139995574951,9.757681846618652,0,0,0,0,0,0.9999990463256836,0.07977744936943054,-0.31855055689811707,0.07871417701244354,-0.3175978362560272,0.32516247034072876,0.049868181347846985,0.3269347846508026,0.05010019615292549,-0.2340528666973114,0.049658067524433136,-0.23463571071624756,0.04990098252892494,0.0,0.0,0.0,0.0,0.0,0.0,0.020147409290075302,-0.04276224598288536,0.03094964101910591,-0.001174360397271812,-0.01672249846160412,-0.030555360019207,-0.013837506994605064,0.029015863314270973,0.0035149368923157454,-0.0029150766786187887,-0.011573614552617073,-0.013658175244927406,0.0,-0.0,0.0,-0.0,0.0,0.0,0.0,0.0,0.0,0.0,0.0,0.0,0.0,-0.0,0.0,-0.0,0.0,0.0,0.0,0.0,0.0,0.0,0.0,0.0,0.134965717792511,-0.15710830688476562,0.13928383588790894,-0.15407103300094604,0.13638877868652344,0.1497691422700882,0.13452383875846863,0.1492631733417511,0.134965717792511,-0.15710830688476562,0.13928383588790894,-0.15407103300094604,0.13638877868652344,0.1497691422700882,0.13452383875846863,0.1492631733417511,-0.0016772589879110456,-0.013852698728442192,0.019468417391180992,-0.017904143780469894,-0.0474177822470665,0.012228554114699364,-0.049882590770721436,0.04951764643192291,0.30000001192092896,0.30000001192092896,0.30000001192092896,0.30000001192092896,0.0,0.0,1.0,0.0,-0.0,1.0,-0.0,-0.9999998807907104,0.30000001192092896,0.30000001192092896,0.30000001192092896,0.30000001192092896
4.416666666666667,0,0.07266039401292801,-0.022857913747429848,-0.0034196164924651384,0.2804926931858063,1.0,0.07457298040390015,0.0014386260882019997,0.005413849838078022,1,1,1,1,10.070536613464355,4.3299336433410645,4.427224159240723,9.786948204040527,10.070536613464355,4.3299336433410645,4.427224159240723,9.786948204040527,0,0,0,0,0,0.9999990463256836,0.07977496087551117,-0.3185531497001648,0.0787150040268898,-0.31759703159332275,0.3254150450229645,0.049850817769765854,0.3271760940551758,0.0501013807952404,-0.23382417857646942,0.04968281090259552,-0.23437082767486572,0.049876775592565536,0.0,0.0,0.0,0.0,0.0,0.0,0.015879647806286812,-0.042915377765893936,0.0283648781478405,-0.0012802702840417624,-0.01728118397295475,-0.02830606698989868,-0.01579640619456768,0.03123503178358078,0.003570432076230645,-0.004158395808190107,-0.011118746362626553,-0.013503259979188442,0.0,-0.0,0.0,-0.0,0.0,0.0,0.0,0.0,0.0,0.0,0.0,0.0,0.0,-0.0,0.0,-0.0,0.0,0.0,0.0,0.0,0.0,0.0,0.0,0.0,0.134965717792511,-0.15710830688476562,0.13928383588790894,-0.15407103300094604,0.13638877868652344,0.1497691422700882,0.13452383875846863,0.1492631733417511,0.134965717792511,-0.15710830688476562,0.13928383588790894,-0.15407103300094604,0.13638877868652344,0.1497691422700882,0.13452383875846863,0.1492631733417511,-0.0016772589879110456,-0.013852698728442192,0.019468417391180992,-0.017904143780469894,-0.0474177822470665,0.012228554114699364,-0.049882590770721436,0.04951764643192291,0.30000001192092896,0.30000001192092896,0.30000001192092896,0.30000001192092896,0.0,0.0,1.0,0.0,-0.0,1.0,-0.0,-0.9999998807907104,0.30000001192092896,0.30000001192092896,0.30000001192092896,0.30000001192092896
4.433333333333334,0,0.07290912419557571,-0.022837070748209953,-0.0023395272437483072,0.2804822027683258,1.0,0.07601132988929749,0.001527545042335987,0.005407050251960754,1,1,1,1,10.201336860656738,4.317211627960205,4.6691670417785645,9.703721046447754,10.201336860656738,4.317211627960205,4.6691670417785645,9.703721046447754,0,0,0,0,0,0.9999990463256836,0.07977414131164551,-0.31855395436286926,0.07871370017528534,-0.31759825348854065,0.32566529512405396,0.0498325452208519,0.32741448283195496,0.05010157451033592,-0.2336016297340393,0.04970579221844673,-0.23410752415657043,0.049851641058921814,0.0,0.0,0.0,0.0,0.0,0.0,0.017839208245277405,-0.04334443062543869,0.030282029882073402,-0.0018840503180399537,-0.01788065768778324,-0.029176972806453705,-0.014601134695112705,0.031058549880981445,0.003966413903981447,-0.00411919504404068,-0.009942175820469856,-0.013409199193120003,0.0,-0.0,0.0,-0.0,0.0,0.0,0.0,0.0,0.0,0.0,0.0,0.0,0.0,-0.0,0.0,-0.0,0.0,0.0,0.0,0.0,0.0,0.0,0.0,0.0,0.134965717792511,-0.15710830688476562,0.13928383588790894,-0.15407103300094604,0.13638877868652344,0.1497691422700882,0.13452383875846863,0.1492631733417511,0.134965717792511,-0.15710830688476562,0.13928383588790894,-0.15407103300094604,0.13638877868652344,0.1497691422700882,0.13452383875846863,0.1492631733417511,-0.0016772589879110456,-0.013852698728442192,0.019468417391180992,-0.017904143780469894,-0.0474177822470665,0.012228554114699364,-0.049882590770721436,0.04951764643192291,0.30000001192092896,0.30000001192092896,0.30000001192092896,0.30000001192092896,0.0,0.0,1.0,0.0,-0.0,1.0,-0.0,-0.9999998807907104,0.30000001192092896,0.30000001192092896,0.30000001192092896,0.30000001192092896
4.45,0,0.07316669821739197,-0.022817743942141533,-0.004990509711205959,0.28046947717666626,1.0,0.07316416501998901,0.0016032438725233078,0.005388288293033838,1,1,1,1,10.104288101196289,4.69552755355835,4.916676044464111,9.209249496459961,10.104288101196289,4.69552755355835,4.916676044464111,9.209249496459961,0,0,0,0,0,0.9999990463256836,0.07977508008480072,-0.31855276226997375,0.07871375977993011,-0.3175981938838959,0.3259577453136444,0.049813732504844666,0.3276607394218445,0.050099898129701614,-0.23337776958942413,0.04972703382372856,-0.23384150862693787,0.0498235821723938,0.0,0.0,0.0,0.0,0.0,0.0,0.01518681738525629,-0.04244058206677437,0.029660027474164963,-0.001297786133363843,-0.016420722007751465,-0.029853997752070427,-0.013896078802645206,0.028479941189289093,0.0037747046444565058,-0.0034240325912833214,-0.011132868938148022,-0.011168205179274082,0.0,-0.0,0.0,-0.0,0.0,0.0,0.0,0.0,0.0,0.0,0.0,0.0,0.0,-0.0,0.0,-0.0,0.0,0.0,0.0,0.0,0.0,0.0,0.0,0.0,0.134965717792511,-0.15710830688476562,0.13928383588790894,-0.15407103300094604,0.13638877868652344,0.1497691422700882,0.13452383875846863,0.1492631733417511,0.134965717792511,-0.15710830688476562,0.13928383588790894,-0.15407103300094604,0.13638877868652344,0.1497691422700882,0.13452383875846863,0.1492631733417511,-0.0016772589879110456,-0.013852698728442192,0.019468417391180992,-0.017904143780469894,-0.0474177822470665,0.012228554114699364,-0.049882590770721436,0.04951764643192291,0.30000001192092896,0.30000001192092896,0.30000001192092896,0.30000001192092896,0.0,0.0,1.0,0.0,-0.0,1.0,-0.0,-0.9999998807907104,0.30000001192092896,0.30000001192092896,0.30000001192092896,0.30000001192092896
4.466666666666667,0,0.07342436164617538,-0.022809874266386032,-0.004013453610241413,0.2804562449455261,1.0,0.07636333256959915,0.0014995895326137543,0.0053765736520290375,1,1,1,1,9.615294456481934,4.890923023223877,4.893577575683594,9.318656921386719,9.615294456481934,4.890923023223877,4.893577575683594,9.318656921386719,0,0,0,0,0,0.9999989867210388,0.0797739326953888,-0.3185538053512573,0.07871302962303162,-0.31759893894195557,0.32621312141418457,0.049792323261499405,0.32790306210517883,0.050097476691007614,-0.2331528216600418,0.049748245626688004,-0.23357267677783966,0.049794334918260574,0.0,0.0,0.0,0.0,0.0,0.0,0.016796931624412537,-0.04331884905695915,0.02863289974629879,-0.0013485975796356797,-0.017715981230139732,-0.028909549117088318,-0.015645595267415047,0.03261036425828934,0.0038060590159147978,-0.004666612017899752,-0.012201118282973766,-0.014424542896449566,0.0,-0.0,0.0,-0.0,0.0,0.0,0.0,0.0,0.0,0.0,0.0,0.0,0.0,-0.0,0.0,-0.0,0.0,0.0,0.0,0.0,0.0,0.0,0.0,0.0,0.134965717792511,-0.15710830688476562,0.13928383588790894,-0.15407103300094604,0.13638877868652344,0.1497691422700882,0.13452383875846863,0.1492631733417511,0.134965717792511,-0.15710830688476562,0.13928383588790894,-0.15407103300094604,0.13638877868652344,0.1497691422700882,0.13452383875846863,0.1492631733417511,-0.0016772589879110456,-0.013852698728442192,0.019468417391180992,-0.017904143780469894,-0.0474177822470665,0.012228554114699364,-0.049882590770721436,0.04951764643192291,0.30000001192092896,0.30000001192092896,0.30000001192092896,0.30000001192092896,0.0,0.0,1.0,0.0,-0.0,1.0,-0.0,-0.9999998807907104,0.30000001192092896,0.30000001192092896,0.30000001192092896,0.30000001192092896
4.483333333333333,0,0.0736859142780304,-0.022793106734752655,-0.005059618037194014,0.2804388403892517,1.0,0.07438406348228455,0.001728950534015894,0.005369739606976509,1,1,1,1,9.733548164367676,4.866482257843018,5.068962574005127,9.116813659667969,9.733548164367676,4.866482257843018,5.068962574005127,9.116813659667969,0,0,0,0,0,0.999998927116394,0.07977259159088135,-0.31855520606040955,0.07871372997760773,-0.3175981938838959,0.32647013664245605,0.049769189208745956,0.3281450867652893,0.05009284242987633,-0.2329207807779312,0.049769241362810135,-0.2333020120859146,0.04976378008723259,0.0,0.0,0.0,0.0,0.0,0.0,0.015399744734168053,-0.04140065982937813,0.02675449848175049,0.0005546537577174604,-0.01739686354994774,-0.02717510797083378,-0.013287410140037537,0.03520987182855606,0.004510661121457815,-0.006496725603938103,-0.0122402748093009,-0.013996604830026627,0.0,-0.0,0.0,-0.0,0.0,0.0,0.0,0.0,0.0,0.0,0.0,0.0,0.0,-0.0,0.0,-0.0,0.0,0.0,0.0,0.0,0.0,0.0,0.0,0.0,0.134965717792511,-0.15710830688476562,0.13928383588790894,-0.15407103300094604,0.13638877868652344,0.1497691422700882,0.13452383875846863,0.1492631733417511,0.134965717792511,-0.15710830688476562,0.13928383588790894,-0.15407103300094604,0.13638877868652344,0.1497691422700882,0.13452383875846863,0.1492631733417511,-0.0016772589879110456,-0.013852698728442192,0.019468417391180992,-0.017904143780469894,-0.0474177822470665,0.012228554114699364,-0.049882590770721436,0.04951764643192291,0.30000001192092896,0.30000001192092896,0.30000001192092896,0.30000001192092896,0.0,0.0,1.0,0.0,-0.0,1.0,-0.0,-0.9999998807907104,0.30000001192092896,0.30000001192092896,0.30000001192092896,0.30000001192092896
4.5,0,0.07394269108772278,-0.022777287289500237,-0.00729330675676465,0.28042998909950256,1.0,0.07404018938541412,0.0014370884746313095,0.005362598691135645,1,1,1,1,9.489873886108398,5.096366882324219,5.344682693481445,8.692065238952637,9.489873886108398,5.096366882324219,5.344682693481445,8.692065238952637,0,0,0,0,0,0.999998927116394,0.07977163791656494,-0.3185562193393707,0.07871229946613312,-0.3175995945930481,0.3267260193824768,0.04974428191781044,0.3283921480178833,0.050087861716747284,-0.23269493877887726,0.04978777840733528,-0.23303444683551788,0.049732234328985214,0.0,0.0,0.0,0.0,0.0,0.0,0.016693977639079094,-0.04289596155285835,0.03104826994240284,-0.0018247271655127406,-0.01614277996122837,-0.030525676906108856,-0.013667166233062744,0.027505645528435707,0.004077864345163107,-0.002879429142922163,-0.010604269802570343,-0.011079003103077412,0.0,-0.0,0.0,-0.0,0.0,0.0,0.0,0.0,0.0,0.0,0.0,0.0,0.0,-0.0,0.0,-0.0,0.0,0.0,0.0,0.0,0.0,0.0,0.0,0.0,0.134965717792511,-0.15710830688476562,0.13928383588790894,-0.15407103300094604,0.13638877868652344,0.1497691422700882,0.13452383875846863,0.1492631733417511,0.134965717792511,-0.15710830688476562,0.13928383588790894,-0.15407103300094604,0.13638877868652344,0.1497691422700882,0.13452383875846863,0.1492631733417511,-0.0016772589879110456,-0.013852698728442192,0.019468417391180992,-0.017904143780469894,-0.0474177822470665,0.012228554114699364,-0.049882590770721436,0.04951764643192291,0.30000001192092896,0.30000001192092896,0.30000001192092896,0.30000001192092896,0.0,0.0,1.0,0.0,-0.0,1.0,-0.0,-0.9999998807907104,0.30000001192092896,0.30000001192092896,0.30000001192092896,0.30000001192092896
4.516666666666667,0,0.07418800890445709,-0.022754115983843803,0.0009300192468799651,0.28041988611221313,1.0,0.08276388794183731,0.0012691663578152657,0.005361343268305063,1,1,1,1,9.49930477142334,4.846251487731934,5.30241060256958,8.95854377746582,9.49930477142334,4.846251487731934,5.30241060256958,8.95854377746582,0,0,0,0,0,0.999998927116394,0.07976990193128586,-0.31855788826942444,0.0787113681435585,-0.31760069727897644,0.32697793841362,0.049719370901584625,0.3286283016204834,0.0500807911157608,-0.2324748933315277,0.0498051755130291,-0.23276913166046143,0.04969985783100128,0.0,0.0,0.0,0.0,0.0,0.0,0.024344006553292274,-0.044854018837213516,0.03360078111290932,-0.0012312018079683185,-0.016340328380465508,-0.0321812629699707,-0.014826595783233643,0.03265054523944855,0.004057447426021099,-0.004093312658369541,-0.013889431953430176,-0.017325107008218765,0.0,-0.0,0.0,-0.0,0.0,0.0,0.0,0.0,0.0,0.0,0.0,0.0,0.0,-0.0,0.0,-0.0,0.0,0.0,0.0,0.0,0.0,0.0,0.0,0.0,0.134965717792511,-0.15710830688476562,0.13928383588790894,-0.15407103300094604,0.13638877868652344,0.1497691422700882,0.13452383875846863,0.1492631733417511,0.134965717792511,-0.15710830688476562,0.13928383588790894,-0.15407103300094604,0.13638877868652344,0.1497691422700882,0.13452383875846863,0.1492631733417511,-0.0016772589879110456,-0.013852698728442192,0.019468417391180992,-0.017904143780469894,-0.0474177822470665,0.012228554114699364,-0.049882590770721436,0.04951764643192291,0.30000001192092896,0.30000001192092896,0.30000001192092896,0.30000001192092896,0.0,0.0,1.0,0.0,-0.0,1.0,-0.0,-0.9999998807907104,0.30000001192092896,0.30000001192092896,0.30000001192092896,0.30000001192092896
4.533333333333333,0,0.07445375621318817,-0.02274210937321186,0.0011234642006456852,0.2804177701473236,1.0,0.07296435534954071,0.0017574131488800049,0.005356446374207735,1,1,1,1,9.433988571166992,5.201879978179932,5.497809886932373,8.908061027526855,9.433988571166992,5.201879978179932,5.497809886932373,8.908061027526855,0,0,0,0,0,0.999998927116394,0.0797685980796814,-0.31855931878089905,0.07870935648679733,-0.31760260462760925,0.3272373080253601,0.04969102516770363,0.32889026403427124,0.050072427839040756,-0.23224644362926483,0.04982231557369232,-0.23249587416648865,0.049663834273815155,0.0,0.0,0.0,0.0,0.0,0.0,0.014601591043174267,-0.04245861619710922,0.029004031792283058,-3.238394856452942e-05,-0.015269421972334385,-0.030464813113212585,-0.013533787801861763,0.0285481084138155,0.0032553004566580057,-0.002937724580988288,-0.013387059792876244,-0.010428965091705322,0.0,-0.0,0.0,-0.0,0.0,0.0,0.0,0.0,0.0,0.0,0.0,0.0,0.0,-0.0,0.0,-0.0,0.0,0.0,0.0,0.0,0.0,0.0,0.0,0.0,0.134965717792511,-0.15710830688476562,0.13928383588790894,-0.15407103300094604,0.13638877868652344,0.1497691422700882,0.13452383875846863,0.1492631733417511,0.134965717792511,-0.15710830688476562,0.13928383588790894,-0.15407103300094604,0.13638877868652344,0.1497691422700882,0.13452383875846863,0.1492631733417511,-0.0016772589879110456,-0.013852698728442192,0.019468417391180992,-0.017904143780469894,-0.0474177822470665,0.012228554114699364,-0.049882590770721436,0.04951764643192291,0.30000001192092896,0.30000001192092896,0.30000001192092896,0.30000001192092896,0.0,0.0,1.0,0.0,-0.0,1.0,-0.0,-0.9999998807907104,0.30000001192092896,0.30000001192092896,0.30000001192092896,0.30000001192092896
4.55,0,0.07472434639930725,-0.022719785571098328,-0.0002782624214887619,0.28041231632232666,1.0,0.07630046457052231,0.0011030328460037708,0.005350797437131405,1,1,1,1,9.280076026916504,5.2353596687316895,5.741788864135742,8.57370376586914,9.280076026916504,5.2353596687316895,5.741788864135742,8.57370376586914,0,0,0,0,0,0.999998927116394,0.07976672798395157,-0.318561315536499,0.07871267199516296,-0.31759923696517944,0.32749855518341064,0.04966092109680176,0.32915329933166504,0.0500628836452961,-0.23200789093971252,0.04983960837125778,-0.2322184145450592,0.04962782934308052,0.0,0.0,0.0,0.0,0.0,0.0,0.018241718411445618,-0.04382571950554848,0.030222564935684204,-0.000925467989873141,-0.0164705328643322,-0.029879380017518997,-0.015235495753586292,0.030483940616250038,0.003306625410914421,-0.0031836151611059904,-0.011343241669237614,-0.013373944908380508,0.0,-0.0,0.0,-0.0,0.0,0.0,0.0,0.0,0.0,0.0,0.0,0.0,0.0,-0.0,0.0,-0.0,0.0,0.0,0.0,0.0,0.0,0.0,0.0,0.0,0.134965717792511,-0.15710830688476562,0.13928383588790894,-0.15407103300094604,0.13638877868652344,0.1497691422700882,0.13452383875846863,0.1492631733417511,0.134965717792511,-0.15710830688476562,0.13928383588790894,-0.15407103300094604,0.13638877868652344,0.1497691422700882,0.13452383875846863,0.1492631733417511,-0.0016772589879110456,-0.013852698728442192,0.019468417391180992,-0.017904143780469894,-0.0474177822470665,0.012228554114699364,-0.049882590770721436,0.04951764643192291,0.30000001192092896,0.30000001192092896,0.30000001192092896,0.30000001192092896,0.0,0.0,1.0,0.0,-0.0,1.0,-0.0,-0.9999998807907104,0.30000001192092896,0.30000001192092896,0.30000001192092896,0.30000001192092896
4.566666666666666,0,0.07498586177825928,-0.022702129557728767,-0.00566884595900774,0.28041791915893555,1.0,0.07598954439163208,0.0016843993216753006,0.0053528002463281155,1,1,1,1,9.242183685302734,5.403253078460693,5.561547756195068,8.603968620300293,9.242183685302734,5.403253078460693,5.561547756195068,8.603968620300293,0,0,0,0,0,0.999998927116394,0.07976490259170532,-0.318563312292099,0.0787091925740242,-0.3176027536392212,0.32775694131851196,0.04963170364499092,0.32942086458206177,0.05005331337451935,-0.23177336156368256,0.04985274747014046,-0.23194843530654907,0.04958847165107727,0.0,0.0,0.0,0.0,0.0,0.0,0.018128491938114166,-0.042416300624608994,0.02889113500714302,-0.0013625185238197446,-0.017991606146097183,-0.02868060953915119,-0.014297446236014366,0.032751187682151794,0.0040129502303898335,-0.005163910798728466,-0.0113748200237751,-0.014648647047579288,0.0,-0.0,0.0,-0.0,0.0,0.0,0.0,0.0,0.0,0.0,0.0,0.0,0.0,-0.0,0.0,-0.0,0.0,0.0,0.0,0.0,0.0,0.0,0.0,0.0,0.134965717792511,-0.15710830688476562,0.13928383588790894,-0.15407103300094604,0.13638877868652344,0.1497691422700882,0.13452383875846863,0.1492631733417511,0.134965717792511,-0.15710830688476562,0.13928383588790894,-0.15407103300094604,0.13638877868652344,0.1497691422700882,0.13452383875846863,0.1492631733417511,-0.0016772589879110456,-0.013852698728442192,0.019468417391180992,-0.017904143780469894,-0.0474177822470665,0.012228554114699364,-0.049882590770721436,0.04951764643192291,0.30000001192092896,0.30000001192092896,0.30000001192092896,0.30000001192092896,0.0,0.0,1.0,0.0,-0.0,1.0,-0.0,-0.9999998807907104,0.30000001192092896,0.30000001192092896,0.30000001192092896,0.30000001192092896
4.583333333333333,0,0.07524091750383377,-0.022674044594168663,-0.002393739065155387,0.2804202139377594,1.0,0.07247564941644669,0.0014460035599768162,0.005358458496630192,1,1,1,1,8.981852531433105,5.571459770202637,5.724576950073242,8.436182975769043,8.981852531433105,5.571459770202637,5.724576950073242,8.436182975769043,0,0,0,0,0,0.9999988675117493,0.07976306974887848,-0.31856533885002136,0.07870668917894363,-0.31760522723197937,0.3280142843723297,0.04959990456700325,0.3296801745891571,0.050039760768413544,-0.23154236376285553,0.049865663051605225,-0.23167631030082703,0.04954913631081581,0.0,0.0,0.0,0.0,0.0,0.0,0.010717470198869705,-0.04175272956490517,0.02624600939452648,-0.0025492077693343163,-0.017767708748579025,-0.02602202817797661,-0.016929898411035538,0.0329684317111969,0.004338263534009457,-0.006881945766508579,-0.009555543772876263,-0.013241889886558056,0.0,-0.0,0.0,-0.0,0.0,0.0,0.0,0.0,0.0,0.0,0.0,0.0,0.0,-0.0,0.0,-0.0,0.0,0.0,0.0,0.0,0.0,0.0,0.0,0.0,0.134965717792511,-0.15710830688476562,0.13928383588790894,-0.15407103300094604,0.13638877868652344,0.1497691422700882,0.13452383875846863,0.1492631733417511,0.134965717792511,-0.15710830688476562,0.13928383588790894,-0.15407103300094604,0.13638877868652344,0.1497691422700882,0.13452383875846863,0.1492631733417511,-0.0016772589879110456,-0.013852698728442192,0.019468417391180992,-0.017904143780469894,-0.0474177822470665,0.012228554114699364,-0.049882590770721436,0.04951764643192291,0.30000001192092896,0.30000001192092896,0.30000001192092896,0.30000001192092896,0.0,0.0,1.0,0.0,-0.0,1.0,-0.0,-0.9999998807907104,0.30000001192092896,0.30000001192092896,0.30000001192092896,0.30000001192092896
4.6,0,0.0755094364285469,-0.02265828661620617,-0.0024699580390006304,0.2804175019264221,1.0,0.0756460502743721,0.0015652612783014774,0.005361101124435663,1,1,1,1,8.937640190124512,5.6157050132751465,5.736116886138916,8.4038724899292,8.937640190124512,5.6157050132751465,5.736116886138916,8.4038724899292,0,0,0,0,0,0.9999988675117493,0.07976119220256805,-0.31856727600097656,0.07870465517044067,-0.31760716438293457,0.3282769024372101,0.04956645146012306,0.32994481921195984,0.0500258170068264,-0.23130588233470917,0.049878235906362534,-0.23140044510364532,0.04950733482837677,0.0,0.0,0.0,0.0,0.0,0.0,0.018308263272047043,-0.042416658252477646,0.029027657583355904,-0.0014274339191615582,-0.017664698883891106,-0.02832048200070858,-0.014420857653021812,0.03237956389784813,0.0046372730284929276,-0.005155906546860933,-0.01060761883854866,-0.014567753300070763,0.0,-0.0,0.0,-0.0,0.0,0.0,0.0,0.0,0.0,0.0,0.0,0.0,0.0,-0.0,0.0,-0.0,0.0,0.0,0.0,0.0,0.0,0.0,0.0,0.0,0.134965717792511,-0.15710830688476562,0.13928383588790894,-0.15407103300094604,0.13638877868652344,0.1497691422700882,0.13452383875846863,0.1492631733417511,0.134965717792511,-0.15710830688476562,0.13928383588790894,-0.15407103300094604,0.13638877868652344,0.1497691422700882,0.13452383875846863,0.1492631733417511,-0.0016772589879110456,-0.013852698728442192,0.019468417391180992,-0.017904143780469894,-0.0474177822470665,0.012228554114699364,-0.049882590770721436,0.04951764643192291,0.30000001192092896,0.30000001192092896,0.30000001192092896,0.30000001192092896,0.0,0.0,1.0,0.0,-0.0,1.0,-0.0,-0.9999998807907104,0.30000001192092896,0.30000001192092896,0.30000001192092896,0.30000001192092896
4.616666666666666,0,0.07577628642320633,-0.022640351206064224,-0.002181918127462268,0.28041547536849976,1.0,0.07581281661987305,0.0017850250005722046,0.005363906733691692,1,1,1,1,8.801812171936035,5.807804107666016,5.9244561195373535,8.211111068725586,8.801812171936035,5.807804107666016,5.9244561195373535,8.211111068725586,0,0,0,0,0,0.9999988079071045,0.07975944131612778,-0.31856921315193176,0.0787026509642601,-0.3176092803478241,0.32853928208351135,0.04953126236796379,0.33020898699760437,0.05001026764512062,-0.23106983304023743,0.049889277666807175,-0.23112483322620392,0.04946383088827133,0.0,0.0,0.0,0.0,0.0,0.0,0.016471650451421738,-0.04304366558790207,0.02929503656923771,-0.0014786765677854419,-0.01760566234588623,-0.02889273315668106,-0.014967608265578747,0.03217871114611626,0.004000745248049498,-0.005001299548894167,-0.01140330359339714,-0.013704839162528515,0.0,-0.0,0.0,-0.0,0.0,0.0,0.0,0.0,0.0,0.0,0.0,0.0,0.0,-0.0,0.0,-0.0,0.0,0.0,0.0,0.0,0.0,0.0,0.0,0.0,0.134965717792511,-0.15710830688476562,0.13928383588790894,-0.15407103300094604,0.13638877868652344,0.1497691422700882,0.13452383875846863,0.1492631733417511,0.134965717792511,-0.15710830688476562,0.13928383588790894,-0.15407103300094604,0.13638877868652344,0.1497691422700882,0.13452383875846863,0.1492631733417511,-0.0016772589879110456,-0.013852698728442192,0.019468417391180992,-0.017904143780469894,-0.0474177822470665,0.012228554114699364,-0.049882590770721436,0.04951764643192291,0.30000001192092896,0.30000001192092896,0.30000001192092896,0.30000001192092896,0.0,0.0,1.0,0.0,-0.0,1.0,-0.0,-0.9999998807907104,0.30000001192092896,0.30000001192092896,0.30000001192092896,0.30000001192092896
4.633333333333333,0,0.07604321837425232,-0.02262135036289692,-0.0021362623665481806,0.2804208993911743,1.0,0.0759739950299263,0.0016134325414896011,0.005370626226067543,1,1,1,1,8.69393539428711,5.951895713806152,6.03529691696167,8.1041898727417,8.69393539428711,5.951895713806152,6.03529691696167,8.1041898727417,0,0,0,0,0,0.9999988079071045,0.07975728809833527,-0.318571537733078,0.07870087772607803,-0.3176109492778778,0.32880187034606934,0.0494951456785202,0.3304812014102936,0.04999496415257454,-0.2308332920074463,0.04989907145500183,-0.2308494597673416,0.049418237060308456,0.0,0.0,0.0,0.0,0.0,0.0,0.016984235495328903,-0.043664198368787766,0.029533419758081436,-0.0016643753042444587,-0.017300156876444817,-0.028902847319841385,-0.015353470109403133,0.03172505646944046,0.0036669166292995214,-0.004211409483104944,-0.010569925419986248,-0.013499791733920574,0.0,-0.0,0.0,-0.0,0.0,0.0,0.0,0.0,0.0,0.0,0.0,0.0,0.0,-0.0,0.0,-0.0,0.0,0.0,0.0,0.0,0.0,0.0,0.0,0.0,0.134965717792511,-0.15710830688476562,0.13928383588790894,-0.15407103300094604,0.13638877868652344,0.1497691422700882,0.13452383875846863,0.1492631733417511,0.134965717792511,-0.15710830688476562,0.13928383588790894,-0.15407103300094604,0.13638877868652344,0.1497691422700882,0.13452383875846863,0.1492631733417511,-0.0016772589879110456,-0.013852698728442192,0.019468417391180992,-0.017904143780469894,-0.0474177822470665,0.012228554114699364,-0.049882590770721436,0.04951764643192291,0.30000001192092896,0.30000001192092896,0.30000001192092896,0.30000001192092896,0.0,0.0,1.0,0.0,-0.0,1.0,-0.0,-0.9999998807907104,0.30000001192092896,0.30000001192092896,0.30000001192092896,0.30000001192092896
4.65,0,0.07629311084747314,-0.02258780598640442,-0.006497293245047331,0.28042837977409363,1.0,0.07781217992305756,0.0014342274516820908,0.005383735056966543,1,1,1,1,8.445629119873047,6.375473499298096,6.392767429351807,7.925154685974121,8.445629119873047,6.375473499298096,6.392767429351807,7.925154685974121,0,0,0,0,0,0.9999988079071045,0.07975485175848007,-0.3185741603374481,0.07869760692119598,-0.31761422753334045,0.32905927300453186,0.04945807531476021,0.3307421803474426,0.04997700825333595,-0.23060369491577148,0.04990699142217636,-0.2305789440870285,0.04937289282679558,0.0,0.0,0.0,0.0,0.0,0.0,0.02068745531141758,-0.04351704940199852,0.030672984197735786,-0.0013466981472447515,-0.017772065475583076,-0.02918628789484501,-0.01442430354654789,0.03246239200234413,0.0040977634489536285,-0.004420108161866665,-0.009912224486470222,-0.015041610226035118,0.0,-0.0,0.0,-0.0,0.0,0.0,0.0,0.0,0.0,0.0,0.0,0.0,0.0,-0.0,0.0,-0.0,0.0,0.0,0.0,0.0,0.0,0.0,0.0,0.0,0.134965717792511,-0.15710830688476562,0.13928383588790894,-0.15407103300094604,0.13638877868652344,0.1497691422700882,0.13452383875846863,0.1492631733417511,0.134965717792511,-0.15710830688476562,0.13928383588790894,-0.15407103300094604,0.13638877868652344,0.1497691422700882,0.13452383875846863,0.1492631733417511,-0.0016772589879110456,-0.013852698728442192,0.019468417391180992,-0.017904143780469894,-0.0474177822470665,0.012228554114699364,-0.049882590770721436,0.04951764643192291,0.30000001192092896,0.30000001192092896,0.30000001192092896,0.30000001192092896,0.0,0.0,1.0,0.0,-0.0,1.0,-0.0,-0.9999998807907104,0.30000001192092896,0.30000001192092896,0.30000001192092896,0.30000001192092896
4.666666666666667,0,0.07655393332242966,-0.022561870515346527,-0.0017959063407033682,0.2804301977157593,1.0,0.07918395847082138,0.0014859451912343502,0.005392237100750208,1,1,1,1,8.433019638061523,6.177632808685303,6.266403675079346,7.840731143951416,8.433019638061523,6.177632808685303,6.266403675079346,7.840731143951416,0,0,0,0,0,0.9999988079071045,0.07975313812494278,-0.31857600808143616,0.0786956176161766,-0.3176162540912628,0.3293200433254242,0.04941854625940323,0.3310060501098633,0.04995691776275635,-0.2303694784641266,0.04991471767425537,-0.23030324280261993,0.049325503408908844,0.0,0.0,0.0,0.0,0.0,0.0,0.01865135319530964,-0.04363635554909706,0.02893436886370182,-0.0028029903769493103,-0.019815394654870033,-0.026340145617723465,-0.016935331746935844,0.03666176646947861,0.004495195113122463,-0.007213226519525051,-0.008110813796520233,-0.017823422327637672,0.0,-0.0,0.0,-0.0,0.0,0.0,0.0,0.0,0.0,0.0,0.0,0.0,0.0,-0.0,0.0,-0.0,0.0,0.0,0.0,0.0,0.0,0.0,0.0,0.0,0.134965717792511,-0.15710830688476562,0.13928383588790894,-0.15407103300094604,0.13638877868652344,0.1497691422700882,0.13452383875846863,0.1492631733417511,0.134965717792511,-0.15710830688476562,0.13928383588790894,-0.15407103300094604,0.13638877868652344,0.1497691422700882,0.13452383875846863,0.1492631733417511,-0.0016772589879110456,-0.013852698728442192,0.019468417391180992,-0.017904143780469894,-0.0474177822470665,0.012228554114699364,-0.049882590770721436,0.04951764643192291,0.30000001192092896,0.30000001192092896,0.30000001192092896,0.30000001192092896,0.0,0.0,1.0,0.0,-0.0,1.0,-0.0,-0.9999998807907104,0.30000001192092896,0.30000001192092896,0.30000001192092896,0.30000001192092896
4.683333333333334,0,0.07682675123214722,-0.022549239918589592,-0.0014796811155974865,0.28042733669281006,1.0,0.07656194269657135,0.00149960583075881,0.005398727487772703,1,1,1,1,8.354938507080078,6.295468807220459,6.363243579864502,7.73016357421875,8.354938507080078,6.295468807220459,6.363243579864502,7.73016357421875,0,0,0,0,0,0.9999988079071045,0.07975119352340698,-0.31857800483703613,0.07869336009025574,-0.31761839985847473,0.3295849561691284,0.04937734827399254,0.3312743306159973,0.049935709685087204,-0.23012994229793549,0.04992111772298813,-0.23002409934997559,0.04927508160471916,0.0,0.0,0.0,0.0,0.0,0.0,0.018216295167803764,-0.04338449612259865,0.02907497249543667,-0.0011586756445467472,-0.017230046913027763,-0.029025515541434288,-0.01467115432024002,0.03281192108988762,0.004168373066931963,-0.0045349616557359695,-0.011424439959228039,-0.01418828871101141,0.0,-0.0,0.0,-0.0,0.0,0.0,0.0,0.0,0.0,0.0,0.0,0.0,0.0,-0.0,0.0,-0.0,0.0,0.0,0.0,0.0,0.0,0.0,0.0,0.0,0.134965717792511,-0.15710830688476562,0.13928383588790894,-0.15407103300094604,0.13638877868652344,0.1497691422700882,0.13452383875846863,0.1492631733417511,0.134965717792511,-0.15710830688476562,0.13928383588790894,-0.15407103300094604,0.13638877868652344,0.1497691422700882,0.13452383875846863,0.1492631733417511,-0.0016772589879110456,-0.013852698728442192,0.019468417391180992,-0.017904143780469894,-0.0474177822470665,0.012228554114699364,-0.049882590770721436,0.04951764643192291,0.30000001192092896,0.30000001192092896,0.30000001192092896,0.30000001192092896,0.0,0.0,1.0,0.0,-0.0,1.0,-0.0,-0.9999998807907104,0.30000001192092896,0.30000001192092896,0.30000001192092896,0.30000001192092896
4.7,0,0.0771019235253334,-0.022535644471645355,-0.0015548465307801962,0.2804248631000519,1.0,0.07639278471469879,0.0013828394003212452,0.005408528260886669,1,1,1,1,8.216065406799316,6.371459484100342,6.414486408233643,7.65426778793335,8.216065406799316,6.371459484100342,6.414486408233643,7.65426778793335,0,0,0,0,0,0.9999987483024597,0.07974885404109955,-0.3185805380344391,0.07869083434343338,-0.3176209628582001,0.32985126972198486,0.04933423176407814,0.3315452039241791,0.04991268739104271,-0.22988899052143097,0.049926888197660446,-0.22974392771720886,0.049223076552152634,0.0,0.0,0.0,0.0,0.0,0.0,0.017110498622059822,-0.04342684522271156,0.02955971099436283,-0.0013645055005326867,-0.017316313460469246,-0.02922874502837658,-0.015050538815557957,0.03224930167198181,0.0038350208196789026,-0.004722415003925562,-0.011530378833413124,-0.013816316612064838,0.0,-0.0,0.0,-0.0,0.0,0.0,0.0,0.0,0.0,0.0,0.0,0.0,0.0,-0.0,0.0,-0.0,0.0,0.0,0.0,0.0,0.0,0.0,0.0,0.0,0.134965717792511,-0.15710830688476562,0.13928383588790894,-0.15407103300094604,0.13638877868652344,0.1497691422700882,0.13452383875846863,0.1492631733417511,0.134965717792511,-0.15710830688476562,0.13928383588790894,-0.15407103300094604,0.13638877868652344,0.1497691422700882,0.13452383875846863,0.1492631733417511,-0.0016772589879110456,-0.013852698728442192,0.019468417391180992,-0.017904143780469894,-0.0474177822470665,0.012228554114699364,-0.049882590770721436,0.04951764643192291,0.30000001192092896,0.30000001192092896,0.30000001192092896,0.30000001192092896,0.0,0.0,1.0,0.0,-0.0,1.0,-0.0,-0.9999998807907104,0.30000001192092896,0.30000001192092896,0.30000001192092896,0.30000001192092896
4.716666666666667,0,0.07737312465906143,-0.02251315861940384,-0.0006289875600486994,0.2804240584373474,1.0,0.07662975788116455,0.0015110531821846962,0.005423345603048801,1,1,1,1,8.158978462219238,6.539486885070801,6.559382915496826,7.496968746185303,8.158978462219238,6.539486885070801,6.559382915496826,7.496968746185303,0,0,0,0,0,0.9999986886978149,0.07974661886692047,-0.3185829818248749,0.07868975400924683,-0.3176219165325165,0.33011606335639954,0.04928991571068764,0.3318150043487549,0.04988821968436241,-0.22964656352996826,0.04993192479014397,-0.22946539521217346,0.04916976019740105,0.0,0.0,0.0,0.0,0.0,0.0,0.016221508383750916,-0.04391802102327347,0.029208587482571602,-0.0015007804613560438,-0.017296500504016876,-0.029256006702780724,-0.01572212018072605,0.032509543001651764,0.0034948333632200956,-0.004525838885456324,-0.01206179242581129,-0.013692107982933521,0.0,-0.0,0.0,-0.0,0.0,0.0,0.0,0.0,0.0,0.0,0.0,0.0,0.0,-0.0,0.0,-0.0,0.0,0.0,0.0,0.0,0.0,0.0,0.0,0.0,0.134965717792511,-0.15710830688476562,0.13928383588790894,-0.15407103300094604,0.13638877868652344,0.1497691422700882,0.13452383875846863,0.1492631733417511,0.134965717792511,-0.15710830688476562,0.13928383588790894,-0.15407103300094604,0.13638877868652344,0.1497691422700882,0.13452383875846863,0.1492631733417511,-0.0016772589879110456,-0.013852698728442192,0.019468417391180992,-0.017904143780469894,-0.0474177822470665,0.012228554114699364,-0.049882590770721436,0.04951764643192291,0.30000001192092896,0.30000001192092896,0.30000001192092896,0.30000001192092896,0.0,0.0,1.0,0.0,-0.0,1.0,-0.0,-0.9999998807907104,0.30000001192092896,0.30000001192092896,0.30000001192092896,0.30000001192092896
4.733333333333333,0,0.07764534652233124,-0.02249240130186081,-0.0005446692230179906,0.28042304515838623,1.0,0.07665452361106873,0.0015362435951828957,0.005433480255305767,1,1,1,1,7.9800310134887695,6.710952281951904,6.74355936050415,7.331066131591797,7.9800310134887695,6.710952281951904,6.74355936050415,7.331066131591797,0,0,0,0,0,0.9999986886978149,0.07974446564912796,-0.3185853064060211,0.0786871537566185,-0.3176245093345642,0.3303826153278351,0.04924418404698372,0.33208566904067993,0.04986222833395004,-0.2294052690267563,0.049934934824705124,-0.2291855663061142,0.049114570021629333,0.0,0.0,0.0,0.0,0.0,0.0,0.01704671047627926,-0.0443233884871006,0.029707318171858788,-0.0012665146496146917,-0.016839178279042244,-0.02966097928583622,-0.015138220973312855,0.03197333589196205,0.0031083154026418924,-0.0036522014997899532,-0.011377951130270958,-0.01301480084657669,0.0,-0.0,0.0,-0.0,0.0,0.0,0.0,0.0,0.0,0.0,0.0,0.0,0.0,-0.0,0.0,-0.0,0.0,0.0,0.0,0.0,0.0,0.0,0.0,0.0,0.134965717792511,-0.15710830688476562,0.13928383588790894,-0.15407103300094604,0.13638877868652344,0.1497691422700882,0.13452383875846863,0.1492631733417511,0.134965717792511,-0.15710830688476562,0.13928383588790894,-0.15407103300094604,0.13638877868652344,0.1497691422700882,0.13452383875846863,0.1492631733417511,-0.0016772589879110456,-0.013852698728442192,0.019468417391180992,-0.017904143780469894,-0.0474177822470665,0.012228554114699364,-0.049882590770721436,0.04951764643192291,0.30000001192092896,0.30000001192092896,0.30000001192092896,0.30000001192092896,0.0,0.0,1.0,0.0,-0.0,1.0,-0.0,-0.9999998807907104,0.30000001192092896,0.30000001192092896,0.30000001192092896,0.30000001192092896
4.75,0,0.07791812717914581,-0.02247156947851181,0.0015442013973370194,0.2804223299026489,1.0,0.075884610414505,0.0015028617344796658,0.005444991867989302,1,1,1,1,7.842724800109863,6.830539226531982,6.880770206451416,7.1798176765441895,7.842724800109863,6.830539226531982,6.880770206451416,7.1798176765441895,0,0,0,0,0,0.9999986886978149,0.07974228262901306,-0.3185877203941345,0.07868458330631256,-0.31762707233428955,0.33064937591552734,0.04919661581516266,0.33235716819763184,0.04983467981219292,-0.22916336357593536,0.049936387687921524,-0.2289053052663803,0.04905673861503601,0.0,0.0,0.0,0.0,0.0,0.0,0.016289619728922844,-0.0434560552239418,0.02927909791469574,-0.001407490111887455,-0.017181463539600372,-0.028877297416329384,-0.015261567197740078,0.03223785385489464,0.0037604502867907286,-0.004718630108982325,-0.01125752367079258,-0.013454089872539043,0.0,-0.0,0.0,-0.0,0.0,0.0,0.0,0.0,0.0,0.0,0.0,0.0,0.0,-0.0,0.0,-0.0,0.0,0.0,0.0,0.0,0.0,0.0,0.0,0.0,0.134965717792511,-0.15710830688476562,0.13928383588790894,-0.15407103300094604,0.13638877868652344,0.1497691422700882,0.13452383875846863,0.1492631733417511,0.134965717792511,-0.15710830688476562,0.13928383588790894,-0.15407103300094604,0.13638877868652344,0.1497691422700882,0.13452383875846863,0.1492631733417511,-0.0016772589879110456,-0.013852698728442192,0.019468417391180992,-0.017904143780469894,-0.0474177822470665,0.012228554114699364,-0.049882590770721436,0.04951764643192291,0.30000001192092896,0.30000001192092896,0.30000001192092896,0.30000001192092896,0.0,0.0,1.0,0.0,-0.0,1.0,-0.0,-0.9999998807907104,0.30000001192092896,0.30000001192092896,0.30000001192092896,0.30000001192092896
4.766666666666667,0,0.07818256318569183,-0.022441433742642403,-0.0001284079917240888,0.2804354429244995,1.0,0.07559885829687119,0.001451815478503704,0.005462069530040026,1,1,1,1,7.524471282958984,7.1691365242004395,7.144206523895264,6.992339611053467,7.524471282958984,7.1691365242004395,7.144206523895264,6.992339611053467,0,0,0,0,0,0.9999986886978149,0.0797395333647728,-0.3185906410217285,0.07868170738220215,-0.3176298439502716,0.3309137523174286,0.049148447811603546,0.3326370418071747,0.0498066246509552,-0.228923961520195,0.049936920404434204,-0.22862733900547028,0.048999231308698654,0.0,0.0,0.0,0.0,0.0,0.0,0.016290724277496338,-0.04325217753648758,0.029398424550890923,-0.0013786074705421925,-0.017072269693017006,-0.02888389304280281,-0.014708337374031544,0.03217242658138275,0.0038795978762209415,-0.0048583862371742725,-0.011144431307911873,-0.013148587197065353,0.0,-0.0,0.0,-0.0,0.0,0.0,0.0,0.0,0.0,0.0,0.0,0.0,0.0,-0.0,0.0,-0.0,0.0,0.0,0.0,0.0,0.0,0.0,0.0,0.0,0.134965717792511,-0.15710830688476562,0.13928383588790894,-0.15407103300094604,0.13638877868652344,0.1497691422700882,0.13452383875846863,0.1492631733417511,0.134965717792511,-0.15710830688476562,0.13928383588790894,-0.15407103300094604,0.13638877868652344,0.1497691422700882,0.13452383875846863,0.1492631733417511,-0.0016772589879110456,-0.013852698728442192,0.019468417391180992,-0.017904143780469894,-0.0474177822470665,0.012228554114699364,-0.049882590770721436,0.04951764643192291,0.30000001192092896,0.30000001192092896,0.30000001192092896,0.30000001192092896,0.0,0.0,1.0,0.0,-0.0,1.0,-0.0,-0.9999998807907104,0.30000001192092896,0.30000001192092896,0.30000001192092896,0.30000001192092896
4.783333333333333,0,0.07844876497983932,-0.022415930405259132,-0.0008575185784138739,0.280440092086792,1.0,0.08251222223043442,0.0014922628179192543,0.00548756867647171,1,1,1,1,7.583215713500977,7.10035514831543,7.0677618980407715,6.913559913635254,7.583215713500977,7.10035514831543,7.0677618980407715,6.913559913635254,0,0,0,0,0,0.9999986290931702,0.07973677664995193,-0.3185935914516449,0.07867870479822159,-0.3176328241825104,0.3311785161495209,0.04909852519631386,0.3329089283943176,0.04977704957127571,-0.22868454456329346,0.04993608966469765,-0.2283497303724289,0.048940278589725494,0.0,0.0,0.0,0.0,0.0,0.0,0.02230917289853096,-0.045415621250867844,0.03293279558420181,-0.00011493265628814697,-0.015539590269327164,-0.03191966190934181,-0.01528222020715475,0.03367694839835167,0.003772602416574955,-0.004342646803706884,-0.014870753511786461,-0.016767509281635284,0.0,-0.0,0.0,-0.0,0.0,0.0,0.0,0.0,0.0,0.0,0.0,0.0,0.0,-0.0,0.0,-0.0,0.0,0.0,0.0,0.0,0.0,0.0,0.0,0.0,0.134965717792511,-0.15710830688476562,0.13928383588790894,-0.15407103300094604,0.13638877868652344,0.1497691422700882,0.13452383875846863,0.1492631733417511,0.134965717792511,-0.15710830688476562,0.13928383588790894,-0.15407103300094604,0.13638877868652344,0.1497691422700882,0.13452383875846863,0.1492631733417511,-0.0016772589879110456,-0.013852698728442192,0.019468417391180992,-0.017904143780469894,-0.0474177822470665,0.012228554114699364,-0.049882590770721436,0.04951764643192291,0.30000001192092896,0.30000001192092896,0.30000001192092896,0.30000001192092896,0.0,0.0,1.0,0.0,-0.0,1.0,-0.0,-0.9999998807907104,0.30000001192092896,0.30000001192092896,0.30000001192092896,0.30000001192092896
4.8,0,0.07872629165649414,-0.022399866953492165,5.810445509268902e-05,0.2804393768310547,1.0,0.07698221504688263,0.0016227299347519875,0.005503450054675341,1,1,1,1,7.469225883483887,7.250115394592285,7.219729900360107,6.771744251251221,7.469225883483887,7.250115394592285,7.219729900360107,6.771744251251221,0,0,0,0,0,0.9999986290931702,0.07973433285951614,-0.3185963034629822,0.07867579162120819,-0.31763556599617004,0.33144715428352356,0.049046099185943604,0.3331843316555023,0.04974405840039253,-0.22843991219997406,0.049934517592191696,-0.22806701064109802,0.048876482993364334,0.0,0.0,0.0,0.0,0.0,0.0,0.015922723338007927,-0.04342522844672203,0.028741279616951942,-0.0005787447444163263,-0.017238322645425797,-0.029310891404747963,-0.015663670375943184,0.03358360752463341,0.003630406688898802,-0.0053133899345994,-0.013674965128302574,-0.014236153103411198,0.0,-0.0,0.0,-0.0,0.0,0.0,0.0,0.0,0.0,0.0,0.0,0.0,0.0,-0.0,0.0,-0.0,0.0,0.0,0.0,0.0,0.0,0.0,0.0,0.0,0.134965717792511,-0.15710830688476562,0.13928383588790894,-0.15407103300094604,0.13638877868652344,0.1497691422700882,0.13452383875846863,0.1492631733417511,0.134965717792511,-0.15710830688476562,0.13928383588790894,-0.15407103300094604,0.13638877868652344,0.1497691422700882,0.13452383875846863,0.1492631733417511,-0.0016772589879110456,-0.013852698728442192,0.019468417391180992,-0.017904143780469894,-0.0474177822470665,0.012228554114699364,-0.049882590770721436,0.04951764643192291,0.30000001192092896,0.30000001192092896,0.30000001192092896,0.30000001192092896,0.0,0.0,1.0,0.0,-0.0,1.0,-0.0,-0.9999998807907104,0.30000001192092896,0.30000001192092896,0.30000001192092896,0.30000001192092896
4.816666666666666,0,0.07900405675172806,-0.022380171343684196,0.00020255125127732754,0.28043875098228455,1.0,0.07621116191148758,0.0010453062132000923,0.005518595688045025,1,1,1,1,7.335528373718262,7.401116371154785,7.359965801239014,6.635316848754883,7.335528373718262,7.401116371154785,7.359965801239014,6.635316848754883,0,0,0,0,0,0.9999985694885254,0.07973194122314453,-0.31859898567199707,0.07867307960987091,-0.3176382780075073,0.33171629905700684,0.04899214953184128,0.33346039056777954,0.04970981925725937,-0.2281944453716278,0.0499316044151783,-0.22778400778770447,0.04881236329674721,0.0,0.0,0.0,0.0,0.0,0.0,0.01663818396627903,-0.04340444505214691,0.02943078801035881,-0.0013708231272175908,-0.0171408262103796,-0.028995690867304802,-0.015043959021568298,0.032562486827373505,0.0038494709879159927,-0.0049802702851593494,-0.011503282934427261,-0.013644597493112087,0.0,-0.0,0.0,-0.0,0.0,0.0,0.0,0.0,0.0,0.0,0.0,0.0,0.0,-0.0,0.0,-0.0,0.0,0.0,0.0,0.0,0.0,0.0,0.0,0.0,0.134965717792511,-0.15710830688476562,0.13928383588790894,-0.15407103300094604,0.13638877868652344,0.1497691422700882,0.13452383875846863,0.1492631733417511,0.134965717792511,-0.15710830688476562,0.13928383588790894,-0.15407103300094604,0.13638877868652344,0.1497691422700882,0.13452383875846863,0.1492631733417511,-0.0016772589879110456,-0.013852698728442192,0.019468417391180992,-0.017904143780469894,-0.0474177822470665,0.012228554114699364,-0.049882590770721436,0.04951764643192291,0.30000001192092896,0.30000001192092896,0.30000001192092896,0.30000001192092896,0.0,0.0,1.0,0.0,-0.0,1.0,-0.0,-0.9999998807907104,0.30000001192092896,0.30000001192092896,0.30000001192092896,0.30000001192092896
4.833333333333333,0,0.07928548753261566,-0.022364240139722824,-0.0005912084598094225,0.2804386615753174,1.0,0.07633446156978607,0.0014691362157464027,0.005538731347769499,1,1,1,1,7.264237880706787,7.441267967224121,7.3771257400512695,6.594424724578857,7.264237880706787,7.441267967224121,7.3771257400512695,6.594424724578857,0,0,0,0,0,0.9999985694885254,0.07972893118858337,-0.3186020851135254,0.07867009937763214,-0.3176411986351013,0.331986665725708,0.04893689602613449,0.3337399363517761,0.04967402666807175,-0.22794699668884277,0.049927569925785065,-0.2274996042251587,0.048745881766080856,0.0,0.0,0.0,0.0,0.0,0.0,0.016730897128582,-0.04347776249051094,0.02946721948683262,-0.001401717308908701,-0.017125148326158524,-0.028996167704463005,-0.015165130607783794,0.03258172422647476,0.003812975948676467,-0.004939194768667221,-0.01152577344328165,-0.013749654404819012,0.0,-0.0,0.0,-0.0,0.0,0.0,0.0,0.0,0.0,0.0,0.0,0.0,0.0,-0.0,0.0,-0.0,0.0,0.0,0.0,0.0,0.0,0.0,0.0,0.0,0.134965717792511,-0.15710830688476562,0.13928383588790894,-0.15407103300094604,0.13638877868652344,0.1497691422700882,0.13452383875846863,0.1492631733417511,0.134965717792511,-0.15710830688476562,0.13928383588790894,-0.15407103300094604,0.13638877868652344,0.1497691422700882,0.13452383875846863,0.1492631733417511,-0.0016772589879110456,-0.013852698728442192,0.019468417391180992,-0.017904143780469894,-0.0474177822470665,0.012228554114699364,-0.049882590770721436,0.04951764643192291,0.30000001192092896,0.30000001192092896,0.30000001192092896,0.30000001192092896,0.0,0.0,1.0,0.0,-0.0,1.0,-0.0,-0.9999998807907104,0.30000001192092896,0.30000001192092896,0.30000001192092896,0.30000001192092896
4.85,0,0.07956381887197495,-0.022345831617712975,-2.8968672268092632e-05,0.28044018149375916,1.0,0.07356133311986923,0.0015814523212611675,0.005557811353355646,1,1,1,1,7.0868449211120605,7.671519756317139,7.602266788482666,6.371026039123535,7.0868449211120605,7.671519756317139,7.602266788482666,6.371026039123535,0,0,0,0,0,0.9999985098838806,0.07972649484872818,-0.3186047375202179,0.07866717875003815,-0.3176441788673401,0.3322564661502838,0.048879507929086685,0.33401885628700256,0.04963645711541176,-0.22770032286643982,0.04992177337408066,-0.22721581161022186,0.048678088933229446,0.0,0.0,0.0,0.0,0.0,0.0,0.011260944418609142,-0.04311278089880943,0.027569876983761787,-0.0016203667037189007,-0.01694597117602825,-0.027915408834815025,-0.015779851004481316,0.032264936715364456,0.003877940122038126,-0.0054774098098278046,-0.011325313709676266,-0.011543690226972103,0.0,-0.0,0.0,-0.0,0.0,0.0,0.0,0.0,0.0,0.0,0.0,0.0,0.0,-0.0,0.0,-0.0,0.0,0.0,0.0,0.0,0.0,0.0,0.0,0.0,0.134965717792511,-0.15710830688476562,0.13928383588790894,-0.15407103300094604,0.13638877868652344,0.1497691422700882,0.13452383875846863,0.1492631733417511,0.134965717792511,-0.15710830688476562,0.13928383588790894,-0.15407103300094604,0.13638877868652344,0.1497691422700882,0.13452383875846863,0.1492631733417511,-0.0016772589879110456,-0.013852698728442192,0.019468417391180992,-0.017904143780469894,-0.0474177822470665,0.012228554114699364,-0.049882590770721436,0.04951764643192291,0.30000001192092896,0.30000001192092896,0.30000001192092896,0.30000001192092896,0.0,0.0,1.0,0.0,-0.0,1.0,-0.0,-0.9999998807907104,0.30000001192092896,0.30000001192092896,0.30000001192092896,0.30000001192092896
4.866666666666666,0,0.07983927428722382,-0.02232322283089161,0.00029503475525416434,0.2804437279701233,1.0,0.07550407946109772,0.0015607643872499466,0.005582211539149284,1,1,1,1,6.997236251831055,7.7642621994018555,7.806704044342041,6.215542316436768,6.997236251831055,7.7642621994018555,7.806704044342041,6.215542316436768,0,0,0,0,0,0.9999985098838806,0.07972352206707001,-0.31860798597335815,0.07866378128528595,-0.31764736771583557,0.3325204849243164,0.04882200434803963,0.3342975080013275,0.049597274512052536,-0.2274533063173294,0.04991494491696358,-0.22693279385566711,0.048608601093292236,0.0,0.0,0.0,0.0,0.0,0.0,0.015543385408818722,-0.043439414352178574,0.029193801805377007,-0.0014511699555441737,-0.01693408004939556,-0.028696002438664436,-0.015105866827070713,0.032410524785518646,0.003929289523512125,-0.005066617392003536,-0.011005265638232231,-0.012916014529764652,0.0,-0.0,0.0,-0.0,0.0,0.0,0.0,0.0,0.0,0.0,0.0,0.0,0.0,-0.0,0.0,-0.0,0.0,0.0,0.0,0.0,0.0,0.0,0.0,0.0,0.134965717792511,-0.15710830688476562,0.13928383588790894,-0.15407103300094604,0.13638877868652344,0.1497691422700882,0.13452383875846863,0.1492631733417511,0.134965717792511,-0.15710830688476562,0.13928383588790894,-0.15407103300094604,0.13638877868652344,0.1497691422700882,0.13452383875846863,0.1492631733417511,-0.0016772589879110456,-0.013852698728442192,0.019468417391180992,-0.017904143780469894,-0.0474177822470665,0.012228554114699364,-0.049882590770721436,0.04951764643192291,0.30000001192092896,0.30000001192092896,0.30000001192092896,0.30000001192092896,0.0,0.0,1.0,0.0,-0.0,1.0,-0.0,-0.9999998807907104,0.30000001192092896,0.30000001192092896,0.30000001192092896,0.30000001192092896
4.883333333333333,0,0.08010414242744446,-0.02234564535319805,-0.0014811466680839658,0.2804536819458008,1.0,0.07555180788040161,0.0016254042275249958,0.005661764647811651,1,1,1,1,7.431497097015381,7.282766342163086,7.364737033843994,6.676093578338623,7.431497097015381,7.282766342163086,7.364737033843994,6.676093578338623,0,0,0,0,0,0.9999985098838806,0.07971811294555664,-0.3186136484146118,0.07865840196609497,-0.3176526725292206,0.332776814699173,0.04880734905600548,0.3345703184604645,0.04955850541591644,-0.2272079437971115,0.049907293170690536,-0.22665417194366455,0.048538319766521454,0.0,0.0,0.0,0.0,0.0,0.0,0.015523623675107956,-0.04323757439851761,0.02916792593896389,-0.0014978887047618628,-0.016992660239338875,-0.028706466779112816,-0.015145507641136646,0.03249727189540863,0.003743205452337861,-0.005178370978683233,-0.011466517113149166,-0.013191433623433113,0.0,-0.0,0.0,-0.0,0.0,0.0,0.0,0.0,0.0,0.0,0.0,0.0,0.0,-0.0,0.0,-0.0,0.0,0.0,0.0,0.0,0.0,0.0,0.0,0.0,0.134965717792511,-0.15710830688476562,0.13928383588790894,-0.15407103300094604,0.13638877868652344,0.1497691422700882,0.13452383875846863,0.1492631733417511,0.134965717792511,-0.15710830688476562,0.13928383588790894,-0.15407103300094604,0.13638877868652344,0.1497691422700882,0.13452383875846863,0.1492631733417511,-0.0016772589879110456,-0.013852698728442192,0.019468417391180992,-0.017904143780469894,-0.0474177822470665,0.012228554114699364,-0.049882590770721436,0.04951764643192291,0.30000001192092896,0.30000001192092896,0.30000001192092896,0.30000001192092896,0.0,0.0,1.0,0.0,-0.0,1.0,-0.0,-0.9999998807907104,0.30000001192092896,0.30000001192092896,0.30000001192092896,0.30000001192092896
4.9,0,0.08036651462316513,-0.022356335073709488,-0.00042885649600066245,0.28046441078186035,1.0,0.07422096282243729,0.0015291078016161919,0.005729286465793848,1,1,1,1,7.552361488342285,7.3466668128967285,7.436247825622559,6.898713111877441,7.552361488342285,7.3466668128967285,7.436247825622559,6.898713111877441,0,0,0,0,0,0.9999985098838806,0.07971310615539551,-0.31861892342567444,0.0786532610654831,-0.3176577687263489,0.3330328166484833,0.04878345504403114,0.3348427712917328,0.04951810836791992,-0.22696346044540405,0.0498972125351429,-0.22637592256069183,0.04846782982349396,0.0,0.0,0.0,0.0,0.0,0.0,0.014516247436404228,-0.04277266934514046,0.028868794441223145,-0.0016547286650165915,-0.016925889998674393,-0.028233442455530167,-0.015011005103588104,0.031769607216119766,0.0037281112745404243,-0.005173724144697189,-0.010656270198523998,-0.01264553889632225,0.0,-0.0,0.0,-0.0,0.0,0.0,0.0,0.0,0.0,0.0,0.0,0.0,0.0,-0.0,0.0,-0.0,0.0,0.0,0.0,0.0,0.0,0.0,0.0,0.0,0.134965717792511,-0.15710830688476562,0.13928383588790894,-0.15407103300094604,0.13638877868652344,0.1497691422700882,0.13452383875846863,0.1492631733417511,0.134965717792511,-0.15710830688476562,0.13928383588790894,-0.15407103300094604,0.13638877868652344,0.1497691422700882,0.13452383875846863,0.1492631733417511,-0.0016772589879110456,-0.013852698728442192,0.019468417391180992,-0.017904143780469894,-0.0474177822470665,0.012228554114699364,-0.049882590770721436,0.04951764643192291,0.30000001192092896,0.30000001192092896,0.30000001192092896,0.30000001192092896,0.0,0.0,1.0,0.0,-0.0,1.0,-0.0,-0.9999998807907104,0.30000001192092896,0.30000001192092896,0.30000001192092896,0.30000001192092896
4.916666666666667,0,0.0805966854095459,-0.022279294207692146,0.005699687171727419,0.28048473596572876,1.0,0.07749129831790924,0.0012604598887264729,0.005725035443902016,1,1,1,1,8.252531051635742,6.24888801574707,6.988275051116943,7.6264495849609375,8.252531051635742,6.24888801574707,6.988275051116943,7.6264495849609375,0,0,0,0,0,0.9999985098838806,0.07971171289682388,-0.3186202645301819,0.07865245640277863,-0.3176587224006653,0.33328160643577576,0.04875967651605606,0.33510270714759827,0.049477770924568176,-0.22672909498214722,0.049894362688064575,-0.22613397240638733,0.04848463460803032,0.0,0.0,0.0,0.0,0.0,0.0,0.01752295158803463,-0.04254387319087982,0.027997484430670738,-0.00130220758728683,-0.0191847775131464,-0.02635532058775425,-0.015973243862390518,0.03653096407651901,0.004397906828671694,-0.007496898528188467,-0.00932165514677763,-0.016957564279437065,0.0,-0.0,0.0,-0.0,0.0,0.0,0.0,0.0,0.0,0.0,0.0,0.0,0.0,-0.0,0.0,-0.0,0.0,0.0,0.0,0.0,0.0,0.0,0.0,0.0,0.134965717792511,-0.15710830688476562,0.13928383588790894,-0.15407103300094604,0.13638877868652344,0.1497691422700882,0.13452383875846863,0.1492631733417511,0.134965717792511,-0.15710830688476562,0.13928383588790894,-0.15407103300094604,0.13638877868652344,0.1497691422700882,0.13452383875846863,0.1492631733417511,-0.0016772589879110456,-0.013852698728442192,0.019468417391180992,-0.017904143780469894,-0.0474177822470665,0.012228554114699364,-0.049882590770721436,0.04951764643192291,0.30000001192092896,0.30000001192092896,0.30000001192092896,0.30000001192092896,0.0,0.0,1.0,0.0,-0.0,1.0,-0.0,-0.9999998807907104,0.30000001192092896,0.30000001192092896,0.30000001192092896,0.30000001192092896
4.933333333333334,0,0.08083415031433105,-0.02218041568994522,0.003683255985379219,0.28050073981285095,1.0,0.0730542242527008,0.0014371625147759914,0.005740499123930931,1,1,1,1,8.164261817932129,6.313106536865234,6.807018280029297,7.437332630157471,8.164261817932129,6.313106536865234,6.807018280029297,7.437332630157471,0,0,0,0,0,0.9999985098838806,0.07970935106277466,-0.3186226487159729,0.07865047454833984,-0.3176608681678772,0.33353328704833984,0.04873399809002876,0.33536583185195923,0.04943482577800751,-0.2264956831932068,0.049910418689250946,-0.22588905692100525,0.048502109944820404,0.0,0.0,0.0,0.0,0.0,0.0,0.015157697722315788,-0.041734479367733,0.028129303827881813,-0.0010938751511275768,-0.017370935529470444,-0.027558011934161186,-0.013908006250858307,0.03189743310213089,0.0038478781934827566,-0.005277150310575962,-0.009934024885296822,-0.01263056043535471,0.0,-0.0,0.0,-0.0,0.0,0.0,0.0,0.0,0.0,0.0,0.0,0.0,0.0,-0.0,0.0,-0.0,0.0,0.0,0.0,0.0,0.0,0.0,0.0,0.0,0.134965717792511,-0.15710830688476562,0.13928383588790894,-0.15407103300094604,0.13638877868652344,0.1497691422700882,0.13452383875846863,0.1492631733417511,0.134965717792511,-0.15710830688476562,0.13928383588790894,-0.15407103300094604,0.13638877868652344,0.1497691422700882,0.13452383875846863,0.1492631733417511,-0.0016772589879110456,-0.013852698728442192,0.019468417391180992,-0.017904143780469894,-0.0474177822470665,0.012228554114699364,-0.049882590770721436,0.04951764643192291,0.30000001192092896,0.30000001192092896,0.30000001192092896,0.30000001192092896,0.0,0.0,1.0,0.0,-0.0,1.0,-0.0,-0.9999998807907104,0.30000001192092896,0.30000001192092896,0.30000001192092896,0.30000001192092896
4.95,0,0.0810764878988266,-0.022089576348662376,0.0033299883361905813,0.2805139422416687,1.0,0.073988176882267,0.001193392090499401,0.005750812124460936,1,1,1,1,8.24841594696045,6.244470119476318,6.727579593658447,7.507829666137695,8.24841594696045,6.244470119476318,6.727579593658447,7.507829666137695,0,0,0,0,0,0.9999985098838806,0.0797073096036911,-0.31862473487854004,0.07864849269390106,-0.31766289472579956,0.3337867856025696,0.04870675876736641,0.3356296420097351,0.0493902787566185,-0.2262592315673828,0.0499236136674881,-0.22564293444156647,0.04851807281374931,0.0,0.0,0.0,0.0,0.0,0.0,0.015425614081323147,-0.04205723851919174,0.027907252311706543,-0.0005652754916809499,-0.017478246241807938,-0.02777569554746151,-0.014408143237233162,0.03266149014234543,0.003997050225734711,-0.005273185670375824,-0.010902179405093193,-0.013204890303313732,0.0,-0.0,0.0,-0.0,0.0,0.0,0.0,0.0,0.0,0.0,0.0,0.0,0.0,-0.0,0.0,-0.0,0.0,0.0,0.0,0.0,0.0,0.0,0.0,0.0,0.134965717792511,-0.15710830688476562,0.13928383588790894,-0.15407103300094604,0.13638877868652344,0.1497691422700882,0.13452383875846863,0.1492631733417511,0.134965717792511,-0.15710830688476562,0.13928383588790894,-0.15407103300094604,0.13638877868652344,0.1497691422700882,0.13452383875846863,0.1492631733417511,-0.0016772589879110456,-0.013852698728442192,0.019468417391180992,-0.017904143780469894,-0.0474177822470665,0.012228554114699364,-0.049882590770721436,0.04951764643192291,0.30000001192092896,0.30000001192092896,0.30000001192092896,0.30000001192092896,0.0,0.0,1.0,0.0,-0.0,1.0,-0.0,-0.9999998807907104,0.30000001192092896,0.30000001192092896,0.30000001192092896,0.30000001192092896
4.966666666666667,0,0.08132214844226837,-0.02200004644691944,0.002997402800247073,0.28052493929862976,1.0,0.07414481043815613,0.0015868684276938438,0.005761151202023029,1,1,1,1,8.323659896850586,6.183568477630615,6.653487205505371,7.569081783294678,8.323659896850586,6.183568477630615,6.653487205505371,7.569081783294678,0,0,0,0,0,0.9999985098838806,0.07970507442951202,-0.31862688064575195,0.07864635437726974,-0.31766507029533386,0.33404138684272766,0.048677895218133926,0.33589398860931396,0.04934405907988548,-0.22602051496505737,0.049935806542634964,-0.22539590299129486,0.04853293299674988,0.0,0.0,0.0,0.0,0.0,0.0,0.01592065952718258,-0.04208042845129967,0.028204962611198425,-0.0008007924188859761,-0.0175156407058239,-0.027843382209539413,-0.01451558992266655,0.03239079937338829,0.0038771803956478834,-0.005191154312342405,-0.010632933117449284,-0.013420299626886845,0.0,-0.0,0.0,-0.0,0.0,0.0,0.0,0.0,0.0,0.0,0.0,0.0,0.0,-0.0,0.0,-0.0,0.0,0.0,0.0,0.0,0.0,0.0,0.0,0.0,0.134965717792511,-0.15710830688476562,0.13928383588790894,-0.15407103300094604,0.13638877868652344,0.1497691422700882,0.13452383875846863,0.1492631733417511,0.134965717792511,-0.15710830688476562,0.13928383588790894,-0.15407103300094604,0.13638877868652344,0.1497691422700882,0.13452383875846863,0.1492631733417511,-0.0016772589879110456,-0.013852698728442192,0.019468417391180992,-0.017904143780469894,-0.0474177822470665,0.012228554114699364,-0.049882590770721436,0.04951764643192291,0.30000001192092896,0.30000001192092896,0.30000001192092896,0.30000001192092896,0.0,0.0,1.0,0.0,-0.0,1.0,-0.0,-0.9999998807907104,0.30000001192092896,0.30000001192092896,0.30000001192092896,0.30000001192092896
